{
"type": "FeatureCollection",
"name": "qc_flood_indicators_2026_by_district",
"crs": { "type": "name", "properties": { "name": "urn:ogc:def:crs:EPSG::3123" } },
"features": [
{ "type": "Feature", "properties": { "district": "DISTRICT 1", "pct_total_population": 32.78, "pct_female_population": 32.78, "pct_male_population": 32.78, "pct_children_0_4": 32.78, "pct_female_children_0_4": 32.78, "pct_male_children_0_4": 32.78, "pct_elderly_60plus": 32.79, "pct_female_elderly_60plus": 32.79, "pct_male_elderly_60plus": 32.79, "pct_childcare_facilities": 30.4, "pct_eldercare_facilities": 33.33, "pct_pwd_facilities": 35.71 }, "geometry": { "type": "Polygon", "coordinates": [ [ [ 498739.802817573887296, 1617586.71502629108727 ], [ 498739.929069467470981, 1617587.187650085194036 ], [ 498766.923070122371428, 1617670.993255001027137 ], [ 498905.135414506541565, 1618099.887868850957602 ], [ 499097.744614663883112, 1618698.04376696003601 ], [ 499098.258629641670268, 1618699.961736368248239 ], [ 499098.579882069549058, 1618701.921229910803959 ], [ 499098.705203977646306, 1618703.902924262685701 ], [ 499098.633359497063793, 1618705.887277169385925 ], [ 499098.365057117363904, 1618707.854720156639814 ], [ 499097.90294268517755, 1618709.78585150744766 ], [ 499097.251573273271788, 1618711.661627585999668 ], [ 499096.41737230704166, 1618713.463550638640299 ], [ 499095.408566155820154, 1618715.173851207364351 ], [ 499094.235103053157218, 1618716.775663352105767 ], [ 499092.908554981520865, 1618718.253190992632881 ], [ 499091.44200353656197, 1618719.591863657115027 ], [ 499089.849910966819152, 1618720.7784801768139 ], [ 499088.147977503889706, 1618721.801338874036446 ], [ 499086.352986574056558, 1618722.650352949742228 ], [ 499084.482639283931348, 1618723.317149951821193 ], [ 499012.385027398995589, 1618745.051214273786172 ], [ 499011.941992243053392, 1618745.208977775881067 ], [ 499012.058569633692969, 1618745.664586381055415 ], [ 499041.369686741090845, 1618840.48538319231011 ], [ 499041.865444219612982, 1618842.430204610107467 ], [ 499042.163743155833799, 1618844.414927159668878 ], [ 499042.261578262317926, 1618846.419555342989042 ], [ 499042.157963888894301, 1618848.423893121769652 ], [ 499041.85394391824957, 1618850.407747376710176 ], [ 499041.352581259096041, 1618852.351131359115243 ], [ 499040.658926999545656, 1618854.234466045862064 ], [ 499039.779969503637403, 1618856.038777392590418 ], [ 499003.023104930703994, 1618922.762959384359419 ], [ 498885.650423836254049, 1619135.826504101743922 ], [ 498885.437032775662374, 1619136.264080908615142 ], [ 498885.60071103379596, 1619136.722576966043562 ], [ 499043.157568243390415, 1619517.123782021692023 ], [ 499043.261506687907968, 1619517.37971529411152 ], [ 499059.966046277608257, 1619559.341326122172177 ], [ 499060.153853736934252, 1619559.782057816628367 ], [ 499073.880023377656471, 1619589.966667815111578 ], [ 499074.102107616548892, 1619590.473542775958776 ], [ 499216.948639400361571, 1619929.175907549215481 ], [ 499217.070154438843019, 1619929.4705688462127 ], [ 499282.410325088363606, 1620091.567545299651101 ], [ 499371.622964750858955, 1620312.03280397108756 ], [ 499371.769884833833203, 1620312.406633246224374 ], [ 499378.911254398641177, 1620331.127603346016258 ], [ 499379.112489201594144, 1620331.615980312926695 ], [ 499384.165539759385865, 1620343.014538993593305 ], [ 499384.416493233758956, 1620343.606112876208499 ], [ 499451.622581704170443, 1620509.392145533580333 ], [ 499451.838031048770063, 1620509.885089718271047 ], [ 499564.318025006272364, 1620749.454695701831952 ], [ 499564.5039463264402, 1620749.812366546597332 ], [ 499564.718138309079222, 1620750.153858812525868 ], [ 499733.675768671208061, 1620996.796097256941721 ], [ 499734.627791760198306, 1620998.3300666869618 ], [ 499735.437575416697655, 1620999.943652963498607 ], [ 499736.098518232814968, 1621001.623702028067783 ], [ 499755.251175736135338, 1621057.603738623671234 ], [ 499755.43392513616709, 1621058.060566901927814 ], [ 499755.924723214760888, 1621058.095303724054247 ], [ 500263.903437544882763, 1621068.138126997742802 ], [ 500264.039989000593778, 1621068.141293243039399 ], [ 500267.943943342543207, 1621068.245157021097839 ], [ 500268.414176447782665, 1621068.234340778319165 ], [ 500268.395704049617052, 1621067.764346142532304 ], [ 500265.939480003667995, 1621040.201740517280996 ], [ 500265.850199783628341, 1621039.607985592680052 ], [ 500265.690056339197326, 1621039.029306108597666 ], [ 500261.279998915561009, 1621026.168859657598659 ], [ 500261.10186228970997, 1621025.72144965454936 ], [ 500260.802710762305651, 1621025.344068251084536 ], [ 500255.836693778634071, 1621019.668697682907805 ], [ 500255.555028287926689, 1621019.372290572850034 ], [ 500255.228684350906406, 1621019.125932581722736 ], [ 500250.828236777102575, 1621016.079329990549013 ], [ 500250.395675251085777, 1621015.811525713652372 ], [ 500249.870163812767714, 1621015.6199918508064 ], [ 500248.026842602703255, 1621014.841597087215632 ], [ 500246.270545421575662, 1621013.88287310814485 ], [ 500244.618859150912613, 1621012.753420205786824 ], [ 500243.088323117757682, 1621011.46454828674905 ], [ 500241.694263513898477, 1621010.029163612285629 ], [ 500241.074927076289896, 1621009.324071060866117 ], [ 500240.599369154602755, 1621009.107845744350925 ], [ 500240.134196884988341, 1621008.925374414073303 ], [ 500235.068136111542117, 1621006.940154441166669 ], [ 500233.379470493935514, 1621006.186587484786287 ], [ 500231.767640153469983, 1621005.280244464986026 ], [ 500227.415133763628546, 1621002.560538656776771 ], [ 500226.974001395108644, 1621002.304301720578223 ], [ 500226.622183978150133, 1621002.136520757339895 ], [ 500219.034713252040092, 1620998.884748416952789 ], [ 500218.285581183969043, 1620998.545289588393643 ], [ 500215.785527977568563, 1620997.3498560115695 ], [ 500214.025100429833401, 1620996.397022561635822 ], [ 500212.368761685560457, 1620995.27295020618476 ], [ 500210.833111200830899, 1620993.988904156722128 ], [ 500209.433538931829389, 1620992.557752842083573 ], [ 500208.184071067429613, 1620990.993838946567848 ], [ 500207.097229503386188, 1620989.312835674732924 ], [ 500206.183906319027301, 1620987.531589665915817 ], [ 500205.453254632710014, 1620985.667952180607244 ], [ 500204.912596876500174, 1620983.740600174525753 ], [ 500204.567351393285207, 1620981.76884914864786 ], [ 500204.420978163427208, 1620979.772459550527856 ], [ 500204.474944103742018, 1620977.771438754396513 ], [ 500204.728708373208065, 1620975.78584054694511 ], [ 500205.179727812763304, 1620973.835564155364409 ], [ 500205.823482400737703, 1620971.940154811600223 ], [ 500206.653520578984171, 1620970.118607889162377 ], [ 500207.661523888004012, 1620968.389178533572704 ], [ 500208.837390343484003, 1620966.769198701018468 ], [ 500210.169335677637719, 1620965.274903475539759 ], [ 500211.64401143102441, 1620963.921268349746242 ], [ 500212.323659495799802, 1620963.357407197123393 ], [ 500212.589231747377198, 1620963.094404162140563 ], [ 500217.12566987372702, 1620958.209536109119654 ], [ 500217.441442904761061, 1620957.833603979786858 ], [ 500217.539350841892883, 1620957.352509790100157 ], [ 500220.152987798268441, 1620940.173287396784872 ], [ 500220.206944580888376, 1620939.587473183637485 ], [ 500220.191401472315192, 1620938.999384721973911 ], [ 500219.09433423995506, 1620926.20831990824081 ], [ 500219.024888108891901, 1620925.703896585153416 ], [ 500218.854201865731739, 1620925.224175984505564 ], [ 500212.484341846895404, 1620909.863000627839938 ], [ 500212.284164189419243, 1620909.438260032562539 ], [ 500211.973002546699718, 1620909.086615181993693 ], [ 500198.331056293507572, 1620895.066408477723598 ], [ 500197.67217102315044, 1620894.447854662779719 ], [ 500180.523890464392025, 1620879.75006681215018 ], [ 500179.184981214406434, 1620878.491263637552038 ], [ 500177.967296480375808, 1620877.114852625643834 ], [ 500176.881121762038674, 1620875.632460014428943 ], [ 500175.935631733795162, 1620874.056607241509482 ], [ 500175.138812730612699, 1620872.400605178438127 ], [ 500174.49739530851366, 1620870.67844170331955 ], [ 500174.016797368065454, 1620868.904663545079529 ], [ 500173.633790841326118, 1620867.180767560610548 ], [ 500173.289764830027707, 1620865.137191917048767 ], [ 500172.519649399735499, 1620858.466499701375142 ], [ 500172.395324517041445, 1620856.72491269512102 ], [ 500172.423403344699182, 1620854.979119591647759 ], [ 500172.603671785909683, 1620853.242431575199589 ], [ 500173.366413588461, 1620848.094814094947651 ], [ 500173.753244003746659, 1620846.152974439552054 ], [ 500174.330224913428538, 1620844.258912129094824 ], [ 500175.091698939853813, 1620842.431198712438345 ], [ 500177.58387742767809, 1620837.195850072195753 ], [ 500177.754769199993461, 1620836.791997090447694 ], [ 500177.889521408593282, 1620836.374692558543757 ], [ 500180.092154959973413, 1620828.364894218975678 ], [ 500180.661378931079526, 1620826.614449038170278 ], [ 500181.389154673554003, 1620824.923763749422505 ], [ 500182.269315143174026, 1620823.307164905592799 ], [ 500183.294402036932297, 1620821.778351265704259 ], [ 500184.455728959466796, 1620820.350277711870149 ], [ 500185.743455040501431, 1620819.035045473370701 ], [ 500187.146668342815246, 1620817.843799584312364 ], [ 500188.653478292922955, 1620816.786634443560615 ], [ 500194.663276818930171, 1620812.970476659946144 ], [ 500197.118125930719543, 1620811.412471739808097 ], [ 500206.760157349635847, 1620805.289711610181257 ], [ 500207.1255189741496, 1620805.033873979467899 ], [ 500207.342768485308625, 1620804.644329220755026 ], [ 500216.369109115214087, 1620786.590336451306939 ], [ 500216.880909069848713, 1620785.370836103800684 ], [ 500220.488070278370287, 1620774.877185645746067 ], [ 500221.09486682334682, 1620773.325477378210053 ], [ 500221.828739919059444, 1620771.829672957072034 ], [ 500237.280013414740097, 1620743.397175738587976 ], [ 500238.353169373585843, 1620741.643739980645478 ], [ 500239.6006871421705, 1620740.009757089661434 ], [ 500241.009380439645611, 1620738.512498297728598 ], [ 500242.564359351759776, 1620737.167789661791176 ], [ 500244.249187724490184, 1620735.989844790892676 ], [ 500246.046056883002166, 1620734.991114585660398 ], [ 500247.935973895422649, 1620734.182155651738867 ], [ 500263.134322792466264, 1620728.582351825432852 ], [ 500263.489653836528305, 1620728.43564868834801 ], [ 500263.832636047678534, 1620728.262025015195832 ], [ 500288.083307201392017, 1620714.788076616590843 ], [ 500288.483843254100066, 1620714.539943562354892 ], [ 500288.798468333028723, 1620714.189215450780466 ], [ 500296.937537743535358, 1620704.200061395997182 ], [ 500297.20906167809153, 1620703.8334856685251 ], [ 500297.288857347739395, 1620703.384335732320324 ], [ 500299.525790630548727, 1620686.228120506508276 ], [ 500299.609618461749051, 1620684.936549294739962 ], [ 500299.608854115998838, 1620658.635486212559044 ], [ 500299.590024520701263, 1620658.202668771380559 ], [ 500299.533703029737808, 1620657.773118567653 ], [ 500296.579481687862426, 1620640.948948665056378 ], [ 500296.423246638907585, 1620639.895091321319342 ], [ 500294.089377290511038, 1620620.626447150949389 ], [ 500294.020903029188048, 1620619.97072861646302 ], [ 500290.528068148472812, 1620580.183298684889451 ], [ 500290.447096807998605, 1620579.625617281766608 ], [ 500290.303624653141014, 1620579.080657972022891 ], [ 500274.323110974859446, 1620529.879765331279486 ], [ 500274.27173444366781, 1620529.719288828317076 ], [ 500265.627033799246419, 1620502.32023404026404 ], [ 500265.450690551078878, 1620501.847051619319245 ], [ 500265.100769303331617, 1620501.482972437515855 ], [ 500254.341951474722009, 1620491.376991775119677 ], [ 500253.095506989164278, 1620490.096641894662753 ], [ 500251.968340779771097, 1620488.710129723651335 ], [ 500250.969454065547325, 1620487.228527553146705 ], [ 500250.306894730252679, 1620486.144217185676098 ], [ 500249.279170821595471, 1620484.237244661198929 ], [ 500248.463770541886333, 1620482.230286014964804 ], [ 500247.87026416574372, 1620480.14689675741829 ], [ 500247.505617625254672, 1620478.011529458221048 ], [ 500247.14911829167977, 1620474.923554574372247 ], [ 500247.021075390570331, 1620473.024867836618796 ], [ 500247.07410625112243, 1620471.122607592027634 ], [ 500247.307730552391149, 1620469.23400334850885 ], [ 500248.168921412201598, 1620464.237447793362662 ], [ 500248.601107615744695, 1620462.30640405532904 ], [ 500249.222043336660136, 1620460.427533739479259 ], [ 500250.025647460948676, 1620458.619237509556115 ], [ 500251.004049909126479, 1620456.899224863620475 ], [ 500252.147668729827274, 1620455.284340703161433 ], [ 500253.445303924265318, 1620453.790400350466371 ], [ 500254.88424714829307, 1620452.432034674333408 ], [ 500256.450406138552353, 1620451.22254679678008 ], [ 500258.128442782675847, 1620450.173781803809106 ], [ 500259.901923252444249, 1620449.296010753372684 ], [ 500261.670925096201245, 1620448.526953201973811 ], [ 500262.879658692516387, 1620447.900258276145905 ], [ 500269.100159534777049, 1620444.115989642450586 ], [ 500270.585796233033761, 1620443.296454419847578 ], [ 500277.758678306243382, 1620439.727801575791091 ], [ 500278.155860378581565, 1620439.506796411471441 ], [ 500278.377649770292919, 1620439.110051710624248 ], [ 500288.612909625808243, 1620418.638999971328303 ], [ 500288.851450453395955, 1620418.078530539060012 ], [ 500289.019716852926649, 1620417.49311262788251 ], [ 500292.026497626153287, 1620403.960359256481752 ], [ 500292.522097898472566, 1620402.140093713765964 ], [ 500293.187036965275183, 1620400.374635608168319 ], [ 500294.015396028757095, 1620398.679699753876776 ], [ 500294.999801645346452, 1620397.07037322409451 ], [ 500315.277957084530499, 1620367.184255996486172 ], [ 500315.65188904554816, 1620366.58913787943311 ], [ 500340.971777205879334, 1620322.958313818089664 ], [ 500341.23841990501387, 1620322.428399259690195 ], [ 500341.440115025499836, 1620321.870522167999297 ], [ 500345.645589912543073, 1620307.636711970670149 ], [ 500345.875916981836781, 1620306.857037487439811 ], [ 500346.519259385124315, 1620305.015214657178149 ], [ 500347.339029054099228, 1620303.244853540323675 ], [ 500355.539127491647378, 1620287.588030900107697 ], [ 500359.257919718511403, 1620280.48759260494262 ], [ 500359.494734724226873, 1620279.963924994925037 ], [ 500359.669614027894568, 1620279.416452307719737 ], [ 500370.409774910542183, 1620237.603741798549891 ], [ 500370.945714143104851, 1620235.853891469771042 ], [ 500376.419986422755755, 1620220.523970769718289 ], [ 500376.56415535666747, 1620220.045003857463598 ], [ 500376.50800037116278, 1620219.547972063301131 ], [ 500371.496979818097316, 1620189.099816759349778 ], [ 500371.413888611947186, 1620188.698570111999288 ], [ 500371.298146015615202, 1620188.305496747139841 ], [ 500366.272258035663981, 1620173.509241767693311 ], [ 500365.725396000780165, 1620171.589494588552043 ], [ 500365.372662893147208, 1620169.624789349501953 ], [ 500365.217573861882556, 1620167.634705253178254 ], [ 500365.261674446577672, 1620165.639074413338676 ], [ 500365.50452515471261, 1620163.657784217270091 ], [ 500365.943705877871253, 1620161.710579140810296 ], [ 500377.471810306014959, 1620120.340929724974558 ], [ 500378.207877276930958, 1620118.183525044238195 ], [ 500380.142004600726068, 1620113.421853616833687 ], [ 500380.974631197343115, 1620111.631127826170996 ], [ 500381.979838183848187, 1620109.931267588865012 ], [ 500383.147820712125394, 1620108.338853467255831 ], [ 500384.467186196823604, 1620106.869417975656688 ], [ 500385.925065461779013, 1620105.537294098641723 ], [ 500387.507238245743793, 1620104.355475467629731 ], [ 500389.198271935863886, 1620103.335489629767835 ], [ 500390.981672062596772, 1620102.487285603769124 ], [ 500392.840043217991479, 1620101.819136836566031 ], [ 500394.755258720484562, 1620101.337560504907742 ], [ 500396.708637430507224, 1620101.047253944911063 ], [ 500398.681125935167074, 1620100.951048835646361 ], [ 500400.653484452806879, 1620101.049883570289239 ], [ 500402.606474449799862, 1620101.342794116120785 ], [ 500404.521046317415312, 1620101.826923408778384 ], [ 500406.378525182080921, 1620102.497549220919609 ], [ 500408.160793047689367, 1620103.348130223574117 ], [ 500421.006591082026716, 1620110.277360929176211 ], [ 500421.437840903934557, 1620110.483614441705868 ], [ 500421.911414941598196, 1620110.418464248068631 ], [ 500427.279472676396836, 1620109.412320316303521 ], [ 500427.77652973117074, 1620109.292464047670364 ], [ 500428.258685974869877, 1620109.122297670459375 ], [ 500434.108406801999081, 1620106.713543267687783 ], [ 500435.282152635336388, 1620106.166246448643506 ], [ 500437.159859857871197, 1620105.404011399718001 ], [ 500439.105075271916576, 1620104.835747604491189 ], [ 500441.09781890490558, 1620104.467291891342029 ], [ 500443.117622622114141, 1620104.302428803173825 ], [ 500445.143740331986919, 1620104.342851706780493 ], [ 500447.155361085082404, 1620104.588145417859778 ], [ 500449.13182284735376, 1620105.035790444584563 ], [ 500451.052824707585387, 1620105.681188879767433 ], [ 500461.838471913593821, 1620109.924426179146394 ], [ 500462.775590861565433, 1620110.320925165899098 ], [ 500495.939676431007683, 1620125.358838520944118 ], [ 500496.454087501158938, 1620125.558523394865915 ], [ 500496.987433663394768, 1620125.700067272642627 ], [ 500507.459667486778926, 1620127.866262146737427 ], [ 500508.455396170611493, 1620128.020350330276415 ], [ 500519.082026430696715, 1620129.119726878590882 ], [ 500519.46307727281237, 1620129.144459448754787 ], [ 500519.844903642311692, 1620129.139980290317908 ], [ 500534.851229765161406, 1620128.388990508858114 ], [ 500535.322845969058108, 1620128.342285525752231 ], [ 500535.549204437993467, 1620127.925914234714583 ], [ 500556.466085797466803, 1620084.541048459708691 ], [ 500557.113613860390615, 1620083.309452275047079 ], [ 500557.689948497747537, 1620082.30016297637485 ], [ 500559.170435735431965, 1620080.069045584183186 ], [ 500568.036332906049211, 1620068.475407221820205 ], [ 500569.39535984682152, 1620066.879165633581579 ], [ 500586.880835533083882, 1620048.398939155507833 ], [ 500587.197019969171379, 1620048.029843534575775 ], [ 500587.253008911036886, 1620047.547070896020159 ], [ 500588.325181081425399, 1620031.338209109380841 ], [ 500588.346780725114513, 1620030.741160919656977 ], [ 500588.497134097968228, 1620006.769901551539078 ], [ 500588.609819487552159, 1620004.7717805292923 ], [ 500588.921673867036588, 1620002.794931404758245 ], [ 500589.429573328758124, 1620000.859156687976792 ], [ 500595.865508101414889, 1619980.533683343790472 ], [ 500596.28507168055512, 1619979.341052079573274 ], [ 500599.653562906314619, 1619970.653562914812937 ], [ 500600.058103241957724, 1619969.686271861428395 ], [ 500604.788663696439471, 1619959.15930124768056 ], [ 500605.65796976024285, 1619957.4493079171516 ], [ 500606.687133172643371, 1619955.830483375815675 ], [ 500607.866682212566957, 1619954.317726189736277 ], [ 500620.873084648395889, 1619939.193255272461101 ], [ 500622.394630810595118, 1619937.608971229987219 ], [ 500624.080772332788911, 1619936.201141179073602 ], [ 500625.911161274358165, 1619934.986754475394264 ], [ 500640.873684151796624, 1619926.20339177781716 ], [ 500641.280616256874055, 1619925.936773570021614 ], [ 500641.554206010885537, 1619925.534495476866141 ], [ 500648.75460671534529, 1619913.738888571970165 ], [ 500649.784722333715763, 1619912.213902409654111 ], [ 500650.950678190216422, 1619910.790080812526867 ], [ 500661.614712808572222, 1619898.926205201307312 ], [ 500661.915233040461317, 1619898.55779659957625 ], [ 500662.098914129019249, 1619898.119277992518619 ], [ 500668.124184474290814, 1619881.547810438787565 ], [ 500668.261002855724655, 1619881.108282528351992 ], [ 500668.060979525733273, 1619880.693680649623275 ], [ 500658.703776923415717, 1619863.420461968518794 ], [ 500658.019922556472011, 1619862.032379280077294 ], [ 500657.445453729073051, 1619860.595571741461754 ], [ 500651.725119460781571, 1619844.508950694231316 ], [ 500651.483687284518965, 1619843.894984431331977 ], [ 500644.290451736247633, 1619827.238646605983377 ], [ 500644.04760127782356, 1619826.751557314069942 ], [ 500643.704579661774915, 1619826.32898366288282 ], [ 500628.789223646221217, 1619809.885277264751494 ], [ 500628.387693487980869, 1619809.467595792375505 ], [ 500602.76444737566635, 1619784.31517364573665 ], [ 500601.978541276941542, 1619783.620831664185971 ], [ 500589.34028726501856, 1619773.585197509266436 ], [ 500588.879393872921355, 1619773.260016821790487 ], [ 500588.384677166235633, 1619772.989054505713284 ], [ 500575.335093757428695, 1619766.775134065654129 ], [ 500573.34313120652223, 1619765.683722248999402 ], [ 500571.487795884080697, 1619764.373445441946387 ], [ 500569.793027548526879, 1619762.861210430972278 ], [ 500561.164918349997606, 1619754.233602514490485 ], [ 500559.827538940182421, 1619752.755829742643982 ], [ 500558.643917796842288, 1619751.152259653666988 ], [ 500557.625814435305074, 1619749.438824052456766 ], [ 500556.783343913208228, 1619747.63254627189599 ], [ 500556.124876351619605, 1619745.751372045138851 ], [ 500555.656953745870851, 1619743.813991229515523 ], [ 500555.384225014247932, 1619741.839652094990015 ], [ 500555.309399766498245, 1619739.847970101516694 ], [ 500555.433221404149663, 1619737.858733017928898 ], [ 500555.754459738673177, 1619735.891704316483811 ], [ 500556.269923195766751, 1619733.966426828410476 ], [ 500556.974490546563175, 1619732.102028579916805 ], [ 500557.861161775130313, 1619730.317032746970654 ], [ 500558.921127620502375, 1619728.629173628520221 ], [ 500560.143857112561818, 1619727.055220449808985 ], [ 500561.517202181275934, 1619725.610810759011656 ], [ 500563.027518371876795, 1619724.310295067261904 ], [ 500564.659800385241397, 1619723.166594267589971 ], [ 500566.397831172856968, 1619722.191071264212951 ], [ 500568.224343031120952, 1619721.393418080173433 ], [ 500570.121189201832749, 1619720.781559573253617 ], [ 500572.069524136313703, 1619720.361574688460678 ], [ 500574.049990716390312, 1619720.137636066647246 ], [ 500576.042912600038107, 1619720.111968592740595 ], [ 500578.028489697433542, 1619720.28482728288509 ], [ 500736.910435249214061, 1619742.139758454635739 ], [ 500737.336001544783358, 1619742.179738349979743 ], [ 500737.75767217844259, 1619742.109745879191905 ], [ 500745.29516287142178, 1619740.52275594137609 ], [ 500747.264291695260908, 1619740.209749847184867 ], [ 500749.254803355550393, 1619740.094404585892335 ], [ 500751.246906600019429, 1619740.177867025369778 ], [ 500753.220794326043688, 1619740.459307321812958 ], [ 500755.156840557407122, 1619740.935927172657102 ], [ 500757.035795567848254, 1619741.602987645659596 ], [ 500758.838977267558221, 1619742.45385629683733 ], [ 500764.011666914855596, 1619745.218022717861459 ], [ 500774.991889007796999, 1619751.087379100266844 ], [ 500775.437981292663608, 1619751.297624094411731 ], [ 500775.898287121148314, 1619751.120650011580437 ], [ 500991.835236061946489, 1619655.331975213252008 ], [ 501021.29463685763767, 1619642.26329465280287 ], [ 501023.194439146260265, 1619641.533800108591095 ], [ 501025.158549620595295, 1619641.001182853709906 ], [ 501027.166624272766057, 1619640.670959677081555 ], [ 501029.197863731707912, 1619640.546550992643461 ], [ 501044.787879614450503, 1619640.386553635122254 ], [ 501046.752586311253253, 1619640.463063742732629 ], [ 501048.700280608667526, 1619640.732160760322586 ], [ 501050.612130500085186, 1619641.191242832923308 ], [ 501052.46965056512272, 1619641.835871157702059 ], [ 501054.254880671331193, 1619642.659812916535884 ], [ 501055.95055966777727, 1619643.655101523501799 ], [ 501067.340379969973583, 1619651.116668925853446 ], [ 501069.002887425711378, 1619652.332612050697207 ], [ 501070.531489657354541, 1619653.713127919007093 ], [ 501071.909967319050338, 1619655.24356847256422 ], [ 501073.123693969391752, 1619656.907694868044928 ], [ 501099.335190739831887, 1619697.035185291431844 ], [ 501099.661706912098452, 1619697.50510340067558 ], [ 501120.755501208885107, 1619726.081384042976424 ], [ 501120.855087539704982, 1619726.21749370242469 ], [ 501145.198174434364773, 1619759.784559556748718 ], [ 501146.282990813720971, 1619761.44847767916508 ], [ 501147.197370952926576, 1619763.211815177928656 ], [ 501191.186414327006787, 1619859.460528161609545 ], [ 501191.968382296559867, 1619861.445222907001153 ], [ 501192.534471426915843, 1619863.501926654484123 ], [ 501192.878239067387767, 1619865.607232103357092 ], [ 501198.214539922657423, 1619914.600380806950852 ], [ 501198.331245203851722, 1619916.950831866590306 ], [ 501197.940088851726614, 1619959.152226225007325 ], [ 501197.843390843307134, 1619960.939695588080212 ], [ 501197.587221359193791, 1619962.711354250321165 ], [ 501197.173633423051797, 1619964.453003530623391 ], [ 501196.605941679794341, 1619966.150685259606689 ], [ 501188.666045721620321, 1619986.775578866712749 ], [ 501187.794422336330172, 1619988.722917345352471 ], [ 501178.891849183535669, 1620006.066832670476288 ], [ 501178.683403840463143, 1620006.529897519154474 ], [ 501178.624911777442321, 1620007.034335029078647 ], [ 501175.084326194424648, 1620062.121544842142612 ], [ 501174.924336002208292, 1620063.668213535565883 ], [ 501168.402352282661013, 1620109.299533163663 ], [ 501168.353390772710554, 1620109.899003999074921 ], [ 501168.377113593334798, 1620110.500002949964255 ], [ 501171.115533247415442, 1620137.813614579150453 ], [ 501171.182419099612162, 1620138.268120808992535 ], [ 501171.331661406264175, 1620138.702604823280126 ], [ 501177.182753094297368, 1620153.478028426645324 ], [ 501177.365755434206221, 1620153.885380972875282 ], [ 501177.708222064364236, 1620154.17198619293049 ], [ 501201.890774368715938, 1620172.618979173712432 ], [ 501202.262743732368108, 1620172.876617353409529 ], [ 501202.714538778294809, 1620172.901514577446505 ], [ 501241.966753431304824, 1620173.261033003451303 ], [ 501244.162859853473492, 1620173.402248534373939 ], [ 501266.622573388216551, 1620176.093784715281799 ], [ 501268.419153366528917, 1620176.392619801685214 ], [ 501270.181090867554303, 1620176.853681983426213 ], [ 501271.893768924928736, 1620177.473146308213472 ], [ 501273.542979218356777, 1620178.245873725740239 ], [ 501275.115039953554515, 1620179.165453723398969 ], [ 501302.77468825574033, 1620197.083808834198862 ], [ 501304.551509593205992, 1620198.378894326277077 ], [ 501306.175398912513629, 1620199.861231706803665 ], [ 501307.626721940003335, 1620201.512898202519864 ], [ 501328.383904900169, 1620227.934031795477495 ], [ 501329.630313008499797, 1620229.711270950036123 ], [ 501330.676724616263527, 1620231.613147663651034 ], [ 501331.510807563667186, 1620233.617247965186834 ], [ 501341.937808691291139, 1620263.086762527469546 ], [ 501342.549984456796665, 1620265.170535611687228 ], [ 501342.932555569510441, 1620267.308410453144461 ], [ 501348.416055790381506, 1620311.759229136863723 ], [ 501348.593412241432816, 1620312.768072998151183 ], [ 501363.546199663251173, 1620378.007892228430137 ], [ 501363.658400067244656, 1620378.529263234464452 ], [ 501375.587998452072497, 1620437.795551375951618 ], [ 501375.626083347538952, 1620437.989718602737412 ], [ 501384.5220928718918, 1620484.562867001397535 ], [ 501384.674594060983509, 1620485.475314895622432 ], [ 501390.397740510874428, 1620525.374356696149334 ], [ 501390.541412159276661, 1620526.154333615209907 ], [ 501402.498592819785699, 1620579.16549620591104 ], [ 501402.595459192118142, 1620579.61942858598195 ], [ 501414.437969590711873, 1620638.453062081709504 ], [ 501414.728736749500968, 1620639.563428700668737 ], [ 501429.644553987658583, 1620685.557688201544806 ], [ 501429.867935811111238, 1620686.125294863479212 ], [ 501430.159095936396625, 1620686.661300966283306 ], [ 501451.269933866860811, 1620720.412479242309928 ], [ 501451.504719778546132, 1620720.755220973631367 ], [ 501451.767212669714354, 1620721.077236185548827 ], [ 501473.565478965232614, 1620745.653283980675042 ], [ 501474.828728042251896, 1620747.231506525538862 ], [ 501475.926171146740671, 1620748.92921184678562 ], [ 501476.846591624198481, 1620750.729048211826012 ], [ 501477.580582141585182, 1620752.612620026338845 ], [ 501478.120640785840806, 1620754.560675870627165 ], [ 501478.461247788916808, 1620756.553305242909119 ], [ 501482.796051850134972, 1620792.892321021994576 ], [ 501482.913885572459549, 1620794.303416692884639 ], [ 501486.040820498485118, 1620859.53839635103941 ], [ 501486.061702493054327, 1620860.209465886699036 ], [ 501486.845048464543652, 1620914.915636520367116 ], [ 501486.879415050207172, 1620915.432151549961418 ], [ 501487.019941271923017, 1620915.930369591573253 ], [ 501509.738854550872929, 1620982.905237215105444 ], [ 501509.889357844134793, 1620983.29447606834583 ], [ 501510.102711321611423, 1620983.653138045920059 ], [ 501522.333981927717105, 1621002.381202834192663 ], [ 501522.589250384422485, 1621002.736912159482017 ], [ 501522.874734428420197, 1621003.068860901519656 ], [ 501545.178246524650604, 1621026.809487914899364 ], [ 501546.43359437311301, 1621028.282515884609893 ], [ 501547.540655927383341, 1621029.870005860459059 ], [ 501548.489060056919698, 1621031.557085994165391 ], [ 501550.885988056194037, 1621036.35012922482565 ], [ 501551.742540286679287, 1621038.321149452356622 ], [ 501552.382612319022883, 1621040.37271235184744 ], [ 501552.798810480220709, 1621042.481119725853205 ], [ 501553.617126317403745, 1621048.240914296125993 ], [ 501553.799198100401554, 1621050.23573204386048 ], [ 501553.780773869366385, 1621052.238756889710203 ], [ 501553.562038507836405, 1621054.229887931607664 ], [ 501553.145187098067254, 1621056.189143620897084 ], [ 501546.238506550900638, 1621082.178850084776059 ], [ 501545.629954340110999, 1621084.08063450967893 ], [ 501544.834761914331466, 1621085.912242748308927 ], [ 501543.860858874977566, 1621087.655410137260333 ], [ 501542.717956919514108, 1621089.292753939051181 ], [ 501477.358047251414973, 1621173.621521450811997 ], [ 501477.053653981420211, 1621174.061264743562788 ], [ 501476.850327968189958, 1621174.55592418089509 ], [ 501446.03611110203201, 1621262.754080023383722 ], [ 501445.893469739181455, 1621263.241461522411555 ], [ 501445.957532135478687, 1621263.74523061234504 ], [ 501466.072819870954845, 1621375.628613077336922 ], [ 501466.358991905290168, 1621377.220559837529436 ], [ 501466.47348104318371, 1621377.712425649864599 ], [ 501466.684930720250122, 1621378.171041793888435 ], [ 501467.292954904201906, 1621379.330882902024314 ], [ 501500.743429093330633, 1621443.173639378277585 ], [ 501501.287178823142312, 1621444.089161238167435 ], [ 501512.690077077655587, 1621461.147200641455129 ], [ 501513.877740410447586, 1621463.171764150960371 ], [ 501525.99977899051737, 1621486.929521693149582 ], [ 501526.797512809047475, 1621488.700566830812022 ], [ 501527.419644887035247, 1621490.540657006436959 ], [ 501527.860304555215407, 1621492.432428471045569 ], [ 501528.115333593566902, 1621494.35802978836 ], [ 501528.182325446570758, 1621496.299290291033685 ], [ 501528.0606479664566, 1621498.237891549477354 ], [ 501527.751449342002161, 1621500.155540226493031 ], [ 501527.257647279126104, 1621502.034140697214752 ], [ 501526.583901477104519, 1621503.855965813854709 ], [ 501525.736569641507231, 1621505.60382417938672 ], [ 501524.723647511331365, 1621507.261222379282117 ], [ 501517.28523970808601, 1621518.20024369074963 ], [ 501507.006927899317816, 1621533.316700571449474 ], [ 501506.691879142192192, 1621533.766630487749353 ], [ 501484.812132119201124, 1621564.117784779984504 ], [ 501484.517757961526513, 1621564.577640207717195 ], [ 501484.388888082292397, 1621565.108220754191279 ], [ 501480.972514498862438, 1621583.559822266222909 ], [ 501480.907562840497121, 1621584.04208257002756 ], [ 501481.032546461385209, 1621584.512372703757137 ], [ 501491.685246429988183, 1621617.887681044638157 ], [ 501491.725413073378149, 1621618.010767502477393 ], [ 501492.481973475485574, 1621620.279255440458655 ], [ 501496.357760760758538, 1621631.900197011418641 ], [ 501496.809739190503024, 1621633.465069860685617 ], [ 501497.1328512513428, 1621635.061537883710116 ], [ 501500.534430318628438, 1621656.280824053101242 ], [ 501500.665866881376132, 1621657.252669137436897 ], [ 501503.951795695465989, 1621687.030431029619649 ], [ 501503.996171396109276, 1621687.376928671495989 ], [ 501508.951541610411368, 1621721.348155313404277 ], [ 501509.044413861411158, 1621721.82176026282832 ], [ 501509.310504721361212, 1621722.224404709646478 ], [ 501524.58392925595399, 1621743.051232513040304 ], [ 501524.912089357210789, 1621743.452810205286369 ], [ 501525.348292066366412, 1621743.73331132507883 ], [ 501539.6672537708655, 1621751.914888152852654 ], [ 501540.437734869716223, 1621752.311837357934564 ], [ 501556.143037285306491, 1621759.559369555674493 ], [ 501557.85992165148491, 1621760.454925189260393 ], [ 501559.482130737625994, 1621761.512351108482108 ], [ 501560.994451213453431, 1621762.721730614546686 ], [ 501568.149029341351707, 1621769.03470430127345 ], [ 501569.525626998161897, 1621770.372222753707319 ], [ 501570.767644687963184, 1621771.835564432665706 ], [ 501571.863638759066816, 1621773.411246467614546 ], [ 501572.803510993311647, 1621775.084750914480537 ], [ 501582.339667261519935, 1621794.154209409374744 ], [ 501583.104099974967539, 1621795.882509841350839 ], [ 501583.701959465164691, 1621797.67525741038844 ], [ 501584.127905554254539, 1621799.516439031809568 ], [ 501584.378133644640911, 1621801.389609009027481 ], [ 501586.172889787587337, 1621822.323217779165134 ], [ 501586.241006407188252, 1621822.821094061248004 ], [ 501586.358920971862972, 1621823.309578266460449 ], [ 501595.469953011313919, 1621854.144666275475174 ], [ 501595.613016065501142, 1621854.56043674540706 ], [ 501595.792146588501055, 1621854.961989206029102 ], [ 501601.999261698976625, 1621867.374535212293267 ], [ 501602.894414672453422, 1621869.450286509934813 ], [ 501603.549558177299332, 1621871.613808952504769 ], [ 501603.956319221644662, 1621873.837451882194728 ], [ 501605.631365829554852, 1621887.236209667287767 ], [ 501605.721760525368154, 1621887.743381031090394 ], [ 501605.963504164072219, 1621888.198303007986397 ], [ 501614.035336620756425, 1621901.650160324992612 ], [ 501614.734190556337126, 1621902.66675308230333 ], [ 501627.01192321931012, 1621918.355025675380602 ], [ 501627.357037753332406, 1621918.750835938379169 ], [ 501627.808667415054515, 1621919.018791998969391 ], [ 501640.780942872341257, 1621925.812701418064535 ], [ 501642.438335460436065, 1621926.784939304227009 ], [ 501643.994756053492893, 1621927.911771904444322 ], [ 501658.456704322306905, 1621939.480641358764842 ], [ 501659.777410405338742, 1621940.635720622027293 ], [ 501660.991776218754239, 1621941.902128291549161 ], [ 501662.090451929892879, 1621943.270113844191656 ], [ 501672.525073063385207, 1621957.498753436142579 ], [ 501673.680201731040142, 1621959.261724045267329 ], [ 501674.643342877563555, 1621961.136489855591208 ], [ 501675.403795453021303, 1621963.102221180684865 ], [ 501675.953110416594427, 1621965.137077662860975 ], [ 501676.285184563312214, 1621967.218450917163864 ], [ 501676.396328370377887, 1621969.323215732350945 ], [ 501676.396543587616179, 1621976.729527012212202 ], [ 501676.280431419203524, 1621978.881862106267363 ], [ 501675.933319124102127, 1621981.009194103768095 ], [ 501675.359240099263843, 1621983.086803691228852 ], [ 501674.564865067659412, 1621985.090549330227077 ], [ 501673.559424567036331, 1621986.997147762216628 ], [ 501668.183654696098529, 1621995.981384564191103 ], [ 501667.116289262194186, 1621997.584566280711442 ], [ 501665.899636318790726, 1621999.077622246695682 ], [ 501664.544983331812546, 1622000.446700669126585 ], [ 501663.064898086769972, 1622001.679099951172248 ], [ 501651.215338076639455, 1622010.615576837910339 ], [ 501650.553122892451938, 1622011.161126127466559 ], [ 501635.51009055605391, 1622024.678816258674487 ], [ 501635.033416929596569, 1622025.154699099482968 ], [ 501634.686420615005773, 1622025.593368783127517 ], [ 501621.822453465429135, 1622043.940029641380534 ], [ 501621.588012951891869, 1622044.307581278495491 ], [ 501621.386568145826459, 1622044.69420325034298 ], [ 501611.664935400593095, 1622065.527028254233301 ], [ 501611.493135093187448, 1622065.943788051605225 ], [ 501611.522457344806753, 1622066.393615000182763 ], [ 501614.299482703558169, 1622091.376380612840876 ], [ 501614.386512702971231, 1622091.900921361986548 ], [ 501614.635206300183199, 1622092.370888066012412 ], [ 501622.68407118122559, 1622105.785399104235694 ], [ 501623.416957405337598, 1622106.84528343193233 ], [ 501624.423264280718286, 1622108.116670551477 ], [ 501633.327339209034108, 1622119.36235708813183 ], [ 501650.077230414783116, 1622140.519314912846312 ], [ 501650.45200466766255, 1622140.94102881825529 ], [ 501650.912237593904138, 1622141.267347682733089 ], [ 501678.596530915529002, 1622158.619564301334321 ], [ 501679.543602349644061, 1622159.143957817461342 ], [ 501703.457586998702027, 1622170.739237534115091 ], [ 501705.546517306996975, 1622171.911562118446454 ], [ 501722.478152961237356, 1622182.796268031001091 ], [ 501723.930093303381, 1622183.823713036021218 ], [ 501725.284985065634828, 1622184.976120242383331 ], [ 501726.532107405539136, 1622186.244371008360758 ], [ 501748.392316910612863, 1622210.54853644175455 ], [ 501749.684628562652506, 1622212.142813628772274 ], [ 501765.879276276566088, 1622234.362240999005735 ], [ 501766.442787665117066, 1622235.066306115360931 ], [ 501785.814177132444456, 1622257.14823946217075 ], [ 501786.175851350708399, 1622257.539016858907416 ], [ 501818.231296151468996, 1622290.374633003026247 ], [ 501818.824532912985887, 1622291.009325358318165 ], [ 501852.139606915472541, 1622328.24193291622214 ], [ 501852.405866432061885, 1622328.528044587234035 ], [ 501856.136861749109812, 1622332.383278746856377 ], [ 501886.316420282761101, 1622363.566042547114193 ], [ 501887.209958468622062, 1622364.489436148200184 ], [ 501888.675074118189514, 1622366.183940336108208 ], [ 501912.257940052542835, 1622396.766479878220707 ], [ 501913.318443108641077, 1622398.281835957197472 ], [ 501914.234391522302758, 1622399.888699158793315 ], [ 501928.267714220040943, 1622427.391132120974362 ], [ 501930.474986766581424, 1622431.717355660628527 ], [ 501933.015809170319699, 1622436.697414900874719 ], [ 501933.253076705383137, 1622437.111557365627959 ], [ 501933.678909894137178, 1622437.327140197856352 ], [ 501951.630244853149634, 1622445.347016528248787 ], [ 501952.154793837340549, 1622445.563715375261381 ], [ 501961.324429946369492, 1622449.050496194278821 ], [ 501979.440816966758575, 1622455.939591462025419 ], [ 501980.720998234406579, 1622456.33043724601157 ], [ 501986.566984403470997, 1622457.694621350849047 ], [ 502003.40552999463398, 1622461.622418647632003 ], [ 502003.881783061427996, 1622461.709251559339464 ], [ 502004.362822898023296, 1622461.654867188073695 ], [ 502036.415981749654748, 1622456.43615158367902 ], [ 502038.017102097801398, 1622456.241374096833169 ], [ 502039.628712131176144, 1622456.176275862148032 ], [ 502065.772069527301937, 1622456.175516185117885 ], [ 502067.398968750087079, 1622456.241762184072286 ], [ 502144.179766261717305, 1622462.50729611213319 ], [ 502144.570971608685795, 1622462.531510358909145 ], [ 502170.847070029296447, 1622463.641357750864699 ], [ 502172.543946474092081, 1622463.785614682361484 ], [ 502174.222394018783234, 1622464.073735566809773 ], [ 502206.769608175498433, 1622471.099402714287862 ], [ 502208.174343568563927, 1622471.456368224462494 ], [ 502225.297288552799728, 1622476.474804400699213 ], [ 502228.608060142898466, 1622477.445010679308325 ], [ 502230.46150445798412, 1622478.088453086325899 ], [ 502232.242970031162258, 1622478.910435131052509 ], [ 502252.884738473803736, 1622489.692960285814479 ], [ 502257.006788627128117, 1622491.846000564750284 ], [ 502257.171005107229576, 1622491.93274759920314 ], [ 502285.406640631204937, 1622507.016297574387863 ], [ 502286.688761730561964, 1622507.763645578175783 ], [ 502313.96336602937663, 1622525.04896941059269 ], [ 502314.527775887574535, 1622525.381259724264964 ], [ 502340.304252940928563, 1622539.440567660145462 ], [ 502342.013530392141547, 1622540.487283789087087 ], [ 502343.609434745565522, 1622541.699856865219772 ], [ 502345.075931652623694, 1622543.066103949211538 ], [ 502346.3982869485626, 1622544.572298107203096 ], [ 502347.563214677444194, 1622546.203306333627552 ], [ 502354.2732313106535, 1622556.670046573737636 ], [ 502355.111272171023302, 1622558.105253624264151 ], [ 502373.919966299843509, 1622593.629310932941735 ], [ 502375.819238897878677, 1622597.216856928542256 ], [ 502376.444945915602148, 1622598.508897330146283 ], [ 502385.595697915006895, 1622619.273384760832414 ], [ 502386.361244820582215, 1622621.302055335836485 ], [ 502386.902630575408693, 1622623.401690514525399 ], [ 502392.628765635716263, 1622651.927052604965866 ], [ 502392.856454141845461, 1622653.311363347340375 ], [ 502394.617681895149872, 1622667.003167425747961 ], [ 502394.744410387123935, 1622667.984442085726187 ], [ 502394.8346615023911, 1622668.480593071551993 ], [ 502395.229982937220484, 1622668.793721093563363 ], [ 502414.995611142367125, 1622682.85684220562689 ], [ 502415.462797592452262, 1622683.1516373003833 ], [ 502415.959761757869273, 1622683.392871495336294 ], [ 502431.624458882492036, 1622689.949736977694556 ], [ 502433.363662225368898, 1622690.778331315610558 ], [ 502453.572131845925469, 1622701.630044387420639 ], [ 502453.951837782806251, 1622701.813664033310488 ], [ 502454.357074629573617, 1622701.930607922608033 ], [ 502468.108629435009789, 1622705.275132162263617 ], [ 502468.629631861753296, 1622705.372562702512369 ], [ 502469.143864437239245, 1622705.244106098311022 ], [ 502483.656363985559437, 1622700.778692718828097 ], [ 502484.54526476043975, 1622700.458447184646502 ], [ 502493.482902929477859, 1622696.752252731937915 ], [ 502495.40556024532998, 1622696.067729337606579 ], [ 502497.387977769831195, 1622695.582750710658729 ], [ 502499.409504332754295, 1622695.302368951961398 ], [ 502501.44908136758022, 1622695.229504855116829 ], [ 502503.485462275042664, 1622695.364917463390157 ], [ 502505.497433730401099, 1622695.707196165341884 ], [ 502507.464036705670878, 1622696.252775396220386 ], [ 502508.615787859249394, 1622696.636590774403885 ], [ 502510.39705970097566, 1622697.32635963591747 ], [ 502512.104387582396157, 1622698.182947103166953 ], [ 502513.722191334294621, 1622699.19853642792441 ], [ 502515.23570776055567, 1622700.363859893521294 ], [ 502518.692423048545606, 1622703.298684899928048 ], [ 502520.261589863221161, 1622704.630557797150686 ], [ 502521.789706494775601, 1622706.072355290409178 ], [ 502523.158111122436821, 1622707.666528852656484 ], [ 502524.351697564765345, 1622709.395479997619987 ], [ 502525.357289517589379, 1622711.240122393006459 ], [ 502526.163785994809587, 1622713.180092562222853 ], [ 502528.473263723659329, 1622719.679289032472298 ], [ 502530.14248020137893, 1622724.373467202531174 ], [ 502531.392961483856197, 1622727.892236290732399 ], [ 502531.907648768101353, 1622729.570681613171473 ], [ 502532.273131963447668, 1622731.287802385864779 ], [ 502532.486593819514383, 1622733.030362508958206 ], [ 502532.546388899791054, 1622734.784929774235934 ], [ 502532.412861226592213, 1622748.345891441917047 ], [ 502532.398319397936575, 1622749.874918531626463 ], [ 502532.417549792386126, 1622750.596897623036057 ], [ 502534.08892087964341, 1622777.189550084993243 ], [ 502534.136055726907216, 1622777.628276611212641 ], [ 502534.221788683265913, 1622778.061118979239836 ], [ 502535.516977407154627, 1622783.358411518624052 ], [ 502536.000143112672959, 1622786.223154275910929 ], [ 502536.939259844541084, 1622796.144169732928276 ], [ 502537.00200670020422, 1622796.589487702585757 ], [ 502537.287305769277737, 1622796.937122134258971 ], [ 502545.269453823915683, 1622805.805871203774586 ], [ 502558.642869251605589, 1622820.664464401546866 ], [ 502580.139610957412515, 1622844.547892680158839 ], [ 502587.339531187026296, 1622852.547051150584593 ], [ 502588.483669126930181, 1622853.939605334540829 ], [ 502589.497772369883023, 1622855.429522596066818 ], [ 502595.435261444130447, 1622865.058942226460204 ], [ 502596.446386033960152, 1622866.910893268184736 ], [ 502597.256733441085089, 1622868.859080310212448 ], [ 502607.019468353246339, 1622896.335989943705499 ], [ 502607.199191857303958, 1622896.773579818662256 ], [ 502607.633403164916672, 1622896.961318906629458 ], [ 502651.058347814774606, 1622913.2958207228221 ], [ 502669.865914367255755, 1622920.371282055508345 ], [ 502670.37976930802688, 1622920.533363551599905 ], [ 502670.916475127625745, 1622920.580946893896908 ], [ 502717.486834858369548, 1622922.171819941606373 ], [ 502719.703885989089031, 1622922.371532986406237 ], [ 502721.885000881913584, 1622922.816436311928555 ], [ 502724.003149035677779, 1622923.501016253139824 ], [ 502744.925692325690761, 1622931.574998844414949 ], [ 502745.460432186897378, 1622931.747377063380554 ], [ 502746.011187836411409, 1622931.858413940528408 ], [ 502886.211938358435873, 1622951.972150923684239 ], [ 502940.425939607433975, 1622959.748957390431315 ], [ 502940.900847391225398, 1622959.793459129519761 ], [ 502941.202034679881763, 1622959.423588835401461 ], [ 502979.451011503115296, 1622907.441885768435895 ], [ 502980.696518711396493, 1622905.913237599655986 ], [ 502982.086527489882428, 1622904.51469226879999 ], [ 502983.607521387864836, 1622903.259849241236225 ], [ 502985.244710263505112, 1622902.160910620586947 ], [ 502986.98217408102937, 1622901.228562499629334 ], [ 502988.803017737984192, 1622900.471871034940705 ], [ 502990.689535340061411, 1622899.898194305598736 ], [ 502992.623382380523253, 1622899.513110760133713 ], [ 502994.585754114610609, 1622899.320364949759096 ], [ 502996.557568437070586, 1622899.321831148117781 ], [ 502998.519651402428281, 1622899.517495102016255 ], [ 503000.452923707605805, 1622899.905454180669039 ], [ 503002.338586191064678, 1622900.481935870600864 ], [ 503004.158302655152511, 1622901.241334469756112 ], [ 503005.894378158147447, 1622902.17626557755284 ], [ 503007.529931088560261, 1622903.277637925231829 ], [ 503012.415879113250412, 1622906.930431675398722 ], [ 503037.166095749358647, 1622925.434145268285647 ], [ 503037.565477574709803, 1622925.703064423985779 ], [ 503038.026017124124337, 1622925.562612728914246 ], [ 503082.136296579963528, 1622909.691668330226094 ], [ 503082.209893446299247, 1622909.665350407827646 ], [ 503104.62519588728901, 1622901.699111233232543 ], [ 503106.486260667967144, 1622901.137970988405868 ], [ 503108.393016238755081, 1622900.760183031205088 ], [ 503110.327444042079151, 1622900.569317410700023 ], [ 503112.271264023380354, 1622900.567177779972553 ], [ 503114.206107366655488, 1622900.753784365253523 ], [ 503116.113690082449466, 1622901.127373771974817 ], [ 503117.975985794037115, 1622901.684415634255856 ], [ 503145.127983981277794, 1622911.266773106297478 ], [ 503145.574230098864064, 1622911.400836257264018 ], [ 503146.008294681902044, 1622911.231435949448496 ], [ 503158.919483146979474, 1622905.473240145249292 ], [ 503160.62394891155418, 1622904.804847239749506 ], [ 503162.382404027215671, 1622904.295152968261391 ], [ 503164.180107017396949, 1622903.948430208489299 ], [ 503166.001987365889363, 1622903.767585609573871 ], [ 503167.832771871297155, 1622903.754135235911235 ], [ 503169.657112702610902, 1622903.90819184994325 ], [ 503171.459716025099624, 1622904.22846396593377 ], [ 503194.479967762716115, 1622909.415726160630584 ], [ 503196.449016095139086, 1622909.966577667975798 ], [ 503198.351518264040351, 1622910.715626630932093 ], [ 503200.167582426511217, 1622911.655041293008253 ], [ 503201.878220515674911, 1622912.774999500252306 ], [ 503203.465546759194694, 1622914.063791404478252 ], [ 503204.912964676099364, 1622915.507941901450977 ], [ 503206.205340620479546, 1622917.092351506464183 ], [ 503212.904615274455864, 1622926.221343333134428 ], [ 503213.186312276695389, 1622926.570839022984728 ], [ 503213.573638665024191, 1622926.797728205099702 ], [ 503249.779451714886818, 1622945.85848799161613 ], [ 503251.504621182335541, 1622946.880322443554178 ], [ 503253.118782988283783, 1622948.069791715359315 ], [ 503254.605706922826357, 1622949.414935858454555 ], [ 503255.950442176370416, 1622950.902229628525674 ], [ 503257.139467604400124, 1622952.516718487255275 ], [ 503258.160827717452776, 1622954.242168966680765 ], [ 503259.004252858750988, 1622956.061231889994815 ], [ 503263.472956323705148, 1622967.120891861617565 ], [ 503263.674623099039309, 1622967.557036134647205 ], [ 503264.12568160291994, 1622967.722678907914087 ], [ 503290.810651082429104, 1622976.060216401005164 ], [ 503291.277002439426724, 1622976.181521689053625 ], [ 503291.752888081537094, 1622976.257227899041027 ], [ 503326.027375524106901, 1622980.022099290741608 ], [ 503328.426035272714216, 1622980.434592572972178 ], [ 503329.213570413412526, 1622980.671401263680309 ], [ 503329.214399371354375, 1622980.668228669790551 ], [ 503330.128809781919699, 1622980.907151914900169 ], [ 503330.162138434418011, 1622980.450351138366386 ], [ 503330.461663661932107, 1622968.035955501487479 ], [ 503330.608841537905391, 1622966.049417987698689 ], [ 503330.952939855749719, 1622964.087381045566872 ], [ 503331.490543829044327, 1622962.169315720209852 ], [ 503332.216318324324675, 1622960.314256689278409 ], [ 503333.123060843150597, 1622958.54061336722225 ], [ 503334.201772969274316, 1622956.865987200755626 ], [ 503335.441749674908351, 1622955.306997006991878 ], [ 503336.830685565888416, 1622953.879114041104913 ], [ 503338.354797001287807, 1622952.596508469432592 ], [ 503403.502549544733483, 1622903.09823446534574 ], [ 503405.216811219754163, 1622901.930846185889095 ], [ 503407.042771168402396, 1622900.947302201297134 ], [ 503408.96078580908943, 1622900.158183436840773 ], [ 503410.950221217761282, 1622899.571979212108999 ], [ 503475.394053604279179, 1622884.165373587049544 ], [ 503477.381366414949298, 1622883.795324278529733 ], [ 503479.395885936799459, 1622883.627813435858116 ], [ 503481.417023998859804, 1622883.664553004084155 ], [ 503483.424124800309073, 1622883.905167518183589 ], [ 503485.39667598111555, 1622884.347197930561379 ], [ 503487.314518294937443, 1622884.986126745119691 ], [ 503489.158051597943995, 1622885.815424185246229 ], [ 503490.908435178047512, 1622886.826614923775196 ], [ 503492.547780297754798, 1622888.009364711586386 ], [ 503494.059333032462746, 1622889.351585977245122 ], [ 503495.427645471820142, 1622890.83956136717461 ], [ 503514.729338123230264, 1622914.085534460144117 ], [ 503515.045659518742468, 1622914.430572961224243 ], [ 503515.42040308797732, 1622914.150076887803152 ], [ 503548.138747453980613, 1622887.059103025356308 ], [ 503548.218663520703558, 1622886.992227005539462 ], [ 503580.798886858916376, 1622859.43821649486199 ], [ 503581.214924981293734, 1622859.065943647641689 ], [ 503622.709139645390678, 1622819.795913820853457 ], [ 503622.970623906352557, 1622819.529199933633208 ], [ 503623.21142672537826, 1622819.243675282690674 ], [ 503640.607039426278789, 1622796.977125807665288 ], [ 503640.832854309526738, 1622796.663801165763289 ], [ 503641.033758349251002, 1622796.333949292544276 ], [ 503653.739196611801162, 1622773.531580186914653 ], [ 503654.016082478919998, 1622772.997457726392895 ], [ 503682.822877521335613, 1622713.080957439960912 ], [ 503696.505548154062126, 1622684.620354766724631 ], [ 503697.416321463824715, 1622682.937255340395495 ], [ 503698.483819844783284, 1622681.348929517902434 ], [ 503699.698265643732157, 1622679.869925420265645 ], [ 503701.04853526718216, 1622678.51378984702751 ], [ 503702.522261045291089, 1622677.292944196145982 ], [ 503704.105944530281704, 1622676.218570698052645 ], [ 503705.785080123110674, 1622675.30050997575745 ], [ 503707.544287939846981, 1622674.547170923091471 ], [ 503709.367454692430329, 1622673.965453687123954 ], [ 503711.237881241017021, 1622673.560686456272379 ], [ 503713.138435589906294, 1622673.336576665984467 ], [ 503715.051709800376557, 1622673.29517703037709 ], [ 503716.960179403424263, 1622673.43686675443314 ], [ 503718.846363944932818, 1622673.76034805062227 ], [ 503720.692987098300364, 1622674.262658025603741 ], [ 503722.483134877751581, 1622674.939195820596069 ], [ 503871.787565412640106, 1622739.689882471226156 ], [ 503872.406423483858816, 1622739.934135063784197 ], [ 503948.709849702368956, 1622767.151177594903857 ], [ 503949.150936555059161, 1622767.284934302326292 ], [ 503949.338595785142388, 1622766.86394440731965 ], [ 503949.982548706815578, 1622765.209200846031308 ], [ 503950.197227451368235, 1622764.600001520244405 ], [ 503966.795165226561949, 1622712.151579406345263 ], [ 503967.485223519674037, 1622710.295891689602286 ], [ 503968.355407779687084, 1622708.517539441119879 ], [ 503969.397187418944668, 1622706.833956191083416 ], [ 503970.600349675631151, 1622705.261646435596049 ], [ 503971.953099727397785, 1622703.816023831721395 ], [ 503973.442176298878621, 1622702.511260095983744 ], [ 503975.052981688466389, 1622701.360146089689806 ], [ 503976.769724860205315, 1622700.373966404702514 ], [ 504014.891834610200021, 1622680.918332275003195 ], [ 504015.26506458647782, 1622680.707073698751628 ], [ 504015.571730731171556, 1622680.407262617256492 ], [ 504055.560830890550278, 1622637.784495511557907 ], [ 504056.481356815260369, 1622636.865195898804814 ], [ 504085.909193546569441, 1622609.32938051270321 ], [ 504087.436913757701404, 1622608.037002577446401 ], [ 504089.086152583011426, 1622606.903785447590053 ], [ 504090.840394075145014, 1622605.941077494295314 ], [ 504092.682070751383435, 1622605.158519560704008 ], [ 504094.592739506391808, 1622604.563948421506211 ], [ 504096.55326634796802, 1622604.163318292004988 ], [ 504098.544017983600497, 1622603.960641208104789 ], [ 504100.545058438496199, 1622603.957946841372177 ], [ 504104.949173132539727, 1622604.172641756478697 ], [ 504106.747546325728763, 1622604.341993441339582 ], [ 504108.523299390682951, 1622604.672942490316927 ], [ 504110.261941789241973, 1622605.162788289133459 ], [ 504111.949285814305767, 1622605.807533597573638 ], [ 504113.571562364290003, 1622606.601917150896043 ], [ 504115.1155333116767, 1622607.539456613827497 ], [ 504125.620133791409899, 1622614.586545023834333 ], [ 504144.466842621739488, 1622627.228658453794196 ], [ 504146.044248108868487, 1622628.40321720065549 ], [ 504147.498643216036726, 1622629.72704924014397 ], [ 504148.815959253988694, 1622631.187348849605769 ], [ 504149.983453528082464, 1622632.769990221131593 ], [ 504150.989832585386466, 1622634.459664106369019 ], [ 504151.825361497234553, 1622636.240025909617543 ], [ 504152.481958005053457, 1622638.093853787751868 ], [ 504152.953270693367813, 1622640.003215241478756 ], [ 504153.234740448358934, 1622641.949640586273745 ], [ 504153.323644543474074, 1622643.914301603101194 ], [ 504153.215288284525741, 1622671.17070337664336 ], [ 504153.150384636712261, 1622672.702956937951967 ], [ 504150.156731609255075, 1622709.722803384065628 ], [ 504150.142075750045478, 1622710.20178491435945 ], [ 504150.611869494779967, 1622710.296293744817376 ], [ 504169.706180236302316, 1622713.15124441543594 ], [ 504171.703096668643411, 1622713.554756275843829 ], [ 504173.648591059201863, 1622714.15936254709959 ], [ 504175.522468689247034, 1622714.958787272451445 ], [ 504177.305278247105889, 1622715.944732231786475 ], [ 504206.066500988381449, 1622733.821863107383251 ], [ 504206.559235283115413, 1622734.090755030978471 ], [ 504207.099743452854455, 1622734.242217440158129 ], [ 504241.423357148654759, 1622741.796346735907719 ], [ 504242.047064581944142, 1622741.912993883015588 ], [ 504271.952813974523451, 1622746.528926742263138 ], [ 504273.895844027167186, 1622746.92838966101408 ], [ 504275.789734380319715, 1622747.518403103807941 ], [ 504313.532822202367242, 1622761.36534843640402 ], [ 504315.057117887830827, 1622761.997086700517684 ], [ 504316.524139376240782, 1622762.75234730145894 ], [ 504317.923897653701715, 1622763.625987641979009 ], [ 504346.854655734088738, 1622783.386679516872391 ], [ 504347.305775938148145, 1622783.660839231219143 ], [ 504347.804597255715635, 1622783.833611540263519 ], [ 504411.383278793538921, 1622802.134221626911312 ], [ 504411.874590837105643, 1622802.24899209686555 ], [ 504412.378954727901146, 1622802.262290813261643 ], [ 504450.089861774526071, 1622801.341218619141728 ], [ 504452.065888131910469, 1622801.390681051416323 ], [ 504454.027376641344745, 1622801.634995647706091 ], [ 504455.955160501529463, 1622802.071775077842176 ], [ 504457.830402265186422, 1622802.69675133517012 ], [ 504459.634777892148122, 1622803.503817432094365 ], [ 504461.350655819114763, 1622804.485087079694495 ], [ 504462.96126924327109, 1622805.630971749313176 ], [ 504464.450879961135797, 1622806.930274368263781 ], [ 504479.900877760432195, 1622821.813402392202988 ], [ 504481.058367967198137, 1622823.025990622118115 ], [ 504482.110224420612212, 1622824.331269079586491 ], [ 504483.049054602452088, 1622825.7200641639065 ], [ 504504.771653806848917, 1622860.951804310781881 ], [ 504505.021078683261294, 1622861.318602241575718 ], [ 504505.358737403294072, 1622861.606247996678576 ], [ 504512.291770499083214, 1622866.99717856105417 ], [ 504512.681000656797551, 1622867.270721141481772 ], [ 504513.156483746133745, 1622867.286260835593566 ], [ 504548.53516947751632, 1622866.732318886555731 ], [ 504548.99325496511301, 1622866.703018968459219 ], [ 504548.976702335639857, 1622866.244295926531777 ], [ 504532.928503052680753, 1622676.296935669146478 ], [ 504532.861964209703729, 1622674.19164986955002 ], [ 504534.57122488017194, 1622593.186625361675397 ], [ 504534.557967483764514, 1622592.419711689231917 ], [ 504529.266521087498404, 1622497.463446675334126 ], [ 504529.262693536817096, 1622497.392491432838142 ], [ 504522.924662330420688, 1622375.885172057198361 ], [ 504522.903253244468942, 1622375.322595697594807 ], [ 504521.305053803895134, 1622308.631187406834215 ], [ 504520.762252654938493, 1622285.964485973818228 ], [ 504520.749304167809896, 1622285.641736779361963 ], [ 504516.212037992896512, 1622205.069111873628572 ], [ 504515.394214971689507, 1622190.544776886701584 ], [ 504515.37285086029442, 1622190.061098406091332 ], [ 504515.183434412931092, 1622184.150330184493214 ], [ 504513.787833016016521, 1622140.636478046886623 ], [ 504513.781090205244254, 1622140.469704834278673 ], [ 504512.127059950784314, 1622106.572228677105159 ], [ 504512.164349324884824, 1622104.036296505946666 ], [ 504514.270017125236336, 1622077.151778412982821 ], [ 504514.517104548052885, 1622075.216255845502019 ], [ 504521.878732017648872, 1622033.769153730012476 ], [ 504521.980570132902358, 1622033.237662514904514 ], [ 504536.155308370885905, 1621964.319257436553016 ], [ 504536.274271063681226, 1621963.778856868622825 ], [ 504541.392918087542057, 1621941.968635768629611 ], [ 504541.913984559825622, 1621940.142908203182742 ], [ 504542.605858766182791, 1621938.374829727923498 ], [ 504543.462303183041513, 1621936.680340310558677 ], [ 504544.475596600095741, 1621935.074716481380165 ], [ 504545.636603757448029, 1621933.572433611378074 ], [ 504546.934857698099222, 1621932.187035411596298 ], [ 504548.35865411296254, 1621930.931011829758063 ], [ 504549.89515690121334, 1621929.815686446148902 ], [ 504551.530513826408423, 1621928.851114387623966 ], [ 504553.249981482687872, 1621928.0459916847758 ], [ 504555.038058139325585, 1621927.407576852943748 ], [ 504556.878623546508607, 1621926.941625480074435 ], [ 504558.755084222997539, 1621926.652338317129761 ], [ 504560.650523102318402, 1621926.542323414003477 ], [ 504562.54785199550679, 1621926.612572607118636 ], [ 504568.287361987982877, 1621927.098724864190444 ], [ 504568.750683664518874, 1621927.116185837658122 ], [ 504569.188255800982006, 1621926.96288063749671 ], [ 504585.789453632198274, 1621920.258453801041469 ], [ 504587.60017057263758, 1621919.626381979556754 ], [ 504589.463112375175115, 1621919.170686325524002 ], [ 504591.361141777131706, 1621918.895558803342283 ], [ 504593.276798737235367, 1621918.803530327044427 ], [ 504607.130840980506036, 1621918.803127749823034 ], [ 504607.639373605081346, 1621918.776800885098055 ], [ 504608.068444979318883, 1621918.502581458073109 ], [ 504615.589184831769671, 1621913.129262987757102 ], [ 504615.965461401036009, 1621912.83201115578413 ], [ 504616.277761917153839, 1621912.46812779805623 ], [ 504629.802019017341081, 1621895.079218476312235 ], [ 504630.985448253341019, 1621893.692930261604488 ], [ 504632.290194328466896, 1621892.420162627240643 ], [ 504633.705416231241543, 1621891.271490887273103 ], [ 504635.21935500681866, 1621890.256459259660915 ], [ 504636.819431476586033, 1621889.383501557633281 ], [ 504645.359324014629237, 1621885.217687497846782 ], [ 504647.156904823437799, 1621884.447229293407872 ], [ 504649.021152728237212, 1621883.856058921897784 ], [ 504650.934234527114313, 1621883.449831468751654 ], [ 504652.877849878859706, 1621883.232432867633179 ], [ 504667.461234252841678, 1621882.32025884045288 ], [ 504667.966173153195996, 1621882.262637913227081 ], [ 504668.448869449493941, 1621882.103616663487628 ], [ 504679.789788854483049, 1621877.71269887406379 ], [ 504680.259749652410392, 1621877.502039651852101 ], [ 504680.642367458494846, 1621877.157301945379004 ], [ 504687.455323039030191, 1621870.344853931805119 ], [ 504687.790745779697318, 1621869.973427126416937 ], [ 504687.852324657142162, 1621869.476763917598873 ], [ 504691.016980222892016, 1621825.85837705200538 ], [ 504691.260706105153076, 1621823.876659809611738 ], [ 504691.700847449130379, 1621821.929127746494487 ], [ 504692.333015911572147, 1621820.035198344616219 ], [ 504693.150908583716955, 1621818.213754651602358 ], [ 504694.146370830596425, 1621816.482957014115527 ], [ 504713.314447662443854, 1621786.702185980742797 ], [ 504713.581708552315831, 1621786.232440307736397 ], [ 504713.683552440605126, 1621785.701669913949445 ], [ 504717.943316666060127, 1621754.33005103119649 ], [ 504718.012479584140237, 1621753.862249058438465 ], [ 504722.250849199423101, 1621727.364388640969992 ], [ 504722.673362402652856, 1621725.376653655432165 ], [ 504723.295439295179676, 1621723.442066329997033 ], [ 504724.110655108408537, 1621721.580606968840584 ], [ 504725.877744221594185, 1621718.04617200884968 ], [ 504726.842950602876954, 1621716.332010651472956 ], [ 504727.971920952026267, 1621714.72098659677431 ], [ 504729.253728403651621, 1621713.228692314587533 ], [ 504730.675966851064004, 1621711.869571134913713 ], [ 504732.224871014303062, 1621710.65677745686844 ], [ 504733.885449662338942, 1621709.602049437351525 ], [ 504735.641630713245831, 1621708.715595376910642 ], [ 504735.747372290294152, 1621708.668597085401416 ], [ 504736.21185911365319, 1621708.432049034861848 ], [ 504736.538568570977077, 1621708.025891514960676 ], [ 504748.225314995681401, 1621691.814679103437811 ], [ 504748.505997694854159, 1621691.378810771973804 ], [ 504748.58455642912304, 1621690.866372962947935 ], [ 504750.470636985090096, 1621671.996225234586746 ], [ 504750.494955178641248, 1621671.548341434448957 ], [ 504750.320479049813002, 1621671.135123149259016 ], [ 504734.465893074579071, 1621637.882149041397497 ], [ 504734.220469358726405, 1621637.429413717472926 ], [ 504733.887087005889043, 1621637.036911135306582 ], [ 504723.047389609389938, 1621625.539853130001575 ], [ 504721.851084161084145, 1621624.148245665477589 ], [ 504720.787395700637717, 1621622.652824345044792 ], [ 504719.865283144463319, 1621621.066184351453558 ], [ 504701.897866755258292, 1621586.600975845009089 ], [ 504701.515325693530031, 1621585.826853152364492 ], [ 504688.380497611826286, 1621557.735451288288459 ], [ 504687.533575592504349, 1621555.616814950015396 ], [ 504686.933517719386145, 1621553.415490945801139 ], [ 504685.771425571932923, 1621547.93754193210043 ], [ 504685.439548541791737, 1621545.819104065652937 ], [ 504685.336421881744172, 1621543.677308963611722 ], [ 504685.46323145867791, 1621541.536785502219573 ], [ 504685.81851907557575, 1621539.422147929901257 ], [ 504686.398199213552289, 1621537.357712825760245 ], [ 504690.874344419746194, 1621524.177390083903447 ], [ 504691.550929049146362, 1621522.452172273537144 ], [ 504692.384320715616923, 1621520.796998088713735 ], [ 504693.367361746204551, 1621519.226083192508668 ], [ 504721.554799714009278, 1621478.507977221161127 ], [ 504722.804985210299492, 1621476.88622806337662 ], [ 504724.21447131189052, 1621475.400838193483651 ], [ 504725.768477341276594, 1621474.067384249996394 ], [ 504727.450707117503043, 1621472.89984959573485 ], [ 504730.305543647089507, 1621471.127895489567891 ], [ 504732.011775177554227, 1621470.180930774193257 ], [ 504733.802184935600962, 1621469.404785714112222 ], [ 504735.659721882839222, 1621468.80685196002014 ], [ 504737.566695713088848, 1621468.392823962494731 ], [ 504739.504945281252731, 1621468.166644737357274 ], [ 504741.456011600210331, 1621468.130468321964145 ], [ 504742.299962314253207, 1621468.156025850446895 ], [ 504744.216928811976686, 1621468.306573300855234 ], [ 504746.110572004807182, 1621468.640550280688331 ], [ 504747.963381232111715, 1621469.15486848144792 ], [ 504749.75822342839092, 1621469.844771974952891 ], [ 504751.478501548757777, 1621470.703881168738008 ], [ 504753.108308057475369, 1621471.724251827923581 ], [ 504754.632571997586638, 1621472.896448508836329 ], [ 504756.037198383652139, 1621474.209631822537631 ], [ 504757.309198530798312, 1621475.6516586644575 ], [ 504762.924114070250653, 1621482.67041561123915 ], [ 504763.22415149299195, 1621483.012130260234699 ], [ 504763.605676832492463, 1621483.2595767644234 ], [ 504779.028169161407277, 1621492.286706079728901 ], [ 504779.491392131545581, 1621492.526045619510114 ], [ 504780.006050764000975, 1621492.609624488512054 ], [ 504791.532483946473803, 1621493.863295466871932 ], [ 504792.04637477506185, 1621493.892371942522004 ], [ 504792.555249869765248, 1621493.815071463352069 ], [ 504805.555587007955182, 1621491.14496566192247 ], [ 504806.035006470105145, 1621491.021121280267835 ], [ 504806.395600310119335, 1621490.681779945967719 ], [ 504816.888700781681109, 1621479.763157714158297 ], [ 504817.170477958919946, 1621479.44364877208136 ], [ 504817.393704367394093, 1621479.08080677385442 ], [ 504828.347483904391993, 1621459.43974753911607 ], [ 504828.949896741833072, 1621458.151704011717811 ], [ 504839.645815915777348, 1621430.262115674791858 ], [ 504839.786609278467949, 1621429.839413095731288 ], [ 504839.88911125814775, 1621429.40583082428202 ], [ 504844.113608497544192, 1621407.134574542753398 ], [ 504844.179662778973579, 1621406.665638274978846 ], [ 504844.200920612493064, 1621406.192550022387877 ], [ 504844.139783023274504, 1621382.801144603639841 ], [ 504844.112863387621474, 1621382.298048194032162 ], [ 504843.936081815045327, 1621381.826265474781394 ], [ 504835.120430477254558, 1621361.507610169239342 ], [ 504834.897592525288928, 1621361.057850999757648 ], [ 504834.55037804658059, 1621360.695384232094511 ], [ 504823.226498084957711, 1621350.013412772910669 ], [ 504821.850608421838842, 1621348.579795844154432 ], [ 504820.623795687803067, 1621347.016702642198652 ], [ 504819.558174116711598, 1621345.339568032650277 ], [ 504818.664266251551453, 1621343.564952990040183 ], [ 504817.950899050512817, 1621341.710381060373038 ], [ 504817.425116688129492, 1621339.794165332568809 ], [ 504817.092111046193168, 1621337.835227602627128 ], [ 504816.955170398345217, 1621335.852911519818008 ], [ 504817.015646982123144, 1621333.866791590349749 ], [ 504817.27294360473752, 1621331.896479879738763 ], [ 504817.724519588518888, 1621329.961432355688885 ], [ 504818.365915812493768, 1621328.080756766023114 ], [ 504819.190798771916889, 1621326.273023959016427 ], [ 504820.191023109364323, 1621324.55608450807631 ], [ 504821.35671206068946, 1621322.946892442181706 ], [ 504822.676354939001612, 1621321.461337833665311 ], [ 504824.136920869059395, 1621320.11408988526091 ], [ 504825.723987391334958, 1621318.918452086858451 ], [ 504827.421882920840289, 1621317.886230844305828 ], [ 504829.21384148998186, 1621317.027618898544461 ], [ 504846.551367341366131, 1621309.756200960138813 ], [ 504846.937108345795423, 1621309.574623652268201 ], [ 504847.286244096176233, 1621309.329938803100958 ], [ 504858.487333427241538, 1621300.741857388056815 ], [ 504858.835480894485954, 1621300.448569739004597 ], [ 504859.054924825846683, 1621300.049735596869141 ], [ 504894.422467104915995, 1621228.131082642357796 ], [ 504894.695462026051246, 1621227.526007755659521 ], [ 504898.256489964900538, 1621218.878090576967224 ], [ 504899.074171583983116, 1621217.135649177012965 ], [ 504900.055591684591491, 1621215.479895614320412 ], [ 504901.191657147021033, 1621213.926170884398744 ], [ 504902.471842036466114, 1621212.488870655419305 ], [ 504903.884285100735724, 1621211.181311896070838 ], [ 504905.976265761768445, 1621209.423868532292545 ], [ 504907.634056681476068, 1621208.172103730496019 ], [ 504909.412765877554193, 1621207.099080202169716 ], [ 504911.293197447434068, 1621206.216378066223115 ], [ 504913.255057700211182, 1621205.533523488091305 ], [ 504915.27717414725339, 1621205.057885869638994 ], [ 504951.213007433048915, 1621198.55382888042368 ], [ 504951.705469953361899, 1621198.438317862339318 ], [ 504952.077710076584481, 1621198.095827822806314 ], [ 504971.794723364408128, 1621177.990923062665388 ], [ 504972.126425973372534, 1621177.660522508434951 ], [ 504985.508803565928247, 1621164.63919696607627 ], [ 504986.68211941793561, 1621163.584384018788114 ], [ 504987.934945515473373, 1621162.625359922181815 ], [ 505004.172445592819713, 1621151.18265913776122 ], [ 505005.768018448201474, 1621150.167638473911211 ], [ 505007.452340289426502, 1621149.307882906403393 ], [ 505009.210347114014439, 1621148.611081811366603 ], [ 505011.026315885188524, 1621148.083467153599486 ], [ 505012.884005177649669, 1621147.729757744818926 ], [ 505014.766800436016638, 1621147.553117053350434 ], [ 505016.657862561172806, 1621147.55512489983812 ], [ 505018.540278520958964, 1621147.735763332573697 ], [ 505020.397212594980374, 1621148.09341678628698 ], [ 505022.212056982214563, 1621148.624886530218646 ], [ 505082.211624138231855, 1621169.322735435329378 ], [ 505082.676852460659575, 1621169.457496683578938 ], [ 505083.022837790602352, 1621168.999662196496502 ], [ 505083.521472490625456, 1621168.267478175926954 ], [ 505084.840576662565582, 1621166.702291018795222 ], [ 505086.312779785366729, 1621165.280157185858116 ], [ 505087.922655302856583, 1621164.015978585928679 ], [ 505089.653334041300695, 1621162.923001991352066 ], [ 505091.486680997128133, 1621162.012680219253525 ], [ 505093.403485346003436, 1621161.294552137842402 ], [ 505095.383661745523568, 1621160.776142693590373 ], [ 505097.406460804049857, 1621160.462884080596268 ], [ 505099.450686509720981, 1621160.358058799989522 ], [ 505108.401326958613936, 1621160.357798704877496 ], [ 505108.872403165791184, 1621160.335205890471116 ], [ 505109.20465152291581, 1621160.096677110996097 ], [ 505110.843757768860087, 1621159.037177301943302 ], [ 505112.578345003363211, 1621158.142517423257232 ], [ 505114.391888511017896, 1621157.421220549847931 ], [ 505116.267111378489062, 1621156.880158195272088 ], [ 505118.186149110435508, 1621156.524484848603606 ], [ 505120.130719795182813, 1621156.35758887627162 ], [ 505122.08229828212643, 1621156.381060236599296 ], [ 505124.022292652516626, 1621156.594675331842154 ], [ 505125.93222135520773, 1621156.996399138821289 ], [ 505127.793889250897337, 1621157.582404607441276 ], [ 505129.589560963679105, 1621158.347109093330801 ], [ 505138.225722151983064, 1621162.53398888069205 ], [ 505138.648154490743764, 1621162.714921672130004 ], [ 505139.09344081080053, 1621162.601317775202915 ], [ 505152.430529905250296, 1621158.52611320046708 ], [ 505152.916827231470961, 1621158.349091345909983 ], [ 505153.248648364038672, 1621157.951955890282989 ], [ 505163.374609492952004, 1621144.449856888968498 ], [ 505163.628854159032926, 1621144.076438250951469 ], [ 505163.692191367794294, 1621143.62914613657631 ], [ 505164.393041733885184, 1621136.270600148010999 ], [ 505164.415005008457229, 1621135.756281622685492 ], [ 505164.177236194955185, 1621135.29969437350519 ], [ 505122.973775400256272, 1621065.360471885884181 ], [ 505122.24560427700635, 1621064.008275746135041 ], [ 505121.623358575045131, 1621062.604182489449158 ], [ 505112.197465275705326, 1621038.918504781788215 ], [ 505111.567308624798898, 1621037.079459838336334 ], [ 505111.118708445457742, 1621035.187915073242038 ], [ 505110.85590469581075, 1621033.261748440098017 ], [ 505110.781381267064717, 1621031.319165119435638 ], [ 505110.895842510042712, 1621029.378525448497385 ], [ 505111.198206598812249, 1621027.458171403268352 ], [ 505111.685615735303145, 1621025.576253222534433 ], [ 505112.353463169303723, 1621023.750557873630896 ], [ 505113.195436740817968, 1621021.998340929625556 ], [ 505114.203578527143691, 1621020.336163484025747 ], [ 505115.368360075168312, 1621018.779735625954345 ], [ 505139.360153525136411, 1620989.774756759637967 ], [ 505141.35766964033246, 1620987.687327707186341 ], [ 505161.392194455023855, 1620969.573260595090687 ], [ 505163.172194815415423, 1620968.13994540204294 ], [ 505165.104114020941779, 1620966.919092433759943 ], [ 505180.765238503576256, 1620958.232831253670156 ], [ 505181.495654355967417, 1620957.847220903495327 ], [ 505286.852931525034364, 1620904.978606265038252 ], [ 505287.237303985340986, 1620904.763847114518285 ], [ 505287.522915949521121, 1620904.428750868886709 ], [ 505350.321856159425806, 1620823.749126111390069 ], [ 505350.830118928977754, 1620823.033372479490936 ], [ 505368.172948119463399, 1620796.185911617940292 ], [ 505369.630683216557372, 1620794.207557868445292 ], [ 505387.353145233471878, 1620773.017159717623144 ], [ 505388.80010506673716, 1620771.462824593298137 ], [ 505390.403741961112246, 1620770.070704208221287 ], [ 505392.145969585690182, 1620768.856499364599586 ], [ 505394.007138522400055, 1620767.833904265426099 ], [ 505395.966257896448951, 1620767.014452081406489 ], [ 505428.27224185335217, 1620755.476135299541056 ], [ 505429.752651597023942, 1620755.011323505081236 ], [ 505431.264645439805463, 1620754.662700989749283 ], [ 505468.295662622374948, 1620747.625254241051152 ], [ 505470.56872522237245, 1620747.32704702205956 ], [ 505498.113774579833262, 1620745.310152624500915 ], [ 505498.603143118438311, 1620745.249203728046268 ], [ 505498.808970982499886, 1620744.801061735022813 ], [ 505510.073006175109185, 1620716.57803215761669 ], [ 505510.223166673386004, 1620716.144453690154478 ], [ 505510.206057751958724, 1620715.685928064398468 ], [ 505508.94805055425968, 1620700.678946186322719 ], [ 505508.879526553268079, 1620698.774788756389171 ], [ 505508.992549409973435, 1620696.872753822710365 ], [ 505509.286092909227591, 1620694.990111191757023 ], [ 505509.757491786091123, 1620693.143954600440338 ], [ 505510.402465899649542, 1620691.351046500494704 ], [ 505511.215159113984555, 1620689.627665868261829 ], [ 505512.188192465808243, 1620687.989460395881906 ], [ 505541.034270776901394, 1620644.307721324032173 ], [ 505541.273575825616717, 1620643.903359738644212 ], [ 505540.893227590306196, 1620643.627478588139638 ], [ 505411.478469295136165, 1620559.157724519260228 ], [ 505411.082129457907286, 1620558.925255266949534 ], [ 505410.764730260474607, 1620559.257497603539377 ], [ 505374.183234445110429, 1620601.411316010868177 ], [ 505373.532091998902615, 1620602.125983812846243 ], [ 505338.629803460091352, 1620638.620704602450132 ], [ 505337.48081311781425, 1620639.729851010255516 ], [ 505336.246976296766661, 1620640.743769758846611 ], [ 505288.274575401213951, 1620677.055899936007336 ], [ 505286.989130201749504, 1620677.951906410744414 ], [ 505237.330395319091622, 1620709.749821819830686 ], [ 505235.474199712858535, 1620710.803152552107349 ], [ 505233.516312992374878, 1620711.652650785399601 ], [ 505189.791611091408413, 1620727.91043315269053 ], [ 505188.09885330288671, 1620728.455470182001591 ], [ 505186.364365506684408, 1620728.847957497928292 ], [ 505152.390649341919925, 1620734.96189447096549 ], [ 505151.596715688356198, 1620735.08835069835186 ], [ 505110.472853854240384, 1620740.793357658199966 ], [ 505108.71300840890035, 1620740.95862434245646 ], [ 505106.945443932549097, 1620740.967833984643221 ], [ 505105.183971921680495, 1620740.820914624258876 ], [ 505103.442356273473706, 1620740.519014273537323 ], [ 505064.536807769502047, 1620731.988280715420842 ], [ 505063.831787472590804, 1620731.820245744194835 ], [ 505029.973840020829812, 1620723.099151163129136 ], [ 505028.301039093697909, 1620722.5893073764164 ], [ 505026.679181074840017, 1620721.935258333804086 ], [ 504990.357186309585813, 1620705.406088914489374 ], [ 504988.764137088903226, 1620704.59326565428637 ], [ 504987.250084384810179, 1620703.641356074251235 ], [ 504985.827139450411778, 1620702.5579747275915 ], [ 504963.451555099396501, 1620683.883909943979234 ], [ 504963.224427078850567, 1620683.691468725213781 ], [ 504935.819025345321279, 1620660.118720670696348 ], [ 504934.348728167766239, 1620658.718037093291059 ], [ 504933.028073509107344, 1620657.175455004442483 ], [ 504910.378245136584155, 1620627.824890025658533 ], [ 504909.247501806123182, 1620626.199117684271187 ], [ 504894.806183791195508, 1620603.070887002395466 ], [ 504893.775087909540161, 1620601.204992055660114 ], [ 504884.411599448998459, 1620581.895446537528187 ], [ 504883.691042408870999, 1620580.218609818257391 ], [ 504883.126375769090373, 1620578.483059357386082 ], [ 504882.722303551097866, 1620576.703253340907395 ], [ 504876.807263775088359, 1620543.747897839639336 ], [ 504876.737321860331576, 1620543.333184888120741 ], [ 504872.746351296780631, 1620518.050621236208826 ], [ 504872.556492308154702, 1620516.410952789476141 ], [ 504872.502514207561035, 1620514.761211775476113 ], [ 504872.640285438741557, 1620498.69988859561272 ], [ 504872.627106027619448, 1620498.292207383317873 ], [ 504872.580664368811995, 1620497.88696567947045 ], [ 504868.845158842508681, 1620473.980034218868241 ], [ 504868.64742757024942, 1620472.188214720226824 ], [ 504868.611871502478607, 1620470.385868878336623 ], [ 504868.738779621489812, 1620468.587645006598905 ], [ 504872.691649310290813, 1620434.530400339514017 ], [ 504872.715581660973839, 1620434.301158815389499 ], [ 504875.599084532295819, 1620403.215051899896935 ], [ 504875.846104916767217, 1620401.430592104094103 ], [ 504876.252723133133259, 1620399.675605645636097 ], [ 504884.218103914579842, 1620371.197952698450536 ], [ 504884.384351083543152, 1620370.635519181611016 ], [ 504892.315077141916845, 1620345.184125951491296 ], [ 504892.895812550093979, 1620343.568234297912568 ], [ 504893.613035817397758, 1620342.008122044149786 ], [ 504903.937873457325622, 1620321.875134211499244 ], [ 504904.143456761958078, 1620321.449793564621359 ], [ 504914.922186062613036, 1620297.734759760089219 ], [ 504915.740033606591169, 1620296.13117298996076 ], [ 504929.042324419599026, 1620272.716724534519017 ], [ 504929.597654179902747, 1620271.576154141454026 ], [ 504934.759766814939212, 1620259.002038682810962 ], [ 504934.919915626349393, 1620258.548575605731457 ], [ 504934.525385084038135, 1620258.273580983513966 ], [ 504255.914185200585052, 1619834.084433377720416 ], [ 504255.199161543336231, 1619833.637447542510927 ], [ 503899.480373552476522, 1619611.283597782952711 ], [ 503899.193252538039815, 1619611.100706183351576 ], [ 502649.852358238829765, 1618800.262130440911278 ], [ 502649.680958133249078, 1618800.153347136219963 ], [ 501867.380957037676126, 1618314.719682788476348 ], [ 501866.297192966041621, 1618313.997263529803604 ], [ 501710.390211282006931, 1618202.571665727067739 ], [ 501710.297209295909852, 1618202.505994698498398 ], [ 501642.476909035118297, 1618155.192782614845783 ], [ 501641.69587967498228, 1618154.619290453149006 ], [ 501602.536578481260221, 1618124.378254821524024 ], [ 501601.48234517138917, 1618123.504905231995508 ], [ 501556.015023344254587, 1618083.13598395860754 ], [ 501555.894677584001329, 1618083.030840950552374 ], [ 501468.563693385163788, 1618007.954245507018641 ], [ 501467.936157662363257, 1618007.391332090366632 ], [ 500726.74353096698178, 1617313.781685930909589 ], [ 500248.488896184950136, 1616870.082075599115342 ], [ 500248.438590083853342, 1616870.035243212943897 ], [ 500045.008360811742023, 1616679.998692148830742 ], [ 500044.75776462641079, 1616679.772398150758818 ], [ 499969.906873414933216, 1616614.441015235614032 ], [ 499969.533231982495636, 1616614.146150660002604 ], [ 499969.145506351371296, 1616614.422233745222911 ], [ 499452.93629284016788, 1617021.936785232508555 ], [ 499126.049316429300234, 1617281.209967017639428 ], [ 499125.971580678597093, 1617281.271310730837286 ], [ 499074.388590683345683, 1617321.77019140869379 ], [ 499074.352777114720084, 1617321.798441678052768 ], [ 498840.320925617183093, 1617507.273659380152822 ], [ 498840.296673557662871, 1617507.292849123012275 ], [ 498740.170858788187616, 1617586.392755529843271 ], [ 498739.802817573887296, 1617586.71502629108727 ] ] ] } },
{ "type": "Feature", "properties": { "district": "DISTRICT 2", "pct_total_population": 12.28, "pct_female_population": 12.28, "pct_male_population": 12.28, "pct_children_0_4": 12.28, "pct_female_children_0_4": 12.28, "pct_male_children_0_4": 12.28, "pct_elderly_60plus": 12.28, "pct_female_elderly_60plus": 12.28, "pct_male_elderly_60plus": 12.28, "pct_childcare_facilities": 4.32, "pct_eldercare_facilities": 20.0, "pct_pwd_facilities": 0.0 }, "geometry": { "type": "Polygon", "coordinates": [ [ [ 507309.964060055790469, 1623238.975835479795933 ], [ 507309.968281118315645, 1623239.432462343480438 ], [ 507325.862217795976903, 1623517.115800528088585 ], [ 507325.870635958854109, 1623517.247609648155048 ], [ 507379.345856796717271, 1624275.769232719438151 ], [ 507379.381434515875299, 1624276.429238452576101 ], [ 507388.912632593186572, 1624531.670266495319083 ], [ 507388.926559273793828, 1624532.415835773572326 ], [ 507388.939521096646786, 1624978.426195294363424 ], [ 507388.970981675724033, 1624978.984006248181686 ], [ 507389.126234668074176, 1624979.52069921605289 ], [ 507413.635476744675543, 1625049.272278252057731 ], [ 507413.939082446624525, 1625050.034686306258664 ], [ 507678.68399783706991, 1625642.813643642934039 ], [ 507679.408767636399716, 1625644.682909105438739 ], [ 507679.942717380123213, 1625646.615353760542348 ], [ 507680.280479737848509, 1625648.591552457306534 ], [ 507688.74757580331061, 1625719.330519920913503 ], [ 507688.869562786305323, 1625720.818840894382447 ], [ 507691.364110225986224, 1625776.925065006129444 ], [ 507691.404014287341852, 1625777.370688924333081 ], [ 507691.48370018764399, 1625777.810942452400923 ], [ 507705.922093377506826, 1625841.204568450339139 ], [ 507706.052007926511578, 1625841.66946944524534 ], [ 507706.269209692778531, 1625842.100554257398471 ], [ 507747.206719792389777, 1625914.388714775908738 ], [ 507747.482822707039304, 1625914.822430232306942 ], [ 507747.802151207346469, 1625915.225383348762989 ], [ 507799.275925337686203, 1625973.706987184938043 ], [ 507799.643764146079775, 1625974.082885693525895 ], [ 507800.049182522343472, 1625974.417909599840641 ], [ 507851.658234431641176, 1626012.667012001620606 ], [ 507852.995281028794125, 1626013.750086642568931 ], [ 507854.234266446554102, 1626014.944096474442631 ], [ 507855.366016715415753, 1626016.240200533764437 ], [ 507909.428265183756594, 1626083.814227130031213 ], [ 507909.793630786472932, 1626084.222514895256609 ], [ 507910.239554450265132, 1626084.540859050815925 ], [ 507973.602504960028455, 1626124.689956562127918 ], [ 507974.090738121129107, 1626124.962060736026615 ], [ 507974.627427476400044, 1626125.118191524874419 ], [ 508048.375190172693692, 1626142.13419194961898 ], [ 508048.765869947557803, 1626142.228479286655784 ], [ 508123.004832877020817, 1626160.936894760234281 ], [ 508124.891616064589471, 1626161.512716092634946 ], [ 508126.712481484049931, 1626162.271643117303029 ], [ 508128.449708205589559, 1626163.206289855064824 ], [ 508130.086389277246781, 1626164.307560189627111 ], [ 508181.419263179064728, 1626202.657308863010257 ], [ 508183.057604944391642, 1626204.023296489613131 ], [ 508226.494095800619107, 1626244.355178393656388 ], [ 508226.851781069068238, 1626244.656893262406811 ], [ 508227.319455839809962, 1626244.672733661951497 ], [ 508582.884682729665656, 1626239.774344535777345 ], [ 508584.813497123075649, 1626239.840916007058695 ], [ 508586.726910417724866, 1626240.093119057361037 ], [ 508588.607099079468753, 1626240.528604411287233 ], [ 508590.4365490663331, 1626241.143315510824323 ], [ 508592.198218964389525, 1626241.931526299566031 ], [ 508593.875698744086549, 1626242.88589456002228 ], [ 508595.453362592612393, 1626243.99753031344153 ], [ 508596.916514503711369, 1626245.256078625563532 ], [ 508598.251525137806311, 1626246.649816064629704 ], [ 508599.445958815282211, 1626248.165759900817648 ], [ 508600.48868932237383, 1626249.789789055474102 ], [ 508601.37000357726356, 1626251.50677561853081 ], [ 508602.08169208955951, 1626253.300725780660287 ], [ 508808.431776838377118, 1626856.93111896677874 ], [ 508808.468986901221797, 1626857.041009642183781 ], [ 508815.227588525507599, 1626877.193121110321954 ], [ 508815.410317054076586, 1626877.657731070416048 ], [ 508815.87429839419201, 1626877.842049881350249 ], [ 509534.355727112386376, 1627121.547213268233463 ], [ 509536.849885654519312, 1627122.585960476892069 ], [ 509576.202743961883243, 1627142.192869236925617 ], [ 509577.878135998209473, 1627143.130583540070802 ], [ 509579.455875987536274, 1627144.224650824908167 ], [ 509580.921419305086602, 1627145.464985283790156 ], [ 509582.261255632911343, 1627146.840152722783387 ], [ 509583.463033495529089, 1627148.337475972482935 ], [ 509584.51567414047895, 1627149.943151748739183 ], [ 509585.409473643114325, 1627151.642377907410264 ], [ 509586.136192389181815, 1627153.419489893363789 ], [ 509586.689131012361031, 1627155.258105149725452 ], [ 509587.063192174187861, 1627157.141274146037176 ], [ 509587.254927536530886, 1627159.05163662112318 ], [ 509587.262569552694913, 1627160.971581633668393 ], [ 509587.086047784192488, 1627162.883409895701334 ], [ 509559.822063740633894, 1627356.217569400556386 ], [ 509559.779368985677138, 1627356.691759600769728 ], [ 509560.254859792650677, 1627356.716001360444352 ], [ 509585.003480087558273, 1627356.731762437848374 ], [ 509587.029576525674202, 1627356.835967773804441 ], [ 509589.034686908533331, 1627357.144930480979383 ], [ 509590.998172270017676, 1627357.655470349360257 ], [ 509592.899822079343721, 1627358.362332307267934 ], [ 509594.720062304055318, 1627359.258240493480116 ], [ 509596.440156852360815, 1627360.333973165601492 ], [ 509613.809266032534651, 1627372.46401680749841 ], [ 509614.218005159462336, 1627372.720681353239343 ], [ 509614.699414018192329, 1627372.755175862461329 ], [ 509726.092455822508782, 1627375.274522406514734 ], [ 509727.181117295869626, 1627375.328860229579732 ], [ 509787.318720888462849, 1627379.976455490337685 ], [ 509788.216030713869259, 1627380.005354830995202 ], [ 509829.887486338615417, 1627379.474500622134656 ], [ 509830.773764705343638, 1627379.423778109252453 ], [ 509887.003484931017738, 1627373.6911705955863 ], [ 509887.450708225253038, 1627373.624974940204993 ], [ 509887.890097715018783, 1627373.518544628284872 ], [ 509938.395448145340197, 1627358.831593394977972 ], [ 509938.751307372294832, 1627358.713439238490537 ], [ 509939.097290584410075, 1627358.568899230798706 ], [ 510038.62005014863098, 1627312.526960204122588 ], [ 510040.34688346402254, 1627311.823852734174579 ], [ 510042.131696655997075, 1627311.284635403193533 ], [ 510043.9589732940658, 1627310.913995948620141 ], [ 510045.812827787769493, 1627310.715156566351652 ], [ 510047.677143481909297, 1627310.689845885848626 ], [ 510049.535712782584596, 1627310.838283955352381 ], [ 510051.372378055937588, 1627311.159180319402367 ], [ 510053.17117207730189, 1627311.649745241738856 ], [ 510066.462032125680707, 1627315.949429152766243 ], [ 510068.398701362544671, 1627316.68889260920696 ], [ 510070.248407560458872, 1627317.624884608667344 ], [ 510071.991271548264194, 1627318.747345863142982 ], [ 510073.608562415349297, 1627320.044213057728484 ], [ 510170.177016883797478, 1627406.073087678989395 ], [ 510170.536168055899907, 1627406.364206223748624 ], [ 510170.96169793640729, 1627406.544937766622752 ], [ 510202.457103016204201, 1627418.222154023591429 ], [ 510202.913167275255546, 1627418.366756506962702 ], [ 510203.380993821832817, 1627418.466970302863047 ], [ 510286.56017170927953, 1627432.14772829040885 ], [ 510286.956072084547486, 1627432.19668130367063 ], [ 510287.354617919714656, 1627432.213848624611273 ], [ 510398.746594991302118, 1627432.55468026176095 ], [ 510400.603584925993346, 1627432.646798815345392 ], [ 510402.44399225426605, 1627432.910992655903101 ], [ 510404.251906654273625, 1627433.344977828441188 ], [ 510406.011698690010235, 1627433.945002536056563 ], [ 510407.708154975553043, 1627434.705879570916295 ], [ 510409.326609619136434, 1627435.621031148359179 ], [ 510428.579719992121682, 1627447.722141078673303 ], [ 510429.906493369897362, 1627448.632518361322582 ], [ 510431.155775916529819, 1627449.646622683852911 ], [ 510600.323331744817551, 1627598.650366828311235 ], [ 510601.537517109245528, 1627599.814074066700414 ], [ 510694.096592820016667, 1627696.3136048221495 ], [ 510695.476478725846391, 1627697.913470193976536 ], [ 510709.952790391573217, 1627716.610122374957427 ], [ 510711.037415803526528, 1627718.156688896473497 ], [ 510711.971269494562875, 1627719.798699138918892 ], [ 510712.746018211473711, 1627721.521500592352822 ], [ 510713.354748453712091, 1627723.309719805372879 ], [ 510722.380020923737902, 1627754.595019550994039 ], [ 510722.834378848143388, 1627756.524455002043396 ], [ 510723.09548194007948, 1627758.489394565112889 ], [ 510723.160764589149039, 1627760.470530728343874 ], [ 510722.542470738990232, 1627797.616785262478516 ], [ 510722.437730636447668, 1627799.354769413592294 ], [ 510722.182203703850973, 1627801.077054340625182 ], [ 510721.777827164682094, 1627802.770582899218425 ], [ 510721.227666720864363, 1627804.422515956917778 ], [ 510697.35321649647085, 1627866.894344704924151 ], [ 510696.559130137087777, 1627868.699746424797922 ], [ 510695.591053290932905, 1627870.418139764340594 ], [ 510694.458403603581246, 1627872.032807862618938 ], [ 510693.172199716034811, 1627873.528042912250385 ], [ 510676.788188916281797, 1627890.775747898966074 ], [ 510675.101272000116296, 1627892.357451865449548 ], [ 510673.243030263925903, 1627893.733828861266375 ], [ 510605.003742376808077, 1627938.409056721488014 ], [ 510604.627926279208623, 1627938.681613241089508 ], [ 510604.678126325306948, 1627939.143137634033337 ], [ 510616.902368852111977, 1628016.792408131062984 ], [ 510616.996976270223968, 1628017.250772215658799 ], [ 510617.290361389284953, 1628017.615427344338968 ], [ 510627.896481826610398, 1628029.589044686639681 ], [ 510628.27293355652364, 1628029.970311527140439 ], [ 510628.751373603357933, 1628030.211507333442569 ], [ 510715.887160884507466, 1628068.375052865827456 ], [ 510716.310567940759938, 1628068.537824154132977 ], [ 510716.764184454106726, 1628068.538112377282232 ], [ 510770.164877891016658, 1628066.124791046604514 ], [ 510771.84826901438646, 1628066.119643339654431 ], [ 510773.526128184515983, 1628066.256101555423811 ], [ 510775.186564717325382, 1628066.533198641147465 ], [ 510788.989483247045428, 1628069.438587274868041 ], [ 510790.721408702142071, 1628069.884875525487587 ], [ 510792.406531302258372, 1628070.484125793911517 ], [ 510794.03137113165576, 1628071.231544460635632 ], [ 510795.582930503471289, 1628072.121152653591707 ], [ 510797.04879791860003, 1628073.145834075985476 ], [ 510811.724891748279333, 1628084.414402580820024 ], [ 510813.063509801984765, 1628085.538542788475752 ], [ 510814.298840646981262, 1628086.775291461031884 ], [ 510815.421444642124698, 1628088.115198136307299 ], [ 510852.864275781670585, 1628136.996428578393534 ], [ 510853.347871752805077, 1628137.655220097862184 ], [ 510895.041902259690687, 1628196.957329579861835 ], [ 510895.337714474997483, 1628197.337503414368257 ], [ 510895.70121051510796, 1628197.653585105435923 ], [ 510931.134613898349926, 1628225.569739278405905 ], [ 510931.55658655485604, 1628225.884541742736474 ], [ 510980.597798005561344, 1628260.498566413996741 ], [ 510981.06184205430327, 1628260.80708522326313 ], [ 511092.338280866621062, 1628330.396311550633982 ], [ 511092.720089726732112, 1628330.623442029813305 ], [ 511133.929595388355665, 1628353.914362529991195 ], [ 511134.832013020059094, 1628354.365868038497865 ], [ 511190.363643573713489, 1628378.726175735937431 ], [ 511190.770532311871648, 1628378.883782427525148 ], [ 511191.198679265915416, 1628378.967975665582344 ], [ 511214.346849197347183, 1628382.474118652986363 ], [ 511214.778821202751715, 1628382.520335481967777 ], [ 511215.207993707328569, 1628382.452905756887048 ], [ 511246.44854008447146, 1628376.133810647763312 ], [ 511247.845342202810571, 1628375.743831030791625 ], [ 511306.106799273809884, 1628354.809946518857032 ], [ 511307.944407888804562, 1628354.247790875611827 ], [ 511309.82749134482583, 1628353.864618380786851 ], [ 511335.010850538907107, 1628349.989642805187032 ], [ 511337.606948362081312, 1628349.761993419146165 ], [ 511384.720530027640052, 1628348.713186236098409 ], [ 511386.109452508913819, 1628348.584829814964905 ], [ 511422.720228450198192, 1628342.599655856145546 ], [ 511423.251338607515208, 1628342.482745165703818 ], [ 511423.76653634919785, 1628342.308626227779314 ], [ 511468.374244782957248, 1628324.464039145503193 ], [ 511468.732022114854772, 1628324.304348361678421 ], [ 511469.076166687416844, 1628324.117077753413469 ], [ 511543.144254845625255, 1628279.957526092883199 ], [ 511544.441130164719652, 1628279.247943907277659 ], [ 511545.78688289760612, 1628278.636108902515844 ], [ 511625.418578675424214, 1628245.927738688886166 ], [ 511625.901943347882479, 1628245.69812368019484 ], [ 511626.357886586280074, 1628245.417980472790077 ], [ 511690.606952073809225, 1628201.018049997044727 ], [ 511690.750471412204206, 1628200.919789050938562 ], [ 511728.066127480298746, 1628175.609162581618875 ], [ 511729.8651321157231, 1628174.522391029866412 ], [ 511731.76826732076006, 1628173.630445661023259 ], [ 511733.754508985730354, 1628172.94317988329567 ], [ 511735.80191493005259, 1628172.468185990350321 ], [ 511737.887867261539213, 1628172.2107112868689 ], [ 511778.119228160299826, 1628169.380417867330834 ], [ 511780.066148988262285, 1628169.338506354019046 ], [ 511879.14697098126635, 1628172.0329024202656 ], [ 511881.281062588328496, 1628172.205600797897205 ], [ 511883.38445747201331, 1628172.605478016892448 ], [ 511885.43304251646623, 1628173.227949930820614 ], [ 511940.299869583628606, 1628193.165782978525385 ], [ 511941.705746165767778, 1628193.737949618604034 ], [ 511943.064174460945651, 1628194.415102668339387 ], [ 511985.521350883762352, 1628217.631299560889602 ], [ 511987.304039959330112, 1628218.731137410039082 ], [ 511988.961899981368333, 1628220.011420144932345 ], [ 511990.476740292098839, 1628221.458100032061338 ], [ 512008.368352781108115, 1628240.433444415684789 ], [ 512009.584369300631806, 1628241.850165699608624 ], [ 512010.662957038497552, 1628243.374122367007658 ], [ 512011.594713820086326, 1628244.992029904387891 ], [ 512012.371517401363235, 1628246.689784819027409 ], [ 512012.986596292350441, 1628248.452587576815858 ], [ 512013.43458877078956, 1628250.265071611851454 ], [ 512019.253019745170604, 1628279.629166266648099 ], [ 512019.522422836045735, 1628281.40277348831296 ], [ 512019.631789747567382, 1628283.193387768929824 ], [ 512019.58024029515218, 1628284.986598094226792 ], [ 512019.368189339176752, 1628286.767972564557567 ], [ 512015.160937111650128, 1628312.29438261827454 ], [ 512014.737286446150392, 1628314.249479795340449 ], [ 512014.120415207231417, 1628316.152465520659462 ], [ 512013.316496884799562, 1628317.9842952308245 ], [ 512012.333576878241729, 1628319.726636457955465 ], [ 511970.380528129870072, 1628386.099857783876359 ], [ 511970.1378481319407, 1628386.529656454222277 ], [ 511969.984759098442737, 1628386.998894377378747 ], [ 511954.599557278270368, 1628443.534145538927987 ], [ 511954.494541166583076, 1628444.011199942789972 ], [ 511954.436726810061373, 1628444.496243021218106 ], [ 511951.228438433201518, 1628490.509467364288867 ], [ 511951.21715458977269, 1628490.941342152655125 ], [ 511951.317674584453925, 1628491.361507463734597 ], [ 511963.417604025045875, 1628533.708557676523924 ], [ 511963.59775352186989, 1628534.228419687598944 ], [ 511963.834148810594343, 1628534.725237175589427 ], [ 511989.612084426160436, 1628581.980699115432799 ], [ 511989.91430270858109, 1628582.556817080825567 ], [ 512035.755399381741881, 1628673.510213949484751 ], [ 512035.997526187449694, 1628673.936615594662726 ], [ 512036.38560105371289, 1628674.23635155451484 ], [ 512072.586374983657151, 1628699.434180640848354 ], [ 512073.633558496891055, 1628700.071436987491325 ], [ 512199.199943004001398, 1628766.287667786236852 ], [ 512199.493384065921418, 1628766.436293862760067 ], [ 512264.118565640703309, 1628797.843588652089238 ], [ 512264.480137694510631, 1628798.001949235331267 ], [ 512264.853096790669952, 1628798.131231625564396 ], [ 512375.75780627655331, 1628831.723797734128311 ], [ 512376.587319271813612, 1628831.994951423257589 ], [ 512461.764548537670635, 1628861.91046808892861 ], [ 512463.369189003191423, 1628862.553227257682011 ], [ 512464.912324790784623, 1628863.332163959974423 ], [ 512466.382425212475937, 1628864.241457796422765 ], [ 512478.34719179692911, 1628872.377279918640852 ], [ 512479.888880448532291, 1628873.538218990666792 ], [ 512481.311477336392272, 1628874.842366836732253 ], [ 512482.601732067880221, 1628876.277576343156397 ], [ 512483.74762692063814, 1628877.830479643540457 ], [ 512484.738488776260056, 1628879.486612651264295 ], [ 512492.876486367778853, 1628894.711014282424003 ], [ 512493.627907017304096, 1628896.276730332523584 ], [ 512494.240643633063883, 1628897.901739139342681 ], [ 512524.468111712718382, 1628989.996223024791107 ], [ 512524.651095176348463, 1628990.470555490581319 ], [ 512524.881458541902248, 1628990.923773922026157 ], [ 512545.680491490405984, 1629027.141735715558752 ], [ 512545.779376911232248, 1629027.31594249047339 ], [ 512570.311855499166995, 1629071.043626699130982 ], [ 512571.260052956989966, 1629072.969146509887651 ], [ 512606.703222504525911, 1629155.899922005599365 ], [ 512607.579714245977812, 1629158.396054130746052 ], [ 512616.465735062782187, 1629190.318091036984697 ], [ 512616.9321793524432, 1629192.429807835025713 ], [ 512617.167854458442889, 1629194.579546282533556 ], [ 512619.555244310817216, 1629237.868988271337003 ], [ 512619.581600594217889, 1629239.369316551601514 ], [ 512618.145252798858564, 1629311.30907373689115 ], [ 512617.785997272178065, 1629340.776499829487875 ], [ 512617.800286484009121, 1629341.217598431976512 ], [ 512617.967668491881341, 1629341.626174264121801 ], [ 512628.695585137815215, 1629364.811315670842305 ], [ 512629.355283073615283, 1629366.416356022236869 ], [ 512650.083676138601732, 1629423.81359108327888 ], [ 512650.270550018292852, 1629424.26078409072943 ], [ 512650.674939675023779, 1629424.527940281433985 ], [ 512715.032887582550757, 1629462.631336637074128 ], [ 512716.565285989898257, 1629463.636172625236213 ], [ 512717.999267044709995, 1629464.777066426118836 ], [ 512719.322789135796484, 1629466.044437594711781 ], [ 512720.524738220905419, 1629467.427643602713943 ], [ 512721.595021149842069, 1629468.915069231297821 ], [ 512722.524650405044667, 1629470.49422408407554 ], [ 512723.305819584988058, 1629472.151847493601963 ], [ 512738.301095069036819, 1629508.164292744593695 ], [ 512738.495686044858303, 1629508.576858288608491 ], [ 512738.853670936019626, 1629508.859564471757039 ], [ 512892.167046395887155, 1629618.838736621895805 ], [ 512892.610754469176754, 1629619.122748804511502 ], [ 512893.081973750900943, 1629619.35831653769128 ], [ 512926.790743329504039, 1629634.03633699985221 ], [ 512927.222261476388667, 1629634.200806513195857 ], [ 512927.68239508458646, 1629634.239987949840724 ], [ 512978.680140817014035, 1629636.200009510386735 ], [ 512980.585540450061671, 1629636.364763825433329 ], [ 512982.466486891906243, 1629636.710787458578125 ], [ 512984.30577530420851, 1629637.234915369423106 ], [ 512986.086581917654257, 1629637.932353421812877 ], [ 512987.792617876722943, 1629638.796722227241844 ], [ 512989.408278246119153, 1629639.820115497801453 ], [ 512990.918784747016616, 1629640.993172369664535 ], [ 512992.310320925724227, 1629642.305163011653349 ], [ 512993.570158548769541, 1629643.744086789665744 ], [ 512994.686774007277563, 1629645.296782017918304 ], [ 512995.649953731161077, 1629646.949046353576705 ], [ 512996.450887617422268, 1629648.685766708105803 ], [ 512997.082249597879127, 1629650.491057481151074 ], [ 512997.538264673959929, 1629652.348405866883695 ], [ 512997.814761712157633, 1629654.240822886116803 ], [ 512997.909211631398648, 1629656.150998798198998 ], [ 512997.820750500075519, 1629658.061461421195418 ], [ 512987.568509327073116, 1629766.680084265070036 ], [ 512987.546544209006242, 1629767.116621292661875 ], [ 512987.562885336694308, 1629767.553405003156513 ], [ 512991.392665095743723, 1629814.597314100014046 ], [ 512991.465470355818979, 1629815.131271047051996 ], [ 512991.651601195742842, 1629815.637004115385935 ], [ 513070.316195056599099, 1629998.153716402361169 ], [ 513070.476361660694238, 1629998.479905702872202 ], [ 513070.444843096658587, 1629998.117884452687576 ], [ 512479.523042635759339, 1625691.313414606498554 ], [ 512479.446238735923544, 1625690.838754059979692 ], [ 512473.700930281600449, 1625660.047691535903141 ], [ 512473.587669674656354, 1625659.573278042720631 ], [ 512473.168905791069847, 1625659.32321218913421 ], [ 512296.411092614638619, 1625565.396545627387241 ], [ 512295.57143545942381, 1625564.999253593850881 ], [ 512122.741922835179139, 1625492.852957045426592 ], [ 512120.719729690346867, 1625491.871934830443934 ], [ 511949.229417667665984, 1625396.418042093981057 ], [ 511947.364167647203431, 1625395.240584886400029 ], [ 511945.6399492698838, 1625393.864854516927153 ], [ 511906.602391451306175, 1625359.025506055448204 ], [ 511905.252017567341682, 1625357.700397213920951 ], [ 511904.032917175267357, 1625356.253601690055802 ], [ 511875.277124518412165, 1625318.651806924957782 ], [ 511874.179814899340272, 1625317.06354632624425 ], [ 511873.240766341390554, 1625315.376878635957837 ], [ 511872.468730273132678, 1625313.607522706734017 ], [ 511871.870901665824931, 1625311.771968009416014 ], [ 511871.452851973241195, 1625309.887320951092988 ], [ 511871.218477186397649, 1625307.971145454095677 ], [ 511862.891435069264844, 1625194.761748975375667 ], [ 511862.853968699986581, 1625194.104793660575524 ], [ 511856.417729626991786, 1625035.33196997595951 ], [ 511856.448777755605988, 1625034.126682622591034 ], [ 511856.444053623708896, 1625034.126698347507045 ], [ 511856.439295757270884, 1625032.697440372314304 ], [ 511852.255208099959418, 1624950.73672730079852 ], [ 511849.431335915112868, 1624895.430197918321937 ], [ 511849.417310267745052, 1624895.20529882516712 ], [ 511832.96496891049901, 1624671.929421930573881 ], [ 511832.915315500693396, 1624670.039681383175775 ], [ 511833.044328990392387, 1624668.15369614912197 ], [ 511833.35085643955972, 1624666.288320659659803 ], [ 511878.578000644454733, 1624454.255634614499286 ], [ 511878.663324491702951, 1624453.873954233946279 ], [ 511920.081825878180098, 1624276.749258229508996 ], [ 511920.163238836161327, 1624276.315229616127908 ], [ 511920.205936937069055, 1624275.875700572738424 ], [ 511924.417776169429999, 1624195.802467364585027 ], [ 511924.683881242061034, 1624193.438117473153397 ], [ 511943.018055728403851, 1624087.648336685728282 ], [ 511943.081438714289106, 1624087.106639153789729 ], [ 511942.965470667695627, 1624086.573717930587009 ], [ 511921.67480474099284, 1624009.462710874853656 ], [ 511921.550768891116604, 1624008.991137887816876 ], [ 511921.231226604199037, 1624007.713126390706748 ], [ 511921.087009446462616, 1624007.238591523608193 ], [ 511920.808913088287227, 1624006.827928231097758 ], [ 511845.578821781324223, 1623906.893359400099143 ], [ 511844.313613658887334, 1623904.996547089423984 ], [ 511843.272552605543751, 1623902.968040148029104 ], [ 511841.580955631972756, 1623899.150624768808484 ], [ 511696.856028824695386, 1623572.481314262375236 ], [ 511696.676392585679423, 1623572.116719740210101 ], [ 511696.467673366132658, 1623571.767958173761144 ], [ 511671.251540721044876, 1623533.282616441138089 ], [ 511670.014268861035816, 1623531.108844574540854 ], [ 511589.891788784298114, 1623367.284678328549489 ], [ 511589.666996970190667, 1623366.87510691024363 ], [ 511589.336938517342787, 1623366.544438627082855 ], [ 511526.024879446660634, 1623308.823655852815136 ], [ 511525.898474211804569, 1623308.710363734280691 ], [ 511322.801780098176096, 1623129.768382557434961 ], [ 511321.087657307914924, 1623128.063330042408779 ], [ 511319.591835835832171, 1623126.163872462464496 ], [ 511205.34174419415649, 1622961.50151259987615 ], [ 511205.062424445408396, 1622961.136152144288644 ], [ 511204.750628013978712, 1622960.798082964029163 ], [ 511100.475028326211032, 1622857.710810704622418 ], [ 511100.303254465514328, 1622857.538918164558709 ], [ 510922.743956190475728, 1622677.684614083496854 ], [ 510922.297547558846418, 1622677.283899088623002 ], [ 510921.806166625232436, 1622676.939809080446139 ], [ 510754.783504387596622, 1622574.402619595872238 ], [ 510718.078268443641718, 1622552.037338794441894 ], [ 510717.992525747220498, 1622551.984797861194238 ], [ 510638.369461380352732, 1622502.918029632885009 ], [ 510636.845332237309776, 1622501.878860819386318 ], [ 510635.423447928216774, 1622500.703664475586265 ], [ 510634.115908397827297, 1622499.402441280893981 ], [ 510581.404503609519452, 1622441.868095322744921 ], [ 510580.291469321469776, 1622440.542307271622121 ], [ 510579.297266853740439, 1622439.125225508585572 ], [ 510578.429346524993889, 1622437.6274693319574 ], [ 510513.867051187320612, 1622314.187572192866355 ], [ 510513.644980669138022, 1622313.809286301955581 ], [ 510513.490653488202952, 1622314.21989396517165 ], [ 510473.017453647102229, 1622440.318977650487795 ], [ 510472.896143354242668, 1622440.767897331388667 ], [ 510472.817187326960266, 1622441.226166917011142 ], [ 510466.123979171679821, 1622494.942786789964885 ], [ 510465.787486559769604, 1622496.869628383079544 ], [ 510465.264353878039401, 1622498.754377166740596 ], [ 510464.55958641791949, 1622500.579000019934028 ], [ 510463.679927335237153, 1622502.326039106817916 ], [ 510462.633793131681159, 1622503.978778906166553 ], [ 510461.431193142896518, 1622505.521406144136563 ], [ 510460.083633741072845, 1622506.939161095768213 ], [ 510458.604008265945595, 1622508.218478806316853 ], [ 510457.006473645393271, 1622509.34711887454614 ], [ 510455.306314962683246, 1622510.314282572595403 ], [ 510453.519799194065854, 1622511.110716167837381 ], [ 510451.664019566494972, 1622511.728799454169348 ], [ 510449.756732021342032, 1622512.162618669681251 ], [ 510447.81618532713037, 1622512.408023076830432 ], [ 510445.860946469474584, 1622512.46266467217356 ], [ 510443.909722990414593, 1622512.326020654058084 ], [ 510441.98118404392153, 1622511.999398430110887 ], [ 510440.093781703151762, 1622511.485923096071929 ], [ 510438.26557447866071, 1622510.790507546393201 ], [ 510436.514054488157853, 1622509.919805456651375 ], [ 510434.85598012059927, 1622508.882147639524192 ], [ 510433.307215683686081, 1622507.68746231123805 ], [ 510431.882579608412925, 1622506.347180121578276 ], [ 510380.109137677529361, 1622452.629522598115727 ], [ 510379.771737589442637, 1622452.311685579828918 ], [ 510379.388169373851269, 1622452.571944326395169 ], [ 510198.471153789141681, 1622588.525062292115763 ], [ 510198.101751402602531, 1622588.832594129256904 ], [ 510198.252496231812984, 1622589.28900398616679 ], [ 510231.866831947932951, 1622676.259286291897297 ], [ 510232.471824704727624, 1622678.079848809866235 ], [ 510232.899573023314588, 1622679.950008033541963 ], [ 510233.146139870630577, 1622681.852550796000287 ], [ 510233.209255802736152, 1622683.769965870305896 ], [ 510233.088339899433777, 1622685.684605137212202 ], [ 510232.784505087300204, 1622687.578846032731235 ], [ 510232.300547891063616, 1622689.435253738658503 ], [ 510231.640922715247143, 1622691.236741659697145 ], [ 510230.811700832447968, 1622692.966728686820716 ], [ 510229.820514497463591, 1622694.609291817294434 ], [ 510228.676486709620804, 1622696.149312704335898 ], [ 510227.390147245139815, 1622697.572616819292307 ], [ 510225.973335714428686, 1622698.866103905485943 ], [ 510224.439092628250364, 1622700.017868559807539 ], [ 510222.801539337029681, 1622701.017309804446995 ], [ 510221.075748087023385, 1622701.855228672269732 ], [ 510219.277603252732661, 1622702.52391286729835 ], [ 510217.423655175545719, 1622703.017207739874721 ], [ 510215.53096780955093, 1622703.330572956940159 ], [ 510183.710614470415749, 1622707.041294513270259 ], [ 510183.255005078564864, 1622707.117134772939608 ], [ 510183.371628404885996, 1622707.564047153806314 ], [ 510220.783795276714955, 1622826.766972511308268 ], [ 510221.287581734068226, 1622828.707892401143909 ], [ 510221.594448663527146, 1622830.689508797600865 ], [ 510221.701310302712955, 1622832.69189523649402 ], [ 510221.607092098158319, 1622834.694916403619573 ], [ 510221.312741468136664, 1622836.678430597996339 ], [ 510220.821218312019482, 1622838.622492274502292 ], [ 510220.137465216277633, 1622840.507552610710263 ], [ 510219.268357768421993, 1622842.314656082773581 ], [ 510218.222635421378072, 1622844.025631075026467 ], [ 510217.010813610686455, 1622845.623272603843361 ], [ 510215.645077993802261, 1622847.091515334090218 ], [ 510214.139161966741085, 1622848.415595121914521 ], [ 510212.508208496845327, 1622849.582197474082932 ], [ 510210.768617897527292, 1622850.579591441201046 ], [ 510208.937882902449928, 1622851.397747572977096 ], [ 510207.034412765700836, 1622852.028438775800169 ], [ 510205.077348129241727, 1622852.465323045151308 ], [ 510203.086368561838754, 1622852.704007224878296 ], [ 510200.732955385232344, 1622852.867013654205948 ], [ 510002.636848119378556, 1622866.735170291271061 ], [ 510002.181197347759735, 1622866.78822332364507 ], [ 510001.732350754202344, 1622866.8829293793533 ], [ 509776.105041988135781, 1622925.449392903596163 ], [ 509774.087236765248235, 1622925.863547919783741 ], [ 509772.037531552137807, 1622926.067926820833236 ], [ 509752.843999217322562, 1622926.987133723916486 ], [ 509419.118284693628084, 1622945.406193933449686 ], [ 509418.664320013544057, 1622945.452930646250024 ], [ 509418.600852479808964, 1622945.904876002809033 ], [ 509418.558291617024224, 1622946.365853448398411 ], [ 509416.914052451145835, 1622964.34214544435963 ], [ 509392.983950616733637, 1623225.88623421266675 ], [ 509392.707903163449373, 1623227.837507493561134 ], [ 509392.241129127622116, 1623229.752133196685463 ], [ 509391.588161994819529, 1623231.611515746219084 ], [ 509390.755343632365111, 1623233.397596107795835 ], [ 509389.750762693118304, 1623235.093027192633599 ], [ 509388.584176055039279, 1623236.681342323077843 ], [ 509387.266914051899221, 1623238.147115183528513 ], [ 509385.811770441010594, 1623239.476109629496932 ], [ 509384.232878133188933, 1623240.655417965957895 ], [ 509382.545571927388664, 1623241.673586300108582 ], [ 509380.76623959839344, 1623242.52072580344975 ], [ 509378.912162694905419, 1623243.188608738826588 ], [ 509377.001348716847133, 1623243.670748376753181 ], [ 509375.052356221072841, 1623243.962462003342807 ], [ 509373.084114557132125, 1623244.060916385613382 ], [ 508786.81938479776727, 1623244.462011866737157 ], [ 508784.830644409288652, 1623244.364239542977884 ], [ 508782.861486672481988, 1623244.069170917617157 ], [ 508780.931435698992573, 1623243.579731590114534 ], [ 508779.059627856768202, 1623242.900774337118492 ], [ 508777.264622028334998, 1623242.039030992658809 ], [ 508775.564215628081001, 1623241.003045707941055 ], [ 508773.975268090667669, 1623239.803090233588591 ], [ 508772.513533754041418, 1623238.451062079751864 ], [ 508771.193505652889144, 1623236.960366546176374 ], [ 508770.028271796414629, 1623235.345783811528236 ], [ 508769.029385422240011, 1623233.623322391882539 ], [ 508739.943532116012648, 1623177.165299547370523 ], [ 508724.997805061517283, 1623148.154437131481245 ], [ 508724.612893674173392, 1623147.474046410061419 ], [ 508651.83743139175931, 1623029.8199570577126 ], [ 508651.664561795711052, 1623029.550240818876773 ], [ 508602.597637996717822, 1622955.628944705007598 ], [ 508602.331381119729485, 1622955.247395628131926 ], [ 508547.420567692781333, 1622880.336472271708772 ], [ 508547.195354551193304, 1622880.040910892887041 ], [ 508495.843310724943876, 1622815.184967326000333 ], [ 508495.646470114414115, 1622814.944157681195065 ], [ 508433.571814818191342, 1622741.36959190829657 ], [ 508366.053919311671052, 1622662.498561467742547 ], [ 508365.73390093591297, 1622662.142371765803546 ], [ 508291.766967127216049, 1622583.67955399537459 ], [ 508291.448411417659372, 1622583.373553154757246 ], [ 508291.424055246985517, 1622583.814598549623042 ], [ 508291.397979623056017, 1622588.485648856731132 ], [ 508287.796457745600492, 1623221.067686256021261 ], [ 508287.689412990701385, 1623223.023226383840665 ], [ 508287.391585580015089, 1623224.958916075294837 ], [ 508286.905832336342428, 1623226.856187673052773 ], [ 508286.236812751158141, 1623228.696842032950372 ], [ 508285.390944234270137, 1623230.463223104132339 ], [ 508284.376340595365036, 1623232.138387279119343 ], [ 508283.202734184509609, 1623233.706265935441479 ], [ 508281.881382554362062, 1623235.151819554856047 ], [ 508280.424960472679231, 1623236.461182005237788 ], [ 508278.847438332624733, 1623237.621793532278389 ], [ 508277.163948147732299, 1623238.622521237237379 ], [ 508275.390638425364159, 1623239.453765877522528 ], [ 508273.544519226416014, 1623240.107553935609758 ], [ 508271.643299023038708, 1623240.577614104840904 ], [ 508269.705214822955895, 1623240.859437447972596 ], [ 508267.748857260274235, 1623240.950320647796616 ], [ 507858.699904831126332, 1623239.899992413353175 ], [ 507310.420218854036648, 1623238.954742177622393 ], [ 507309.964060055790469, 1623238.975835479795933 ] ] ] } },
{ "type": "Feature", "properties": { "district": "DISTRICT 3", "pct_total_population": 18.9, "pct_female_population": 18.89, "pct_male_population": 18.9, "pct_children_0_4": 18.94, "pct_female_children_0_4": 18.95, "pct_male_children_0_4": 18.94, "pct_elderly_60plus": 18.76, "pct_female_elderly_60plus": 18.76, "pct_male_elderly_60plus": 18.76, "pct_childcare_facilities": 24.81, "pct_eldercare_facilities": 0.0, "pct_pwd_facilities": 33.33 }, "geometry": { "type": "Polygon", "coordinates": [ [ [ 504804.627001041953918, 1618113.661505954572931 ], [ 504805.076675495831296, 1618113.821579153183848 ], [ 505473.715529643697664, 1618314.471097748028114 ], [ 505473.750328894879203, 1618314.481575032928959 ], [ 505719.349086802452803, 1618388.669473129557446 ], [ 506028.952314199181274, 1618480.349911776604131 ], [ 506028.98232208850095, 1618480.358823345974088 ], [ 506499.283093016536441, 1618620.426867450354621 ], [ 506501.001396814244799, 1618621.024990546749905 ], [ 506540.041414401202928, 1618636.63986032968387 ], [ 506541.861717333435081, 1618637.475989962229505 ], [ 506543.589232071477454, 1618638.490045408019796 ], [ 506545.206622729136143, 1618639.671850464073941 ], [ 506546.697658523102291, 1618641.009545526001602 ], [ 506593.082394507946447, 1618687.02041025320068 ], [ 506593.435160837136209, 1618687.338178476551548 ], [ 506593.894921125320252, 1618687.456674038432539 ], [ 506682.551576423225924, 1618705.81099579599686 ], [ 506684.455218600865919, 1618706.303837520536035 ], [ 506735.412589623883832, 1618722.207650461001322 ], [ 506737.216415646020323, 1618722.867251282557845 ], [ 506738.948640037036967, 1618723.696865836391225 ], [ 506740.593282221117988, 1618724.688840548275039 ], [ 506742.135169607412536, 1618725.834023989737034 ], [ 506743.560077565023676, 1618727.121851318748668 ], [ 506744.854860658175312, 1618728.540441734483466 ], [ 506746.007573895622045, 1618730.076708077453077 ], [ 506747.007582970429212, 1618731.716477578971535 ], [ 506747.84566231892677, 1618733.444622601149604 ], [ 506748.514080272230785, 1618735.245200206292793 ], [ 506749.00667036260711, 1618737.101599225774407 ], [ 506749.318888210807927, 1618738.996693511260673 ], [ 506749.447853470104747, 1618740.912999937310815 ], [ 506749.39237636217149, 1618742.832839682465419 ], [ 506749.152968695852906, 1618744.738501332700253 ], [ 506735.636253079283051, 1618822.08045044937171 ], [ 506735.196540952369105, 1618824.593883482273668 ], [ 506735.137687502952758, 1618825.063248556107283 ], [ 506735.459239541611169, 1618825.410194630734622 ], [ 506800.777084216533694, 1618889.37246455787681 ], [ 506803.453336412436329, 1618891.992522676009685 ], [ 506803.546474431175739, 1618892.084303362993523 ], [ 507871.509660057665315, 1619951.394512663362548 ], [ 507871.629145867656916, 1619951.511068460531533 ], [ 508073.703615359030664, 1620145.365031250286847 ], [ 508075.120351251214743, 1620146.872412495082244 ], [ 508076.373775385261979, 1620148.518093767343089 ], [ 508077.45047356991563, 1620150.28446293156594 ], [ 508078.338922940252814, 1620152.152616242645308 ], [ 508079.029615274630487, 1620154.102560660801828 ], [ 508079.515158758556936, 1620156.113427815027535 ], [ 508079.790357094549108, 1620158.163697331678122 ], [ 508079.852265084569808, 1620160.231427157763392 ], [ 508071.086994931916706, 1620561.906261685071513 ], [ 508070.94412836880656, 1620563.895317452261224 ], [ 508070.603858064219821, 1620565.860252513084561 ], [ 508070.069568116567098, 1620567.781524979509413 ], [ 508069.346572197508067, 1620569.640027197776362 ], [ 508068.442060734960251, 1620571.417275786632672 ], [ 508067.365029378037434, 1620573.095595457358286 ], [ 508066.126189540780615, 1620574.658294800668955 ], [ 508064.737861876841635, 1620576.089832288911566 ], [ 508063.213853732508142, 1620577.375970838358626 ], [ 508061.56932185147889, 1620578.503919409355149 ], [ 508059.820621607592329, 1620579.462460204958916 ], [ 508057.985144376056269, 1620580.242060245014727 ], [ 508056.081144547497388, 1620580.834966173861176 ], [ 508054.127557988394983, 1620581.23528136103414 ], [ 508052.143813724920619, 1620581.439024556428194 ], [ 508050.149640699557494, 1620581.444169478025287 ], [ 507861.17207318963483, 1620572.498142523691058 ], [ 507860.691256748104934, 1620572.499711345881224 ], [ 507860.666968338016886, 1620572.979916517389938 ], [ 507860.681647665682249, 1621078.100659853313118 ], [ 507860.707728077773936, 1621078.605320955859497 ], [ 507861.060996979475021, 1621078.966657494427636 ], [ 508071.565045330673456, 1621273.146719294134527 ], [ 508072.964163971482776, 1621274.573149498552084 ], [ 508074.213947127165738, 1621276.132084470242262 ], [ 508075.301916931814048, 1621277.80795975937508 ], [ 508076.217211048235185, 1621279.584043380105868 ], [ 508076.950691152538639, 1621281.442602860508487 ], [ 508077.495034154504538, 1621283.365082287462428 ], [ 508077.844805322529282, 1621285.332287568133324 ], [ 508077.996512520243414, 1621287.324578067054972 ], [ 508077.948641108407173, 1621289.322062695166096 ], [ 508077.701669024361763, 1621291.304798503173515 ], [ 508077.258062052016612, 1621293.252989799715579 ], [ 508076.622249177831691, 1621295.147185781039298 ], [ 508075.800578376394697, 1621296.968474741559476 ], [ 508056.124311398947611, 1621335.343074672156945 ], [ 508056.016934435232542, 1621335.558859280077741 ], [ 507919.289027987746522, 1621618.837158826878294 ], [ 507918.417927292990498, 1621620.448863726574928 ], [ 507917.402975809003692, 1621621.974079299950972 ], [ 507916.2526929777232, 1621623.400002994574606 ], [ 507871.354442530719098, 1621674.115273864008486 ], [ 507871.19769449532032, 1621674.2966662729159 ], [ 507832.890576255042106, 1621719.71604244178161 ], [ 507831.506280545203481, 1621721.197871254524216 ], [ 507829.979025189997628, 1621722.531881095143035 ], [ 507828.324516197550111, 1621723.704353279899806 ], [ 507826.559768184612039, 1621724.703230350743979 ], [ 507824.702929474238772, 1621725.51824005972594 ], [ 507822.773095406242646, 1621726.141001023584977 ], [ 507820.79011201596586, 1621726.565108900889754 ], [ 507818.774371889070608, 1621726.78620225796476 ], [ 507816.746604487998411, 1621726.802007425809279 ], [ 507814.727662951918319, 1621726.612361872103065 ], [ 507757.49125050852308, 1621718.290396020980552 ], [ 506945.706233655451797, 1621600.251745298271999 ], [ 506945.2985583403497, 1621600.21312867756933 ], [ 506945.627373829251155, 1621600.457199939759448 ], [ 507228.103492874652147, 1621789.013102179393172 ], [ 507228.72955843625823, 1621789.44849069067277 ], [ 507250.069769518624526, 1621804.901172330370173 ], [ 507250.463013186817989, 1621805.171850748127326 ], [ 507438.396207300655078, 1621928.022250743582845 ], [ 507439.933815937372856, 1621929.134988242061809 ], [ 507441.358999628166202, 1621930.388493964448571 ], [ 507442.658918569562957, 1621931.771474799141288 ], [ 507443.821861487114802, 1621933.271471155341715 ], [ 507444.837351171008777, 1621934.874969230731949 ], [ 507445.696238840348087, 1621936.567522750003263 ], [ 507446.390786574280355, 1621938.33388311532326 ], [ 507446.914737032551784, 1621940.158136784797534 ], [ 507447.263369831838645, 1621942.023848642362282 ], [ 507447.433544047933538, 1621943.914210065733641 ], [ 507447.423726558103226, 1621945.812190362717956 ], [ 507447.234005796723068, 1621947.70069019170478 ], [ 507446.866091005213093, 1621949.562695633620024 ], [ 507446.323296813294291, 1621951.381431455723941 ], [ 507445.610513381252531, 1621953.140512255718932 ], [ 507283.651207951130345, 1622304.003972936887294 ], [ 507282.795644870901015, 1622305.651767786126584 ], [ 507270.093509593163617, 1622327.564086974831298 ], [ 507269.877194341737777, 1622327.981564064277336 ], [ 507269.74322564213071, 1622328.432265519397333 ], [ 507263.433881668199319, 1622354.032162742922083 ], [ 507263.345568916585762, 1622354.476484284270555 ], [ 507263.297947032144293, 1622354.926987257786095 ], [ 507246.802383670990821, 1622630.094947337172925 ], [ 507246.362672050483525, 1622637.481754868058488 ], [ 507246.357705863425508, 1622637.971998907160014 ], [ 507246.448938278073911, 1622638.453707032138482 ], [ 507293.723812577954959, 1622834.604407187085599 ], [ 507294.06418965512421, 1622836.356751016108319 ], [ 507307.978118947357871, 1622930.195946891093627 ], [ 507308.194046529592015, 1622933.014669924741611 ], [ 507309.106643560167868, 1623092.86478802585043 ], [ 507309.938100178842433, 1623238.465361918089911 ], [ 507309.963542471814435, 1623238.931172740412876 ], [ 507310.429450986848678, 1623238.954758087638766 ], [ 507858.683025202364661, 1623239.899956195382401 ], [ 508287.153164969524369, 1623241.000503712100908 ], [ 508287.193324172403663, 1623241.00057968380861 ], [ 508287.660181040700991, 1623240.978581339353696 ], [ 508287.685721381683834, 1623240.511817096965387 ], [ 508291.143092225189321, 1622633.267169418744743 ], [ 508291.252600946056191, 1622631.288024006644264 ], [ 508291.557514451094903, 1622629.329443789552897 ], [ 508292.054836699157022, 1622627.410673530073836 ], [ 508292.73968105885433, 1622625.550566834630445 ], [ 508293.605318345944397, 1622623.767400880577043 ], [ 508294.643242906080559, 1622622.078696837415919 ], [ 508295.843256232212298, 1622620.501047708559781 ], [ 508297.193567132228054, 1622619.049955279566348 ], [ 508298.680907629895955, 1622617.739677813369781 ], [ 508300.290663302526809, 1622616.58308993652463 ], [ 508302.007016881019808, 1622615.59155614906922 ], [ 508303.813103696040343, 1622614.774819140089676 ], [ 508305.691177352447994, 1622614.140904077794403 ], [ 508307.622784129867796, 1622613.69603973813355 ], [ 508309.58894429722568, 1622613.444597310153767 ], [ 508311.570338607067242, 1622613.389047444798052 ], [ 508313.547498104569968, 1622613.529935975093395 ], [ 508315.500995465670712, 1622613.865878550801426 ], [ 508317.411635853932239, 1622614.39357424643822 ], [ 508319.260645553877112, 1622615.107837994582951 ], [ 508321.029856399807613, 1622616.001651531318203 ], [ 508322.701884340611286, 1622617.0662323506549 ], [ 508324.260300226858817, 1622618.29112001741305 ], [ 508325.689791237702593, 1622619.664278930984437 ], [ 508365.569560714415275, 1622661.96804249053821 ], [ 508366.209755462652538, 1622662.680597746511921 ], [ 508433.478876084147487, 1622741.260234643006697 ], [ 508433.571846721693873, 1622741.369629720691592 ], [ 508495.546164590865374, 1622814.82526957266964 ], [ 508495.939869606227148, 1622815.306917980546132 ], [ 508547.079981203656644, 1622879.895198095357046 ], [ 508547.530446381890215, 1622880.486371908802539 ], [ 508602.193774817860685, 1622955.059669044567272 ], [ 508602.726360696542542, 1622955.822870549280196 ], [ 508651.575954685977194, 1623029.416750585660338 ], [ 508651.921716064098291, 1623029.956217675236985 ], [ 508724.406966031354386, 1623147.141128620598465 ], [ 508725.177083483431488, 1623148.502430953318253 ], [ 508739.943532116012648, 1623177.165299547370523 ], [ 508774.389408635324799, 1623244.027570867212489 ], [ 508774.632210008741822, 1623244.446253168862313 ], [ 508775.115617244096939, 1623244.470018890686333 ], [ 509390.829158482432831, 1623244.048775799339637 ], [ 509391.300888168276288, 1623244.025179300224409 ], [ 509391.367052248388063, 1623243.557516999309883 ], [ 509391.854954880080186, 1623238.225495709571987 ], [ 509416.914002545992844, 1622964.342690968653187 ], [ 509417.071041573013645, 1622962.625793159240857 ], [ 509417.333472862956114, 1622960.745786950457841 ], [ 509417.772984621406067, 1622958.899135134648532 ], [ 509418.385616325133014, 1622957.10247825901024 ], [ 509419.165847421681974, 1622955.372006368124858 ], [ 509420.106647092325147, 1622953.723313091788441 ], [ 509421.199537603417411, 1622952.171255142427981 ], [ 509422.434670703078154, 1622950.72981843072921 ], [ 509423.80091635347344, 1622949.411992037901655 ], [ 509425.285963046422694, 1622948.229651167057455 ], [ 509426.87642871926073, 1622947.193450136343017 ], [ 509428.557981370715424, 1622946.312726367497817 ], [ 509430.31546819023788, 1622945.595416248776019 ], [ 509432.133052103861701, 1622945.047983608907089 ], [ 509433.994354490481783, 1622944.675361483357847 ], [ 509435.882602781173773, 1622944.480907648801804 ], [ 509752.698572469584178, 1622926.994629363762215 ], [ 509752.844015055219643, 1622926.987132964190096 ], [ 509773.588552445929963, 1622925.993646113201976 ], [ 509774.099276397086214, 1622925.942721130559221 ], [ 509774.602051835798193, 1622925.839526349212974 ], [ 510000.391328402503859, 1622867.231021056650206 ], [ 510002.191483705770224, 1622866.851190594024956 ], [ 510004.018929124169517, 1622866.638414656510577 ], [ 510200.718197093694471, 1622852.868041356559843 ], [ 510226.477142193063628, 1622851.083872144343331 ], [ 510227.874079022207297, 1622850.987312845187262 ], [ 510228.342965979187284, 1622850.931166633032262 ], [ 510228.22432522411691, 1622850.474076090380549 ], [ 510190.460183275106829, 1622730.149633293272927 ], [ 510189.967015617177822, 1622728.259764030808583 ], [ 510189.660570312407799, 1622726.330797613598406 ], [ 510189.543770881486125, 1622724.381136605516076 ], [ 510189.617731600534171, 1622722.429380991961807 ], [ 510189.881746874190867, 1622720.494150750571862 ], [ 510190.33329797553597, 1622718.593908196548 ], [ 510190.968077050813008, 1622716.746781864436343 ], [ 510191.780028235749342, 1622714.970393552444875 ], [ 510192.761405429104343, 1622713.281690209172666 ], [ 510193.902846179262269, 1622711.696782260900363 ], [ 510195.193461010116152, 1622710.230789914960042 ], [ 510196.620937315979972, 1622708.897698909044266 ], [ 510198.171656803286169, 1622707.710227091331035 ], [ 510199.830825436976738, 1622706.679703080793843 ], [ 510201.58261455380125, 1622705.815958203049377 ], [ 510203.410311891988385, 1622705.127232689410448 ], [ 510205.296480994846206, 1622704.620097066508606 ], [ 510207.223127602366731, 1622704.299389473162591 ], [ 510240.697524901770521, 1622700.395781496772543 ], [ 510241.143842327990569, 1622700.321886372286826 ], [ 510241.001178154314402, 1622699.892576832091436 ], [ 510203.525903200497851, 1622602.93286804901436 ], [ 510202.901348808372859, 1622601.041905317921191 ], [ 510202.467974468832836, 1622599.098198827123269 ], [ 510202.230078262742609, 1622597.121025688713416 ], [ 510202.190019573958125, 1622595.129994916729629 ], [ 510202.348195692407899, 1622593.144852972356603 ], [ 510202.703037870523985, 1622591.185287905624136 ], [ 510203.251026895188261, 1622589.270734105492011 ], [ 510203.986727974493988, 1622587.420179550535977 ], [ 510204.902844639203977, 1622585.651977498549968 ], [ 510205.990291119785979, 1622583.983664457220584 ], [ 510207.238282445876393, 1622582.431786266155541 ], [ 510208.63444140489446, 1622581.011733999243006 ], [ 510210.164921312476508, 1622579.737591320648789 ], [ 510365.635837112320587, 1622462.906371747842059 ], [ 510367.232872185122687, 1622461.822751458268613 ], [ 510368.926931366557255, 1622460.898133975686505 ], [ 510370.702234736876562, 1622460.141131991287693 ], [ 510372.542245583725162, 1622459.558796881465241 ], [ 510374.429824464023113, 1622459.15655302000232 ], [ 510376.347388845053501, 1622458.938147259410471 ], [ 510378.277076872007456, 1622458.905614023562521 ], [ 510380.200913773383945, 1622459.059256360633299 ], [ 510382.100979262613691, 1622459.397643121192232 ], [ 510383.959574489388615, 1622459.91762228612788 ], [ 510385.759386897494551, 1622460.614350317278877 ], [ 510387.483651469752658, 1622461.481337301898748 ], [ 510389.116306912619621, 1622462.510507373837754 ], [ 510390.642145259073004, 1622463.692273958120495 ], [ 510392.046953539596871, 1622465.015629060333595 ], [ 510460.60609557130374, 1622536.149345435900614 ], [ 510460.929707546310965, 1622536.453796168090776 ], [ 510461.00614332256373, 1622536.016106166411191 ], [ 510472.64349818759365, 1622442.620117916027084 ], [ 510472.960184602532536, 1622440.782034741248935 ], [ 510473.446750600181986, 1622438.981453287880868 ], [ 510513.493232862034347, 1622314.211857617367059 ], [ 510513.616419887228403, 1622313.753365900600329 ], [ 510513.513517881685402, 1622313.289899743394926 ], [ 510499.172928532643709, 1622260.775454552611336 ], [ 510498.67877569393022, 1622258.412954384228215 ], [ 510498.472857673128601, 1622256.008127602981403 ], [ 510497.744934660382569, 1622226.934186829021201 ], [ 510497.738670076825656, 1622226.43426315789111 ], [ 510497.73833517258754, 1622214.911051808157936 ], [ 510497.824006776383612, 1622213.061421621590853 ], [ 510504.318815737264231, 1622143.123086870647967 ], [ 510504.340026620659046, 1622142.679659213172272 ], [ 510504.204340622993186, 1622142.256968666566536 ], [ 510490.221732770150993, 1622104.586160690989345 ], [ 510489.885964235581923, 1622103.789109703386202 ], [ 510474.856362646562047, 1622072.028146482305601 ], [ 510474.110124201804865, 1622070.229510341072455 ], [ 510473.542368053458631, 1622068.366819619201124 ], [ 510473.15847818198381, 1622066.457738074706867 ], [ 510472.962095000664704, 1622064.520369392354041 ], [ 510472.955080780549906, 1622062.573085497599095 ], [ 510474.170834409189411, 1622035.638894669478759 ], [ 510474.167564626201056, 1622035.132422387832776 ], [ 510473.871135218068957, 1622034.721746773459017 ], [ 510454.927588000486139, 1622011.140883955173194 ], [ 510454.552393367164768, 1622010.700569811044261 ], [ 510434.171439958270639, 1621988.138688154984266 ], [ 510433.827817437879276, 1621987.794717504177243 ], [ 510433.366191318549681, 1621987.947339808335528 ], [ 510403.228101707296446, 1621999.62092927377671 ], [ 510402.772490659437608, 1621999.824484881013632 ], [ 510402.472737384785432, 1622000.223438887856901 ], [ 510392.304638626868837, 1622015.28770571667701 ], [ 510392.06003148650052, 1622015.689808865310624 ], [ 510391.85443477134686, 1622016.113187639974058 ], [ 510387.554405716247857, 1622026.147846533916891 ], [ 510386.725860290462151, 1622027.853169429348782 ], [ 510385.739534820429981, 1622029.472359261708334 ], [ 510384.604295787226874, 1622030.990860468242317 ], [ 510383.330348327814136, 1622032.395022626500577 ], [ 510381.929144476889633, 1622033.672223150031641 ], [ 510380.413280221167952, 1622034.810980765614659 ], [ 510378.796382299566176, 1622035.801058718236163 ], [ 510377.092985666065942, 1622036.633556800195947 ], [ 510375.318402842385694, 1622037.300991347292438 ], [ 510373.488586283114273, 1622037.797362527111545 ], [ 510371.619984957622364, 1622038.118208259576932 ], [ 510369.729396477167029, 1622038.260644336231053 ], [ 510354.401168477081228, 1622038.686471879482269 ], [ 510353.94556606275728, 1622038.720156669616699 ], [ 510353.516411427001003, 1622038.876791656482965 ], [ 510305.788461060146801, 1622058.830535708926618 ], [ 510305.263601151003968, 1622059.067955781472847 ], [ 510274.214740205381531, 1622074.205269985832274 ], [ 510273.795977438858245, 1622074.435545607935637 ], [ 510273.755285799270496, 1622074.911710837157443 ], [ 510272.601455332071055, 1622106.850371231324971 ], [ 510272.608924750355072, 1622107.346603157697245 ], [ 510273.036495614564046, 1622107.598565567517653 ], [ 510296.479269091039896, 1622119.843199596274644 ], [ 510298.138557848171331, 1622120.814140421804041 ], [ 510299.696940093941521, 1622121.939933528192341 ], [ 510301.140011902665719, 1622123.210173349361867 ], [ 510302.454435125458986, 1622124.613119224086404 ], [ 510303.628060706309043, 1622126.135803894139826 ], [ 510304.650040972628631, 1622127.764153371797875 ], [ 510305.510929873096757, 1622129.483117026509717 ], [ 510306.202770322677679, 1622131.276806687936187 ], [ 510306.719167711620685, 1622133.128643497126177 ], [ 510307.055349050322548, 1622135.021511156577617 ], [ 510307.208207055460662, 1622136.937914120964706 ], [ 510307.176328875415493, 1622138.860139309428632 ], [ 510306.960009152069688, 1622140.770419827662408 ], [ 510306.561247304838616, 1622142.651099185924977 ], [ 510305.983729045081418, 1622144.484794495860115 ], [ 510305.23279230640037, 1622146.254557132488117 ], [ 510304.315377902472392, 1622147.944029397331178 ], [ 510303.239965388725977, 1622149.537595707457513 ], [ 510302.016494675539434, 1622151.020526921376586 ], [ 510300.656274147680961, 1622152.379116493044421 ], [ 510299.171876170439646, 1622153.600807146169245 ], [ 510297.577020848577376, 1622154.674306947970763 ], [ 510295.88644924206892, 1622155.589693677378818 ], [ 510267.863049644103739, 1622169.063653743360192 ], [ 510267.452096996770706, 1622169.286398485768586 ], [ 510267.499610035098158, 1622169.537028898019344 ], [ 510267.764509775617626, 1622171.419527144171298 ], [ 510267.849450353940483, 1622173.31867343490012 ], [ 510267.753664094838314, 1622175.217303603887558 ], [ 510267.478016701177694, 1622177.098258156562224 ], [ 510267.024999422545079, 1622178.944537344388664 ], [ 510266.398706562118605, 1622180.739454809110612 ], [ 510265.604798443149775, 1622182.466788391815498 ], [ 510264.650450276618358, 1622184.110926743131131 ], [ 510263.544287298689596, 1622185.657010426046327 ], [ 510262.296306832402479, 1622187.09106619679369 ], [ 510260.917787908285391, 1622188.400133308023214 ], [ 510259.421189353975933, 1622189.572380635887384 ], [ 510257.820037166762631, 1622190.597213613102213 ], [ 510256.128802296530921, 1622191.465369977522641 ], [ 510254.362769831495825, 1622192.169003485236317 ], [ 510253.949495933833532, 1622192.311298001324758 ], [ 510253.650036807579454, 1622193.052177727688104 ], [ 510252.855555289832409, 1622194.777124266140163 ], [ 510251.90102152491454, 1622196.418924092780799 ], [ 510250.795044926286209, 1622197.962768992874771 ], [ 510249.547600853664335, 1622199.394734258297831 ], [ 510248.169940625841264, 1622200.701904280809686 ], [ 510246.674490065372083, 1622201.872489042580128 ], [ 510245.074737378687132, 1622202.895930458791554 ], [ 510243.385111539624631, 1622203.762997603509575 ], [ 510229.778139925154392, 1622209.94795161113143 ], [ 510229.356336097116582, 1622210.165507096564397 ], [ 510229.61369022220606, 1622211.018208949128166 ], [ 510230.093856900813989, 1622212.953096308745444 ], [ 510230.378978852822911, 1622214.926178833469748 ], [ 510230.466222218528856, 1622216.917845919262618 ], [ 510230.354719893599395, 1622218.908302252879366 ], [ 510230.045580091013107, 1622220.877764552365988 ], [ 510229.541875383933075, 1622222.806658199755475 ], [ 510228.848612126719672, 1622224.675811788998544 ], [ 510227.972680707229301, 1622226.466647680150345 ], [ 510226.922787078190595, 1622228.161366632673889 ], [ 510225.709366200782824, 1622229.743124721106142 ], [ 510224.344478350190911, 1622231.196200750768185 ], [ 510222.841689240653068, 1622232.506152502493933 ], [ 510221.215935202781111, 1622233.659960282500833 ], [ 510219.483374705712777, 1622234.646156321046874 ], [ 510217.661227797274478, 1622235.454938758164644 ], [ 510215.767604906868655, 1622236.078269053250551 ], [ 510213.821326891658828, 1622236.509951896267012 ], [ 510211.841737929440569, 1622236.745696763042361 ], [ 510209.848513284057844, 1622236.783160580089316 ], [ 510207.861463748675305, 1622236.621970997424796 ], [ 510205.900338738632854, 1622236.263730095000938 ], [ 510203.984629992395639, 1622235.711998460348696 ], [ 510202.133377867459785, 1622234.972259790170938 ], [ 510200.364982064929791, 1622234.051866404246539 ], [ 510198.697018791222945, 1622232.959966155234724 ], [ 510182.466677465650719, 1622221.138812615536153 ], [ 510182.089934642368462, 1622220.889873949112371 ], [ 510181.649182551191188, 1622220.791674128500745 ], [ 510137.345322517096065, 1622213.020754936151206 ], [ 510136.856816544954199, 1622212.959943684982136 ], [ 510136.382963875774294, 1622213.093359384452924 ], [ 510061.774168582109269, 1622238.169284728588536 ], [ 510059.840608541038819, 1622238.712740835966542 ], [ 510057.862285617971793, 1622239.059493347536772 ], [ 510055.859157653525472, 1622239.206044139573351 ], [ 510053.851432706462219, 1622239.150914778001606 ], [ 510051.859365227341186, 1622238.894661429570988 ], [ 510049.903051694971509, 1622238.439869248308241 ], [ 510048.002227908407804, 1622237.791126300347969 ], [ 510046.17606985301245, 1622236.954977275570855 ], [ 510044.443000276747625, 1622235.939857463352382 ], [ 510042.820502822927665, 1622234.756007655756548 ], [ 510041.324945662170649, 1622233.415370835224167 ], [ 510039.971416341373697, 1622231.931471692631021 ], [ 510038.773569606419187, 1622230.319280177354813 ], [ 510037.743489643908106, 1622228.595060493797064 ], [ 510036.891568152001128, 1622226.776207005605102 ], [ 510036.226399535720702, 1622224.881068768911064 ], [ 510035.754694167291746, 1622222.928764419164509 ], [ 509974.606637415243313, 1621899.454544301377609 ], [ 509974.503810499678366, 1621899.019419851014391 ], [ 509974.221168180869427, 1621898.672980857081711 ], [ 509695.186105622618925, 1621586.596583628328517 ], [ 509693.904949962219689, 1621585.007414578460157 ], [ 509692.792481313517783, 1621583.295914777787402 ], [ 509691.860292087832931, 1621581.479918824974447 ], [ 509522.521476411493495, 1621205.50531946728006 ], [ 509521.722156113595702, 1621203.429327250691131 ], [ 509401.533870834799018, 1620830.644657416269183 ], [ 509401.386207012692466, 1620830.245759450830519 ], [ 509401.205093654454686, 1620829.860893056029454 ], [ 509244.065016479813494, 1620529.852868789574131 ], [ 509243.824382018647157, 1620529.444294140907004 ], [ 509243.398344217916019, 1620529.652452660957351 ], [ 508790.511749926488847, 1620779.568074257811531 ], [ 508788.744441707036458, 1620780.43277061637491 ], [ 508786.900712064001709, 1620781.119603250175714 ], [ 508784.998410075728316, 1620781.621922968653962 ], [ 508783.055951845133677, 1620781.93486684304662 ], [ 508781.092142212961335, 1620782.055405280552804 ], [ 508779.125992739456706, 1620781.982371365884319 ], [ 508777.176537631370593, 1620781.716472136089578 ], [ 508775.262649466865696, 1620781.26028175954707 ], [ 508773.402856514498126, 1620780.618216599337757 ], [ 508771.615163338545244, 1620779.796492465306073 ], [ 508769.916876508505084, 1620778.803064433392137 ], [ 508768.324437064991798, 1620777.647549838991836 ], [ 508766.853261327953078, 1620776.341135169612244 ], [ 508765.517591684591025, 1620774.896467766957358 ], [ 508764.330358675855678, 1620773.327533386647701 ], [ 508763.303055853932165, 1620771.649520814884454 ], [ 508762.445628484943882, 1620769.878674812382087 ], [ 508761.766377276391722, 1620768.032138852868229 ], [ 508761.271878026193008, 1620766.127789163962007 ], [ 508760.966917957470287, 1620764.184061663458124 ], [ 508760.854449367732741, 1620762.21977348276414 ], [ 508760.935561067599338, 1620760.253940802300349 ], [ 508761.209467810462229, 1620758.305594752542675 ], [ 508761.673517926363274, 1620756.393597175134346 ], [ 508762.323218962643296, 1620754.536458032671362 ], [ 508763.15228119835956, 1620752.752156194299459 ], [ 509016.765061430109199, 1620270.537100567249581 ], [ 509017.566659330506809, 1620269.150714963674545 ], [ 509018.476627092168201, 1620267.832920250482857 ], [ 509224.764676460064948, 1619993.290985943749547 ], [ 509225.038864471600391, 1619992.884549303445965 ], [ 509224.750724476354662, 1619992.487881747540087 ], [ 508841.652450307214167, 1619517.902439556550235 ], [ 508840.930515273765195, 1619516.951345368986949 ], [ 508618.19831315765623, 1619204.573880934156477 ], [ 508617.493257511290722, 1619203.515391399152577 ], [ 508476.841496067354456, 1618977.06560305133462 ], [ 508476.674918362463359, 1618976.806410694494843 ], [ 508473.669688714086078, 1618972.285048281308264 ], [ 508473.534043893392663, 1618972.086205299943686 ], [ 508367.039297392999288, 1618819.941705309785903 ], [ 508265.225658748415299, 1618674.335682027274743 ], [ 508263.946852982917335, 1618672.244700183393434 ], [ 508262.93346868106164, 1618670.012974062468857 ], [ 508247.091112509253435, 1618628.54387332755141 ], [ 508246.421950569376349, 1618626.455247113713995 ], [ 508245.985546949261334, 1618624.305900922045112 ], [ 508245.78715136658866, 1618622.121690229745582 ], [ 508235.869361303281039, 1618344.562023848062381 ], [ 508235.73350972449407, 1618343.239215280627832 ], [ 508202.792214614280965, 1618150.1375921391882 ], [ 508202.68830190441804, 1618149.667001010384411 ], [ 508202.539429028052837, 1618149.208644459489733 ], [ 508148.511703276017215, 1618006.714249629061669 ], [ 508147.962062110833358, 1618005.047333455178887 ], [ 508147.560710708319675, 1618003.338640391360968 ], [ 508146.828431911824737, 1617999.464311080984771 ], [ 508146.736429949698504, 1617998.983181956224144 ], [ 508146.641781363287009, 1617998.579980929382145 ], [ 508146.513811692129821, 1617998.185543586267158 ], [ 508143.959438978869002, 1617991.301268796203658 ], [ 508143.766441513202153, 1617990.851191437104717 ], [ 508143.353669501084369, 1617990.587682600831613 ], [ 508125.651051158842165, 1617980.490013856906444 ], [ 508053.29507586924592, 1617939.219503612723202 ], [ 508052.832727775850799, 1617938.986745183588937 ], [ 508052.348725176416337, 1617938.803213890874758 ], [ 507883.577652534062508, 1617884.653330152155831 ], [ 507881.732009421568364, 1617883.959049950353801 ], [ 507879.963721675332636, 1617883.086363348644227 ], [ 507878.289984885428566, 1617882.043756727129221 ], [ 507876.727075179922394, 1617880.841368845198303 ], [ 507875.290190953470301, 1617879.490892238216475 ], [ 507873.993305081559811, 1617878.005459519801661 ], [ 507872.849029032979161, 1617876.399515676312149 ], [ 507871.868490236462094, 1617874.688677590806037 ], [ 507871.06122385757044, 1617872.889582184609026 ], [ 507870.435080109862611, 1617871.019724631914869 ], [ 507869.996147869154811, 1617869.097288222052157 ], [ 507869.748695499321911, 1617867.140967545565218 ], [ 507869.695129333704244, 1617865.169786701211706 ], [ 507869.835970274463762, 1617863.202914289198816 ], [ 507870.16984872717876, 1617861.259477017913014 ], [ 507919.818118110357318, 1617638.67671371717006 ], [ 507919.90277120214887, 1617638.31319693964906 ], [ 507921.656805408536457, 1617631.087016401579604 ], [ 507921.769977989257313, 1617630.558922211406752 ], [ 507945.621684731100686, 1617502.46262455964461 ], [ 507964.438854080974124, 1617399.487143902573735 ], [ 507964.669072303804569, 1617398.399280781392008 ], [ 507974.883714521012735, 1617355.989590457640588 ], [ 507975.431921387265902, 1617354.119180281180888 ], [ 507976.159619123325683, 1617352.311026248382404 ], [ 507977.059894101461396, 1617350.582307079108432 ], [ 508098.527052601217292, 1617142.739776516333222 ], [ 508098.73562125605531, 1617142.342656339518726 ], [ 508098.789935909910128, 1617141.897397720022127 ], [ 508107.092617430374958, 1617033.015701481373981 ], [ 508107.106325810076669, 1617032.565725721418858 ], [ 508106.883670153038111, 1617032.17445783270523 ], [ 508027.948422993242275, 1616907.109334182692692 ], [ 508026.985542238748167, 1616905.404083690373227 ], [ 508026.194078711152542, 1616903.612826015334576 ], [ 508025.581623220117763, 1616901.752740846248344 ], [ 508025.154049739358015, 1616899.841667985543609 ], [ 508024.915459049283527, 1616897.897936255671084 ], [ 508024.86813945119502, 1616895.940187699394301 ], [ 508025.01254476752365, 1616893.987198796123266 ], [ 508025.347290037549101, 1616892.057700374163687 ], [ 508025.869164762378205, 1616890.170197973027825 ], [ 508026.573163731081877, 1616888.342794348485768 ], [ 508027.452534981654026, 1616886.593015855178237 ], [ 508028.498844607383944, 1616884.937644375720993 ], [ 508029.702057603513822, 1616883.39255632716231 ], [ 508031.050634130078834, 1616881.972570428391919 ], [ 508032.531640196801163, 1616880.691305557033047 ], [ 508034.13087168574566, 1616879.561050143092871 ], [ 508119.402702107909136, 1616825.353916099527851 ], [ 508121.158190605521668, 1616824.35861488385126 ], [ 508216.682677470031194, 1616776.399518853984773 ], [ 508218.594651529449038, 1616775.56151955970563 ], [ 508220.583571066206787, 1616774.927416442427784 ], [ 508259.066234637750313, 1616764.838040589354932 ], [ 508259.537874717731029, 1616764.688945173053071 ], [ 508259.97071152186254, 1616764.449516444932669 ], [ 508364.028986620018259, 1616699.927116236416623 ], [ 508364.413485994096845, 1616699.662081784103066 ], [ 508364.278666624450125, 1616699.214972427813336 ], [ 508357.667941577150486, 1616680.605626048985869 ], [ 508301.652414488140494, 1616527.659274157369509 ], [ 508301.060001415375154, 1616525.751629346283153 ], [ 508300.660866145975888, 1616523.794398386729881 ], [ 508300.458991492399946, 1616521.807111644651741 ], [ 508295.73051545250928, 1616429.658915652893484 ], [ 508295.746342893515248, 1616427.337224992224947 ], [ 508296.0311737547745, 1616425.033018096350133 ], [ 508302.220911946438719, 1616391.224271574290469 ], [ 508302.290140813565813, 1616390.864750750828534 ], [ 508312.621635910414625, 1616339.73642459558323 ], [ 508313.249454480654094, 1616337.380145027535036 ], [ 508314.15940716030309, 1616335.117802063934505 ], [ 508359.872543597593904, 1616238.874125418486074 ], [ 508360.664867204846814, 1616237.373760165413842 ], [ 508361.581530994211789, 1616235.945964624872431 ], [ 508453.91373450984247, 1616104.728840349940583 ], [ 508455.100396341236774, 1616103.204563037957996 ], [ 508456.428599064587615, 1616101.801899442914873 ], [ 508457.885947703092825, 1616100.533939426299185 ], [ 508585.214434154564515, 1616000.133815079694614 ], [ 508585.966445117024705, 1615999.569010001607239 ], [ 508723.974942359549459, 1615900.905773225240409 ], [ 508724.319707814429421, 1615900.664737096056342 ], [ 508855.063050477474462, 1615811.290572723373771 ], [ 508855.751886675017886, 1615810.774817197583616 ], [ 508982.551797874679323, 1615707.023464227793738 ], [ 508984.247050517820753, 1615705.779223815537989 ], [ 509137.474573459650856, 1615605.269068879075348 ], [ 509137.886304575309623, 1615604.967752408003435 ], [ 509138.265064368431922, 1615604.625911589246243 ], [ 509333.65241235884605, 1615409.226210820488632 ], [ 509333.960684928111732, 1615408.888098529074341 ], [ 509334.164908172970172, 1615408.478654061909765 ], [ 509454.748916194250342, 1615135.952440043678507 ], [ 509455.558984328061342, 1615134.325715523445979 ], [ 509456.513388312247116, 1615132.779249845305458 ], [ 509544.745898944151122, 1615003.363552577327937 ], [ 509545.033142183616292, 1615002.887058694846928 ], [ 509545.265436736575793, 1615002.381495300214738 ], [ 509592.666699259600136, 1614881.89313309895806 ], [ 509592.812352409993764, 1614881.467309951782227 ], [ 509592.878997210238595, 1614881.022227190202102 ], [ 509603.690938446205109, 1614776.826037548482418 ], [ 509603.716227868397254, 1614776.427378298714757 ], [ 509603.70954284776235, 1614776.027973660733551 ], [ 509598.374663117458113, 1614682.171549934428185 ], [ 509598.325451361190062, 1614681.702924492070451 ], [ 509598.029593949730042, 1614681.33618209278211 ], [ 509564.22967310162494, 1614643.313619037624449 ], [ 509563.883064856519923, 1614642.960921565070748 ], [ 509563.426443724718411, 1614642.771106094587594 ], [ 509492.20513638301054, 1614617.260874260915443 ], [ 509491.766105267684907, 1614617.12618363276124 ], [ 509491.306970091594849, 1614617.116976256249472 ], [ 509397.613423548056744, 1614619.574147217674181 ], [ 509397.106609317997936, 1614619.613517771707848 ], [ 509396.635550109902397, 1614619.804603981552646 ], [ 509354.389815282425843, 1614639.521820125635713 ], [ 509353.984664275485557, 1614639.734065589029342 ], [ 509353.600667242135387, 1614639.982544452650473 ], [ 509312.724949979456142, 1614669.176789391320199 ], [ 509312.37139662593836, 1614669.454418211709708 ], [ 509312.175732600328047, 1614669.859132103156298 ], [ 509282.705329506541602, 1614738.630896438844502 ], [ 509282.269533900602255, 1614739.865837820572779 ], [ 509256.418095317902043, 1614831.96920144255273 ], [ 509255.763227381976321, 1614833.91305775847286 ], [ 509254.912671941332519, 1614835.779601294314489 ], [ 509212.114513113978319, 1614918.211931169033051 ], [ 509210.877301090629771, 1614920.279792477143928 ], [ 509209.400335371494293, 1614922.18381876591593 ], [ 509130.069326074037235, 1615012.626566708786413 ], [ 509128.561444767867215, 1615014.169201340293512 ], [ 509126.896164847188629, 1615015.540430838940665 ], [ 509125.09286594792502, 1615016.724297589622438 ], [ 509038.053478081186768, 1615067.368123282911256 ], [ 509036.489952791307587, 1615068.187707869103178 ], [ 509034.86023737792857, 1615068.866204609861597 ], [ 508953.603321073111147, 1615098.559360513463616 ], [ 508951.852326012391131, 1615099.109535700175911 ], [ 508950.058261897065677, 1615099.496847350848839 ], [ 508948.23624285630649, 1615099.718032554723322 ], [ 508946.40161851135781, 1615099.771227940684184 ], [ 508856.502132308261935, 1615098.249841164797544 ], [ 508854.329962668591179, 1615098.094482749933377 ], [ 508852.187568252789788, 1615097.703838096931577 ], [ 508850.100358139083255, 1615097.082540311850607 ], [ 508848.093086917710025, 1615096.237958074780181 ], [ 508794.605873512802646, 1615070.218767991056666 ], [ 508792.687478501175065, 1615069.151551625691354 ], [ 508790.89762804255588, 1615067.880479044513777 ], [ 508789.257893486821558, 1615066.420869271503761 ], [ 508787.78803696623072, 1615064.790313574951142 ], [ 508751.963069241552148, 1615020.370271233376116 ], [ 508750.883180645527318, 1615018.898584044305608 ], [ 508749.941993625834584, 1615017.334554143017158 ], [ 508749.147350949060638, 1615015.691214385908097 ], [ 508748.505874274531379, 1615013.982258503325284 ], [ 508748.022908935032319, 1615012.221926998114213 ], [ 508726.428059766127262, 1614916.601723952451721 ], [ 508726.091952075366862, 1614914.682606623508036 ], [ 508725.944202733517159, 1614912.739889498567209 ], [ 508725.986214336473495, 1614910.792015089886263 ], [ 508746.965836213901639, 1614612.851694699609652 ], [ 508746.981271612399723, 1614611.72039448400028 ], [ 508726.033002906420734, 1614125.008050651056692 ], [ 508726.030546483118087, 1614123.347373383352533 ], [ 508726.165895457495935, 1614121.692219106014818 ], [ 508738.931128514814191, 1614018.542461306555197 ], [ 508739.136768865049817, 1614017.236574028618634 ], [ 508805.355372095131315, 1613671.522431695368141 ], [ 508805.419261298899073, 1613671.0667545911856 ], [ 508804.978061882604379, 1613671.197393459966406 ], [ 508203.610005063819699, 1613882.451638875762001 ], [ 508201.792149747838266, 1613882.994832100579515 ], [ 508199.930996624345426, 1613883.363296219846234 ], [ 507779.36073171539465, 1613946.062246147077531 ], [ 507460.865934775560163, 1613994.57884025387466 ], [ 507459.009969281032681, 1613994.773478744318709 ], [ 507457.143941305286717, 1613994.794252961874008 ], [ 507455.284102622361388, 1613994.6409819831606 ], [ 507394.196314510365482, 1613986.72262695315294 ], [ 507392.288945787237026, 1613986.380712952231988 ], [ 507390.423627352865878, 1613985.855786614585668 ], [ 507388.617875846161041, 1613985.152777377516031 ], [ 507386.888648557069246, 1613984.278286999557167 ], [ 507385.252184146316722, 1613983.24052756675519 ], [ 507383.723850165726617, 1613982.0492443817202 ], [ 507382.317998763697688, 1613980.715624436270446 ], [ 507355.022159254585858, 1613952.1852147358004 ], [ 507354.091554455924779, 1613951.328392515424639 ], [ 507201.518105346010998, 1613827.752056579105556 ], [ 507201.148803961346857, 1613827.480256275739521 ], [ 507200.706154145300388, 1613827.360589843709022 ], [ 507200.002678436459973, 1613827.204958929680288 ], [ 506061.368063234782312, 1613575.476774574257433 ], [ 506060.916085004049819, 1613575.400174597278237 ], [ 506061.029139987309463, 1613575.844438557745889 ], [ 506160.806341907591559, 1613899.677011815831065 ], [ 506160.9639796600095, 1613900.14690826064907 ], [ 506285.553138568415307, 1614243.091683765640482 ], [ 506286.059317114297301, 1614244.691086533945054 ], [ 506286.429650963807944, 1614246.327289086999372 ], [ 506322.739871321886312, 1614445.159715839428827 ], [ 506323.014333089638967, 1614447.326807079603896 ], [ 506331.148442087287549, 1614561.165610408876091 ], [ 506331.15331606665859, 1614563.94598952261731 ], [ 506322.744807599810883, 1614687.728157622041181 ], [ 506322.667255142820068, 1614688.592168468050659 ], [ 506313.920377919625025, 1614766.918318464187905 ], [ 506313.688383185130078, 1614768.453002972062677 ], [ 506313.338054643128999, 1614769.965070427861065 ], [ 506280.024793757533189, 1614891.998552268138155 ], [ 506279.440545814810321, 1614893.798684348817915 ], [ 506239.701461088145152, 1614999.000090443063527 ], [ 506239.225446550932247, 1615000.150555217871442 ], [ 506034.414114801387768, 1615454.564261844847351 ], [ 506033.517891872208565, 1615456.31690097716637 ], [ 506032.453686308756005, 1615457.972928123781458 ], [ 506031.231811270932667, 1615459.516294806497172 ], [ 506029.864107899251394, 1615460.932044334709644 ], [ 506028.363830543705262, 1615462.206456748768687 ], [ 506026.745518324431032, 1615463.327181783039123 ], [ 506025.024854231392965, 1615464.28335855412297 ], [ 506023.218513133586384, 1615465.065720800077543 ], [ 506021.344000194570981, 1615465.666686691110954 ], [ 506019.419481235963758, 1615466.08043230464682 ], [ 506017.463606671139132, 1615466.30294805765152 ], [ 506015.495330785866827, 1615466.332077566999942 ], [ 506013.533728043548763, 1615466.16753854509443 ], [ 506011.597808238642756, 1615465.810925537720323 ], [ 506009.706332262256183, 1615465.265694469213486 ], [ 506007.877630323637277, 1615464.537129153031856 ], [ 505994.6534086233587, 1615458.498253997415304 ], [ 505994.21436218987219, 1615458.323504574829713 ], [ 505994.003568849002477, 1615458.746429286431521 ], [ 505792.133521251555067, 1615919.663634500699118 ], [ 505792.067187813634519, 1615919.813416433986276 ], [ 505686.693082965910435, 1616155.141194403870031 ], [ 505576.913930505921599, 1616400.577310894848779 ], [ 505576.904895783634856, 1616400.597480117576197 ], [ 505515.245475858682767, 1616538.04290570737794 ], [ 505264.99958642187994, 1617097.740447119809687 ], [ 505264.92030698840972, 1617097.915499760303646 ], [ 505056.632199866871815, 1617552.004998756339774 ], [ 505056.556103022245225, 1617552.175060870591551 ], [ 504913.826519323687535, 1617879.289747859584168 ], [ 504913.623379224794917, 1617879.74005461181514 ], [ 504804.806563069170807, 1618113.219252596143633 ], [ 504804.627001041953918, 1618113.661505954572931 ] ] ] } },
{ "type": "Feature", "properties": { "district": "DISTRICT 4", "pct_total_population": 28.36, "pct_female_population": 28.34, "pct_male_population": 28.37, "pct_children_0_4": 28.42, "pct_female_children_0_4": 28.42, "pct_male_children_0_4": 28.42, "pct_elderly_60plus": 28.23, "pct_female_elderly_60plus": 28.21, "pct_male_elderly_60plus": 28.27, "pct_childcare_facilities": 16.92, "pct_eldercare_facilities": 11.11, "pct_pwd_facilities": 14.29 }, "geometry": { "type": "Polygon", "coordinates": [ [ [ 499969.569147631584201, 1616614.11641258164309 ], [ 499969.90132688335143, 1616614.436174107016996 ], [ 500044.630537368706428, 1616679.661351568065584 ], [ 500045.131765479629394, 1616680.11397183733061 ], [ 500248.438591418787837, 1616870.035244461614639 ], [ 500726.680502628849354, 1617313.722958270693198 ], [ 500726.743533058441244, 1617313.781687889480963 ], [ 501468.090091521444265, 1618007.535384250571951 ], [ 501468.403824522159994, 1618007.816809691954404 ], [ 501555.83408259099815, 1618082.978748695924878 ], [ 501556.074777970730793, 1618083.189038088778034 ], [ 501601.738500061095692, 1618123.732336678076535 ], [ 501602.265462208248209, 1618124.168883476173505 ], [ 501641.887690332194325, 1618154.767417558468878 ], [ 501642.278147682663985, 1618155.054121542256325 ], [ 501710.250520579633303, 1618202.473423422081396 ], [ 501710.436526070348918, 1618202.604766553733498 ], [ 501866.562319156655576, 1618314.186747428029776 ], [ 501867.104057424236089, 1618314.54786122427322 ], [ 502649.594701398571488, 1618800.099822858115658 ], [ 502649.937510415911674, 1618800.317395060090348 ], [ 503899.264644193695858, 1619611.147040519164875 ], [ 503899.408203455270268, 1619611.238485505571589 ], [ 504241.03808210848365, 1619824.785506662912667 ], [ 504242.563257754489314, 1619825.840269056148827 ], [ 504243.984165572212078, 1619827.031783018959686 ], [ 504245.288585704052821, 1619828.349801505217329 ], [ 504246.465300110110547, 1619829.782989524072036 ], [ 504247.504189014201984, 1619831.319021623115987 ], [ 504248.396317935723346, 1619832.944687890587375 ], [ 504248.711034211097285, 1619833.587122674798593 ], [ 504249.120358261861838, 1619833.872583950404078 ], [ 504915.410004814912099, 1620250.070560423191637 ], [ 504916.99488335615024, 1620251.170266347937286 ], [ 504918.466421692573931, 1620252.417570684570819 ], [ 504919.810924961988349, 1620253.800865390570834 ], [ 504921.015880531049334, 1620255.307276835897937 ], [ 504922.070074473449495, 1620256.922785601578653 ], [ 504922.963695925427601, 1620258.632356950314716 ], [ 504923.688428403635044, 1620260.420080753741786 ], [ 504924.237527172372211, 1620262.269319555256516 ], [ 504924.605882045230828, 1620264.162863409379497 ], [ 504924.790064915199764, 1620266.083090042695403 ], [ 504924.788361700135283, 1620268.012128859525546 ], [ 504924.600788239506073, 1620269.932027256581932 ], [ 504924.229090187465772, 1620271.824917688267305 ], [ 504923.676726762379985, 1620273.673183968290687 ], [ 504922.948838526208419, 1620275.459625200834125 ], [ 504922.052199583151378, 1620277.167615862796083 ], [ 504920.99515449948376, 1620278.781260535353795 ], [ 504919.787540678982623, 1620280.285541832912713 ], [ 504906.045413822343107, 1620295.80634051351808 ], [ 504905.72751140902983, 1620296.204831314506009 ], [ 504905.49750019761268, 1620296.659750768914819 ], [ 504895.076378346595448, 1620320.196830921573564 ], [ 504894.769717619405128, 1620320.8567471858114 ], [ 504884.332042441412341, 1620342.288739608833566 ], [ 504884.005041188502219, 1620343.036245946772397 ], [ 504873.545064872712828, 1620369.881558253662661 ], [ 504873.397911332023796, 1620370.318107516970485 ], [ 504873.376452460768633, 1620370.778291113208979 ], [ 504873.371638517943211, 1620398.026534571545199 ], [ 504873.254827915458009, 1620400.181219003396109 ], [ 504872.906518037430942, 1620402.310770579613745 ], [ 504872.330765023245476, 1620404.390390283428133 ], [ 504862.765487387776375, 1620432.865645508049056 ], [ 504862.622496087918989, 1620433.382129985140637 ], [ 504862.593485809105914, 1620433.917257200460881 ], [ 504862.586950979311951, 1620470.995248642517254 ], [ 504862.582270927552599, 1620497.549024374922737 ], [ 504862.579232683172449, 1620514.787342412630096 ], [ 504862.600528822978958, 1620515.247529979795218 ], [ 504862.747526037856005, 1620515.684128122637048 ], [ 504871.983584435540251, 1620539.413234864128754 ], [ 504872.575746146030724, 1620541.172022104496136 ], [ 504873.002304858353455, 1620542.978132777148858 ], [ 504873.259586511645466, 1620544.816010426729918 ], [ 504873.34537508781068, 1620546.669824993470684 ], [ 504873.33987838763278, 1620577.775991438422352 ], [ 504873.368911227735225, 1620578.312244870467111 ], [ 504873.567946364055388, 1620578.811039073625579 ], [ 504883.903922986879479, 1620601.115993125597015 ], [ 504884.127103079168592, 1620601.542249391321093 ], [ 504884.428120242373552, 1620601.917605773545802 ], [ 504904.762711524730548, 1620624.900943569373339 ], [ 504906.389885543321725, 1620627.007424762938172 ], [ 504926.894053722498938, 1620657.557179653318599 ], [ 504927.20425660291221, 1620657.971051941858605 ], [ 504927.593340179359075, 1620658.31183055229485 ], [ 504958.873309865070041, 1620682.953149551991373 ], [ 504960.075695428007748, 1620683.979927851352841 ], [ 504980.625216115906369, 1620702.983386132866144 ], [ 504981.051722234871704, 1620703.335807338356972 ], [ 504981.545615282841027, 1620703.585162173723802 ], [ 505023.456809949013405, 1620721.889999925158918 ], [ 505024.813709819165524, 1620722.369462592760101 ], [ 505056.237412584014237, 1620730.982780860038474 ], [ 505056.627288777322974, 1620731.081261200364679 ], [ 505099.053461239440367, 1620740.89454711903818 ], [ 505099.517078253556974, 1620740.978818728355691 ], [ 505099.985687760054134, 1620740.929345774231479 ], [ 505142.604161096038297, 1620734.37119553075172 ], [ 505185.106581297819503, 1620727.830982249462977 ], [ 505185.682738886214793, 1620727.707021058537066 ], [ 505186.240204727801029, 1620727.515825400827453 ], [ 505228.406540609837975, 1620710.200843889033422 ], [ 505228.774775129859336, 1620710.031848036218435 ], [ 505229.128081527538598, 1620709.833527952898294 ], [ 505282.295035103219561, 1620677.081594496732578 ], [ 505282.636985996039584, 1620676.850915563292801 ], [ 505282.958709502476268, 1620676.592773809563369 ], [ 505325.741285523574334, 1620639.255222916137427 ], [ 505368.439539751969278, 1620601.99145316076465 ], [ 505368.81532051396789, 1620601.626994727412239 ], [ 505369.150781941250898, 1620601.22511569224298 ], [ 505392.980766622233205, 1620569.418524724198505 ], [ 505394.263167725817766, 1620567.874824402621016 ], [ 505395.693844899244141, 1620566.467441685963422 ], [ 505397.258387425797991, 1620565.210552670294419 ], [ 505398.941036199394148, 1620564.116817572386935 ], [ 505400.724842473224271, 1620563.197253222344443 ], [ 505402.591838563792408, 1620562.46112208859995 ], [ 505404.523218854214065, 1620561.915838974760845 ], [ 505406.499529210384935, 1620561.56689633987844 ], [ 505408.500862922170199, 1620561.417808973696083 ], [ 505410.507061225769576, 1620561.470078587764874 ], [ 505412.497916364925914, 1620561.723178692860529 ], [ 505414.453375121986028, 1620562.174559907289222 ], [ 505416.353740804072004, 1620562.819675621809438 ], [ 505418.179871686093975, 1620563.652027810225263 ], [ 505419.913373742660042, 1620564.663232471561059 ], [ 505524.470764489611611, 1620632.908438302576542 ], [ 505526.0646528681973, 1620634.064546485897154 ], [ 505527.537110390840098, 1620635.371808978030458 ], [ 505528.873859714367427, 1620636.817550215637311 ], [ 505530.061939348117448, 1620638.387751903617755 ], [ 505531.089829357282724, 1620640.06718894536607 ], [ 505531.947563035646453, 1620641.839577065082267 ], [ 505532.626823558704928, 1620643.687730712583289 ], [ 505533.121024633466732, 1620645.593729689251631 ], [ 505533.425374356622342, 1620647.539092915365472 ], [ 505533.536921663908288, 1620649.504957623546943 ], [ 505533.454584963503294, 1620651.472262256545946 ], [ 505533.179162619169801, 1620653.421931296819821 ], [ 505532.713325190939941, 1620655.335060226498172 ], [ 505532.061589572753292, 1620657.193098828662187 ], [ 505531.230275173846167, 1620658.97803106228821 ], [ 505530.227442636794876, 1620660.672549742041156 ], [ 505508.631756767106708, 1620693.374984564026818 ], [ 505508.392046268214472, 1620693.778562740888447 ], [ 505508.408927431504708, 1620694.2476592133753 ], [ 505509.850684228586033, 1620711.446615423308685 ], [ 505509.919757256342564, 1620713.297798236366361 ], [ 505509.817222957324702, 1620715.14742944156751 ], [ 505509.54396131291287, 1620716.979634930379689 ], [ 505509.102317542943638, 1620718.778690132312477 ], [ 505508.496081975114066, 1620720.529154998250306 ], [ 505503.25715891487198, 1620733.655737637775019 ], [ 505502.409298088750802, 1620735.501756392885 ], [ 505501.378518001758493, 1620737.252226494718343 ], [ 505500.175456804456189, 1620738.889082264155149 ], [ 505498.812530644761864, 1620740.395430585602298 ], [ 505497.303805573261343, 1620741.755725233349949 ], [ 505495.664852340414654, 1620742.955927331233397 ], [ 505493.912585718557239, 1620743.983650235692039 ], [ 505492.065089932177216, 1620744.828287364682183 ], [ 505490.141432006028481, 1620745.481121671851724 ], [ 505488.161464996519499, 1620745.935415608575568 ], [ 505486.145623087591957, 1620746.186480653705075 ], [ 505469.995707779889926, 1620747.369004309410229 ], [ 505468.860111699730624, 1620747.517985227750614 ], [ 505430.11805076978635, 1620754.880602054065093 ], [ 505429.74076433700975, 1620754.967593509471044 ], [ 505429.3713590548723, 1620755.083577569806948 ], [ 505391.343496480432805, 1620768.665504707023501 ], [ 505390.859677545435261, 1620768.867874442366883 ], [ 505390.502340175095014, 1620769.251728947507218 ], [ 505369.23542760219425, 1620794.680157154100016 ], [ 505368.507249354443047, 1620795.668398549547419 ], [ 505351.068746644479688, 1620822.663966357475147 ], [ 505350.051730143663008, 1620824.096165017457679 ], [ 505290.024292575602885, 1620901.215160950319842 ], [ 505288.872079753666185, 1620902.567002787953243 ], [ 505287.604448238504119, 1620903.811262015020475 ], [ 505286.231400453427341, 1620904.938120651990175 ], [ 505284.763770596357062, 1620905.938687072601169 ], [ 505283.213139206403866, 1620906.805066180182621 ], [ 505181.311039301217534, 1620957.939861288061365 ], [ 505180.9458703242708, 1620958.132645901991054 ], [ 505163.595776375266723, 1620967.755674376850948 ], [ 505163.114772540691774, 1620968.059638927690685 ], [ 505162.671593031322118, 1620968.416501737665385 ], [ 505140.819788387045264, 1620988.173649005359039 ], [ 505139.822336898127105, 1620989.215998156461865 ], [ 505108.126369232079014, 1621027.534968889085576 ], [ 505107.842833115661051, 1621027.913841191679239 ], [ 505107.996228569827508, 1621028.361509366892278 ], [ 505122.050465867330786, 1621063.677431175019592 ], [ 505122.205740230099764, 1621064.02780674258247 ], [ 505122.387447087850887, 1621064.365231972653419 ], [ 505160.077549971290864, 1621128.340837740572169 ], [ 505160.987893626675941, 1621130.075041093165055 ], [ 505161.72421014966676, 1621131.889985968125984 ], [ 505162.279435242700856, 1621133.768259654985741 ], [ 505162.648242052062415, 1621135.691841866122559 ], [ 505162.827092211286072, 1621137.642277617705986 ], [ 505162.814269819878973, 1621139.600854294607416 ], [ 505162.609897899616044, 1621141.548781171441078 ], [ 505162.215937200293411, 1621143.467369703808799 ], [ 505161.636167426826432, 1621145.338212813949212 ], [ 505160.876150914875325, 1621147.143361506517977 ], [ 505159.943179326364771, 1621148.865497056394815 ], [ 505158.846203663444612, 1621150.488097174558789 ], [ 505156.847739070653915, 1621153.152877958957106 ], [ 505155.500465209246613, 1621154.765343787847087 ], [ 505153.991423409606796, 1621156.227529015857726 ], [ 505152.337276704143733, 1621157.523288007359952 ], [ 505150.556290402135346, 1621158.638312830356881 ], [ 505148.668130387552083, 1621159.560291245114058 ], [ 505146.693645962048322, 1621160.279042648850009 ], [ 505146.151401545736007, 1621160.444727747933939 ], [ 505144.340526325220708, 1621160.906728219939396 ], [ 505142.494428065023385, 1621161.19764854805544 ], [ 505140.629232551087625, 1621161.314947528764606 ], [ 505138.761232388962526, 1621161.257600555429235 ], [ 505136.906744679727126, 1621161.026108559919521 ], [ 505135.081968482059892, 1621160.622493645874783 ], [ 505133.302843340963591, 1621160.050281420815736 ], [ 505131.58491001353832, 1621159.31447019893676 ], [ 505126.027508084487636, 1621156.620197527343407 ], [ 505125.540996746800374, 1621156.41549853538163 ], [ 505125.022244652616791, 1621156.31807567179203 ], [ 505114.136069491622038, 1621154.86733429459855 ], [ 505113.651424284325913, 1621154.827136402018368 ], [ 505112.907366302155424, 1621155.470480642514303 ], [ 505112.906806342652999, 1621155.469833021052182 ], [ 505112.859308273473289, 1621155.515124472090974 ], [ 505111.255987513344735, 1621156.759664949728176 ], [ 505109.534765372169204, 1621157.835263713262975 ], [ 505107.713375043473206, 1621158.730839231982827 ], [ 505105.810581707104575, 1621159.437164691044018 ], [ 505103.845989212044515, 1621159.946963058551773 ], [ 505101.839838116371538, 1621160.254982056329027 ], [ 505099.812797124497592, 1621160.358048278372735 ], [ 505085.955739448603708, 1621160.358450941275805 ], [ 505085.473707079072483, 1621160.382126981392503 ], [ 505084.728762529499363, 1621160.934067280264571 ], [ 505084.688436313939746, 1621160.967161612818018 ], [ 505083.076065329776611, 1621162.047036899719387 ], [ 505081.366611431178171, 1621162.96553464513272 ], [ 505079.576174637535587, 1621163.714004237670451 ], [ 505077.721617679228075, 1621164.285396432038397 ], [ 505075.820407181163318, 1621164.674329735571519 ], [ 505073.890449171012733, 1621164.877141094300896 ], [ 505071.949920409009792, 1621164.891920391470194 ], [ 505070.017097226693295, 1621164.718528436496854 ], [ 505068.11018337769201, 1621164.358598284190521 ], [ 505066.247138581878971, 1621163.815519834635779 ], [ 505012.98490685649449, 1621145.441828228067607 ], [ 505012.541183645895217, 1621145.311885709408671 ], [ 505012.15107154432917, 1621145.560054800705984 ], [ 504986.964787067321595, 1621163.309038567123935 ], [ 504986.652190550114028, 1621163.548327637836337 ], [ 504986.359432885772549, 1621163.811517278896645 ], [ 504972.042530401493423, 1621177.742154595907778 ], [ 504971.876684782444499, 1621177.90734921162948 ], [ 504956.172955936461221, 1621193.920016822870821 ], [ 504954.662641455885023, 1621195.309624379966408 ], [ 504953.01784623938147, 1621196.537104552611709 ], [ 504951.255896767193917, 1621197.589526915922761 ], [ 504949.395353640778922, 1621198.455805127741769 ], [ 504947.455816058150958, 1621199.126813704147935 ], [ 504945.457715355558321, 1621199.595484171528369 ], [ 504910.557765558594838, 1621205.912055539200082 ], [ 504910.058119780558627, 1621206.029581077862531 ], [ 504909.648495369357988, 1621206.338880294468254 ], [ 504900.49427731911419, 1621214.029209417290986 ], [ 504900.144687194260769, 1621214.35283989040181 ], [ 504899.942304941243492, 1621214.784107056213543 ], [ 504894.821977695915848, 1621227.218765863915905 ], [ 504894.275837219378445, 1621228.429249496432021 ], [ 504860.916547981032636, 1621296.264192140195519 ], [ 504860.030731689825188, 1621297.87414234271273 ], [ 504859.000865251407959, 1621299.395978472894058 ], [ 504857.835645601386204, 1621300.816849049646407 ], [ 504856.544912703568116, 1621302.124755213502795 ], [ 504855.139566433383152, 1621303.308652063366026 ], [ 504848.996729209611658, 1621308.01847843080759 ], [ 504847.594383863848634, 1621309.001284295227379 ], [ 504846.113091959210578, 1621309.860501401824877 ], [ 504844.563717249024194, 1621310.589828281197697 ], [ 504825.828085282118991, 1621318.447616594843566 ], [ 504824.073464052693453, 1621319.088882095878944 ], [ 504822.266655712388456, 1621319.563603750197217 ], [ 504820.423430271737743, 1621319.86763813951984 ], [ 504818.559875583450776, 1621319.998331631999463 ], [ 504805.75409112178022, 1621320.296600137138739 ], [ 504805.30582995293662, 1621320.32859206199646 ], [ 504805.448457120452076, 1621320.75475994637236 ], [ 504810.627543866285123, 1621334.071398996049538 ], [ 504810.858970637666062, 1621334.579963625408709 ], [ 504811.14591793337604, 1621335.059398273238912 ], [ 504817.518096107291058, 1621344.464924567844719 ], [ 504817.848216117243282, 1621344.898964272346348 ], [ 504818.223811090225354, 1621345.294309817487374 ], [ 504831.93086864479119, 1621358.224364938214421 ], [ 504833.331490890239365, 1621359.68651308096014 ], [ 504834.577070368977729, 1621361.282806203234941 ], [ 504835.65483623475302, 1621362.99687761371024 ], [ 504836.553738213377073, 1621364.811153049580753 ], [ 504842.497133394354023, 1621378.509720905916765 ], [ 504843.210295927594416, 1621380.412960830610245 ], [ 504843.72657425532816, 1621382.37876340188086 ], [ 504844.040634588163812, 1621384.386819478590041 ], [ 504844.149232287018094, 1621386.416383382398635 ], [ 504844.197180770977866, 1621404.761644871206954 ], [ 504844.111908579070587, 1621406.659358436241746 ], [ 504843.846942992531694, 1621408.540417004143819 ], [ 504840.13978419045452, 1621428.084300920367241 ], [ 504839.728749469504692, 1621429.822973445057869 ], [ 504839.164165597816464, 1621431.518018200062215 ], [ 504829.205780477437656, 1621457.48448782064952 ], [ 504827.999421948275995, 1621460.063852332532406 ], [ 504818.442699533130508, 1621477.199869355652481 ], [ 504817.546089906012639, 1621478.657257976010442 ], [ 504816.528166105505079, 1621480.032656642841175 ], [ 504815.396381877944805, 1621481.315993998665363 ], [ 504810.354145088407677, 1621486.562706315889955 ], [ 504808.892004078428727, 1621487.938672420568764 ], [ 504807.29925037000794, 1621489.161077669123188 ], [ 504805.591941588150803, 1621490.217598173767328 ], [ 504803.787290256994311, 1621491.097582451300696 ], [ 504801.903490282129496, 1621491.79215879435651 ], [ 504799.959533504792489, 1621492.294324719812721 ], [ 504795.117356768518221, 1621493.288846935378388 ], [ 504793.069441171071958, 1621493.599934783531353 ], [ 504791.000331227201968, 1621493.697494512889534 ], [ 504788.932230365229771, 1621493.580479224445298 ], [ 504783.732305649900809, 1621493.014910099562258 ], [ 504781.654803266748786, 1621492.677530540153384 ], [ 504779.624271005799528, 1621492.123653509188443 ], [ 504777.663204734097235, 1621491.359415306476876 ], [ 504775.79333070787834, 1621490.393282783217728 ], [ 504766.408642593189143, 1621484.900215172674507 ], [ 504764.871995964145754, 1621483.903589780209586 ], [ 504763.432984809332993, 1621482.770544365979731 ], [ 504762.103681777429301, 1621481.510584672912955 ], [ 504760.895239106146619, 1621480.134281186619774 ], [ 504755.56607216555858, 1621473.472715883515775 ], [ 504755.257854685129132, 1621473.122463711071759 ], [ 504754.889705694280565, 1621472.83586133364588 ], [ 504748.923682760214433, 1621468.625330868177116 ], [ 504748.518120870750863, 1621468.367727445438504 ], [ 504748.039159992709756, 1621468.329827123321593 ], [ 504735.916751487064175, 1621467.962721800198779 ], [ 504735.435206173802726, 1621467.971650551306084 ], [ 504735.014088847558014, 1621468.205372208030894 ], [ 504724.355266311788, 1621474.821143113309518 ], [ 504723.93832245451631, 1621475.110518796602264 ], [ 504723.628461597021669, 1621475.512472425121814 ], [ 504692.03818321187282, 1621521.146144858328626 ], [ 504691.793614373600576, 1621521.536969676148146 ], [ 504691.625288217212074, 1621521.966183216543868 ], [ 504684.803459166025277, 1621542.053535742219537 ], [ 504684.660337972221896, 1621542.563238201197237 ], [ 504684.742277368437499, 1621543.08627377380617 ], [ 504687.290865558490623, 1621555.099981658393517 ], [ 504687.440268268052023, 1621555.64806843874976 ], [ 504687.651135349937249, 1621556.175567596917972 ], [ 504701.60679209290538, 1621586.02247198834084 ], [ 504701.798040323250461, 1621586.40948821301572 ], [ 504720.913067166518886, 1621623.076050573727116 ], [ 504721.160295705019962, 1621623.497017927002162 ], [ 504721.6472836859175, 1621623.462693655630574 ], [ 504762.693770742043853, 1621618.478871455183253 ], [ 504763.164015840797219, 1621618.398427585372701 ], [ 504763.478937721869443, 1621618.040062006330118 ], [ 504783.216584209818393, 1621593.247337627923116 ], [ 504784.501116908737458, 1621591.785816326737404 ], [ 504785.921616787498351, 1621590.456061130389571 ], [ 504787.464633477851748, 1621589.270663180854172 ], [ 504789.115556528849993, 1621588.240846729371697 ], [ 504790.85875374567695, 1621587.376362864859402 ], [ 504792.677719211671501, 1621586.685397189110518 ], [ 504794.555229581717867, 1621586.174492292571813 ], [ 504796.473507148213685, 1621585.848485816270113 ], [ 504798.414388209988829, 1621585.710464647738263 ], [ 505601.820092664216645, 1621567.77531862584874 ], [ 505602.219169262971263, 1621567.770393543178216 ], [ 506298.658220577985048, 1621566.126172464573756 ], [ 506299.132005009800196, 1621566.113819035468623 ], [ 506592.05944779177662, 1621551.521238715853542 ], [ 506593.231514195387717, 1621551.497257245704532 ], [ 506605.37012194347335, 1621551.60479938890785 ], [ 506608.032663678226527, 1621551.806674347957596 ], [ 506945.19307623244822, 1621600.177165681030601 ], [ 506945.230716124468017, 1621600.182602202286944 ], [ 507757.491047767922282, 1621718.290366542292759 ], [ 507825.223499663406983, 1621728.138418557820842 ], [ 507825.715332658437546, 1621728.184617988532409 ], [ 507826.052559993055183, 1621727.823630708968267 ], [ 507871.120402373431716, 1621674.388308790046722 ], [ 507871.433909729181323, 1621674.025510909734294 ], [ 507917.782733074564021, 1621621.671730310190469 ], [ 507918.068941383156925, 1621621.316938248695806 ], [ 507918.28568482567789, 1621620.915920932544395 ], [ 508055.964542747824453, 1621335.667406667722389 ], [ 508056.179304475139361, 1621335.235821763519198 ], [ 508082.504786426841747, 1621283.893261377234012 ], [ 508082.703053763310891, 1621283.45378832728602 ], [ 508082.365449508128222, 1621283.109593819594011 ], [ 507867.119663373276126, 1621084.55548606091179 ], [ 507865.677502562932204, 1621083.080390393733978 ], [ 507864.39499192556832, 1621081.464561975095421 ], [ 507863.285781257727649, 1621079.72519810590893 ], [ 507862.361675895343069, 1621077.880810874281451 ], [ 507861.632511115225498, 1621075.9510301372502 ], [ 507861.10604743566364, 1621073.956394595094025 ], [ 507860.787888018181548, 1621071.918133196420968 ], [ 507860.681419030472171, 1621069.857939200010151 ], [ 507860.667589363525622, 1620593.440414193551987 ], [ 507860.769702481804416, 1620591.421544035896659 ], [ 507861.075120648660231, 1620589.42329892097041 ], [ 507861.580722742597573, 1620587.46609930624254 ], [ 507862.281341924739536, 1620585.569946205243468 ], [ 507863.169818422116805, 1620583.754216785542667 ], [ 507864.23707271378953, 1620582.037466337205842 ], [ 507865.472198334347922, 1620580.437238681362942 ], [ 507866.862573278194759, 1620578.969886863604188 ], [ 507868.393989051866811, 1620577.650406042346731 ], [ 507870.050795799470507, 1620576.492280261125416 ], [ 507871.816062290337868, 1620575.507344639161602 ], [ 507873.671748920285609, 1620574.705664437962696 ], [ 507875.59889205993386, 1620574.095432192320004 ], [ 507877.577797850535717, 1620573.682883988134563 ], [ 507879.588243459351361, 1620573.472235751338303 ], [ 507881.609683736751322, 1620573.465640141163021 ], [ 508070.141155718942173, 1620582.390550139127299 ], [ 508070.61629674694268, 1620582.389324288349599 ], [ 508070.650336849037558, 1620581.915402575861663 ], [ 508080.032648348889779, 1620151.964819730492309 ], [ 508080.017485276621301, 1620151.458373135654256 ], [ 508079.670485850714613, 1620151.089172028703615 ], [ 507871.689377347414847, 1619951.568849632050842 ], [ 507871.450401595444418, 1619951.335734002292156 ], [ 506803.545590281893965, 1618892.083426382858306 ], [ 506742.632125155243557, 1618832.434142463607714 ], [ 506741.315623282687739, 1618831.013696312438697 ], [ 506740.142708957544528, 1618829.472555039916188 ], [ 506739.124384677154012, 1618827.825175282312557 ], [ 506738.270202789048199, 1618826.087010240415111 ], [ 506737.588175929500721, 1618824.274364725453779 ], [ 506737.084701826504897, 1618822.404242212651297 ], [ 506736.76450330868829, 1618820.494185328949243 ], [ 506736.630583977792412, 1618818.562111316015944 ], [ 506736.684200069808867, 1618816.626143936999142 ], [ 506736.924848642316647, 1618814.704443479888141 ], [ 506752.093507199839223, 1618727.912852015113458 ], [ 506752.151036321185529, 1618727.454944577300921 ], [ 506751.717598476971034, 1618727.296450281050056 ], [ 506683.985089201072697, 1618706.157109994674101 ], [ 506683.033844090008643, 1618705.910838249372318 ], [ 506599.237420386460144, 1618688.562715408857912 ], [ 506597.375330883427523, 1618688.082792826928198 ], [ 506595.567949392599985, 1618687.426229735370725 ], [ 506593.831989833735861, 1618686.59909776551649 ], [ 506592.183505631517619, 1618685.609045895049348 ], [ 506590.637741296202876, 1618684.465229720575735 ], [ 506589.208991411025636, 1618683.178226785035804 ], [ 506544.169179632328451, 1618638.501447378424928 ], [ 506543.799484575923998, 1618638.169772418448702 ], [ 506543.348149337165523, 1618637.962458146968856 ], [ 506500.57841168041341, 1618620.855808835243806 ], [ 506499.719704786606599, 1618620.556902189273387 ], [ 506028.982321384130046, 1618480.358823135495186 ], [ 505719.453680867620278, 1618388.700756458565593 ], [ 505719.34907797689084, 1618388.669470463879406 ], [ 505473.750328382360749, 1618314.481574878562242 ], [ 504826.736743157496676, 1618120.321461968822405 ], [ 504824.836667284369469, 1618119.645080868620425 ], [ 504823.014391339500435, 1618118.780737170018256 ], [ 504821.288453884364571, 1618117.737224106676877 ], [ 504819.676413410052191, 1618116.525157660944387 ], [ 504818.194669684977271, 1618115.156868556048721 ], [ 504816.858296938531566, 1618113.646276818588376 ], [ 504815.680890490591992, 1618112.008750159991905 ], [ 504814.67442846368067, 1618110.260947640053928 ], [ 504813.849149884306826, 1618108.420650180894881 ], [ 504813.213450564129744, 1618106.50657969340682 ], [ 504812.773797666362952, 1618104.538208599435166 ], [ 504812.534663904516492, 1618102.535561728058383 ], [ 504812.498482064343989, 1618100.519012618111446 ], [ 504812.665620235726237, 1618098.509076233254746 ], [ 504813.034378068288788, 1618096.526200265623629 ], [ 504813.601004076132085, 1618094.590557115152478 ], [ 504814.359733804187272, 1618092.721838666591793 ], [ 504913.675556944333948, 1617879.628101023845375 ], [ 504913.777123124396894, 1617879.402956230333075 ], [ 505056.518845292157494, 1617552.260450170375407 ], [ 505056.67104229144752, 1617551.92031855112873 ], [ 505264.920669819170143, 1617097.914708744036034 ], [ 505515.290023310051765, 1616538.071769703412428 ], [ 505576.906323059170973, 1616400.594304994679987 ], [ 505686.68971148703713, 1616155.148727949941531 ], [ 505792.067193258088082, 1615919.813404281158 ], [ 505994.008415517222602, 1615458.73536154977046 ], [ 505994.173213079106063, 1615458.303366941865534 ], [ 505993.766376705723815, 1615458.08937901747413 ], [ 505476.903606525156647, 1615217.682074391515926 ], [ 505476.398385150823742, 1615217.480067596072331 ], [ 505476.252443238976412, 1615217.472705986117944 ], [ 505476.20280112355249, 1615217.475428366335109 ], [ 505476.008353362092748, 1615217.920581636717543 ], [ 505266.264250394364353, 1615772.388170128688216 ], [ 505265.491583820956293, 1615774.165340419160202 ], [ 505264.550519280368462, 1615775.859372688224539 ], [ 505263.449895134952385, 1615777.454356770496815 ], [ 505262.200048330123536, 1615778.935312754008919 ], [ 505260.812717292516027, 1615780.288331663468853 ], [ 505259.300931688339915, 1615781.500706099672243 ], [ 505257.678890040551778, 1615782.561049575917423 ], [ 505255.961826392216608, 1615783.459403469692916 ], [ 505254.16586721065687, 1615784.187330545857549 ], [ 505252.307879948115442, 1615784.737994199618697 ], [ 505250.405314623494633, 1615785.106222662609071 ], [ 505248.476039914414287, 1615785.288557581137866 ], [ 505246.538175343128387, 1615785.283286490477622 ], [ 505244.609921133960597, 1615785.090458901366219 ], [ 505242.709387221024372, 1615784.711885837838054 ], [ 505209.571965755079873, 1615776.423458182951435 ], [ 505170.571187452413142, 1615766.668717857217416 ], [ 505161.430220937530976, 1615764.383008407661691 ], [ 504846.320034873322584, 1615685.56494094338268 ], [ 504841.995124793553259, 1615684.483096976531669 ], [ 504823.035768349771388, 1615679.741100436542183 ], [ 504822.929613163811155, 1615679.715130929835141 ], [ 504809.783021871582605, 1615676.573538267519325 ], [ 504806.653752052225173, 1615675.826569352997467 ], [ 504805.836555682180915, 1615675.631309055024758 ], [ 504794.057038847357035, 1615672.815456241602078 ], [ 504793.566625394509174, 1615672.724031062331051 ], [ 504793.071214049705304, 1615672.782610133755952 ], [ 504779.595614473626483, 1615675.068483920302242 ], [ 504776.79315342445625, 1615675.544475736794993 ], [ 504767.367345378501341, 1615677.142860668478534 ], [ 504611.574961069389246, 1615703.564058096380904 ], [ 504611.10294584085932, 1615703.668056049617007 ], [ 504610.706151457503438, 1615703.944082647096366 ], [ 504516.865533757372759, 1615776.273481569252908 ], [ 504515.139902119408362, 1615777.464732728432864 ], [ 504513.299011072434951, 1615778.468726719962433 ], [ 504511.363103839743417, 1615779.274423209950328 ], [ 504509.353468468238134, 1615779.872962433844805 ], [ 504507.292203748133034, 1615780.257762604625896 ], [ 504505.201976207026746, 1615780.424592308234423 ], [ 504496.423344607173931, 1615780.663336361758411 ], [ 504496.11768060392933, 1615780.682744057383388 ], [ 504494.311109386151657, 1615780.715650111902505 ], [ 504492.508943213266321, 1615780.585345219820738 ], [ 504490.725896899180952, 1615780.292893334524706 ], [ 504488.976529179082718, 1615779.840682355221361 ], [ 504487.275123773259111, 1615779.232404625043273 ], [ 504402.10900797258364, 1615744.368769956286997 ], [ 504293.624359043489676, 1615700.189839484868571 ], [ 504281.558973974199034, 1615695.405908674700186 ], [ 504281.106527856551111, 1615695.251484517939389 ], [ 504280.63364259962691, 1615695.325950933154672 ], [ 504278.628165295463987, 1615695.742303869687021 ], [ 504206.544478376454208, 1615710.703333724522963 ], [ 504204.643314922694117, 1615711.00331943272613 ], [ 504202.722117240307853, 1615711.119135150918737 ], [ 504200.79868447931949, 1615711.049707896541804 ], [ 504198.89083648804808, 1615710.795680894749239 ], [ 504197.016248740139417, 1615710.359407610725611 ], [ 504195.192288555263076, 1615709.74492995114997 ], [ 504193.435854209470563, 1615708.957940818276256 ], [ 504191.763218381325714, 1615708.005731362150982 ], [ 504169.399335661146324, 1615693.80727062211372 ], [ 504167.715928583173081, 1615692.612272325903177 ], [ 504166.164702070935164, 1615691.250076829455793 ], [ 504164.762190345325507, 1615689.735203529708087 ], [ 504163.523342528555077, 1615688.083799186162651 ], [ 504162.461363263370004, 1615686.31346581550315 ], [ 504161.587571986368857, 1615684.443073075497523 ], [ 504144.953020272660069, 1615643.439355286769569 ], [ 504140.576346704212483, 1615632.651334752095863 ], [ 504140.341769526596181, 1615632.1539069309365 ], [ 504140.0537727062474, 1615631.685378685127944 ], [ 504133.904673982353415, 1615622.819423235487193 ], [ 504133.13178829808021, 1615621.564241295447573 ], [ 504133.125374878523871, 1615621.568199282046407 ], [ 504132.25222487951396, 1615620.153369021136314 ], [ 504086.808785997563973, 1615554.911765230819583 ], [ 504086.444098147039767, 1615554.449182749027386 ], [ 504086.027312747493852, 1615554.032925959443673 ], [ 504050.750279731932096, 1615522.744296936085448 ], [ 504050.472108577785548, 1615522.506528033409268 ], [ 504048.830784637946635, 1615521.154788800282404 ], [ 504048.288123702339362, 1615520.691375823225826 ], [ 503980.239089104172308, 1615460.447396049974486 ], [ 503980.18597893579863, 1615460.40020894119516 ], [ 503928.974251446372364, 1615414.736782588763162 ], [ 503928.608341137354728, 1615414.441410183673725 ], [ 503928.246995459601749, 1615414.742349572014064 ], [ 503881.154628984630108, 1615458.044846462318674 ], [ 503881.122063426708337, 1615458.076076202094555 ], [ 503880.877301458036527, 1615458.347732038237154 ], [ 503880.61825968028279, 1615458.794585299678147 ], [ 503874.981037058110815, 1615469.800504331942648 ], [ 503874.752763281634543, 1615470.316251601092517 ], [ 503874.584283499862067, 1615470.854506867704913 ], [ 503871.192460271005984, 1615484.324325686087832 ], [ 503871.111454597616103, 1615484.709646861767396 ], [ 503871.06108623300679, 1615485.10015595657751 ], [ 503869.078127535642125, 1615507.3710472274106 ], [ 503869.060467567120213, 1615507.813379547558725 ], [ 503868.8754228609032, 1615509.843493152875453 ], [ 503865.456234531593509, 1615533.778320250567049 ], [ 503865.174583889660425, 1615535.317177705466747 ], [ 503862.245589482365176, 1615548.406057031359524 ], [ 503861.664170203497633, 1615550.475283756386489 ], [ 503860.864012227393687, 1615552.470150864450261 ], [ 503859.854360486206133, 1615554.367609911831096 ], [ 503841.679770976479631, 1615584.497650556266308 ], [ 503841.443894706841093, 1615584.937454089988023 ], [ 503841.399860758509021, 1615585.434571560937911 ], [ 503839.555859349609818, 1615634.121642240555957 ], [ 503839.398208475788124, 1615635.981742617208511 ], [ 503839.067781131016091, 1615637.819035451160744 ], [ 503838.567457139142789, 1615639.617507879622281 ], [ 503837.901597065036185, 1615641.361485369969159 ], [ 503837.076004185713828, 1615643.035768344765529 ], [ 503836.097873939259443, 1615644.625764643074945 ], [ 503834.975731179001741, 1615646.11761671025306 ], [ 503833.719355923007242, 1615647.498322357656434 ], [ 503832.339698052383028, 1615648.755848091794178 ], [ 503821.821911793027539, 1615657.47951057786122 ], [ 503820.395120399247389, 1615658.558934184489772 ], [ 503818.877557855448686, 1615659.506506272824481 ], [ 503817.281372786965221, 1615660.314641205128282 ], [ 503801.222417389799375, 1615667.561707454966381 ], [ 503800.924656865652651, 1615667.71763286460191 ], [ 503798.993639695574529, 1615668.601528784027323 ], [ 503798.382049102161545, 1615668.843073137104511 ], [ 503796.230310035694856, 1615669.693073487374932 ], [ 503795.664008483407088, 1615669.937233662465587 ], [ 503790.482000477146357, 1615672.363667931873351 ], [ 503788.731184115400538, 1615673.084492357447743 ], [ 503786.920039499818813, 1615673.636489521246403 ], [ 503785.064805107365828, 1615674.014710298273712 ], [ 503763.653611380257644, 1615677.332847982412204 ], [ 503761.43329785001697, 1615677.550990183372051 ], [ 503759.202503260865342, 1615677.520435593323782 ], [ 503756.988997233798727, 1615677.241564573487267 ], [ 503720.307749556784984, 1615670.523455623304471 ], [ 503719.877215859130956, 1615670.463933245046064 ], [ 503719.445987564569805, 1615670.518195010721684 ], [ 503695.087902662402485, 1615674.672648392617702 ], [ 503694.672774065460544, 1615674.761819284409285 ], [ 503694.278814531455282, 1615674.920183052076027 ], [ 503662.47394931333838, 1615689.309466941980645 ], [ 503662.059714826231357, 1615689.521254282677546 ], [ 503662.032279697945341, 1615689.711792146321386 ], [ 503661.668447172502056, 1615691.593894593184814 ], [ 503661.126064087206032, 1615693.4325093657244 ], [ 503660.410115102480631, 1615695.210739018162712 ], [ 503659.527180022210814, 1615696.912241072626784 ], [ 503654.469696636777371, 1615705.611330744810402 ], [ 503653.619931948487647, 1615706.948132883524522 ], [ 503631.741733334725723, 1615738.529092895099893 ], [ 503630.568939529359341, 1615740.058857400435954 ], [ 503618.546638601343147, 1615754.266071911435574 ], [ 503617.27396045421483, 1615755.634825522080064 ], [ 503615.879045668756589, 1615756.87877438403666 ], [ 503614.374080802954268, 1615757.987050845520571 ], [ 503612.772213868447579, 1615758.949972542235628 ], [ 503611.087439442053437, 1615759.759126992197707 ], [ 503609.334476422169246, 1615760.407445086864755 ], [ 503607.528639426629525, 1615760.889262852724642 ], [ 503595.963224207167514, 1615763.402579070068896 ], [ 503593.951442759949714, 1615763.733401482459158 ], [ 503591.916431615245529, 1615763.857649695593864 ], [ 503589.879346453584731, 1615763.77403205097653 ], [ 503574.334763739432674, 1615762.339461971772835 ], [ 503573.611978654225823, 1615762.259478794876486 ], [ 503572.503264983242843, 1615762.116337180836126 ], [ 503568.611605510057416, 1615761.804016454378143 ], [ 503568.04097505955724, 1615761.791046201018617 ], [ 503567.472610369906761, 1615761.843476408859715 ], [ 503559.930457485897932, 1615762.978298045927659 ], [ 503559.067496104922611, 1615763.089001849992201 ], [ 503558.743790852604434, 1615763.123388033360243 ], [ 503526.300949746975675, 1615767.886140142800286 ], [ 503525.709726549161132, 1615768.009992179693654 ], [ 503525.137867104029283, 1615768.204571156995371 ], [ 503519.136244378576521, 1615770.662477703765035 ], [ 503485.348515895369928, 1615784.500776196597144 ], [ 503484.92946607695194, 1615784.69582707202062 ], [ 503484.679167262860574, 1615785.084411819232628 ], [ 503469.919841589638963, 1615810.546595217427239 ], [ 503468.739015545172151, 1615812.351715362630785 ], [ 503436.475483782647643, 1615856.301001474959776 ], [ 503410.858339810627513, 1615891.196084064431489 ], [ 503409.556407660827972, 1615892.790506248595193 ], [ 503400.768382705457043, 1615902.487822517752647 ], [ 503398.939760406909045, 1615904.263701426098123 ], [ 503390.038978445285466, 1615911.867632986046374 ], [ 503389.557404502469581, 1615912.30699996300973 ], [ 503388.739313799713273, 1615913.103800362441689 ], [ 503387.907146668934729, 1615913.869665304198861 ], [ 503350.184612012992147, 1615946.665591573342681 ], [ 503349.351012921950314, 1615947.480447638779879 ], [ 503318.491924804227892, 1615981.386399052804336 ], [ 503316.862832493789028, 1615982.983044090913609 ], [ 503315.062498689745553, 1615984.383763625053689 ], [ 503305.657809568569064, 1615990.875090926885605 ], [ 503304.174263722146861, 1615991.80587506853044 ], [ 503302.614963287662249, 1615992.603276772191748 ], [ 503300.99186997464858, 1615993.261179007822648 ], [ 503299.317434863361996, 1615993.774534880882129 ], [ 503282.351731132366695, 1615998.173155853757635 ], [ 503281.856843314948492, 1615998.329549266258255 ], [ 503281.823323978460394, 1615998.353505678707734 ], [ 503281.719109249592293, 1615998.44502938631922 ], [ 503281.424936631752644, 1615998.840446042595431 ], [ 503273.379548305587377, 1616010.909288601949811 ], [ 503272.164198168960866, 1616012.54519771412015 ], [ 503270.788648030778859, 1616014.04890522477217 ], [ 503269.267186131211929, 1616015.404791676206514 ], [ 503250.243655762809794, 1616030.692216888768598 ], [ 503249.930899240251165, 1616030.965791882947087 ], [ 503249.667951553419698, 1616031.287534690694883 ], [ 503242.240955376182683, 1616041.191440688911825 ], [ 503237.467178929597139, 1616047.556551797548309 ], [ 503236.796690772345755, 1616048.574502512114123 ], [ 503229.732415284088347, 1616060.872863610042259 ], [ 503226.919027379190084, 1616065.77023797808215 ], [ 503226.375092940113973, 1616066.867894061142579 ], [ 503225.692461887258105, 1616068.488272736547515 ], [ 503215.304661959817167, 1616093.43396995193325 ], [ 503199.677985220740084, 1616131.847151140216738 ], [ 503198.89987825229764, 1616133.531451628776267 ], [ 503197.969009776774328, 1616135.136382284574211 ], [ 503196.89339383126935, 1616136.648125919047743 ], [ 503195.682290636061225, 1616138.053667609812692 ], [ 503194.346126829565037, 1616139.34090675204061 ], [ 503192.896405736799352, 1616140.498761233408004 ], [ 503191.345608313742559, 1616141.51726284227334 ], [ 503178.065620415960439, 1616149.382364711724222 ], [ 503176.396378216450103, 1616150.267245890805498 ], [ 503174.651073974790052, 1616150.99063875596039 ], [ 503172.845288031501696, 1616151.546085581881925 ], [ 503170.995140645594802, 1616151.92862789798528 ], [ 503169.117148093995638, 1616152.134850750910118 ], [ 503138.206533249176573, 1616154.057276048930362 ], [ 503137.672069428605027, 1616154.119817970786244 ], [ 503137.185842729988508, 1616154.350353570654988 ], [ 503115.531658209511079, 1616166.099100353196263 ], [ 503113.63579092087457, 1616167.002268890617415 ], [ 503111.655657866969705, 1616167.701625136425719 ], [ 503088.567248982086312, 1616174.515532111050561 ], [ 503086.775038701307494, 1616174.955662058899179 ], [ 503084.949884233996272, 1616175.228687988827005 ], [ 503083.107331735722255, 1616175.332284352742136 ], [ 503081.263075548806228, 1616175.265568747883663 ], [ 503079.432824525807519, 1616175.029109442606568 ], [ 503061.188054180529434, 1616171.809947426896542 ], [ 503059.321794167335611, 1616171.387695999583229 ], [ 503057.504437801137101, 1616170.78899866132997 ], [ 503030.453822005540133, 1616160.418252324219793 ], [ 503028.508980558835901, 1616159.551209702389315 ], [ 503026.667366005422082, 1616158.482272396795452 ], [ 503024.949862161593046, 1616157.223562107421458 ], [ 503023.37594540102873, 1616155.789352542022243 ], [ 503021.963463869469706, 1616154.195907562738284 ], [ 503011.228164631756954, 1616140.70108906365931 ], [ 503010.08138393930858, 1616139.104293999029323 ], [ 503009.096946073288564, 1616137.402605866082013 ], [ 503008.284366605628747, 1616135.612473187036812 ], [ 503007.651499926927499, 1616133.75119938608259 ], [ 503007.204463328234851, 1616131.836775537813082 ], [ 503006.947577860672027, 1616129.887706468580291 ], [ 503006.883326578245033, 1616127.922831878531724 ], [ 503007.334665850095917, 1616100.553777340101078 ], [ 503007.321850356820505, 1616100.1061131733004 ], [ 503007.189813314995263, 1616099.678171986481175 ], [ 503000.541647466132417, 1616081.142833846388385 ], [ 503000.370583199255634, 1616080.72636123211123 ], [ 503000.093877250037622, 1616080.371190523030236 ], [ 502990.425291859835852, 1616069.058704022318125 ], [ 502990.313986838387791, 1616068.930689416592941 ], [ 502979.971223270986229, 1616057.237076322780922 ], [ 502979.651919463532977, 1616056.908162650186568 ], [ 502979.219177077175118, 1616056.756923966575414 ], [ 502952.457214462745469, 1616048.776081897318363 ], [ 502951.988641336502042, 1616048.66096053714864 ], [ 502951.520912971871439, 1616048.779467412969097 ], [ 502940.567235892638564, 1616052.132473096251488 ], [ 502928.594849945453461, 1616055.798126461450011 ], [ 502928.203180131153204, 1616055.936124089639634 ], [ 502927.824346048990265, 1616056.106222153408453 ], [ 502900.193931609333958, 1616069.921958826482296 ], [ 502897.872228275577072, 1616070.905135988723487 ], [ 502873.592346948920749, 1616079.425292763393372 ], [ 502871.358558941690717, 1616080.066051311092451 ], [ 502869.065515028487425, 1616080.443317540222779 ], [ 502836.479515626677312, 1616083.874984332360327 ], [ 502834.486955437983852, 1616083.984694061102346 ], [ 502832.493382769345772, 1616083.895249848952517 ], [ 502793.4141989183845, 1616080.181124521419406 ], [ 502793.242291360453237, 1616080.166281915968284 ], [ 502744.207774451293517, 1616076.35859537194483 ], [ 502743.17114184825914, 1616076.332072166725993 ], [ 502671.391295832465403, 1616078.222972262185067 ], [ 502671.199030546122231, 1616078.229888860834762 ], [ 502660.771516274660826, 1616078.705509943887591 ], [ 502660.328805816243403, 1616078.745536219794303 ], [ 502659.891418844403233, 1616078.824828696204349 ], [ 502619.270275841816328, 1616088.076072888914496 ], [ 502617.971037995012011, 1616088.466473350301385 ], [ 502584.896196136833169, 1616100.911282949382439 ], [ 502584.449686271662358, 1616101.105087133822963 ], [ 502584.230761091515888, 1616101.539831772446632 ], [ 502569.583500472072046, 1616134.616510624531657 ], [ 502569.404995937424246, 1616135.081165047595277 ], [ 502569.322540512599517, 1616135.572050681337714 ], [ 502565.476422100153286, 1616168.485343426931649 ], [ 502565.150642097578384, 1616170.43306366703473 ], [ 502564.634330941073131, 1616172.339151154272258 ], [ 502563.932524371542968, 1616174.185015237424523 ], [ 502563.052067325741518, 1616175.952652643900365 ], [ 502552.264731872593984, 1616195.169014389626682 ], [ 502551.297302477934863, 1616196.721455005928874 ], [ 502550.192054334504064, 1616198.178993339883164 ], [ 502548.958236565289553, 1616199.529432190349326 ], [ 502547.606174195010681, 1616200.761470603756607 ], [ 502546.147181767330039, 1616201.864798445953056 ], [ 502516.388390009757131, 1616222.299043939914554 ], [ 502514.424117997812573, 1616223.487928292714059 ], [ 502512.336506476916838, 1616224.443798873340711 ], [ 502480.735052501491737, 1616236.77146993810311 ], [ 502479.333957369555719, 1616237.258966604946181 ], [ 502440.399863569997251, 1616249.206140948692337 ], [ 502438.331987944780849, 1616249.721879377029836 ], [ 502436.22096711199265, 1616250.014602192677557 ], [ 502434.090781918144785, 1616250.0809841172304 ], [ 502417.359678866283502, 1616249.710093643981963 ], [ 502415.476271425781306, 1616249.579193881247193 ], [ 502413.613604161015246, 1616249.271250790916383 ], [ 502398.322137261275202, 1616245.994919054675847 ], [ 502396.205004478571936, 1616245.418175689643249 ], [ 502394.163813499093521, 1616244.612928258487955 ], [ 502392.223144517396577, 1616243.588873629691079 ], [ 502383.895596575574018, 1616238.592085840879008 ], [ 502382.340702843212057, 1616237.557378296973184 ], [ 502380.889132260228507, 1616236.382109385216609 ], [ 502379.553548788477201, 1616235.076532525010407 ], [ 502378.345604476344306, 1616233.652037990512326 ], [ 502377.275837818859145, 1616232.121053529670462 ], [ 502376.353581797389779, 1616230.496935942210257 ], [ 502375.586882463016082, 1616228.793854549527168 ], [ 502371.57556541019585, 1616218.641562905162573 ], [ 502370.819026682816911, 1616216.32166104670614 ], [ 502370.350695483386517, 1616213.926883112406358 ], [ 502366.308505408233032, 1616183.49916288186796 ], [ 502362.136079996649642, 1616152.20456021046266 ], [ 502362.010231948224828, 1616150.968657753430307 ], [ 502357.326068613387179, 1616084.550376762636006 ], [ 502357.275794587098062, 1616084.113585106562823 ], [ 502357.149505859531928, 1616083.692437169840559 ], [ 502344.806145373382606, 1616048.294757458847016 ], [ 502344.655749599914998, 1616047.914458644576371 ], [ 502344.445181385788601, 1616047.563877551117912 ], [ 502268.506671156792436, 1615932.149108281126246 ], [ 502268.326024573179893, 1615931.88392174616456 ], [ 502218.252261561981868, 1615860.853616004111245 ], [ 502217.467620081210043, 1615859.651120324386284 ], [ 502186.734621436393354, 1615808.638706286903471 ], [ 502185.748114640475251, 1615806.788151639513671 ], [ 502177.210612843628041, 1615788.525765211321414 ], [ 502176.489240757771768, 1615786.769940417725593 ], [ 502175.937613669550046, 1615784.953623832436278 ], [ 502175.920802240725607, 1615784.887055186321959 ], [ 502171.453253649699036, 1615770.306186914211139 ], [ 502170.990906856197398, 1615768.500741839176044 ], [ 502170.698660574969836, 1615766.660092884674668 ], [ 502170.579053547757212, 1615764.800229818793014 ], [ 502170.366835444350727, 1615752.745122156571597 ], [ 502170.441821368935052, 1615750.627775307977572 ], [ 502170.740415426611435, 1615748.530247676884755 ], [ 502171.259265454718843, 1615746.476087209535763 ], [ 502171.992546564433724, 1615744.488354986766353 ], [ 502172.932026566239074, 1615742.589366330998018 ], [ 502174.067158365389332, 1615740.800440286286175 ], [ 502186.635471346671693, 1615723.136837251251563 ], [ 502187.747899784240872, 1615721.714099529199302 ], [ 502188.984160037012771, 1615720.397535726660863 ], [ 502190.334167296357919, 1615719.197885743109509 ], [ 502223.812580586352851, 1615692.052016529487446 ], [ 502224.132104276679456, 1615691.76940262131393 ], [ 502224.398733785492368, 1615691.436424070037901 ], [ 502265.147409708006307, 1615635.821868644794449 ], [ 502265.396783387113828, 1615635.447062022518367 ], [ 502265.574609607108869, 1615635.033486057538539 ], [ 502274.972789834428113, 1615610.127230169717222 ], [ 502275.106679670512676, 1615609.720034413272515 ], [ 502275.131861108762678, 1615609.29213165352121 ], [ 502275.709007304103579, 1615572.37385344854556 ], [ 502275.690981908410322, 1615571.867878223536536 ], [ 502275.47279434686061, 1615571.411008412949741 ], [ 502249.592524549225345, 1615523.673395699122921 ], [ 502249.373680644959677, 1615523.307960195234045 ], [ 502249.095786763587967, 1615522.985143295489252 ], [ 502196.838014991604723, 1615467.287801787257195 ], [ 502169.367836282646749, 1615438.010572072817013 ], [ 502168.347434654890094, 1615436.834445144981146 ], [ 502167.421642062196042, 1615435.582485844613984 ], [ 502106.42259808460949, 1615345.995552695123479 ], [ 502105.630740984634031, 1615344.946764135500416 ], [ 502104.47806729975855, 1615343.244733336381614 ], [ 502024.15389580570627, 1615210.409111752873287 ], [ 502023.043991220067255, 1615208.298895872663707 ], [ 502022.193150513339788, 1615206.071572519373149 ], [ 501987.567872014653403, 1615096.180375917581841 ], [ 501987.499223572900519, 1615095.957997907884419 ], [ 501968.869872836163267, 1615034.34056770731695 ], [ 501968.717309804109391, 1615033.912349798716605 ], [ 501968.347395763266832, 1615034.176564968191087 ], [ 501747.727150973340031, 1615208.563711626920849 ], [ 501369.644344000495039, 1615507.240873383823782 ], [ 500867.381126302410848, 1615904.132419360103086 ], [ 500778.309759052644949, 1615974.828664224594831 ], [ 500778.282660616503563, 1615974.850134176202118 ], [ 500427.293758652289398, 1616252.44286440894939 ], [ 499969.916567275242414, 1616613.813278825487942 ], [ 499969.569147631584201, 1616614.11641258164309 ] ] ] } },
{ "type": "Feature", "properties": { "district": "DISTRICT 5", "pct_total_population": 22.12, "pct_female_population": 22.12, "pct_male_population": 22.13, "pct_children_0_4": 22.1, "pct_female_children_0_4": 22.1, "pct_male_children_0_4": 22.1, "pct_elderly_60plus": 22.11, "pct_female_elderly_60plus": 22.1, "pct_male_elderly_60plus": 22.11, "pct_childcare_facilities": 23.13, "pct_eldercare_facilities": 0.0, "pct_pwd_facilities": 10.0 }, "geometry": { "type": "Polygon", "coordinates": [ [ [ 501315.09474895556923, 1627552.393932702718303 ], [ 501315.422998064896092, 1627552.739642970729619 ], [ 501337.740241472085472, 1627574.024310369044542 ], [ 501337.959867935394868, 1627574.237005118280649 ], [ 501839.308430092176422, 1628067.246723307762295 ], [ 502307.92984696244821, 1628526.105188087560236 ], [ 502307.955150873283856, 1628526.130008862353861 ], [ 502533.164202984946314, 1628747.431316955247894 ], [ 502633.83313474804163, 1628846.380429637618363 ], [ 503153.279265032615513, 1629356.952513040741906 ], [ 503153.640342761238571, 1629357.274500940693542 ], [ 503154.408157114230562, 1629357.835657780757174 ], [ 503155.72346472152276, 1629358.88460879586637 ], [ 503156.945942071382888, 1629360.040412201778963 ], [ 503191.182471333595458, 1629395.252948900684714 ], [ 503191.371375834161881, 1629395.442111402982846 ], [ 503448.109993729391135, 1629645.747386408271268 ], [ 503459.991572328610346, 1629657.331900627352297 ], [ 503460.041429655975662, 1629657.380681331269443 ], [ 504037.467291730747093, 1630224.313825010787696 ], [ 504188.889184893341735, 1630373.206190241733566 ], [ 504261.847055749036372, 1630444.586034840205684 ], [ 504262.202621887729038, 1630444.901706498581916 ], [ 504262.677554916241206, 1630444.924517372855917 ], [ 505602.231569370953366, 1630444.336789252934977 ], [ 506766.100692292035092, 1630443.826999017270282 ], [ 506766.252749503881205, 1630443.825776042183861 ], [ 506791.815817774506286, 1630443.425749417860061 ], [ 506792.139681630360428, 1630443.423304531024769 ], [ 507189.592590920568909, 1630443.641655957559124 ], [ 507799.199971778783947, 1630443.393946924014017 ], [ 508213.395542575628497, 1630443.193257217295468 ], [ 508215.371104720572475, 1630443.29012244567275 ], [ 508217.327432947698981, 1630443.581684835022315 ], [ 508219.245386698516086, 1630444.065091769210994 ], [ 508221.106200867623556, 1630444.735613641794771 ], [ 508222.891669394855853, 1630445.586690122727305 ], [ 508224.584323402668815, 1630446.60999435884878 ], [ 508226.167602099536452, 1630447.795514422701672 ], [ 508227.626014803419821, 1630449.131651289062575 ], [ 508228.945292527147103, 1630450.605332305189222 ], [ 508237.173178674129304, 1630460.765596096171066 ], [ 508239.3336717611528, 1630463.433046493912116 ], [ 508243.593679303012323, 1630468.692841888405383 ], [ 508244.806351387349423, 1630470.358803957002237 ], [ 508245.841141025244724, 1630472.140716885449365 ], [ 508246.687060157652013, 1630474.01965919113718 ], [ 508247.335126268095337, 1630475.975679061375558 ], [ 508250.754097727127373, 1630488.407140172086656 ], [ 508251.122718720813282, 1630489.99929265351966 ], [ 508251.360094926902093, 1630491.616229113424197 ], [ 508253.826098573510535, 1630515.040370284114033 ], [ 508253.92095101531595, 1630516.358378186123446 ], [ 508257.187774545047432, 1630600.52267147693783 ], [ 508257.60742790880613, 1630611.337822594214231 ], [ 508262.008887404634152, 1630713.435090119019151 ], [ 508262.049233425233979, 1630713.999324798583984 ], [ 508266.033987997507211, 1630753.841064571402967 ], [ 508266.103250931424554, 1630754.308259475044906 ], [ 508266.259497325459961, 1630754.753967332653701 ], [ 508273.567550634325016, 1630772.805799516150728 ], [ 508273.771962373401038, 1630773.247416481142864 ], [ 508274.018465316854417, 1630773.666994842234999 ], [ 508282.039802178798709, 1630785.909755236236379 ], [ 508282.341677879332565, 1630786.322604998480529 ], [ 508282.684284275514074, 1630786.702334812842309 ], [ 508297.33691730449209, 1630801.355071592377499 ], [ 508298.006154514325317, 1630801.966195314424112 ], [ 508310.746228516858537, 1630812.581668728962541 ], [ 508311.208288118883502, 1630812.923486882122234 ], [ 508311.706666011421476, 1630813.209770300192758 ], [ 508324.235826491785701, 1630819.474358317442238 ], [ 508325.234221542137675, 1630819.907295651268214 ], [ 508348.867812156560831, 1630828.659588610986248 ], [ 508349.296549241989851, 1630828.807395124575123 ], [ 508436.493773056892678, 1630856.672280368860811 ], [ 508436.685630804102402, 1630856.731474258936942 ], [ 508473.754294054058846, 1630867.761873208219185 ], [ 508475.186851746810135, 1630868.247853924985975 ], [ 508511.62342242943123, 1630882.166525026317686 ], [ 508513.564351795532275, 1630883.028685782570392 ], [ 508515.402895030449145, 1630884.091835296014324 ], [ 508517.118313093786128, 1630885.343981094658375 ], [ 508576.750563650333788, 1630933.928854012861848 ], [ 508577.422095738060307, 1630934.430629334179685 ], [ 508588.65141219610814, 1630942.109070727601647 ], [ 508590.34577088104561, 1630943.405521309701726 ], [ 508591.892363735591061, 1630944.875108372420073 ], [ 508645.24746115214657, 1631001.287533088354394 ], [ 508645.626415381731931, 1631001.69960665027611 ], [ 508711.271768802776933, 1631075.118838811758906 ], [ 508711.702118016779423, 1631075.616385294590145 ], [ 508712.098966005374677, 1631076.090750312432647 ], [ 508751.2904577589361, 1631122.921403299085796 ], [ 508751.306447053560987, 1631122.940533436369151 ], [ 508756.150429121567868, 1631128.743385658366606 ], [ 508757.469076793640852, 1631130.513110214844346 ], [ 508776.899062396085355, 1631159.838662936352193 ], [ 508776.974819522700273, 1631159.951333664357662 ], [ 508782.53583609778434, 1631168.101957678794861 ], [ 508782.698019877192564, 1631168.343419483164325 ], [ 508859.804094537044875, 1631284.963893940206617 ], [ 508859.934706498985179, 1631285.156528761610389 ], [ 508927.650544975884259, 1631382.567673195619136 ], [ 508927.892008786438964, 1631382.923114442499354 ], [ 508934.821925635798834, 1631393.36373903346248 ], [ 508934.912159899540711, 1631393.497335823951289 ], [ 508944.742021412006579, 1631407.800992461154237 ], [ 508945.121983656543307, 1631408.374793437076733 ], [ 508953.30220626166556, 1631421.202356865862384 ], [ 508953.401857576624025, 1631421.355516587849706 ], [ 508957.085218709136825, 1631426.905077461851761 ], [ 508957.731831362005323, 1631427.947322202846408 ], [ 508962.557903609646019, 1631436.286758377216756 ], [ 508962.688452606147621, 1631436.5058521584142 ], [ 508975.968357706558891, 1631458.159902462968603 ], [ 508977.007339350238908, 1631460.082467853324488 ], [ 508983.889189005945809, 1631474.670741846319288 ], [ 508984.026223313820083, 1631474.967491155490279 ], [ 508985.642102083889768, 1631478.543188103009015 ], [ 508985.782886543835048, 1631478.841508023440838 ], [ 508986.677824144775514, 1631480.6595367428381 ], [ 508987.455094458709937, 1631482.455307359108701 ], [ 508988.053129178530071, 1631484.318448732374236 ], [ 508991.039463465334848, 1631495.470420779194683 ], [ 508991.107817718526348, 1631495.732783915940672 ], [ 508998.227800367283635, 1631523.840989994583651 ], [ 508998.44545664486941, 1631524.701070204842836 ], [ 508998.838230449182447, 1631526.659955322276801 ], [ 508999.033575289591681, 1631528.64825675310567 ], [ 509015.736405731062405, 1631876.676984207471833 ], [ 509015.78594753931975, 1631877.178236914798617 ], [ 509015.885837685607839, 1631877.671927733579651 ], [ 509029.676233202801086, 1631931.634658720577136 ], [ 509066.233682083897293, 1632074.688622448826209 ], [ 509066.383691070077475, 1632075.171868227189407 ], [ 509066.757638707815204, 1632076.050025213975459 ], [ 509067.382245836954098, 1632077.719616812421009 ], [ 509069.691937909054104, 1632084.846503390930593 ], [ 509069.967228530149441, 1632085.771491997875273 ], [ 509118.374923535680864, 1632264.051733197411522 ], [ 509118.518390796496533, 1632264.493504175916314 ], [ 509118.961116923252121, 1632264.353012142237276 ], [ 509180.748744608368725, 1632241.366470560897142 ], [ 509182.523268822522368, 1632240.798905613133684 ], [ 509184.342913432221394, 1632240.398955972632393 ], [ 509186.191882928833365, 1632240.170093427412212 ], [ 509188.054127259645611, 1632240.114304632181302 ], [ 509432.042488408274949, 1632244.177749961148947 ], [ 509434.177755086915568, 1632244.327893665293232 ], [ 509436.284739250375424, 1632244.705418217228726 ], [ 509438.339297935948707, 1632245.305997746763751 ], [ 509440.317888910823967, 1632246.122750499751419 ], [ 509525.227407323254738, 1632286.620094660669565 ], [ 509525.653666090394836, 1632286.799304220825434 ], [ 509526.100443593924865, 1632286.680130095919594 ], [ 509646.445421709038783, 1632248.432694503339007 ], [ 509648.468116968288086, 1632247.904512092936784 ], [ 509650.534901292470749, 1632247.590385669376701 ], [ 509652.623186277516652, 1632247.493748410837725 ], [ 509654.710148538812064, 1632247.615656496025622 ], [ 509656.772979127650615, 1632247.954777563922107 ], [ 509658.789132861129474, 1632248.507405285723507 ], [ 509660.736574671114795, 1632249.267499861307442 ], [ 509728.847531876876019, 1632280.045416353968903 ], [ 509730.093212459585629, 1632280.661297887330875 ], [ 509798.832480403129011, 1632317.673007260775194 ], [ 509799.22507037804462, 1632317.862702776445076 ], [ 509799.644721272867173, 1632317.981042996281758 ], [ 509840.873952083056793, 1632327.680135724367574 ], [ 509842.792418914381415, 1632328.233867201488465 ], [ 509844.646097144286614, 1632328.9761681065429 ], [ 509846.416503624874167, 1632329.899636909831315 ], [ 509848.085985491750762, 1632330.9950656441506 ], [ 510094.916679957474116, 1632511.202968797879294 ], [ 510095.789859950367827, 1632511.878185959765688 ], [ 510096.556219953112304, 1632512.505349976010621 ], [ 510097.012886179203633, 1632512.549829885363579 ], [ 510224.869773904560134, 1632518.79038413008675 ], [ 510226.729567798902281, 1632518.968540871981531 ], [ 510228.564617354015354, 1632519.319491528905928 ], [ 510230.358904001244809, 1632519.840172576252371 ], [ 510232.096764992398676, 1632520.526038874173537 ], [ 510233.763030141359195, 1632521.37110334332101 ], [ 510448.702720861881971, 1632643.324604679597542 ], [ 510449.155670334177557, 1632643.551570028532296 ], [ 510449.656273309432436, 1632643.473639588803053 ], [ 510506.382761872780975, 1632631.61908666160889 ], [ 510508.309294224483892, 1632631.313675243640319 ], [ 510510.256416990654543, 1632631.1974167895969 ], [ 510512.20560324616963, 1632631.27141750860028 ], [ 510514.13830643723486, 1632631.534973285393789 ], [ 510516.036136828712188, 1632631.985576387727633 ], [ 510517.88103651383426, 1632632.618939315900207 ], [ 510519.655451214057393, 1632633.429035614710301 ], [ 510521.342497323930729, 1632634.408157191239297 ], [ 510522.926122544158716, 1632635.546987689100206 ], [ 510524.391258636838757, 1632636.834691099124029 ], [ 510585.105009998718742, 1632695.686256970278919 ], [ 510609.215444623143412, 1632719.057233081432059 ], [ 510610.501979029970244, 1632720.427314846310765 ], [ 510611.654203686513938, 1632721.912129051750526 ], [ 510612.66194038267713, 1632723.498559542931616 ], [ 510613.516287245904095, 1632725.172592535847798 ], [ 510614.209697360347491, 1632726.919440407305956 ], [ 510614.736045473720878, 1632728.723672311753035 ], [ 510615.090682062727865, 1632730.569350515026599 ], [ 510615.270474437507801, 1632732.440171150723472 ], [ 510615.27383439213736, 1632734.319608267163858 ], [ 510607.302275538444519, 1632910.469800858292729 ], [ 510603.60005184833426, 1632992.283254174515605 ], [ 510603.602092927147169, 1632992.757539682090282 ], [ 510604.068737226771191, 1632992.842357072513551 ], [ 510825.665049501112662, 1633021.874721080996096 ], [ 510826.160286772530526, 1633021.914214268792421 ], [ 510826.561677277553827, 1633021.621459529735148 ], [ 511205.33302024443401, 1632714.790527429431677 ], [ 511206.852794546750374, 1632713.673851773608476 ], [ 511208.471007056883536, 1632712.705313305137679 ], [ 511210.173264660465065, 1632711.89352664584294 ], [ 511211.944426709320396, 1632711.24571219785139 ], [ 511213.768739698862191, 1632710.7676319219172 ], [ 511215.629977357632015, 1632710.463538083946332 ], [ 511217.511585000029299, 1632710.336135433288291 ], [ 511219.396826756361406, 1632710.386557158548385 ], [ 511221.268934429972433, 1632710.61435478948988 ], [ 511223.111256643256638, 1632711.017502193572 ], [ 511224.907406958343927, 1632711.592413601698354 ], [ 511447.940053893602453, 1632794.766351015307009 ], [ 511448.289566798019223, 1632794.882195486221462 ], [ 511448.646669522626325, 1632794.971955468179658 ], [ 511634.2629909394891, 1632834.409886153414845 ], [ 511679.436521069728769, 1632844.008428026456386 ], [ 511681.367288692272268, 1632844.520679844077677 ], [ 511683.237316304119304, 1632845.223006238229573 ], [ 511685.027943444729317, 1632846.108398906886578 ], [ 511686.721301972691435, 1632847.168022779515013 ], [ 511688.300494344613981, 1632848.391304182587191 ], [ 511689.749762267805636, 1632849.766036353772506 ], [ 511691.054643906711135, 1632851.278501242632046 ], [ 511692.202118237211835, 1632852.913606405025348 ], [ 511789.180659520206973, 1633006.929436612874269 ], [ 511789.476199233380612, 1633007.349168155575171 ], [ 511789.813356324273627, 1633007.736264253035188 ], [ 512042.837177656765562, 1633269.674097135663033 ], [ 512044.683649497863371, 1633271.884099595248699 ], [ 512113.295069835963659, 1633367.192485060077161 ], [ 512114.310814943921287, 1633368.751655499683693 ], [ 512115.177228635991924, 1633370.398494280409068 ], [ 512115.886808221461251, 1633372.118740635924041 ], [ 512184.821667457290459, 1633564.132333571789786 ], [ 512185.339254324149806, 1633565.799553009448573 ], [ 512213.332016850821674, 1633672.159888946218416 ], [ 512235.116839073773008, 1633754.931842842372134 ], [ 512235.267290376184974, 1633755.404316456755623 ], [ 512235.733782323251944, 1633755.572400249773636 ], [ 512621.324900438368786, 1633872.701553006190807 ], [ 512623.091885401401669, 1633873.330219676485285 ], [ 512624.792202282638755, 1633874.12166153662838 ], [ 512626.41089468926657, 1633875.068916883785278 ], [ 512627.933724220842123, 1633876.163653433555737 ], [ 512629.347295697778463, 1633877.396241630194709 ], [ 512630.639174998737872, 1633878.755839333403856 ], [ 512663.319980622385629, 1633916.551303053740412 ], [ 512663.335172234743368, 1633916.56889285822399 ], [ 512663.36673236801289, 1633916.605478128651157 ], [ 512663.95018679718487, 1633917.31408451567404 ], [ 512796.327799648686778, 1634085.824332198360935 ], [ 512796.659780076704919, 1634086.205136279342696 ], [ 512797.115820479928516, 1634086.422506694914773 ], [ 512959.06319984892616, 1634153.687040829798207 ], [ 512959.551012598676607, 1634153.860197836067528 ], [ 512960.059845936717466, 1634153.765154354507104 ], [ 513187.161297066020779, 1634098.85487171006389 ], [ 513187.598492286284454, 1634098.727476676227525 ], [ 513187.870065855619032, 1634098.361940130358562 ], [ 513252.490759680862539, 1634002.40314405458048 ], [ 513253.64132870757021, 1634000.860398230608553 ], [ 513254.934872808866203, 1633999.435400884365663 ], [ 513256.359410732286051, 1633998.141350846737623 ], [ 513257.901747908093967, 1633996.990234059747308 ], [ 513259.547598677454516, 1633995.992712577804923 ], [ 513261.281718592275865, 1633995.158025795361027 ], [ 513263.088045627227984, 1633994.493904880713671 ], [ 513264.949848950724117, 1633994.006501159863546 ], [ 513266.849883889546618, 1633993.70032914285548 ], [ 513268.770551646477543, 1633993.578224706696346 ], [ 513270.694062332331669, 1633993.641318831825629 ], [ 513272.60259970149491, 1633993.889027124736458 ], [ 513274.478486218431499, 1633994.3190552291926 ], [ 513276.304346745717339, 1633994.927420078078285 ], [ 513278.063269533507992, 1633995.708486785879359 ], [ 513279.738962806295604, 1633996.655020843958482 ], [ 513281.315905696013942, 1633997.758255120599642 ], [ 513282.779492003319319, 1633999.007971075596288 ], [ 513284.116165462066419, 1634000.39259340101853 ], [ 513285.313545338285621, 1634001.899297236464918 ], [ 513286.360541064466815, 1634003.514126957859844 ], [ 513448.017593044147361, 1634281.272459700703621 ], [ 513448.271349190326873, 1634281.663631161907688 ], [ 513448.721628590603359, 1634281.542570237768814 ], [ 513581.724924571986776, 1634238.786807189928368 ], [ 513583.638621706166305, 1634238.274694224121049 ], [ 513585.593598927429412, 1634237.954443435650319 ], [ 513587.570670014247298, 1634237.829197785584256 ], [ 513589.550431938667316, 1634237.900186444167048 ], [ 513591.513455235923175, 1634238.166712730424479 ], [ 513593.440474737959448, 1634238.626160954358056 ], [ 513595.312578609853517, 1634239.274022079305723 ], [ 513781.125870192307048, 1634314.075659700203687 ], [ 513781.587174078915268, 1634314.235260929213837 ], [ 513782.058594156696927, 1634314.108623879961669 ], [ 513858.784334595256951, 1634289.356847205432132 ], [ 513859.264124777750112, 1634289.174120351439342 ], [ 513859.664994364895392, 1634288.853353606304154 ], [ 513945.157968684448861, 1634212.854415391106158 ], [ 513946.622875661298167, 1634211.67084307060577 ], [ 513948.192628883349244, 1634210.630328409606591 ], [ 513949.853305455937516, 1634209.742100235074759 ], [ 513951.590176048630383, 1634209.014036668930203 ], [ 513953.387835528526921, 1634208.45259526069276 ], [ 513955.230339594301768, 1634208.062755708349869 ], [ 514043.917574442632031, 1634193.623036411358044 ], [ 514045.886139900248963, 1634193.401931119849905 ], [ 514047.866922563873231, 1634193.376679468201473 ], [ 514049.840484833577648, 1634193.547529261559248 ], [ 514051.787459969869815, 1634193.912803940242156 ], [ 514053.688742132275365, 1634194.468919038539752 ], [ 514055.525673875526991, 1634195.210417356109247 ], [ 514057.280229213531129, 1634196.130022505763918 ], [ 514058.935190539923497, 1634197.218710330780596 ], [ 514060.474317571963184, 1634198.465797440381721 ], [ 514061.88250670832349, 1634199.859046060591936 ], [ 514063.145939266949426, 1634201.384784123394638 ], [ 514064.252217058790848, 1634203.028039423748851 ], [ 514144.740025812177919, 1634336.400053540477529 ], [ 514144.997551583102904, 1634336.784307939000428 ], [ 514145.459898624627385, 1634336.798666436225176 ], [ 514297.363610131142195, 1634334.304221663856879 ], [ 514297.842779544938821, 1634334.272358638700098 ], [ 514297.940513444016688, 1634333.802181352162734 ], [ 514308.823992620280478, 1634264.134999554837123 ], [ 514309.200975204817951, 1634262.293951706495136 ], [ 514309.749115239479579, 1634260.496421302203089 ], [ 514310.463571903528646, 1634258.758283008355647 ], [ 514311.3380355584668, 1634257.094886970939115 ], [ 514312.36478349432582, 1634255.520923267351463 ], [ 514313.534748120058794, 1634254.050292156636715 ], [ 514314.837597041449044, 1634252.695981339784339 ], [ 514316.261824313434772, 1634251.46995124197565 ], [ 514317.794852052698843, 1634250.383029396412894 ], [ 514319.423141525243409, 1634249.444814822636545 ], [ 514392.668041770346463, 1634211.709550039842725 ], [ 514393.060724372451659, 1634211.482700492721051 ], [ 514392.773589888704009, 1634211.131681782193482 ], [ 514259.254265497729648, 1634063.055456247413531 ], [ 514258.028997098386753, 1634061.556677324697375 ], [ 514256.954392730316613, 1634059.946445554262027 ], [ 514256.040523209783714, 1634058.239851467311382 ], [ 514255.295952991233207, 1634056.452888659667224 ], [ 514254.7276599353645, 1634054.602303922176361 ], [ 514254.340969874174334, 1634052.705440283520147 ], [ 514220.231859750521835, 1633831.041539560304955 ], [ 514220.13566973770503, 1633830.57215643231757 ], [ 514219.675295103981625, 1633830.439385127509013 ], [ 514143.52309919585241, 1633812.501987483119592 ], [ 513999.917281542380806, 1633778.675116867292672 ], [ 513999.388884380634408, 1633778.580457068514079 ], [ 513998.852483905560803, 1633778.601398998405784 ], [ 513878.687462085450534, 1633789.820396495983005 ], [ 513876.787390169221908, 1633789.906943118898198 ], [ 513874.887690599542111, 1633789.812576480908319 ], [ 513873.005549862922635, 1633789.538150316104293 ], [ 513871.157995610265061, 1633789.086147350491956 ], [ 513869.361742573964875, 1633788.460656842682511 ], [ 513867.633041374618188, 1633787.667337575461715 ], [ 513865.987531486025546, 1633786.713366680080071 ], [ 513864.440099757164717, 1633785.607374691870064 ], [ 513863.004745732992887, 1633784.359367470722646 ], [ 513861.694454988231882, 1633782.980635682819411 ], [ 513860.521081666578539, 1633781.483652652706951 ], [ 513784.179740322811995, 1633673.919394596014172 ], [ 513754.168518235208467, 1633631.632597249466926 ], [ 513753.167461652948987, 1633630.073810882633552 ], [ 513752.314952353946865, 1633628.429074705345556 ], [ 513751.61830677773105, 1633626.712504248600453 ], [ 513751.083503708883654, 1633624.93883154168725 ], [ 513750.715132958313916, 1633623.123278685612604 ], [ 513750.516355969768483, 1633621.28142720204778 ], [ 513745.606107858009636, 1633541.109023288823664 ], [ 513745.554307090234943, 1633540.64357194956392 ], [ 513745.098172716621775, 1633540.749730706447735 ], [ 513682.461228570144158, 1633558.648090725531802 ], [ 513680.634991549828555, 1633559.078390614129603 ], [ 513678.776464260474313, 1633559.33563732705079 ], [ 513676.902007772761863, 1633559.417566259391606 ], [ 513675.028123378462624, 1633559.323456178652123 ], [ 513673.171307354175951, 1633559.054135564016178 ], [ 513671.347905694041401, 1633558.611975314794108 ], [ 513669.573970252589788, 1633558.000867881113663 ], [ 513667.865117415203713, 1633557.226192996371537 ], [ 513666.236390627687797, 1633556.294770316919312 ], [ 513664.702127967262641, 1633555.214799386449158 ], [ 513663.275835913955234, 1633553.995787456165999 ], [ 513622.87482613872271, 1633516.045470467302948 ], [ 513621.538027630769648, 1633514.66288284631446 ], [ 513620.340223735023756, 1633513.158275054302067 ], [ 513619.292493035027292, 1633511.545563318766654 ], [ 513618.404526064172387, 1633509.839663734193891 ], [ 513617.684535685402807, 1633508.056354285916314 ], [ 513617.13918114406988, 1633506.212128936080262 ], [ 513616.773506459430791, 1633504.324045051820576 ], [ 513616.590893778135069, 1633502.40956566715613 ], [ 513616.593032106175087, 1633500.486397930188105 ], [ 513616.779901661269832, 1633498.572329362854362 ], [ 513617.149774073157459, 1633496.685063321143389 ], [ 513617.699228370038327, 1633494.842055266490206 ], [ 513636.131790225044824, 1633442.374401253648102 ], [ 513636.268082123657223, 1633441.915969538502395 ], [ 513636.041788679722231, 1633441.494630730012432 ], [ 513627.576571857556701, 1633427.427971948869526 ], [ 513511.383171568624675, 1633234.329588802298531 ], [ 513511.130127702257596, 1633233.949831135803834 ], [ 513510.757245294866152, 1633233.68676120787859 ], [ 513455.050535674323328, 1633198.111387265613303 ], [ 513313.58818851102842, 1633107.771849149372429 ], [ 513312.016926560725551, 1633106.658398177707568 ], [ 513310.560054995527025, 1633105.398968792287633 ], [ 513309.231085211969912, 1633104.005241262959316 ], [ 513308.042342409491539, 1633102.490141383372247 ], [ 513307.004851297533605, 1633100.867720577400178 ], [ 513306.128233830677345, 1633099.153025596868247 ], [ 513305.42061997752171, 1633097.361958962399513 ], [ 513304.888572330295574, 1633095.511131484759971 ], [ 513304.53702523879474, 1633093.617708213860169 ], [ 513304.369239027844742, 1633091.699249241035432 ], [ 513304.386769803648349, 1633089.773546845884994 ], [ 513304.589454968750942, 1633087.858460487797856 ], [ 513304.975414779561106, 1633085.971751167206094 ], [ 513320.255164477741346, 1633026.119828252121806 ], [ 513320.821123829635326, 1633024.278148444835097 ], [ 513321.561692120274529, 1633022.499482335522771 ], [ 513322.469994722632691, 1633020.800341112772003 ], [ 513323.537599955801852, 1633019.196497733239084 ], [ 513324.754597355204169, 1633017.702840518206358 ], [ 513326.109689652454108, 1633016.33323494461365 ], [ 513327.590297663642559, 1633015.100394929293543 ], [ 513329.182677050644998, 1633014.015764804556966 ], [ 513330.872045915806666, 1633013.089413093402982 ], [ 513390.858748524391558, 1632983.862292994279414 ], [ 513391.262194070382975, 1632983.641522099729627 ], [ 513391.275508685037494, 1632983.181814756942913 ], [ 513387.929092918115202, 1632801.033624841831625 ], [ 513387.989948737784289, 1632799.064821497304365 ], [ 513388.244203645037487, 1632797.11155641824007 ], [ 513388.689390735526104, 1632795.192781161051244 ], [ 513389.321190584800206, 1632793.327112648868933 ], [ 513390.133473149617203, 1632791.532652541529387 ], [ 513391.118357257335447, 1632789.826811591396108 ], [ 513392.266287070233375, 1632788.226140729617327 ], [ 513393.566124796459917, 1632786.746170470723882 ], [ 513395.005258761055302, 1632785.401260238373652 ], [ 513456.124543546000496, 1632733.680798364803195 ], [ 513456.463958791166078, 1632733.364327588351443 ], [ 513456.270038429822307, 1632732.942721892846748 ], [ 513367.772012990899384, 1632562.636728743091226 ], [ 513366.982739047263749, 1632560.925228547072038 ], [ 513366.358099892502651, 1632559.147023779340088 ], [ 513365.903644193487708, 1632557.317910255165771 ], [ 513365.623408896557521, 1632555.454136011190712 ], [ 513365.519883322529495, 1632553.572256972547621 ], [ 513365.593987094878685, 1632551.688989894930273 ], [ 513365.845061952481046, 1632549.821063859621063 ], [ 513366.270877590519376, 1632547.985071676550433 ], [ 513366.867651486361865, 1632546.197322482476011 ], [ 513367.630082489689812, 1632544.473696876782924 ], [ 513384.00703900877852, 1632511.716627657646313 ], [ 513384.193065079220105, 1632511.295415178872645 ], [ 513383.854840786429122, 1632510.982957222731784 ], [ 513231.24367720936425, 1632382.936748464824632 ], [ 513230.868027328047901, 1632382.651228357804939 ], [ 513230.399632847751491, 1632382.708159565692768 ], [ 513177.815530497813597, 1632391.687559484969825 ], [ 513175.899651296087541, 1632391.92024012003094 ], [ 513173.970264602685347, 1632391.967147574527189 ], [ 513172.045341744727921, 1632391.827844932908192 ], [ 513170.142812463163864, 1632391.503629736369476 ], [ 513168.280397906026337, 1632390.997521907789633 ], [ 513166.475445586547721, 1632390.314235599245876 ], [ 513164.744767774071079, 1632389.460135306697339 ], [ 513163.104484903509729, 1632388.443176570348442 ], [ 513161.569875422050245, 1632387.272831880487502 ], [ 513160.155233497440349, 1632385.960002447245643 ], [ 513158.873735828266945, 1632384.516916651511565 ], [ 513157.73731895792298, 1632382.957016153493896 ], [ 513156.756568062119186, 1632381.294830684084445 ], [ 513155.940618370310403, 1632379.54584270878695 ], [ 513155.297070053289644, 1632377.726343217305839 ], [ 513154.831917467177846, 1632375.853279977338389 ], [ 513139.686078223458026, 1632299.225444068433717 ], [ 513139.40238106623292, 1632297.303359147859737 ], [ 513139.30655123089673, 1632295.362815113505349 ], [ 513139.215755049488507, 1632173.381438947981223 ], [ 513139.191863580024801, 1632172.907186778262258 ], [ 513138.721137440414168, 1632172.844714388018474 ], [ 513054.4020970572019, 1632165.88496755855158 ], [ 512959.652043418958783, 1632158.064453955274075 ], [ 512957.626975893566851, 1632157.792567557655275 ], [ 512955.640223530877847, 1632157.31545575382188 ], [ 512953.712528209725861, 1632156.638099639443681 ], [ 512951.864015244762413, 1632155.767570881638676 ], [ 512950.11398328107316, 1632154.712957887677476 ], [ 512948.480702806205954, 1632153.485270917415619 ], [ 512946.981225414841902, 1632152.097327139461413 ], [ 512945.631205785495695, 1632150.563616818049923 ], [ 512944.444738240796141, 1632148.900152029935271 ], [ 512943.434209609520622, 1632147.124299503164366 ], [ 512942.610169900464825, 1632145.254599299747497 ], [ 512922.122532073641196, 1632091.479703229153529 ], [ 512921.533336702384986, 1632089.681824777973816 ], [ 512921.116688573674764, 1632087.836310637649149 ], [ 512920.876317276270129, 1632085.959680747473612 ], [ 512920.814374468405731, 1632084.068733581341803 ], [ 512920.931414626305923, 1632082.180395769188181 ], [ 512921.226390076975804, 1632080.311570580117404 ], [ 512921.696660377725493, 1632078.478986628586426 ], [ 512922.338015948655084, 1632076.699048108421266 ], [ 512923.144715757574886, 1632074.987687969813123 ], [ 512964.485434176283889, 1631997.072006511036307 ], [ 512964.689395120483823, 1631996.636951258871704 ], [ 512964.438224285258912, 1631996.227333941031247 ], [ 512897.765277008933481, 1631898.662934856722131 ], [ 512896.741976157296449, 1631896.99596026330255 ], [ 512895.886429662117735, 1631895.236986383795738 ], [ 512895.206823099055327, 1631893.402842490701005 ], [ 512894.709658710868098, 1631891.51107705431059 ], [ 512894.399693201179616, 1631889.579789846902713 ], [ 512894.279892205726355, 1631887.62745877658017 ], [ 512894.351401953725144, 1631885.672763085924089 ], [ 512894.613538251840509, 1631883.734404644928873 ], [ 512895.063793078297749, 1631881.830929013434798 ], [ 512938.135293595027179, 1631732.71956218034029 ], [ 512938.245395944803022, 1631732.254619625397027 ], [ 512938.038031470263377, 1631731.82416163617745 ], [ 512884.755114114726894, 1631633.731674897251651 ], [ 512883.910772069764789, 1631631.979004016611725 ], [ 512883.240735293191392, 1631630.152581440052018 ], [ 512882.75134547369089, 1631628.269693684298545 ], [ 512882.447234529419802, 1631626.348161683185026 ], [ 512870.028894653834868, 1631512.131499154493213 ], [ 512869.949641120503657, 1631511.637820994947106 ], [ 512869.601678132312372, 1631511.278765290277079 ], [ 512612.858240749279503, 1631271.997693356359378 ], [ 512611.517113180481829, 1631270.621584215667099 ], [ 512610.314256187004503, 1631269.12310680677183 ], [ 512609.260776300448924, 1631267.516097283223644 ], [ 512608.36640079470817, 1631265.815393918426707 ], [ 512607.639387867297046, 1631264.036700111348182 ], [ 512607.086450357979629, 1631262.196439377730712 ], [ 512606.71269380976446, 1631260.311603711685166 ], [ 512606.521569276985247, 1631258.399596687871963 ], [ 512606.514841509866528, 1631256.47807276668027 ], [ 512606.692572629777715, 1631254.564774284372106 ], [ 512607.053121557692066, 1631252.6773676215671 ], [ 512658.349145072454121, 1631040.136674670036882 ], [ 512658.440737351076677, 1631039.650400061625987 ], [ 512658.151567583379801, 1631039.248861794592813 ], [ 512552.901871774287429, 1630907.694340968737379 ], [ 512551.79623618372716, 1630906.170512893702835 ], [ 512550.838806823710911, 1630904.549460437847301 ], [ 512550.038070174865425, 1630902.845552326412871 ], [ 512549.401123825635295, 1630901.07389170024544 ], [ 512548.933613550441805, 1630899.250182247953489 ], [ 512548.639683288696688, 1630897.39058901113458 ], [ 512548.521938369027339, 1630895.511595091316849 ], [ 512548.581422468880191, 1630893.629855562001467 ], [ 512548.817608333309181, 1630891.76204982958734 ], [ 512549.228402449458372, 1630889.924733799649402 ], [ 512549.810163616202772, 1630888.1341931107454 ], [ 512550.557735205395147, 1630886.406298801070079 ], [ 512606.664823328377679, 1630771.84604195645079 ], [ 512606.85439323465107, 1630771.406465711304918 ], [ 512606.910545711347368, 1630770.931059647351503 ], [ 512619.731859431893099, 1630586.228861190145835 ], [ 512619.74081414466491, 1630585.717178026912734 ], [ 512619.54296466865344, 1630585.245208292966709 ], [ 512587.206995859509334, 1630518.091029033064842 ], [ 512586.354335933749098, 1630516.034640480298549 ], [ 512585.735530320496764, 1630513.89621993410401 ], [ 512536.108540797664318, 1630298.049842606298625 ], [ 512535.745869580248836, 1630295.979456814005971 ], [ 512535.60252152668545, 1630293.882440105080605 ], [ 512535.680080385238398, 1630291.781961027765647 ], [ 512535.977689259860199, 1630289.701226375531405 ], [ 512536.49206007149769, 1630287.663224804447964 ], [ 512537.217509880603757, 1630285.690472840098664 ], [ 512537.654489785549231, 1630284.671061693923548 ], [ 512576.068316530028824, 1630195.030937870498747 ], [ 512588.560940045223106, 1630165.878536980831996 ], [ 512589.429429406765848, 1630164.10043705906719 ], [ 512590.469407931377646, 1630162.416881957324222 ], [ 512591.670691452978645, 1630160.844358182279393 ], [ 512593.021516205742955, 1630159.398264948511496 ], [ 512594.508654000645038, 1630158.092763372696936 ], [ 512596.11754178541014, 1630156.940637813182548 ], [ 512597.832424246938899, 1630155.953170663444325 ], [ 512599.636508111143485, 1630155.14003186696209 ], [ 512601.512126571498811, 1630154.509184236638248 ], [ 512603.440912315389141, 1630154.066805463051423 ], [ 512605.403977360168938, 1630153.817227619932964 ], [ 512607.382098056259565, 1630153.762894752202556 ], [ 512609.355903313145973, 1630153.904338928172365 ], [ 512611.306064294942189, 1630154.240175035782158 ], [ 512613.213483693485614, 1630154.767114348942414 ], [ 512615.059482787677553, 1630155.47999672871083 ], [ 512720.030849919654429, 1630202.109863470541313 ], [ 512720.461361502530053, 1630202.277230045059696 ], [ 512720.871117692091502, 1630202.064036100869998 ], [ 513070.094142648915295, 1629998.851544499630108 ], [ 513070.483644490421284, 1629998.59892941149883 ], [ 513070.320717786671594, 1629998.164210002170876 ], [ 512992.737224804237485, 1629818.155852572759613 ], [ 512991.987713000271469, 1629816.119366212049499 ], [ 512991.463283090037294, 1629814.013655429938808 ], [ 512991.170110777544323, 1629811.863517150981352 ], [ 512987.669932399352547, 1629768.868338208645582 ], [ 512987.604410400148481, 1629767.116993937175721 ], [ 512987.692482551501598, 1629765.366638778941706 ], [ 512999.76259337720694, 1629637.488293889444321 ], [ 512999.783679287880659, 1629637.032908190274611 ], [ 512999.329500375955831, 1629636.993636669125408 ], [ 512930.980284497432876, 1629634.366737349890172 ], [ 512929.126624003401957, 1629634.208893891889602 ], [ 512927.295653805835173, 1629633.879470395389944 ], [ 512925.503220854850952, 1629633.381318016909063 ], [ 512923.764838589238934, 1629632.718748238636181 ], [ 512894.543948078760877, 1629619.994913102826104 ], [ 512892.652447755564936, 1629619.049331161892042 ], [ 512890.871378972602542, 1629617.909290532814339 ], [ 512743.097903076268267, 1629511.90415766579099 ], [ 512741.649475018261001, 1629510.760311669670045 ], [ 512740.312674561864696, 1629509.487797614419833 ], [ 512739.098888994543813, 1629508.09745518816635 ], [ 512738.018457728379872, 1629506.601127773988992 ], [ 512737.080584224138875, 1629505.01156156975776 ], [ 512736.293257585377432, 1629503.342297005932778 ], [ 512720.927490715286694, 1629466.440087712835521 ], [ 512720.734827071079053, 1629466.031259828479961 ], [ 512720.356884032953531, 1629465.783432124648243 ], [ 512656.431721478526015, 1629427.936266684904695 ], [ 512654.788512004655786, 1629426.850695893866941 ], [ 512653.260054686921649, 1629425.608754068845883 ], [ 512651.861174573889002, 1629424.222487260354683 ], [ 512650.605439896229655, 1629422.705341366119683 ], [ 512649.505030489526689, 1629421.072031735209748 ], [ 512648.570619614736643, 1629419.338400429114699 ], [ 512647.811270445527043, 1629417.521262560738251 ], [ 512629.207716008473653, 1629366.007740776985884 ], [ 512628.878022435936145, 1629365.205598675878718 ], [ 512619.682834455627017, 1629345.332985331770033 ], [ 512619.007550897193141, 1629343.684632762335241 ], [ 512618.481634019117337, 1629341.982726326445118 ], [ 512618.109256980882492, 1629340.240770697360858 ], [ 512617.893374610343017, 1629338.47258833469823 ], [ 512617.835699924384244, 1629336.692209806991741 ], [ 512618.142753157182597, 1629311.464684478240088 ], [ 512618.145256841205992, 1629311.30887135816738 ], [ 512619.589096980285831, 1629238.993854906177148 ], [ 512619.575923481257632, 1629238.24395495490171 ], [ 512617.078036085702479, 1629192.950914644869044 ], [ 512617.019333095930051, 1629192.415448342915624 ], [ 512616.90314910520101, 1629191.889452640432864 ], [ 512607.401765843504108, 1629157.756794591899961 ], [ 512606.964000421576202, 1629156.510096787009388 ], [ 512571.048722353240009, 1629072.47467041364871 ], [ 512570.574965470586903, 1629071.512604705989361 ], [ 512545.754873546713497, 1629027.272266714833677 ], [ 512545.7054311442771, 1629027.185163869755343 ], [ 512525.647314633766655, 1628992.257381154689938 ], [ 512524.7228483328945, 1628990.438579947454855 ], [ 512523.988521307066549, 1628988.535046502016485 ], [ 512493.832974084129091, 1628896.659687211038545 ], [ 512493.680151466920506, 1628896.254393826704472 ], [ 512493.49273967242334, 1628895.863888637861237 ], [ 512482.645467261667363, 1628875.571030731312931 ], [ 512482.400234822940547, 1628875.16114764008671 ], [ 512482.018676023697481, 1628874.873822096502408 ], [ 512464.58303275203798, 1628863.017903947969899 ], [ 512464.217057078669313, 1628862.791538851335645 ], [ 512463.817588180012535, 1628862.631526498822495 ], [ 512376.381396063487045, 1628831.9226281309966 ], [ 512375.966688950778916, 1628831.787067429628223 ], [ 512265.992079881310929, 1628798.476224666461349 ], [ 512264.497316695866175, 1628797.958080563461408 ], [ 512263.048191055306233, 1628797.323395496234298 ], [ 512199.641347267199308, 1628766.508202717639506 ], [ 512199.054425403068308, 1628766.210930441273376 ], [ 512074.17776334786322, 1628700.358418087940663 ], [ 512072.081419441616163, 1628699.082702375017107 ], [ 512040.133343023888301, 1628676.844996047439054 ], [ 512038.564438728382811, 1628675.633227178826928 ], [ 512037.123223667556886, 1628674.272071937099099 ], [ 512035.823861488664988, 1628672.774907174753025 ], [ 512034.67912174545927, 1628671.156446389155462 ], [ 512033.700254454684909, 1628669.432595116086304 ], [ 511989.841086509462912, 1628582.411548785632476 ], [ 511989.689987362304237, 1628582.123508854070678 ], [ 511964.632283833401743, 1628536.188357761362568 ], [ 511963.683074522123206, 1628534.193462731083855 ], [ 511962.959711635427084, 1628532.106035938253626 ], [ 511952.163694918213878, 1628494.322388477856293 ], [ 511951.759114334068727, 1628492.631274806102738 ], [ 511951.50297492480604, 1628490.911407517036423 ], [ 511951.397213408956304, 1628489.175790801178664 ], [ 511951.442629457567818, 1628487.437547932844609 ], [ 511954.334016697888728, 1628445.969312408939004 ], [ 511954.565971524978522, 1628444.023289195261896 ], [ 511954.987302733410615, 1628442.109317038673908 ], [ 511969.327017558680382, 1628389.41586652235128 ], [ 511969.9428016502643, 1628387.528407743899152 ], [ 511970.742713150742929, 1628385.711313279811293 ], [ 511971.718867183139082, 1628383.982494606869295 ], [ 512014.233797978260554, 1628316.720326996408403 ], [ 512014.47751376288943, 1628316.288312113145366 ], [ 512014.582558286725543, 1628315.803544235415757 ], [ 512019.885246377496514, 1628283.630861797370017 ], [ 512019.937910212320276, 1628283.188449160428718 ], [ 512019.871002706815489, 1628282.747965554939583 ], [ 512012.406862629286479, 1628245.07840990065597 ], [ 512012.296169767680112, 1628244.630569729954004 ], [ 512011.995708608592395, 1628244.280517139006406 ], [ 511988.661820490437094, 1628219.533247002866119 ], [ 511988.285458175814711, 1628219.173819164512679 ], [ 511987.842548793239985, 1628218.900564276380464 ], [ 511942.06259642081568, 1628193.867425419157371 ], [ 511941.723601404693909, 1628193.698442257707939 ], [ 511941.372765697538853, 1628193.555658395867795 ], [ 511882.890294310695026, 1628172.303951162844896 ], [ 511882.3814659336349, 1628172.149341340642422 ], [ 511881.851399398583453, 1628172.106446447782218 ], [ 511779.578618847997859, 1628169.325248499633744 ], [ 511778.605736110941507, 1628169.346191821387038 ], [ 511733.044244285905734, 1628172.551462185569108 ], [ 511732.528955369896721, 1628172.61506653833203 ], [ 511732.08455445652362, 1628172.883536307141185 ], [ 511690.750167620892171, 1628200.920993380714208 ], [ 511627.69052503851708, 1628244.497075577033684 ], [ 511625.860292242665309, 1628245.621579204918817 ], [ 511623.919998694502283, 1628246.543274003313854 ], [ 511544.758603484369814, 1628279.058470057789236 ], [ 511544.422740439535119, 1628279.211167327826843 ], [ 511544.099075857608113, 1628279.38825961900875 ], [ 511470.090695622900967, 1628323.512213608948514 ], [ 511468.711456877063029, 1628324.262743758969009 ], [ 511467.277581712871324, 1628324.902741400757805 ], [ 511425.29572068300331, 1628341.69690103107132 ], [ 511423.227206859679427, 1628342.395986841293052 ], [ 511421.094804838066921, 1628342.865382101619616 ], [ 511386.801109482301399, 1628348.471756907412782 ], [ 511384.019864945206791, 1628348.728783917380497 ], [ 511336.953513139509596, 1628349.77653970126994 ], [ 511335.65684505488025, 1628349.890243309782818 ], [ 511308.396669277222827, 1628354.084779641358182 ], [ 511307.927259221614804, 1628354.180295866215602 ], [ 511307.469185008027125, 1628354.320428538601846 ], [ 511248.531357170722913, 1628375.497339501511306 ], [ 511245.734055344422814, 1628376.278331086039543 ], [ 511218.243748172186315, 1628381.838856970425695 ], [ 511216.51625879376661, 1628382.110272622201592 ], [ 511214.771662612038199, 1628382.22973012086004 ], [ 511213.023300700238906, 1628382.196315968409181 ], [ 511211.284542938286904, 1628382.01028569182381 ], [ 511193.380930748593528, 1628379.298510879511014 ], [ 511191.660884575918317, 1628378.960271267686039 ], [ 511189.977070124063175, 1628378.472691849805415 ], [ 511188.342427153140306, 1628377.839519576635212 ], [ 511135.295226298039779, 1628354.569067836040631 ], [ 511133.489238432026468, 1628353.665480138966814 ], [ 511092.913509821984917, 1628330.732759803766385 ], [ 511092.149906935577746, 1628330.278510995442048 ], [ 510981.298428154550493, 1628260.956035301554948 ], [ 510980.369830234674737, 1628260.338654016843066 ], [ 510931.771679236844648, 1628226.0363660575822 ], [ 510930.927807922591455, 1628225.406807472463697 ], [ 510897.620158857142087, 1628199.165425487561151 ], [ 510896.158376379928086, 1628197.89431283948943 ], [ 510894.826444117992651, 1628196.487724129343405 ], [ 510893.636861291481182, 1628194.958859178004786 ], [ 510853.231400372518692, 1628137.488142667105421 ], [ 510852.989471408422105, 1628137.158569865161553 ], [ 510814.082172926631756, 1628086.367087903898209 ], [ 510813.802701490581967, 1628086.033531991066411 ], [ 510813.469451481592841, 1628085.753695855848491 ], [ 510793.795558238169178, 1628070.64891693321988 ], [ 510793.432308082876261, 1628070.39501063618809 ], [ 510793.00314099190291, 1628070.284400164382532 ], [ 510773.114745699509513, 1628066.096913165878505 ], [ 510772.701209903752897, 1628066.027881603688002 ], [ 510772.281953923986293, 1628066.029159476980567 ], [ 510720.962714431923814, 1628068.348373243585229 ], [ 510719.131736542389262, 1628068.347207776037976 ], [ 510717.308540592843201, 1628068.17857248801738 ], [ 510715.508411985007115, 1628067.843881198205054 ], [ 510713.74644271354191, 1628067.345939910970628 ], [ 510712.037404872942716, 1628066.688923296984285 ], [ 510632.285875522589777, 1628031.759122557938099 ], [ 510630.353599495138042, 1628030.784997610608116 ], [ 510628.537896540365182, 1628029.607783616753295 ], [ 510626.86002895020647, 1628028.241266030119732 ], [ 510625.339644935796969, 1628026.701447086641565 ], [ 510620.851848767488264, 1628021.635069555370137 ], [ 510619.664027636637911, 1628020.158713664626703 ], [ 510618.621279753278941, 1628018.576556087005883 ], [ 510617.732968169788364, 1628016.902803338831291 ], [ 510617.007069210405461, 1628015.152484388323501 ], [ 510616.450100870570168, 1628013.341315710218623 ], [ 510616.067064280272461, 1628011.485560153378174 ], [ 510606.613098689587787, 1627951.434045418864116 ], [ 510606.406442519160919, 1627949.534141645766795 ], [ 510606.382097661786247, 1627947.623186794808134 ], [ 510606.540286480390932, 1627945.718635033583269 ], [ 510606.879564120492432, 1627943.837882047053427 ], [ 510607.396831710357219, 1627941.998106148093939 ], [ 510608.087364657840226, 1627940.216111376183107 ], [ 510608.944855820969678, 1627938.508174012880772 ], [ 510609.961473089351784, 1627936.889893921324983 ], [ 510611.127930955728516, 1627935.376052053645253 ], [ 510612.433575289207511, 1627933.980475455988199 ], [ 510613.866480678028893, 1627932.715910968370736 ], [ 510615.413559329172131, 1627931.593908802140504 ], [ 510674.703427126747556, 1627892.777728906134143 ], [ 510675.166041589516681, 1627892.435076011810452 ], [ 510675.58600426313933, 1627892.041306398110464 ], [ 510695.586096344166435, 1627870.98689582827501 ], [ 510695.905085807666183, 1627870.616064855596051 ], [ 510696.102025957661681, 1627870.168309935834259 ], [ 510722.328441787743941, 1627801.542136854957789 ], [ 510722.4651295086951, 1627801.131712986156344 ], [ 510722.491152265225537, 1627800.699909670744091 ], [ 510723.20238421834074, 1627757.970064016291872 ], [ 510723.186154118680861, 1627757.477528357878327 ], [ 510723.073194959491957, 1627756.997846151934937 ], [ 510712.42548667290248, 1627720.088518071454018 ], [ 510712.27442785713356, 1627719.644759373739362 ], [ 510712.005280339799356, 1627719.260962339816615 ], [ 510695.15352905500913, 1627697.495102094952017 ], [ 510694.463862086879089, 1627696.695471284678206 ], [ 510601.246081274060998, 1627599.510228051338345 ], [ 510600.639269318664446, 1627598.928648504894227 ], [ 510430.247296389890835, 1627448.847427603788674 ], [ 510429.935670154867694, 1627448.594462845241651 ], [ 510429.604717671521939, 1627448.367366997059435 ], [ 510404.869639577111229, 1627432.81971847708337 ], [ 510404.469687855278607, 1627432.593553055077791 ], [ 510404.010782748635393, 1627432.57078735390678 ], [ 510288.557441805489361, 1627432.217528967186809 ], [ 510286.960063646838535, 1627432.148722066543996 ], [ 510285.373288565489929, 1627431.952517603058368 ], [ 510204.80767833464779, 1627418.701621832093224 ], [ 510202.930960697121918, 1627418.299607454566285 ], [ 510201.101428295020014, 1627417.719524884130806 ], [ 510174.059822097246069, 1627407.69359620497562 ], [ 510172.345535104977898, 1627406.965502234641463 ], [ 510170.706424890435301, 1627406.08107112115249 ], [ 510169.156710798328277, 1627405.047975341090932 ], [ 510167.709836661233567, 1627403.875177046982571 ], [ 510070.85340915096458, 1627317.589761193143204 ], [ 510070.452659322181717, 1627317.268408437725157 ], [ 510069.972771785396617, 1627317.085170987760648 ], [ 510046.168665325210895, 1627309.384068897692487 ], [ 510045.726309997960925, 1627309.263424911070615 ], [ 510045.301649045199156, 1627309.436330316821113 ], [ 509940.122719603125006, 1627358.094513901043683 ], [ 509938.736418650019914, 1627358.673661029431969 ], [ 509937.310548281413503, 1627359.147090414306149 ], [ 509889.202024625556078, 1627373.13731733080931 ], [ 509887.439867078093812, 1627373.564159196335822 ], [ 509885.646290822711308, 1627373.82963495189324 ], [ 509831.216192556777969, 1627379.378674273611978 ], [ 509829.442801435070578, 1627379.480165746528655 ], [ 509788.666779689141549, 1627379.999625166878104 ], [ 509786.871272512129508, 1627379.941799296764657 ], [ 509726.90926558279898, 1627375.307850459590554 ], [ 509726.36504848964978, 1627375.280687561491504 ], [ 509620.252565960690845, 1627372.880769986892119 ], [ 509618.301942444988526, 1627372.741001473274082 ], [ 509616.374299746414181, 1627372.411363972350955 ], [ 509614.488074408203829, 1627371.895010242238641 ], [ 509612.661306855210569, 1627371.196878847200423 ], [ 509610.911468829959631, 1627370.323646930512041 ], [ 509609.255296301445924, 1627369.283666346222162 ], [ 509591.703969169815537, 1627357.026367821963504 ], [ 509591.279861263930798, 1627356.76113586849533 ], [ 509590.7803053422831, 1627356.735457478789613 ], [ 509582.752266725467052, 1627356.730599421076477 ], [ 509580.743947297160048, 1627356.628272075671703 ], [ 509578.756060106505174, 1627356.324755557347089 ], [ 509576.808708383468911, 1627355.823119291104376 ], [ 509574.921585415140726, 1627355.128436258761212 ], [ 509573.113775404868647, 1627354.247731696814299 ], [ 509571.403560471779201, 1627353.189912050031126 ], [ 509569.808235775737558, 1627351.965674904175103 ], [ 509568.343934603442904, 1627350.587400793330744 ], [ 509567.025465213344432, 1627349.069028013385832 ], [ 509565.866161103651393, 1627347.425911650760099 ], [ 509564.877746139885858, 1627345.674668308580294 ], [ 509564.070216022490058, 1627343.833008056273684 ], [ 509563.451737174531445, 1627341.919555343920365 ], [ 509563.028564187814482, 1627339.953660639934242 ], [ 509562.804976556566544, 1627337.955204754136503 ], [ 509562.783235373557545, 1627335.944397781509906 ], [ 509562.96356051240582, 1627333.941574728814885 ], [ 509589.030738583591301, 1627149.093180266441777 ], [ 509589.073465576686431, 1627148.630419765133411 ], [ 509588.667934770695865, 1627148.403444805182517 ], [ 509536.243236768932547, 1627122.28370777470991 ], [ 509534.997583641961683, 1627121.764928116928786 ], [ 508824.774660340452101, 1626880.861000139731914 ], [ 508822.875403047597501, 1626880.106511054793373 ], [ 508821.063071360287722, 1626879.162113972008228 ], [ 508819.356594334007241, 1626878.03767273738049 ], [ 508817.77379540464608, 1626876.744931674795225 ], [ 508816.331206255184952, 1626875.297392934793606 ], [ 508815.043894117872696, 1626873.71017545927316 ], [ 508813.925304437580053, 1626871.999857082730159 ], [ 508812.987120410660282, 1626870.184301369823515 ], [ 508812.23914098291425, 1626868.282471048180014 ], [ 508808.468985261686612, 1626857.041004757629707 ], [ 508597.545547442627139, 1626240.031334781320766 ], [ 508597.373351026442833, 1626239.597280103247613 ], [ 508596.906660105742048, 1626239.581172643695027 ], [ 508234.853980109852273, 1626244.568935609189793 ], [ 508232.95079568203073, 1626244.504473718348891 ], [ 508231.062372792046517, 1626244.259269279194996 ], [ 508229.205837106739637, 1626243.835545994108543 ], [ 508227.398025117290672, 1626243.237146523781121 ], [ 508225.655331451795064, 1626242.469497614074498 ], [ 508223.993560189381242, 1626241.539560901001096 ], [ 508222.427781544800382, 1626240.455769768217579 ], [ 508220.972195191076025, 1626239.227952869143337 ], [ 508182.665980979974847, 1626203.659663802478462 ], [ 508181.847393520758487, 1626202.977156424429268 ], [ 508127.277988728543278, 1626162.209461582358927 ], [ 508126.872079288761597, 1626161.936338109662756 ], [ 508126.404142602172215, 1626161.793530006892979 ], [ 508048.668434426479507, 1626142.203925282461569 ], [ 508048.473099480615929, 1626142.156782806618139 ], [ 507977.403264594497159, 1626125.75866704294458 ], [ 507975.241003071190789, 1626125.129633516306058 ], [ 507973.163178379647434, 1626124.261473084567115 ], [ 507971.196141528664157, 1626123.165195782436058 ], [ 507912.596575386996847, 1626086.034353930270299 ], [ 507910.800515866256319, 1626084.75215004850179 ], [ 507909.156679301930126, 1626083.279846442164853 ], [ 507907.68508580973139, 1626081.635374152567238 ], [ 507854.012948039511684, 1626014.548960035201162 ], [ 507853.731192434788682, 1626014.226287628756836 ], [ 507853.398327147355303, 1626013.95665008854121 ], [ 507801.328066792688332, 1625975.365731030935422 ], [ 507799.700714083854109, 1625974.020942296134308 ], [ 507798.224206054001115, 1625972.51208259142004 ], [ 507748.829885425860994, 1625916.393036738038063 ], [ 507747.548298874171451, 1625914.775832841638476 ], [ 507746.440193040471058, 1625913.035168034490198 ], [ 507707.475583632825874, 1625844.230789213674143 ], [ 507706.60212889732793, 1625842.49722559005022 ], [ 507705.900878275511786, 1625840.687138970009983 ], [ 507705.378440134634729, 1625838.817587048746645 ], [ 507691.783678591600619, 1625779.128035281784832 ], [ 507691.464129966159817, 1625777.362573545658961 ], [ 507691.304110581870191, 1625775.575575989438221 ], [ 507688.852963155601174, 1625720.445490948623046 ], [ 507688.791990943893325, 1625719.701590026728809 ], [ 507679.979806483257562, 1625646.079560087062418 ], [ 507679.895845280901995, 1625645.588315289700404 ], [ 507679.715681524423417, 1625645.123652022564784 ], [ 507413.967255105788354, 1625050.097766232909635 ], [ 507413.757132045866456, 1625049.682066201232374 ], [ 507413.29186644020956, 1625049.660018095513806 ], [ 506348.872247067338321, 1625050.321375309024006 ], [ 506348.40537064691307, 1625050.344546136679128 ], [ 506348.380988535354845, 1625050.811360887484625 ], [ 506347.837682862649672, 1625219.729351907037199 ], [ 506347.736477068450768, 1625221.675343605224043 ], [ 506347.446342612209264, 1625223.6022448183503 ], [ 506346.970034681842662, 1625225.491757194511592 ], [ 506346.312076424888801, 1625227.325937432702631 ], [ 506345.478715983976144, 1625229.087367687141523 ], [ 506344.47786717384588, 1625230.759320961078629 ], [ 506343.319034303131048, 1625232.325919954571873 ], [ 506342.013221959059592, 1625233.772287841886282 ], [ 506340.572830472316127, 1625235.08468954381533 ], [ 506339.011538176331669, 1625236.250662157777697 ], [ 506337.344171509495936, 1625237.259133311454207 ], [ 506335.586564214259852, 1625238.100526306778193 ], [ 506333.755406985117588, 1625238.766851064516231 ], [ 506331.868088963674381, 1625239.251780000515282 ], [ 506329.942532605491579, 1625239.550708110677078 ], [ 506327.997023488685954, 1625239.660796697949991 ], [ 506110.557194898894522, 1625241.352957869181409 ], [ 506110.087440419127233, 1625241.379816865781322 ], [ 506110.071582863864023, 1625241.850071301450953 ], [ 506125.595348489121534, 1626235.52252305415459 ], [ 506125.624234192015138, 1626235.978196898242459 ], [ 506126.079474797821604, 1626236.013254176126793 ], [ 506141.474020403809845, 1626236.462421603966504 ], [ 506143.406125891255215, 1626236.612742524361238 ], [ 506145.314606529427692, 1626236.949387303553522 ], [ 506147.181536936026532, 1626237.469194012926891 ], [ 506148.989381976600271, 1626238.167280379217118 ], [ 506150.721161466091871, 1626239.03708962816745 ], [ 506152.360609684837982, 1626240.070452094078064 ], [ 506153.892328116926365, 1626241.257661924697459 ], [ 506155.301930103218183, 1626242.587568267248571 ], [ 506156.576175955240615, 1626244.047679977957159 ], [ 506157.70309732935857, 1626245.624282973818481 ], [ 506158.672109614533838, 1626247.302569017512724 ], [ 506159.474111373187043, 1626249.066774819046259 ], [ 506160.101569795631804, 1626250.900330080883577 ], [ 506160.548591481812764, 1626252.786013146163896 ], [ 506160.810977788351011, 1626254.706112744985148 ], [ 506160.886264240252785, 1626256.642594348406419 ], [ 506159.503146451432258, 1626400.437040363205597 ], [ 506159.385365906346124, 1626402.420309673761949 ], [ 506159.071359760884661, 1626404.382102102739736 ], [ 506158.564227775321342, 1626406.303051481721923 ], [ 506157.868976192490663, 1626408.164194826036692 ], [ 506156.992468307900708, 1626409.947159547125921 ], [ 506155.943356726609636, 1626411.63434479967691 ], [ 506154.731997931899969, 1626413.209095249418169 ], [ 506153.370350062381476, 1626414.655865479726344 ], [ 506151.871854865050409, 1626415.960373459151015 ], [ 506150.251304984209128, 1626417.109741511754692 ], [ 506148.524697964603547, 1626418.092623462202027 ], [ 506146.709078300569672, 1626418.899316629394889 ], [ 506144.82236919546267, 1626419.521857610205188 ], [ 506142.883195608912501, 1626419.954100888455287 ], [ 506140.910700434236787, 1626420.191779514309019 ], [ 506138.924355490831658, 1626420.23254720098339 ], [ 506136.94376930751605, 1626420.076001514215022 ], [ 506134.988493584038224, 1626419.72368782828562 ], [ 506133.077830140362494, 1626419.179084067232907 ], [ 506132.397929307713639, 1626418.948197979712859 ], [ 506130.5814606337226, 1626418.230618299217895 ], [ 506128.843659511243459, 1626417.339256269391626 ], [ 506127.201104002073407, 1626416.282615198520944 ], [ 506125.669463537575211, 1626415.070775100728497 ], [ 506124.263349471264519, 1626413.715296537615359 ], [ 506122.996175669133663, 1626412.229110336164013 ], [ 506094.773577062354889, 1626375.651197221130133 ], [ 506094.455933633609675, 1626375.27893977612257 ], [ 506094.071592054271605, 1626374.97602972551249 ], [ 506081.326946386601776, 1626365.911614423152059 ], [ 506080.933905423968099, 1626365.659240480745211 ], [ 506080.466815375664737, 1626365.658413021592423 ], [ 506038.329324948077556, 1626367.583242102293298 ], [ 506036.380919045710471, 1626367.577220353763551 ], [ 506034.44234856730327, 1626367.381602746201679 ], [ 506032.532018834492192, 1626366.998246526345611 ], [ 506030.668067043763585, 1626366.430791396414861 ], [ 506028.868190052337013, 1626365.684624931309372 ], [ 506027.149476391263306, 1626364.766831448767334 ], [ 506025.528244000743143, 1626363.686124732717872 ], [ 506024.019885290239472, 1626362.452765314141288 ], [ 506022.638721036724746, 1626361.078463045414537 ], [ 506021.397864382830448, 1626359.576265931362286 ], [ 506020.309096355224028, 1626357.960436250315979 ], [ 506019.382754016900435, 1626356.246315119322389 ], [ 506018.627632309100591, 1626354.450176883488894 ], [ 506018.05090056284098, 1626352.589074563002214 ], [ 506017.658034422725905, 1626350.680677975760773 ], [ 506017.452763864945155, 1626348.743105953559279 ], [ 506013.272492883668747, 1626275.23901205114089 ], [ 506013.220782622112893, 1626274.759059952571988 ], [ 506012.738632726192009, 1626274.735407664207742 ], [ 505555.96263600239763, 1626275.420386464102194 ], [ 505553.953131627116818, 1626275.32218723022379 ], [ 505551.963666194584221, 1626275.022557237185538 ], [ 505550.014379321946763, 1626274.524529682239518 ], [ 505548.125003881985322, 1626273.833146173506975 ], [ 505546.314666270278394, 1626272.955405674176291 ], [ 505544.601692764728796, 1626271.900193672860041 ], [ 505543.003424002730753, 1626270.678192221326753 ], [ 505541.536039474769495, 1626269.301771800499409 ], [ 505540.214393688889686, 1626267.784866092028096 ], [ 505539.051865831017494, 1626266.142830928089097 ], [ 505538.060224323533475, 1626264.392288842936978 ], [ 505537.249507670872845, 1626262.550960798515007 ], [ 505536.627922852756456, 1626260.637486792169511 ], [ 505531.033065169292968, 1626239.92014785320498 ], [ 505530.884937095514033, 1626239.463289152132347 ], [ 505530.405609127716161, 1626239.433181263739243 ], [ 505365.771405376610346, 1626237.299691752996296 ], [ 505365.303528394317254, 1626237.316204864531755 ], [ 505365.271031332609709, 1626237.379504682030529 ], [ 505364.280395399371628, 1626239.094390836078674 ], [ 505363.124982267967425, 1626240.702872881200165 ], [ 505361.816125554672908, 1626242.189172992948443 ], [ 505360.36666402494302, 1626243.538711842615157 ], [ 505358.790815659158397, 1626244.738251610891894 ], [ 505357.104038182413206, 1626245.77602584566921 ], [ 505355.322877431404777, 1626246.641854883637279 ], [ 505353.464805074734613, 1626247.327245682477951 ], [ 505351.548047206248157, 1626247.825475151650608 ], [ 505349.591405577608384, 1626248.131656097713858 ], [ 505347.614073162607383, 1626248.242785152280703 ], [ 505345.635445889667608, 1626248.157772241858765 ], [ 505343.674932397436351, 1626247.877451275475323 ], [ 505341.751763635315001, 1626247.404571966268122 ], [ 505339.884804236062337, 1626246.743772863643244 ], [ 505338.092367453675251, 1626245.901535837445408 ], [ 505336.392035556084011, 1626244.886122516356409 ], [ 505334.80048733134754, 1626243.707493236055598 ], [ 505333.333334494731389, 1626242.377209335099906 ], [ 505332.004968544584699, 1626240.908319761045277 ], [ 505330.828419605852105, 1626239.315233056200668 ], [ 505329.815228604711592, 1626237.613576028496027 ], [ 505328.975334072310943, 1626235.820040467660874 ], [ 505328.703087425732519, 1626235.154738010372967 ], [ 505328.474132207455114, 1626234.722038559615612 ], [ 505324.52692351717269, 1626228.074120790464804 ], [ 505323.620295309461653, 1626226.363614985020831 ], [ 505322.883323294343427, 1626224.57345380843617 ], [ 505322.322915096709039, 1626222.720416451338679 ], [ 505321.944323432224337, 1626220.821871442720294 ], [ 505321.751096850784961, 1626218.89561386173591 ], [ 505321.745046447904315, 1626216.959698529914021 ], [ 505321.926228943688329, 1626215.032270792871714 ], [ 505322.292946117813699, 1626213.13139644311741 ], [ 505322.841760720999446, 1626211.274892387213185 ], [ 505323.567528712388594, 1626209.48015964939259 ], [ 505324.463447476446163, 1626207.76402027043514 ], [ 505344.072240064211655, 1626174.263494639657438 ], [ 505344.293108961719554, 1626173.840349886566401 ], [ 505344.245057179359719, 1626173.365454547805712 ], [ 505342.628165840695146, 1626162.618653648067266 ], [ 505342.538383459788747, 1626162.166259093442932 ], [ 505342.290052630472928, 1626161.777603065827861 ], [ 505334.381613298784941, 1626150.585500150453299 ], [ 505334.082869177858811, 1626150.203760717995465 ], [ 505333.686514923523646, 1626149.92469738307409 ], [ 505318.783349642239045, 1626140.485986118903384 ], [ 505317.206532066105865, 1626139.377363627776504 ], [ 505279.479534977348521, 1626110.036552850157022 ], [ 505279.030206212715711, 1626109.676604204345495 ], [ 505258.173946980910841, 1626092.470336251892149 ], [ 505257.728131912474055, 1626092.142526905750856 ], [ 505257.220843734685332, 1626091.92146413307637 ], [ 505191.617671890940983, 1626067.587607068009675 ], [ 505191.058822719205637, 1626067.416899366304278 ], [ 505190.48381860461086, 1626067.312861988320947 ], [ 505147.016556825954467, 1626062.059938721591607 ], [ 505144.993985495646484, 1626061.709387071430683 ], [ 505143.018009895109572, 1626061.153328079264611 ], [ 505141.109453158278484, 1626060.397621587384492 ], [ 505139.288427954423241, 1626059.450231354683638 ], [ 505137.574124519189354, 1626058.321141128893942 ], [ 505135.984608440834563, 1626057.022249443456531 ], [ 505134.53663028916344, 1626055.567244220525026 ], [ 505133.245449059875682, 1626053.971458531916142 ], [ 505132.124671433994081, 1626052.251709014875814 ], [ 505107.422293651208747, 1626009.724360009888187 ], [ 505107.173831419786438, 1626009.339974139817059 ], [ 505106.741726635431405, 1626009.490876159863546 ], [ 505014.457665037014522, 1626046.735003102105111 ], [ 505012.524926326936111, 1626047.402289276244119 ], [ 505010.534148602630012, 1626047.868715781252831 ], [ 505008.506147056934424, 1626048.129405762767419 ], [ 505006.462126092868857, 1626048.181633498286828 ], [ 505004.423457603086717, 1626048.024852911941707 ], [ 505002.411457522946876, 1626047.660703278845176 ], [ 504962.997034230094869, 1626038.423773805843666 ], [ 504961.111759390798397, 1626037.883165044011548 ], [ 504959.28851242858218, 1626037.16046903678216 ], [ 504957.544832842890173, 1626036.262638070154935 ], [ 504955.897494691598695, 1626035.198309213621542 ], [ 504954.362345234374516, 1626033.977721233619377 ], [ 504952.95415249443613, 1626032.612616094062105 ], [ 504951.686463165155146, 1626031.116126002976671 ], [ 504950.57147232274292, 1626029.502647085580975 ], [ 504949.619906089443248, 1626027.78770088031888 ], [ 504944.573559283977374, 1626017.538258831482381 ], [ 504943.729218442633282, 1626015.561878846026957 ], [ 504943.101867677818518, 1626013.506296128500253 ], [ 504942.698754032840952, 1626011.395256417803466 ], [ 504942.524534201133065, 1626009.253146073082462 ], [ 504942.364103381463792, 1626003.396631524898112 ], [ 504942.402529633895028, 1626001.494619314791635 ], [ 504942.621530663513113, 1625999.604866534704342 ], [ 504943.019124253245536, 1625997.744477768428624 ], [ 504943.591711685468908, 1625995.930291820550337 ], [ 504944.334110346913803, 1625994.178729302482679 ], [ 504945.239600617147516, 1625992.505644005956128 ], [ 504946.299986698839348, 1625990.92617941275239 ], [ 505036.98890902713174, 1625868.82351160957478 ], [ 505037.255736245540902, 1625868.425437009427696 ], [ 505037.397629023529589, 1625867.967696251813322 ], [ 505061.060203820641618, 1625776.168162441812456 ], [ 505061.15435386885656, 1625775.715206367895007 ], [ 505060.87545696774032, 1625775.346085855970159 ], [ 505021.471817916899454, 1625728.028269426431507 ], [ 505021.158187185472343, 1625727.685759835178033 ], [ 505020.723409056954551, 1625727.522526771295816 ], [ 505002.500664887658786, 1625721.642381521873176 ], [ 505002.027489617990796, 1625721.515483742579818 ], [ 505001.607259533309843, 1625721.767286376096308 ], [ 504842.888141239120159, 1625828.026560599217191 ], [ 504841.168971505830996, 1625829.056645453441888 ], [ 504839.355324551230296, 1625829.909466654527932 ], [ 504837.465419096406549, 1625830.57645732187666 ], [ 504835.518239904602524, 1625831.050917306914926 ], [ 504833.533347072661854, 1625831.328080496285111 ], [ 504831.530679544783197, 1625831.405162696260959 ], [ 504829.530354813381564, 1625831.281389600830153 ], [ 504827.552466837107204, 1625830.958004551008344 ], [ 504825.61688419082202, 1625830.43825607560575 ], [ 504823.743050474149641, 1625829.727365231607109 ], [ 504821.9497889825725, 1625828.832473172806203 ], [ 504679.595617633895017, 1625748.642733382293954 ], [ 504677.950449991913047, 1625747.607562392484397 ], [ 504676.413560700428206, 1625746.417551126331091 ], [ 504674.999471790913958, 1625745.083943976322189 ], [ 504671.028382691205479, 1625740.956205561524257 ], [ 504669.773746388673317, 1625739.521016595652327 ], [ 504668.661474877619185, 1625737.972878458211198 ], [ 504667.701676648051944, 1625736.325860866578296 ], [ 504666.903074488451239, 1625734.594932162901387 ], [ 504666.2729262142675, 1625732.795823293039575 ], [ 504665.816958712064661, 1625730.944884829688817 ], [ 504665.539315872301813, 1625729.058938378002495 ], [ 504665.442520957731176, 1625727.155123706907034 ], [ 504665.527453655027784, 1625725.250742971198633 ], [ 504665.793342084740289, 1625723.363103465177119 ], [ 504666.237769809202291, 1625721.509360346710309 ], [ 504666.856697812385391, 1625719.706360709387809 ], [ 504667.64450117002707, 1625717.97049048752524 ], [ 504668.594020228250884, 1625716.317525533493608 ], [ 504669.696625595563091, 1625714.762488239211962 ], [ 504670.942296647757757, 1625713.319511029403657 ], [ 504831.668026488507167, 1625544.156669093761593 ], [ 504831.978266495687421, 1625543.795606733066961 ], [ 504831.640130305138882, 1625543.460526436567307 ], [ 504799.806257396878209, 1625514.922124489210546 ], [ 504798.366922091576271, 1625513.493700399296358 ], [ 504797.079658844333608, 1625511.926845331210643 ], [ 504795.957705988839734, 1625510.237672975054011 ], [ 504795.012601794674993, 1625508.443554947851226 ], [ 504794.254065794404596, 1625506.562942130491138 ], [ 504793.689898854587227, 1625504.615174925886095 ], [ 504793.325902910262812, 1625502.620284360367805 ], [ 504793.165821334521752, 1625500.59878607862629 ], [ 504793.21130042191362, 1625498.57146936445497 ], [ 504793.461872457934078, 1625496.559183335397393 ], [ 504793.91496053757146, 1625494.582622534362599 ], [ 504794.565905058989301, 1625492.662114102160558 ], [ 504800.063120222883299, 1625478.799097333336249 ], [ 504800.874720277788583, 1625477.013375757960603 ], [ 504801.857372866827063, 1625475.315762700513005 ], [ 504803.001622528827284, 1625473.722593245096505 ], [ 504804.296458869124763, 1625472.249197474913672 ], [ 504805.729422468459234, 1625470.909752972889692 ], [ 504807.286724812409375, 1625469.717148391762748 ], [ 504808.953380944265518, 1625468.682859428692609 ], [ 504810.713353663566522, 1625467.816838416270912 ], [ 504812.549707835831214, 1625467.127418541582301 ], [ 504814.444773362076376, 1625466.621233676793054 ], [ 504816.380315195652656, 1625466.303154530003667 ], [ 504818.337708812381607, 1625466.176241788081825 ], [ 504820.29811941459775, 1625466.241716657066718 ], [ 504822.242683179036248, 1625466.498949121916667 ], [ 504824.15268876159098, 1625466.945463998941705 ], [ 504826.009757359628566, 1625467.576964752282947 ], [ 504827.796019531786442, 1625468.387374847428873 ], [ 504864.850638013856951, 1625487.442842332180589 ], [ 504865.284169225604273, 1625487.639191254973412 ], [ 504865.554455995559692, 1625487.247467782814056 ], [ 504876.190797716844827, 1625470.063915062928572 ], [ 504877.288637307181489, 1625468.4684881453868 ], [ 504878.535665567149408, 1625466.98674614331685 ], [ 504879.920185195340309, 1625465.632588007953018 ], [ 504881.429209210386034, 1625464.418715933104977 ], [ 504883.048582752002403, 1625463.356516214320436 ], [ 504884.763115876296069, 1625462.455952439224347 ], [ 504886.556726025126409, 1625461.725472022546455 ], [ 504888.412588883191347, 1625461.171926982700825 ], [ 504890.313296192907728, 1625460.800509654218331 ], [ 504892.241019055247307, 1625460.614703987259418 ], [ 504894.177675162209198, 1625460.616252875188366 ], [ 504896.105098394327797, 1625460.805141792632639 ], [ 504898.005209249793552, 1625461.179598941700533 ], [ 504899.860184424323961, 1625461.736111864680424 ], [ 504901.652623973088339, 1625462.469460397725925 ], [ 504903.36571456148522, 1625463.372765631182119 ], [ 504921.984934834821615, 1625474.374562172684819 ], [ 504922.387715686752927, 1625474.58739852020517 ], [ 504922.656066299590748, 1625474.219268544111401 ], [ 504944.141948175791185, 1625441.59085617121309 ], [ 504944.384679075155873, 1625441.178514957427979 ], [ 504943.988231554802042, 1625440.910610272083431 ], [ 504853.474208471598104, 1625386.161949946079403 ], [ 504851.841094805567991, 1625385.060763057786971 ], [ 504850.324242704547942, 1625383.804247053572908 ], [ 504848.938369956391398, 1625382.40459372010082 ], [ 504847.696923462324776, 1625380.875383686972782 ], [ 504846.611948796606157, 1625379.231454651802778 ], [ 504845.693973296671174, 1625377.488757411018014 ], [ 504844.951903941459022, 1625375.664201096631587 ], [ 504844.392940913443454, 1625373.775489098858088 ], [ 504844.022507749381475, 1625371.840947310440242 ], [ 504843.844198700098787, 1625369.879346295958385 ], [ 504843.859743872890249, 1625367.90971917216666 ], [ 504844.068992432730738, 1625365.951176935108379 ], [ 504844.469914072775282, 1625364.022723022615537 ], [ 504845.058618718408979, 1625362.143068931531161 ], [ 504845.829394256521482, 1625360.330452661728486 ], [ 504861.007908309460618, 1625329.015370199689642 ], [ 504861.187626068422105, 1625328.596379630500451 ], [ 504861.162014132889453, 1625328.141192194772884 ], [ 504842.492406708945055, 1625146.366013408871368 ], [ 504842.420686610683333, 1625145.897355314111337 ], [ 504841.946827113511972, 1625145.881820104783401 ], [ 504501.152006435557269, 1625151.584983681095764 ], [ 504500.660659761633724, 1625151.618187730200589 ], [ 504500.542304252856411, 1625151.840892643202096 ], [ 504499.53316594887292, 1625153.532939973054454 ], [ 504498.36241908982629, 1625155.117470187135041 ], [ 504497.041428309748881, 1625156.579101979034021 ], [ 504495.583016704476904, 1625157.903647042345256 ], [ 504494.001341330644209, 1625159.078247800236568 ], [ 504492.311755768372677, 1625160.091502199880779 ], [ 504490.530661130906083, 1625160.933574416907504 ], [ 504488.675346790521871, 1625161.59629031852819 ], [ 504486.763822618522681, 1625162.073216812452301 ], [ 504484.814644092868548, 1625162.359724302310497 ], [ 504482.846732221660204, 1625162.453031611396 ], [ 504480.879189867118839, 1625162.352233002660796 ], [ 504478.931116280495189, 1625162.058306944789365 ], [ 504477.021421741927043, 1625161.574106636224315 ], [ 504475.168643984536175, 1625160.904332299716771 ], [ 504473.390768220066093, 1625160.055485545191914 ], [ 504471.705052581673954, 1625159.035806280793622 ], [ 504425.257844389707316, 1625127.714833235600963 ], [ 504424.84618938335916, 1625127.466392562026158 ], [ 504424.53436963877175, 1625127.83238581311889 ], [ 504374.251950580684934, 1625193.245936490129679 ], [ 504372.932634539494757, 1625194.792689078720286 ], [ 504371.463083832059056, 1625196.197487648343667 ], [ 504369.85848856967641, 1625197.44581141625531 ], [ 504368.135434742551297, 1625198.52475701039657 ], [ 504366.311732807953376, 1625199.423171852948144 ], [ 504364.406233570014592, 1625200.131769429659471 ], [ 504362.438633337675128, 1625200.643225284293294 ], [ 504360.429270329535939, 1625200.952252731891349 ], [ 504358.39891444472596, 1625201.055657496443018 ], [ 504325.108947295346297, 1625201.056624855380505 ], [ 504323.203266918135341, 1625200.965665473137051 ], [ 504321.314929103595205, 1625200.693504604045302 ], [ 504319.46112381137209, 1625200.242619788274169 ], [ 504317.658726640511304, 1625199.617115544388071 ], [ 504315.924145206226967, 1625198.822685977676883 ], [ 504314.273169799533207, 1625197.866562959505245 ], [ 504312.72082959843101, 1625196.757450295612216 ], [ 504311.281255901150871, 1625195.505444488022476 ], [ 504309.967553462192882, 1625194.121942824218422 ], [ 504308.791681204398628, 1625192.619539628503844 ], [ 504303.545897071191575, 1625185.214639109326527 ], [ 504303.246458803885616, 1625184.833491970319301 ], [ 504302.76479066099273, 1625184.779342120047659 ], [ 504249.576438432210125, 1625181.456437584478408 ], [ 504249.113531760231126, 1625181.44954768079333 ], [ 504248.838739083323162, 1625181.82213197182864 ], [ 504244.282469002762809, 1625188.657120991498232 ], [ 504243.113544527383056, 1625190.236595191992819 ], [ 504241.795240227424074, 1625191.69371457467787 ], [ 504240.340286361111794, 1625193.014408436371014 ], [ 504238.762732726288959, 1625194.18592346040532 ], [ 504237.077813011244871, 1625195.196946894284338 ], [ 504235.301797688589431, 1625196.037715764716268 ], [ 504233.451836888445541, 1625196.700111176352948 ], [ 504231.545794812613167, 1625197.177736692596227 ], [ 504229.602077191288117, 1625197.465980120003223 ], [ 504227.639453592011705, 1625197.562058032723144 ], [ 504225.676876127719879, 1625197.46504266327247 ], [ 504223.733296474965755, 1625197.175870842998847 ], [ 504221.827482851047534, 1625196.697334975469857 ], [ 504219.977838786668144, 1625196.034056056058034 ], [ 504218.202225406072102, 1625195.192439059959725 ], [ 504177.823489458765835, 1625173.562763530993834 ], [ 504176.839362233644351, 1625173.102604697225615 ], [ 504028.622713668853976, 1625113.390228467294946 ], [ 504027.095271282887552, 1625112.699093009345233 ], [ 504025.631093242962379, 1625111.882434503175318 ], [ 504024.24047212547157, 1625110.945993724977598 ], [ 503963.141479801910464, 1625065.967648421181366 ], [ 503962.76390377106145, 1625065.717536858515814 ], [ 503962.729679626994766, 1625066.169143075123429 ], [ 503960.502925333217718, 1625151.433372817700729 ], [ 503960.358237491163891, 1625153.368159115780145 ], [ 503960.026722847891506, 1625155.27981562516652 ], [ 503959.51150243281154, 1625157.150345088914037 ], [ 503958.817426789668389, 1625158.96213743230328 ], [ 503957.951030277705286, 1625160.698135569225997 ], [ 503956.920469579577912, 1625162.341995970578864 ], [ 503955.735446897044312, 1625163.878242547856644 ], [ 503954.407118598523084, 1625165.292412325972691 ], [ 503952.947990226442926, 1625166.571191634982824 ], [ 503951.371798715554178, 1625167.702541431644931 ], [ 503949.693383096251637, 1625168.675810645800084 ], [ 503947.928544784372207, 1625169.481836453313008 ], [ 503946.093898836115841, 1625170.11303054401651 ], [ 503944.206717472930904, 1625170.563450558809564 ], [ 503942.284767547564115, 1625170.828856031177565 ], [ 503930.112147725070827, 1625171.911294183693826 ], [ 503929.581923548772465, 1625171.987447053659707 ], [ 503929.080310015648138, 1625172.175385345937684 ], [ 503854.171568154590204, 1625204.950306355720386 ], [ 503853.767199458903633, 1625205.149567094864324 ], [ 503853.431368931022007, 1625205.450294118840247 ], [ 503825.899138856504578, 1625232.454598888056353 ], [ 503824.481330763839651, 1625233.718834479339421 ], [ 503822.949955558229703, 1625234.842827942688018 ], [ 503821.318833433033433, 1625235.816435589920729 ], [ 503819.602684769837651, 1625236.630870917579159 ], [ 503817.816997272719163, 1625237.278783896937966 ], [ 503815.977886231674347, 1625237.754327320493758 ], [ 503814.10194905102253, 1625238.053209564648569 ], [ 503812.206115491047967, 1625238.172733307583258 ], [ 503810.307494859793223, 1625238.111819894285873 ], [ 503808.423221623175777, 1625237.871019053738564 ], [ 503773.319639350578655, 1625231.678044060710818 ], [ 503772.860749577754177, 1625231.619611223461106 ], [ 503772.659435539448168, 1625232.036104791099206 ], [ 503771.247871217958163, 1625235.353721498744562 ], [ 503770.412856773298699, 1625237.081152374856174 ], [ 503769.416126908909064, 1625238.720602309564129 ], [ 503768.266858284070622, 1625240.256977283162996 ], [ 503766.975631941691972, 1625241.676132268505171 ], [ 503765.554335878812708, 1625242.965001453412697 ], [ 503764.016055635700468, 1625244.11171853961423 ], [ 503762.374953783408273, 1625245.105725979898125 ], [ 503760.646139543212485, 1625245.937872199807316 ], [ 503758.845529694284778, 1625246.60049583343789 ], [ 503756.989702013786882, 1625247.087496275547892 ], [ 503755.095742646895815, 1625247.394389835186303 ], [ 503753.181088818411808, 1625247.518351023085415 ], [ 503751.26336828013882, 1625247.458238565828651 ], [ 503749.360237004584633, 1625247.214605911634862 ], [ 503747.489216661488172, 1625246.789696128573269 ], [ 503745.66753327002516, 1625246.187421263428405 ], [ 503743.911958617391065, 1625245.413326317677274 ], [ 503742.238655845751055, 1625244.474538197275251 ], [ 503740.66303063579835, 1625243.379700095625594 ], [ 503739.199589380761608, 1625242.13889192068018 ], [ 503737.861805612337776, 1625240.763537490507588 ], [ 503685.913464471697807, 1625181.95727958297357 ], [ 503685.570535731036216, 1625181.606633659219369 ], [ 503685.104848340735771, 1625181.760542490519583 ], [ 503661.529988229915034, 1625190.901957083493471 ], [ 503659.472489057458006, 1625191.574125482002273 ], [ 503657.354390729160514, 1625192.019964640028775 ], [ 503477.018360940855928, 1625219.886279392521828 ], [ 503475.097211507265456, 1625220.088722893968225 ], [ 503473.16549240227323, 1625220.104839341016486 ], [ 503471.241232676256914, 1625219.934478325536475 ], [ 503469.342391761543695, 1625219.579229857074097 ], [ 503467.486691850761417, 1625219.042409531772137 ], [ 503465.69145247747656, 1625218.329027587780729 ], [ 503463.973428916651756, 1625217.445742140989751 ], [ 503456.760200972901657, 1625213.284924938576296 ], [ 503455.669349893170875, 1625212.741516182199121 ], [ 503451.803075441217516, 1625211.101750638335943 ], [ 503449.962290262279566, 1625210.207270580576733 ], [ 503448.222577062784694, 1625209.1293176158797 ], [ 503446.602160347276367, 1625207.879183931509033 ], [ 503445.118014907464385, 1625206.469965406693518 ], [ 503443.785688025818672, 1625204.916424420662224 ], [ 503442.619136592606083, 1625203.234835218405351 ], [ 503441.630580905417446, 1625201.44281341927126 ], [ 503440.83037665206939, 1625199.559131488436833 ], [ 503437.492356474103872, 1625190.429072321858257 ], [ 503436.869651345070451, 1625188.396902352105826 ], [ 503436.466163399978541, 1625186.310116797918454 ], [ 503436.2864513163222, 1625184.192292436258867 ], [ 503436.332545498153195, 1625182.067356721963733 ], [ 503437.586673544778023, 1625165.345677522011101 ], [ 503437.611969033372588, 1625164.830426031723619 ], [ 503438.017419456038624, 1625147.393497955752537 ], [ 503438.008902375819162, 1625146.965136224636808 ], [ 503437.891054315085057, 1625146.553216152591631 ], [ 503435.647439428663347, 1625139.823023276636377 ], [ 503435.093132695241366, 1625137.818172501865774 ], [ 503434.750095010676887, 1625135.766585860867053 ], [ 503434.622038384433836, 1625133.690463493112475 ], [ 503434.590226621483453, 1625130.365493130870163 ], [ 503434.589768416946754, 1625130.309368075570092 ], [ 503434.412899029965047, 1625104.147286791820079 ], [ 503434.39669596235035, 1625103.64194211200811 ], [ 503430.711717453901656, 1625039.452061221702024 ], [ 503430.66364438139135, 1625038.996712201973423 ], [ 503430.205976590164937, 1625038.982786576962098 ], [ 503122.552211968868505, 1625044.343210007995367 ], [ 503122.18405027128756, 1625044.346234696451575 ], [ 502125.242145808937494, 1625043.358401334378868 ], [ 502125.115355154266581, 1625043.358402926241979 ], [ 502124.639661255117971, 1625043.381906948750839 ], [ 502124.482011559710372, 1625043.831507839262486 ], [ 501942.084341313166078, 1625659.754791939165443 ], [ 501941.928783756331541, 1625660.255839234218001 ], [ 501785.523720776138362, 1626141.636268966365606 ], [ 501601.327643677883316, 1626708.526380267459899 ], [ 501601.250908160815015, 1626708.757736135274172 ], [ 501317.217504848551471, 1627547.952946907375008 ], [ 501316.469524224172346, 1627549.841166815022007 ], [ 501315.533863316173665, 1627551.643772713374346 ], [ 501315.09474895556923, 1627552.393932702718303 ] ] ] } },
{ "type": "Feature", "properties": { "district": "DISTRICT 6", "pct_total_population": 22.56, "pct_female_population": 22.56, "pct_male_population": 22.56, "pct_children_0_4": 22.56, "pct_female_children_0_4": 22.56, "pct_male_children_0_4": 22.56, "pct_elderly_60plus": 22.56, "pct_female_elderly_60plus": 22.57, "pct_male_elderly_60plus": 22.56, "pct_childcare_facilities": 21.43, "pct_eldercare_facilities": 66.67, "pct_pwd_facilities": 0.0 }, "geometry": { "type": "Polygon", "coordinates": [ [ [ 499755.438239484035876, 1621058.108564088819548 ], [ 499755.404249058221467, 1621058.574701670790091 ], [ 499751.018706215021666, 1621242.570326589280739 ], [ 499751.036101398465689, 1621243.444029362406582 ], [ 499786.666826807835605, 1621802.534601627849042 ], [ 499786.707266532350332, 1621803.846896411385387 ], [ 499786.694770695874467, 1621810.003462811699137 ], [ 499786.715772070572712, 1621810.467420744244009 ], [ 499787.017425221856683, 1621810.820554412901402 ], [ 500112.773184524558019, 1622157.562922557583079 ], [ 501507.725743707909714, 1623642.38088826299645 ], [ 502285.241277584573254, 1624469.985541007481515 ], [ 502286.472078000602778, 1624471.426821400411427 ], [ 502287.560892548761331, 1624472.978156882571056 ], [ 502288.497939278080594, 1624474.62561019253917 ], [ 502289.274799712060485, 1624476.354380532633513 ], [ 502289.884494502504822, 1624478.148936558282003 ], [ 502290.321546125400346, 1624479.993155902251601 ], [ 502290.582028083095793, 1624481.870470016729087 ], [ 502290.663600198167842, 1624483.764013027772307 ], [ 502290.565529621264432, 1624485.656773261958733 ], [ 502290.288697424868587, 1624487.531746078282595 ], [ 502289.835590675531421, 1624489.372086639050394 ], [ 502129.158717048703693, 1625030.142398772528395 ], [ 502128.895023627905175, 1625030.964443514822051 ], [ 502124.78532135731075, 1625042.885007773060352 ], [ 502124.654998332087416, 1625043.334960859501734 ], [ 502125.122858048474882, 1625043.358394567621872 ], [ 502125.221916151989717, 1625043.358391689369455 ], [ 502125.242310679284856, 1625043.35840149759315 ], [ 503122.27609960664995, 1625044.346325903432444 ], [ 503122.460176561435219, 1625044.344813590636477 ], [ 503411.473946541198529, 1625039.309165567625314 ], [ 503413.38554620812647, 1625039.367330461973324 ], [ 503415.282845920010004, 1625039.607851364649832 ], [ 503417.148489953076933, 1625040.028528092661873 ], [ 503418.965412164165173, 1625040.625512474915013 ], [ 503420.716992083587684, 1625041.393343543400988 ], [ 503422.387206971645355, 1625042.32499749911949 ], [ 503423.96077836828772, 1625043.411951957270503 ], [ 503425.423311898484826, 1625044.644263898488134 ], [ 503426.76142888283357, 1625046.010660639731213 ], [ 503427.962888770853169, 1625047.498642943566665 ], [ 503429.016701093583833, 1625049.094599351286888 ], [ 503429.913226004224271, 1625050.783930706558749 ], [ 503430.644262454588898, 1625052.551183690316975 ], [ 503431.203123209706973, 1625054.380192190641537 ], [ 503431.58469604072161, 1625056.254225177923217 ], [ 503431.785490481532179, 1625058.156139763537794 ], [ 503434.382196764228866, 1625103.388382614823058 ], [ 503434.414609137980733, 1625104.399256368400529 ], [ 503434.589769219688606, 1625130.309485654812306 ], [ 503434.647176084574312, 1625136.317210311768577 ], [ 503434.678987117426004, 1625136.832947839749977 ], [ 503434.8167166239582, 1625137.331096389098093 ], [ 503436.92535795684671, 1625143.65640752017498 ], [ 503437.399696960463189, 1625145.314430955564603 ], [ 503437.729410364059731, 1625147.007159019587561 ], [ 503437.912045748496894, 1625148.722001158632338 ], [ 503437.946244671940804, 1625150.446202329127118 ], [ 503437.616973785974551, 1625164.573407361516729 ], [ 503437.566469884652179, 1625165.602048169821501 ], [ 503436.049327381653711, 1625185.843257045838982 ], [ 503436.037933315965347, 1625186.369513740995899 ], [ 503436.192153846146539, 1625186.872794932918623 ], [ 503443.63539666478755, 1625207.23134460975416 ], [ 503443.831497062521521, 1625207.69295980129391 ], [ 503444.28261479223147, 1625207.912132645957172 ], [ 503455.105105461552739, 1625212.501299322815612 ], [ 503457.291038751835003, 1625213.590205470332876 ], [ 503469.648024644469842, 1625220.718997681513429 ], [ 503470.071108229341917, 1625220.936544097261503 ], [ 503470.544226376223378, 1625220.88669054210186 ], [ 503658.967793977062684, 1625191.770654358668253 ], [ 503659.495375625905581, 1625191.659603538224474 ], [ 503660.007863078091759, 1625191.492178019369021 ], [ 503672.586876120243687, 1625186.614525815704837 ], [ 503674.511789895710535, 1625185.978345385054126 ], [ 503676.491227210673969, 1625185.540342468768358 ], [ 503678.504841307003517, 1625185.305019330698997 ], [ 503680.531934128201101, 1625185.274794883327559 ], [ 503682.551669040985871, 1625185.449979803757742 ], [ 503684.543285076448228, 1625185.828773370943964 ], [ 503686.486310277949087, 1625186.407281942199916 ], [ 503688.360772162443027, 1625187.179559000767767 ], [ 503690.147403010400012, 1625188.137666261056438 ], [ 503691.827837931399699, 1625189.271755285095423 ], [ 503693.384803609456867, 1625190.570168699137866 ], [ 503694.802295900532044, 1625192.019560036482289 ], [ 503741.606772734376136, 1625245.002894734032452 ], [ 503742.005112501326948, 1625245.405056771356612 ], [ 503742.48412401555106, 1625245.706647275248542 ], [ 503761.775185213948134, 1625256.366991067072377 ], [ 503762.194778248202056, 1625256.572596372105181 ], [ 503762.398646894842386, 1625256.152156787924469 ], [ 503766.624852426990401, 1625246.219257362419739 ], [ 503767.459392352204304, 1625244.492698938585818 ], [ 503768.455484857608099, 1625242.854022457264364 ], [ 503769.60396864352515, 1625241.318299211096019 ], [ 503770.894280844833702, 1625239.899653608212247 ], [ 503772.314554152369965, 1625238.611133267637342 ], [ 503773.851725990301929, 1625237.464589016977698 ], [ 503775.491658620769158, 1625236.470565899508074 ], [ 503777.219269204884768, 1625235.638206179253757 ], [ 503779.018668505246751, 1625234.975165271898732 ], [ 503780.873307023604866, 1625234.487541323527694 ], [ 503782.766127211914863, 1625234.179819134296849 ], [ 503784.679720353160519, 1625234.054828903637826 ], [ 503786.59648668236332, 1625234.113720199558884 ], [ 503788.498797247477341, 1625234.355951393488795 ], [ 503818.086580064962618, 1625239.575829228386283 ], [ 503818.547178301494569, 1625239.634691417915747 ], [ 503818.893752170784865, 1625239.325657355831936 ], [ 503851.133624507812783, 1625207.703980026300997 ], [ 503852.486064201861154, 1625206.492907411651686 ], [ 503853.942769017827231, 1625205.409486379940063 ], [ 503855.491731793910731, 1625204.462647227337584 ], [ 503857.120184940227773, 1625203.66019444889389 ], [ 503926.583076710056048, 1625173.2680033959914 ], [ 503928.602810986689292, 1625172.5112745964434 ], [ 503930.692300303897355, 1625171.976485399529338 ], [ 503932.827234654105268, 1625171.669857776956633 ], [ 503959.554192117648199, 1625169.293189437361434 ], [ 503960.015555886609945, 1625169.229478891706094 ], [ 503960.05028821574524, 1625168.765033798990771 ], [ 503961.742710652993992, 1625103.961169429821894 ], [ 503961.892329547845293, 1625101.986871815286577 ], [ 503962.236464516958222, 1625100.037049255566671 ], [ 503962.771741528064013, 1625098.130818575853482 ], [ 503963.49291251617251, 1625096.28686920250766 ], [ 503964.392906849214341, 1625094.523279937682673 ], [ 503965.462900633108802, 1625092.85734169697389 ], [ 503966.692403221386485, 1625091.305387994274497 ], [ 503968.069360111432616, 1625089.882634789450094 ], [ 503969.580271064070985, 1625088.603031317936257 ], [ 503971.210322536993772, 1625087.479123311815783 ], [ 503972.943532861594576, 1625086.521930013317615 ], [ 503974.762908965407405, 1625085.740836122306064 ], [ 503976.650612984900363, 1625085.143499793950468 ], [ 503978.588137126760557, 1625084.735777553869411 ], [ 503980.556485139299184, 1625084.521666879532859 ], [ 503982.536358573241159, 1625084.503266998566687 ], [ 503984.508345964364707, 1625084.680758320027962 ], [ 503986.453113179828506, 1625085.052400652552024 ], [ 503988.351592947670724, 1625085.614550276193768 ], [ 503990.185171829420142, 1625086.361695661442354 ], [ 503991.935872686910443, 1625087.286511501995847 ], [ 503993.586530963715632, 1625088.379930544644594 ], [ 504025.939349395979661, 1625112.196631505619735 ], [ 504026.285626089200377, 1625112.429813366383314 ], [ 504026.665972467220854, 1625112.601912076119334 ], [ 504176.334023099800106, 1625172.899017488118261 ], [ 504178.303735385707114, 1625173.820016809506342 ], [ 504233.776605358929373, 1625203.535167991183698 ], [ 504234.202296254690737, 1625203.736939803231508 ], [ 504234.482537723204587, 1625203.358271969947964 ], [ 504242.713313757325523, 1625191.011054829927161 ], [ 504243.84067821566714, 1625189.482490640599281 ], [ 504245.107983640045859, 1625188.067783574340865 ], [ 504246.503796254051849, 1625186.779697285033762 ], [ 504248.015522874484304, 1625185.629853040678427 ], [ 504249.629524537129328, 1625184.628624873002991 ], [ 504251.331239522085525, 1625183.785045984899625 ], [ 504253.105314768501557, 1625183.106727246427909 ], [ 504254.935744359914679, 1625182.599788536317647 ], [ 504256.806013937457465, 1625182.268803518498316 ], [ 504258.699249725847039, 1625182.11675838357769 ], [ 504260.598370713298209, 1625182.145024908939376 ], [ 504293.716642895014957, 1625184.214065456064418 ], [ 504295.685377861314919, 1625184.435393570922315 ], [ 504297.622548916726373, 1625184.850450093159452 ], [ 504299.509140718786512, 1625185.455160817829892 ], [ 504301.326634432305582, 1625186.243589893681929 ], [ 504303.057189476268832, 1625187.207998081576079 ], [ 504304.683818660269026, 1625188.338918724097311 ], [ 504306.190554943052121, 1625189.625250670826063 ], [ 504307.562608147680294, 1625191.054367254022509 ], [ 504308.786510150472168, 1625192.612240217393264 ], [ 504314.493026355979964, 1625200.667506580706686 ], [ 504314.780399959068745, 1625201.034681714372709 ], [ 504315.246132705768105, 1625201.056911444757134 ], [ 504367.740376682777423, 1625201.055386037100106 ], [ 504368.236511835304555, 1625201.03011818183586 ], [ 504368.558898193645291, 1625200.652155755087733 ], [ 504413.38818518538028, 1625142.332716570002958 ], [ 504414.691987937549129, 1625140.802399958251044 ], [ 504416.142864619207103, 1625139.410736405756325 ], [ 504417.726149330264889, 1625138.171793260378763 ], [ 504419.425837778602727, 1625137.098094129702076 ], [ 504421.224749014014378, 1625136.20049228426069 ], [ 504423.104699106945191, 1625135.488060955191031 ], [ 504425.046684966306202, 1625134.968001614557579 ], [ 504427.031076435698196, 1625134.645571182016283 ], [ 504429.03781469137175, 1625134.524028885643929 ], [ 504431.046615032479167, 1625134.60460331919603 ], [ 504433.037171903648414, 1625134.886480015702546 ], [ 504434.989364171167836, 1625135.366809692932293 ], [ 504436.883458488620818, 1625136.040737033588812 ], [ 504438.700308786181267, 1625136.901449795346707 ], [ 504440.421549793274608, 1625137.940247632563114 ], [ 504494.692415955010802, 1625174.53699155850336 ], [ 504495.07845239166636, 1625174.771056540310383 ], [ 504495.204519834718667, 1625174.337561939842999 ], [ 504497.03714462032076, 1625166.675725773908198 ], [ 504497.608458705130033, 1625164.72943362314254 ], [ 504498.374011000501923, 1625162.851034675259143 ], [ 504499.325923924800009, 1625161.059857764048502 ], [ 504500.454402241331991, 1625159.374334215885028 ], [ 504501.747833844507113, 1625157.811808164929971 ], [ 504503.192909243749455, 1625156.388358104042709 ], [ 504504.774758534040302, 1625155.118631423451006 ], [ 504506.477104387129657, 1625154.015693691559136 ], [ 504508.282429574523121, 1625153.090894211549312 ], [ 504510.172157177934423, 1625152.353749227244407 ], [ 504512.126841799297836, 1625151.811844016658142 ], [ 504514.126369607285596, 1625151.470754820853472 ], [ 504516.150165338360239, 1625151.333991475170478 ], [ 504824.090848681051284, 1625146.180638305377215 ], [ 504826.068843730376102, 1625146.245485735824332 ], [ 504828.03074100340018, 1625146.505541107151657 ], [ 504829.957322955771815, 1625146.958257088204846 ], [ 504831.829717986169271, 1625147.599199157673866 ], [ 504833.629585265181959, 1625148.422089044936001 ], [ 504835.339294403442182, 1625149.418866235762835 ], [ 504836.942098130355589, 1625150.579766921931878 ], [ 504838.422296373406425, 1625151.893419635714963 ], [ 504839.765390019107144, 1625153.346956648863852 ], [ 504840.958222942252178, 1625154.926140008261427 ], [ 504841.98911087855231, 1625156.61550101172179 ], [ 504842.847955894249026, 1625158.398491719271988 ], [ 504843.526345260906965, 1625160.257647050311789 ], [ 504844.01763389154803, 1625162.174755859188735 ], [ 504844.317009423859417, 1625164.131039337255061 ], [ 504860.628661968396045, 1625322.948226382955909 ], [ 504860.732288190396503, 1625324.789919693255797 ], [ 504860.665762218704913, 1625326.633326036389917 ], [ 504860.429650169273373, 1625328.462758661946282 ], [ 504860.025961272767745, 1625330.26264974148944 ], [ 504859.458130791026633, 1625332.0176828247495 ], [ 504858.730990750715137, 1625333.712923192651942 ], [ 504838.095439975673798, 1625376.286516432184726 ], [ 504837.910696787468623, 1625376.720973195740953 ], [ 504838.302131209813524, 1625376.984908430837095 ], [ 504926.639855457411613, 1625430.416368875885382 ], [ 504928.305413361056708, 1625431.541874459944665 ], [ 504929.849553185747936, 1625432.828916906611994 ], [ 504931.256669950089417, 1625434.264489459805191 ], [ 504932.512543436663691, 1625435.834084324771538 ], [ 504933.604481861577369, 1625437.521839284803718 ], [ 504934.521450167754665, 1625439.310698006069288 ], [ 504935.254181539465208, 1625441.182582405162975 ], [ 504935.795271033945028, 1625443.118575347121805 ], [ 504936.139250440581236, 1625445.099111818242818 ], [ 504936.282643528480548, 1625447.104176652850583 ], [ 504936.224001163733192, 1625449.11350680119358 ], [ 504935.963915996660944, 1625451.106796108419076 ], [ 504935.505016424693167, 1625453.063900526845828 ], [ 504934.851940056076273, 1625454.96504169376567 ], [ 504934.011286838620435, 1625456.791006807703525 ], [ 504932.991552358667832, 1625458.52334278752096 ], [ 504932.869198177009821, 1625458.709155126474798 ], [ 504931.749054710264318, 1625460.245840805349872 ], [ 504930.488005180086475, 1625461.669174316106364 ], [ 504929.097454176517203, 1625462.966283422661945 ], [ 504927.589977473136969, 1625464.125437429174781 ], [ 504925.979208268516231, 1625465.136153269791976 ], [ 504924.279713918978814, 1625465.989290312165394 ], [ 504922.50686419045087, 1625466.677133024903014 ], [ 504920.676692237320822, 1625467.193460752489045 ], [ 504918.805749647028279, 1625467.533603974152356 ], [ 504916.910956699866802, 1625467.69448653422296 ], [ 504915.00944937922759, 1625467.67465346143581 ], [ 504913.118424390326254, 1625467.47428412665613 ], [ 504911.254983641789295, 1625467.095190616091713 ], [ 504909.435979571717326, 1625466.540801355149597 ], [ 504907.677862745185848, 1625465.816130091203377 ], [ 504905.996533082972746, 1625464.927730553084984 ], [ 504886.917882244801149, 1625453.654996725497767 ], [ 504886.508311404264532, 1625453.439042080426589 ], [ 504886.245834752393421, 1625453.820474509615451 ], [ 504875.01425639266381, 1625471.965136186219752 ], [ 504873.885501849232242, 1625473.60098310187459 ], [ 504872.599932175769936, 1625475.116698270197958 ], [ 504871.170247429807205, 1625476.497308035381138 ], [ 504869.610571407771204, 1625477.729173436528072 ], [ 504867.936312038160395, 1625478.800124953268096 ], [ 504866.164009243133478, 1625479.699582723900676 ], [ 504864.311171495646704, 1625480.418661062140018 ], [ 504862.396102868486196, 1625480.950256243348122 ], [ 504860.43772221141262, 1625481.289116674801335 ], [ 504858.455376255034935, 1625481.431894783163443 ], [ 504856.468648462556303, 1625481.377180078299716 ], [ 504854.497165602922905, 1625481.125513090286404 ], [ 504852.560403831885196, 1625480.679380026180297 ], [ 504850.677496300661005, 1625480.043188214534894 ], [ 504848.867044124519452, 1625479.223222556523979 ], [ 504808.626229160174262, 1625458.529244771227241 ], [ 504808.201829651603475, 1625458.336699067614973 ], [ 504808.009008511900902, 1625458.760973521508276 ], [ 504789.616203953744844, 1625505.146890279604122 ], [ 504789.458738831512164, 1625505.611491273390129 ], [ 504789.806927123339847, 1625505.957054946571589 ], [ 504816.685377939138561, 1625530.054153445409611 ], [ 504818.104868237976916, 1625531.46087857731618 ], [ 504819.376854437403381, 1625533.002267399802804 ], [ 504820.488631489104591, 1625534.662923979572952 ], [ 504821.429094563005492, 1625536.426261090906337 ], [ 504822.188849976984784, 1625538.27466589724645 ], [ 504822.760309019940905, 1625540.189675878966227 ], [ 504823.137763757724315, 1625542.152163235703483 ], [ 504823.317444040090777, 1625544.142525946488604 ], [ 504823.29755514865974, 1625546.140883564017713 ], [ 504823.07829574495554, 1625548.127275781473145 ], [ 504822.661855872080196, 1625550.081861805170774 ], [ 504822.052395075676031, 1625551.985118539771065 ], [ 504821.256000875786413, 1625553.818035579985008 ], [ 504820.280627929430921, 1625555.562305099796504 ], [ 504819.136018626915757, 1625557.200504721840844 ], [ 504817.833605722291395, 1625558.716271526645869 ], [ 504658.101978836755734, 1625726.832800752483308 ], [ 504657.80364071088843, 1625727.178393634967506 ], [ 504658.104126012476627, 1625727.522121234564111 ], [ 504676.699035101628397, 1625746.850550772389397 ], [ 504677.050671160395723, 1625747.182173744309694 ], [ 504677.459768669621553, 1625747.439585730433464 ], [ 504832.230023724492639, 1625834.623450539074838 ], [ 504832.665736834227573, 1625834.840884657809511 ], [ 504833.083447668934241, 1625834.590602465672418 ], [ 504993.975804153596982, 1625726.876396084669977 ], [ 504995.694318372406997, 1625725.846659278729931 ], [ 504997.507246581139043, 1625724.994051293935627 ], [ 504999.396390777779743, 1625724.327130532125011 ], [ 505001.342787926725578, 1625723.85259148129262 ], [ 505003.326900283282157, 1625723.575197526719421 ], [ 505005.328811518207658, 1625723.497733126394451 ], [ 505007.328426645020954, 1625723.620975869707763 ], [ 505009.305673709779512, 1625723.943688664119691 ], [ 505011.240705299540423, 1625724.462632150156423 ], [ 505015.65470923401881, 1625725.886950259562582 ], [ 505017.41462217021035, 1625726.547691816464067 ], [ 505019.104709948820528, 1625727.370781315723434 ], [ 505020.710035562573466, 1625728.348944294266403 ], [ 505022.216411113622598, 1625729.473535733297467 ], [ 505023.610523235693108, 1625730.734616489848122 ], [ 505024.880050757725257, 1625732.12104111793451 ], [ 505054.624735500954557, 1625767.839912276947871 ], [ 505055.765468794561457, 1625769.349674583412707 ], [ 505056.758384328510147, 1625770.960504641989246 ], [ 505057.59459053730825, 1625772.657977461116388 ], [ 505058.266599185415544, 1625774.42689216369763 ], [ 505058.768392427125946, 1625776.251408108510077 ], [ 505059.095476702786982, 1625778.115186740644276 ], [ 505059.244922963611316, 1625780.001537913456559 ], [ 505059.215392928570509, 1625781.893569336039945 ], [ 505059.007151028316002, 1625783.774337858892977 ], [ 505058.622062073030975, 1625785.627001185202971 ], [ 505038.253899593371898, 1625864.64577702130191 ], [ 505037.681959376379382, 1625866.490834723459557 ], [ 505036.934660060855094, 1625868.272097541484982 ], [ 505036.018975370505359, 1625869.972942916443571 ], [ 505034.94345037988387, 1625871.577498730039224 ], [ 504942.458385883597657, 1625996.098469058750197 ], [ 504942.197143267141655, 1625996.487594729289412 ], [ 504942.18767637538258, 1625996.956185036338866 ], [ 504942.629420475917868, 1626013.082014939747751 ], [ 504942.672562814084813, 1626013.612469277810305 ], [ 504942.881648339971434, 1626014.101883524330333 ], [ 504953.578103143780027, 1626035.827044562902302 ], [ 504953.811019185755868, 1626036.246814098209143 ], [ 504954.272480238578282, 1626036.379139567958191 ], [ 505008.083228226460051, 1626048.989905837923288 ], [ 505008.579170520650223, 1626049.079665881115943 ], [ 505009.055575482547283, 1626048.915185067569837 ], [ 505091.112878820102196, 1626015.798389317467809 ], [ 505092.909603917854838, 1626015.170927117578685 ], [ 505094.757842334278394, 1626014.717115839011967 ], [ 505096.640852319949772, 1626014.441066209226847 ], [ 505098.541577136784326, 1626014.345278756227344 ], [ 505100.442799587151967, 1626014.430621148785576 ], [ 505102.327297970070504, 1626014.696320343762636 ], [ 505104.178002069704235, 1626015.139969581039622 ], [ 505105.978147774236277, 1626015.757550187874585 ], [ 505107.711428969167173, 1626016.543467986630276 ], [ 505109.362145184131805, 1626017.490603958722204 ], [ 505110.915343854110688, 1626018.590378731489182 ], [ 505112.35695574618876, 1626019.832830296363682 ], [ 505113.673922407208011, 1626021.206704251235351 ], [ 505114.854314450349193, 1626022.699555728351697 ], [ 505115.887439610029105, 1626024.297862140694633 ], [ 505136.869785239046905, 1626060.420848645968363 ], [ 505137.143526230880525, 1626060.840883778873831 ], [ 505137.63752313144505, 1626060.926503218244761 ], [ 505188.724291715363506, 1626067.100226999260485 ], [ 505191.034281085652765, 1626067.518180945888162 ], [ 505193.279370497213677, 1626068.203972518909723 ], [ 505254.577569906774443, 1626090.941007583634928 ], [ 505256.6210789878387, 1626091.83151478972286 ], [ 505258.552774592943024, 1626092.94393767346628 ], [ 505260.34865158284083, 1626094.26445218292065 ], [ 505279.14124858379364, 1626109.768213392002508 ], [ 505279.365901325072628, 1626109.948178387945518 ], [ 505317.587584159977268, 1626139.673713191179559 ], [ 505318.375534546270501, 1626140.227702147327363 ], [ 505330.753476918616798, 1626148.067098706727847 ], [ 505332.351389715098776, 1626149.192149998620152 ], [ 505333.831851161434315, 1626150.467806573491544 ], [ 505335.180721034121234, 1626151.881884349277243 ], [ 505336.385115963290446, 1626153.420877145603299 ], [ 505339.821570826403331, 1626158.284182626754045 ], [ 505340.824244496412575, 1626159.853440681705251 ], [ 505341.676584821485449, 1626161.50917053502053 ], [ 505342.371199416287709, 1626163.237011964898556 ], [ 505342.902063843328506, 1626165.021979313343763 ], [ 505343.264573890366592, 1626166.848591466201469 ], [ 505343.266679643711541, 1626166.862587508047 ], [ 505343.461836053349543, 1626168.791316114133224 ], [ 505343.469310860557016, 1626170.729878517566249 ], [ 505343.289033807173837, 1626172.660054737702012 ], [ 505342.922699266404379, 1626174.563703613821417 ], [ 505342.373750307713635, 1626176.422933304915205 ], [ 505341.647346345358528, 1626178.220269457204267 ], [ 505340.750314646342304, 1626179.938819434260949 ], [ 505318.753088611585554, 1626217.519846476847306 ], [ 505318.534947045845911, 1626217.937698310008273 ], [ 505318.755696188018192, 1626218.354178458219394 ], [ 505327.20925352384802, 1626232.591720564989373 ], [ 505328.127848578209523, 1626234.32776122353971 ], [ 505328.87169929232914, 1626236.145545647479594 ], [ 505329.433629193750676, 1626238.027536331675947 ], [ 505344.202810804592445, 1626298.112975785741583 ], [ 505344.324122110672761, 1626298.518806605599821 ], [ 505344.480851675849408, 1626298.12529557547532 ], [ 505360.59921984130051, 1626251.004003030015156 ], [ 505361.310595248476602, 1626249.211627222364768 ], [ 505362.191313314368017, 1626247.496109315659851 ], [ 505363.233183252974413, 1626245.873403842095286 ], [ 505364.426515538420063, 1626244.358602177584544 ], [ 505365.760212029446848, 1626242.965792170958593 ], [ 505367.22186918114312, 1626241.707927137380466 ], [ 505368.797893397219013, 1626240.5967053885106 ], [ 505370.473627450119238, 1626239.642461436567828 ], [ 505372.233486798999365, 1626238.85406987532042 ], [ 505374.061104522610549, 1626238.238862849771976 ], [ 505375.93948354414897, 1626237.802561877993867 ], [ 505377.851154694915749, 1626237.549224617425352 ], [ 505379.778339186275844, 1626237.48120714398101 ], [ 505515.796590866462793, 1626239.243863422190771 ], [ 505517.782368118874729, 1626239.368595470674336 ], [ 505519.745919106877409, 1626239.690056167310104 ], [ 505521.667803013930097, 1626240.205062782624736 ], [ 505523.528991557308473, 1626240.908516319468617 ], [ 505525.311057379236445, 1626241.793451997218654 ], [ 505526.996356525283772, 1626242.851108207367361 ], [ 505528.568203095812351, 1626244.071013257605955 ], [ 505530.011034471914172, 1626245.441089058993384 ], [ 505531.310565387713723, 1626246.947770694503561 ], [ 505532.453929385868832, 1626248.576140742516145 ], [ 505533.429806182452012, 1626250.310076957102865 ], [ 505534.228533773624804, 1626252.132411896483973 ], [ 505534.842204066284467, 1626254.025102892890573 ], [ 505540.495137034216896, 1626274.957496557850391 ], [ 505540.645037798443809, 1626275.418948125327006 ], [ 505541.129647899419069, 1626275.442629755008966 ], [ 505994.324003822519444, 1626274.763022345025092 ], [ 505996.34099694492761, 1626274.861967721022666 ], [ 505998.337724885146599, 1626275.163843646878377 ], [ 506000.293823290441651, 1626275.665571338497102 ], [ 506002.189342179393861, 1626276.362033752957359 ], [ 506004.004949413414579, 1626277.246127769816667 ], [ 506005.722127857268788, 1626278.308836641488597 ], [ 506007.323364248964936, 1626279.539321951102465 ], [ 506008.79232779116137, 1626280.925034150714055 ], [ 506010.114036716637202, 1626282.451840553199872 ], [ 506011.275011094054207, 1626284.104169470490888 ], [ 506012.263410303276032, 1626285.865169028984383 ], [ 506013.069153794960584, 1626287.716879032086581 ], [ 506013.684023887908552, 1626289.640414143679664 ], [ 506014.101749612484127, 1626291.616156490286812 ], [ 506014.318070636305492, 1626293.623955744318664 ], [ 506018.547865200089291, 1626367.998982609948143 ], [ 506018.596908676729072, 1626368.461909973295406 ], [ 506019.062424431962427, 1626368.463348700432107 ], [ 506074.055154336383566, 1626365.951295982580632 ], [ 506075.950875162496231, 1626365.954654298257083 ], [ 506077.837758891459089, 1626366.137516477378085 ], [ 506079.698846781568136, 1626366.498239014996216 ], [ 506081.517411913431715, 1626367.033579849405214 ], [ 506083.27710956952069, 1626367.738727498566732 ], [ 506084.962124099896755, 1626368.607344310497865 ], [ 506086.557311098964419, 1626369.631623418303207 ], [ 506092.048321208334528, 1626373.53701223898679 ], [ 506093.594144624308683, 1626374.755317695904523 ], [ 506095.012709548871499, 1626376.11969003197737 ], [ 506096.290272730228025, 1626377.616911032237113 ], [ 506126.384608982189093, 1626416.620692022144794 ], [ 506126.697354878298938, 1626416.98749147192575 ], [ 506127.145669952151366, 1626417.16459432290867 ], [ 506158.76680887315888, 1626427.90275088371709 ], [ 506159.214589383394923, 1626428.030383508419618 ], [ 506159.242192334088031, 1626427.565587244462222 ], [ 506161.070199716952629, 1626237.519064840162173 ], [ 506161.05220113042742, 1626237.056115062674507 ], [ 506160.590297496062703, 1626237.020178215578198 ], [ 506144.714904501161072, 1626236.556981045287102 ], [ 506142.81409163743956, 1626236.410602788440883 ], [ 506140.935857361822855, 1626236.083873436087742 ], [ 506139.097274068859406, 1626235.579762838315219 ], [ 506137.315053754253313, 1626234.902853159233928 ], [ 506135.605396087572444, 1626234.059297249186784 ], [ 506133.983841170847882, 1626233.056762691121548 ], [ 506132.465128296229523, 1626231.904362136498094 ], [ 506131.063061948865652, 1626230.612570445053279 ], [ 506129.790386347624008, 1626229.193129494087771 ], [ 506128.658669607364573, 1626227.658941435394809 ], [ 506127.678198578185402, 1626226.02395142824389 ], [ 506126.857885344070382, 1626224.303020879393443 ], [ 506126.205186226288788, 1626222.511792360572144 ], [ 506125.726033993472811, 1626220.666547424159944 ], [ 506125.424783954105806, 1626218.784058606484905 ], [ 506125.30417433794355, 1626216.881436981493607 ], [ 506110.378744038462173, 1625261.508117735851556 ], [ 506110.445209352415986, 1625259.537100301822647 ], [ 506110.705506244441494, 1625257.58221593266353 ], [ 506111.157102846889757, 1625255.662479526130483 ], [ 506111.795606537139975, 1625253.796564091695473 ], [ 506112.614806683035567, 1625252.00261913985014 ], [ 506113.606735035020392, 1625250.298094123601913 ], [ 506114.761743242677767, 1625248.699568732408807 ], [ 506116.068596708122641, 1625247.22259160480462 ], [ 506117.514583845157176, 1625245.881529101636261 ], [ 506119.085639728524256, 1625244.689425554824993 ], [ 506120.766482925973833, 1625243.657876402372494 ], [ 506122.540764097357169, 1625242.796915386337787 ], [ 506124.391225049563218, 1625242.114916962105781 ], [ 506126.299866606539581, 1625241.618514842819422 ], [ 506128.248123667843174, 1625241.312537471065298 ], [ 506130.217045799188782, 1625241.199961055535823 ], [ 506347.286630599934142, 1625239.510680844308808 ], [ 506347.751448794151656, 1625239.484378637978807 ], [ 506347.775628777337261, 1625239.019445191137493 ], [ 506348.318501836969517, 1625070.241369758965448 ], [ 506348.420607880339958, 1625068.286472957581282 ], [ 506348.713371437625028, 1625066.350927388062701 ], [ 506349.193986777565442, 1625064.453282519010827 ], [ 506349.857847886451054, 1625062.611724596237764 ], [ 506350.698592594999354, 1625060.843902349704877 ], [ 506351.708163554198109, 1625059.166757857659832 ], [ 506352.876885459700134, 1625057.596364181488752 ], [ 506354.193557762308046, 1625056.14777132961899 ], [ 506355.645562021119986, 1625054.834862020798028 ], [ 506357.218982834543567, 1625053.670218638610095 ], [ 506358.898741179495119, 1625052.665002649184316 ], [ 506360.66873895569006, 1625051.828847632743418 ], [ 506362.512013231986202, 1625051.169766957638785 ], [ 506364.410898825677577, 1625050.694076991872862 ], [ 506366.347197599534411, 1625050.406336553627625 ], [ 506368.302352870698087, 1625050.309303236892447 ], [ 507413.269472594198305, 1625049.660032009007409 ], [ 507413.738365358964074, 1625049.636175796855241 ], [ 507413.605150579998735, 1625049.185972081497312 ], [ 507390.070204925839789, 1624982.20717064384371 ], [ 507389.444711922667921, 1624980.044908250914887 ], [ 507389.066192106402013, 1624977.826047530630603 ], [ 507388.939441702677868, 1624975.578703659586608 ], [ 507388.926553636381868, 1624532.229362317360938 ], [ 507388.919590897334274, 1624531.856610083021224 ], [ 507379.375267015304416, 1624276.264078722801059 ], [ 507379.35747937252745, 1624275.93409839249216 ], [ 507325.875280460692011, 1623517.313487849198282 ], [ 507325.858443952223752, 1623517.049866722431034 ], [ 507309.970301342371386, 1623239.467757256003097 ], [ 507309.937951048195828, 1623238.439241682412103 ], [ 507309.106643587816507, 1623092.86380098038353 ], [ 507308.189996266795788, 1622932.305276344530284 ], [ 507308.082167678454425, 1622930.897680111695081 ], [ 507293.998636302305385, 1622835.914642750751227 ], [ 507293.828532616840675, 1622835.038907673209906 ], [ 507247.03179033350898, 1622640.872044053394347 ], [ 507246.664845565217547, 1622638.93457175209187 ], [ 507246.490512784395833, 1622636.970378417288885 ], [ 507246.510487297084183, 1622634.998564940644428 ], [ 507246.80188284436008, 1622630.103331191698089 ], [ 507263.216088940389454, 1622356.29250593460165 ], [ 507263.407069816137664, 1622354.48582701315172 ], [ 507263.76123571494827, 1622352.703937865095213 ], [ 507269.173012882354669, 1622330.745880366535857 ], [ 507269.711604794021696, 1622328.933933658525348 ], [ 507270.418885058898013, 1622327.180940003599972 ], [ 507271.288533251383342, 1622325.502564556663856 ], [ 507283.02880665572593, 1622305.249542804202065 ], [ 507283.45635745319305, 1622304.426089790416881 ], [ 507452.646233104984276, 1621937.898514790926129 ], [ 507452.817697819555178, 1621937.475356315495446 ], [ 507452.447815940657165, 1621937.207679958315566 ], [ 507250.662742379645351, 1621805.302412005374208 ], [ 507249.87649514421355, 1621804.761233037570491 ], [ 507228.57401161355665, 1621789.336576555855572 ], [ 507228.261196910927538, 1621789.119038627482951 ], [ 506945.582923382578883, 1621600.427529683103785 ], [ 506945.204673032159917, 1621600.198744761757553 ], [ 506944.770329418650363, 1621600.116516541223973 ], [ 506607.369665702455677, 1621551.71155787166208 ], [ 506606.039881780103315, 1621551.610733134206384 ], [ 506592.938258764101192, 1621551.49465914699249 ], [ 506592.352351508801803, 1621551.506647303700447 ], [ 506299.368817315029446, 1621566.102021917467937 ], [ 506298.421115271747112, 1621566.126732252305374 ], [ 505602.119385340833105, 1621567.770629122387618 ], [ 505601.919852007646114, 1621567.773091600975022 ], [ 504789.536928899469785, 1621585.908643550472334 ], [ 504789.061688995745499, 1621585.942439113277942 ], [ 504788.747161110048182, 1621586.30030406662263 ], [ 504768.278243333974387, 1621612.011590018635616 ], [ 504766.99573098710971, 1621613.471025943756104 ], [ 504765.57763739064103, 1621614.799107872182503 ], [ 504764.037350156577304, 1621615.983297969680279 ], [ 504762.389410451520234, 1621617.012416818644851 ], [ 504760.649375764594879, 1621617.876748962095007 ], [ 504758.833672997076064, 1621618.568134628003463 ], [ 504756.959443402825855, 1621619.080046752467752 ], [ 504755.044380769948475, 1621619.407652600668371 ], [ 504721.64404662582092, 1621623.463086693780497 ], [ 504721.194063335133251, 1621623.540775406872854 ], [ 504721.490274527750444, 1621623.888308764435351 ], [ 504732.091839197033551, 1621635.13279255037196 ], [ 504733.433510817354545, 1621636.712388968328014 ], [ 504734.604480394220445, 1621638.422370821703225 ], [ 504735.592169242620002, 1621640.244369312888011 ], [ 504748.113062242919113, 1621666.505346732912585 ], [ 504748.818723786447663, 1621668.17659101751633 ], [ 504749.370017057284713, 1621669.904911423800513 ], [ 504749.762404551671352, 1621671.676082729827613 ], [ 504749.992656654445454, 1621673.475527012255043 ], [ 504750.05887823458761, 1621675.288433647016063 ], [ 504749.960524244525004, 1621677.099881204310805 ], [ 504749.066709817154333, 1621686.042452658992261 ], [ 504748.748696327500511, 1621688.116851692087948 ], [ 504748.215022701886483, 1621690.146496082656085 ], [ 504747.47156727471156, 1621692.109029612736776 ], [ 504746.526519091799855, 1621693.982835285365582 ], [ 504745.39028772036545, 1621695.747273423243314 ], [ 504739.390300964761991, 1621704.070125325815752 ], [ 504738.067567624966614, 1621705.714516402687877 ], [ 504736.578896295977756, 1621707.210344955557957 ], [ 504734.940868321980815, 1621708.540949937421829 ], [ 504733.171728624380194, 1621709.691510614007711 ], [ 504731.291182484535966, 1621710.649211645359173 ], [ 504729.535596305970103, 1621711.429505941458046 ], [ 504729.103389522526413, 1621711.647667639888823 ], [ 504728.865846402652096, 1621712.069533140631393 ], [ 504722.963606179167982, 1621723.87487139320001 ], [ 504722.760991160932463, 1621724.337521409383044 ], [ 504722.655979072849732, 1621724.831556166755036 ], [ 504717.993805232166778, 1621753.978999165352434 ], [ 504717.959224983351305, 1621754.21289197774604 ], [ 504714.207372655218933, 1621781.843926089117303 ], [ 504713.795974404376466, 1621783.987972578732297 ], [ 504713.153292904724367, 1621786.074391593690962 ], [ 504712.286988926061895, 1621788.078313041711226 ], [ 504711.207388802955393, 1621789.975850193062797 ], [ 504691.656369730597362, 1621820.351583928102627 ], [ 504691.410176867910195, 1621820.779636335559189 ], [ 504691.349899785534944, 1621821.269744965480641 ], [ 504688.386791296186857, 1621862.110230392543599 ], [ 504688.133594519807957, 1621864.145923510426655 ], [ 504687.673166429856792, 1621866.144963532686234 ], [ 504687.010352751472965, 1621868.086311783874407 ], [ 504686.152129197493196, 1621869.949536746600643 ], [ 504685.107528056832962, 1621871.715029118815437 ], [ 504683.887543115648441, 1621873.36420816462487 ], [ 504682.505013986781705, 1621874.879717278527096 ], [ 504680.97449094010517, 1621876.245606657583266 ], [ 504679.312081812589895, 1621877.447501145768911 ], [ 504677.535282444616314, 1621878.472751542227343 ], [ 504675.662792576418724, 1621879.310567717300728 ], [ 504670.85623636841774, 1621881.171544970944524 ], [ 504668.913976690731943, 1621881.811410184251145 ], [ 504666.916522271523718, 1621882.249560705386102 ], [ 504664.884763451234903, 1621882.481414150446653 ], [ 504649.410095141211059, 1621883.449336951598525 ], [ 504648.927996994869318, 1621883.503260925645009 ], [ 504648.482121532491874, 1621883.694366890238598 ], [ 504633.059800034563523, 1621891.217473682714626 ], [ 504632.663352848147042, 1621891.433764354325831 ], [ 504632.37013737205416, 1621891.777241733623669 ], [ 504617.770513930357993, 1621910.548811491578817 ], [ 504616.514718767197337, 1621912.012027028016746 ], [ 504615.123829529329669, 1621913.347485089907423 ], [ 504613.610779535025358, 1621914.542767796432599 ], [ 504612.862644451903179, 1621915.077285435749218 ], [ 504611.121391004242469, 1621916.190120197366923 ], [ 504609.274584698549006, 1621917.117304702522233 ], [ 504607.341949380584992, 1621917.848936642985791 ], [ 504605.344125583709683, 1621918.377202204894274 ], [ 504603.302450026443694, 1621918.69645953271538 ], [ 504601.238727767602541, 1621918.803298968123272 ], [ 504589.871531949436758, 1621918.803629277739674 ], [ 504589.396223737916443, 1621918.826463162200525 ], [ 504588.946952986065298, 1621918.983291314216331 ], [ 504573.176799945300445, 1621925.352099198615178 ], [ 504571.40985381801147, 1621925.971156067680568 ], [ 504569.592753777047619, 1621926.422240739688277 ], [ 504567.74142973870039, 1621926.701398706296459 ], [ 504565.872111654258333, 1621926.806182690896094 ], [ 504564.001187218353152, 1621926.73567409045063 ], [ 504545.812160116387531, 1621925.195013629738241 ], [ 504545.355759791273158, 1621925.178115270100534 ], [ 504545.230417867889628, 1621925.617292026989162 ], [ 504536.242659433395602, 1621963.913551922189072 ], [ 504536.183180935622659, 1621964.183739273110405 ], [ 504521.953311206889339, 1622033.370196844218299 ], [ 504521.90239448385546, 1622033.63593028835021 ], [ 504514.431645080680028, 1622075.697405551327392 ], [ 504514.308174980920739, 1622076.664590217638761 ], [ 504512.114690438727848, 1622104.670325277838856 ], [ 504512.096064534795005, 1622105.937013930641115 ], [ 504513.777020989975426, 1622140.386310830712318 ], [ 504513.790508947102353, 1622140.719928381731734 ], [ 504515.376728176954202, 1622190.182178000221029 ], [ 504515.387405222456437, 1622190.423826775280759 ], [ 504520.740229504357558, 1622285.480583308963105 ], [ 504520.766120977757964, 1622286.125848381314427 ], [ 504522.906625693547539, 1622375.463300175964832 ], [ 504522.917330759926699, 1622375.744618253549561 ], [ 504529.262694233213551, 1622497.392504740506411 ], [ 504534.536599338694941, 1622592.036253544967622 ], [ 504534.563122423831373, 1622593.570619563572109 ], [ 504532.850832115625963, 1622674.719214779091999 ], [ 504532.884078438393772, 1622675.771126663312316 ], [ 504547.214184309937991, 1622845.382924656849355 ], [ 504547.283695881080348, 1622847.309293390018865 ], [ 504547.167399282741826, 1622849.233404469909146 ], [ 504546.866375231649727, 1622851.137377383653075 ], [ 504546.383421119011473, 1622853.003518759505823 ], [ 504545.723024972481653, 1622854.814486786024645 ], [ 504544.891323765565176, 1622856.553452373482287 ], [ 504543.896046391397249, 1622858.204255541786551 ], [ 504542.746441836410668, 1622859.751555594848469 ], [ 504541.453193236899097, 1622861.180973675567657 ], [ 504540.028318571276031, 1622862.479226391064003 ], [ 504538.485059030703269, 1622863.634249250171706 ], [ 504536.837755917804316, 1622864.635308783268556 ], [ 504535.101717407465912, 1622865.473102279705927 ], [ 504533.293076283705886, 1622866.13984423619695 ], [ 504531.428640008263756, 1622866.629338714992628 ], [ 504529.525734546768945, 1622866.937036912189797 ], [ 504527.602043347316794, 1622867.060079434420913 ], [ 504520.087460529408418, 1622867.177739043254405 ], [ 504518.209537477174308, 1622867.118863414274529 ], [ 504516.345429948007222, 1622866.883992411429062 ], [ 504514.511595263786148, 1622866.475199606036767 ], [ 504512.724223480385263, 1622865.896094040479511 ], [ 504510.999094453582074, 1622865.151788366958499 ], [ 504509.35143852228066, 1622864.248853713506833 ], [ 504507.795802049629856, 1622863.195261662360281 ], [ 504506.345919023558963, 1622862.000313881319016 ], [ 504505.014589756319765, 1622860.674559998791665 ], [ 504503.813567920355126, 1622859.229704467346892 ], [ 504502.75345676363213, 1622857.678503231611103 ], [ 504481.942018926201854, 1622823.924570709234104 ], [ 504481.70824188151164, 1622823.578748414991423 ], [ 504481.420016556221526, 1622823.276803187327459 ], [ 504458.793409614881966, 1622801.480380621505901 ], [ 504458.427876686037052, 1622801.161547079216689 ], [ 504457.942983074404765, 1622801.149409582139924 ], [ 504414.940426880551968, 1622802.199728000443429 ], [ 504412.911158380156849, 1622802.146221664501354 ], [ 504410.897771516814828, 1622801.88724903576076 ], [ 504408.921016116160899, 1622801.425479078199714 ], [ 504350.384714129439089, 1622784.576277223648503 ], [ 504348.376612219493836, 1622783.880748792318627 ], [ 504346.453665615816135, 1622782.976033712504432 ], [ 504344.637593838910107, 1622781.872350669233128 ], [ 504316.209800286334939, 1622762.455200968543068 ], [ 504315.861204701010138, 1622762.237629717215896 ], [ 504315.481594343262259, 1622762.080301717622206 ], [ 504274.386395541427191, 1622747.003555086674169 ], [ 504273.914381561509799, 1622746.856506134616211 ], [ 504273.430120501026977, 1622746.756948055233806 ], [ 504242.360928571259137, 1622741.961438580881804 ], [ 504241.113199295185041, 1622741.728085486683995 ], [ 504209.894296288781334, 1622734.857257914962247 ], [ 504207.716511038597673, 1622734.246994058834389 ], [ 504205.621569586161058, 1622733.394708418520167 ], [ 504203.636272215400822, 1622732.31130416947417 ], [ 504174.227321900601964, 1622714.031565238721669 ], [ 504173.785410002805293, 1622713.787175252102315 ], [ 504173.290426590887364, 1622713.687155205523595 ], [ 504168.596632269385736, 1622712.985346578992903 ], [ 504166.633103906933684, 1622712.590341785224155 ], [ 504164.718940230784938, 1622712.00089308922179 ], [ 504162.873345176980365, 1622711.222914171172306 ], [ 504161.114834773761686, 1622710.264210147084668 ], [ 504159.461051365651656, 1622709.134399268077686 ], [ 504157.928586598834954, 1622707.844816422788426 ], [ 504156.532815009588376, 1622706.40839941939339 ], [ 504155.287739736435469, 1622704.83955918229185 ], [ 504154.205852058075834, 1622703.154035186395049 ], [ 504153.298006063210778, 1622701.368737526005134 ], [ 504152.573309754603542, 1622699.501577293267474 ], [ 504152.039033680630382, 1622697.571286861784756 ], [ 504151.700537994795013, 1622695.597231967607513 ], [ 504151.561218662245665, 1622693.599217406706885 ], [ 504151.62247342034243, 1622691.59728836058639 ], [ 504153.181322484277189, 1622672.320375534007326 ], [ 504153.213762370636687, 1622671.554530620807782 ], [ 504153.332358970423229, 1622641.722193982684985 ], [ 504153.364163957070559, 1622633.690912177087739 ], [ 504153.342469960218295, 1622633.211579297902063 ], [ 504152.957658574392553, 1622632.924959641881287 ], [ 504149.33025640930282, 1622630.490970182465389 ], [ 504125.620951264863834, 1622614.587093403795734 ], [ 504110.87543698225636, 1622604.694956998573616 ], [ 504110.493650328542572, 1622604.463126183254644 ], [ 504110.048956145532429, 1622604.421249610371888 ], [ 504092.590168861439452, 1622603.570156240602955 ], [ 504092.099376235855743, 1622603.570817085215822 ], [ 504091.724674244120251, 1622603.887796996161342 ], [ 504056.243682248692494, 1622637.087589481845498 ], [ 504055.783541114185937, 1622637.547117622569203 ], [ 504017.662768999871332, 1622678.17850984656252 ], [ 504016.428588481503539, 1622679.385102131403983 ], [ 504015.094953749037813, 1622680.480768525507301 ], [ 504013.671801133139525, 1622681.457345708506182 ], [ 504012.16973389982013, 1622682.307557641062886 ], [ 503969.760124816326424, 1622703.951318073319271 ], [ 503969.338882983836811, 1622704.193299591774121 ], [ 503969.169561560149305, 1622704.648634638171643 ], [ 503955.576070396404248, 1622747.60320732370019 ], [ 503954.875094261777122, 1622749.484274933580309 ], [ 503953.989046122063883, 1622751.28558044298552 ], [ 503952.926855910685845, 1622752.988969631725922 ], [ 503951.699228771030903, 1622754.577275112969801 ], [ 503950.318537188810296, 1622756.034489358309656 ], [ 503948.79869629163295, 1622757.345926029141992 ], [ 503947.155023590312339, 1622758.498367983615026 ], [ 503945.404084642243106, 1622759.480200494639575 ], [ 503943.563526039535645, 1622760.281528292456642 ], [ 503941.651897628151346, 1622760.894275306491181 ], [ 503939.688465499319136, 1622761.312266055960208 ], [ 503937.693017848650925, 1622761.531287877587602 ], [ 503935.685665524215437, 1622761.549133399268612 ], [ 503933.686639366729651, 1622761.365622772835195 ], [ 503931.71608629176626, 1622760.982605490833521 ], [ 503929.793866261024959, 1622760.403941748430952 ], [ 503872.720093070762232, 1622740.046019378816709 ], [ 503871.482033921347465, 1622739.557378814788535 ], [ 503705.277833773347083, 1622667.477565380744636 ], [ 503704.849273743107915, 1622667.3156027586665 ], [ 503704.631235305219889, 1622667.718535562744364 ], [ 503682.823045809345786, 1622713.080607413314283 ], [ 503654.146543934533838, 1622772.726105404784903 ], [ 503653.592646731587593, 1622773.794592363992706 ], [ 503641.600407114427071, 1622795.3169885056559 ], [ 503640.795281937520485, 1622796.638873571762815 ], [ 503639.890326278924476, 1622797.894525554031134 ], [ 503623.904343936650548, 1622818.356734769651666 ], [ 503622.939441779453773, 1622819.500838307430968 ], [ 503621.891668594675139, 1622820.569566712481901 ], [ 503581.417823304771446, 1622858.873921176185831 ], [ 503580.585584765067324, 1622859.61861209734343 ], [ 503548.258447858621366, 1622886.95858027623035 ], [ 503548.098614585003816, 1622887.092333273496479 ], [ 503530.42318546329625, 1622901.727689373772591 ], [ 503528.853571822692174, 1622902.902547486824915 ], [ 503527.176447284407914, 1622903.918043296784163 ], [ 503525.407935249386355, 1622904.764414108358324 ], [ 503523.565037711872719, 1622905.433523157145828 ], [ 503521.665471765503753, 1622905.918937821872532 ], [ 503519.727499317552429, 1622906.215991466073319 ], [ 503517.769751492363866, 1622906.321828302461654 ], [ 503515.811049520911183, 1622906.235430852742866 ], [ 503513.870223827776499, 1622905.957629726501182 ], [ 503511.965932958060876, 1622905.491095626726747 ], [ 503510.116484234051313, 1622904.840313692111522 ], [ 503508.33965772704687, 1622904.011540359118953 ], [ 503506.652535351284314, 1622903.012743226485327 ], [ 503505.071336616121698, 1622901.853524455102161 ], [ 503503.611262725200504, 1622900.545028450665995 ], [ 503502.286350415146444, 1622899.099834728054702 ], [ 503487.808695813175291, 1622881.663689018459991 ], [ 503487.476416667050216, 1622881.302351116435602 ], [ 503486.993820283329114, 1622881.39221340091899 ], [ 503407.359759859624319, 1622900.430351676419377 ], [ 503406.866786071332172, 1622900.575610633706674 ], [ 503406.441999173548538, 1622900.864884593291208 ], [ 503331.090508246736135, 1622958.115803156048059 ], [ 503330.717715665639844, 1622958.429524193750694 ], [ 503330.644899172591977, 1622959.41236746031791 ], [ 503330.635191385052167, 1622959.411648233653978 ], [ 503330.545126931567211, 1622960.646088275127113 ], [ 503330.215224982530344, 1622962.565112434560433 ], [ 503329.700238175573759, 1622964.442950968164951 ], [ 503329.005049843806773, 1622966.261797341750935 ], [ 503328.136252094525844, 1622968.004404398845509 ], [ 503327.102083282137755, 1622969.654247928410769 ], [ 503325.912349868915044, 1622971.195683347061276 ], [ 503324.578333469573408, 1622972.614094046643004 ], [ 503323.112683860352263, 1622973.896029998548329 ], [ 503321.529299008194357, 1622975.029335292289034 ], [ 503319.84319331223378, 1622976.003263399703428 ], [ 503318.070355211384594, 1622976.808579088188708 ], [ 503316.227595586213283, 1622977.43764598434791 ], [ 503314.332388344511855, 1622977.884498987114057 ], [ 503312.402704716892913, 1622978.144900836516172 ], [ 503310.456842871324625, 1622978.216382284648716 ], [ 503308.513254362158477, 1622978.098265518434346 ], [ 503293.200554871058557, 1622976.416246433975175 ], [ 503291.29142720537493, 1622976.112533094594255 ], [ 503289.420548534428235, 1622975.625888270325959 ], [ 503272.688602067530155, 1622970.398105117026716 ], [ 503270.845743417681661, 1622969.721349824219942 ], [ 503269.078129628382158, 1622968.867144237738103 ], [ 503267.402798948867712, 1622967.843722154153511 ], [ 503265.835900095116813, 1622966.660948468605056 ], [ 503264.392536595114507, 1622965.330224086297676 ], [ 503263.086621196998749, 1622963.864376025274396 ], [ 503261.930741785850842, 1622962.277533779619262 ], [ 503260.936040012165904, 1622960.584993112599477 ], [ 503260.112103931198362, 1622958.803068635985255 ], [ 503256.448303686163854, 1622949.735476488946006 ], [ 503256.240863322280347, 1622949.288078106474131 ], [ 503255.816558002727106, 1622949.036757982801646 ], [ 503217.251497693243437, 1622928.733958162134513 ], [ 503215.688407236011699, 1622927.818326454376802 ], [ 503214.214597075770143, 1622926.764990427996963 ], [ 503212.842163261433598, 1622925.582595163257793 ], [ 503211.582369796000421, 1622924.280844973167405 ], [ 503210.445556233811658, 1622922.870423750719056 ], [ 503202.081366247031838, 1622911.472679639933631 ], [ 503201.764240543125197, 1622911.083829587325454 ], [ 503201.283862960524857, 1622910.948893419234082 ], [ 503165.429695425089449, 1622902.869691174477339 ], [ 503164.985103389364667, 1622902.790699626551941 ], [ 503164.564712626219261, 1622902.95555257727392 ], [ 503152.856401377066504, 1622908.177283453056589 ], [ 503151.090271412860602, 1622908.866542573086917 ], [ 503149.266803106700536, 1622909.385441810358316 ], [ 503147.402388148708269, 1622909.729316627141088 ], [ 503145.513786331517622, 1622909.895075837383047 ], [ 503143.617974859545939, 1622909.881229389691725 ], [ 503141.731995741778519, 1622909.687901755562052 ], [ 503139.872802616737317, 1622909.316830820869654 ], [ 503138.057108307955787, 1622908.771352258743718 ], [ 503111.756665840162896, 1622899.489522248273715 ], [ 503111.297831363917794, 1622899.352295793360099 ], [ 503110.836935481172986, 1622899.491500222124159 ], [ 503082.209854262997396, 1622909.665364335523918 ], [ 503047.686266911681741, 1622922.086840803967789 ], [ 503045.798590726335533, 1622922.662521175574511 ], [ 503043.863360677089076, 1622923.049320603022352 ], [ 503041.899427239724901, 1622923.243471399182454 ], [ 503039.925920505658723, 1622923.243082402506843 ], [ 503037.962063800136093, 1622923.048157407902181 ], [ 503036.026986459153704, 1622922.660595129942521 ], [ 503034.139537479670253, 1622922.084170698188245 ], [ 503032.318101926415693, 1622921.324498894391581 ], [ 503030.580421846359968, 1622920.38897945615463 ], [ 503028.943423454940785, 1622919.286724996753037 ], [ 503012.415962785307784, 1622906.930494230706245 ], [ 502991.787496748031117, 1622891.508404889144003 ], [ 502991.397272182919551, 1622891.245629851939157 ], [ 502991.100108156679198, 1622891.610348196234554 ], [ 502948.006385266315192, 1622950.176239592721686 ], [ 502946.768471357994713, 1622951.696448564529419 ], [ 502945.387639997410588, 1622953.088127707829699 ], [ 502943.877164428122342, 1622954.337899503530934 ], [ 502942.251564104401041, 1622955.433750531170517 ], [ 502940.526465104834642, 1622956.365146919852123 ], [ 502938.718449941894505, 1622957.123135633533821 ], [ 502936.844898174458649, 1622957.700430506141856 ], [ 502934.923819304269273, 1622958.091482299845666 ], [ 502932.973679712158628, 1622958.292532034218311 ], [ 502931.013225106988102, 1622958.301647125510499 ], [ 502929.061300357221626, 1622958.118739963509142 ], [ 502886.212271432392299, 1622951.972198704490438 ], [ 502747.696582096978091, 1622932.100206973962486 ], [ 502745.484738861792721, 1622931.654281152877957 ], [ 502743.337215280043893, 1622930.962007557274774 ], [ 502721.376665003364906, 1622922.487459508003667 ], [ 502720.850837936450262, 1622922.317513577174395 ], [ 502720.300458339625038, 1622922.267935115844011 ], [ 502673.657266146386974, 1622920.674574046395719 ], [ 502671.496061780548189, 1622920.482965678209439 ], [ 502669.368339942244347, 1622920.058327263919637 ], [ 502667.299151419079863, 1622919.405658305855468 ], [ 502651.059135379095096, 1622913.296116987708956 ], [ 502615.873819028376602, 1622900.060990646481514 ], [ 502614.1010775124887, 1622899.294513855827972 ], [ 502612.410550088621676, 1622898.360588743817061 ], [ 502610.818007673602551, 1622897.267927902052179 ], [ 502609.338307095458731, 1622896.026724767172709 ], [ 502607.985252479207702, 1622894.64855852117762 ], [ 502606.771466453443281, 1622893.146286085946485 ], [ 502605.70827243727399, 1622891.5339221553877 ], [ 502604.805588956631254, 1622889.826508470345289 ], [ 502604.071837145893369, 1622888.039973494131118 ], [ 502596.724067540548276, 1622867.35990927903913 ], [ 502596.522186981455889, 1622866.874560557538643 ], [ 502596.270287129678763, 1622866.413186953868717 ], [ 502588.785553768684622, 1622854.27444655331783 ], [ 502588.532672502158675, 1622853.902914208592847 ], [ 502588.247365218761843, 1622853.555660747224465 ], [ 502580.139732305717189, 1622844.548027495155111 ], [ 502558.643042675510515, 1622820.664657080778852 ], [ 502545.269558555795811, 1622805.805987572763115 ], [ 502541.40370972576784, 1622801.510747264605016 ], [ 502540.247105589485727, 1622800.101435153745115 ], [ 502539.223670932347886, 1622798.592635880922899 ], [ 502538.341913654527161, 1622796.996892223134637 ], [ 502537.6091638613143, 1622795.327469726791605 ], [ 502537.031512975576334, 1622793.598246444482356 ], [ 502536.613763046218082, 1622791.823597546899691 ], [ 502536.359386856376659, 1622790.018275840673596 ], [ 502535.931425828486681, 1622785.497211469337344 ], [ 502535.690162540180609, 1622784.066734838532284 ], [ 502534.538144878577441, 1622779.355008598184213 ], [ 502534.194370779790916, 1622777.619386670878157 ], [ 502534.005368305603042, 1622775.860170323867351 ], [ 502532.440231468179263, 1622750.957778156269342 ], [ 502532.401757800485939, 1622749.513336292468011 ], [ 502532.412796154560056, 1622748.352615138282999 ], [ 502532.577007504645735, 1622731.675315018510446 ], [ 502532.562152933736797, 1622731.239437443669885 ], [ 502532.434291985875461, 1622730.822470424231142 ], [ 502530.143778255092911, 1622724.377118719508871 ], [ 502528.474718708836008, 1622719.683382164221257 ], [ 502524.538639308186248, 1622708.606700716074556 ], [ 502524.339416209782939, 1622708.127483693649992 ], [ 502523.961936389445327, 1622707.771326734218746 ], [ 502518.694587994192261, 1622703.300522719975561 ], [ 502512.650580695539247, 1622698.169031937373802 ], [ 502512.275027667463291, 1622697.879877002676949 ], [ 502511.833035743562505, 1622697.708722738083452 ], [ 502500.864578461274505, 1622694.053538618376479 ], [ 502500.381188949104398, 1622693.919435664778575 ], [ 502499.908601224131417, 1622694.087691007414833 ], [ 502484.982625536387786, 1622700.277085619280115 ], [ 502483.203828909026925, 1622700.917935188161209 ], [ 502473.889801047742367, 1622703.783808500505984 ], [ 502471.806953181221616, 1622704.304109208518639 ], [ 502469.680328778398689, 1622704.598110240418464 ], [ 502467.534441610216163, 1622704.662422636989504 ], [ 502465.394027469563298, 1622704.496305069653317 ], [ 502463.283759075507987, 1622704.101672397693619 ], [ 502456.428478871181142, 1622702.43439542548731 ], [ 502454.800942344241776, 1622701.964718365343288 ], [ 502453.218998739786912, 1622701.358974132454023 ], [ 502451.694000989256892, 1622700.621509904507548 ], [ 502432.938605055271182, 1622690.550080575747415 ], [ 502432.069508461048827, 1622690.136024036444724 ], [ 502417.503520116908476, 1622684.039051591185853 ], [ 502415.507972557330504, 1622683.070381523342803 ], [ 502413.631996722950134, 1622681.886638986412436 ], [ 502401.934219164308161, 1622673.563743080943823 ], [ 502400.319580403040163, 1622672.284729350591078 ], [ 502398.84508846711833, 1622670.84639422269538 ], [ 502397.526390109676868, 1622669.264000773895532 ], [ 502396.377478861308191, 1622667.55434077559039 ], [ 502395.410546535509638, 1622665.735556503990665 ], [ 502394.635853853425942, 1622663.826948220143095 ], [ 502394.061621562985238, 1622661.848769358126447 ], [ 502393.693943203601521, 1622659.822011617710814 ], [ 502392.811666065477766, 1622652.963180458871648 ], [ 502392.697856856044382, 1622652.271238164743409 ], [ 502386.580754243885167, 1622621.798229367239401 ], [ 502386.44590616680216, 1622621.275253373663872 ], [ 502386.25522416230524, 1622620.76995320408605 ], [ 502376.300074937171303, 1622598.180162474513054 ], [ 502375.987322282104287, 1622597.534350520465523 ], [ 502373.920378168753814, 1622593.630088868318126 ], [ 502354.916601694363635, 1622557.737578773405403 ], [ 502354.497762333601713, 1622557.020285355160013 ], [ 502345.070239915512502, 1622542.314595090923831 ], [ 502344.782160126662347, 1622541.911256348714232 ], [ 502344.35946584737394, 1622541.652409593574703 ], [ 502314.815581758855842, 1622525.538238158915192 ], [ 502313.686458865297027, 1622524.873479038011283 ], [ 502286.375061427825131, 1622507.5648375346791 ], [ 502285.734221728576813, 1622507.191292264964432 ], [ 502257.169461798039265, 1622491.931923158233985 ], [ 502252.883478915144224, 1622489.692302338080481 ], [ 502230.932678527024109, 1622478.225985539145768 ], [ 502230.488654263026547, 1622478.021109295310453 ], [ 502230.026689533842728, 1622477.860733451787382 ], [ 502225.297946724109352, 1622476.474997287616134 ], [ 502207.826281793939415, 1622471.354357402073219 ], [ 502207.12414488120703, 1622471.175933290505782 ], [ 502172.96954726142576, 1622463.80329511128366 ], [ 502172.550887724093627, 1622463.731428368482739 ], [ 502172.127631407347508, 1622463.695445986231789 ], [ 502144.766849295410793, 1622462.539783821674064 ], [ 502143.984363440889865, 1622462.491350679192692 ], [ 502066.992750387755223, 1622456.208613603841513 ], [ 502066.179638150031678, 1622456.175504342652857 ], [ 502038.415235319058411, 1622456.176311122020707 ], [ 502038.013152952888049, 1622456.192552553024143 ], [ 502037.61368767102249, 1622456.241147804073989 ], [ 502007.784797522705048, 1622461.097720510326326 ], [ 502005.845512952422723, 1622461.316967997932807 ], [ 502003.894091862312052, 1622461.346118859481066 ], [ 502001.949123750964645, 1622461.184895399725065 ], [ 502000.029136628669221, 1622460.834833468776196 ], [ 501986.568680377153214, 1622457.695017035352066 ], [ 501981.375686380953994, 1622456.483211324317381 ], [ 501978.812439470086247, 1622455.700639145448804 ], [ 501961.324678466946352, 1622449.050590697908774 ], [ 501952.420252479379997, 1622445.664656791603193 ], [ 501951.370943012123462, 1622445.231171729741618 ], [ 501939.682660303893499, 1622440.009354869136587 ], [ 501937.953210150590166, 1622439.133802319411188 ], [ 501936.316664906276856, 1622438.09490398876369 ], [ 501934.788404538703617, 1622436.902423261431977 ], [ 501933.382791365322191, 1622435.567566866520792 ], [ 501932.113035073911306, 1622434.102879544720054 ], [ 501930.991068616043776, 1622432.522126172436401 ], [ 501930.027436022239272, 1622430.840162386652082 ], [ 501928.268072859325912, 1622427.391835009446368 ], [ 501913.601306525059044, 1622398.647982705151662 ], [ 501913.372932590078562, 1622398.247342598857358 ], [ 501913.108516762673389, 1622397.869518009480089 ], [ 501888.332292089820839, 1622365.739416624652222 ], [ 501887.600309765373822, 1622364.892830135067925 ], [ 501886.317571823077742, 1622363.567232462810352 ], [ 501856.137253082706593, 1622332.383683101506904 ], [ 501852.541819122154266, 1622328.668524378910661 ], [ 501852.009249205468222, 1622328.096246363827959 ], [ 501818.679654413019307, 1622290.847410567337647 ], [ 501818.383071042131633, 1622290.530101845040917 ], [ 501786.361960161302704, 1622257.729655191069469 ], [ 501785.638483389106113, 1622256.947961724596098 ], [ 501766.740747641131748, 1622235.405958133051172 ], [ 501765.613150320830755, 1622233.997110046679154 ], [ 501749.38183159858454, 1622211.727369317319244 ], [ 501748.73610173742054, 1622210.93075622105971 ], [ 501725.034139956813306, 1622184.578932087868452 ], [ 501724.723751511482988, 1622184.263285127701238 ], [ 501724.362387196160853, 1622184.007570786867291 ], [ 501705.041417689993978, 1622171.586852766340598 ], [ 501703.997891028411686, 1622171.001217168755829 ], [ 501680.032081956334878, 1622159.38080906891264 ], [ 501678.136546021094546, 1622158.331250700168312 ], [ 501653.349581207847223, 1622142.795048242900521 ], [ 501651.49509571515955, 1622141.480162739055231 ], [ 501649.801842949877027, 1622139.963279307354242 ], [ 501648.291708920092788, 1622138.264004326192662 ], [ 501633.327951335057151, 1622119.363130234880373 ], [ 501624.425354029925074, 1622108.119310319190845 ], [ 501623.818494996405207, 1622107.352593605639413 ], [ 501622.351192787464242, 1622105.230612643063068 ], [ 501616.603977800346911, 1622095.652109174989164 ], [ 501615.599707406712696, 1622093.754297345178202 ], [ 501614.804719186155125, 1622091.759744142182171 ], [ 501614.228179651603568, 1622089.691447521094233 ], [ 501613.876736520673148, 1622087.573255729861557 ], [ 501612.092163376626559, 1622071.51882038731128 ], [ 501611.97355698607862, 1622069.699302381137386 ], [ 501612.021189015358686, 1622067.8765450110659 ], [ 501612.23466338403523, 1622066.065704892156646 ], [ 501612.612205012876075, 1622064.281839547678828 ], [ 501613.150674561504275, 1622062.53978220350109 ], [ 501613.845594539772719, 1622060.854018438374624 ], [ 501620.830144434876274, 1622045.886583137093112 ], [ 501621.637855141598266, 1622044.336388278519735 ], [ 501622.577865030732937, 1622042.862657606834546 ], [ 501633.706960209121462, 1622026.990280743688345 ], [ 501635.114101563231088, 1622025.208003705600277 ], [ 501636.714244602655526, 1622023.59676180081442 ], [ 501650.233441168791614, 1622011.448392595630139 ], [ 501651.558482553868089, 1622010.356790642719716 ], [ 501665.795536662393715, 1621999.619758509332314 ], [ 501666.162747935857624, 1621999.313998471712694 ], [ 501666.427562834287528, 1621998.916246795561165 ], [ 501676.119817649654578, 1621982.718099347315729 ], [ 501676.368024432274979, 1621982.247429340844974 ], [ 501676.396688322885893, 1621981.716095877578482 ], [ 501676.396153261943255, 1621963.304625144228339 ], [ 501676.368782172503415, 1621962.7862905098591 ], [ 501676.084311820799485, 1621962.352128584170714 ], [ 501660.784017950762063, 1621941.488661850104108 ], [ 501660.51054228603607, 1621941.148151227273047 ], [ 501660.181800174352247, 1621940.860635930206627 ], [ 501642.864392726973165, 1621927.007535167736933 ], [ 501642.476412247633561, 1621926.726641267770901 ], [ 501642.063261726871133, 1621926.48428433155641 ], [ 501631.154204008926172, 1621920.77093424485065 ], [ 501629.330880414869171, 1621919.689139442751184 ], [ 501627.632342975295614, 1621918.420376486377791 ], [ 501626.077685982862022, 1621916.978908321354538 ], [ 501624.684386279957835, 1621915.380939376307651 ], [ 501615.115794956276659, 1621903.154360486892983 ], [ 501613.716750720224809, 1621901.119231021497399 ], [ 501607.86777044046903, 1621891.371797606116161 ], [ 501606.892151532229036, 1621889.535842338344082 ], [ 501606.112442217068747, 1621887.608508073026314 ], [ 501605.537071821512654, 1621885.610630976269022 ], [ 501605.172260612482205, 1621883.563809842336923 ], [ 501603.601542036049068, 1621870.999577477574348 ], [ 501603.50058660376817, 1621870.447683867998421 ], [ 501603.278415503038559, 1621869.932495983783156 ], [ 501596.385774463997222, 1621856.149083791300654 ], [ 501595.667504993325565, 1621854.538956885226071 ], [ 501595.093857223982923, 1621852.871819243067876 ], [ 501586.789569493907038, 1621824.767051057191566 ], [ 501586.316404819313902, 1621822.806873642839491 ], [ 501586.043068132887129, 1621820.809007942676544 ], [ 501584.091624767228495, 1621798.047840161947533 ], [ 501584.029525003279559, 1621797.582970676245168 ], [ 501583.839813741622493, 1621797.154053835431114 ], [ 501571.279217888251878, 1621772.036621349398047 ], [ 501571.046021884132642, 1621771.621400514151901 ], [ 501570.704467946081422, 1621771.289542689686641 ], [ 501559.163359655474778, 1621761.106033345684409 ], [ 501558.787281560653355, 1621760.805289456853643 ], [ 501558.36033328861231, 1621760.58258609008044 ], [ 501540.831961341144051, 1621752.493761195568368 ], [ 501539.29027364688227, 1621751.699489020276815 ], [ 501528.584353631187696, 1621745.582334026461467 ], [ 501526.82372783817118, 1621744.450159691274166 ], [ 501525.191106306156144, 1621743.140133431646973 ], [ 501523.704380257695448, 1621741.666611291468143 ], [ 501522.379842115624342, 1621740.045740996021777 ], [ 501511.965393230086192, 1621725.844607915729284 ], [ 501510.890015265438706, 1621724.217363073257729 ], [ 501509.978292533487547, 1621722.49308781302534 ], [ 501509.23889992776094, 1621720.688188345870003 ], [ 501508.678872648451943, 1621718.819838017923757 ], [ 501508.303539275133517, 1621716.905813893070444 ], [ 501504.021390450594481, 1621687.54981617256999 ], [ 501503.932632263924461, 1621686.856767988065258 ], [ 501500.638963480596431, 1621657.008865177864209 ], [ 501500.573255083174445, 1621656.523015714483336 ], [ 501496.938868810422719, 1621633.851462439168245 ], [ 501496.858258492429741, 1621633.453174005961046 ], [ 501496.74549846467562, 1621633.062767966883257 ], [ 501492.482025012897793, 1621620.279409963870421 ], [ 501491.745895329222549, 1621618.072181970346719 ], [ 501491.665561204019468, 1621617.826006480259821 ], [ 501482.409674496098887, 1621588.826965299667791 ], [ 501481.904476608266123, 1621586.925999426282942 ], [ 501481.588490676600486, 1621584.984595541842282 ], [ 501481.464774254825898, 1621583.021539151202887 ], [ 501481.534524460264947, 1621581.055825271643698 ], [ 501481.797066362167243, 1621579.10647463821806 ], [ 501483.672384414297994, 1621568.978009225800633 ], [ 501484.193063874030486, 1621566.834278105059639 ], [ 501484.946723122731782, 1621564.760950352298096 ], [ 501485.924188793695066, 1621562.783262029988691 ], [ 501487.113563405000605, 1621560.925285096978769 ], [ 501506.772190153773408, 1621533.655224612681195 ], [ 501506.929707108531147, 1621533.430270254379138 ], [ 501517.284879467624705, 1621518.200773485004902 ], [ 501531.106251979304943, 1621497.874878367874771 ], [ 501531.352833421900868, 1621497.471408378798515 ], [ 501531.158636506239418, 1621497.040272663347423 ], [ 501513.610352045856416, 1621462.647714762017131 ], [ 501513.01703267096309, 1621461.636306289816275 ], [ 501501.583904088009149, 1621444.533044068142772 ], [ 501500.495630903635174, 1621442.700697620632127 ], [ 501467.873824068868998, 1621380.439514107303694 ], [ 501467.024071848310996, 1621378.595608830917627 ], [ 501466.365680072689429, 1621376.675039704190567 ], [ 501465.905436391476542, 1621374.697606712579727 ], [ 501446.796492277353536, 1621268.411609034286812 ], [ 501446.537292354681995, 1621266.373331538867205 ], [ 501446.488629277097061, 1621264.319215756608173 ], [ 501446.651016870688181, 1621262.270950631937012 ], [ 501447.022740519198123, 1621260.250163342803717 ], [ 501447.599875279876869, 1621258.278190924786031 ], [ 501475.952765784109943, 1621177.124978196341544 ], [ 501476.771435591334011, 1621175.133286501513794 ], [ 501477.799535122932866, 1621173.241179895587265 ], [ 501479.025141060876194, 1621171.470601977780461 ], [ 501544.892521663045045, 1621086.487082173814997 ], [ 501545.175921340356581, 1621086.081076912581921 ], [ 501545.326816341024823, 1621085.60949833644554 ], [ 501551.426753341685981, 1621062.654439128935337 ], [ 501554.05983626213856, 1621052.747282170224935 ], [ 501554.163210979662836, 1621052.261464380659163 ], [ 501554.118065851915162, 1621051.766825953964144 ], [ 501552.416803367610555, 1621039.792326416820288 ], [ 501552.313433055649512, 1621039.268665494164452 ], [ 501552.100692893669475, 1621038.779127133311704 ], [ 501547.397408759628888, 1621029.374153663869947 ], [ 501547.161561883694958, 1621028.95461461157538 ], [ 501546.849384976492729, 1621028.588305530138314 ], [ 501523.779592961072922, 1621004.03202339890413 ], [ 501522.634895790659357, 1621002.70101805194281 ], [ 501521.611353196960408, 1621001.274740596767515 ], [ 501511.255813467432745, 1620985.41872481466271 ], [ 501510.399013674876187, 1620983.97838662029244 ], [ 501509.665836144122295, 1620982.471359513467178 ], [ 501509.061431156587787, 1620980.908229767112061 ], [ 501496.833399936323985, 1620944.860598824685439 ], [ 501487.865107391495258, 1620918.421937647974119 ], [ 501487.299547119415365, 1620916.416790067451075 ], [ 501486.945690490247216, 1620914.363680059555918 ], [ 501486.807378849771339, 1620912.284895530669019 ], [ 501486.059298759209923, 1620860.041599020827562 ], [ 501486.048858496418688, 1620859.706087894272059 ], [ 501482.896914594282862, 1620793.949364722939208 ], [ 501482.838045438576955, 1620793.244283165317029 ], [ 501480.173365384223871, 1620770.901352943619713 ], [ 501477.77961480373051, 1620750.839009444927797 ], [ 501477.695621756196488, 1620750.347704797051847 ], [ 501477.384151602745987, 1620749.958575721597299 ], [ 501452.599151848873589, 1620722.015190343838185 ], [ 501451.546582159644458, 1620720.7239076315891 ], [ 501450.605153581651393, 1620719.349489129614085 ], [ 501447.275963255902752, 1620714.026288196910173 ], [ 501431.141265398007818, 1620688.231495634419844 ], [ 501429.971033250214532, 1620686.077226239722222 ], [ 501429.073224458436016, 1620683.795941676944494 ], [ 501414.906361582165118, 1620640.111150566488504 ], [ 501414.324346237524878, 1620637.888580413768068 ], [ 501402.572560159780551, 1620579.505666210083291 ], [ 501402.524126076197717, 1620579.278696455759928 ], [ 501391.640270324132871, 1620531.026285589439794 ], [ 501390.628753846685868, 1620526.541593575384468 ], [ 501390.341366950364318, 1620524.981392488349229 ], [ 501388.412691483215895, 1620511.536362305050716 ], [ 501384.641747143352404, 1620485.246329210465774 ], [ 501384.565493991249241, 1620484.790088716428727 ], [ 501380.193235693383031, 1620461.900495025562122 ], [ 501375.772556547541171, 1620438.756589038064703 ], [ 501375.626069110177923, 1620437.989648771006614 ], [ 501363.632066492922604, 1620378.398448939202353 ], [ 501363.575972765334882, 1620378.137801968259737 ], [ 501359.832334817619994, 1620361.805099549004808 ], [ 501348.708077904186212, 1620313.268385485745966 ], [ 501348.353194836410694, 1620311.249808585038409 ], [ 501345.255129482829943, 1620286.139664825284854 ], [ 501342.731988043931779, 1620265.682652532588691 ], [ 501342.636697809386533, 1620265.150103010470048 ], [ 501342.484206741268281, 1620264.631031052209437 ], [ 501330.595600770611782, 1620231.030627687927336 ], [ 501330.388468946970534, 1620230.532939849654213 ], [ 501330.078942443768028, 1620230.091589516727254 ], [ 501305.909342514758464, 1620199.326902917120606 ], [ 501305.548991500516422, 1620198.916808349313214 ], [ 501305.107822059071623, 1620198.595249766949564 ], [ 501271.607160389481578, 1620176.892994447378442 ], [ 501271.217649067461025, 1620176.665149043081328 ], [ 501270.772508336871397, 1620176.591106321895495 ], [ 501243.615364104916807, 1620173.336637519998476 ], [ 501242.518143384950235, 1620173.266083288006485 ], [ 501208.90950211690506, 1620172.958255413454026 ], [ 501207.077599956770428, 1620172.857304152101278 ], [ 501205.262661738379393, 1620172.588871843414381 ], [ 501203.479966808867175, 1620172.155218329746276 ], [ 501201.744523064233363, 1620171.55999439698644 ], [ 501200.070940604491625, 1620170.808211032999679 ], [ 501198.473308738903143, 1620169.906197249423712 ], [ 501196.965077373257373, 1620168.861546789761633 ], [ 501181.766891185601708, 1620157.268029716564342 ], [ 501180.381938982114661, 1620156.108983824029565 ], [ 501179.107209800684359, 1620154.829708458157256 ], [ 501177.953101733932272, 1620153.440638805739582 ], [ 501176.929028957441915, 1620151.953105656662956 ], [ 501176.043344943493139, 1620150.379242973402143 ], [ 501175.303274311125278, 1620148.731888928916305 ], [ 501172.18832384631969, 1620140.865884750615805 ], [ 501171.58846739528235, 1620139.119543168693781 ], [ 501171.152260620670859, 1620137.325313439127058 ], [ 501170.883423228922766, 1620135.498495680047199 ], [ 501168.559208917082287, 1620112.316261319210753 ], [ 501168.463878885202575, 1620109.90132605494 ], [ 501168.660595350258518, 1620107.49252909864299 ], [ 501174.771058431593701, 1620064.73691682703793 ], [ 501174.979090173903387, 1620063.284342667786404 ], [ 501175.059455448877998, 1620062.508502571610734 ], [ 501178.391117052931804, 1620010.671904689632356 ], [ 501178.627085824671667, 1620008.636822533328086 ], [ 501179.070051159127615, 1620006.636566961416975 ], [ 501179.715363026189152, 1620004.692135621560737 ], [ 501180.556247295695357, 1620002.823940150439739 ], [ 501186.652373791323043, 1619990.946469741640612 ], [ 501188.03802436159458, 1619988.248127488186583 ], [ 501188.474329166696407, 1619987.27358700404875 ], [ 501197.745676390302833, 1619963.19007826782763 ], [ 501197.88666920812102, 1619962.768439321545884 ], [ 501197.910685286216903, 1619962.32450058334507 ], [ 501198.336711103271227, 1619916.361115043982863 ], [ 501198.27838164876448, 1619915.186657226644456 ], [ 501197.167879947868641, 1619904.993414360331371 ], [ 501194.860267752490472, 1619883.807513584382832 ], [ 501192.585408291546628, 1619862.92775453440845 ], [ 501192.50001665961463, 1619862.404877807246521 ], [ 501192.305806034128182, 1619861.911953842267394 ], [ 501146.5751811650116, 1619761.850464935647324 ], [ 501146.347285637399182, 1619761.410972921643406 ], [ 501146.076909077353776, 1619760.996260832063854 ], [ 501120.854969888459891, 1619726.217331465566531 ], [ 501099.831524613080546, 1619697.735159561503679 ], [ 501099.178596452868078, 1619696.795453190570697 ], [ 501071.119205995812081, 1619653.839001286076382 ], [ 501070.818412618711591, 1619653.426587027264759 ], [ 501070.406399564410094, 1619653.125244348775595 ], [ 501051.277455373608973, 1619640.593711649999022 ], [ 501050.859010490821674, 1619640.34810408600606 ], [ 501050.374177433841396, 1619640.329233802156523 ], [ 501032.050559765251819, 1619640.517705840524286 ], [ 501027.398124369443394, 1619640.564835585653782 ], [ 501025.577960743219592, 1619640.583660765783861 ], [ 501025.074561329442076, 1619640.614528156351298 ], [ 501024.603733785334043, 1619640.795324017060921 ], [ 500991.83554793370422, 1619655.331836863886565 ], [ 500784.361301654018462, 1619747.366496755508706 ], [ 500782.478272163658403, 1619748.090466368943453 ], [ 500780.5318769957521, 1619748.621011193376034 ], [ 500778.541928758088034, 1619748.952730750199407 ], [ 500776.528683384181932, 1619749.082248432328925 ], [ 500774.5126339555718, 1619749.008245868841186 ], [ 500772.514302091789432, 1619748.731476346729323 ], [ 500770.554029068909585, 1619748.254757144022733 ], [ 500768.651768748124596, 1619747.582940851338208 ], [ 500766.826884473557584, 1619746.722865978721529 ], [ 500764.013887140434235, 1619745.219209335045889 ], [ 500752.858487932418939, 1619739.258020423585549 ], [ 500752.414911731611937, 1619739.048709806986153 ], [ 500751.930512986436952, 1619739.125708207255229 ], [ 500740.737870787794236, 1619741.482276427326724 ], [ 500739.040923896769527, 1619741.763950078049675 ], [ 500737.326047238719184, 1619741.898734246380627 ], [ 500735.605931836238597, 1619741.885631465818733 ], [ 500733.893307489459403, 1619741.724738703342155 ], [ 500531.858971425273921, 1619713.934004272799939 ], [ 500531.425940809363965, 1619713.895575354574248 ], [ 500531.655821955821011, 1619714.264556342503056 ], [ 500554.904488914588001, 1619747.859521687729284 ], [ 500555.176224433933385, 1619748.21669525722973 ], [ 500555.478974271100014, 1619748.547989216865972 ], [ 500571.825249431363773, 1619764.893314357846975 ], [ 500572.24591268633958, 1619765.268664346076548 ], [ 500572.740350797597785, 1619765.53954464267008 ], [ 500586.840291882574093, 1619772.252776010194793 ], [ 500588.827999383735005, 1619773.341402003541589 ], [ 500590.679754971701186, 1619774.647958175744861 ], [ 500601.567314498184714, 1619783.294228635728359 ], [ 500603.139222240017261, 1619784.683033417444676 ], [ 500628.180431552580558, 1619809.263158038957044 ], [ 500628.984329684986733, 1619810.099400634644553 ], [ 500641.843022256507538, 1619824.276531503768638 ], [ 500643.224328650685493, 1619825.978268774459139 ], [ 500644.411085753585212, 1619827.820963753620163 ], [ 500645.389034810243174, 1619829.782476676395163 ], [ 500651.352763146394864, 1619843.59182226122357 ], [ 500651.835759085952304, 1619844.820089417975396 ], [ 500657.835405934602022, 1619861.692188469693065 ], [ 500657.97875408641994, 1619862.050717427395284 ], [ 500658.149397399334703, 1619862.397087986115366 ], [ 500664.001616983267013, 1619873.200173857389018 ], [ 500664.817266791942529, 1619874.890826233197004 ], [ 500665.470785785058979, 1619876.650514568900689 ], [ 500665.956414688145742, 1619878.463731245603412 ], [ 500666.269873796030879, 1619880.314496914157644 ], [ 500666.408400682150386, 1619882.186501319287345 ], [ 500666.370774553855881, 1619884.063247030833736 ], [ 500666.157326991029549, 1619885.928194838808849 ], [ 500665.769939051358961, 1619887.764909499790519 ], [ 500665.212024676788133, 1619889.557204587385058 ], [ 500663.261439286870882, 1619894.921953270211816 ], [ 500662.521150783519261, 1619896.689311586786062 ], [ 500661.61509484378621, 1619898.377696931827813 ], [ 500660.551591656927485, 1619899.971605127444491 ], [ 500659.340407201147173, 1619901.456399560905993 ], [ 500650.024236628727522, 1619911.820758885005489 ], [ 500649.733520384412259, 1619912.175770671572536 ], [ 500649.476674168196041, 1619912.556006559170783 ], [ 500643.91334736085264, 1619921.669779628282413 ], [ 500642.807472428365145, 1619923.29582473449409 ], [ 500641.547226844064426, 1619924.805381974205375 ], [ 500640.14479915285483, 1619926.183851583627984 ], [ 500638.613753009703942, 1619927.417901624226943 ], [ 500636.968896011356264, 1619928.495596920140088 ], [ 500623.516102638503071, 1619936.392711713910103 ], [ 500623.061659392202273, 1619936.694213126786053 ], [ 500622.683887538907584, 1619937.087545302929357 ], [ 500606.289692633086815, 1619956.150543763767928 ], [ 500605.9962788601988, 1619956.526830756105483 ], [ 500605.780050714674871, 1619956.952188172843307 ], [ 500599.950362439500168, 1619969.926011204253882 ], [ 500599.748560800624546, 1619970.408494694158435 ], [ 500596.169977829966228, 1619979.635383296059445 ], [ 500595.959811880427878, 1619980.232742401072755 ], [ 500588.667204228055198, 1620003.266748246969655 ], [ 500588.540978869772516, 1620003.74789762427099 ], [ 500588.512973585166037, 1620004.244539618957788 ], [ 500588.348656017857138, 1620030.442180387210101 ], [ 500588.305447076621931, 1620031.636543561238796 ], [ 500587.695956297509838, 1620040.850692806532606 ], [ 500587.46842736506369, 1620042.812593953683972 ], [ 500587.048460988968145, 1620044.742478339234367 ], [ 500586.440154448268004, 1620046.621517616789788 ], [ 500585.649442505498882, 1620048.431379500543699 ], [ 500584.684039513580501, 1620050.154406604357064 ], [ 500583.553364140447229, 1620051.773788731079549 ], [ 500582.268447490059771, 1620053.273726860061288 ], [ 500569.034406854247209, 1620067.260653245029971 ], [ 500568.355360852438025, 1620068.05822497420013 ], [ 500558.762425986817107, 1620080.602586300810799 ], [ 500558.023013859870844, 1620081.716891930205747 ], [ 500556.940960194624495, 1620083.611806996399537 ], [ 500556.617294204130303, 1620084.227418607333675 ], [ 500540.493658985127695, 1620117.670348664745688 ], [ 500539.563619109860156, 1620119.381083478685468 ], [ 500538.471594098256901, 1620120.993246334139258 ], [ 500537.227939619391691, 1620122.491549095371738 ], [ 500535.84444925544085, 1620123.861783364554867 ], [ 500534.334242646873463, 1620125.090955216204748 ], [ 500532.71164107369259, 1620126.16740841884166 ], [ 500530.99203166901134, 1620127.08093497552909 ], [ 500529.191721494309604, 1620127.82287191785872 ], [ 500527.327782875217963, 1620128.386183468624949 ], [ 500525.417891542951111, 1620128.765527749899775 ], [ 500523.480158987804316, 1620128.95730744744651 ], [ 500520.992865692824125, 1620129.081627057865262 ], [ 500519.464243126218207, 1620129.099519949639216 ], [ 500517.938721012207679, 1620129.00057878694497 ], [ 500508.958655264577828, 1620128.072327602654696 ], [ 500506.964219830813818, 1620127.763778165681288 ], [ 500498.624673815327697, 1620126.038732470944524 ], [ 500496.482822542311624, 1620125.470296079292893 ], [ 500494.417023519461509, 1620124.668347756844014 ], [ 500462.543904658756219, 1620110.214876242680475 ], [ 500462.07519987935666, 1620110.016558556351811 ], [ 500438.56981435691705, 1620100.769183498574421 ], [ 500438.111150306824129, 1620100.614827333018184 ], [ 500437.768668080097996, 1620101.029023356735706 ], [ 500436.445377526746597, 1620102.478272357257083 ], [ 500434.98639364662813, 1620103.790821979520842 ], [ 500433.405770333192777, 1620104.954028889536858 ], [ 500431.718733180430718, 1620105.956688319332898 ], [ 500429.941532839846332, 1620106.789142003748566 ], [ 500428.091288470604923, 1620107.443371211178601 ], [ 500426.18582283554133, 1620107.913073984673247 ], [ 500424.243490617314819, 1620108.193725841585547 ], [ 500422.283001634234097, 1620108.282623371109366 ], [ 500420.323240594821982, 1620108.178910257294774 ], [ 500418.383085194567684, 1620107.883585539413616 ], [ 500416.481224270712119, 1620107.399493983015418 ], [ 500414.635977790516336, 1620106.731298680184409 ], [ 500412.865120359347202, 1620105.885436127427965 ], [ 500391.702827171713579, 1620094.469453141326085 ], [ 500391.27892941707978, 1620094.266929218312725 ], [ 500390.996721070958301, 1620094.642513692611828 ], [ 500383.230707060545683, 1620106.107302838936448 ], [ 500382.96112471295055, 1620106.553995972499251 ], [ 500382.739738457370549, 1620107.026433825027198 ], [ 500377.992882620310411, 1620118.712825186317787 ], [ 500377.625162855256349, 1620119.790598611114547 ], [ 500364.419691555318423, 1620167.17865014844574 ], [ 500364.311361807631329, 1620167.658940392779186 ], [ 500364.446242432808504, 1620168.132460473803803 ], [ 500370.900726719701197, 1620187.135416854172945 ], [ 500371.364618591149338, 1620188.710902855964378 ], [ 500371.697651388007216, 1620190.319144441280514 ], [ 500375.750506370677613, 1620214.945255976635963 ], [ 500375.977631639048923, 1620216.955557716544718 ], [ 500376.000460253853817, 1620218.978520353324711 ], [ 500375.818758530309424, 1620220.993435602867976 ], [ 500375.434386478038505, 1620222.979677551658824 ], [ 500374.851278760179412, 1620224.916913805995136 ], [ 500370.791608520608861, 1620236.285442281514406 ], [ 500370.523779344570357, 1620237.159908910514787 ], [ 500360.103135018143803, 1620277.728704808512703 ], [ 500359.400685034168418, 1620279.927776860073209 ], [ 500358.449453545792494, 1620282.031229363754392 ], [ 500355.539127491647378, 1620287.588030900107697 ], [ 500346.657048367604148, 1620304.546990290051326 ], [ 500346.452716621104628, 1620304.988261766498908 ], [ 500346.292360279301647, 1620305.447345440741628 ], [ 500345.645810275396798, 1620307.635966076282784 ], [ 500341.950104240095243, 1620320.144417753443122 ], [ 500341.139716541976668, 1620322.385903510032222 ], [ 500340.068376947601791, 1620324.515039015095681 ], [ 500315.828495401656255, 1620366.284812733065337 ], [ 500315.080400094331708, 1620367.475417212583125 ], [ 500294.151842890947592, 1620398.320101969642565 ], [ 500293.121134907240048, 1620399.838842498371378 ], [ 500292.87527885066811, 1620400.240973116131499 ], [ 500292.748775584972464, 1620400.709569692611694 ], [ 500289.420815998280887, 1620415.687867943895981 ], [ 500288.744574757816736, 1620418.040588058531284 ], [ 500287.78590951487422, 1620420.293043389683589 ], [ 500281.162110512377694, 1620433.540986052714288 ], [ 500280.262698709382676, 1620435.149885740596801 ], [ 500279.218955476593692, 1620436.669128909008577 ], [ 500278.039749907387886, 1620438.085805967915803 ], [ 500276.735102162172552, 1620439.387878874316812 ], [ 500275.316098331240937, 1620440.564283419400454 ], [ 500273.794796237314586, 1620441.605023244163021 ], [ 500272.184122969279997, 1620442.501254792558029 ], [ 500270.205515555862803, 1620443.485651685390621 ], [ 500269.46303178044036, 1620443.895234735216945 ], [ 500263.463973846111912, 1620447.544787630205974 ], [ 500261.043688186153304, 1620448.799638777971268 ], [ 500253.613072633335833, 1620452.030031618662179 ], [ 500253.185485021618661, 1620452.241100418614224 ], [ 500252.944040329486597, 1620452.652300704270601 ], [ 500249.044173938978929, 1620460.097945224260911 ], [ 500248.828753630805295, 1620460.567013717954978 ], [ 500248.714776598440949, 1620461.07044236198999 ], [ 500246.900205214973539, 1620471.598430154379457 ], [ 500246.842109546007123, 1620472.068010433809832 ], [ 500246.873908424400724, 1620472.540101077174768 ], [ 500247.947547550837044, 1620481.847708726767451 ], [ 500248.037834368995391, 1620482.37665381282568 ], [ 500248.292442006990314, 1620482.84899856057018 ], [ 500252.142903452564497, 1620489.149021526332945 ], [ 500252.391437514161225, 1620489.51759300660342 ], [ 500252.701533047307748, 1620489.836112827993929 ], [ 500261.665908260969445, 1620498.256536127300933 ], [ 500263.081519533880055, 1620499.729423474986106 ], [ 500264.339460643357597, 1620501.339062151731923 ], [ 500265.426601391460281, 1620503.068650999804959 ], [ 500266.331594368093647, 1620504.900136836105958 ], [ 500267.04499339760514, 1620506.814402900869027 ], [ 500274.271776921988931, 1620529.719423463335261 ], [ 500289.776121111004613, 1620577.456576501950622 ], [ 500290.352262564527337, 1620579.645064953481779 ], [ 500290.67742453183746, 1620581.884638664312661 ], [ 500294.0353197241202, 1620620.134951658314094 ], [ 500294.069554529502057, 1620620.462788644712418 ], [ 500296.455289887264371, 1620640.159643500810489 ], [ 500296.53339354734635, 1620640.686478648101911 ], [ 500299.307576356339268, 1620656.48533608019352 ], [ 500299.533395541075151, 1620658.207603709539399 ], [ 500299.608892201795243, 1620659.942971208132803 ], [ 500299.609599616785999, 1620684.286676393123344 ], [ 500299.441767432028428, 1620686.872538764029741 ], [ 500297.964241031790152, 1620698.204465117305517 ], [ 500297.641382055939175, 1620700.021758102811873 ], [ 500297.152328090451192, 1620701.801538399187848 ], [ 500296.501246184750926, 1620703.528641175711527 ], [ 500295.693683958554175, 1620705.188350441632792 ], [ 500294.736522350751329, 1620706.766524449456483 ], [ 500293.637916963838506, 1620708.249716175487265 ], [ 500290.927310692844912, 1620711.576467928709462 ], [ 500289.659454953623936, 1620712.989809382939711 ], [ 500288.263263303902932, 1620714.276526550063863 ], [ 500286.751324298093095, 1620715.425017963163555 ], [ 500285.13727007212583, 1620716.424928437452763 ], [ 500264.845510417188052, 1620727.699260553345084 ], [ 500263.471029337903019, 1620728.395047234371305 ], [ 500262.047060978540685, 1620728.982951472280547 ], [ 500245.614523880416527, 1620735.037489644717425 ], [ 500241.356671360088512, 1620736.606029013870284 ], [ 500240.892217322252691, 1620736.804805778898299 ], [ 500240.628483545908239, 1620737.235705147031695 ], [ 500237.775300844747107, 1620742.485777655616403 ], [ 500221.230082199501339, 1620772.931286408100277 ], [ 500221.047012480034027, 1620773.30442517134361 ], [ 500220.895642884308472, 1620773.691509537165985 ], [ 500217.09682004986098, 1620784.742726065451279 ], [ 500216.072094500006642, 1620787.18440890754573 ], [ 500209.622551996144466, 1620800.084431362105533 ], [ 500208.744008441222832, 1620801.659726309357211 ], [ 500207.727084147918504, 1620803.149443689500913 ], [ 500206.580053797108121, 1620804.541461721761152 ], [ 500205.312250734190457, 1620805.824453604174778 ], [ 500203.933991042897105, 1620806.987979673082009 ], [ 500202.456489569798578, 1620808.022572357906029 ], [ 500197.122255991387647, 1620811.409849830670282 ], [ 500194.667190531792585, 1620812.967992131365463 ], [ 500182.527125551365316, 1620820.676802749745548 ], [ 500182.156416202429682, 1620820.936889286153018 ], [ 500182.016374124214053, 1620821.367538773454726 ], [ 500178.240614118054509, 1620835.097956529818475 ], [ 500177.700135446735658, 1620836.771659866906703 ], [ 500177.014672458230052, 1620838.391394573496655 ], [ 500174.018099536944646, 1620844.685575115261599 ], [ 500173.828730718581937, 1620845.140057194046676 ], [ 500173.732541096338537, 1620845.62292577791959 ], [ 500172.281458512472454, 1620855.416954676387832 ], [ 500172.236592453205958, 1620855.849237205926329 ], [ 500172.2675393599784, 1620856.282738578505814 ], [ 500173.349301510723308, 1620865.652895056875423 ], [ 500173.521198886388447, 1620866.673996016848832 ], [ 500174.880751264456194, 1620872.793283289298415 ], [ 500175.021921949984971, 1620873.299928194843233 ], [ 500175.314745148061775, 1620873.736818112200126 ], [ 500178.240159577922896, 1620877.636588628869504 ], [ 500178.589925120293628, 1620878.053325599292293 ], [ 500178.983061760256533, 1620878.429422952001914 ], [ 500197.328643122222275, 1620894.153416942572221 ], [ 500198.646600505453534, 1620895.390656604198739 ], [ 500209.631406681437511, 1620906.679256443399936 ], [ 500210.885563680436462, 1620908.096514911856502 ], [ 500212.000117477786262, 1620909.625992357963696 ], [ 500212.965084262134042, 1620911.253988237120211 ], [ 500213.771820186171681, 1620912.965919512091205 ], [ 500217.86378405947471, 1620922.835318871540949 ], [ 500218.550401145359501, 1620924.765351027483121 ], [ 500219.035945995652582, 1620926.755505142034963 ], [ 500219.315322490117978, 1620928.784893226576969 ], [ 500220.038900264189579, 1620937.221322759753093 ], [ 500220.101346013951115, 1620939.584017677698284 ], [ 500219.884570083988365, 1620941.937575605232269 ], [ 500218.445154261542484, 1620951.398739034077153 ], [ 500218.074268427677453, 1620953.246227681869641 ], [ 500217.531119916355237, 1620955.050600223941728 ], [ 500216.820532286772504, 1620956.795832515694201 ], [ 500215.948816080694087, 1620958.46642562514171 ], [ 500214.9237127713277, 1620960.047543465159833 ], [ 500213.754326031077653, 1620961.525144560728222 ], [ 500212.451040866028052, 1620962.886106738820672 ], [ 500211.025431396439672, 1620964.11834366293624 ], [ 500209.490158082102425, 1620965.210912176407874 ], [ 500201.595647439768072, 1620970.286228155018762 ], [ 500201.214710746891797, 1620970.557752564316615 ], [ 500201.172890468034893, 1620971.02368104388006 ], [ 500200.816395102243405, 1620979.582854294683784 ], [ 500200.819846650178079, 1620980.065353323938325 ], [ 500201.006586357892957, 1620980.510264000622556 ], [ 500204.978275820671115, 1620988.813258835813031 ], [ 500205.177698797837365, 1620989.188187853666022 ], [ 500205.437898254836909, 1620989.523802997544408 ], [ 500209.186289104400203, 1620993.954629291314632 ], [ 500209.544782761950046, 1620994.335617797216401 ], [ 500210.004173400753643, 1620994.585878013866022 ], [ 500218.471326670492999, 1620998.634115962777287 ], [ 500218.845468639687169, 1620998.8036436047405 ], [ 500225.575493872340303, 1621001.687939391937107 ], [ 500226.963340192218311, 1621002.346945408033207 ], [ 500228.296492890105583, 1621003.110561979701743 ], [ 500232.948442263470497, 1621006.018025476951152 ], [ 500233.350521000684239, 1621006.244156770640984 ], [ 500233.771779750182759, 1621006.4321560326498 ], [ 500236.051194313855376, 1621007.325381857343018 ], [ 500237.97567218641052, 1621008.199508005054668 ], [ 500239.797125495562796, 1621009.271897664293647 ], [ 500241.495201201003511, 1621010.530567893991247 ], [ 500243.050924902316183, 1621011.961454238509759 ], [ 500244.446912849729415, 1621013.548567890422419 ], [ 500245.12347343924921, 1621014.405107118422166 ], [ 500245.450058740389068, 1621014.778232499491423 ], [ 500245.930936411488801, 1621014.899216797202826 ], [ 500246.195595229859464, 1621014.951772869331762 ], [ 500248.013617892342154, 1621015.402231308165938 ], [ 500249.781516769900918, 1621016.020820721751079 ], [ 500251.483780223876238, 1621016.8021135837771 ], [ 500253.105472497001756, 1621017.739254789426923 ], [ 500254.632364781748038, 1621018.824021820910275 ], [ 500256.051060040597804, 1621020.046896879794076 ], [ 500257.349110564449802, 1621021.397150396369398 ], [ 500258.53214887966169, 1621022.749175735283643 ], [ 500259.738059930852614, 1621024.27043954259716 ], [ 500260.790772610518616, 1621025.901470239507034 ], [ 500261.680364892177749, 1621027.626895042136312 ], [ 500262.398452194291167, 1621029.430451492080465 ], [ 500265.098972352105193, 1621037.305608662078157 ], [ 500265.742475023434963, 1621039.630903189070523 ], [ 500266.1012332571554, 1621042.016774707473814 ], [ 500266.458018155884929, 1621046.020307056838647 ], [ 500266.5359691248741, 1621047.993361803004518 ], [ 500266.418936913192738, 1621049.964484538882971 ], [ 500266.108062783139758, 1621051.914453419623896 ], [ 500265.606378295167815, 1621053.824252887396142 ], [ 500264.918775741709396, 1621055.675259105162695 ], [ 500264.051960437733214, 1621057.449421570869163 ], [ 500263.014385320071597, 1621059.129439141834155 ], [ 500261.816168546094559, 1621060.698928753612563 ], [ 500260.468994796567131, 1621062.142585181863979 ], [ 500258.98600133205764, 1621063.446330286096781 ], [ 500257.381649902556092, 1621064.597450312227011 ], [ 500255.671585709787905, 1621065.584719858365133 ], [ 500253.872484815656208, 1621066.398511350387707 ], [ 500252.001891563821118, 1621067.030888928566128 ], [ 500250.078047458897345, 1621067.475685819517821 ], [ 500248.119713295483962, 1621067.728564501972869 ], [ 500246.145986201183405, 1621067.787058974150568 ], [ 499755.905415541084949, 1621058.094922008458525 ], [ 499755.438239484035876, 1621058.108564088819548 ] ] ] } }
]
}
