{
"type": "FeatureCollection",
"name": "qc_flood_indicators_2026_by_barangay",
"crs": { "type": "name", "properties": { "name": "urn:ogc:def:crs:EPSG::3123" } },
"features": [
{ "type": "Feature", "properties": { "barangay": "Alicia", "district": "DISTRICT 1", "pct_total_population": 28.38, "pct_female_population": 28.39, "pct_male_population": 28.39, "pct_children_0_4": 28.3, "pct_female_children_0_4": 28.19, "pct_male_children_0_4": 28.4, "pct_elderly_60plus": 28.32, "pct_female_elderly_60plus": 28.35, "pct_male_elderly_60plus": 28.26, "pct_childcare_facilities": null, "pct_eldercare_facilities": null, "pct_pwd_facilities": null }, "geometry": { "type": "Polygon", "coordinates": [ [ [ 502240.537556868686806, 1621510.332486253464594 ], [ 502248.475564875931013, 1621510.332255593268201 ], [ 502269.906494115304668, 1621507.156629652250558 ], [ 502404.842853532521985, 1621446.033647138625383 ], [ 502398.889547660422977, 1621435.714809749508277 ], [ 502392.936114987533074, 1621421.030967980390415 ], [ 502387.775348591443617, 1621394.837091589812189 ], [ 502421.113128399534617, 1621386.105114070232958 ], [ 502444.132047721534036, 1621382.532441580435261 ], [ 502461.197087884414941, 1621383.325946493539959 ], [ 502506.044617306441069, 1621399.992660074029118 ], [ 502525.491083276050631, 1621380.942075823666528 ], [ 502535.809966841014102, 1621376.576771578053012 ], [ 502620.343348165275529, 1621352.364290827186778 ], [ 502627.090032008243725, 1621341.252083600033075 ], [ 502636.61498389247572, 1621339.266804825048894 ], [ 502701.306683300528675, 1621361.093946948414668 ], [ 502724.72499042248819, 1621439.674345504958183 ], [ 502737.028487201721873, 1621456.343004749855027 ], [ 502820.374843068944756, 1621534.524661486269906 ], [ 502698.537849617307074, 1621676.610344806220382 ], [ 502678.692964661400765, 1621646.844891522545367 ], [ 502662.817579669994302, 1621634.145340058254078 ], [ 502656.467377171094995, 1621627.398517791181803 ], [ 502648.926139019487891, 1621619.461728941416368 ], [ 502634.241847374418285, 1621609.937146066688001 ], [ 502618.763693431916181, 1621605.174591041868553 ], [ 502605.666680250666104, 1621605.174971626838669 ], [ 502596.141762936371379, 1621608.35025159874931 ], [ 502570.674108128121588, 1621621.109004483791068 ], [ 502546.136773861479014, 1621644.864741393830627 ], [ 502528.674125349498354, 1621657.565261605428532 ], [ 502512.79954766103765, 1621672.646738064475358 ], [ 502497.718786263314541, 1621681.378185073845088 ], [ 502493.749816809897311, 1621682.569301599403843 ], [ 502479.707934774982277, 1621687.111714204307646 ], [ 502465.489022127876524, 1621690.612130902009085 ], [ 502447.957990067196079, 1621690.112639818806201 ], [ 502438.300947612035088, 1621688.987919310806319 ], [ 502424.238715575600509, 1621681.488320394186303 ], [ 502406.300029146717861, 1621658.488818513695151 ], [ 502390.862374325457495, 1621636.489244978409261 ], [ 502379.798854602966458, 1621618.989548867568374 ], [ 502369.04840425029397, 1621603.864846035372466 ], [ 502355.204950772749726, 1621588.740233092103153 ], [ 502329.891336852509994, 1621568.490948296152055 ], [ 502288.79664900287753, 1621546.242120046867058 ], [ 502237.760430592752527, 1621540.494597301119938 ], [ 502240.537556868686806, 1621510.332486253464594 ] ] ] } },
{ "type": "Feature", "properties": { "barangay": "Amihan", "district": "DISTRICT 3", "pct_total_population": 31.15, "pct_female_population": 31.14, "pct_male_population": 31.16, "pct_children_0_4": 31.23, "pct_female_children_0_4": 30.77, "pct_male_children_0_4": 30.94, "pct_elderly_60plus": 31.35, "pct_female_elderly_60plus": 31.38, "pct_male_elderly_60plus": 31.06, "pct_childcare_facilities": null, "pct_eldercare_facilities": null, "pct_pwd_facilities": null }, "geometry": { "type": "Polygon", "coordinates": [ [ [ 507073.174514799145982, 1618244.724773196270689 ], [ 507110.174032478360459, 1618226.848680075723678 ], [ 507168.611237542878371, 1618197.471952440915629 ], [ 507218.145591638691258, 1618104.714419783325866 ], [ 507249.496685541060288, 1618038.038441719021648 ], [ 507487.626257911266293, 1618152.728637359570712 ], [ 507417.364651406358462, 1618306.339833522215486 ], [ 507379.824104070663452, 1618392.036010555922985 ], [ 507357.147846678970382, 1618383.966661380603909 ], [ 507350.209970495023299, 1618388.466867507668212 ], [ 507327.086146115907468, 1618429.717580931261182 ], [ 507302.831618335272651, 1618446.807302918052301 ], [ 507272.962076107272878, 1618463.594187760725617 ], [ 507248.063324492890388, 1618473.00292074168101 ], [ 507205.20058135187719, 1618483.322176649235189 ], [ 507186.944539904419798, 1618482.529706342145801 ], [ 507145.271852227044292, 1618460.305894937366247 ], [ 507085.274262782942969, 1618442.099620076362044 ], [ 507060.341009100724477, 1618468.642371281050146 ], [ 507052.006000720197335, 1618468.642613492207602 ], [ 506968.265155461500399, 1618442.451020534615964 ], [ 506942.864403279440012, 1618417.44873350020498 ], [ 506959.531797266914509, 1618396.017227615928277 ], [ 506968.659437353722751, 1618383.3169496122282 ], [ 507031.619171114347409, 1618303.15803948789835 ], [ 507073.174514799145982, 1618244.724773196270689 ] ] ] } },
{ "type": "Feature", "properties": { "barangay": "Apolonio Samson", "district": "DISTRICT 6", "pct_total_population": 43.57, "pct_female_population": 43.57, "pct_male_population": 43.57, "pct_children_0_4": 43.58, "pct_female_children_0_4": 43.55, "pct_male_children_0_4": 43.56, "pct_elderly_60plus": 43.58, "pct_female_elderly_60plus": 43.58, "pct_male_elderly_60plus": 43.59, "pct_childcare_facilities": 20.0, "pct_eldercare_facilities": null, "pct_pwd_facilities": null }, "geometry": { "type": "Polygon", "coordinates": [ [ [ 500748.926114327157848, 1621649.953970363130793 ], [ 500655.199017023202032, 1621684.261728428769857 ], [ 500578.012399221770465, 1621734.497021875809878 ], [ 500539.947004741698038, 1621756.650150266475976 ], [ 500522.341375895775855, 1621770.031675320351496 ], [ 500459.61665050406009, 1621816.060544302687049 ], [ 500434.662543594837189, 1621778.837231973651797 ], [ 500420.926992009335663, 1621691.510543242562562 ], [ 500411.419562922150362, 1621677.073804986430332 ], [ 500405.402815643232316, 1621651.566954159876332 ], [ 500385.753034537017811, 1621625.368498791009188 ], [ 500397.128474967612419, 1621605.718148473417386 ], [ 500396.782803363341372, 1621582.621135277673602 ], [ 500399.88489484693855, 1621551.251013576518744 ], [ 500376.787370697362348, 1621534.014667408540845 ], [ 500375.407998731825501, 1621521.25969466380775 ], [ 500387.472680261998903, 1621509.883332637837157 ], [ 500379.395155537640676, 1621492.108549468452111 ], [ 500359.548089277523104, 1621456.106089968932793 ], [ 500348.860447407816537, 1621434.388378682080656 ], [ 500348.171106108056847, 1621422.667386928806081 ], [ 500344.033380697423127, 1621397.846482190536335 ], [ 500347.640717910893727, 1621340.503319674404338 ], [ 500343.342135969374795, 1621320.626424587564543 ], [ 500314.574240169720724, 1621290.798230517655611 ], [ 500299.080590143566951, 1621268.966658777324483 ], [ 500286.403423930576537, 1621263.685021834913641 ], [ 500270.557609840936493, 1621236.220454654656351 ], [ 500280.063851893064566, 1621209.811151850502938 ], [ 500290.275012902682647, 1621180.584825726924464 ], [ 500288.16167304595001, 1621168.964875445934013 ], [ 500262.806836290343199, 1621106.639549513347447 ], [ 500268.439726590120699, 1621068.257347214967012 ], [ 500265.885891220998019, 1621039.600392597494647 ], [ 500261.122482794977259, 1621025.709517032373697 ], [ 500255.566292694828007, 1621019.359672095393762 ], [ 500250.40718370093964, 1621015.787818420911208 ], [ 500248.603171414753888, 1621015.429870484396815 ], [ 500245.436149988498073, 1621014.800961876288056 ], [ 500241.817013152991422, 1621010.21906243590638 ], [ 500241.091985804087017, 1621009.301082574762404 ], [ 500240.130973832623567, 1621008.924110118765384 ], [ 500233.340889751445502, 1621006.263304750435054 ], [ 500227.083769739314448, 1621002.352482639253139 ], [ 500226.990767966897693, 1621002.29448528913781 ], [ 500218.656655861064792, 1620998.722723865648732 ], [ 500209.527519790048245, 1620994.357984755421057 ], [ 500205.162365411990322, 1620989.198106402298436 ], [ 500200.796095804136712, 1620980.070224099094048 ], [ 500201.192819392541423, 1620970.545202985173091 ], [ 500212.305622957530431, 1620963.400872883154079 ], [ 500217.464466637640726, 1620957.844717386644334 ], [ 500220.241938988096081, 1620939.588618308538571 ], [ 500219.05053400923498, 1620925.697638954268768 ], [ 500212.304054432781413, 1620909.425818625371903 ], [ 500198.015613360563293, 1620894.742219046456739 ], [ 500178.568109393003397, 1620878.073767391033471 ], [ 500174.995967436349019, 1620873.311866390518844 ], [ 500173.408758201694582, 1620866.167905333917588 ], [ 500172.217457135266159, 1620855.848929569125175 ], [ 500173.805147315782961, 1620845.132872648304328 ], [ 500177.772909117978998, 1620836.798748971195891 ], [ 500182.13845219014911, 1620820.923606138676405 ], [ 500194.665233575331513, 1620812.969234140124172 ], [ 500197.120190819900017, 1620811.411161226918921 ], [ 500207.141015903558582, 1620805.047863647108898 ], [ 500216.665471912245266, 1620785.997567719314247 ], [ 500221.031107199611142, 1620773.297428078949451 ], [ 500237.775228631973732, 1620742.485910532064736 ], [ 500240.874066026008222, 1620736.783814747352153 ], [ 500245.614020099805202, 1620735.037675261497498 ], [ 500263.495846642821562, 1620728.449149020016193 ], [ 500288.49846804473782, 1620714.557408515829593 ], [ 500297.229165451484732, 1620703.842144034337252 ], [ 500299.609637263172772, 1620685.585056492593139 ], [ 500299.608841464156285, 1620658.20102896890603 ], [ 500296.487321761727799, 1620640.424101787386462 ], [ 500294.049734462168999, 1620620.299152379622683 ], [ 500290.478548669198062, 1620579.619215223938227 ], [ 500274.297084629070014, 1620529.799635307863355 ], [ 500265.473263059626333, 1620501.832863569492474 ], [ 500252.375892343115993, 1620489.530231786658987 ], [ 500248.009680357063189, 1620482.386351467808709 ], [ 500246.819379200926051, 1620472.067375672981143 ], [ 500248.803046740416903, 1620460.558306461432949 ], [ 500253.168809001799673, 1620452.223171205027029 ], [ 500262.296702847233973, 1620448.2549019807484 ], [ 500269.825577291718218, 1620443.674678594106808 ], [ 500278.171465005900245, 1620439.52243190119043 ], [ 500288.886852970405016, 1620418.091098968638107 ], [ 500292.807344184373505, 1620400.445967296138406 ], [ 500292.854337987082545, 1620400.231965714832768 ], [ 500294.151283703220543, 1620398.320926106767729 ], [ 500315.475391888176091, 1620366.893274856731296 ], [ 500341.271126049687155, 1620322.442480565514416 ], [ 500345.645700239227153, 1620307.636338551761582 ], [ 500346.430623767781071, 1620304.979313073214144 ], [ 500355.539127491647378, 1620287.588030900107697 ], [ 500359.52591034368379, 1620279.975907391868532 ], [ 500370.637664346140809, 1620236.716540986904874 ], [ 500376.590185912617017, 1620220.047351250657812 ], [ 500371.430269580392633, 1620188.694469637004659 ], [ 500364.285651159763802, 1620167.659656091360375 ], [ 500377.778257605445106, 1620119.241215306101367 ], [ 500382.93689378752606, 1620106.541052631102502 ], [ 500391.27154452947434, 1620094.236798065481707 ], [ 500421.434047755494248, 1620110.507937967777252 ], [ 500427.784019571437966, 1620109.317752256290987 ], [ 500434.530945577542298, 1620106.539553400594741 ], [ 500438.102776212617755, 1620100.585443626157939 ], [ 500462.312077298702206, 1620110.109749731840566 ], [ 500496.444561473035719, 1620125.587773474631831 ], [ 500507.953642175882123, 1620127.968441441422328 ], [ 500519.462688361760229, 1620129.158108203671873 ], [ 500535.337681248143781, 1620128.364646102068946 ], [ 500556.768411060038488, 1620083.913978648604825 ], [ 500558.355331818864215, 1620081.134929746389389 ], [ 500568.673950156837236, 1620067.641616328619421 ], [ 500587.220399153302424, 1620048.040057686390355 ], [ 500588.344906266196631, 1620031.040007909527048 ], [ 500588.516113203077111, 1620003.74397547240369 ], [ 500596.055428757797927, 1619979.930732436245307 ], [ 500599.843148739892058, 1619970.164612548891455 ], [ 500605.976758214237634, 1619956.514420591061935 ], [ 500623.042198740993626, 1619936.670904740691185 ], [ 500641.297905670362525, 1619925.954363477416337 ], [ 500649.716513335937634, 1619912.163104980718344 ], [ 500661.935130613099318, 1619898.569736253703013 ], [ 500668.284629430621862, 1619881.106534179067239 ], [ 500657.965065519965719, 1619862.056814881507307 ], [ 500651.614540100388695, 1619844.197981458855793 ], [ 500644.073025041725487, 1619826.735183033626527 ], [ 500628.594513603835367, 1619809.669615635415539 ], [ 500602.389739700418431, 1619783.947351227747276 ], [ 500588.896414760965854, 1619773.231732537737116 ], [ 500572.227167321543675, 1619765.295208925148472 ], [ 500555.160654212639201, 1619748.22968768584542 ], [ 500531.38163181161508, 1619713.868344087619334 ], [ 500737.336662190558854, 1619742.19838792597875 ], [ 500752.418585106963292, 1619739.022946475539356 ], [ 500764.012776771385688, 1619745.218615802004933 ], [ 500775.436965768691152, 1619751.325289980275556 ], [ 500991.835393710876815, 1619655.331905278144404 ], [ 501025.068998670438305, 1619640.588924744166434 ], [ 501027.396000378997996, 1619640.564857102697715 ], [ 501032.049003697291482, 1619640.517721846466884 ], [ 501050.866016916930676, 1619640.324174866313115 ], [ 501070.837417257542256, 1619653.40760769508779 ], [ 501099.491720874560997, 1619697.274819174548611 ], [ 501120.805581374268513, 1619726.14922888437286 ], [ 501146.368631479388569, 1619761.398521522060037 ], [ 501192.527613009791821, 1619862.397281827405095 ], [ 501194.860237473854795, 1619883.807235585758463 ], [ 501197.167855488252826, 1619904.993189840344712 ], [ 501198.342169882787857, 1619915.772166560636833 ], [ 501197.90653534658486, 1619962.772226492175832 ], [ 501188.282252220553346, 1619987.772531309863552 ], [ 501186.653342762030661, 1619990.944581836694852 ], [ 501178.657787356118206, 1620006.522829837398604 ], [ 501175.034421988704707, 1620062.897991844918579 ], [ 501174.771475106477737, 1620064.734001329401508 ], [ 501168.316781172819901, 1620109.898234318010509 ], [ 501171.161608535738196, 1620138.273180198855698 ], [ 501177.349068884504959, 1620153.898016126127914 ], [ 501202.255646043049637, 1620172.897311494685709 ], [ 501243.06869790534256, 1620173.271125920815393 ], [ 501271.224824302771594, 1620176.645311148604378 ], [ 501305.56950539565878, 1620198.894335530698299 ], [ 501330.414449446077924, 1620230.518645389471203 ], [ 501342.665467959130183, 1620265.14332423498854 ], [ 501345.255080783448648, 1620286.139270104002208 ], [ 501348.478843248973135, 1620312.268202708568424 ], [ 501359.832294268650003, 1620361.804922634270042 ], [ 501363.605776530399453, 1620378.26782954367809 ], [ 501375.607521243800875, 1620437.892540769884363 ], [ 501375.772546576685272, 1620438.756536844186485 ], [ 501380.193223593523726, 1620461.900431676534936 ], [ 501384.608899850514717, 1620485.017326616914943 ], [ 501388.412674335238989, 1620511.536242758622393 ], [ 501390.454089861479588, 1620525.767197762150317 ], [ 501391.640243931266014, 1620531.026168576208875 ], [ 501402.549660403805319, 1620579.39190023066476 ], [ 501414.551405283622444, 1620639.016611455008388 ], [ 501429.833790043368936, 1620686.141214788192883 ], [ 501447.275617913459428, 1620714.025736012030393 ], [ 501451.49081806873437, 1620720.765620300779119 ], [ 501477.719703838112764, 1620750.336887880926952 ], [ 501480.173303887655493, 1620770.900837275665253 ], [ 501482.87996608071262, 1620793.595781449927017 ], [ 501486.056895361049101, 1620859.873755807289854 ], [ 501486.852510844590142, 1620915.436788584338501 ], [ 501496.833375969959889, 1620944.860528157092631 ], [ 501509.873506300325971, 1620983.302187908207998 ], [ 501522.574084140185732, 1621002.748838415136561 ], [ 501547.180870069656521, 1621028.941149735357612 ], [ 501552.341175164736342, 1621039.260010165162385 ], [ 501554.188554836029653, 1621052.262969560688362 ], [ 501551.426854017132428, 1621062.654060267843306 ], [ 501545.198528892186005, 1621086.092264837352559 ], [ 501477.028016364609357, 1621174.047334227943793 ], [ 501445.866577031672932, 1621263.23932945355773 ], [ 501466.072863431007136, 1621375.628855364397168 ], [ 501466.448924596305005, 1621377.720846533309668 ], [ 501467.293972278130241, 1621379.332823608070612 ], [ 501500.990875177609269, 1621443.64590912964195 ], [ 501497.110977561969776, 1621447.301025551045313 ], [ 501451.032192937040236, 1621490.720408200984821 ], [ 501438.153928566491231, 1621516.477808328112587 ], [ 501416.838623410614673, 1621541.125452510314062 ], [ 501347.338979237480089, 1621521.365452177356929 ], [ 501296.528588128683623, 1621509.666916862595826 ], [ 501137.664390076941345, 1621508.347531849751249 ], [ 501137.871677243325394, 1621587.043605006532744 ], [ 501111.189225570065901, 1621572.423365642316639 ], [ 501089.477672794426326, 1621554.154978154227138 ], [ 501007.439920744043775, 1621496.703304230701178 ], [ 500998.126219646248501, 1621507.311585544375703 ], [ 500952.333587123954203, 1621521.54193051578477 ], [ 500951.557503608288243, 1621518.695950206136331 ], [ 500939.138671612832695, 1621524.906317325308919 ], [ 500939.916070841252804, 1621538.618308523437008 ], [ 500935.002171174390242, 1621611.059524191776291 ], [ 500852.469118269451428, 1621577.687888881191611 ], [ 500853.504014025849756, 1621574.064855165081099 ], [ 500824.009518295584712, 1621558.025696088327095 ], [ 500797.546759765478782, 1621601.66050894651562 ], [ 500748.926114327157848, 1621649.953970363130793 ] ] ] } },
{ "type": "Feature", "properties": { "barangay": "Baesa", "district": "DISTRICT 6", "pct_total_population": 32.21, "pct_female_population": 32.21, "pct_male_population": 32.21, "pct_children_0_4": 32.2, "pct_female_children_0_4": 32.2, "pct_male_children_0_4": 32.18, "pct_elderly_60plus": 32.2, "pct_female_elderly_60plus": 32.2, "pct_male_elderly_60plus": 32.2, "pct_childcare_facilities": 71.43, "pct_eldercare_facilities": null, "pct_pwd_facilities": null }, "geometry": { "type": "Polygon", "coordinates": [ [ [ 501724.7366225834121, 1622184.248152533313259 ], [ 501749.079433600301854, 1622211.312472393969074 ], [ 501727.813777086208574, 1622223.866102968109772 ], [ 501713.125429248728324, 1622246.818552883574739 ], [ 501665.690666256996337, 1622256.612941103521734 ], [ 501574.494210963370278, 1622312.926647775573656 ], [ 501637.564285447937436, 1622485.357988542877138 ], [ 501698.998393728455994, 1622968.70768965757452 ], [ 501715.991676062287297, 1623287.531516638584435 ], [ 501657.725340761826374, 1623484.474407901056111 ], [ 501639.289652189938352, 1623633.473093533888459 ], [ 501593.638632923073601, 1623634.3894209980499 ], [ 501507.725778709514998, 1623642.380925518926233 ], [ 500112.773225842101965, 1622157.562966535566375 ], [ 500132.373886742047034, 1622110.805349929491058 ], [ 500170.406414336757734, 1622162.054296336136758 ], [ 500309.207696211873554, 1622063.716164076700807 ], [ 500419.139116027450655, 1621936.712841886794195 ], [ 500445.333511404576711, 1621949.412093507125974 ], [ 500507.906236831331626, 1621868.978194333845749 ], [ 500494.525773217785172, 1621853.485567559022456 ], [ 500459.61665050406009, 1621816.060544302687049 ], [ 500522.341375895775855, 1621770.031675320351496 ], [ 500539.947004741698038, 1621756.650150266475976 ], [ 500578.012399221770465, 1621734.497021875809878 ], [ 500655.199017023202032, 1621684.261728428769857 ], [ 500748.926114327157848, 1621649.953970363130793 ], [ 500797.546759765478782, 1621601.66050894651562 ], [ 500824.009518295584712, 1621558.025696088327095 ], [ 500853.504014025849756, 1621574.064855165081099 ], [ 500852.469118269451428, 1621577.687888881191611 ], [ 500935.002171174390242, 1621611.059524191776291 ], [ 500939.916070841252804, 1621538.618308523437008 ], [ 500939.138671612832695, 1621524.906317325308919 ], [ 500951.557503608288243, 1621518.695950206136331 ], [ 500952.333587123954203, 1621521.54193051578477 ], [ 500998.126219646248501, 1621507.311585544375703 ], [ 501007.439920744043775, 1621496.703304230701178 ], [ 501089.477672794426326, 1621554.154978154227138 ], [ 501111.189225570065901, 1621572.423365642316639 ], [ 501137.871677243325394, 1621587.043605006532744 ], [ 501137.664390076941345, 1621508.347531849751249 ], [ 501296.528588128683623, 1621509.666916862595826 ], [ 501347.338979237480089, 1621521.365452177356929 ], [ 501416.838623410614673, 1621541.125452510314062 ], [ 501438.153928566491231, 1621516.477808328112587 ], [ 501451.032192937040236, 1621490.720408200984821 ], [ 501497.110977561969776, 1621447.301025551045313 ], [ 501500.990875177609269, 1621443.64590912964195 ], [ 501513.343424630642403, 1621462.124568775296211 ], [ 501531.379470004118048, 1621497.473080239491537 ], [ 501517.285058174922597, 1621518.200510655529797 ], [ 501506.852493592945393, 1621533.54382924316451 ], [ 501484.489372651325539, 1621564.565510282991454 ], [ 501480.882935045752674, 1621584.043634670320898 ], [ 501491.704931239364669, 1621617.949354316806421 ], [ 501492.481999701820314, 1621620.279334074584767 ], [ 501496.874386857089121, 1621633.449219687609002 ], [ 501500.612068167945836, 1621656.76513454108499 ], [ 501503.97095619578613, 1621687.204067560145631 ], [ 501509.021967471693642, 1621721.830955620622262 ], [ 501524.893612380954437, 1621743.473516188329086 ], [ 501540.043879252392799, 1621752.130084656178951 ], [ 501558.80014966824092, 1621760.785548343323171 ], [ 501571.06447646493325, 1621771.607202851213515 ], [ 501584.051244233211037, 1621797.576851606136188 ], [ 501586.215980172564741, 1621822.825814100215212 ], [ 501595.594911958673038, 1621854.567573494743556 ], [ 501603.531381221604533, 1621870.438358846120536 ], [ 501605.695886549365241, 1621887.752313368255273 ], [ 501614.353314474807121, 1621902.180076312739402 ], [ 501627.338809787645005, 1621918.77271566586569 ], [ 501642.489055641868617, 1621926.707283408148214 ], [ 501660.52449295471888, 1621941.13477384718135 ], [ 501676.396137916774023, 1621962.777334409765899 ], [ 501676.396703970851377, 1621982.255353988613933 ], [ 501666.180189821694512, 1621999.329668048070744 ], [ 501650.872509917884599, 1622010.874124473659322 ], [ 501635.091906188405119, 1622025.054597292793915 ], [ 501635.017908056615852, 1622025.120599514339119 ], [ 501621.571451818395872, 1622044.298009536694735 ], [ 501611.472070642572362, 1622065.940324784256518 ], [ 501614.358828221622389, 1622091.910267026163638 ], [ 501623.016256204282399, 1622106.339029968250543 ], [ 501624.424309297814034, 1622108.117990846512839 ], [ 501633.327645111770835, 1622119.362743440782651 ], [ 501650.430290065938607, 1622140.965268195839599 ], [ 501679.055840205866843, 1622158.907454442000017 ], [ 501704.537224966101348, 1622171.26272642496042 ], [ 501724.7366225834121, 1622184.248152533313259 ] ] ] } },
{ "type": "Feature", "properties": { "barangay": "Bagbag", "district": "DISTRICT 5", "pct_total_population": 18.79, "pct_female_population": 18.75, "pct_male_population": 18.84, "pct_children_0_4": 18.69, "pct_female_children_0_4": 18.7, "pct_male_children_0_4": 18.72, "pct_elderly_60plus": 18.58, "pct_female_elderly_60plus": 18.54, "pct_male_elderly_60plus": 18.65, "pct_childcare_facilities": 0.0, "pct_eldercare_facilities": null, "pct_pwd_facilities": null }, "geometry": { "type": "Polygon", "coordinates": [ [ [ 502199.485255995590705, 1626215.653413303662091 ], [ 502159.807985552644823, 1626207.718558284454048 ], [ 502151.869137318397406, 1626109.985690633766353 ], [ 502025.319624437135644, 1626165.538423864869401 ], [ 501997.336863382661249, 1626174.728246250422671 ], [ 501902.94399165402865, 1626147.999962277244776 ], [ 501853.243839901639149, 1626178.908437590114772 ], [ 501831.524757393344771, 1626176.821066614473239 ], [ 501810.743509515654296, 1626169.010662622749805 ], [ 501789.149168136587832, 1626158.011279050959274 ], [ 501785.523688621120527, 1626141.636367933591828 ], [ 501942.00984935357701, 1625660.006336029386148 ], [ 502124.622112743090838, 1625043.358409115578979 ], [ 502125.232113402395044, 1625043.358391393674538 ], [ 503122.368145050713792, 1625044.346417106688023 ], [ 503430.684299067768734, 1625038.974452486960217 ], [ 503434.411189433711115, 1625103.89440950541757 ], [ 503434.589958132943138, 1625130.337430920219049 ], [ 503434.652147089480422, 1625136.837435653433204 ], [ 503438.027444712817669, 1625146.962347748456523 ], [ 503437.605971010227222, 1625165.088378235232085 ], [ 503436.009588013694156, 1625186.373446049401537 ], [ 503443.811215993890073, 1625207.712240805616602 ], [ 503456.231381483899895, 1625212.979885200504214 ], [ 503470.066627367166802, 1625220.960491196252406 ], [ 503659.502967211301439, 1625191.687956998823211 ], [ 503685.577699615096208, 1625181.57718912884593 ], [ 503741.984611981664784, 1625245.430614270502701 ], [ 503762.205957046593539, 1625256.605037909001112 ], [ 503772.847240918374155, 1625231.594703524140641 ], [ 503818.554521315789316, 1625239.658383448142558 ], [ 503853.755553364928346, 1625205.132325813407078 ], [ 503929.574665579362772, 1625171.95908924867399 ], [ 503960.037617463152856, 1625169.250201310263947 ], [ 503962.742610149492975, 1625065.67401849781163 ], [ 504026.277033275051508, 1625112.445219336310402 ], [ 504177.343953892763238, 1625173.305890772724524 ], [ 504234.20989628782263, 1625203.767268977593631 ], [ 504249.10226203687489, 1625181.426813753787428 ], [ 504303.259414820407983, 1625184.810243415180594 ], [ 504314.768898571957834, 1625201.056925314944237 ], [ 504368.248952318564989, 1625201.055371258640662 ], [ 504424.840869702631608, 1625127.433652711566538 ], [ 504495.092317110102158, 1625174.806658959714696 ], [ 504500.644648076151498, 1625151.593474256573245 ], [ 504842.441825558664277, 1625145.873536349274218 ], [ 504861.209154698997736, 1625328.600174838677049 ], [ 504837.880529980291612, 1625376.729901155689731 ], [ 504944.418509850627743, 1625441.170870143687353 ], [ 504922.394459629023913, 1625474.616543775890023 ], [ 504886.500807128322776, 1625453.407565465429798 ], [ 504865.292781518073753, 1625487.670216206461191 ], [ 504808.189870763046201, 1625458.304845994105563 ], [ 504789.428226832533255, 1625505.61843878775835 ], [ 504832.012379101943225, 1625543.794239756884053 ], [ 504657.774533230229281, 1625727.178487387252972 ], [ 504420.22229630779475, 1625486.378148052375764 ], [ 504390.204504015739076, 1625563.385097803082317 ], [ 504398.037598124123178, 1625635.169942414853722 ], [ 504305.37253939488437, 1625739.588740190723911 ], [ 504246.640049286885187, 1625759.168466582428664 ], [ 504168.327022362325806, 1625726.540709415683523 ], [ 504159.190273490210529, 1625701.089949311455712 ], [ 504034.545513712801039, 1625748.079618595074862 ], [ 503713.466237660613842, 1625680.871881097555161 ], [ 503690.626637104840484, 1625729.817594025749713 ], [ 503671.701637033431325, 1625730.470144617836922 ], [ 503611.663468033017125, 1625761.143920105649158 ], [ 503583.601643353176769, 1625733.735707964515314 ], [ 503533.352408266626298, 1625761.799196375301108 ], [ 503462.452203656546772, 1625757.212252020835876 ], [ 503434.295491451921407, 1625768.088081152644008 ], [ 503361.888100022915751, 1625722.715139552950859 ], [ 503367.6376190102892, 1625705.964955628151074 ], [ 503350.825435044360347, 1625700.215438385028392 ], [ 503323.867984010837972, 1625720.039241673657671 ], [ 503267.744187959004194, 1625694.589846946764737 ], [ 503171.160659882123582, 1625714.1696732272394 ], [ 503135.918865858635399, 1625688.067671038908884 ], [ 503129.393536892021075, 1625676.973849493311718 ], [ 503090.23744057881413, 1625675.016985343769193 ], [ 503077.185048174578696, 1625661.965351493796334 ], [ 503067.396853853831999, 1625690.026664163917303 ], [ 502981.167318810650613, 1625674.60115433880128 ], [ 502901.514965808717534, 1625802.85359797347337 ], [ 502850.086030180973466, 1625806.848096447996795 ], [ 502821.373423754819669, 1625855.793980039656162 ], [ 502788.829450937861111, 1625857.85692779137753 ], [ 502769.819604586868081, 1625898.213520806515589 ], [ 502705.867290285415947, 1625992.841474384302273 ], [ 502687.59525300480891, 1625992.190004684729502 ], [ 502649.092219418962486, 1626026.778158328030258 ], [ 502502.910920803667977, 1626021.562400896567851 ], [ 502353.180446158803534, 1626044.824775247136131 ], [ 502256.700276383722667, 1626042.321576298214495 ], [ 502238.744979822658934, 1626204.792261548805982 ], [ 502199.485255995590705, 1626215.653413303662091 ] ] ] } },
{ "type": "Feature", "properties": { "barangay": "Bagong Lipunan ng Crame", "district": "DISTRICT 4", "pct_total_population": 15.19, "pct_female_population": 15.2, "pct_male_population": 15.19, "pct_children_0_4": 15.19, "pct_female_children_0_4": 15.14, "pct_male_children_0_4": 15.27, "pct_elderly_60plus": 15.21, "pct_female_elderly_60plus": 15.2, "pct_male_elderly_60plus": 15.22, "pct_childcare_facilities": 25.0, "pct_eldercare_facilities": null, "pct_pwd_facilities": 0.0 }, "geometry": { "type": "Polygon", "coordinates": [ [ [ 505686.691396361624356, 1616155.14496102463454 ], [ 505576.909418769355398, 1616400.587397891562432 ], [ 505515.293351951811928, 1616538.064326577121392 ], [ 505403.571109677432105, 1616533.59256853396073 ], [ 505361.414424968184903, 1616511.486771302763373 ], [ 505157.180442943819799, 1616347.118540719617158 ], [ 505124.409768546989653, 1616325.042470776941627 ], [ 505098.962515404855367, 1616317.214202350703999 ], [ 505073.981389865861274, 1616313.758924793452024 ], [ 505050.805365109932609, 1616313.707598196109757 ], [ 505030.883496647467837, 1616318.92118232906796 ], [ 505013.188657505903393, 1616325.071702691260725 ], [ 504919.622881063667592, 1616370.4094671420753 ], [ 504888.960134624037892, 1616276.964264183538035 ], [ 504839.840646659547929, 1616124.227537920931354 ], [ 504827.87786969851004, 1616097.903859068406746 ], [ 504496.06131722999271, 1615780.673182076076046 ], [ 504511.705320584063884, 1615780.247727060224861 ], [ 504511.709320595313329, 1615780.24772694054991 ], [ 504611.093194373650476, 1615703.645762010477483 ], [ 504767.335581355902832, 1615677.14819524390623 ], [ 504767.339581343170721, 1615677.147195132914931 ], [ 504767.342581335571595, 1615677.147195040481165 ], [ 504767.353581299888901, 1615677.145194715121761 ], [ 504776.790544284740463, 1615675.544918894069269 ], [ 504779.593533268198371, 1615675.068836955120787 ], [ 504793.567478431679774, 1615672.69842851604335 ], [ 504805.835576022102032, 1615675.631074975710362 ], [ 504806.651582449732814, 1615675.826051460811868 ], [ 504809.775607292016502, 1615676.571961439680308 ], [ 504809.780607392720412, 1615676.572961288969964 ], [ 504822.981712291308213, 1615679.727580865612254 ], [ 504822.985712366062216, 1615679.728580745635554 ], [ 504841.994869646267034, 1615684.483033153461292 ], [ 504846.319905441137962, 1615685.564908568747342 ], [ 505161.429512646514922, 1615764.382831297116354 ], [ 505170.562588118948042, 1615766.666568205226213 ], [ 505170.570588203787338, 1615766.668567976914346 ], [ 505209.555910815135576, 1615776.419444936793298 ], [ 505209.55991085304413, 1615776.420444821473211 ], [ 505209.567910928861238, 1615776.422444593161345 ], [ 505209.571910966711584, 1615776.423444479005411 ], [ 505259.969327882979997, 1615789.028992692707106 ], [ 505476.18593487952603, 1615217.45113512664102 ], [ 505476.404935066122562, 1615217.450128755066544 ], [ 505993.855449444730766, 1615458.130334554007277 ], [ 505993.983451266423799, 1615458.190330896759406 ], [ 505994.202454502112232, 1615458.292324636364356 ], [ 505792.100661293487065, 1615919.73866132250987 ], [ 505686.691396361624356, 1616155.14496102463454 ] ] ] } },
{ "type": "Feature", "properties": { "barangay": "Bagong Pag-asa", "district": "DISTRICT 1", "pct_total_population": 24.68, "pct_female_population": 24.67, "pct_male_population": 24.67, "pct_children_0_4": 24.66, "pct_female_children_0_4": 24.68, "pct_male_children_0_4": 24.72, "pct_elderly_60plus": 24.69, "pct_female_elderly_60plus": 24.71, "pct_male_elderly_60plus": 24.66, "pct_childcare_facilities": 0.0, "pct_eldercare_facilities": null, "pct_pwd_facilities": null }, "geometry": { "type": "Polygon", "coordinates": [ [ [ 503296.398904833535198, 1621795.463091498007998 ], [ 503197.401662705931813, 1621343.219513270771131 ], [ 503555.381681136263069, 1621262.643029898405075 ], [ 503452.088989584241062, 1620795.082561094779521 ], [ 503103.059789849445224, 1620869.108777770539746 ], [ 503645.128236465912778, 1620005.451157450443134 ], [ 503899.336034604813904, 1619611.193374044494703 ], [ 504255.198856742994394, 1619833.63725700112991 ], [ 504255.91387050395133, 1619834.084236666793004 ], [ 504228.407086381164845, 1619876.876079011242837 ], [ 504211.22990117437439, 1619905.506606941577047 ], [ 504169.242909571214113, 1620010.481932607945055 ], [ 504132.981812886020634, 1620111.641088041244075 ], [ 504110.080342942615971, 1620165.083807266782969 ], [ 504049.010935907543171, 1620428.476846776902676 ], [ 504021.374816889117938, 1620666.211888959165663 ], [ 503650.056837182841264, 1620748.576761699281633 ], [ 503787.288882742403075, 1621364.787393792066723 ], [ 503807.135993582254741, 1621471.1499240656849 ], [ 503814.949033766519278, 1621609.902836601715535 ], [ 503808.601760813267902, 1621703.962115657981485 ], [ 503793.125271074706689, 1621790.878652809653431 ], [ 503780.426884538610466, 1621846.839078094577417 ], [ 503774.077374129090458, 1621863.904279767302796 ], [ 503732.404213561094366, 1621825.408452005358413 ], [ 503714.942069109471049, 1621821.04395503574051 ], [ 503650.401371004758403, 1621868.077877799980342 ], [ 503615.328402538667433, 1621904.786933884490281 ], [ 503597.867250041628722, 1621934.553471223451197 ], [ 503554.211348070122767, 1621973.8457793276757 ], [ 503504.999540801567491, 1621982.181217720499262 ], [ 503413.717368322017137, 1621979.405867443652824 ], [ 503383.093123773811385, 1622006.460784558439627 ], [ 503375.749265332298819, 1622011.586003108881414 ], [ 503337.517049575806595, 1621971.074073322350159 ], [ 503296.398904833535198, 1621795.463091498007998 ] ] ] } },
{ "type": "Feature", "properties": { "barangay": "Bagong Silangan", "district": "DISTRICT 2", "pct_total_population": 19.23, "pct_female_population": 19.23, "pct_male_population": 19.22, "pct_children_0_4": 19.22, "pct_female_children_0_4": 19.21, "pct_male_children_0_4": 19.23, "pct_elderly_60plus": 19.24, "pct_female_elderly_60plus": 19.25, "pct_male_elderly_60plus": 19.25, "pct_childcare_facilities": 12.5, "pct_eldercare_facilities": null, "pct_pwd_facilities": null }, "geometry": { "type": "Polygon", "coordinates": [ [ [ 512296.000506561074872, 1625565.178365987725556 ], [ 512473.609427969378885, 1625659.557299742940813 ], [ 512479.490349835832603, 1625691.075160546693951 ], [ 513070.5121281890315, 1629998.608318870421499 ], [ 512991.436716707714368, 1629815.138432180741802 ], [ 512987.52731724671321, 1629767.116497474256903 ], [ 512999.807548460841645, 1629637.012009732192382 ], [ 512927.217394363135099, 1629634.222116350894794 ], [ 512892.596921514545102, 1629619.14710722793825 ], [ 512738.478553512424696, 1629508.590474585769698 ], [ 512720.751298420247622, 1629466.016946901800111 ], [ 512650.251014436827973, 1629424.276953601976857 ], [ 512629.060287915403023, 1629365.599510356085375 ], [ 512617.780568137590308, 1629341.221813613548875 ], [ 512618.14370143978158, 1629311.386773043079302 ], [ 512619.596588089072611, 1629238.618657624814659 ], [ 512617.048242654418573, 1629192.410685191396624 ], [ 512607.224207183986437, 1629157.118935161735862 ], [ 512570.837696284637786, 1629071.98090688791126 ], [ 512545.730370477773249, 1629027.228591463528574 ], [ 512524.627281272958498, 1628990.48116774042137 ], [ 512493.697511521400884, 1628896.246971734333783 ], [ 512482.417887028306723, 1628875.145278289914131 ], [ 512464.225509207171854, 1628862.774794501019642 ], [ 512376.175521889002994, 1628831.85032206075266 ], [ 512264.474426297761966, 1628798.01653397618793 ], [ 512199.345440901233815, 1628766.364394742297009 ], [ 512073.090379066299647, 1628699.784996636677533 ], [ 512035.978591003397014, 1628673.953049098839983 ], [ 511989.767879993829411, 1628582.266299705253914 ], [ 511963.569457941921428, 1628534.240012698341161 ], [ 511951.198187243717257, 1628490.943328648339957 ], [ 511954.470826398581266, 1628444.007186328992248 ], [ 511970.115171531506348, 1628386.519673881586641 ], [ 512014.501175409415737, 1628316.297313422663137 ], [ 512019.958218603569549, 1628283.188121526036412 ], [ 512012.316090060048737, 1628244.620304804760963 ], [ 511988.302325786207803, 1628219.151977011468261 ], [ 511941.729538855724968, 1628193.685304766753688 ], [ 511882.386852491181344, 1628172.121007518842816 ], [ 511903.000141741766129, 1627321.117552455980331 ], [ 511485.479978330200538, 1627123.485486446181312 ], [ 511302.023087669629604, 1627064.776758495718241 ], [ 510672.372103912464809, 1626295.697281969012693 ], [ 510620.763283316104207, 1625856.329339722404256 ], [ 510480.887277102970984, 1625723.313270582119003 ], [ 510310.329378409427591, 1625526.2440285962075 ], [ 510263.466665609565098, 1625468.925332733197138 ], [ 510256.353719233709853, 1625471.017541534965858 ], [ 510204.889123234665021, 1625417.881983590079471 ], [ 510171.834728215122595, 1625371.021896986523643 ], [ 510130.725405564589892, 1625326.930047230329365 ], [ 510228.537427360017318, 1625221.069098439533263 ], [ 510228.563096723286435, 1625037.639913183636963 ], [ 510788.500553912657779, 1625033.998638301156461 ], [ 511855.028598330682144, 1625033.035645032767206 ], [ 511856.324599521700293, 1625033.034607372246683 ], [ 511862.86729668994667, 1625194.43357957713306 ], [ 511871.655777807638515, 1625313.916444359114394 ], [ 511905.186085729626939, 1625357.761514101643115 ], [ 511947.293220202147495, 1625395.34032829827629 ], [ 512121.703216762922239, 1625492.419357739156112 ], [ 512296.000506561074872, 1625565.178365987725556 ] ] ] } },
{ "type": "Feature", "properties": { "barangay": "Bagumbayan", "district": "DISTRICT 3", "pct_total_population": 56.62, "pct_female_population": 56.63, "pct_male_population": 56.62, "pct_children_0_4": 56.63, "pct_female_children_0_4": 56.62, "pct_male_children_0_4": 56.64, "pct_elderly_60plus": 56.62, "pct_female_elderly_60plus": 56.59, "pct_male_elderly_60plus": 56.66, "pct_childcare_facilities": 75.0, "pct_eldercare_facilities": null, "pct_pwd_facilities": 100.0 }, "geometry": { "type": "Polygon", "coordinates": [ [ [ 508302.253880659525748, 1616391.04419426410459 ], [ 508281.355467297020368, 1616377.542787965387106 ], [ 508243.245637718471698, 1616350.31386800436303 ], [ 508197.983520730980672, 1616347.853180774720386 ], [ 508188.370092208089773, 1616333.440445644548163 ], [ 508173.773746727092657, 1616322.056858341675252 ], [ 508163.851736748591065, 1616322.057146661682054 ], [ 508157.104257163242437, 1616305.786326370900497 ], [ 508132.101059007341973, 1616299.833046935731545 ], [ 508118.210425608849619, 1616312.930463751079515 ], [ 508094.001828061416745, 1616327.616181978024542 ], [ 508080.50794138252968, 1616331.981578477425501 ], [ 508059.473520069092046, 1616352.620210452703759 ], [ 508026.533936799271032, 1616368.099183186190203 ], [ 508014.230924363364466, 1616368.099540697410703 ], [ 508001.133473032095935, 1616353.018906118813902 ], [ 507989.226437914883718, 1616352.225251328665763 ], [ 507959.064765169343445, 1616364.529140141559765 ], [ 507937.6336975992308, 1616362.942761306650937 ], [ 507913.026592139736749, 1616360.16547355055809 ], [ 507983.641242101788521, 1616001.571061084978282 ], [ 508006.763940390490461, 1615921.570308748632669 ], [ 508017.130400496185757, 1615902.631988474866375 ], [ 507997.680981964163948, 1615820.082470651483163 ], [ 507996.489931235206313, 1615783.966468959348276 ], [ 508002.044495155685581, 1615734.357257668627426 ], [ 507999.662696927785873, 1615706.973299358272925 ], [ 507962.748253988334909, 1615555.367219610372558 ], [ 507937.687700248439796, 1615433.946825763443485 ], [ 507932.97802253550617, 1615376.376904742559418 ], [ 508021.083903336897492, 1615369.230337346205488 ], [ 508011.154452870192472, 1615354.069610635284334 ], [ 507998.216359924292192, 1615351.319983829278499 ], [ 507981.492584468913265, 1615187.570305185159668 ], [ 507969.521397479926236, 1615078.320543211884797 ], [ 507969.583172357757576, 1615070.570533625083044 ], [ 507966.988940932846162, 1615062.695601097308099 ], [ 507969.738642097625416, 1615052.320510764140636 ], [ 507980.176431050989777, 1615044.695199799491093 ], [ 507981.182163398596458, 1615035.449161276221275 ], [ 508401.939862872066442, 1615044.968944313237444 ], [ 508403.527280098292977, 1615024.860877968138084 ], [ 508690.769777375564445, 1615032.038538376102224 ], [ 508749.046391721698456, 1615016.753829589113593 ], [ 508790.59093047271017, 1615068.265674154739827 ], [ 508852.074861425207928, 1615098.174917594762519 ], [ 508950.115008137538098, 1615099.834070377517492 ], [ 509036.523177324328572, 1615068.2585277503822 ], [ 509127.915723811951466, 1615015.081818574806675 ], [ 509210.99805470573483, 1614920.362309113843367 ], [ 509255.861588606785517, 1614833.951918589184061 ], [ 509282.446862780081574, 1614739.234050853876397 ], [ 509312.354864632652607, 1614669.441111615393311 ], [ 509353.974042605434079, 1614639.715872342698276 ], [ 509397.100500982545782, 1614619.58759892382659 ], [ 509491.769523914437741, 1614617.104845493799075 ], [ 509563.897347187565174, 1614642.93977554817684 ], [ 509598.347508044971619, 1614681.693813437595963 ], [ 509603.732266504201107, 1614776.427752190036699 ], [ 509592.832308197394013, 1614881.472174511058256 ], [ 509545.060789093084168, 1615002.901684740092605 ], [ 509455.486517151177395, 1615134.285419696010649 ], [ 509333.978375634178519, 1615408.900226590456441 ], [ 509137.902877110114787, 1615604.988121364731342 ], [ 508983.366667634167243, 1615706.356713854009286 ], [ 508855.418581379461102, 1615811.047537071397528 ], [ 508724.146057349222247, 1615900.783441859064624 ], [ 508585.583796737948433, 1615999.842567840591073 ], [ 508455.593644899083301, 1616102.341448203893378 ], [ 508360.602472499886062, 1616237.337344208965078 ], [ 508313.107330677856226, 1616337.332824876764789 ], [ 508302.253880659525748, 1616391.04419426410459 ] ] ] } },
{ "type": "Feature", "properties": { "barangay": "Bagumbuhay", "district": "DISTRICT 3", "pct_total_population": 26.44, "pct_female_population": 26.45, "pct_male_population": 26.44, "pct_children_0_4": 26.54, "pct_female_children_0_4": 26.38, "pct_male_children_0_4": 26.29, "pct_elderly_60plus": 26.47, "pct_female_elderly_60plus": 26.47, "pct_male_elderly_60plus": 26.47, "pct_childcare_facilities": 50.0, "pct_eldercare_facilities": null, "pct_pwd_facilities": null }, "geometry": { "type": "Polygon", "coordinates": [ [ [ 506671.473699709051289, 1617783.235981953097507 ], [ 506606.410060478956439, 1617763.487852733815089 ], [ 506611.065807210747153, 1617754.612708521075547 ], [ 506634.097238172776997, 1617734.237018783111125 ], [ 506647.941987659083679, 1617690.724572725594044 ], [ 506659.848618953954428, 1617677.627213568193838 ], [ 506668.182223653304391, 1617663.73695743852295 ], [ 506680.087785841955338, 1617648.258595918305218 ], [ 506674.927973272046074, 1617620.476717911893502 ], [ 506651.12447384611005, 1617604.111393148312345 ], [ 506651.907669988286216, 1617576.424342555692419 ], [ 506660.241801851894706, 1617546.26207005023025 ], [ 506655.875405304483138, 1617532.768183362670243 ], [ 506641.190963800647296, 1617518.083595298230648 ], [ 506637.220933262724429, 1617482.761675141518936 ], [ 506654.839038448117208, 1617451.361131622456014 ], [ 506675.360551218385808, 1617433.882517717313021 ], [ 506718.618821906275116, 1617407.290233965031803 ], [ 506750.763997211353853, 1617343.392235631588846 ], [ 506750.366835371241905, 1617337.836241580313072 ], [ 506759.891441286192276, 1617323.944950845325366 ], [ 506758.700817293429282, 1617302.513963891426101 ], [ 506759.49464504502248, 1617296.560934846056625 ], [ 506763.46263747633202, 1617296.163819139823318 ], [ 506769.019597012724262, 1617294.576656068442389 ], [ 506778.147087108402047, 1617276.716372874099761 ], [ 506779.733892633812502, 1617269.969319988973439 ], [ 506774.971830239112023, 1617267.985456366557628 ], [ 506776.558520376041997, 1617257.269399487413466 ], [ 506780.924294135009404, 1617249.332264646887779 ], [ 506781.718087335582823, 1617242.188234387664124 ], [ 506800.370010395185091, 1617204.484654490137473 ], [ 506811.145842544268817, 1617198.339335179422051 ], [ 506826.563298532215413, 1617179.083867809269577 ], [ 506863.074770048260689, 1617159.635787298670039 ], [ 506871.012570421036799, 1617152.491549444850534 ], [ 507013.492328233318403, 1617208.050465076696128 ], [ 507049.211410193704069, 1617209.636428738478571 ], [ 507120.252423838013783, 1617207.650362394982949 ], [ 507125.653787975781597, 1617426.45642545633018 ], [ 507127.24104331136914, 1617435.187388111837208 ], [ 507129.227613892988302, 1617489.162384651368484 ], [ 507125.258967413217761, 1617501.465512346243486 ], [ 507069.301068014639895, 1617575.683213016251102 ], [ 507064.539178571023513, 1617579.652355377096683 ], [ 506957.780132430896629, 1617616.167494348715991 ], [ 507026.049786565185059, 1617842.78173840767704 ], [ 506884.760929631360341, 1617818.179819298908114 ], [ 506671.473699709051289, 1617783.235981953097507 ] ] ] } },
{ "type": "Feature", "properties": { "barangay": "Bahay Toro", "district": "DISTRICT 1", "pct_total_population": 34.66, "pct_female_population": 34.66, "pct_male_population": 34.66, "pct_children_0_4": 34.67, "pct_female_children_0_4": 34.66, "pct_male_children_0_4": 34.69, "pct_elderly_60plus": 34.66, "pct_female_elderly_60plus": 34.65, "pct_male_elderly_60plus": 34.64, "pct_childcare_facilities": 14.29, "pct_eldercare_facilities": 50.0, "pct_pwd_facilities": 0.0 }, "geometry": { "type": "Polygon", "coordinates": [ [ [ 503330.150389600312337, 1622980.937303297687322 ], [ 503329.08837169886101, 1622980.358333581127226 ], [ 503291.272212923271582, 1622976.204428276047111 ], [ 503263.656934439670295, 1622967.576222050469369 ], [ 503256.260394986893516, 1622949.270418569678441 ], [ 503213.172692509077024, 1622926.586647807387635 ], [ 503201.779229776759166, 1622911.060963271884248 ], [ 503201.395226926775649, 1622910.973974341526628 ], [ 503164.982951825135387, 1622902.76902417303063 ], [ 503145.575183888606261, 1622911.424596839118749 ], [ 503111.297797887818888, 1622899.32758071529679 ], [ 503111.061800036695786, 1622899.411587661132216 ], [ 503082.173069313168526, 1622909.678437444148585 ], [ 503037.561490910127759, 1622925.729749932652339 ], [ 503012.415919299644884, 1622906.930461718933657 ], [ 502991.39244143787073, 1622891.213056813227013 ], [ 502940.911384348932188, 1622959.81859272881411 ], [ 502886.212101390294265, 1622951.972174312919378 ], [ 502745.452372985135298, 1622931.778244249289855 ], [ 502720.857072406681255, 1622922.286949407774955 ], [ 502670.373971459572203, 1622920.562414624961093 ], [ 502651.058740896754898, 1622913.295968582388014 ], [ 502607.181217168341391, 1622896.791226992849261 ], [ 502596.547336645133328, 1622866.862505887169391 ], [ 502588.548951640026644, 1622853.890725255943835 ], [ 502580.139671754848678, 1622844.547960218740627 ], [ 502558.642956053954549, 1622820.664560846285895 ], [ 502545.269510798912961, 1622805.805934507166967 ], [ 502536.982234818686265, 1622796.598166057607159 ], [ 502535.862890102493111, 1622784.773186689475551 ], [ 502534.11668082640972, 1622777.631230252096429 ], [ 502532.394882920547388, 1622750.23625272535719 ], [ 502532.412828152358998, 1622748.34925030451268 ], [ 502532.581330938672181, 1622731.236228183377534 ], [ 502530.143129133793991, 1622724.375292134238407 ], [ 502528.473991079197731, 1622719.681335918139666 ], [ 502524.362650615861639, 1622708.1114437491633 ], [ 502518.693505165108945, 1622703.299603638472036 ], [ 502512.286340607446618, 1622697.859784347238019 ], [ 502500.380213322583586, 1622693.892126338323578 ], [ 502484.108393038564827, 1622700.639605951495469 ], [ 502468.630515917437151, 1622705.402060506399721 ], [ 502453.945397364441305, 1622701.830483640776947 ], [ 502432.514041355869267, 1622690.322094824630767 ], [ 502415.447816550440621, 1622683.178583554457873 ], [ 502394.810369076847564, 1622668.49516847380437 ], [ 502394.618325725139584, 1622667.008172555128112 ], [ 502392.766905556083657, 1622652.615211875643581 ], [ 502386.473988239595201, 1622621.266363195609301 ], [ 502376.155297330406029, 1622597.851639488944784 ], [ 502373.92017239460256, 1622593.629700185498223 ], [ 502354.722099387145136, 1622557.37022156920284 ], [ 502344.799639575590845, 1622541.892494328552857 ], [ 502314.240124527073931, 1622525.224365568719804 ], [ 502286.061577197106089, 1622507.366166424006224 ], [ 502257.089098263473716, 1622491.888992751715705 ], [ 502252.885030261415523, 1622489.693112703273073 ], [ 502230.49766788148554, 1622477.998751476407051 ], [ 502225.297618322190829, 1622476.47490105079487 ], [ 502207.478448677167762, 1622471.252413593465462 ], [ 502172.553194476175122, 1622463.713420880958438 ], [ 502144.375131550070364, 1622462.5232384854462 ], [ 502066.586868843820412, 1622456.175492509035394 ], [ 502038.011840143182781, 1622456.176322843180969 ], [ 502003.880967226927169, 1622461.733320218743756 ], [ 501986.567832467029803, 1622457.694819249445572 ], [ 501980.067781849764287, 1622456.178006608504802 ], [ 501961.324555875617079, 1622449.05054407985881 ], [ 501951.889442185522057, 1622445.462814640020952 ], [ 501933.236181243439205, 1622437.129348289454356 ], [ 501930.475021166668739, 1622431.717423075344414 ], [ 501928.267893191659823, 1622427.391482861945406 ], [ 501913.391030959552154, 1622398.235885829664767 ], [ 501887.990048219508026, 1622365.295590803958476 ], [ 501886.316996262583416, 1622363.566637673415244 ], [ 501856.137059701373801, 1622332.383483289275318 ], [ 501852.269939719408285, 1622328.387591639067978 ], [ 501818.534810108307283, 1622290.685533993178979 ], [ 501785.989808556449134, 1622257.34844615496695 ], [ 501766.145131179364398, 1622234.727000050945207 ], [ 501749.079433600301854, 1622211.312472393969074 ], [ 501724.7366225834121, 1622184.248152533313259 ], [ 501704.537224966101348, 1622171.26272642496042 ], [ 501679.055840205866843, 1622158.907454442000017 ], [ 501650.430290065938607, 1622140.965268195839599 ], [ 501633.327645111770835, 1622119.362743440782651 ], [ 501624.424309297814034, 1622108.117990846512839 ], [ 501623.016256204282399, 1622106.339029968250543 ], [ 501614.358828221622389, 1622091.910267026163638 ], [ 501611.472070642572362, 1622065.940324784256518 ], [ 501621.571451818395872, 1622044.298009536694735 ], [ 501635.017908056615852, 1622025.120599514339119 ], [ 501635.091906188405119, 1622025.054597292793915 ], [ 501650.872509917884599, 1622010.874124473659322 ], [ 501666.180189821694512, 1621999.329668048070744 ], [ 501676.396703970851377, 1621982.255353988613933 ], [ 501676.396137916774023, 1621962.777334409765899 ], [ 501660.52449295471888, 1621941.13477384718135 ], [ 501642.489055641868617, 1621926.707283408148214 ], [ 501627.338809787645005, 1621918.77271566586569 ], [ 501614.353314474807121, 1621902.180076312739402 ], [ 501605.695886549365241, 1621887.752313368255273 ], [ 501603.531381221604533, 1621870.438358846120536 ], [ 501595.594911958673038, 1621854.567573494743556 ], [ 501586.215980172564741, 1621822.825814100215212 ], [ 501584.051244233211037, 1621797.576851606136188 ], [ 501571.06447646493325, 1621771.607202851213515 ], [ 501558.80014966824092, 1621760.785548343323171 ], [ 501540.043879252392799, 1621752.130084656178951 ], [ 501524.893612380954437, 1621743.473516188329086 ], [ 501509.021967471693642, 1621721.830955620622262 ], [ 501503.97095619578613, 1621687.204067560145631 ], [ 501500.612068167945836, 1621656.76513454108499 ], [ 501496.874386857089121, 1621633.449219687609002 ], [ 501492.481999701820314, 1621620.279334074584767 ], [ 501491.704931239364669, 1621617.949354316806421 ], [ 501480.882935045752674, 1621584.043634670320898 ], [ 501484.489372651325539, 1621564.565510282991454 ], [ 501506.852493592945393, 1621533.54382924316451 ], [ 501517.285058174922597, 1621518.200510655529797 ], [ 501531.379470004118048, 1621497.473080239491537 ], [ 501513.343424630642403, 1621462.124568775296211 ], [ 501500.990875177609269, 1621443.64590912964195 ], [ 501467.293972278130241, 1621379.332823608070612 ], [ 501466.448924596305005, 1621377.720846533309668 ], [ 501466.072863431007136, 1621375.628855364397168 ], [ 501445.866577031672932, 1621263.23932945355773 ], [ 501477.028016364609357, 1621174.047334227943793 ], [ 501545.198528892186005, 1621086.092264837352559 ], [ 501906.863106131902896, 1621093.440762877231464 ], [ 501901.492599025485106, 1621179.408005419187248 ], [ 501881.078076787816826, 1621265.375685116276145 ], [ 501875.706726527248975, 1621322.329898485215381 ], [ 501875.707538452290464, 1621350.268926572753116 ], [ 501884.30454635899514, 1621384.655711353989318 ], [ 501911.171041148889344, 1621435.16098146699369 ], [ 501946.633701303391717, 1621456.651972603751346 ], [ 501993.326684755913448, 1621488.875648194225505 ], [ 502015.577175678277854, 1621505.000017861835659 ], [ 502026.327560711069964, 1621517.874718426959589 ], [ 502056.920900198398158, 1621528.498840115265921 ], [ 502081.391077452688478, 1621533.753134343773127 ], [ 502110.296113684074953, 1621533.997294661356136 ], [ 502155.296202421828639, 1621535.495988539187238 ], [ 502203.078326739487238, 1621538.119602708378807 ], [ 502237.760430592752527, 1621540.494597301119938 ], [ 502288.79664900287753, 1621546.242120046867058 ], [ 502329.891336852509994, 1621568.490948296152055 ], [ 502355.204950772749726, 1621588.740233092103153 ], [ 502369.04840425029397, 1621603.864846035372466 ], [ 502379.798854602966458, 1621618.989548867568374 ], [ 502390.862374325457495, 1621636.489244978409261 ], [ 502406.300029146717861, 1621658.488818513695151 ], [ 502424.238715575600509, 1621681.488320394186303 ], [ 502438.300947612035088, 1621688.987919310806319 ], [ 502447.957990067196079, 1621690.112639818806201 ], [ 502465.489022127876524, 1621690.612130902009085 ], [ 502479.707934774982277, 1621687.111714204307646 ], [ 502493.749816809897311, 1621682.569301599403843 ], [ 502497.718786263314541, 1621681.378185073845088 ], [ 502512.79954766103765, 1621672.646738064475358 ], [ 502528.674125349498354, 1621657.565261605428532 ], [ 502546.136773861479014, 1621644.864741393830627 ], [ 502570.674108128121588, 1621621.109004483791068 ], [ 502596.141762936371379, 1621608.35025159874931 ], [ 502605.666680250666104, 1621605.174971626838669 ], [ 502618.763693431916181, 1621605.174591041868553 ], [ 502634.241847374418285, 1621609.937146066688001 ], [ 502648.926139019487891, 1621619.461728941416368 ], [ 502656.467377171094995, 1621627.398517791181803 ], [ 502662.817579669994302, 1621634.145340058254078 ], [ 502678.692964661400765, 1621646.844891522545367 ], [ 502698.537849617307074, 1621676.610344806220382 ], [ 502718.779585092270281, 1621701.215781359700486 ], [ 502747.240355144138448, 1621726.728980009676889 ], [ 502761.642769914120436, 1621740.505575356306508 ], [ 502782.281044433184434, 1621749.235984421567991 ], [ 502800.139981607208028, 1621746.457462679594755 ], [ 502816.411813385202549, 1621740.106983458157629 ], [ 502837.70942057314096, 1621725.851350238546729 ], [ 502857.289093305997085, 1621713.911769275087863 ], [ 502872.76676287461305, 1621702.005307540064678 ], [ 502891.420297144330107, 1621685.335748728830367 ], [ 502905.707080853055231, 1621677.398325594607741 ], [ 502921.185004106373526, 1621674.222872646525502 ], [ 502951.744931031484157, 1621670.649981023510918 ], [ 503004.529168661450967, 1621676.998453586129472 ], [ 503029.929632387298625, 1621692.078730663051829 ], [ 503050.171090979943983, 1621707.159157645888627 ], [ 503077.365719485969748, 1621727.844388227211311 ], [ 503090.256030969903804, 1621738.115023990394548 ], [ 503103.353251684107818, 1621745.257650590734556 ], [ 503113.275388520676643, 1621749.623366661602631 ], [ 503132.722719517420046, 1621760.33881232701242 ], [ 503155.34496136958478, 1621767.878162542358041 ], [ 503179.157996777328663, 1621768.274470975855365 ], [ 503200.866937013575807, 1621765.465837322873995 ], [ 503218.17937582556624, 1621779.965348837664351 ], [ 503240.180048093025107, 1621802.339732041815296 ], [ 503251.11870932020247, 1621824.714436689624563 ], [ 503272.994839315419085, 1621862.838839360047132 ], [ 503290.05810608289903, 1621905.838386780349538 ], [ 503312.027963610249572, 1621934.587777292355895 ], [ 503316.622433171374723, 1621950.587659878423437 ], [ 503337.517049575806595, 1621971.074073322350159 ], [ 503375.749265332298819, 1622011.586003108881414 ], [ 503383.092123780748807, 1622006.460784586379305 ], [ 503413.717368322017137, 1621979.405867443652824 ], [ 503504.999540801567491, 1621982.181217720499262 ], [ 503554.211348070122767, 1621973.8457793276757 ], [ 503597.867250041628722, 1621934.553471223451197 ], [ 503615.328402538667433, 1621904.786933884490281 ], [ 503650.401371004758403, 1621868.077877799980342 ], [ 503714.942069109471049, 1621821.04395503574051 ], [ 503732.404213561094366, 1621825.408452005358413 ], [ 503774.077374129090458, 1621863.904279767302796 ], [ 503807.812927064835094, 1621881.76331742759794 ], [ 503824.871083986596204, 1621886.572826582705602 ], [ 503845.965101507143117, 1621886.447213501902297 ], [ 503875.246283493412193, 1621891.696367920842022 ], [ 503897.904444264480844, 1621896.444714282406494 ], [ 503914.969680570997298, 1621903.985225979471579 ], [ 503927.670373851549812, 1621927.399880471406505 ], [ 503927.67118120129453, 1621955.181908387923613 ], [ 503933.624521678080782, 1621966.690746971638873 ], [ 503945.929399001877755, 1621996.456419361522421 ], [ 503960.217324535944499, 1622027.80903571494855 ], [ 503972.123659368488006, 1622038.920700910268351 ], [ 503988.792630013136659, 1622037.333214936312288 ], [ 504009.033442743122578, 1622030.188619583379477 ], [ 504028.876793704577722, 1622007.169019809225574 ], [ 504033.638406377052888, 1621993.675867869984359 ], [ 504033.638014216150623, 1621980.181854311842471 ], [ 504028.478063352813479, 1621947.637971515767276 ], [ 504032.446421462751459, 1621925.412833844311535 ], [ 504037.60518447618233, 1621917.078675550874323 ], [ 504044.371664126112591, 1621898.94146068720147 ], [ 504061.416101102833636, 1621878.976945316651836 ], [ 504074.1161139124888, 1621878.976576276822016 ], [ 504087.213242392695975, 1621882.945199686801061 ], [ 504112.217878800700419, 1621903.979494249681011 ], [ 504114.99659662990598, 1621928.585438257083297 ], [ 504109.837433369539212, 1621957.557617320911959 ], [ 504109.044963184627704, 1621975.813658710103482 ], [ 504130.87348105723504, 1621992.879041569307446 ], [ 504150.405604098516051, 1621996.438477578340098 ], [ 504174.529640211374499, 1621996.846776978811249 ], [ 504190.404713841213379, 1621998.830317670712247 ], [ 504206.124798136821482, 1622001.186863244511187 ], [ 504227.710832099022809, 1622001.607236410491168 ], [ 504253.507800369232427, 1621999.622484786435962 ], [ 504272.557842568377964, 1622000.414932023966685 ], [ 504289.499823785561603, 1621999.184438474941999 ], [ 504309.875014971359633, 1622005.058852310059592 ], [ 504351.537544687103946, 1622021.844658547313884 ], [ 504358.284551451273728, 1622021.844462491804734 ], [ 504375.349164937797468, 1622007.952952646883205 ], [ 504410.273104307532776, 1621970.248899888712913 ], [ 504440.435523326392286, 1621949.213002246571705 ], [ 504475.884963688498829, 1621928.727951533393934 ], [ 504494.141889818478376, 1621925.552417825208977 ], [ 504515.373031025752425, 1621929.677805034443736 ], [ 504541.636942156706937, 1621925.713037848938257 ], [ 504545.338929734250996, 1621925.154929721029475 ], [ 504536.211050831538159, 1621964.048234081594273 ], [ 504521.926054788404144, 1622033.502719042589888 ], [ 504514.346287394932006, 1622076.177982236258686 ], [ 504512.06513150659157, 1622105.303077811840922 ], [ 504513.785157678532414, 1622140.553063299041241 ], [ 504515.18342596583534, 1622184.150066521950066 ], [ 504515.380604983482044, 1622190.303066971944645 ], [ 504516.212034941709135, 1622205.069057669257745 ], [ 504520.758385691151489, 1622285.803006774513051 ], [ 504521.305049642978702, 1622308.631013847654685 ], [ 504522.909997624577954, 1622375.604034582152963 ], [ 504529.264544275181834, 1622497.427972470875829 ], [ 504534.579321364406496, 1622592.802913976134732 ], [ 504532.839715475274716, 1622675.246047455118969 ], [ 504549.017296196776442, 1622866.724769985303283 ], [ 504512.673276252287906, 1622867.293826658977196 ], [ 504505.0060952725471, 1622861.332043452654034 ], [ 504481.721974424726795, 1622823.567682068794966 ], [ 504458.437299163022544, 1622801.137336126761511 ], [ 504411.871285385568626, 1622802.274690411286429 ], [ 504347.293680266593583, 1622783.686548238852993 ], [ 504315.869024866609834, 1622762.222439795266837 ], [ 504273.920535386831034, 1622746.832643279805779 ], [ 504241.733358731260523, 1622741.864573593717068 ], [ 504206.547098222188652, 1622734.120588255347684 ], [ 504173.794473642890807, 1622713.762519516516477 ], [ 504150.116346942260861, 1622710.222204012796283 ], [ 504153.212237581901718, 1622671.938075538259 ], [ 504153.332359577354509, 1622641.722041653702036 ], [ 504153.366111858049408, 1622633.199032096425071 ], [ 504149.329029136162717, 1622630.490146680735052 ], [ 504125.620543104945682, 1622614.586819618241861 ], [ 504110.500233169994317, 1622604.443248782772571 ], [ 504092.090188548027072, 1622603.545782846398652 ], [ 504056.006133468297776, 1622637.309865364804864 ], [ 504015.276354095200077, 1622680.722092574462295 ], [ 503969.318989492661785, 1622704.17645162390545 ], [ 503950.09973502572393, 1622764.908071199897677 ], [ 503949.163803997274954, 1622767.313100810628384 ], [ 503872.092927652352955, 1622739.822312727570534 ], [ 503704.838651482015848, 1622667.28709990857169 ], [ 503682.82296008762205, 1622713.080785711761564 ], [ 503653.885680111940019, 1622773.268687140196562 ], [ 503640.845347154070623, 1622796.672089612809941 ], [ 503622.980993681529071, 1622819.538631729548797 ], [ 503581.012105775298551, 1622859.257891236105934 ], [ 503548.178879747516476, 1622887.02587325242348 ], [ 503515.042643700609915, 1622914.462863745633513 ], [ 503487.485651574330404, 1622881.274631122127175 ], [ 503406.85513058345532, 1622900.550993516109884 ], [ 503330.693735651380848, 1622958.417264852905646 ], [ 503330.150389600312337, 1622980.937303297687322 ] ] ] } },
{ "type": "Feature", "properties": { "barangay": "Balingasa", "district": "DISTRICT 1", "pct_total_population": 25.29, "pct_female_population": 25.29, "pct_male_population": 25.28, "pct_children_0_4": 25.29, "pct_female_children_0_4": 25.31, "pct_male_children_0_4": 25.23, "pct_elderly_60plus": 25.31, "pct_female_elderly_60plus": 25.32, "pct_male_elderly_60plus": 25.35, "pct_childcare_facilities": 20.0, "pct_eldercare_facilities": null, "pct_pwd_facilities": 0.0 }, "geometry": { "type": "Polygon", "coordinates": [ [ [ 500370.637664346140809, 1620236.716540986904874 ], [ 500359.52591034368379, 1620279.975907391868532 ], [ 500355.539127491647378, 1620287.588030900107697 ], [ 500346.430623767781071, 1620304.979313073214144 ], [ 500345.645700239227153, 1620307.636338551761582 ], [ 500341.271126049687155, 1620322.442480565514416 ], [ 500315.475391888176091, 1620366.893274856731296 ], [ 500294.151283703220543, 1620398.320926106767729 ], [ 500292.854337987082545, 1620400.231965714832768 ], [ 500292.807344184373505, 1620400.445967296138406 ], [ 500288.886852970405016, 1620418.091098968638107 ], [ 500278.171465005900245, 1620439.52243190119043 ], [ 500269.825577291718218, 1620443.674678594106808 ], [ 500262.296702847233973, 1620448.2549019807484 ], [ 500253.168809001799673, 1620452.223171205027029 ], [ 500248.803046740416903, 1620460.558306461432949 ], [ 500246.819379200926051, 1620472.067375672981143 ], [ 500248.010680305596907, 1620482.386351444758475 ], [ 500252.375892343115993, 1620489.530231786658987 ], [ 500265.473263059626333, 1620501.832863569492474 ], [ 500274.297084629070014, 1620529.799635307863355 ], [ 500290.478548669198062, 1620579.619215223938227 ], [ 500294.049734462168999, 1620620.299152379622683 ], [ 500296.487321761727799, 1620640.424101787386462 ], [ 500299.608841464156285, 1620658.20102896890603 ], [ 500299.609637263172772, 1620685.585056492593139 ], [ 500297.229165451484732, 1620703.842144034337252 ], [ 500288.49846804473782, 1620714.557408515829593 ], [ 500263.495846642821562, 1620728.449149020016193 ], [ 500245.614020099805202, 1620735.037675261497498 ], [ 500240.874066026008222, 1620736.783814747352153 ], [ 500237.775228631973732, 1620742.485910532064736 ], [ 500221.031107199611142, 1620773.297428078949451 ], [ 500216.665471912245266, 1620785.997567719314247 ], [ 500207.141015903558582, 1620805.047863647108898 ], [ 500197.120190819900017, 1620811.411161226918921 ], [ 500194.665233575331513, 1620812.969234140124172 ], [ 500182.13845219014911, 1620820.923606138676405 ], [ 500177.772909117978998, 1620836.798748971195891 ], [ 500173.805147333361674, 1620845.133872652426362 ], [ 500172.217457135266159, 1620855.848929569125175 ], [ 500173.408758201694582, 1620866.167905333917588 ], [ 500174.995967436349019, 1620873.311866390518844 ], [ 500178.568109393003397, 1620878.073767391033471 ], [ 500198.015613360563293, 1620894.742219046456739 ], [ 500212.303054397634696, 1620909.425818649819121 ], [ 500219.05053400923498, 1620925.697638954268768 ], [ 500220.241938988096081, 1620939.588618308538571 ], [ 500217.464466637640726, 1620957.844717386644334 ], [ 500212.304622924595606, 1620963.400872908532619 ], [ 500201.192819392541423, 1620970.545202985173091 ], [ 500200.796095804136712, 1620980.070224099094048 ], [ 500205.162365411990322, 1620989.198106402298436 ], [ 500209.528519818966743, 1620994.357984718400985 ], [ 500218.656655861064792, 1620998.722723865648732 ], [ 500226.990767966897693, 1621002.29448528913781 ], [ 500227.083769751945511, 1621002.353482644306496 ], [ 500233.340889751445502, 1621006.263304750435054 ], [ 500240.130973832623567, 1621008.924110118765384 ], [ 500241.091985804087017, 1621009.301082574762404 ], [ 500241.816013228846714, 1621010.219062458490953 ], [ 500245.436149988498073, 1621014.800961876288056 ], [ 500248.603171414753888, 1621015.429870484396815 ], [ 500250.40718370093964, 1621015.787818420911208 ], [ 500255.566292694828007, 1621019.359672095393762 ], [ 500261.122482794977259, 1621025.709517032373697 ], [ 500265.885891220998019, 1621039.600392597494647 ], [ 500268.43972660106374, 1621068.258347217924893 ], [ 500263.971718689601403, 1621068.139476926997304 ], [ 499755.415915048622992, 1621058.085244510089979 ], [ 499735.216178915870842, 1620999.044772072462365 ], [ 499564.48976469959598, 1620749.820482334820554 ], [ 499451.723671588581055, 1620509.641517468960956 ], [ 499384.295769980584737, 1620343.30830944608897 ], [ 499379.005417854292318, 1620331.374451166484505 ], [ 499379.410414804355241, 1620331.253439281368628 ], [ 499705.947840854641981, 1620231.379850251367316 ], [ 499927.867844250053167, 1620223.817394068231806 ], [ 499936.794875549850985, 1620190.17410082067363 ], [ 500032.870027966680937, 1620192.097310987301171 ], [ 500051.532251320953947, 1620164.723741163732484 ], [ 500066.711391495889984, 1620134.612269793404266 ], [ 500084.628568653424736, 1620140.086754664313048 ], [ 500080.896837662323378, 1620183.883907160721719 ], [ 500098.81392791995313, 1620186.371389029547572 ], [ 500107.771025781577919, 1620155.017097208416089 ], [ 500144.848853346542455, 1620147.799012532923371 ], [ 500122.700522167142481, 1620102.758610809920356 ], [ 500110.753839644719847, 1620045.275900128530338 ], [ 500133.647703502851073, 1620039.800229373155162 ], [ 500151.315533225832041, 1620033.329709465848282 ], [ 500160.522291465604212, 1619990.279398628044873 ], [ 500157.286085700616241, 1619983.31148565444164 ], [ 500162.014880723610986, 1619976.094340987037867 ], [ 500185.156737698242068, 1619970.370662770001218 ], [ 500210.787438048282638, 1619959.171906729694456 ], [ 500219.496983943507075, 1619943.245637617772445 ], [ 500199.339602106891107, 1619930.804210839793086 ], [ 500195.607121079228818, 1619914.380302778445184 ], [ 500194.859404354123399, 1619889.744299720507115 ], [ 500224.720523175143171, 1619858.388400468742475 ], [ 500232.434198346396443, 1619846.941164805088192 ], [ 500200.581775833852589, 1619833.505076869390905 ], [ 500252.485779465758242, 1619728.601463100174442 ], [ 500272.921971940551884, 1619734.51687520975247 ], [ 500434.800228057370987, 1619703.319139954866841 ], [ 500531.38163181161508, 1619713.868344087619334 ], [ 500555.160654212639201, 1619748.22968768584542 ], [ 500572.227167321543675, 1619765.295208925148472 ], [ 500588.896414761489723, 1619773.232732540694997 ], [ 500602.389739700418431, 1619783.947351227747276 ], [ 500628.594513599993661, 1619809.670615639537573 ], [ 500644.073025041725487, 1619826.735183033626527 ], [ 500651.614540100388695, 1619844.197981458855793 ], [ 500657.965065519965719, 1619862.056814881507307 ], [ 500668.284629430621862, 1619881.106534179067239 ], [ 500661.935130613099318, 1619898.569736253703013 ], [ 500649.716513335937634, 1619912.163104980718344 ], [ 500641.297905670362525, 1619925.954363477416337 ], [ 500623.042198740993626, 1619936.670904740691185 ], [ 500605.976758216856979, 1619956.515420595183969 ], [ 500599.843148739892058, 1619970.164612548891455 ], [ 500596.056428724201396, 1619979.930732416687533 ], [ 500588.516113203077111, 1620003.74397547240369 ], [ 500588.344906266196631, 1620031.040007909527048 ], [ 500587.220399153302424, 1620048.040057686390355 ], [ 500568.673950156837236, 1620067.641616328619421 ], [ 500558.355331818864215, 1620081.134929746389389 ], [ 500556.768411060038488, 1620083.913978648604825 ], [ 500535.337681248143781, 1620128.364646102068946 ], [ 500519.462688365136273, 1620129.159108207328245 ], [ 500507.953642175882123, 1620127.968441441422328 ], [ 500496.444561473035719, 1620125.587773474631831 ], [ 500462.312077301729005, 1620110.110749734565616 ], [ 500438.102776216575876, 1620100.586443629581481 ], [ 500434.530945577542298, 1620106.539553400594741 ], [ 500427.784019571437966, 1620109.317752256290987 ], [ 500421.434047755494248, 1620110.507937967777252 ], [ 500391.271544647752307, 1620094.237798070302233 ], [ 500382.93689378752606, 1620106.541052631102502 ], [ 500377.778257605445106, 1620119.241215306101367 ], [ 500364.285651166748721, 1620167.660656095482409 ], [ 500371.430269580392633, 1620188.694469637004659 ], [ 500376.590185912617017, 1620220.047351250657812 ], [ 500370.637664346140809, 1620236.716540986904874 ] ] ] } },
{ "type": "Feature", "properties": { "barangay": "Balong-bato", "district": "DISTRICT 6", "pct_total_population": 12.75, "pct_female_population": 12.75, "pct_male_population": 12.76, "pct_children_0_4": 12.83, "pct_female_children_0_4": 12.69, "pct_male_children_0_4": 12.59, "pct_elderly_60plus": 12.83, "pct_female_elderly_60plus": 12.77, "pct_male_elderly_60plus": 12.93, "pct_childcare_facilities": 0.0, "pct_eldercare_facilities": null, "pct_pwd_facilities": null }, "geometry": { "type": "Polygon", "coordinates": [ [ [ 500132.373886742047034, 1622110.805349929491058 ], [ 500112.773225842101965, 1622157.562966535566375 ], [ 499786.693811399454717, 1621810.476092611905187 ], [ 499786.70859963435214, 1621803.190084843430668 ], [ 499937.797359667601995, 1621652.060542425140738 ], [ 499948.481596234545577, 1621522.185101298149675 ], [ 499960.668492171738762, 1621518.184743143850937 ], [ 499972.980153252836317, 1621471.684338605031371 ], [ 499982.386130046623293, 1621470.559064153814688 ], [ 500004.790456133545376, 1621412.183354397071525 ], [ 500031.165202937321737, 1621402.557578305713832 ], [ 500063.196276073402259, 1621369.556614345870912 ], [ 500097.319744746549986, 1621315.680568578653038 ], [ 500124.59522502485197, 1621296.8537570561748 ], [ 500147.613948348036502, 1621286.534077792894095 ], [ 500175.133946577610914, 1621285.520277095260099 ], [ 500232.178188027464785, 1621291.856625865213573 ], [ 500249.783868084661663, 1621280.236102587310597 ], [ 500270.557609840936493, 1621236.220454654656351 ], [ 500286.403423930576537, 1621263.685021834913641 ], [ 500299.080590143566951, 1621268.966658777324483 ], [ 500314.574240169720724, 1621290.798230517655611 ], [ 500343.342135969374795, 1621320.626424587564543 ], [ 500347.640717910893727, 1621340.503319674404338 ], [ 500344.033380697423127, 1621397.846482190536335 ], [ 500348.171106108056847, 1621422.667386928806081 ], [ 500348.860447407816537, 1621434.388378682080656 ], [ 500359.548089277523104, 1621456.106089968932793 ], [ 500379.395155537640676, 1621492.108549468452111 ], [ 500387.472680261998903, 1621509.883332637837157 ], [ 500375.407998731825501, 1621521.25969466380775 ], [ 500376.787370697362348, 1621534.014667408540845 ], [ 500399.88489484693855, 1621551.251013576518744 ], [ 500396.782803363341372, 1621582.621135277673602 ], [ 500397.128474967612419, 1621605.718148473417386 ], [ 500385.753034537017811, 1621625.368498791009188 ], [ 500405.402815643232316, 1621651.566954159876332 ], [ 500411.419562922150362, 1621677.073804986430332 ], [ 500420.926992009335663, 1621691.510543242562562 ], [ 500434.662543594837189, 1621778.837231973651797 ], [ 500459.61665050406009, 1621816.060544302687049 ], [ 500494.525773217785172, 1621853.485567559022456 ], [ 500507.906236831331626, 1621868.978194333845749 ], [ 500445.333511404576711, 1621949.412093507125974 ], [ 500419.139116027450655, 1621936.712841886794195 ], [ 500309.207696211873554, 1622063.716164076700807 ], [ 500170.406414336757734, 1622162.054296336136758 ], [ 500132.373886742047034, 1622110.805349929491058 ] ] ] } },
{ "type": "Feature", "properties": { "barangay": "Batasan Hills", "district": "DISTRICT 2", "pct_total_population": 17.58, "pct_female_population": 17.58, "pct_male_population": 17.58, "pct_children_0_4": 17.58, "pct_female_children_0_4": 17.58, "pct_male_children_0_4": 17.58, "pct_elderly_60plus": 17.59, "pct_female_elderly_60plus": 17.58, "pct_male_elderly_60plus": 17.59, "pct_childcare_facilities": 0.0, "pct_eldercare_facilities": 0.0, "pct_pwd_facilities": 0.0 }, "geometry": { "type": "Polygon", "coordinates": [ [ [ 510754.755040358752012, 1622574.38514520204626 ], [ 510922.320198283530772, 1622677.255379393696785 ], [ 511100.388619163597468, 1622857.625386310741305 ], [ 511205.078732162888627, 1622961.122448206879199 ], [ 511320.977702984877396, 1623128.161248279269785 ], [ 511525.962157700560056, 1623308.76647326676175 ], [ 511589.684910183597822, 1623366.861679974943399 ], [ 511670.564797428087331, 1623532.234495995100588 ], [ 511696.690982499043457, 1623572.108776901848614 ], [ 511841.58063244249206, 1623899.149895436130464 ], [ 511844.200806837296113, 1623905.062825242988765 ], [ 511921.109853303758428, 1624007.227693092077971 ], [ 511921.609911858045962, 1624009.227680571842939 ], [ 511943.112196723406669, 1624087.105134049896151 ], [ 511924.4803023103741, 1624194.612783604767174 ], [ 511924.444322254799772, 1624195.297785339178517 ], [ 511920.182672454393469, 1624276.317990655079484 ], [ 511878.618796248454601, 1624454.064377229660749 ], [ 511833.132947804057039, 1624667.309913471341133 ], [ 511832.754998795804568, 1624669.079926238395274 ], [ 511849.425590349594131, 1624895.317669342504814 ], [ 511852.255203789449297, 1624950.736642849165946 ], [ 511856.463603738578968, 1625033.173603465082124 ], [ 511855.166602467827033, 1625033.174641163088381 ], [ 510788.638558054284658, 1625034.13663442269899 ], [ 510228.701100865611807, 1625037.777909316355363 ], [ 510228.67543153418228, 1625221.207094566663727 ], [ 510130.863409682235215, 1625327.068043367937207 ], [ 510050.142638416145928, 1625406.553468972677365 ], [ 509870.188950211042538, 1625217.048507636878639 ], [ 509862.524940440314822, 1625044.928557213395834 ], [ 509269.093317971855868, 1625044.042800814379007 ], [ 509264.71634375769645, 1624528.930409872671589 ], [ 509237.461059914203361, 1624348.056019950890914 ], [ 509193.63101956556784, 1624210.544155286625028 ], [ 509119.201536183420103, 1624024.434130938723683 ], [ 509034.338754515221808, 1623828.423399802763015 ], [ 508939.801015433447901, 1623599.8009170119185 ], [ 508888.016203572682571, 1623470.427291688974947 ], [ 508839.388110570551362, 1623365.678599405568093 ], [ 508774.617522954824381, 1623244.470359658356756 ], [ 509391.322130834858399, 1623244.048438522499055 ], [ 509391.854962065815926, 1623238.225417175330222 ], [ 509416.914027926512063, 1622964.342413533246145 ], [ 509418.557507365534548, 1622946.374347701203078 ], [ 509418.644480125803966, 1622945.432344228494912 ], [ 509752.771280125947669, 1622926.990616349037737 ], [ 509774.103271849220619, 1622925.968995431438088 ], [ 510002.177780659170821, 1622866.767308305250481 ], [ 510200.725576344761066, 1622852.86752475425601 ], [ 510226.478550429397728, 1622851.083774605067447 ], [ 510228.374548509018496, 1622850.952719381079078 ], [ 510183.225322497601155, 1622707.09788669552654 ], [ 510241.174184420437086, 1622700.340195968514308 ], [ 510198.072900322556961, 1622588.824336289195344 ], [ 510379.774114823201671, 1622452.281918939435855 ], [ 510460.945643960265443, 1622536.501644881907851 ], [ 510472.874873705266509, 1622440.76320195547305 ], [ 510513.640223682683427, 1622313.753889633808285 ], [ 510579.639957224775571, 1622439.942098651314154 ], [ 510635.997801513934974, 1622501.456522825639695 ], [ 510718.035353132348973, 1622552.011189739685506 ], [ 510754.755040358752012, 1622574.38514520204626 ] ] ] } },
{ "type": "Feature", "properties": { "barangay": "Bayanihan", "district": "DISTRICT 3", "pct_total_population": 0.0, "pct_female_population": 0.0, "pct_male_population": 0.0, "pct_children_0_4": 0.0, "pct_female_children_0_4": 0.0, "pct_male_children_0_4": 0.0, "pct_elderly_60plus": 0.0, "pct_female_elderly_60plus": 0.0, "pct_male_elderly_60plus": 0.0, "pct_childcare_facilities": 0.0, "pct_eldercare_facilities": null, "pct_pwd_facilities": null }, "geometry": { "type": "Polygon", "coordinates": [ [ [ 507406.470401464612223, 1616577.58841186366044 ], [ 507389.962305846391246, 1616540.457854232052341 ], [ 507368.13157697673887, 1616481.720429540146142 ], [ 507364.559581455017906, 1616447.589499022811651 ], [ 507357.41436326620169, 1616405.917664756299928 ], [ 507326.457078434817959, 1616397.187555550597608 ], [ 507235.969422486028634, 1616377.743165421998128 ], [ 507150.639679371204693, 1616355.123622222105041 ], [ 507134.368593756575137, 1616352.743092643795535 ], [ 507113.80763787968317, 1616354.971692353719845 ], [ 507099.307732279645279, 1616358.722117459401488 ], [ 507091.505031791108195, 1616334.884320229291916 ], [ 507094.282319460355211, 1616310.278214790858328 ], [ 507096.663045055873226, 1616300.753136025508866 ], [ 507106.981432614149526, 1616279.321814651833847 ], [ 507111.366700285172556, 1616253.971661730669439 ], [ 507112.647621645941399, 1616251.221621742239222 ], [ 507393.462818063562736, 1616317.088527933694422 ], [ 507481.542429344553966, 1616335.075986568117514 ], [ 507477.970817840716336, 1616348.569103916408494 ], [ 507468.527476243907586, 1616405.961436034413055 ], [ 507467.403128968493547, 1616428.461491328896955 ], [ 507470.560764205933083, 1616450.21142144058831 ], [ 507475.779372505960055, 1616470.961290655424818 ], [ 507481.311806702113245, 1616485.711144725093618 ], [ 507548.318244490539655, 1616636.100348823470995 ], [ 507453.863510498485994, 1616682.934140620287508 ], [ 507406.470401464612223, 1616577.58841186366044 ] ] ] } },
{ "type": "Feature", "properties": { "barangay": "Blue Ridge A", "district": "DISTRICT 3", "pct_total_population": 6.11, "pct_female_population": 6.15, "pct_male_population": 6.19, "pct_children_0_4": 5.93, "pct_female_children_0_4": 7.02, "pct_male_children_0_4": 6.56, "pct_elderly_60plus": 6.29, "pct_female_elderly_60plus": 5.95, "pct_male_elderly_60plus": 6.78, "pct_childcare_facilities": 0.0, "pct_eldercare_facilities": null, "pct_pwd_facilities": null }, "geometry": { "type": "Polygon", "coordinates": [ [ [ 508098.75550967809977, 1617142.348862972809002 ], [ 507975.57351127936272, 1617353.125654377043247 ], [ 507858.333655765396543, 1617327.743035670602694 ], [ 507724.292782725417055, 1617027.053628356661648 ], [ 507548.318244490539655, 1616636.100348823470995 ], [ 507481.311806702113245, 1616485.711144725093618 ], [ 507475.779372505960055, 1616470.961290655424818 ], [ 507470.560764205933083, 1616450.21142144058831 ], [ 507467.403128968493547, 1616428.461491328896955 ], [ 507468.527476243907586, 1616405.961436034413055 ], [ 507477.970817840716336, 1616348.569103916408494 ], [ 507481.542429344553966, 1616335.075986568117514 ], [ 507531.15187943802448, 1616314.436524245189503 ], [ 507723.637260603311006, 1616355.308972019236535 ], [ 507810.953762237797491, 1616472.782552854623646 ], [ 507706.187172583420761, 1616524.936649639392272 ], [ 507896.699601037544198, 1616946.01653700391762 ], [ 508017.310101773065981, 1616890.253976189065725 ], [ 508107.127327588212211, 1617032.560509319650009 ], [ 508098.75550967809977, 1617142.348862972809002 ] ] ] } },
{ "type": "Feature", "properties": { "barangay": "Blue Ridge B", "district": "DISTRICT 3", "pct_total_population": 15.39, "pct_female_population": 15.48, "pct_male_population": 15.48, "pct_children_0_4": 15.85, "pct_female_children_0_4": 15.0, "pct_male_children_0_4": 16.67, "pct_elderly_60plus": 15.31, "pct_female_elderly_60plus": 15.79, "pct_male_elderly_60plus": 15.0, "pct_childcare_facilities": 100.0, "pct_eldercare_facilities": null, "pct_pwd_facilities": 0.0 }, "geometry": { "type": "Polygon", "coordinates": [ [ [ 508259.547696851775981, 1616764.711810922715813 ], [ 508218.555968001950532, 1616775.459012879990041 ], [ 508120.255303407902829, 1616824.811918964609504 ], [ 508017.310101773065981, 1616890.253976189065725 ], [ 507896.699601037544198, 1616946.01653700391762 ], [ 507706.187172583420761, 1616524.936649639392272 ], [ 507810.953762237797491, 1616472.782552854623646 ], [ 507853.906212540343404, 1616521.200353399850428 ], [ 507906.680922348867171, 1616509.390807983465493 ], [ 507971.372010368213523, 1616510.18292895029299 ], [ 508065.432658506208099, 1616529.230214852839708 ], [ 508071.386125731281936, 1616545.105057812295854 ], [ 508088.453980117861647, 1616642.735660007689148 ], [ 508101.948708833137061, 1616667.341292607830837 ], [ 508120.602004303596914, 1616676.865760143380612 ], [ 508172.196159915009048, 1616680.436264490708709 ], [ 508215.630269062297884, 1616682.690004626754671 ], [ 508232.911297288606875, 1616683.064502847613767 ], [ 508357.449348446039949, 1616680.517881398787722 ], [ 508357.635348573094234, 1616680.513875990174711 ], [ 508364.440912151068915, 1616699.671697488520294 ], [ 508259.547696851775981, 1616764.711810922715813 ] ] ] } },
{ "type": "Feature", "properties": { "barangay": "Botocan", "district": "DISTRICT 4", "pct_total_population": 35.77, "pct_female_population": 35.77, "pct_male_population": 35.76, "pct_children_0_4": 35.83, "pct_female_children_0_4": 35.92, "pct_male_children_0_4": 35.88, "pct_elderly_60plus": 35.82, "pct_female_elderly_60plus": 35.77, "pct_male_elderly_60plus": 35.89, "pct_childcare_facilities": 0.0, "pct_eldercare_facilities": null, "pct_pwd_facilities": null }, "geometry": { "type": "Polygon", "coordinates": [ [ [ 506536.674679502670188, 1618819.520941056311131 ], [ 506492.621496922103688, 1618814.760216382332146 ], [ 506489.842490610317327, 1618780.231262421468273 ], [ 506484.285069851321168, 1618765.94440953922458 ], [ 506469.60021312959725, 1618736.972807125886902 ], [ 506500.155864499276504, 1618620.686802293406799 ], [ 506543.813415847718716, 1618638.148551223566756 ], [ 506593.423895862302743, 1618687.359159112442285 ], [ 506683.515528434305452, 1618706.010559940477833 ], [ 506752.176220234890934, 1618727.439586323685944 ], [ 506735.113040271680802, 1618825.071180326864123 ], [ 506649.785196835407987, 1618833.40866821212694 ], [ 506635.89406753599178, 1618829.440067874267697 ], [ 506536.674679502670188, 1618819.520941056311131 ] ] ] } },
{ "type": "Feature", "properties": { "barangay": "Bungad", "district": "DISTRICT 1", "pct_total_population": 19.26, "pct_female_population": 19.27, "pct_male_population": 19.26, "pct_children_0_4": 19.22, "pct_female_children_0_4": 19.16, "pct_male_children_0_4": 19.35, "pct_elderly_60plus": 19.31, "pct_female_elderly_60plus": 19.31, "pct_male_elderly_60plus": 19.32, "pct_childcare_facilities": 0.0, "pct_eldercare_facilities": null, "pct_pwd_facilities": null }, "geometry": { "type": "Polygon", "coordinates": [ [ [ 502850.898500517010689, 1620317.304550100583583 ], [ 502758.029303365678061, 1620313.735245127463713 ], [ 502721.122423088818323, 1620387.95239223819226 ], [ 502646.113466467359103, 1620426.451610589167103 ], [ 502605.236313429835718, 1620457.011829152703285 ], [ 502562.770559120574035, 1620466.93507311376743 ], [ 502505.621931824309286, 1620516.149783262051642 ], [ 502423.865215337311383, 1620494.324137018527836 ], [ 502154.784882653562818, 1620561.007023099809885 ], [ 502020.350550109054893, 1619797.17816118337214 ], [ 502593.444281388423406, 1619974.564686523983255 ], [ 502749.814822417451069, 1620022.185190567979589 ], [ 502811.331380166986492, 1620039.249420157633722 ], [ 502827.603465718391817, 1620041.629949722439051 ], [ 502909.359982712368947, 1620022.180554455611855 ], [ 503103.059789849445224, 1620869.108777770539746 ], [ 502982.821518251730595, 1620898.333301090635359 ], [ 502850.898500517010689, 1620317.304550100583583 ] ] ] } },
{ "type": "Feature", "properties": { "barangay": "Camp Aguinaldo", "district": "DISTRICT 3", "pct_total_population": 6.84, "pct_female_population": 6.82, "pct_male_population": 6.85, "pct_children_0_4": 6.77, "pct_female_children_0_4": 6.61, "pct_male_children_0_4": 6.92, "pct_elderly_60plus": 6.69, "pct_female_elderly_60plus": 6.82, "pct_male_elderly_60plus": 6.5, "pct_childcare_facilities": 0.0, "pct_eldercare_facilities": null, "pct_pwd_facilities": null }, "geometry": { "type": "Polygon", "coordinates": [ [ [ 507462.480046278622467, 1615909.625112751033157 ], [ 507393.462818063562736, 1616317.088527933694422 ], [ 507112.702623370103538, 1616251.276620203629136 ], [ 506622.842370743572246, 1616121.885724633466452 ], [ 505792.100661293487065, 1615919.73866132250987 ], [ 505994.202454502112232, 1615458.292324636364356 ], [ 506026.156910615449306, 1615472.884410766884685 ], [ 506239.481370644294657, 1614999.58273607166484 ], [ 506279.775311259378213, 1614892.91245795879513 ], [ 506313.747728857561015, 1614768.464345664950088 ], [ 506322.71540422772523, 1614688.161004341207445 ], [ 507261.577956968510989, 1614915.590951269259676 ], [ 507390.026725888892543, 1615281.712586845038459 ], [ 507463.066685747704469, 1615897.201083208667114 ], [ 507463.823727852199227, 1615898.623062642058358 ], [ 507462.480046278622467, 1615909.625112751033157 ] ] ] } },
{ "type": "Feature", "properties": { "barangay": "Capri", "district": "DISTRICT 5", "pct_total_population": 84.68, "pct_female_population": 84.68, "pct_male_population": 84.69, "pct_children_0_4": 84.69, "pct_female_children_0_4": 84.66, "pct_male_children_0_4": 84.71, "pct_elderly_60plus": 84.71, "pct_female_elderly_60plus": 84.76, "pct_male_elderly_60plus": 84.65, "pct_childcare_facilities": null, "pct_eldercare_facilities": null, "pct_pwd_facilities": null }, "geometry": { "type": "Polygon", "coordinates": [ [ [ 502694.536296458391007, 1627610.736431691795588 ], [ 502737.8166897262563, 1627588.360151503002271 ], [ 502802.222169658576604, 1627568.233259725151584 ], [ 502844.3159539529006, 1627559.357027599588037 ], [ 502892.909174659755081, 1627530.855586863588542 ], [ 502937.220692382252309, 1627512.729280991712585 ], [ 502963.064409585786052, 1627502.103519317694008 ], [ 502991.063722118851729, 1627477.477680920856073 ], [ 503002.031919397471938, 1627449.477334016468376 ], [ 503020.718371566734277, 1627429.976771388901398 ], [ 503027.501633836887777, 1627404.356548498384655 ], [ 503125.806933258543722, 1627583.309871960431337 ], [ 503129.168620343960356, 1627606.834797945106402 ], [ 503124.968299723579548, 1627630.359943671617657 ], [ 503102.713492305309046, 1627672.167632441036403 ], [ 503042.121504737762734, 1627709.101430331822485 ], [ 503019.110684863466304, 1627750.507140665082261 ], [ 503000.627423142257612, 1627776.552703975234181 ], [ 502971.070019179198425, 1627798.084584538359195 ], [ 502942.409543926594779, 1627782.721401910996065 ], [ 502925.86357013048837, 1627784.198884196346626 ], [ 502920.361635812034365, 1627821.058081169612706 ], [ 502825.702804338186979, 1627795.724806333426386 ], [ 502810.072698098607361, 1627792.608257389161736 ], [ 502790.542803354212083, 1627796.907829223899171 ], [ 502743.266523386526387, 1627720.089125702390447 ], [ 502750.060855815652758, 1627662.4738702934701 ], [ 502695.69559515331639, 1627655.38444293430075 ], [ 502684.536406309402082, 1627614.861726429779083 ], [ 502694.536296458391007, 1627610.736431691795588 ] ] ] } },
{ "type": "Feature", "properties": { "barangay": "Central", "district": "DISTRICT 4", "pct_total_population": 21.94, "pct_female_population": 21.94, "pct_male_population": 21.94, "pct_children_0_4": 21.97, "pct_female_children_0_4": 21.91, "pct_male_children_0_4": 21.89, "pct_elderly_60plus": 21.93, "pct_female_elderly_60plus": 21.93, "pct_male_elderly_60plus": 21.92, "pct_childcare_facilities": 20.0, "pct_eldercare_facilities": null, "pct_pwd_facilities": null }, "geometry": { "type": "Polygon", "coordinates": [ [ [ 505379.698853208974469, 1620138.063277081819251 ], [ 505401.238569696899503, 1620159.089274329133332 ], [ 505422.776706554810517, 1620187.860141048207879 ], [ 505444.31390719814226, 1620221.056656286818907 ], [ 505455.0778269902803, 1620260.889472678070888 ], [ 505465.840155098820105, 1620308.467145919334143 ], [ 505455.053867743001319, 1620380.381457117153332 ], [ 505455.045437166816555, 1620422.424935743678361 ], [ 505444.266314928885549, 1620458.93422112101689 ], [ 505422.710591181879863, 1620519.782327150925994 ], [ 505401.159363264741842, 1620558.502305363770574 ], [ 505368.835592097078916, 1620601.645808903267607 ], [ 505325.741296774009243, 1620639.25521309976466 ], [ 505282.647134379483759, 1620676.864694079151377 ], [ 505228.782263892935589, 1620710.046558664413169 ], [ 505185.692150737042539, 1620727.740875627612695 ], [ 505142.604177713976242, 1620734.37119297333993 ], [ 505099.516228368913289, 1620741.001586391357705 ], [ 505056.431360169081017, 1620731.035942400805652 ], [ 505024.117939024872612, 1620722.17875003372319 ], [ 504981.034610444738064, 1620703.36197933438234 ], [ 504959.494815862679388, 1620683.442751361057162 ], [ 504927.184266216645483, 1620657.989575746236369 ], [ 504905.64655436592875, 1620625.899914285400882 ], [ 504884.107413813413586, 1620601.55512475897558 ], [ 504873.339782448310871, 1620578.318663261132315 ], [ 504873.346038485411555, 1620542.913626820780337 ], [ 504862.579150844248943, 1620515.251541833160445 ], [ 504862.582270927552599, 1620497.549024374922737 ], [ 504862.586950979311951, 1620470.995248642517254 ], [ 504862.593580905231647, 1620433.377400618977845 ], [ 504873.371061080833897, 1620401.293490733252838 ], [ 504873.376534439565148, 1620370.314088026527315 ], [ 504884.153272548806854, 1620342.655813144985586 ], [ 504894.929052779625636, 1620320.52957946062088 ], [ 504905.70524635881884, 1620296.190536518348381 ], [ 504927.253343972202856, 1620271.85342314071022 ], [ 504927.255916704772972, 1620257.47013028152287 ], [ 504248.690939595166128, 1619833.60434813471511 ], [ 504248.691942068922799, 1619826.965907996287569 ], [ 504259.46536072838353, 1619818.116283607436344 ], [ 504281.014918121509254, 1619782.714542648522183 ], [ 504313.336481279693544, 1619748.420880910940468 ], [ 504345.658992531942204, 1619708.595229639671743 ], [ 504377.982819612312596, 1619661.024776161648333 ], [ 504421.079469667398371, 1619610.136847475310788 ], [ 504442.627510359801818, 1619586.905725236749277 ], [ 504496.496454432723112, 1619537.126052662031725 ], [ 504582.685400296351872, 1619468.542890645796433 ], [ 504679.648030579730403, 1619394.429817296564579 ], [ 504733.514103211346082, 1619366.77879938413389 ], [ 504798.15508709626738, 1619324.746484446804971 ], [ 504841.249135550868232, 1619297.093838723143563 ], [ 504884.342106883006636, 1619276.0797071068082 ], [ 504905.8895059726201, 1619260.593841576715931 ], [ 504895.122280819807202, 1619231.825364935444668 ], [ 505013.6232819869183, 1619203.080113006290048 ], [ 505099.805612214782741, 1619184.287066425196826 ], [ 505164.441874236857984, 1619173.235098180128261 ], [ 505229.077349658648018, 1619166.608925923705101 ], [ 505326.027824134100229, 1619171.053269545780495 ], [ 505412.204139766632579, 1619184.347106878180057 ], [ 505401.418403204006609, 1619251.835755190113559 ], [ 505476.820952463662252, 1619270.65972208767198 ], [ 505562.995250166160986, 1619291.698938895948231 ], [ 505616.854082717327401, 1619304.9869050886482 ], [ 505627.630982996954117, 1619282.861008957726881 ], [ 505659.952331572363619, 1619261.846012163674459 ], [ 505746.127444442012347, 1619278.46024994389154 ], [ 505724.564088364539202, 1619366.968202092684805 ], [ 505821.509871253743768, 1619389.117021134821698 ], [ 505799.947524463641457, 1619472.09288191748783 ], [ 505778.393596176290885, 1619516.34453408094123 ], [ 505767.609820546989795, 1619570.556160776875913 ], [ 505735.279174755793065, 1619636.933693709317595 ], [ 505702.945908452675212, 1619716.58815357950516 ], [ 505670.618640521133784, 1619768.582489539170638 ], [ 505552.083861955034081, 1619972.13684947299771 ], [ 505476.690889892284758, 1619916.801203437382355 ], [ 505347.387581917690113, 1620114.822370749199763 ], [ 505379.698853208974469, 1620138.063277081819251 ] ] ] } },
{ "type": "Feature", "properties": { "barangay": "Claro (Quirino 3-B)", "district": "DISTRICT 3", "pct_total_population": 60.04, "pct_female_population": 60.05, "pct_male_population": 60.04, "pct_children_0_4": 60.27, "pct_female_children_0_4": 59.72, "pct_male_children_0_4": 59.74, "pct_elderly_60plus": 60.06, "pct_female_elderly_60plus": 60.1, "pct_male_elderly_60plus": 60.0, "pct_childcare_facilities": 0.0, "pct_eldercare_facilities": null, "pct_pwd_facilities": null }, "geometry": { "type": "Polygon", "coordinates": [ [ [ 506798.024297599040437, 1618453.232978311600164 ], [ 506788.541902172961272, 1618439.954240498598665 ], [ 506782.984662494214717, 1618397.488359285751358 ], [ 506771.474912792618852, 1618372.088668192969635 ], [ 506759.96446295932401, 1618357.007987500634044 ], [ 506725.038585986185353, 1618328.036973262904212 ], [ 506719.879419329285156, 1618322.481117598945275 ], [ 506715.910150075156707, 1618313.353223758982494 ], [ 506731.386804569861852, 1618266.520726941293105 ], [ 506732.180574746918865, 1618258.583695895737037 ], [ 506731.783366731833667, 1618251.439700248418376 ], [ 506726.226519224641379, 1618222.467832585796714 ], [ 506725.035252717148978, 1618213.339858020888641 ], [ 506723.843559540924616, 1618189.526868705870584 ], [ 506714.317858020425774, 1618165.7151215642225 ], [ 506700.427313436579425, 1618147.459506845800206 ], [ 506679.391773297684267, 1618129.600100147537887 ], [ 506660.341085206891876, 1618106.581630587112159 ], [ 506649.625624708191026, 1618091.103926396928728 ], [ 506635.336929872340988, 1618067.688318054191768 ], [ 506627.796103327942546, 1618039.510508847888559 ], [ 506616.285388246527873, 1618015.301818984095007 ], [ 506585.041486879170407, 1617985.363696781452745 ], [ 506562.70586973731406, 1617964.900325246620923 ], [ 506591.677333684579935, 1617945.452463818481192 ], [ 506660.337809758377261, 1617993.869517347309738 ], [ 506678.595081813284196, 1618002.599995598895475 ], [ 506690.104081846191548, 1618002.20266076317057 ], [ 506779.40083705203142, 1617990.691054365132004 ], [ 506788.131961162784137, 1617994.658804645529017 ], [ 506836.346771186450496, 1617986.456395349465311 ], [ 506863.336943606613204, 1618060.274685282027349 ], [ 506918.904439814912621, 1618213.071224219165742 ], [ 506948.273518839327153, 1618249.185407115379348 ], [ 506966.530917826923542, 1618262.281889758538455 ], [ 507031.619171114347409, 1618303.15803948789835 ], [ 506968.659437353722751, 1618383.3169496122282 ], [ 506959.531797266914509, 1618396.017227615928277 ], [ 506942.864403279440012, 1618417.44873350020498 ], [ 506933.338439895655029, 1618419.036011897725984 ], [ 506926.195536461716983, 1618422.608223059214652 ], [ 506909.617893839313183, 1618435.479717720299959 ], [ 506891.399148008902557, 1618444.85525655024685 ], [ 506887.055198184447363, 1618446.730384673690423 ], [ 506849.649469369382132, 1618457.356482312548906 ], [ 506841.055489794642199, 1618458.356733041582629 ], [ 506811.699379465659149, 1618455.577583291567862 ], [ 506798.024297599040437, 1618453.232978311600164 ] ] ] } },
{ "type": "Feature", "properties": { "barangay": "Commonwealth", "district": "DISTRICT 2", "pct_total_population": 8.38, "pct_female_population": 8.38, "pct_male_population": 8.38, "pct_children_0_4": 8.38, "pct_female_children_0_4": 8.38, "pct_male_children_0_4": 8.37, "pct_elderly_60plus": 8.38, "pct_female_elderly_60plus": 8.38, "pct_male_elderly_60plus": 8.38, "pct_childcare_facilities": 5.13, "pct_eldercare_facilities": null, "pct_pwd_facilities": null }, "geometry": { "type": "Polygon", "coordinates": [ [ [ 509963.583807333721779, 1626344.426927696447819 ], [ 509961.600866430613678, 1626380.940022048540413 ], [ 509961.998028279747814, 1626386.496016102144495 ], [ 509964.776999895926565, 1626419.833968883380294 ], [ 509951.680828728072811, 1626448.806378583889455 ], [ 509928.203366550907958, 1626468.124080248409882 ], [ 509905.643347670207731, 1626468.253735951147974 ], [ 509863.972124676103704, 1626496.433975224150345 ], [ 509930.252632987452671, 1626546.041099077323452 ], [ 509884.612948069989216, 1626592.873472440289333 ], [ 509813.574690946668852, 1626689.713634160580114 ], [ 509634.988492900913116, 1626964.357099985936657 ], [ 509634.988654434739146, 1626969.914105563191697 ], [ 509535.637973808276001, 1627121.982145586051047 ], [ 508815.390149668150116, 1626877.677829494932666 ], [ 508808.450541266065557, 1626856.986010337714106 ], [ 508597.389386280905455, 1626239.574522432638332 ], [ 508226.843161966477055, 1626244.679295241367072 ], [ 508182.274914460722357, 1626203.296548713929951 ], [ 508126.882656183617655, 1626161.914116724627092 ], [ 508048.571003837161697, 1626142.17937252111733 ], [ 507974.078429440560285, 1626124.991519900038838 ], [ 507909.773180704389233, 1626084.245347546879202 ], [ 507853.744089039391838, 1626014.212905233260244 ], [ 507799.624869065941311, 1625974.103437527548522 ], [ 507747.461094222788233, 1625914.837893727235496 ], [ 507706.029926505405456, 1625841.678024070803076 ], [ 507691.384042980265804, 1625777.373384972568601 ], [ 507688.836375109909568, 1625720.072401363635436 ], [ 507679.920201346336398, 1625645.581585516221821 ], [ 507413.771615568664856, 1625049.659720001276582 ], [ 509269.093317971855868, 1625044.042800814379007 ], [ 509862.524940440314822, 1625044.928557213395834 ], [ 509870.188950211042538, 1625217.048507636878639 ], [ 510050.142638416145928, 1625406.553468972677365 ], [ 509691.774514801800251, 1625758.800237111980096 ], [ 509757.589360778045375, 1625785.63135159178637 ], [ 509847.68037404603092, 1625817.378765564644709 ], [ 509877.446992170007434, 1625837.618920938344672 ], [ 509998.100273655669298, 1625946.359524259110913 ], [ 509952.858577578736003, 1625992.794885653303936 ], [ 509894.915568971657194, 1626028.91260574082844 ], [ 509917.142898109916132, 1626108.287039680173621 ], [ 509944.529070904536638, 1626182.105318128829822 ], [ 509906.033266252023168, 1626224.572479493683204 ], [ 509929.449578162515536, 1626234.493809020845219 ], [ 509974.298457151744515, 1626297.59556922595948 ], [ 509963.583807333721779, 1626344.426927696447819 ] ] ] } },
{ "type": "Feature", "properties": { "barangay": "Culiat", "district": "DISTRICT 6", "pct_total_population": 32.72, "pct_female_population": 32.72, "pct_male_population": 32.72, "pct_children_0_4": 32.71, "pct_female_children_0_4": 32.74, "pct_male_children_0_4": 32.73, "pct_elderly_60plus": 32.72, "pct_female_elderly_60plus": 32.73, "pct_male_elderly_60plus": 32.74, "pct_childcare_facilities": 37.5, "pct_eldercare_facilities": null, "pct_pwd_facilities": null }, "geometry": { "type": "Polygon", "coordinates": [ [ [ 507237.591165981721133, 1622631.572407257044688 ], [ 505755.932562019443139, 1622868.517700569471344 ], [ 505643.30787029012572, 1622883.020987877855077 ], [ 505566.588622488547117, 1622877.148211316904053 ], [ 505413.30728314910084, 1622870.777659050421789 ], [ 505280.619376064452808, 1622844.156487988773733 ], [ 505157.527437527664006, 1622816.119036661693826 ], [ 505225.788568473537453, 1622749.440986013272777 ], [ 505192.450315802823752, 1622741.901947190752253 ], [ 505177.368989313778002, 1622731.186374655226246 ], [ 505152.761687704711221, 1622721.662080127978697 ], [ 505118.630722678441089, 1622724.044074318837374 ], [ 505080.133903097535949, 1622731.586200570687652 ], [ 505069.814927346538752, 1622732.777501622913405 ], [ 505058.30595040024491, 1622733.967837252421305 ], [ 505035.683869921776932, 1622731.984492619521916 ], [ 505009.092612621549051, 1622724.047257340978831 ], [ 504972.976607444230467, 1622690.71127329277806 ], [ 504911.460095894697588, 1622675.235045303124934 ], [ 504835.657031254435424, 1622675.634248425718397 ], [ 504810.256705855077598, 1622665.315976138692349 ], [ 504794.380951769824605, 1622639.916411918355152 ], [ 504770.964616780460346, 1622629.201081581646577 ], [ 504722.941830388037488, 1622603.802451509516686 ], [ 504664.202283498481847, 1622552.607106890529394 ], [ 504656.661249465832952, 1622517.285290491301566 ], [ 504676.503781630541198, 1622466.087662396021187 ], [ 504694.759050273860339, 1622440.290105969412252 ], [ 504694.361588488216512, 1622424.415101553313434 ], [ 504682.455011346261017, 1622404.968427975196391 ], [ 504663.800681254419032, 1622394.253959274617955 ], [ 504636.019584143767133, 1622391.872764154104516 ], [ 504611.809925466659479, 1622370.045445691561326 ], [ 504582.043249684735201, 1622347.821288312785327 ], [ 504566.565095732919872, 1622343.059733288362622 ], [ 504522.909997624577954, 1622375.604034582152963 ], [ 504520.758385691151489, 1622285.803006774513051 ], [ 504515.380604983482044, 1622190.303066971944645 ], [ 504513.785157678532414, 1622140.553063299041241 ], [ 504512.06513150659157, 1622105.303077811840922 ], [ 504514.346287394932006, 1622076.177982236258686 ], [ 504521.926054788404144, 1622033.502719042589888 ], [ 504536.211050831538159, 1621964.048234081594273 ], [ 504545.338929734250996, 1621925.154929721029475 ], [ 504568.754010876757093, 1621927.13825130648911 ], [ 504589.39178942196304, 1621918.803643218940124 ], [ 504607.647807790141087, 1621918.803112727822736 ], [ 504615.981643150851596, 1621912.848864565603435 ], [ 504632.65003708191216, 1621891.417358651058748 ], [ 504648.921822724805679, 1621883.479877831414342 ], [ 504667.971807306574192, 1621882.288323078304529 ], [ 504680.274681215174496, 1621877.524960783077404 ], [ 504687.815469717490487, 1621869.984734069555998 ], [ 504691.386043138278183, 1621820.771580818342045 ], [ 504713.610061959014274, 1621786.242900289827958 ], [ 504717.975132186489645, 1621754.09574111062102 ], [ 504722.736271963047329, 1621724.329572817543522 ], [ 504729.085909193381667, 1621711.629375526681542 ], [ 504736.229824169888161, 1621708.454164738534018 ], [ 504748.532340551435482, 1621691.388790090801194 ], [ 504750.515765877848025, 1621671.544712488772348 ], [ 504734.242757653119043, 1621637.414151030126959 ], [ 504721.146340805629734, 1621623.523517616093159 ], [ 504763.17623482021736, 1621618.420291156508029 ], [ 504789.050316339940764, 1621585.919506607344374 ], [ 505602.019606387650128, 1621567.770864686928689 ], [ 505624.334459652425721, 1621630.770279613090679 ], [ 505641.928080242592841, 1621651.519789242651314 ], [ 505738.680869310919661, 1621744.142070905538276 ], [ 505745.373931621201336, 1621814.87694756896235 ], [ 505647.458292930270545, 1621830.696808759821579 ], [ 505690.394538666761946, 1621975.30970655544661 ], [ 505774.128538616525475, 1622075.641374286264181 ], [ 505818.939304972998798, 1622031.640027895336971 ], [ 505830.814236985170282, 1622028.88968006032519 ], [ 505854.408351429388858, 1622032.013997587608173 ], [ 505865.891772482951637, 1622046.104678074130788 ], [ 505871.918347688915674, 1622065.687522637890652 ], [ 505886.628513528732583, 1622070.888100420124829 ], [ 505897.527045071474276, 1622054.388767125783488 ], [ 505910.330576402018778, 1622037.818378408439457 ], [ 505937.50168301910162, 1622006.136556984623894 ], [ 505966.065706165798474, 1621971.535692148609087 ], [ 506061.724713480973151, 1622071.708013194380328 ], [ 506048.170420853595715, 1622199.751535857096314 ], [ 506137.131918346276507, 1622179.380930273793638 ], [ 506119.720246343349572, 1622053.629309740848839 ], [ 506314.796319168177433, 1621980.563567614415661 ], [ 506506.861752956581768, 1621988.842994794482365 ], [ 506503.098572810238693, 1622086.006201878422871 ], [ 506537.473236445744988, 1622073.244190159020945 ], [ 506564.861087587720249, 1622067.174388204002753 ], [ 506598.000726889295038, 1622053.615411570761353 ], [ 506627.375252949364949, 1622036.291540566133335 ], [ 506662.283592828491237, 1622012.365502116270363 ], [ 506680.221182094130199, 1621997.614966037217528 ], [ 506702.693774595216382, 1621982.812298118835315 ], [ 506721.751548237516545, 1621974.36373583227396 ], [ 506745.563321454625111, 1621965.738035221351311 ], [ 506801.657646630425006, 1621974.98641449958086 ], [ 506837.126773040741682, 1621978.110386952990666 ], [ 506881.626578086288646, 1621969.859085556818172 ], [ 506920.157282592961565, 1621958.357954334001988 ], [ 506982.531585949996952, 1621932.231115550734103 ], [ 507021.187116236716975, 1621914.729974668705836 ], [ 507071.686411362723447, 1621888.728481079917401 ], [ 507128.217447447415907, 1621853.601803035940975 ], [ 507161.059543227951508, 1621821.350816246587783 ], [ 507172.966300869185943, 1621812.600461457390338 ], [ 507196.746983330114745, 1621800.849758599651977 ], [ 507228.41967734816717, 1621789.224826541962102 ], [ 507250.263158877205569, 1621805.04120770492591 ], [ 507452.845211071020458, 1621937.467454134253785 ], [ 507283.261717042711098, 1622304.847751509165391 ], [ 507269.856375567906071, 1622327.973164315801114 ], [ 507263.325139162247069, 1622354.473380757495761 ], [ 507246.80213244544575, 1622630.09913811320439 ], [ 507237.591165981721133, 1622631.572407257044688 ] ] ] } },
{ "type": "Feature", "properties": { "barangay": "Damar", "district": "DISTRICT 1", "pct_total_population": 23.14, "pct_female_population": 23.18, "pct_male_population": 23.05, "pct_children_0_4": 23.29, "pct_female_children_0_4": 22.86, "pct_male_children_0_4": 23.68, "pct_elderly_60plus": 23.26, "pct_female_elderly_60plus": 23.53, "pct_male_elderly_60plus": 22.22, "pct_childcare_facilities": null, "pct_eldercare_facilities": null, "pct_pwd_facilities": null }, "geometry": { "type": "Polygon", "coordinates": [ [ [ 500032.870027966680937, 1620192.097310987301171 ], [ 499936.794875549850985, 1620190.17410082067363 ], [ 499931.846831290342379, 1620188.824243244016543 ], [ 499934.324178910232149, 1620131.879113967530429 ], [ 499916.673796238726936, 1620119.319614218780771 ], [ 499898.327078706061002, 1620129.674157761503011 ], [ 499864.903620421420783, 1620149.475148895988241 ], [ 499810.051296002173331, 1620140.206733476370573 ], [ 499780.285000831063371, 1620131.079589244909585 ], [ 499787.825558560725767, 1620115.601354566868395 ], [ 499800.525455992727075, 1620111.631981536513194 ], [ 499811.239820912247524, 1620089.406647841911763 ], [ 499821.161634765507188, 1620082.659352737246081 ], [ 499821.161196544184349, 1620067.578337581595406 ], [ 499833.464231906982604, 1620068.370980877662078 ], [ 499833.463655292929616, 1620048.527960933744907 ], [ 499844.576562594680581, 1620044.955634417477995 ], [ 499837.829048429848626, 1620027.492812918266281 ], [ 499833.859975230065174, 1620025.111925862496719 ], [ 499846.22938781225821, 1620004.47254565730691 ], [ 499841.999029253842309, 1619992.279656322440132 ], [ 499843.491951223870274, 1619989.541610186221078 ], [ 499822.701265156152658, 1619966.655191298341379 ], [ 499786.753079012443777, 1619927.083196071675047 ], [ 499780.034274757490493, 1619934.050398324383423 ], [ 499764.404068133735564, 1619927.481845897156745 ], [ 499737.019409756292589, 1619940.182654415024444 ], [ 499619.774597139155958, 1619847.456968042999506 ], [ 499638.396536652522627, 1619810.318389569176361 ], [ 499633.238478585495614, 1619808.500537622487172 ], [ 499633.081163079710677, 1619694.413427419960499 ], [ 499741.775678970268928, 1619708.407283047912642 ], [ 499816.388973169028759, 1619715.946122508961707 ], [ 499908.782705367601011, 1619737.945459850830957 ], [ 499920.133543665113393, 1619663.168054794427007 ], [ 499920.289514048898127, 1619662.142049238318577 ], [ 499925.236558223026805, 1619663.490906844846904 ], [ 500012.94687701825751, 1619671.426366129890084 ], [ 500131.216676352429204, 1619694.838952988851815 ], [ 500252.485779465758242, 1619728.601463100174442 ], [ 500200.581775833852589, 1619833.505076869390905 ], [ 500232.434198346396443, 1619846.941164805088192 ], [ 500224.720523175143171, 1619858.388400468742475 ], [ 500194.859404354123399, 1619889.744299720507115 ], [ 500195.607121079228818, 1619914.380302778445184 ], [ 500199.339602106891107, 1619930.804210839793086 ], [ 500219.496983943507075, 1619943.245637617772445 ], [ 500210.787438048282638, 1619959.171906729694456 ], [ 500185.156737698242068, 1619970.370662770001218 ], [ 500162.014880723610986, 1619976.094340987037867 ], [ 500157.286085700616241, 1619983.31148565444164 ], [ 500160.522291465604212, 1619990.279398628044873 ], [ 500151.315533225832041, 1620033.329709465848282 ], [ 500133.647703502851073, 1620039.800229373155162 ], [ 500110.753839644719847, 1620045.275900128530338 ], [ 500122.700522167142481, 1620102.758610809920356 ], [ 500144.848853346542455, 1620147.799012532923371 ], [ 500107.771025781577919, 1620155.017097208416089 ], [ 500098.81392791995313, 1620186.371389029547572 ], [ 500080.896837662323378, 1620183.883907160721719 ], [ 500084.628568653424736, 1620140.086754664313048 ], [ 500066.711391495889984, 1620134.612269793404266 ], [ 500051.532251320953947, 1620164.723741163732484 ], [ 500032.870027966680937, 1620192.097310987301171 ] ] ] } },
{ "type": "Feature", "properties": { "barangay": "Damayan", "district": "DISTRICT 1", "pct_total_population": 33.41, "pct_female_population": 33.41, "pct_male_population": 33.42, "pct_children_0_4": 33.55, "pct_female_children_0_4": 33.33, "pct_male_children_0_4": 33.33, "pct_elderly_60plus": 33.33, "pct_female_elderly_60plus": 33.33, "pct_male_elderly_60plus": 33.33, "pct_childcare_facilities": 0.0, "pct_eldercare_facilities": null, "pct_pwd_facilities": null }, "geometry": { "type": "Polygon", "coordinates": [ [ [ 501419.046638671366964, 1618547.829377292189747 ], [ 501441.671129563415889, 1618632.75980529258959 ], [ 501527.00478600198403, 1618824.448518469696864 ], [ 501621.468258802720811, 1619043.917994296876714 ], [ 501644.090515631251037, 1619086.383379644481465 ], [ 501627.028312667796854, 1619183.221972845727578 ], [ 501221.419301965099294, 1619128.06770361890085 ], [ 501223.402554340253118, 1619102.27062003640458 ], [ 501211.098815375356935, 1619077.267952406778932 ], [ 501198.398398946272209, 1619063.377307493705302 ], [ 501181.33207042660797, 1619052.662792626768351 ], [ 501170.616632838733494, 1619037.97808923269622 ], [ 501167.044133327552117, 1619020.913175871130079 ], [ 501165.850320919009391, 1618992.998182478826493 ], [ 501160.340374833787791, 1618960.632310040527955 ], [ 501154.830428766377736, 1618928.266437584999949 ], [ 501129.337485484953504, 1618896.691146598663181 ], [ 501098.776497512008063, 1618863.752001513028517 ], [ 501093.616604302253108, 1618833.192120717838407 ], [ 501121.396305839181878, 1618787.551267574774101 ], [ 501155.129817274515517, 1618735.162234647665173 ], [ 501177.775484732468612, 1618688.521529695251957 ], [ 501222.056125926901586, 1618674.645229022484273 ], [ 501282.524673239735421, 1618656.973454150138423 ], [ 501328.16409624600783, 1618635.541106399148703 ], [ 501353.563210610416718, 1618604.187336803646758 ], [ 501379.755380075774156, 1618540.289511442417279 ], [ 501419.046638671366964, 1618547.829377292189747 ] ] ] } },
{ "type": "Feature", "properties": { "barangay": "Damayang Lagi", "district": "DISTRICT 4", "pct_total_population": 51.9, "pct_female_population": 51.9, "pct_male_population": 51.91, "pct_children_0_4": 51.89, "pct_female_children_0_4": 51.88, "pct_male_children_0_4": 51.89, "pct_elderly_60plus": 51.9, "pct_female_elderly_60plus": 51.88, "pct_male_elderly_60plus": 51.93, "pct_childcare_facilities": 0.0, "pct_eldercare_facilities": null, "pct_pwd_facilities": null }, "geometry": { "type": "Polygon", "coordinates": [ [ [ 501611.732359466608614, 1616845.41206594184041 ], [ 501620.583601758233272, 1616819.032782212598249 ], [ 501649.932900133018848, 1616793.874904081923887 ], [ 501690.812453857506625, 1616777.102699331473559 ], [ 501757.898795373679604, 1616786.534759421367198 ], [ 501834.418176838429645, 1616797.01454645418562 ], [ 501901.5046402271837, 1616810.63961074850522 ], [ 501933.998276847123634, 1616797.011652840534225 ], [ 501951.817776910902467, 1616779.191117120208219 ], [ 501982.214010244933888, 1616717.346171671524644 ], [ 502012.609603835036978, 1616633.488204095046967 ], [ 502041.958079773758072, 1616580.028297526063398 ], [ 502070.256336206337437, 1616484.640379301970825 ], [ 502077.593094715266488, 1616441.663122888188809 ], [ 502076.543753283913247, 1616395.542106999782845 ], [ 502072.349073706718627, 1616337.891170901246369 ], [ 502046.016032703744713, 1616199.743797162780538 ], [ 502004.207024386909325, 1616063.260874794796109 ], [ 501996.868280749069527, 1616003.513027957640588 ], [ 502011.540467794693541, 1615940.620538364397362 ], [ 502044.033642261114437, 1615876.678529866272584 ], [ 502170.250976311333943, 1615746.163730985252187 ], [ 502170.628600098309107, 1615767.614741593366489 ], [ 502176.067121418542229, 1615785.364601400913671 ], [ 502176.31715797947254, 1615786.614595397608355 ], [ 502186.192781777819619, 1615807.739329671720043 ], [ 502217.83833999815397, 1615860.266462937463075 ], [ 502268.418475960555952, 1615932.015065338695422 ], [ 502344.670920424396172, 1616047.906966139795259 ], [ 502357.294985177519266, 1616084.109635709784925 ], [ 502362.053950947127305, 1616151.588565282290801 ], [ 502366.3078824794502, 1616183.494473763275892 ], [ 502370.673841875744984, 1616216.359379944158718 ], [ 502378.079394065542147, 1616235.102183605544269 ], [ 502395.072707407816779, 1616245.298700065817684 ], [ 502415.46585491328733, 1616249.668111879378557 ], [ 502437.315890944795683, 1616250.152477448340505 ], [ 502480.043552898743656, 1616237.041222677798942 ], [ 502514.486197007645387, 1616223.605208329623565 ], [ 502549.985524385294411, 1616199.229152266867459 ], [ 502565.011761575355195, 1616172.461688715033233 ], [ 502569.380679466004949, 1616135.074524167692289 ], [ 502584.431706887378823, 1616101.086052633123472 ], [ 502618.607367555669043, 1616088.227046623593196 ], [ 502660.326133446302265, 1616078.725824800087139 ], [ 502671.295129905221984, 1616078.225505564361811 ], [ 502743.690147276734933, 1616076.318399978335947 ], [ 502793.328309176198673, 1616080.172961474163458 ], [ 502834.487464221310802, 1616084.084769395412877 ], [ 502871.388388355786446, 1616080.198693216778338 ], [ 502899.064133943640627, 1616070.486879251431674 ], [ 502928.196739933919162, 1616055.920018060132861 ], [ 502940.56664228043519, 1616052.132654807763174 ], [ 502951.988552237045951, 1616048.636319395154715 ], [ 502979.663819836452603, 1616056.889523505466059 ], [ 502990.370182388229296, 1616068.994224567897618 ], [ 503000.388533092860598, 1616080.715945242438465 ], [ 503007.342103432281874, 1616100.102762680733576 ], [ 503006.765119709772989, 1616135.090814630733803 ], [ 503025.359817622869741, 1616158.465297811897472 ], [ 502998.174058085598517, 1616202.091131643392146 ], [ 502454.705945135676302, 1617111.691838557133451 ], [ 501611.732359466608614, 1616845.41206594184041 ] ] ] } },
{ "type": "Feature", "properties": { "barangay": "Del Monte", "district": "DISTRICT 1", "pct_total_population": 37.72, "pct_female_population": 37.72, "pct_male_population": 37.71, "pct_children_0_4": 37.66, "pct_female_children_0_4": 37.63, "pct_male_children_0_4": 37.68, "pct_elderly_60plus": 37.73, "pct_female_elderly_60plus": 37.7, "pct_male_elderly_60plus": 37.76, "pct_childcare_facilities": 100.0, "pct_eldercare_facilities": null, "pct_pwd_facilities": null }, "geometry": { "type": "Polygon", "coordinates": [ [ [ 501120.805581374268513, 1619726.14922888437286 ], [ 501099.491720874560997, 1619697.274819174548611 ], [ 501070.837417257542256, 1619653.40760769508779 ], [ 501050.866016916930676, 1619640.324174866313115 ], [ 501025.068998670438305, 1619640.588924744166434 ], [ 500995.085640707693528, 1619629.307784653268754 ], [ 500976.492241782601923, 1619616.223311786074191 ], [ 500960.773803836025763, 1619601.697753914399073 ], [ 500957.995074422971811, 1619576.693809516495094 ], [ 500969.89999075315427, 1619538.990425653522834 ], [ 501005.955268788384274, 1619512.902351706055924 ], [ 501041.220304433431011, 1619478.494292359333485 ], [ 501053.241364111774601, 1619445.721910084132105 ], [ 501057.606157496455126, 1619404.04974133358337 ], [ 501063.954975939297583, 1619363.171515729743987 ], [ 501068.716873443510849, 1619325.07133903237991 ], [ 501081.018755529948976, 1619286.176942439284176 ], [ 501096.496217538777273, 1619267.12647352530621 ], [ 501108.004963785875589, 1619257.998129923595116 ], [ 501178.250269721029326, 1619197.274027642328292 ], [ 501203.252487603749614, 1619169.492273173760623 ], [ 501212.776885852916166, 1619148.456975256092846 ], [ 501221.419301965099294, 1619128.06770361890085 ], [ 501627.028312667796854, 1619183.221972845727578 ], [ 501823.879283156013116, 1619209.806279465556145 ], [ 502020.350550109054893, 1619797.17816118337214 ], [ 501712.920452505408321, 1619701.223998031113297 ], [ 501739.761563346895855, 1619876.164394044317305 ], [ 501651.654693898861296, 1619883.706961866235361 ], [ 501555.610943492560182, 1619895.616764705860987 ], [ 501455.200089522986673, 1619835.294621776556596 ], [ 501377.975108469545376, 1619804.210834535770118 ], [ 501285.276381316303741, 1619782.394506243756041 ], [ 501189.056703423615545, 1619762.397282090270892 ], [ 501146.368631479388569, 1619761.398521522060037 ], [ 501120.805581374268513, 1619726.14922888437286 ] ] ] } },
{ "type": "Feature", "properties": { "barangay": "Dioquino Zobel", "district": "DISTRICT 3", "pct_total_population": 0.0, "pct_female_population": 0.0, "pct_male_population": 0.0, "pct_children_0_4": 0.0, "pct_female_children_0_4": 0.0, "pct_male_children_0_4": 0.0, "pct_elderly_60plus": 0.0, "pct_female_elderly_60plus": 0.0, "pct_male_elderly_60plus": 0.0, "pct_childcare_facilities": 0.0, "pct_eldercare_facilities": null, "pct_pwd_facilities": null }, "geometry": { "type": "Polygon", "coordinates": [ [ [ 506761.463711111980956, 1616782.606360846897587 ], [ 506857.13301694765687, 1616824.22962270444259 ], [ 506933.322034208802506, 1616856.602441331837326 ], [ 506960.834395416255575, 1616868.078653402393684 ], [ 506980.678599883627612, 1616874.428083142265677 ], [ 506915.595090226444881, 1617031.196131987497211 ], [ 506884.106031232746318, 1617030.253046066965908 ], [ 506821.001241277670488, 1617005.251854646252468 ], [ 506769.803520845482126, 1616982.234319224953651 ], [ 506692.015485493233427, 1616949.296546504832804 ], [ 506761.463711111980956, 1616782.606360846897587 ] ] ] } },
{ "type": "Feature", "properties": { "barangay": "Don Manuel", "district": "DISTRICT 4", "pct_total_population": 27.77, "pct_female_population": 27.79, "pct_male_population": 27.75, "pct_children_0_4": 27.82, "pct_female_children_0_4": 28.12, "pct_male_children_0_4": 27.54, "pct_elderly_60plus": 27.85, "pct_female_elderly_60plus": 27.96, "pct_male_elderly_60plus": 27.69, "pct_childcare_facilities": 33.33, "pct_eldercare_facilities": null, "pct_pwd_facilities": null }, "geometry": { "type": "Polygon", "coordinates": [ [ [ 500044.884973741485737, 1616679.883428897010162 ], [ 499969.533986786089372, 1616614.115552300587296 ], [ 500427.289936768240295, 1616252.445887089474127 ], [ 500444.60865143960109, 1616310.850442583439872 ], [ 500717.620711458032019, 1616303.469501992920414 ], [ 500715.980299409828149, 1616736.693985372316092 ], [ 500044.884973741485737, 1616679.883428897010162 ] ] ] } },
{ "type": "Feature", "properties": { "barangay": "Doña Aurora", "district": "DISTRICT 4", "pct_total_population": 0.0, "pct_female_population": 0.0, "pct_male_population": 0.0, "pct_children_0_4": 0.0, "pct_female_children_0_4": 0.0, "pct_male_children_0_4": 0.0, "pct_elderly_60plus": 0.0, "pct_female_elderly_60plus": 0.0, "pct_male_elderly_60plus": 0.0, "pct_childcare_facilities": 0.0, "pct_eldercare_facilities": null, "pct_pwd_facilities": null }, "geometry": { "type": "Polygon", "coordinates": [ [ [ 500925.426922097511124, 1616750.873913537245244 ], [ 500715.980299409828149, 1616736.693985372316092 ], [ 500717.620711458032019, 1616303.469501992920414 ], [ 500713.126488302310463, 1616261.53659041156061 ], [ 500706.012991593917832, 1616244.688780165510252 ], [ 500775.277420146914665, 1616257.041779906488955 ], [ 500796.244571810471825, 1616261.534175164066255 ], [ 500842.263639750191942, 1616262.279838687274605 ], [ 500888.69881322782021, 1616266.644493770552799 ], [ 500901.00184872339014, 1616267.438137071439996 ], [ 500914.099000225891359, 1616272.199761275434867 ], [ 500940.689142338233069, 1616276.167992611415684 ], [ 501015.644793209561612, 1616295.972834474407136 ], [ 501017.144013289071154, 1616337.905833083670586 ], [ 500991.30996557691833, 1616337.157583018997684 ], [ 500998.810202546301298, 1616757.984788324451074 ], [ 500925.426922097511124, 1616750.873913537245244 ] ] ] } },
{ "type": "Feature", "properties": { "barangay": "Doña Imelda", "district": "DISTRICT 4", "pct_total_population": 88.35, "pct_female_population": 88.34, "pct_male_population": 88.34, "pct_children_0_4": 88.42, "pct_female_children_0_4": 88.25, "pct_male_children_0_4": 88.36, "pct_elderly_60plus": 88.38, "pct_female_elderly_60plus": 88.38, "pct_male_elderly_60plus": 88.38, "pct_childcare_facilities": 100.0, "pct_eldercare_facilities": null, "pct_pwd_facilities": 100.0 }, "geometry": { "type": "Polygon", "coordinates": [ [ [ 501620.583601758233272, 1616819.032782212598249 ], [ 501611.732359466608614, 1616845.41206594184041 ], [ 501469.096089170547202, 1616806.636171669932082 ], [ 500998.810202546301298, 1616757.984788324451074 ], [ 500991.30996557691833, 1616337.157583018997684 ], [ 501017.144013289071154, 1616337.905833083670586 ], [ 501015.644793209561612, 1616295.972834474407136 ], [ 501161.353851828200277, 1616327.358632022514939 ], [ 501472.110124677652493, 1616394.818669917993248 ], [ 501561.40760645235423, 1616408.310088679427281 ], [ 501660.626821443322115, 1616412.276209554867819 ], [ 501672.927469507616479, 1616330.915770295541734 ], [ 501704.259694696811493, 1615614.950139810563996 ], [ 501704.259510157397017, 1615608.600133431144059 ], [ 501713.782651387737133, 1615544.30579204717651 ], [ 501730.053491275059059, 1615503.824278543703258 ], [ 501766.565086306014564, 1615454.213167701615021 ], [ 501784.820458829402924, 1615431.98761487705633 ], [ 501876.495805896411184, 1615337.528855990385637 ], [ 501747.724928794137668, 1615208.565468125743791 ], [ 501968.729074343224056, 1615033.87487052124925 ], [ 501987.532900716061704, 1615096.069386664545164 ], [ 502022.641174033866264, 1615207.493478532414883 ], [ 502022.641186011838727, 1615207.907478949520737 ], [ 502106.147283107740805, 1615346.005191306583583 ], [ 502106.147271144611295, 1615345.591190888080746 ], [ 502168.299986278463621, 1615436.872476645279676 ], [ 502196.837898828554899, 1615467.287677976069972 ], [ 502249.388579273538198, 1615523.29720729123801 ], [ 502275.717017052869778, 1615571.861491071991622 ], [ 502275.125116728013381, 1615609.723546340595931 ], [ 502265.414854855102021, 1615635.456854386487976 ], [ 502224.145450127718505, 1615691.782110240310431 ], [ 502188.216260708635673, 1615720.915183560457081 ], [ 502170.250976311333943, 1615746.163730985252187 ], [ 502044.033642261114437, 1615876.678529866272584 ], [ 502011.540467794693541, 1615940.620538364397362 ], [ 501996.868280749069527, 1616003.513027957640588 ], [ 502004.207024386909325, 1616063.260874794796109 ], [ 502046.016032703744713, 1616199.743797162780538 ], [ 502072.349073706718627, 1616337.891170901246369 ], [ 502076.543753283913247, 1616395.542106999782845 ], [ 502077.593094715266488, 1616441.663122888188809 ], [ 502070.256336206337437, 1616484.640379301970825 ], [ 502041.958079773758072, 1616580.028297526063398 ], [ 502012.609603835036978, 1616633.488204095046967 ], [ 501982.214010244933888, 1616717.346171671524644 ], [ 501951.817776910902467, 1616779.191117120208219 ], [ 501933.998276847123634, 1616797.011652840534225 ], [ 501901.5046402271837, 1616810.63961074850522 ], [ 501834.418176838429645, 1616797.01454645418562 ], [ 501757.898795373679604, 1616786.534759421367198 ], [ 501690.812453857506625, 1616777.102699331473559 ], [ 501649.932900133018848, 1616793.874904081923887 ], [ 501620.583601758233272, 1616819.032782212598249 ] ] ] } },
{ "type": "Feature", "properties": { "barangay": "Doña Josefa", "district": "DISTRICT 4", "pct_total_population": 5.5, "pct_female_population": 5.47, "pct_male_population": 5.52, "pct_children_0_4": 5.56, "pct_female_children_0_4": 5.8, "pct_male_children_0_4": 5.41, "pct_elderly_60plus": 5.26, "pct_female_elderly_60plus": 6.0, "pct_male_elderly_60plus": 5.71, "pct_childcare_facilities": 25.0, "pct_eldercare_facilities": null, "pct_pwd_facilities": 0.0 }, "geometry": { "type": "Polygon", "coordinates": [ [ [ 500925.426922097511124, 1616750.873913537245244 ], [ 500889.427203165018, 1617140.312351305503398 ], [ 500726.712079759221524, 1617313.752253929851577 ], [ 500248.46370498574106, 1616870.058704593917355 ], [ 500044.884973741485737, 1616679.883428897010162 ], [ 500715.980299409828149, 1616736.693985372316092 ], [ 500925.426922097511124, 1616750.873913537245244 ] ] ] } },
{ "type": "Feature", "properties": { "barangay": "Duyan-duyan", "district": "DISTRICT 3", "pct_total_population": 9.03, "pct_female_population": 9.03, "pct_male_population": 9.04, "pct_children_0_4": 8.91, "pct_female_children_0_4": 8.8, "pct_male_children_0_4": 9.02, "pct_elderly_60plus": 9.12, "pct_female_elderly_60plus": 8.89, "pct_male_elderly_60plus": 8.73, "pct_childcare_facilities": 0.0, "pct_eldercare_facilities": null, "pct_pwd_facilities": null }, "geometry": { "type": "Polygon", "coordinates": [ [ [ 506966.530917826923542, 1618262.281889758538455 ], [ 506948.273518839327153, 1618249.185407115379348 ], [ 506918.904439814912621, 1618213.071224219165742 ], [ 506863.336943606613204, 1618060.274685282027349 ], [ 506836.346771186450496, 1617986.456395349465311 ], [ 506831.981409255356994, 1617974.153509825468063 ], [ 506830.789923726522829, 1617957.485527686774731 ], [ 506834.361212183139287, 1617932.878399164415896 ], [ 506838.329662584175821, 1617913.828264703042805 ], [ 506869.88684029772412, 1617918.853352741571143 ], [ 506884.760929631360341, 1617818.179819298908114 ], [ 507026.049786565185059, 1617842.78173840767704 ], [ 507093.12221151049016, 1617855.083801756147295 ], [ 507120.506631137861405, 1617868.576019572792575 ], [ 507338.791710784309544, 1617966.995775514282286 ], [ 507456.665501508919988, 1618024.539408143609762 ], [ 507524.929619573929813, 1618060.652460798854008 ], [ 507487.626257911266293, 1618152.728637359570712 ], [ 507249.496685541060288, 1618038.038441719021648 ], [ 507218.145591638691258, 1618104.714419783325866 ], [ 507168.611237542878371, 1618197.471952440915629 ], [ 507110.174032478360459, 1618226.848680075723678 ], [ 507073.174514799145982, 1618244.724773196270689 ], [ 507031.619171114347409, 1618303.15803948789835 ], [ 506966.530917826923542, 1618262.281889758538455 ] ] ] } },
{ "type": "Feature", "properties": { "barangay": "E. Rodriguez", "district": "DISTRICT 3", "pct_total_population": 21.7, "pct_female_population": 21.7, "pct_male_population": 21.71, "pct_children_0_4": 21.71, "pct_female_children_0_4": 21.77, "pct_male_children_0_4": 21.66, "pct_elderly_60plus": 21.7, "pct_female_elderly_60plus": 21.72, "pct_male_elderly_60plus": 21.66, "pct_childcare_facilities": 14.29, "pct_eldercare_facilities": null, "pct_pwd_facilities": null }, "geometry": { "type": "Polygon", "coordinates": [ [ [ 505508.57375227403827, 1618066.145058427704498 ], [ 505487.297166109492537, 1618046.710657140938565 ], [ 505459.515446204808541, 1618022.899440485751256 ], [ 505443.604303031926975, 1618018.521898434730247 ], [ 505432.916379478818271, 1618021.522212027804926 ], [ 505413.072486654331442, 1618025.897793061332777 ], [ 505396.73057551815873, 1618029.521271565696225 ], [ 505369.742790687654633, 1618037.857064173324034 ], [ 505347.541936664783861, 1618043.649715121369809 ], [ 505308.135621032794006, 1618034.150850648526102 ], [ 505289.947333981166594, 1618024.90136986435391 ], [ 505258.072116634109989, 1618018.527289694407955 ], [ 505232.259952650230844, 1618013.778034987393767 ], [ 505220.165668134344742, 1618004.403376999078318 ], [ 505214.228266144637018, 1617990.778535827761516 ], [ 505199.289361161820125, 1617960.153939123498276 ], [ 505188.851776754658204, 1617940.404222561279312 ], [ 505173.757358372386079, 1617926.529647234594449 ], [ 505156.219839360506739, 1617909.27513948478736 ], [ 505138.757233615964651, 1617889.034626570995897 ], [ 505118.515544311725534, 1617866.016191611997783 ], [ 505096.68722253368469, 1617855.698815534822643 ], [ 505080.099208221188746, 1617855.782297628233209 ], [ 505043.505353602464311, 1617862.050367288757116 ], [ 505007.787467625807039, 1617867.210410381900147 ], [ 504983.974662931403145, 1617874.752109923399985 ], [ 504955.224754823953845, 1617878.910949537530541 ], [ 504913.727730693528429, 1617879.516155971214175 ], [ 505056.593359129095916, 1617552.089675282593817 ], [ 505264.960367391235195, 1617097.828163685277104 ], [ 506025.633903856389225, 1617468.492432525381446 ], [ 505813.406764863582794, 1617918.389051900245249 ], [ 505783.945381750585511, 1617940.636930362321436 ], [ 505766.009130253340118, 1617967.012478087097406 ], [ 505755.665868184005376, 1617992.76280453754589 ], [ 505770.636412533407565, 1618045.38742243591696 ], [ 505758.262181068421341, 1618072.262809043284506 ], [ 505717.075113301980309, 1618105.764039554167539 ], [ 505700.422133250627667, 1618107.02952473750338 ], [ 505645.918515074357856, 1618087.641089025884867 ], [ 505635.417632672761101, 1618057.641363995615393 ], [ 505616.886472437647171, 1618052.766897586872801 ], [ 505588.855567738239188, 1618057.017716382397339 ], [ 505555.106354792544153, 1618085.26872549764812 ], [ 505540.876338690926787, 1618085.20613892772235 ], [ 505508.57375227403827, 1618066.145058427704498 ] ] ] } },
{ "type": "Feature", "properties": { "barangay": "East Kamias", "district": "DISTRICT 3", "pct_total_population": 44.52, "pct_female_population": 44.51, "pct_male_population": 44.51, "pct_children_0_4": 44.4, "pct_female_children_0_4": 44.73, "pct_male_children_0_4": 44.49, "pct_elderly_60plus": 44.43, "pct_female_elderly_60plus": 44.61, "pct_male_elderly_60plus": 44.58, "pct_childcare_facilities": 100.0, "pct_eldercare_facilities": null, "pct_pwd_facilities": null }, "geometry": { "type": "Polygon", "coordinates": [ [ [ 506028.967312710534316, 1618480.354353161994368 ], [ 505719.401337446586695, 1618388.685256466269493 ], [ 505473.732933994324412, 1618314.476320569170639 ], [ 505540.876338690926787, 1618085.20613892772235 ], [ 505555.106354792544153, 1618085.26872549764812 ], [ 505588.855567738239188, 1618057.017716382397339 ], [ 505616.886472437647171, 1618052.766897586872801 ], [ 505635.417632672761101, 1618057.641363995615393 ], [ 505645.918515074357856, 1618087.641089025884867 ], [ 505700.422133250627667, 1618107.02952473750338 ], [ 505717.075113301980309, 1618105.764039554167539 ], [ 505758.262181068421341, 1618072.262809043284506 ], [ 505770.636412533407565, 1618045.38742243591696 ], [ 505755.665868184005376, 1617992.76280453754589 ], [ 505766.009130253340118, 1617967.012478087097406 ], [ 505783.945381750585511, 1617940.636930362321436 ], [ 505813.406764863582794, 1617918.389051900245249 ], [ 505817.771942197112367, 1617924.341931034810841 ], [ 505819.7570711208391, 1617928.707877742592245 ], [ 505819.757151773315854, 1617931.485880534863099 ], [ 505838.013619912380818, 1617946.963365588570014 ], [ 506266.684465435682796, 1618374.154338686028495 ], [ 506477.533561602467671, 1618576.634415359934792 ], [ 506543.813415847718716, 1618638.148551223566756 ], [ 506500.155864499276504, 1618620.686802293406799 ], [ 506028.967312710534316, 1618480.354353161994368 ] ] ] } },
{ "type": "Feature", "properties": { "barangay": "Escopa 1", "district": "DISTRICT 3", "pct_total_population": 0.0, "pct_female_population": 0.0, "pct_male_population": 0.0, "pct_children_0_4": 0.0, "pct_female_children_0_4": 0.0, "pct_male_children_0_4": 0.0, "pct_elderly_60plus": 0.0, "pct_female_elderly_60plus": 0.0, "pct_male_elderly_60plus": 0.0, "pct_childcare_facilities": null, "pct_eldercare_facilities": null, "pct_pwd_facilities": null }, "geometry": { "type": "Polygon", "coordinates": [ [ [ 507803.564739087712951, 1617332.506631948752329 ], [ 507825.790614909026772, 1617361.875015636906028 ], [ 507831.306131329969503, 1617379.451873028883711 ], [ 507830.951865797862411, 1617404.737908749608323 ], [ 507826.983715201669838, 1617434.106053584720939 ], [ 507821.453993220638949, 1617478.274258687859401 ], [ 507710.699255877872929, 1617456.731455383822322 ], [ 507754.352493602898903, 1617325.761055198032409 ], [ 507783.720673131465446, 1617330.920207001268864 ], [ 507803.564739087712951, 1617332.506631948752329 ] ] ] } },
{ "type": "Feature", "properties": { "barangay": "Escopa 2", "district": "DISTRICT 3", "pct_total_population": 0.0, "pct_female_population": 0.0, "pct_male_population": 0.0, "pct_children_0_4": 0.0, "pct_female_children_0_4": 0.0, "pct_male_children_0_4": 0.0, "pct_elderly_60plus": 0.0, "pct_female_elderly_60plus": 0.0, "pct_male_elderly_60plus": 0.0, "pct_childcare_facilities": null, "pct_eldercare_facilities": null, "pct_pwd_facilities": null }, "geometry": { "type": "Polygon", "coordinates": [ [ [ 507964.538831511861645, 1617398.940021089510992 ], [ 507945.627820033580065, 1617502.429674667306244 ], [ 507945.436818528512958, 1617502.385680167237297 ], [ 507882.38346897426527, 1617492.538502509472892 ], [ 507821.453993220638949, 1617478.274258687859401 ], [ 507826.983715201669838, 1617434.106053584720939 ], [ 507830.951865797862411, 1617404.737908749608323 ], [ 507831.306131329969503, 1617379.451873028883711 ], [ 507825.790614909026772, 1617361.875015636906028 ], [ 507803.564739087712951, 1617332.506631948752329 ], [ 507825.392726442660205, 1617331.315996470628306 ], [ 507858.333655765396543, 1617327.743035670602694 ], [ 507975.57351127936272, 1617353.125654377043247 ], [ 507964.538831511861645, 1617398.940021089510992 ] ] ] } },
{ "type": "Feature", "properties": { "barangay": "Escopa 3", "district": "DISTRICT 3", "pct_total_population": 0.0, "pct_female_population": 0.0, "pct_male_population": 0.0, "pct_children_0_4": 0.0, "pct_female_children_0_4": 0.0, "pct_male_children_0_4": 0.0, "pct_elderly_60plus": 0.0, "pct_female_elderly_60plus": 0.0, "pct_male_elderly_60plus": 0.0, "pct_childcare_facilities": 0.0, "pct_eldercare_facilities": null, "pct_pwd_facilities": null }, "geometry": { "type": "Polygon", "coordinates": [ [ [ 507834.414479608589318, 1617873.077279031043872 ], [ 507784.927256165246945, 1617867.0997110507451 ], [ 507731.349179279757664, 1617866.307267151307315 ], [ 507652.227296656812541, 1617873.082573122810572 ], [ 507578.851278464891948, 1617840.584672638215125 ], [ 507597.661898776248563, 1617792.459077646257356 ], [ 507710.699255877872929, 1617456.731455383822322 ], [ 507821.453993220638949, 1617478.274258687859401 ], [ 507805.250560279178899, 1617601.577853502472863 ], [ 507919.858748288126662, 1617638.49456028919667 ], [ 507866.195685849699657, 1617879.076361551415175 ], [ 507834.414479608589318, 1617873.077279031043872 ] ] ] } },
{ "type": "Feature", "properties": { "barangay": "Escopa 4", "district": "DISTRICT 3", "pct_total_population": 0.0, "pct_female_population": 0.0, "pct_male_population": 0.0, "pct_children_0_4": 0.0, "pct_female_children_0_4": 0.0, "pct_male_children_0_4": 0.0, "pct_elderly_60plus": 0.0, "pct_female_elderly_60plus": 0.0, "pct_male_elderly_60plus": 0.0, "pct_childcare_facilities": 0.0, "pct_eldercare_facilities": null, "pct_pwd_facilities": null }, "geometry": { "type": "Polygon", "coordinates": [ [ [ 507945.436818528512958, 1617502.385680167237297 ], [ 507945.627820033580065, 1617502.429674667306244 ], [ 507921.720527224766556, 1617630.824498476926237 ], [ 507919.858748288126662, 1617638.49456028919667 ], [ 507805.250560279178899, 1617601.577853502472863 ], [ 507821.453993220638949, 1617478.274258687859401 ], [ 507882.38346897426527, 1617492.538502509472892 ], [ 507945.436818528512958, 1617502.385680167237297 ] ] ] } },
{ "type": "Feature", "properties": { "barangay": "Fairview", "district": "DISTRICT 5", "pct_total_population": 13.62, "pct_female_population": 13.62, "pct_male_population": 13.62, "pct_children_0_4": 13.61, "pct_female_children_0_4": 13.6, "pct_male_children_0_4": 13.61, "pct_elderly_60plus": 13.63, "pct_female_elderly_60plus": 13.6, "pct_male_elderly_60plus": 13.61, "pct_childcare_facilities": 28.12, "pct_eldercare_facilities": 0.0, "pct_pwd_facilities": 33.33 }, "geometry": { "type": "Polygon", "coordinates": [ [ [ 508017.520798504119739, 1626893.206030354136601 ], [ 507801.89710745314369, 1626945.712348972447217 ], [ 507754.992313616152387, 1626988.838755360804498 ], [ 507703.774359249393456, 1627026.590281683485955 ], [ 507654.24369447916979, 1627039.841734315734357 ], [ 507621.743767232459504, 1627043.467682381393388 ], [ 507578.493378624028992, 1627031.593927243491635 ], [ 507545.136191981378943, 1627026.324891263851896 ], [ 507521.604833242192399, 1626980.38652884028852 ], [ 507471.182480076095089, 1626935.568948974600062 ], [ 507419.643219249206595, 1626997.196508649503812 ], [ 507384.429028420650866, 1626991.849526554578915 ], [ 507346.991627533687279, 1626979.35060186451301 ], [ 507293.866247267404106, 1626968.102134309476241 ], [ 507271.740093756117858, 1626963.586772727780044 ], [ 507236.552059859619476, 1626929.228760693455115 ], [ 507216.395353006781079, 1626905.604322647675872 ], [ 507195.706740065652411, 1626885.229903341270983 ], [ 507182.100561460014433, 1626879.554293009219691 ], [ 507154.088924044626765, 1626893.000120519660413 ], [ 507132.425694671575911, 1626885.85674284142442 ], [ 507114.324886933260132, 1626893.097276117419824 ], [ 507076.776097437017597, 1626867.232341226423159 ], [ 507038.679440476116724, 1626845.944426853442565 ], [ 507018.869013578922022, 1626831.938988433685154 ], [ 506990.901902146229986, 1626829.07179823028855 ], [ 506958.632473736302927, 1626815.447722246870399 ], [ 506939.986475461511873, 1626781.744230166543275 ], [ 506936.400825900956988, 1626759.514311988838017 ], [ 506940.702455047983676, 1626746.606174011947587 ], [ 506960.063724334933795, 1626720.7905854198616 ], [ 506974.405717867717613, 1626720.072167936246842 ], [ 506993.671254134213086, 1626737.860625989735126 ], [ 507016.715114608523436, 1626732.261950733140111 ], [ 507026.035769445705228, 1626685.650632991688326 ], [ 507041.091304274916183, 1626565.894075012067333 ], [ 507042.522888367122505, 1626482.710949716391042 ], [ 507038.93711367843207, 1626456.178027226822451 ], [ 507015.989507102756761, 1626436.099673854652792 ], [ 506979.416803435306065, 1626413.153713529696688 ], [ 506951.449546120886225, 1626405.266518290387467 ], [ 506910.573754787736107, 1626379.451680123573169 ], [ 506898.382200697087683, 1626360.808015638031065 ], [ 506875.434948457696009, 1626352.92067452496849 ], [ 506857.508263862051535, 1626364.394206998171285 ], [ 506843.166999670793302, 1626390.210649709682912 ], [ 506821.65435320144752, 1626403.119287828914821 ], [ 506784.365357368136756, 1626404.554372847778723 ], [ 506744.974101624917239, 1626397.117510030278936 ], [ 506714.691766065312549, 1626386.618379433639348 ], [ 506698.34820839058375, 1626367.993835624307394 ], [ 506668.815415814402513, 1626341.744667395018041 ], [ 506651.189758836932015, 1626319.74515745206736 ], [ 506640.002511386410333, 1626311.620474360417575 ], [ 506625.166133995866403, 1626299.144892935873941 ], [ 506599.188387820031494, 1626274.371622895821929 ], [ 506563.031788529769983, 1626254.997654074104503 ], [ 506527.719756634149235, 1626255.123680321266875 ], [ 506477.125872849544976, 1626260.875156306661665 ], [ 506437.250945464766119, 1626264.751318922732025 ], [ 506423.595480201009195, 1626283.626734728459269 ], [ 506387.282879707112443, 1626298.62780501623638 ], [ 506347.93927241966594, 1626313.503963267430663 ], [ 506323.81458963023033, 1626325.25467612221837 ], [ 506292.628204883541912, 1626347.505604746984318 ], [ 506269.815617926011328, 1626362.506282744463533 ], [ 506208.160602176794782, 1626398.508110581897199 ], [ 506183.807275861734524, 1626422.53384243696928 ], [ 506159.237411813635845, 1626428.062561968108639 ], [ 506161.074862139939796, 1626237.034316382370889 ], [ 506125.602796454913914, 1626235.999346107477322 ], [ 506110.063875322404783, 1625241.356796978507191 ], [ 506347.774060704279691, 1625239.506887556985021 ], [ 506348.382563314284198, 1625050.321679553482682 ], [ 507413.771615568664856, 1625049.659720001276582 ], [ 507679.920201346336398, 1625645.581585516221821 ], [ 507688.836375109909568, 1625720.072401363635436 ], [ 507691.384042980265804, 1625777.373384972568601 ], [ 507706.029926505405456, 1625841.678024070803076 ], [ 507747.461094222788233, 1625914.837893727235496 ], [ 507799.624869065941311, 1625974.103437527548522 ], [ 507853.744089039391838, 1626014.212905233260244 ], [ 507909.773180704389233, 1626084.245347546879202 ], [ 507974.078429440560285, 1626124.991519900038838 ], [ 508048.571003837161697, 1626142.17937252111733 ], [ 508126.882656183617655, 1626161.914116724627092 ], [ 508182.274914460722357, 1626203.296548713929951 ], [ 508226.843161966477055, 1626244.679295241367072 ], [ 508597.389386280905455, 1626239.574522432638332 ], [ 508808.450541266065557, 1626856.986010337714106 ], [ 508565.966514484374784, 1626864.454064183402807 ], [ 508467.732523613085505, 1626971.399026345927268 ], [ 508435.400744142127223, 1626980.103974636411294 ], [ 508017.520798504119739, 1626893.206030354136601 ] ] ] } },
{ "type": "Feature", "properties": { "barangay": "Greater Lagro", "district": "DISTRICT 5", "pct_total_population": 7.64, "pct_female_population": 7.64, "pct_male_population": 7.64, "pct_children_0_4": 7.65, "pct_female_children_0_4": 7.69, "pct_male_children_0_4": 7.62, "pct_elderly_60plus": 7.66, "pct_female_elderly_60plus": 7.62, "pct_male_elderly_60plus": 7.6, "pct_childcare_facilities": 18.18, "pct_eldercare_facilities": null, "pct_pwd_facilities": 0.0 }, "geometry": { "type": "Polygon", "coordinates": [ [ [ 505110.335834804747719, 1627476.817096965154633 ], [ 505474.32714410230983, 1627474.859517857199535 ], [ 505471.076277317595668, 1627238.68737469566986 ], [ 505607.978414980636444, 1627238.683396476320922 ], [ 505608.970014019345399, 1627121.621249881805852 ], [ 506091.713731946249027, 1627508.130610824329779 ], [ 506097.506878552783746, 1627547.384481977904215 ], [ 506011.233982970472425, 1627657.19309945544228 ], [ 506010.114512249361724, 1627709.855184968328103 ], [ 506392.204478986910544, 1628073.996448276564479 ], [ 506409.012244763667695, 1628099.765985793899745 ], [ 506416.857196966360789, 1628132.259790515527129 ], [ 506414.902878407330718, 1628259.003974837483838 ], [ 506444.87340249348199, 1628310.413155660964549 ], [ 506623.028646698803641, 1628312.64898091298528 ], [ 506639.498374553921167, 1628337.122526952531189 ], [ 506667.218335969082545, 1628369.246753764338791 ], [ 506733.907805179187562, 1628417.494864382082596 ], [ 506839.720398273901083, 1628434.241806438891217 ], [ 506746.500051386246923, 1628391.119471930898726 ], [ 506749.641783398401458, 1628347.380336626200005 ], [ 506691.376878260110971, 1628318.250000426080078 ], [ 506660.001925524673425, 1628252.142845631577075 ], [ 506660.000785812328104, 1628212.926806207280606 ], [ 506889.696984148176853, 1628211.799130355240777 ], [ 506889.679823761398438, 1627621.312536720884964 ], [ 506974.834844302851707, 1627619.069059959845617 ], [ 506974.827582900819834, 1627369.204808764625341 ], [ 507113.398676966084167, 1627367.646780484355986 ], [ 507152.600270311173517, 1627386.707660511368886 ], [ 507151.115426567033865, 1627495.365812979172915 ], [ 507309.558522156032268, 1627630.812345068436116 ], [ 507315.670089884079061, 1627684.544221535790712 ], [ 507312.099781978526153, 1627742.892383988481015 ], [ 507277.968244233750738, 1628035.260669983224943 ], [ 507261.4261314732139, 1628100.775216593872756 ], [ 507270.692256249953061, 1628139.157985957572237 ], [ 507402.387061903311405, 1628265.550286218058318 ], [ 507424.889046165335458, 1628333.04970024083741 ], [ 507457.571342853596434, 1628582.999002020340413 ], [ 507569.893453369091731, 1628789.371945715276524 ], [ 507573.069356149120722, 1628820.327884570462629 ], [ 507557.196485494670924, 1628894.14742009411566 ], [ 507557.199092089023907, 1628983.841510266298428 ], [ 507566.333075774367899, 1629189.422451707534492 ], [ 507513.950901898380835, 1629357.303142805583775 ], [ 507550.071393686463125, 1629545.024282063823193 ], [ 507550.072154980967753, 1629571.218308402923867 ], [ 507530.626980783476029, 1629634.718937360914424 ], [ 507539.359646975935902, 1629657.340706360060722 ], [ 507559.266433212033007, 1629683.705154413823038 ], [ 507563.570032311254181, 1629704.171049948548898 ], [ 507548.490205074835103, 1629745.049529297277331 ], [ 507517.536111736728344, 1629811.726495882263407 ], [ 507506.329264833475463, 1629817.382827232824638 ], [ 507494.120295727683697, 1629818.870183505117893 ], [ 507471.917249432648532, 1629818.045827878406271 ], [ 507454.711405257810839, 1629824.00133385322988 ], [ 507339.560962396732066, 1629709.519564814632758 ], [ 507060.33148033474572, 1629702.598671979270875 ], [ 506151.881140508572571, 1629687.940055842977017 ], [ 506109.4148094264674, 1629678.019279878819361 ], [ 505986.379664827254601, 1629642.892819804139435 ], [ 505834.523099216341507, 1629594.275183664867654 ], [ 505861.11277645197697, 1629547.840364267118275 ], [ 505840.468700507073663, 1629339.480754490476102 ], [ 505834.907931533060037, 1629175.570751139195636 ], [ 505842.844601634191349, 1629129.533474182477221 ], [ 505884.117647690000013, 1629060.872205740772188 ], [ 506107.152379695384298, 1628734.237395915435627 ], [ 505592.307681023143232, 1628246.277865700190887 ], [ 505503.492117949179374, 1628161.155360924312845 ], [ 505470.898198868439067, 1628130.656277372501791 ], [ 505237.266621371556539, 1627912.412846826715395 ], [ 505101.269766340730712, 1627784.466669983463362 ], [ 505110.335834804747719, 1627476.817096965154633 ] ] ] } },
{ "type": "Feature", "properties": { "barangay": "Gulod", "district": "DISTRICT 5", "pct_total_population": 37.84, "pct_female_population": 37.84, "pct_male_population": 37.84, "pct_children_0_4": 37.84, "pct_female_children_0_4": 37.83, "pct_male_children_0_4": 37.84, "pct_elderly_60plus": 37.84, "pct_female_elderly_60plus": 37.85, "pct_male_elderly_60plus": 37.83, "pct_childcare_facilities": 30.0, "pct_eldercare_facilities": 0.0, "pct_pwd_facilities": null }, "geometry": { "type": "Polygon", "coordinates": [ [ [ 504955.923071841651108, 1626354.77845503250137 ], [ 504898.145852345449384, 1626658.917439975542948 ], [ 504882.939807530259714, 1626657.903880833880976 ], [ 504879.334295122302137, 1626778.038106474792585 ], [ 504902.043298496457282, 1626811.776480522705242 ], [ 504894.258856270927936, 1626831.241726314648986 ], [ 504865.710148125304841, 1626842.272567008621991 ], [ 504835.215400374669116, 1626852.005462933331728 ], [ 504813.804774759279098, 1626865.632098813308403 ], [ 504810.069535791524686, 1626891.94823383865878 ], [ 504808.948860321310349, 1626903.153277677251026 ], [ 504814.552582311735023, 1626927.803139639552683 ], [ 504873.939237532031257, 1626982.704469175310805 ], [ 504899.709882171009667, 1627003.992741735652089 ], [ 504920.99997806554893, 1627040.967160277068615 ], [ 504900.833455638377927, 1627092.509798148181289 ], [ 504866.743265258555766, 1627121.547817986225709 ], [ 504850.836579866416287, 1627132.923291659913957 ], [ 504833.556561423058156, 1627167.298828386003152 ], [ 504814.151068633364048, 1627185.424410529667512 ], [ 504782.495487271109596, 1627200.925345996627584 ], [ 504751.526637823262718, 1627207.176252195844427 ], [ 504706.776483847701456, 1627203.427548807347193 ], [ 504678.431946750439238, 1627185.928354854229838 ], [ 504632.962007502734195, 1627155.179645215859637 ], [ 504592.118127329042181, 1627126.305803030263633 ], [ 504563.023596686194651, 1627109.056631128303707 ], [ 504528.742703922267538, 1627113.932632187381387 ], [ 504508.86844681884395, 1627140.18323612655513 ], [ 504485.087806933675893, 1627187.808975076302886 ], [ 504490.057393135270104, 1627207.808850799454376 ], [ 504507.62149333988782, 1627245.058377884328365 ], [ 504519.24729329085676, 1627272.183067343663424 ], [ 504498.905107365048025, 1627335.308721990790218 ], [ 504486.375714903115295, 1627391.059142176993191 ], [ 504482.626971699355636, 1627434.434294753009453 ], [ 504503.22085699060699, 1627464.183726255316287 ], [ 504524.440434071468189, 1627483.308128888951614 ], [ 504555.847028752672486, 1627502.682235742686316 ], [ 504589.472342213150114, 1627512.30626832251437 ], [ 504623.129815619322471, 1627527.430305498186499 ], [ 504638.973180280590896, 1627539.42985718511045 ], [ 504642.411656006996054, 1627555.679773611715063 ], [ 504607.568525454087649, 1627586.805817438056692 ], [ 504587.664140132546891, 1627643.056452430319041 ], [ 504584.634212401811965, 1627680.056577705545351 ], [ 504573.697036924306303, 1627708.806924459990114 ], [ 504557.979154482367449, 1627747.807420448632911 ], [ 504538.544474370428361, 1627828.308066195808351 ], [ 504513.513925096311141, 1627844.683810031739995 ], [ 504488.794707669469062, 1627838.059521671617404 ], [ 504477.294394577620551, 1627827.684845424257219 ], [ 504454.324968342145439, 1627813.810498919570819 ], [ 504428.074731224041898, 1627806.561254419153556 ], [ 504397.543624292593449, 1627803.937138982117176 ], [ 504375.075055808119942, 1627819.562807607464492 ], [ 504327.826109017652925, 1627857.439218715764582 ], [ 504297.076739220123272, 1627880.190135145792738 ], [ 504279.2432267445256, 1627897.582670874893665 ], [ 504260.827719959721435, 1627915.19122372334823 ], [ 504203.29494025191525, 1627855.942835934460163 ], [ 504168.575291359098628, 1627834.818823580630124 ], [ 504128.91822347213747, 1627799.444940365618095 ], [ 504105.82335023325868, 1627770.195582045940682 ], [ 504086.260331615863834, 1627735.821115925209597 ], [ 504053.477383241232019, 1627704.322036857716739 ], [ 504030.195735056186095, 1627682.822691758628935 ], [ 504032.66358959680656, 1627643.322580300271511 ], [ 504020.787814817682374, 1627617.072898982325569 ], [ 503987.068021704559214, 1627590.948852545348927 ], [ 503957.161406754341442, 1627570.824701347621158 ], [ 503900.535488946305122, 1627541.201317013241351 ], [ 503885.691147017641924, 1627529.95173704251647 ], [ 503880.409360705409199, 1627503.076863488182425 ], [ 503872.470146678038873, 1627461.577052428387105 ], [ 503859.594356399087701, 1627434.82739966432564 ], [ 503834.750677507545333, 1627412.328098949277773 ], [ 503807.968250990554225, 1627398.578863374888897 ], [ 503773.437336200033315, 1627402.704870951129124 ], [ 503737.375379863835406, 1627405.455921626416966 ], [ 503688.625458010297734, 1627409.832342647947371 ], [ 503657.187746068113483, 1627420.83326725428924 ], [ 503651.125689130334649, 1627419.083441647468135 ], [ 503635.531542656477541, 1627414.583890267414972 ], [ 503611.46774834668031, 1627388.08456286159344 ], [ 503592.717032035987359, 1627364.085083580808714 ], [ 503573.716264630027581, 1627338.335609810194001 ], [ 503545.528335422568489, 1627307.336397711187601 ], [ 503534.433659508009441, 1627284.461697096470743 ], [ 503539.402228587365244, 1627269.46153761446476 ], [ 503563.276191841403488, 1627232.960807145340368 ], [ 503582.150578710075933, 1627211.210236798971891 ], [ 503588.555847774434369, 1627185.83502512704581 ], [ 503582.586387644114438, 1627170.210182877257466 ], [ 503562.898931967734825, 1627155.210739868227392 ], [ 503544.179237488016952, 1627131.961260445415974 ], [ 503525.022833210707176, 1627118.711803766200319 ], [ 503504.08445979404496, 1627106.587400009622797 ], [ 503482.740497434977442, 1627074.212987658800557 ], [ 503475.301975651353132, 1627056.514186001615599 ], [ 503487.904377879225649, 1627035.508798654656857 ], [ 503510.58781468012603, 1627015.344119218876585 ], [ 503534.952033462701365, 1626987.618383328197524 ], [ 503534.518363717361353, 1626964.586372751742601 ], [ 503526.236781375424471, 1626944.836593534331769 ], [ 503510.173489194770809, 1626935.337050755741075 ], [ 503484.173223328485619, 1626927.087797987973318 ], [ 503467.736207903653849, 1626927.128275662194937 ], [ 503471.936650547431782, 1626907.804134154226631 ], [ 503523.185382600815501, 1626827.986564618302509 ], [ 503753.391125575173646, 1626811.175858244299889 ], [ 503827.012144346255809, 1626740.452647754224017 ], [ 503864.668578119657468, 1626754.076567217474803 ], [ 503913.857724608038552, 1626791.8251758296974 ], [ 503930.389057276246604, 1626802.699706392828375 ], [ 503953.482884318451397, 1626795.949028522474691 ], [ 503961.575365749537013, 1626777.823775129858404 ], [ 503974.949652630661149, 1626752.823361327406019 ], [ 504017.542863585287705, 1626724.197094828588888 ], [ 504055.073120308341458, 1626697.320977210300043 ], [ 504128.91621367901098, 1626663.568797457497567 ], [ 504186.385478503711056, 1626670.692134645301849 ], [ 504197.836348309181631, 1626665.813796987989917 ], [ 504303.696014079381712, 1626616.240670972969383 ], [ 504313.375836517720018, 1626506.564279333222657 ], [ 504359.139427563699428, 1626353.266795255243778 ], [ 504754.858947372995317, 1626357.455300392350182 ], [ 504763.258831542392727, 1626284.360982758691534 ], [ 504955.923071841651108, 1626354.77845503250137 ] ] ] } },
{ "type": "Feature", "properties": { "barangay": "Holy Spirit", "district": "DISTRICT 2", "pct_total_population": 9.43, "pct_female_population": 9.43, "pct_male_population": 9.43, "pct_children_0_4": 9.43, "pct_female_children_0_4": 9.44, "pct_male_children_0_4": 9.43, "pct_elderly_60plus": 9.43, "pct_female_elderly_60plus": 9.42, "pct_male_elderly_60plus": 9.42, "pct_childcare_facilities": 6.25, "pct_eldercare_facilities": 50.0, "pct_pwd_facilities": 0.0 }, "geometry": { "type": "Polygon", "coordinates": [ [ [ 507858.691469261597376, 1623239.899970753816888 ], [ 508287.682932527444791, 1623241.00150589691475 ], [ 508291.397973523300607, 1622588.486741655040532 ], [ 508291.426823339192197, 1622583.318735620938241 ], [ 508365.898194006993435, 1622662.316651027882472 ], [ 508433.525557753804605, 1622741.314765309216455 ], [ 508495.746763515053317, 1622815.063031416386366 ], [ 508547.310707971453667, 1622880.186598525382578 ], [ 508602.468950160604436, 1622955.435071375919506 ], [ 508651.753157531900797, 1623029.683713922742754 ], [ 508724.818663784302771, 1623147.806709525175393 ], [ 508739.943532116012648, 1623177.165299547370523 ], [ 508774.617522954824381, 1623244.470359658356756 ], [ 508839.388110570551362, 1623365.678599405568093 ], [ 508888.016203572682571, 1623470.427291688974947 ], [ 508939.801015433447901, 1623599.8009170119185 ], [ 509034.338754515221808, 1623828.423399802763015 ], [ 509119.201536183420103, 1624024.434130938723683 ], [ 509193.63101956556784, 1624210.544155286625028 ], [ 509237.461059914203361, 1624348.056019950890914 ], [ 509264.71634375769645, 1624528.930409872671589 ], [ 509269.093317971855868, 1625044.042800814379007 ], [ 507413.771615568664856, 1625049.659720001276582 ], [ 507388.939536791294813, 1624978.98937049601227 ], [ 507388.926547994546127, 1624532.042921276763082 ], [ 507379.369100357289426, 1624276.098941548261791 ], [ 507325.865991563419811, 1623517.181732889031991 ], [ 507309.940889888384845, 1623238.953915795776993 ], [ 507858.691469261597376, 1623239.899970753816888 ] ] ] } },
{ "type": "Feature", "properties": { "barangay": "Horseshoe", "district": "DISTRICT 4", "pct_total_population": 22.51, "pct_female_population": 22.51, "pct_male_population": 22.5, "pct_children_0_4": 22.48, "pct_female_children_0_4": 22.86, "pct_male_children_0_4": 22.12, "pct_elderly_60plus": 22.31, "pct_female_elderly_60plus": 22.22, "pct_male_elderly_60plus": 22.43, "pct_childcare_facilities": 0.0, "pct_eldercare_facilities": null, "pct_pwd_facilities": null }, "geometry": { "type": "Polygon", "coordinates": [ [ [ 504599.430435903312173, 1616297.345697884215042 ], [ 504399.411174794251565, 1616501.742715619737282 ], [ 504291.713095780985896, 1616433.928776937536895 ], [ 504243.43108103639679, 1616400.680146496510133 ], [ 504221.055499084293842, 1616381.430777330417186 ], [ 504165.960012519615702, 1616332.182328780414537 ], [ 504140.14622374845203, 1616305.933052493259311 ], [ 504128.176659613964148, 1616286.933381193550304 ], [ 504116.457332806312479, 1616241.683676237007603 ], [ 504107.925819315889385, 1616224.30890668136999 ], [ 504092.456291606766172, 1616206.684338466729969 ], [ 504063.142601029074285, 1616183.935167396673933 ], [ 503993.172917881573085, 1616128.437144779600203 ], [ 503986.521687929634936, 1616120.753330320119858 ], [ 503905.579169019300025, 1616105.696667226962745 ], [ 503881.264897407789249, 1616097.190365196671337 ], [ 503904.950381428643595, 1616044.205623663961887 ], [ 503926.282363437698223, 1616008.439967827638611 ], [ 503977.732445833447855, 1615940.672404643846676 ], [ 503977.103916436957661, 1615922.476404613349587 ], [ 503981.293439289729577, 1615905.911266213748604 ], [ 503986.515068834705744, 1615892.985101483063772 ], [ 504010.984051240433473, 1615822.709319795947522 ], [ 504010.355792358750477, 1615779.414294512243941 ], [ 504048.002848485310096, 1615780.041201194515452 ], [ 504072.47392775764456, 1615781.922492000972852 ], [ 504080.069792937778402, 1615811.434300957014784 ], [ 504090.289311837172136, 1615828.93402158585377 ], [ 504101.664828190812841, 1615846.308708504773676 ], [ 504109.665105065214448, 1615855.55848533869721 ], [ 504120.040188057522755, 1615858.058186363196 ], [ 504130.383231212559622, 1615859.182886952068657 ], [ 504144.290183378383517, 1615857.057480700081214 ], [ 504152.346077109978069, 1615853.122242654673755 ], [ 504157.504932356998324, 1615847.962087567895651 ], [ 504181.317956237122416, 1615847.96139559452422 ], [ 504191.633111052040476, 1615852.931100852321833 ], [ 504204.32112376508303, 1615852.930732166627422 ], [ 504215.883139034616761, 1615853.055396320996806 ], [ 504224.008012813224923, 1615848.430155572947115 ], [ 504230.595782296906691, 1615840.271955939242616 ], [ 504240.007554715673905, 1615832.114674251060933 ], [ 504253.811368016700726, 1615825.211266201222315 ], [ 504277.027500712603796, 1615828.975595362950116 ], [ 504287.67979787720833, 1615838.830295734107494 ], [ 504299.040008192765526, 1615845.677972517674789 ], [ 504304.75818470842205, 1615851.552812258712947 ], [ 504316.227432382351253, 1615859.67748715588823 ], [ 504319.665602903289255, 1615865.427393032237887 ], [ 504323.00272136850981, 1615869.388300040503964 ], [ 504327.36882959655486, 1615872.96117676794529 ], [ 504370.944990681309719, 1615808.175845384830609 ], [ 504402.092167498311028, 1615744.361876137321815 ], [ 504491.828325292095542, 1615781.09630550025031 ], [ 504496.06131722999271, 1615780.673182076076046 ], [ 504827.87786969851004, 1616097.903859068406746 ], [ 504839.840646659547929, 1616124.227537920931354 ], [ 504888.960134624037892, 1616276.964264183538035 ], [ 504854.225530372990761, 1616291.782288410468027 ], [ 504839.144503661431372, 1616291.385726236738265 ], [ 504831.11538746044971, 1616287.662955800071359 ], [ 504824.026230821153149, 1616282.521156632108614 ], [ 504813.346981773560401, 1616274.320458705304191 ], [ 504780.009490461030509, 1616292.975446190452203 ], [ 504772.05351332819555, 1616294.03967844764702 ], [ 504761.678350411646534, 1616288.789974653394893 ], [ 504734.394753749424126, 1616234.790713161695749 ], [ 504732.381939865183085, 1616206.854743565665558 ], [ 504712.455661146377679, 1616163.541279029333964 ], [ 504703.804085444193333, 1616109.620476213283837 ], [ 504645.54710197658278, 1616077.793137053959072 ], [ 504629.922184360737447, 1616081.168594475602731 ], [ 504609.109058077796362, 1616077.544195628957823 ], [ 504604.384652306791395, 1616063.744319030316547 ], [ 504491.001091003534384, 1616185.993736683856696 ], [ 504599.430435903312173, 1616297.345697884215042 ] ] ] } },
{ "type": "Feature", "properties": { "barangay": "Immaculate Concepcion", "district": "DISTRICT 4", "pct_total_population": 19.7, "pct_female_population": 19.71, "pct_male_population": 19.69, "pct_children_0_4": 19.67, "pct_female_children_0_4": 19.87, "pct_male_children_0_4": 19.81, "pct_elderly_60plus": 19.73, "pct_female_elderly_60plus": 19.77, "pct_male_elderly_60plus": 19.6, "pct_childcare_facilities": 0.0, "pct_eldercare_facilities": null, "pct_pwd_facilities": 0.0 }, "geometry": { "type": "Polygon", "coordinates": [ [ [ 503935.205435781681444, 1617318.233025670284405 ], [ 504049.502571544726379, 1617181.307566709117964 ], [ 504148.721924972720444, 1617190.035692352103069 ], [ 504220.160161533567589, 1617230.118656795471907 ], [ 504447.387749661807902, 1616829.563651155680418 ], [ 504501.759538960410282, 1616820.434062025742605 ], [ 504516.839873695978895, 1616797.017600278370082 ], [ 504558.909711706219241, 1616824.401405341224745 ], [ 504618.441797999315895, 1616859.721710954327136 ], [ 505127.130307419458404, 1617031.70910231070593 ], [ 505264.960367391235195, 1617097.828163685277104 ], [ 505056.593359129095916, 1617552.089675282593817 ], [ 504966.502149869804271, 1617513.595254465704784 ], [ 504835.529096952930558, 1617378.660924621857703 ], [ 504795.839926798304077, 1617339.768038812326267 ], [ 504720.431775076431222, 1617268.333158208988607 ], [ 504569.223999011155684, 1617350.093634261749685 ], [ 504445.400731579167768, 1617413.994296612683684 ], [ 504392.616220575640909, 1617432.648849185789004 ], [ 504315.225523429282475, 1617445.748111201683059 ], [ 504180.367353263311088, 1617444.55802874895744 ], [ 503899.887329838471487, 1617419.041153334779665 ], [ 503935.205435781681444, 1617318.233025670284405 ] ] ] } },
{ "type": "Feature", "properties": { "barangay": "Kaligayahan", "district": "DISTRICT 5", "pct_total_population": 6.52, "pct_female_population": 6.52, "pct_male_population": 6.52, "pct_children_0_4": 6.52, "pct_female_children_0_4": 6.5, "pct_male_children_0_4": 6.53, "pct_elderly_60plus": 6.54, "pct_female_elderly_60plus": 6.55, "pct_male_elderly_60plus": 6.53, "pct_childcare_facilities": 8.33, "pct_eldercare_facilities": null, "pct_pwd_facilities": 0.0 }, "geometry": { "type": "Polygon", "coordinates": [ [ [ 504262.193238314474002, 1630444.92472985223867 ], [ 504188.90708089171676, 1630373.223787297029048 ], [ 504037.472601129324175, 1630224.319037944544107 ], [ 504097.95609641703777, 1630170.448226146399975 ], [ 504109.112234826490749, 1630174.822906365152448 ], [ 504107.693337460106704, 1629731.072501005604863 ], [ 504013.380180889973417, 1629728.950239497469738 ], [ 504013.315372812678106, 1629632.325144138420001 ], [ 504002.127227176504675, 1629627.700464589288458 ], [ 504014.50140771997394, 1629599.075076209614053 ], [ 503980.939221416483633, 1629593.826046202331781 ], [ 503943.71938110224437, 1629566.202099959133193 ], [ 503896.719235845434014, 1629562.828462339704856 ], [ 503895.874548435793258, 1629539.203463104786351 ], [ 504045.485599334351718, 1629466.956042879261076 ], [ 504047.070963156642392, 1629410.599940093932673 ], [ 504078.026264252664987, 1629351.067980663618073 ], [ 504004.998814808903262, 1629269.313020476372913 ], [ 503841.484093399252743, 1629215.739718091441318 ], [ 503986.738244101172313, 1629147.075428093317896 ], [ 504052.618188189866487, 1629074.048440204001963 ], [ 504065.31533245020546, 1629009.755006545688957 ], [ 504024.436956846388057, 1628998.246182832168415 ], [ 504018.263736029330175, 1628956.449320156592876 ], [ 504048.248712088505272, 1628954.589446966303512 ], [ 504089.519555410719477, 1628810.125102305551991 ], [ 504080.78855813172413, 1628810.522356411442161 ], [ 504082.771821959002409, 1628785.122273221611977 ], [ 504098.646688003791496, 1628779.961806723847985 ], [ 504107.378223837877158, 1628763.690536622656509 ], [ 504130.792947585170623, 1628753.370845834724605 ], [ 504132.776626540406141, 1628742.257777007762343 ], [ 504160.303178413538262, 1628725.883960640989244 ], [ 504200.388691550237127, 1628742.154812174383551 ], [ 504213.882497533340938, 1628735.011412875028327 ], [ 504225.391866667196155, 1628747.314090809319168 ], [ 504235.313968968694098, 1628750.488805680070072 ], [ 504257.539429561700672, 1628765.569175014737993 ], [ 504259.523881315020844, 1628781.047132919775322 ], [ 504266.541190533840563, 1628791.441939464304596 ], [ 504259.921631411474664, 1628806.844147326890379 ], [ 504260.716947116015945, 1628852.088169740280136 ], [ 504267.067737773933914, 1628879.075012355111539 ], [ 504282.546203132485971, 1628894.553578151855618 ], [ 504288.102012604125775, 1628887.806409917538986 ], [ 504304.771582980814856, 1628906.855944690993056 ], [ 504315.487559205794241, 1628905.664632095722482 ], [ 504318.661997179035097, 1628886.217520278645679 ], [ 504346.047258840117138, 1628928.68276723404415 ], [ 504361.525409406982362, 1628898.916287496685982 ], [ 504467.092731193464715, 1628871.926192679675296 ], [ 504478.602073814836331, 1628848.906835072673857 ], [ 504494.080089411465451, 1628848.906385298585519 ], [ 504493.284739080292638, 1628802.471361680421978 ], [ 504515.508711873902939, 1628766.355679533444345 ], [ 504506.776572847098578, 1628727.46189414197579 ], [ 504492.885305111878552, 1628718.730289015220478 ], [ 504496.852798235951923, 1628666.740121411159635 ], [ 504493.2804601584794, 1628655.230213628849015 ], [ 504485.74046404735418, 1628655.627433136571199 ], [ 504478.993353457830381, 1628652.055625607492402 ], [ 504475.420888550695963, 1628636.180713435867801 ], [ 504478.198037871101405, 1628606.812603192403913 ], [ 504516.695111146487761, 1628608.001485710265115 ], [ 504521.853943335707299, 1628602.048329801065847 ], [ 504575.432377846504096, 1628615.143786058528349 ], [ 504603.215190037502907, 1628642.130005881655961 ], [ 504589.721141825895756, 1628640.940396799938753 ], [ 504604.008663743094075, 1628658.402999202022329 ], [ 504591.308812425704673, 1628663.959373826859519 ], [ 504591.309273757098708, 1628679.834389791125432 ], [ 504622.663939623860642, 1628701.661500630201772 ], [ 504641.316831549629569, 1628697.2949542067945 ], [ 504715.929933034873102, 1628732.614821590017527 ], [ 505207.660369637713302, 1628730.616530471947044 ], [ 505209.443939984077588, 1628991.052740720566362 ], [ 505603.542393728217576, 1628993.025290665449575 ], [ 505602.231569370953366, 1630444.336789254331961 ], [ 504262.193238314474002, 1630444.92472985223867 ] ] ] } },
{ "type": "Feature", "properties": { "barangay": "Kalusugan", "district": "DISTRICT 4", "pct_total_population": 49.88, "pct_female_population": 49.88, "pct_male_population": 49.88, "pct_children_0_4": 49.73, "pct_female_children_0_4": 49.72, "pct_male_children_0_4": 49.74, "pct_elderly_60plus": 50.0, "pct_female_elderly_60plus": 49.61, "pct_male_elderly_60plus": 49.72, "pct_childcare_facilities": null, "pct_eldercare_facilities": 0.0, "pct_pwd_facilities": null }, "geometry": { "type": "Polygon", "coordinates": [ [ [ 502454.705945135676302, 1617111.691838557133451 ], [ 502713.220563693961594, 1617192.856408237712458 ], [ 502542.571719445113558, 1617479.405655160546303 ], [ 502471.838287845428567, 1617570.232801882084459 ], [ 502446.620145171007607, 1617600.60856523248367 ], [ 502406.447561700944789, 1617616.331748386146501 ], [ 502379.459234734182246, 1617606.013522228458896 ], [ 502359.218833805120084, 1617592.917097208090127 ], [ 502317.149249432550278, 1617574.265300918137655 ], [ 502261.189066363091115, 1617569.901922628283501 ], [ 502202.848719494300894, 1617559.981607906520367 ], [ 502148.87297320732614, 1617536.170152395498008 ], [ 502106.40658452588832, 1617524.26537440973334 ], [ 502057.987535910040606, 1617524.266781383659691 ], [ 502018.242847693909425, 1617536.370948455994949 ], [ 502000.329125319432933, 1617477.722410015994683 ], [ 501962.85078612487996, 1617432.933454013196751 ], [ 501804.488524585205596, 1617395.002017572289333 ], [ 501784.457228398183361, 1617385.502590088406578 ], [ 501776.863064510980621, 1617380.127805352443829 ], [ 501770.299440443399362, 1617358.877974705537781 ], [ 501766.048938465188257, 1617341.753080991795287 ], [ 501833.85707356245257, 1617172.000939897028729 ], [ 501832.106628684792668, 1617156.750975419068709 ], [ 501829.106338686717208, 1617146.876052670646459 ], [ 501821.731120580574498, 1617139.626259694807231 ], [ 501810.605786031694151, 1617128.501571786124259 ], [ 501648.16359800711507, 1616990.006152744172141 ], [ 501631.756847715354525, 1616964.756604095222428 ], [ 501615.630480244290084, 1616918.25702593754977 ], [ 501608.348357699927874, 1616879.882198946084827 ], [ 501611.732359466608614, 1616845.41206594184041 ], [ 502454.705945135676302, 1617111.691838557133451 ] ] ] } },
{ "type": "Feature", "properties": { "barangay": "Kamuning", "district": "DISTRICT 4", "pct_total_population": 34.29, "pct_female_population": 34.29, "pct_male_population": 34.29, "pct_children_0_4": 34.26, "pct_female_children_0_4": 34.22, "pct_male_children_0_4": 34.3, "pct_elderly_60plus": 34.27, "pct_female_elderly_60plus": 34.25, "pct_male_elderly_60plus": 34.29, "pct_childcare_facilities": 33.33, "pct_eldercare_facilities": null, "pct_pwd_facilities": 50.0 }, "geometry": { "type": "Polygon", "coordinates": [ [ [ 503495.87800761469407, 1617800.450276692397892 ], [ 503455.391061797796283, 1617597.251248818123713 ], [ 503485.156057165993843, 1617596.059382704319432 ], [ 503512.2149031952722, 1617589.827590157510713 ], [ 503528.245748581946827, 1617583.952118422370404 ], [ 503546.80723327974556, 1617565.576560572488233 ], [ 503575.181665981013793, 1617545.075715451268479 ], [ 503601.088198028795887, 1617528.07494555064477 ], [ 503641.774537791265175, 1617503.948739017825574 ], [ 503679.962049383320846, 1617485.822611136827618 ], [ 503711.992732915561646, 1617473.821668311487883 ], [ 503736.586550500767771, 1617466.695946489693597 ], [ 503764.836480776604731, 1617463.320122196339071 ], [ 503793.023480086412746, 1617462.319302136776969 ], [ 503813.898504645389039, 1617462.443695660913363 ], [ 503829.8365606314037, 1617463.818233921192586 ], [ 503850.742443566967268, 1617459.067621654365212 ], [ 503874.148227343859617, 1617450.816933226538822 ], [ 503893.773072726849932, 1617444.81635692412965 ], [ 503910.961057258653454, 1617443.690856338012964 ], [ 503934.273124337254558, 1617445.190180446254089 ], [ 503951.367359408177435, 1617452.689691256964579 ], [ 503970.743163551029284, 1617479.689155377680436 ], [ 503988.993759410746861, 1617499.563645034329966 ], [ 504014.463649598241318, 1617529.31293484265916 ], [ 504040.026390868064482, 1617553.937216801801696 ], [ 504063.151955327135511, 1617572.561563539784402 ], [ 504087.527517394220922, 1617591.060873839538544 ], [ 504108.457894610706717, 1617603.314277962315828 ], [ 504150.130582307407167, 1617625.538089375477284 ], [ 504231.887783172482159, 1617664.032752366736531 ], [ 504353.730254935449921, 1617710.463258526287973 ], [ 504422.788304745743517, 1617744.196285753743723 ], [ 504445.013869054499082, 1617762.84865866904147 ], [ 504470.811229464248754, 1617774.356920613208786 ], [ 504504.545390245562885, 1617778.721944748656824 ], [ 504537.08912308170693, 1617768.401988704223186 ], [ 504552.170311147870962, 1617774.35455646016635 ], [ 504603.368977333360817, 1617829.916124585317448 ], [ 504614.879542523529381, 1617848.965809272602201 ], [ 504635.914163323061075, 1617869.602218789281324 ], [ 504676.792527368816081, 1617880.714042108505964 ], [ 504748.627530351106543, 1617878.330952314892784 ], [ 504809.746660875563975, 1617880.710178690264001 ], [ 504845.068673329020385, 1617879.915151492925361 ], [ 504913.727730693528429, 1617879.516155971214175 ], [ 504804.593425827973988, 1618113.676562707638368 ], [ 504771.052499057084788, 1618186.177610265091062 ], [ 503495.87800761469407, 1617800.450276692397892 ] ] ] } },
{ "type": "Feature", "properties": { "barangay": "Katipunan", "district": "DISTRICT 1", "pct_total_population": 98.34, "pct_female_population": 98.34, "pct_male_population": 98.33, "pct_children_0_4": 98.28, "pct_female_children_0_4": 98.48, "pct_male_children_0_4": 98.34, "pct_elderly_60plus": 98.35, "pct_female_elderly_60plus": 98.42, "pct_male_elderly_60plus": 98.25, "pct_childcare_facilities": 100.0, "pct_eldercare_facilities": null, "pct_pwd_facilities": null }, "geometry": { "type": "Polygon", "coordinates": [ [ [ 501545.198528892186005, 1621086.092264837352559 ], [ 501554.188554836029653, 1621052.262969560688362 ], [ 501552.341175164736342, 1621039.260010165162385 ], [ 501547.180870069656521, 1621028.941149735357612 ], [ 501522.574084140185732, 1621002.748838415136561 ], [ 501509.873506300325971, 1620983.302187908207998 ], [ 501486.852510844590142, 1620915.436788584338501 ], [ 501486.056895361049101, 1620859.873755807289854 ], [ 501482.87996608071262, 1620793.595781449927017 ], [ 501477.719703838112764, 1620750.336887880926952 ], [ 501555.111081432783976, 1620760.652649405878037 ], [ 501594.005339608236682, 1620768.192526793805882 ], [ 501624.148237532062922, 1620763.635646308073774 ], [ 501644.742349079868291, 1620766.760051025077701 ], [ 501659.48963607265614, 1620776.128631920320913 ], [ 501665.840011538413819, 1620788.828460161341354 ], [ 501673.381261321657803, 1620797.162249403772876 ], [ 501682.906478565302677, 1620804.305979806464165 ], [ 501692.828638456820045, 1620809.46469668392092 ], [ 501707.512653151759878, 1620809.4642699805554 ], [ 501720.212608271336649, 1620807.479898950550705 ], [ 501732.912517250166275, 1620803.90752631588839 ], [ 501737.278498512634542, 1620803.113398657878861 ], [ 501749.581441751739476, 1620800.732038760790601 ], [ 501763.472317222505808, 1620795.968630315503106 ], [ 501777.362319679174107, 1620795.5722263045609 ], [ 501798.000478875241242, 1620800.333631382090971 ], [ 501805.540520993585233, 1620801.524413478560746 ], [ 501818.240476059727371, 1620799.539042443735525 ], [ 501831.734362836345099, 1620795.173645946895704 ], [ 501842.053188680787571, 1620788.823339706286788 ], [ 501876.184003762435168, 1620781.281340340385213 ], [ 501881.344885546423029, 1620811.444220713339746 ], [ 501930.560810175316874, 1620944.792924729874358 ], [ 501951.200341827003285, 1620996.783377279061824 ], [ 501970.970097176672425, 1621056.500862885965034 ], [ 501983.747280950658023, 1621096.794532136525959 ], [ 501906.863106131902896, 1621093.440762877231464 ], [ 501545.198528892186005, 1621086.092264837352559 ] ] ] } },
{ "type": "Feature", "properties": { "barangay": "Kaunlaran", "district": "DISTRICT 4", "pct_total_population": 4.23, "pct_female_population": 4.23, "pct_male_population": 4.22, "pct_children_0_4": 4.18, "pct_female_children_0_4": 4.22, "pct_male_children_0_4": 4.15, "pct_elderly_60plus": 4.25, "pct_female_elderly_60plus": 4.29, "pct_male_elderly_60plus": 4.17, "pct_childcare_facilities": 0.0, "pct_eldercare_facilities": 0.0, "pct_pwd_facilities": null }, "geometry": { "type": "Polygon", "coordinates": [ [ [ 505082.199908525857609, 1616606.608980449149385 ], [ 505094.106393434572965, 1616622.880650820676237 ], [ 505094.895435114565771, 1616624.289629317587242 ], [ 505099.66268735518679, 1616632.802499341312796 ], [ 505105.797030152869411, 1616644.387332734884694 ], [ 505106.864086415385827, 1616646.285303646000102 ], [ 505129.488784835499246, 1616738.359738794155419 ], [ 505138.316953064175323, 1616778.251522372709587 ], [ 505142.191092735971324, 1616817.337449098704383 ], [ 505145.014008108351845, 1616951.967502452200279 ], [ 505145.014009377278853, 1616952.012502497760579 ], [ 505141.402947549417149, 1616984.422640014905483 ], [ 505127.142307660076767, 1617031.715101960347965 ], [ 505127.130308744090144, 1617031.755102349678054 ], [ 504618.258801005547866, 1616859.829716385342181 ], [ 504558.726714715710841, 1616824.509410759434104 ], [ 504516.656876575259957, 1616797.125605702633038 ], [ 503838.249265715188812, 1616386.640906217275187 ], [ 503993.172917881573085, 1616128.437144779600203 ], [ 504063.142601029074285, 1616183.935167396673933 ], [ 504092.456291606766172, 1616206.684338466729969 ], [ 504107.925819315889385, 1616224.30890668136999 ], [ 504116.457332806312479, 1616241.683676237007603 ], [ 504128.176659613964148, 1616286.933381193550304 ], [ 504140.14622374845203, 1616305.933052493259311 ], [ 504165.960012519615702, 1616332.182328780414537 ], [ 504221.055499084293842, 1616381.430777330417186 ], [ 504243.43108103639679, 1616400.680146496510133 ], [ 504291.713095780985896, 1616433.928776937536895 ], [ 504399.411174794251565, 1616501.742715619737282 ], [ 504599.430435903312173, 1616297.345697884215042 ], [ 504491.001091003534384, 1616185.993736683856696 ], [ 504604.384652306791395, 1616063.744319030316547 ], [ 504609.109058077796362, 1616077.544195628957823 ], [ 504629.922184360737447, 1616081.168594475602731 ], [ 504645.54710197658278, 1616077.793137053959072 ], [ 504703.804085444193333, 1616109.620476213283837 ], [ 504712.455661146377679, 1616163.541279029333964 ], [ 504732.381939865183085, 1616206.854743565665558 ], [ 504734.394753749424126, 1616234.790713161695749 ], [ 504761.678350411646534, 1616288.789974653394893 ], [ 504772.05351332819555, 1616294.03967844764702 ], [ 504780.009490461030509, 1616292.975446190452203 ], [ 504813.346981773560401, 1616274.320458705304191 ], [ 504824.026230821153149, 1616282.521156632108614 ], [ 504831.11538746044971, 1616287.662955800071359 ], [ 504839.144503661431372, 1616291.385726236738265 ], [ 504854.225530372990761, 1616291.782288410468027 ], [ 504888.960134624037892, 1616276.964264183538035 ], [ 504919.622881063667592, 1616370.4094671420753 ], [ 504992.250070269277785, 1616477.641464543063194 ], [ 505054.840645615418907, 1616564.096732708625495 ], [ 505082.199908525857609, 1616606.608980449149385 ] ] ] } },
{ "type": "Feature", "properties": { "barangay": "Kristong Hari", "district": "DISTRICT 4", "pct_total_population": 42.85, "pct_female_population": 42.87, "pct_male_population": 42.87, "pct_children_0_4": 42.83, "pct_female_children_0_4": 42.79, "pct_male_children_0_4": 42.86, "pct_elderly_60plus": 42.86, "pct_female_elderly_60plus": 42.99, "pct_male_elderly_60plus": 42.67, "pct_childcare_facilities": 50.0, "pct_eldercare_facilities": 0.0, "pct_pwd_facilities": 0.0 }, "geometry": { "type": "Polygon", "coordinates": [ [ [ 503007.319618575042114, 1617666.320338423363864 ], [ 502987.475483318092301, 1617662.35291107557714 ], [ 502959.297351166896988, 1617658.781726285116747 ], [ 502932.309174135443754, 1617653.622505319304764 ], [ 502898.575024911726359, 1617649.65548158576712 ], [ 502871.715821795223746, 1617643.596255967859179 ], [ 502846.871702453645412, 1617640.346974625252187 ], [ 502834.677280193660408, 1617626.241314785322174 ], [ 502821.976702319225296, 1617606.79466428165324 ], [ 502805.704051615903154, 1617584.967115183593705 ], [ 502785.963498016120866, 1617566.598670339211822 ], [ 502768.61879771220265, 1617543.099150711204857 ], [ 502757.024222980777267, 1617523.724468138534576 ], [ 502745.461702852975577, 1617506.224786528386176 ], [ 502723.617248534807004, 1617491.350406317273155 ], [ 502707.554058090201579, 1617485.350867057684809 ], [ 502687.085990286665037, 1617483.726460188860074 ], [ 502669.491968988673761, 1617483.6019713121932 ], [ 502651.804114737431519, 1617489.227490943390876 ], [ 502628.211555976013187, 1617505.228192596696317 ], [ 502613.523748248000629, 1617512.353626562515274 ], [ 502592.89901819836814, 1617522.354235931765288 ], [ 502578.21212688810192, 1617526.604666986269876 ], [ 502559.149194912111852, 1617529.605223935097456 ], [ 502540.087212153885048, 1617530.855779093923047 ], [ 502526.868325940682553, 1617535.23116761026904 ], [ 502509.118725910608191, 1617549.606697839684784 ], [ 502498.775049696967471, 1617561.107009974773973 ], [ 502483.963499734993093, 1617577.107456469908357 ], [ 502469.181953558814712, 1617593.232902206014842 ], [ 502454.401276527729351, 1617604.858343395404518 ], [ 502439.682468834507745, 1617611.983778262510896 ], [ 502406.447561700944789, 1617616.331748386146501 ], [ 502446.620145171007607, 1617600.60856523248367 ], [ 502471.838287845428567, 1617570.232801882084459 ], [ 502542.571719445113558, 1617479.405655160546303 ], [ 502713.220563693961594, 1617192.856408237712458 ], [ 503253.333155425265431, 1617366.584888278041035 ], [ 503899.887329838471487, 1617419.041153334779665 ], [ 504180.367353263311088, 1617444.55802874895744 ], [ 504133.838856614078395, 1617532.309469031635672 ], [ 504124.401471986318938, 1617553.809764879522845 ], [ 504120.307794805034064, 1617565.059895157348365 ], [ 504108.457894610706717, 1617603.314277962315828 ], [ 504087.527517394220922, 1617591.060873839538544 ], [ 504063.151955327135511, 1617572.561563539784402 ], [ 504040.026390868064482, 1617553.937216801801696 ], [ 504014.463649598241318, 1617529.31293484265916 ], [ 503988.993759410746861, 1617499.563645034329966 ], [ 503970.743163551029284, 1617479.689155377680436 ], [ 503951.367359408177435, 1617452.689691256964579 ], [ 503934.273124337254558, 1617445.190180446254089 ], [ 503910.961057258653454, 1617443.690856338012964 ], [ 503893.773072726849932, 1617444.81635692412965 ], [ 503874.148227343859617, 1617450.816933226538822 ], [ 503850.742443566967268, 1617459.067621654365212 ], [ 503829.8365606314037, 1617463.818233921192586 ], [ 503813.898504645389039, 1617462.443695660913363 ], [ 503793.023480086412746, 1617462.319302136776969 ], [ 503764.836480776604731, 1617463.320122196339071 ], [ 503736.586550500767771, 1617466.695946489693597 ], [ 503711.992732915561646, 1617473.821668311487883 ], [ 503679.962049383320846, 1617485.822611136827618 ], [ 503641.774537791265175, 1617503.948739017825574 ], [ 503601.088198028795887, 1617528.07494555064477 ], [ 503575.181665981013793, 1617545.075715451268479 ], [ 503546.80723327974556, 1617565.576560572488233 ], [ 503528.245748581946827, 1617583.952118422370404 ], [ 503512.2149031952722, 1617589.827590157510713 ], [ 503485.156057165993843, 1617596.059382704319432 ], [ 503455.391061797796283, 1617597.251248818123713 ], [ 503443.746172247105278, 1617601.45459142816253 ], [ 503433.871140501229092, 1617600.704877626383677 ], [ 503422.21504524856573, 1617597.830213431967422 ], [ 503405.151919202005956, 1617594.080705494852737 ], [ 503391.651847468921915, 1617592.081095763016492 ], [ 503377.339702364231925, 1617587.581507125869393 ], [ 503361.727690920059104, 1617587.728960937121883 ], [ 503344.661685337196104, 1617588.126457235310227 ], [ 503334.026934888621327, 1617597.082775267306715 ], [ 503324.996183718089014, 1617605.958046617917717 ], [ 503316.746538701816462, 1617618.458298902027309 ], [ 503310.371739416150376, 1617625.583491312339902 ], [ 503301.215380386798643, 1617647.958779886830598 ], [ 503284.091490387218073, 1617652.334281868766993 ], [ 503265.184416911914013, 1617650.459829390281811 ], [ 503246.34131076943595, 1617647.460373917594552 ], [ 503228.372158294310793, 1617642.835891418159008 ], [ 503206.809082184336148, 1617640.961516121635213 ], [ 503178.028045993647538, 1617640.712352188536897 ], [ 503156.372227628831752, 1617647.712988514918834 ], [ 503123.93439482152462, 1617654.588938010158017 ], [ 503095.059645538683981, 1617664.214786739321426 ], [ 503076.153702818322927, 1617666.840338750276715 ], [ 503053.653749266290106, 1617669.2159949534107 ], [ 503007.319618575042114, 1617666.320338423363864 ] ] ] } },
{ "type": "Feature", "properties": { "barangay": "Krus na Ligas", "district": "DISTRICT 4", "pct_total_population": 0.0, "pct_female_population": 0.0, "pct_male_population": 0.0, "pct_children_0_4": 0.0, "pct_female_children_0_4": 0.0, "pct_male_children_0_4": 0.0, "pct_elderly_60plus": 0.0, "pct_female_elderly_60plus": 0.0, "pct_male_elderly_60plus": 0.0, "pct_childcare_facilities": 0.0, "pct_eldercare_facilities": null, "pct_pwd_facilities": 0.0 }, "geometry": { "type": "Polygon", "coordinates": [ [ [ 506536.674679502670188, 1618819.520941056311131 ], [ 506635.89406753599178, 1618829.440067874267697 ], [ 506649.785196835407987, 1618833.40866821212694 ], [ 506735.113040271680802, 1618825.071180326864123 ], [ 506803.500055155716836, 1618892.038260450121015 ], [ 506825.405497797997668, 1619973.238711202982813 ], [ 506449.065889201592654, 1619896.494569892995059 ], [ 506483.802571226027794, 1619471.424133017193526 ], [ 506536.674679502670188, 1618819.520941056311131 ] ] ] } },
{ "type": "Feature", "properties": { "barangay": "Laging Handa", "district": "DISTRICT 4", "pct_total_population": 4.14, "pct_female_population": 4.12, "pct_male_population": 4.15, "pct_children_0_4": 4.04, "pct_female_children_0_4": 3.91, "pct_male_children_0_4": 4.17, "pct_elderly_60plus": 4.08, "pct_female_elderly_60plus": 4.25, "pct_male_elderly_60plus": 4.42, "pct_childcare_facilities": 0.0, "pct_eldercare_facilities": null, "pct_pwd_facilities": 0.0 }, "geometry": { "type": "Polygon", "coordinates": [ [ [ 502876.775744297192432, 1618638.671109731541947 ], [ 502713.656835568428505, 1618544.21975467260927 ], [ 502612.439470386307221, 1618087.815236832713708 ], [ 503515.724484157108236, 1617884.984785008942708 ], [ 503670.922535341465846, 1618569.591963747749105 ], [ 503206.58111365721561, 1618674.380562089616433 ], [ 502999.80924387043342, 1618720.424616824369878 ], [ 502876.775744297192432, 1618638.671109731541947 ] ] ] } },
{ "type": "Feature", "properties": { "barangay": "Libis", "district": "DISTRICT 3", "pct_total_population": 34.09, "pct_female_population": 34.07, "pct_male_population": 34.11, "pct_children_0_4": 34.16, "pct_female_children_0_4": 33.97, "pct_male_children_0_4": 34.34, "pct_elderly_60plus": 33.94, "pct_female_elderly_60plus": 34.22, "pct_male_elderly_60plus": 34.39, "pct_childcare_facilities": 0.0, "pct_eldercare_facilities": null, "pct_pwd_facilities": null }, "geometry": { "type": "Polygon", "coordinates": [ [ [ 508302.253880659525748, 1616391.04419426410459 ], [ 508295.610928420675918, 1616427.328423783415928 ], [ 508300.613766797061544, 1616524.823376418789849 ], [ 508357.635348573094234, 1616680.513875990174711 ], [ 508232.911297288606875, 1616683.064502847613767 ], [ 508215.630269062297884, 1616682.690004626754671 ], [ 508172.196159915009048, 1616680.436264490708709 ], [ 508120.602004303596914, 1616676.865760143380612 ], [ 508101.948708833137061, 1616667.341292607830837 ], [ 508088.453980117861647, 1616642.735660007689148 ], [ 508071.386125731281936, 1616545.105057812295854 ], [ 508065.432658506208099, 1616529.230214852839708 ], [ 507971.372010368213523, 1616510.18292895029299 ], [ 507906.680922348867171, 1616509.390807983465493 ], [ 507937.6336975992308, 1616362.942761306650937 ], [ 507959.064765169343445, 1616364.529140141559765 ], [ 507989.226437914883718, 1616352.225251328665763 ], [ 508001.133473032095935, 1616353.018906118813902 ], [ 508014.230924363364466, 1616368.099540697410703 ], [ 508026.533936799271032, 1616368.099183186190203 ], [ 508059.473520069092046, 1616352.620210452703759 ], [ 508080.50794138252968, 1616331.981578477425501 ], [ 508094.001828061416745, 1616327.616181978024542 ], [ 508118.210425608849619, 1616312.930463751079515 ], [ 508132.101059007341973, 1616299.833046935731545 ], [ 508157.104257163242437, 1616305.786326370900497 ], [ 508163.851736748591065, 1616322.057146661682054 ], [ 508173.773746727092657, 1616322.056858341675252 ], [ 508188.370092208089773, 1616333.440445644548163 ], [ 508197.983520730980672, 1616347.853180774720386 ], [ 508243.245637718471698, 1616350.31386800436303 ], [ 508281.355467297020368, 1616377.542787965387106 ], [ 508302.253880659525748, 1616391.04419426410459 ] ] ] } },
{ "type": "Feature", "properties": { "barangay": "Lourdes", "district": "DISTRICT 1", "pct_total_population": 7.18, "pct_female_population": 7.18, "pct_male_population": 7.17, "pct_children_0_4": 7.06, "pct_female_children_0_4": 7.32, "pct_male_children_0_4": 7.39, "pct_elderly_60plus": 7.18, "pct_female_elderly_60plus": 7.14, "pct_male_elderly_60plus": 7.23, "pct_childcare_facilities": 0.0, "pct_eldercare_facilities": null, "pct_pwd_facilities": null }, "geometry": { "type": "Polygon", "coordinates": [ [ [ 499482.437896227405872, 1617901.070000802865252 ], [ 499549.777732005401049, 1617755.442897552624345 ], [ 499758.858770451624878, 1617302.186366167617962 ], [ 500001.518218112760223, 1617412.42942586587742 ], [ 500247.121789297380019, 1616873.005746556213126 ], [ 500248.46370498574106, 1616870.058704593917355 ], [ 500726.712079759221524, 1617313.752253929851577 ], [ 500320.84133238682989, 1617749.42048593563959 ], [ 500114.186098091711756, 1618195.853939985623583 ], [ 499893.090902796713635, 1618093.551261664368212 ], [ 499482.437896227405872, 1617901.070000802865252 ] ] ] } },
{ "type": "Feature", "properties": { "barangay": "Loyola Heights", "district": "DISTRICT 3", "pct_total_population": 27.22, "pct_female_population": 27.22, "pct_male_population": 27.22, "pct_children_0_4": 27.2, "pct_female_children_0_4": 27.25, "pct_male_children_0_4": 27.28, "pct_elderly_60plus": 27.22, "pct_female_elderly_60plus": 27.18, "pct_male_elderly_60plus": 27.16, "pct_childcare_facilities": 31.25, "pct_eldercare_facilities": null, "pct_pwd_facilities": 0.0 }, "geometry": { "type": "Polygon", "coordinates": [ [ [ 508202.999223802122287, 1619709.693415279034525 ], [ 508176.187687290133908, 1619726.569211347028613 ], [ 508153.657282194704749, 1619747.819887423422188 ], [ 508117.533426521753427, 1619788.445977981900796 ], [ 508104.751838727563154, 1619803.071364109404385 ], [ 508084.596159974869806, 1619814.821961621753871 ], [ 508067.252298703417182, 1619820.197471012594178 ], [ 507999.940688812057488, 1619835.949442837620154 ], [ 507913.690765713807195, 1619841.576954792952165 ], [ 507877.252776247099973, 1619843.203015265986323 ], [ 507871.568916470103431, 1619951.453289287630469 ], [ 506803.500055155716836, 1618892.038260450121015 ], [ 506800.77797501697205, 1618889.373336871154606 ], [ 506735.113040271680802, 1618825.071180326864123 ], [ 506735.635953936376609, 1618822.082162126665935 ], [ 506752.176220234890934, 1618727.439586323685944 ], [ 506811.699379465659149, 1618455.577583291567862 ], [ 506841.055489794642199, 1618458.356733041582629 ], [ 506849.649469369382132, 1618457.356482312548906 ], [ 506887.055198184447363, 1618446.730384673690423 ], [ 506891.399148008902557, 1618444.85525655024685 ], [ 506909.617893839313183, 1618435.479717720299959 ], [ 506926.195536461716983, 1618422.608223059214652 ], [ 506933.338439895655029, 1618419.036011897725984 ], [ 506942.864403279440012, 1618417.44873350020498 ], [ 506968.265155461500399, 1618442.451020534615964 ], [ 507052.006000720197335, 1618468.642613492207602 ], [ 507060.341009100724477, 1618468.642371281050146 ], [ 507085.274262782942969, 1618442.099620076362044 ], [ 507145.271852227044292, 1618460.305894937366247 ], [ 507186.944539904419798, 1618482.529706342145801 ], [ 507205.20058135187719, 1618483.322176649235189 ], [ 507248.063324492890388, 1618473.00292074168101 ], [ 507272.962076107272878, 1618463.594187760725617 ], [ 507302.831618335272651, 1618446.807302918052301 ], [ 507327.086146115907468, 1618429.717580931261182 ], [ 507350.209970495023299, 1618388.466867507668212 ], [ 507357.147846678970382, 1618383.966661380603909 ], [ 507379.824104070663452, 1618392.036010555922985 ], [ 507417.364651406358462, 1618306.339833522215486 ], [ 507487.626257911266293, 1618152.728637359570712 ], [ 507524.929619573929813, 1618060.652460798854008 ], [ 507456.665501508919988, 1618024.539408143609762 ], [ 507578.851278464891948, 1617840.584672638215125 ], [ 507652.227296656812541, 1617873.082573122810572 ], [ 507731.349179279757664, 1617866.307267151307315 ], [ 507784.927256165246945, 1617867.0997110507451 ], [ 507834.414479608589318, 1617873.077279031043872 ], [ 507866.195685849699657, 1617879.076361551415175 ], [ 508052.843613779230509, 1617938.961998050333932 ], [ 508125.650893868703861, 1617980.489924139110371 ], [ 508143.786212645936757, 1617990.834407551912591 ], [ 508146.658440512721427, 1617998.575331882108003 ], [ 508146.824465933023021, 1617999.443327926332131 ], [ 508147.887630497396458, 1618005.068302684696391 ], [ 508202.710887552588247, 1618149.660854995716363 ], [ 508235.845565501600504, 1618343.896087442524731 ], [ 508245.905757581233047, 1618625.441078201401979 ], [ 508263.813137778546661, 1618672.315604972885922 ], [ 508367.036531561519951, 1618819.937753886450082 ], [ 508473.603063187911175, 1618972.18481030757539 ], [ 508476.760204370773863, 1618976.934723340207711 ], [ 508617.828946485416964, 1619204.055852457880974 ], [ 508841.277278323657811, 1619517.437674469314516 ], [ 508828.58282472594874, 1619708.732235713861883 ], [ 508773.023217572190333, 1619827.399969524471089 ], [ 508689.067826838989276, 1619885.679467759327963 ], [ 508653.169380785315298, 1619905.984531339257956 ], [ 508628.563886582967825, 1619924.241264692973346 ], [ 508593.63794385548681, 1619927.417282795300707 ], [ 508559.506828828074504, 1619924.640271806623787 ], [ 508519.474081527383532, 1619900.309410635614768 ], [ 508365.281819160503801, 1619724.563714521937072 ], [ 508348.062445871008094, 1619712.314202572219074 ], [ 508320.374047482036985, 1619699.564994336105883 ], [ 508294.96785119298147, 1619693.690726704429835 ], [ 508263.18671034189174, 1619689.941646448336542 ], [ 508229.28090872411849, 1619697.94263975112699 ], [ 508202.999223802122287, 1619709.693415279034525 ] ] ] } },
{ "type": "Feature", "properties": { "barangay": "Maharlika", "district": "DISTRICT 1", "pct_total_population": 62.76, "pct_female_population": 62.78, "pct_male_population": 62.78, "pct_children_0_4": 62.57, "pct_female_children_0_4": 62.73, "pct_male_children_0_4": 62.79, "pct_elderly_60plus": 62.88, "pct_female_elderly_60plus": 62.66, "pct_male_elderly_60plus": 62.58, "pct_childcare_facilities": 50.0, "pct_eldercare_facilities": null, "pct_pwd_facilities": 100.0 }, "geometry": { "type": "Polygon", "coordinates": [ [ [ 499162.809135228337254, 1618849.455242587951943 ], [ 499414.939747459371574, 1618035.928097809897736 ], [ 499482.437896227405872, 1617901.070000802865252 ], [ 499893.090902796713635, 1618093.551261664368212 ], [ 499521.159911106457002, 1618898.162878615083173 ], [ 499422.318345618783496, 1618882.125734630273655 ], [ 499162.809135228337254, 1618849.455242587951943 ] ] ] } },
{ "type": "Feature", "properties": { "barangay": "Malaya", "district": "DISTRICT 4", "pct_total_population": 0.0, "pct_female_population": 0.0, "pct_male_population": 0.0, "pct_children_0_4": 0.0, "pct_female_children_0_4": 0.0, "pct_male_children_0_4": 0.0, "pct_elderly_60plus": 0.0, "pct_female_elderly_60plus": 0.0, "pct_male_elderly_60plus": 0.0, "pct_childcare_facilities": 0.0, "pct_eldercare_facilities": null, "pct_pwd_facilities": null }, "geometry": { "type": "Polygon", "coordinates": [ [ [ 505778.937207495386247, 1619001.543142763432115 ], [ 505774.569403905596118, 1618939.63120742700994 ], [ 505769.407818569219671, 1618885.259302734630182 ], [ 505755.514840498683043, 1618783.262603868730366 ], [ 505740.561889355652966, 1618716.638971381355077 ], [ 505706.775312061363366, 1618525.889761337079108 ], [ 505698.67973460489884, 1618471.889942274894565 ], [ 505703.148078002617694, 1618449.139789559179917 ], [ 505719.401337446586695, 1618388.685256466269493 ], [ 506028.967312710534316, 1618480.354353161994368 ], [ 506017.856431822816376, 1618519.248715142020956 ], [ 505997.61665715574054, 1618562.11234638444148 ], [ 505984.918109062011354, 1618612.51576607208699 ], [ 505971.424245498492382, 1618617.675163366133347 ], [ 505919.830885622650385, 1618641.489686535438523 ], [ 505897.209405028552283, 1618660.143362639239058 ], [ 505910.308125202020165, 1618718.881041084416211 ], [ 505921.422808677947614, 1618776.427775972289965 ], [ 505930.156101086293347, 1618855.008601224049926 ], [ 505938.889589597994927, 1618940.336433256976306 ], [ 505940.068392372748349, 1619002.332461346872151 ], [ 505938.879351959156338, 1619069.801563752582297 ], [ 505777.748063173086848, 1619065.440241586184129 ], [ 505778.937207495386247, 1619001.543142763432115 ] ] ] } },
{ "type": "Feature", "properties": { "barangay": "Mangga", "district": "DISTRICT 3", "pct_total_population": 79.59, "pct_female_population": 79.64, "pct_male_population": 79.54, "pct_children_0_4": 78.87, "pct_female_children_0_4": 79.41, "pct_male_children_0_4": 78.38, "pct_elderly_60plus": 79.76, "pct_female_elderly_60plus": 78.0, "pct_male_elderly_60plus": 80.0, "pct_childcare_facilities": 100.0, "pct_eldercare_facilities": null, "pct_pwd_facilities": null }, "geometry": { "type": "Polygon", "coordinates": [ [ [ 506539.624043694522697, 1617283.470310760196298 ], [ 506558.277673621370923, 1617304.503789868671447 ], [ 506608.286730699241161, 1617373.559406124288216 ], [ 506620.98797760088928, 1617416.025079746264964 ], [ 506655.913485480705276, 1617432.295081230811775 ], [ 506654.839038448117208, 1617451.361131622456014 ], [ 506637.220933262724429, 1617482.761675141518936 ], [ 506641.190963800647296, 1617518.083595298230648 ], [ 506655.875405304483138, 1617532.768183362670243 ], [ 506660.241801851894706, 1617546.26207005023025 ], [ 506651.907669988286216, 1617576.424342555692419 ], [ 506651.12447384611005, 1617604.111393148312345 ], [ 506674.927973272046074, 1617620.476717911893502 ], [ 506680.087785841955338, 1617648.258595918305218 ], [ 506668.182223653304391, 1617663.73695743852295 ], [ 506659.848618953954428, 1617677.627213568193838 ], [ 506647.941987659083679, 1617690.724572725594044 ], [ 506634.097238172776997, 1617734.237018783111125 ], [ 506611.065807210747153, 1617754.612708521075547 ], [ 506606.410060478956439, 1617763.487852733815089 ], [ 506371.71536075748736, 1617644.298552740598097 ], [ 506539.624043694522697, 1617283.470310760196298 ] ] ] } },
{ "type": "Feature", "properties": { "barangay": "Manresa", "district": "DISTRICT 1", "pct_total_population": 25.85, "pct_female_population": 25.84, "pct_male_population": 25.84, "pct_children_0_4": 25.83, "pct_female_children_0_4": 25.78, "pct_male_children_0_4": 25.84, "pct_elderly_60plus": 25.87, "pct_female_elderly_60plus": 25.81, "pct_male_elderly_60plus": 25.77, "pct_childcare_facilities": 28.57, "pct_eldercare_facilities": null, "pct_pwd_facilities": null }, "geometry": { "type": "Polygon", "coordinates": [ [ [ 500252.485779465758242, 1619728.601463100174442 ], [ 500131.216676352429204, 1619694.838952988851815 ], [ 500012.94687701825751, 1619671.426366129890084 ], [ 499925.236558223026805, 1619663.490906844846904 ], [ 499920.133543665113393, 1619663.168054794427007 ], [ 499643.057755706831813, 1619645.640088452259079 ], [ 499498.654118050762918, 1619628.697267493931577 ], [ 499327.250666465843096, 1619619.087238479405642 ], [ 499331.61422910541296, 1619569.477061777375638 ], [ 499422.318345618783496, 1618882.125734630273655 ], [ 499521.159911106457002, 1618898.162878615083173 ], [ 499968.114123921317514, 1618958.841952048242092 ], [ 500232.720373162941542, 1618992.674297139281407 ], [ 500447.904433851945214, 1619021.727073529735208 ], [ 500599.511197515239473, 1619042.757689285092056 ], [ 500589.590017941023689, 1619071.33300631842576 ], [ 500578.479079342272598, 1619108.242366310907528 ], [ 500513.106494454899803, 1619365.666524855885655 ], [ 500506.336113162222318, 1619421.601777862757444 ], [ 500499.988263571809512, 1619495.818036975106224 ], [ 500500.782510010525584, 1619538.681057014269754 ], [ 500508.721878925221972, 1619585.511873417301103 ], [ 500531.38163181161508, 1619713.868344087619334 ], [ 500434.800228057370987, 1619703.319139954866841 ], [ 500272.921971940551884, 1619734.51687520975247 ], [ 500252.485779465758242, 1619728.601463100174442 ] ] ] } },
{ "type": "Feature", "properties": { "barangay": "Mariana", "district": "DISTRICT 4", "pct_total_population": 8.03, "pct_female_population": 8.03, "pct_male_population": 8.03, "pct_children_0_4": 8.06, "pct_female_children_0_4": 7.98, "pct_male_children_0_4": 8.13, "pct_elderly_60plus": 8.02, "pct_female_elderly_60plus": 7.95, "pct_male_elderly_60plus": 8.12, "pct_childcare_facilities": 0.0, "pct_eldercare_facilities": 0.0, "pct_pwd_facilities": 0.0 }, "geometry": { "type": "Polygon", "coordinates": [ [ [ 503899.887329838471487, 1617419.041153334779665 ], [ 503253.333155425265431, 1617366.584888278041035 ], [ 502713.220563693961594, 1617192.856408237712458 ], [ 502454.705945135676302, 1617111.691838557133451 ], [ 502998.174058085598517, 1616202.091131643392146 ], [ 503025.359817622869741, 1616158.465297811897472 ], [ 503059.297229886346031, 1616171.476324734278023 ], [ 503084.06038168509258, 1616175.845609560608864 ], [ 503113.678157452377491, 1616167.104740131646395 ], [ 503137.663803373288829, 1616154.091030070092529 ], [ 503173.922774373786524, 1616151.835974182002246 ], [ 503197.14039807143854, 1616138.08528570109047 ], [ 503215.273120896250475, 1616093.509713968494907 ], [ 503225.676405350735877, 1616068.526386545505375 ], [ 503354.234760689549148, 1616110.717693308833987 ], [ 503413.37046595395077, 1616132.940997280646116 ], [ 503447.423059939872473, 1616152.203027150360867 ], [ 503597.98784112627618, 1616242.698743025073782 ], [ 503838.43226277915528, 1616386.532900797668844 ], [ 504516.839873695978895, 1616797.017600278370082 ], [ 504501.759538960410282, 1616820.434062025742605 ], [ 504447.387749661807902, 1616829.563651155680418 ], [ 504220.160161533567589, 1617230.118656795471907 ], [ 504148.721924972720444, 1617190.035692352103069 ], [ 504049.502571544726379, 1617181.307566709117964 ], [ 503935.206435750355013, 1617318.233025642344728 ], [ 503899.887329838471487, 1617419.041153334779665 ] ] ] } },
{ "type": "Feature", "properties": { "barangay": "Mariblo", "district": "DISTRICT 1", "pct_total_population": 66.64, "pct_female_population": 66.61, "pct_male_population": 66.63, "pct_children_0_4": 66.79, "pct_female_children_0_4": 66.14, "pct_male_children_0_4": 66.18, "pct_elderly_60plus": 66.67, "pct_female_elderly_60plus": 66.67, "pct_male_elderly_60plus": 66.41, "pct_childcare_facilities": 100.0, "pct_eldercare_facilities": null, "pct_pwd_facilities": null }, "geometry": { "type": "Polygon", "coordinates": [ [ [ 501441.671129563415889, 1618632.75980529258959 ], [ 501419.046638671366964, 1618547.829377292189747 ], [ 501379.755380075774156, 1618540.289511442417279 ], [ 501382.5328062074841, 1618520.44541077897884 ], [ 501380.54816984385252, 1618498.617446490097791 ], [ 501369.831501655979082, 1618475.995735138654709 ], [ 501345.621612358605489, 1618446.230408699950203 ], [ 501337.36190769658424, 1618422.266624606447294 ], [ 501352.367166000884026, 1618396.224162382539362 ], [ 501367.050765511812642, 1618381.935721333371475 ], [ 501415.072110197506845, 1618357.725301570724696 ], [ 501459.124427811126225, 1618332.720996343996376 ], [ 501492.461838573799469, 1618311.289006073027849 ], [ 501537.310175385733601, 1618355.737747570034117 ], [ 501570.251911936386023, 1618379.945814695442095 ], [ 501597.239250448881648, 1618390.66104126162827 ], [ 501639.705189399130177, 1618387.087803689064458 ], [ 501682.170897490694188, 1618375.576558135217056 ], [ 501703.602138228423428, 1618383.116942976601422 ], [ 501716.302485390973743, 1618394.625585502944887 ], [ 501719.874904224416241, 1618408.913496064953506 ], [ 501721.860071145521943, 1618448.997478697448969 ], [ 501721.067108309420291, 1618484.716537663713098 ], [ 501718.290385796513874, 1618528.770662660012022 ], [ 501723.053897961275652, 1618546.23254180746153 ], [ 501730.198378022527322, 1618562.504350568400696 ], [ 501746.469613575201947, 1618570.044885341776535 ], [ 501785.364067785267252, 1618584.330769505351782 ], [ 501837.355062342248857, 1618582.345256751170382 ], [ 501878.630230685754213, 1618586.709061756031588 ], [ 501897.283676232618745, 1618601.393534498289227 ], [ 501908.000367375148926, 1618624.808246642351151 ], [ 501824.259583164064679, 1618635.129690375644714 ], [ 501806.797531019023154, 1618633.940196592826396 ], [ 501784.968382258724887, 1618629.574826511787251 ], [ 501763.934268807119224, 1618626.400434530572966 ], [ 501743.694494105177, 1618669.264065779978409 ], [ 501620.666092419356573, 1618762.929734967648983 ], [ 501569.867171652556863, 1618801.82525021629408 ], [ 501527.00478600198403, 1618824.448518469696864 ], [ 501441.671129563415889, 1618632.75980529258959 ] ] ] } },
{ "type": "Feature", "properties": { "barangay": "Marilag", "district": "DISTRICT 3", "pct_total_population": 5.97, "pct_female_population": 5.96, "pct_male_population": 5.97, "pct_children_0_4": 6.02, "pct_female_children_0_4": 6.01, "pct_male_children_0_4": 6.02, "pct_elderly_60plus": 5.91, "pct_female_elderly_60plus": 5.91, "pct_male_elderly_60plus": 5.91, "pct_childcare_facilities": 25.0, "pct_eldercare_facilities": null, "pct_pwd_facilities": null }, "geometry": { "type": "Polygon", "coordinates": [ [ [ 507026.049786565185059, 1617842.78173840767704 ], [ 506957.780132430896629, 1617616.167494348715991 ], [ 507064.539178571023513, 1617579.652355377096683 ], [ 507069.301068014639895, 1617575.683213016251102 ], [ 507125.258967413217761, 1617501.465512346243486 ], [ 507129.227613892988302, 1617489.162384651368484 ], [ 507127.24104331136914, 1617435.187388111837208 ], [ 507125.653787975781597, 1617426.45642545633018 ], [ 507120.252423838013783, 1617207.650362394982949 ], [ 507276.144448164559435, 1617203.092827843036503 ], [ 507574.280875096039381, 1617276.296238066395745 ], [ 507628.931870877742767, 1617067.795440363232046 ], [ 507637.662868124025408, 1617067.398186253383756 ], [ 507724.292782725417055, 1617027.053628356661648 ], [ 507858.333655765396543, 1617327.743035670602694 ], [ 507825.392726442660205, 1617331.315996470628306 ], [ 507803.564739087712951, 1617332.506631948752329 ], [ 507783.720673131465446, 1617330.920207001268864 ], [ 507754.352493602898903, 1617325.761055198032409 ], [ 507710.699255877872929, 1617456.731455383822322 ], [ 507597.661898776248563, 1617792.459077646257356 ], [ 507578.851278464891948, 1617840.584672638215125 ], [ 507456.665501508919988, 1618024.539408143609762 ], [ 507338.791710784309544, 1617966.995775514282286 ], [ 507120.506631137861405, 1617868.576019572792575 ], [ 507093.12221151049016, 1617855.083801756147295 ], [ 507026.049786565185059, 1617842.78173840767704 ] ] ] } },
{ "type": "Feature", "properties": { "barangay": "Masagana", "district": "DISTRICT 3", "pct_total_population": 40.73, "pct_female_population": 40.73, "pct_male_population": 40.73, "pct_children_0_4": 40.75, "pct_female_children_0_4": 40.91, "pct_male_children_0_4": 40.61, "pct_elderly_60plus": 40.63, "pct_female_elderly_60plus": 40.81, "pct_male_elderly_60plus": 41.03, "pct_childcare_facilities": 0.0, "pct_eldercare_facilities": null, "pct_pwd_facilities": null }, "geometry": { "type": "Polygon", "coordinates": [ [ [ 506980.678599883627612, 1616874.428083142265677 ], [ 506960.834395416255575, 1616868.078653402393684 ], [ 506933.322034208802506, 1616856.602441331837326 ], [ 506857.13301694765687, 1616824.22962270444259 ], [ 506967.59442678821506, 1616559.226146425819024 ], [ 507004.343016610655468, 1616475.019993916619569 ], [ 507019.819867304700892, 1616434.935503872809932 ], [ 507047.245446481916588, 1616385.098656822694466 ], [ 507076.926857548183762, 1616363.804772929986939 ], [ 507099.307732279645279, 1616358.722117459401488 ], [ 507104.839112083718646, 1616371.596969676204026 ], [ 507112.24987334664911, 1616397.537780411308631 ], [ 507114.632406278105918, 1616415.793729533674195 ], [ 507118.997849007428158, 1616430.875617843819782 ], [ 507120.586300378316082, 1616446.353587249061093 ], [ 507124.555719548487104, 1616460.640486265532672 ], [ 507126.540240519854706, 1616478.500446564052254 ], [ 507172.977332060399931, 1616583.274202511878684 ], [ 507216.637363058631308, 1616686.064037170959637 ], [ 507254.739869503653608, 1616770.994015370961279 ], [ 507259.196624120813794, 1616831.217946410644799 ], [ 507252.141168951522559, 1616850.211170538561419 ], [ 507246.982475207711104, 1616860.926331204362214 ], [ 507242.219804867403582, 1616872.436481179436669 ], [ 507235.473386285768356, 1616892.676697568735108 ], [ 507217.614979699370451, 1616913.712237657513469 ], [ 507158.481534944032319, 1616969.276011845096946 ], [ 506999.338607942976523, 1617114.934782732976601 ], [ 506985.051466712728143, 1617110.569193514995277 ], [ 506945.759769835276529, 1617087.948312515160069 ], [ 506958.062470782373566, 1617077.232944248244166 ], [ 506915.595090226444881, 1617031.196131987497211 ], [ 506980.678599883627612, 1616874.428083142265677 ] ] ] } },
{ "type": "Feature", "properties": { "barangay": "Masambong", "district": "DISTRICT 1", "pct_total_population": 86.16, "pct_female_population": 86.16, "pct_male_population": 86.15, "pct_children_0_4": 86.14, "pct_female_children_0_4": 86.11, "pct_male_children_0_4": 86.17, "pct_elderly_60plus": 86.2, "pct_female_elderly_60plus": 86.14, "pct_male_elderly_60plus": 86.28, "pct_childcare_facilities": 100.0, "pct_eldercare_facilities": null, "pct_pwd_facilities": null }, "geometry": { "type": "Polygon", "coordinates": [ [ [ 500764.012776771385688, 1619745.218615802004933 ], [ 500752.418585106963292, 1619739.022946475539356 ], [ 500737.336662190558854, 1619742.19838792597875 ], [ 500531.38163181161508, 1619713.868344087619334 ], [ 500508.721878925221972, 1619585.511873417301103 ], [ 500500.782510010525584, 1619538.681057014269754 ], [ 500499.988263571809512, 1619495.818036975106224 ], [ 500506.336113162222318, 1619421.601777862757444 ], [ 500513.106494454899803, 1619365.666524855885655 ], [ 500578.479079342272598, 1619108.242366310907528 ], [ 500589.590017941023689, 1619071.33300631842576 ], [ 500599.511197515239473, 1619042.757689285092056 ], [ 501221.419301965099294, 1619128.06770361890085 ], [ 501212.776885852916166, 1619148.456975256092846 ], [ 501203.252487603749614, 1619169.492273173760623 ], [ 501178.250269721029326, 1619197.274027642328292 ], [ 501108.004963785875589, 1619257.998129923595116 ], [ 501096.496217538777273, 1619267.12647352530621 ], [ 501081.018755529948976, 1619286.176942439284176 ], [ 501068.716873443510849, 1619325.07133903237991 ], [ 501063.954975939297583, 1619363.171515729743987 ], [ 501057.606157496455126, 1619404.04974133358337 ], [ 501053.241364111774601, 1619445.721910084132105 ], [ 501041.220304433431011, 1619478.494292359333485 ], [ 501005.955268788384274, 1619512.902351706055924 ], [ 500969.89999075315427, 1619538.990425653522834 ], [ 500957.995074422971811, 1619576.693809516495094 ], [ 500960.773803836025763, 1619601.697753914399073 ], [ 500976.492241782601923, 1619616.223311786074191 ], [ 500995.085640707693528, 1619629.307784653268754 ], [ 501025.068998670438305, 1619640.588924744166434 ], [ 500991.835393710876815, 1619655.331905278144404 ], [ 500775.436965768691152, 1619751.325289980275556 ], [ 500764.012776771385688, 1619745.218615802004933 ] ] ] } },
{ "type": "Feature", "properties": { "barangay": "Matandang Balara", "district": "DISTRICT 3", "pct_total_population": 9.7, "pct_female_population": 9.7, "pct_male_population": 9.7, "pct_children_0_4": 9.7, "pct_female_children_0_4": 9.69, "pct_male_children_0_4": 9.71, "pct_elderly_60plus": 9.7, "pct_female_elderly_60plus": 9.71, "pct_male_elderly_60plus": 9.69, "pct_childcare_facilities": 17.86, "pct_eldercare_facilities": null, "pct_pwd_facilities": 0.0 }, "geometry": { "type": "Polygon", "coordinates": [ [ [ 510241.174184420437086, 1622700.340195968514308 ], [ 510183.225322497601155, 1622707.09788669552654 ], [ 510228.374548509018496, 1622850.952719381079078 ], [ 510226.478550429397728, 1622851.083774605067447 ], [ 510200.725576344761066, 1622852.86752475425601 ], [ 510002.177780659170821, 1622866.767308305250481 ], [ 509774.103271849220619, 1622925.968995431438088 ], [ 509752.771280125947669, 1622926.990616349037737 ], [ 509418.644480125803966, 1622945.432344228494912 ], [ 509418.557507365534548, 1622946.374347701203078 ], [ 509416.914027926512063, 1622964.342413533246145 ], [ 509391.854962065815926, 1623238.225417175330222 ], [ 509391.322130834858399, 1623244.048438522499055 ], [ 508774.617522954824381, 1623244.470359658356756 ], [ 508739.943532116012648, 1623177.165299547370523 ], [ 508724.818663784302771, 1623147.806709525175393 ], [ 508651.753157531900797, 1623029.683713922742754 ], [ 508602.468950160604436, 1622955.435071375919506 ], [ 508547.310707971453667, 1622880.186598525382578 ], [ 508495.746763515053317, 1622815.063031416386366 ], [ 508433.525557753804605, 1622741.314765309216455 ], [ 508365.898194006993435, 1622662.316651027882472 ], [ 508291.426823339192197, 1622583.318735620938241 ], [ 508291.397973523300607, 1622588.486741655040532 ], [ 508287.682932527444791, 1623241.00150589691475 ], [ 508287.159932000911795, 1623241.00052109407261 ], [ 507858.691469261597376, 1623239.899970753816888 ], [ 507309.940889888384845, 1623238.953915795776993 ], [ 507309.106643591541797, 1623092.864793096436188 ], [ 507308.185956085275393, 1622931.597657632548362 ], [ 507293.9331482842681, 1622835.472975115757436 ], [ 507246.33336085267365, 1622637.97415965795517 ], [ 507246.80213244544575, 1622630.09913811320439 ], [ 507263.325139162247069, 1622354.473380757495761 ], [ 507269.856375567906071, 1622327.973164315801114 ], [ 507283.261717042711098, 1622304.847751509165391 ], [ 507452.845211071020458, 1621937.467454134253785 ], [ 507250.263158877205569, 1621805.04120770492591 ], [ 507228.420677350717597, 1621789.224826515419409 ], [ 506945.211898696783464, 1621600.179866035934538 ], [ 507757.491147839173209, 1621718.290381093043834 ], [ 507825.725504723319318, 1621728.211408280301839 ], [ 508058.443504267663229, 1621754.55367228272371 ], [ 508130.750358051445801, 1621747.01956356340088 ], [ 509457.96412957488792, 1622278.218530622078106 ], [ 509487.735366538108792, 1622319.749707268783823 ], [ 509523.454552365350537, 1622324.908674505073577 ], [ 509584.175967414863408, 1622302.681887656450272 ], [ 509631.403553569922224, 1622286.805499314330518 ], [ 509652.437032552319579, 1622268.15086934552528 ], [ 509691.330840927374084, 1622260.212731157662347 ], [ 509733.003436397237238, 1622279.261539358412847 ], [ 509755.626024272292852, 1622298.707901529036462 ], [ 509804.045153734099586, 1622301.484497319674119 ], [ 509804.04581116209738, 1622324.106520045083016 ], [ 509815.157822321285494, 1622324.106197142507881 ], [ 509850.876546775689349, 1622313.389148417161778 ], [ 509882.229243714245968, 1622301.879225776530802 ], [ 509890.166582789970562, 1622278.859971967991441 ], [ 509938.58489323570393, 1622253.458539452869445 ], [ 509987.62172823981382, 1622246.083107077050954 ], [ 509991.368715590215288, 1622245.518997632199898 ], [ 510040.017763399751857, 1622245.481583906337619 ], [ 510136.854914856899995, 1622212.93473719782196 ], [ 510182.098191063734703, 1622220.870430457871407 ], [ 510214.246903772349469, 1622244.285519802942872 ], [ 510243.217794535681605, 1622239.521673146402463 ], [ 510229.326927043206524, 1622210.153047268046066 ], [ 510251.1546606895281, 1622200.231403002748266 ], [ 510253.932432771020103, 1622192.293314300244674 ], [ 510274.966396263160277, 1622190.308701087720692 ], [ 510277.745018365327269, 1622177.211607170524076 ], [ 510267.42577739036642, 1622169.27389905275777 ], [ 510308.700242078339215, 1622149.428679702803493 ], [ 510340.053169846069068, 1622145.856765034375712 ], [ 510347.196900154696777, 1622136.331547861685976 ], [ 510350.371534269826952, 1622123.6314428425394 ], [ 510299.174413701053709, 1622121.250928180525079 ], [ 510272.582983270345721, 1622107.361686928197742 ], [ 510273.773027152463328, 1622074.420619221637025 ], [ 510305.52260921546258, 1622058.941681040450931 ], [ 510353.941069633816369, 1622038.699253705330193 ], [ 510382.516075356979854, 1622037.905422548763454 ], [ 510392.040438957570586, 1622015.679123430745676 ], [ 510402.75598841602914, 1621999.80379607854411 ], [ 510433.834669782489073, 1621987.765880869934335 ], [ 510454.746363603859209, 1622010.915296473773196 ], [ 510474.194086678558961, 1622035.123755698790774 ], [ 510472.731027167290449, 1622067.536830806406215 ], [ 510490.071109483425971, 1622104.18036377732642 ], [ 510504.360242598922923, 1622142.676987260580063 ], [ 510497.73830820643343, 1622213.984251387650147 ], [ 510497.73867733264342, 1622226.684264153474942 ], [ 510498.533600769413169, 1622258.434272985206917 ], [ 510513.640223682683427, 1622313.753889633808285 ], [ 510472.874873705266509, 1622440.76320195547305 ], [ 510460.945643960265443, 1622536.501644881907851 ], [ 510379.774114823201671, 1622452.281918939435855 ], [ 510198.072900322556961, 1622588.824336289195344 ], [ 510241.174184420437086, 1622700.340195968514308 ] ] ] } },
{ "type": "Feature", "properties": { "barangay": "Milagrosa", "district": "DISTRICT 3", "pct_total_population": 14.85, "pct_female_population": 14.86, "pct_male_population": 14.84, "pct_children_0_4": 14.81, "pct_female_children_0_4": 14.74, "pct_male_children_0_4": 14.87, "pct_elderly_60plus": 14.89, "pct_female_elderly_60plus": 14.84, "pct_male_elderly_60plus": 14.96, "pct_childcare_facilities": 14.29, "pct_eldercare_facilities": null, "pct_pwd_facilities": null }, "geometry": { "type": "Polygon", "coordinates": [ [ [ 506902.760791572567541, 1617090.181564242346212 ], [ 506907.919704505999107, 1617087.006411144509912 ], [ 506921.296648015675601, 1617084.603020020062104 ], [ 506945.759769835276529, 1617087.948312515160069 ], [ 506985.051466712728143, 1617110.569193514995277 ], [ 506999.338607942976523, 1617114.934782732976601 ], [ 507158.481534944032319, 1616969.276011845096946 ], [ 507217.614979699370451, 1616913.712237657513469 ], [ 507235.473386285768356, 1616892.676697568735108 ], [ 507242.219804867403582, 1616872.436481179436669 ], [ 507246.982475207711104, 1616860.926331204362214 ], [ 507252.141168951522559, 1616850.211170538561419 ], [ 507259.196624120813794, 1616831.217946410644799 ], [ 507254.739869503653608, 1616770.994015370961279 ], [ 507453.863510498485994, 1616682.934140620287508 ], [ 507548.318244490539655, 1616636.100348823470995 ], [ 507724.292782725417055, 1617027.053628356661648 ], [ 507637.662868124025408, 1617067.398186253383756 ], [ 507628.931870877742767, 1617067.795440363232046 ], [ 507574.280875096039381, 1617276.296238066395745 ], [ 507276.144448164559435, 1617203.092827843036503 ], [ 507120.252423838013783, 1617207.650362394982949 ], [ 507049.211410193704069, 1617209.636428738478571 ], [ 507013.492328233318403, 1617208.050465076696128 ], [ 506871.012570421036799, 1617152.491549444850534 ], [ 506902.760791572567541, 1617090.181564242346212 ] ] ] } },
{ "type": "Feature", "properties": { "barangay": "N. S. Amoranto (Gintong Silahis)", "district": "DISTRICT 1", "pct_total_population": 25.15, "pct_female_population": 25.16, "pct_male_population": 25.15, "pct_children_0_4": 25.11, "pct_female_children_0_4": 25.23, "pct_male_children_0_4": 25.32, "pct_elderly_60plus": 25.23, "pct_female_elderly_60plus": 25.08, "pct_male_elderly_60plus": 25.0, "pct_childcare_facilities": 50.0, "pct_eldercare_facilities": null, "pct_pwd_facilities": null }, "geometry": { "type": "Polygon", "coordinates": [ [ [ 499162.809135228337254, 1618849.455242587951943 ], [ 499155.380880180629902, 1618875.34648447833024 ], [ 499003.023104930703994, 1618922.762959384359419 ], [ 499043.87799080577679, 1618848.599697626195848 ], [ 499011.912953659368213, 1618745.193522438406944 ], [ 499103.989239556831308, 1618717.436818968737498 ], [ 498905.136093537323177, 1618099.889976004837081 ], [ 499260.951174091547728, 1617987.116523306118324 ], [ 499275.238603631674778, 1618001.404122511856258 ], [ 499322.46510562277399, 1617948.220696713775396 ], [ 499414.939747459371574, 1618035.928097809897736 ], [ 499162.809135228337254, 1618849.455242587951943 ] ] ] } },
{ "type": "Feature", "properties": { "barangay": "Nagkaisang Nayon", "district": "DISTRICT 5", "pct_total_population": 21.75, "pct_female_population": 21.73, "pct_male_population": 21.77, "pct_children_0_4": 21.69, "pct_female_children_0_4": 21.68, "pct_male_children_0_4": 21.7, "pct_elderly_60plus": 21.69, "pct_female_elderly_60plus": 21.67, "pct_male_elderly_60plus": 21.72, "pct_childcare_facilities": 45.45, "pct_eldercare_facilities": null, "pct_pwd_facilities": null }, "geometry": { "type": "Polygon", "coordinates": [ [ [ 503191.90162706875708, 1629394.230773777700961 ], [ 503191.275658924598247, 1629395.348793086363003 ], [ 503154.27451574819861, 1629357.292829997837543 ], [ 503153.625515146006364, 1629357.292848848737776 ], [ 502633.833144435251597, 1628846.380439158994704 ], [ 502533.165167621686123, 1628747.432264853501692 ], [ 502307.942509434767999, 1628526.11758678779006 ], [ 501839.32370317960158, 1628067.26174240023829 ], [ 501337.850867752218619, 1627574.129818194312975 ], [ 501315.064213246689178, 1627552.397458476480097 ], [ 501315.713213897892274, 1627552.397439617197961 ], [ 501601.289980990346521, 1626708.642292057164013 ], [ 501785.523688621120527, 1626141.636367933591828 ], [ 501789.149168136587832, 1626158.011279050959274 ], [ 501793.93080857465975, 1626179.886162120848894 ], [ 501790.556502654217184, 1626203.88628432364203 ], [ 501782.307010237243958, 1626221.636541909072548 ], [ 501762.464967445470393, 1626255.262152324197814 ], [ 501761.058300234028138, 1626266.762204769998789 ], [ 501769.497445772227366, 1626305.886998906498775 ], [ 501791.592445153975859, 1626339.511390699073672 ], [ 501825.218793867039494, 1626384.760459095938131 ], [ 501848.562616604205687, 1626412.259808438597247 ], [ 501865.063454139744863, 1626440.509357369039208 ], [ 501884.908505700528622, 1626476.008816425688565 ], [ 501896.440984908840619, 1626526.508532135281712 ], [ 501888.880241443635896, 1626570.008795607602224 ], [ 501878.756259326008148, 1626605.384125399868935 ], [ 501866.85138072312111, 1626644.38451058184728 ], [ 501867.039074685366359, 1626668.259529153350741 ], [ 501857.820817409723531, 1626694.134823058033362 ], [ 501840.75948685122421, 1626717.760342611698434 ], [ 501804.666503996006213, 1626754.011427899356931 ], [ 501787.542017176980153, 1626772.261943876510486 ], [ 501778.292650804680306, 1626794.387234910856932 ], [ 501775.449447134742513, 1626821.887345202965662 ], [ 501768.669613671780098, 1626862.26258284994401 ], [ 501758.483478909300175, 1626892.387909155804664 ], [ 501754.171517082198989, 1626928.263070554239675 ], [ 501750.610479782626498, 1626961.513207505457103 ], [ 501766.767923696199432, 1627010.637787426821887 ], [ 501788.956268250185531, 1627056.137188451597467 ], [ 501822.614689772424754, 1627103.88625844148919 ], [ 501861.427473447169177, 1627129.510156385600567 ], [ 501898.14701162581332, 1627146.759106719400734 ], [ 501936.553137438953854, 1627149.757993711624295 ], [ 501985.20877224142896, 1627135.506565504008904 ], [ 502014.083401680458337, 1627121.755712615326047 ], [ 502038.990354051988106, 1627119.25498634041287 ], [ 502065.771780570503324, 1627133.004221951588988 ], [ 502086.678146717313211, 1627144.87862638826482 ], [ 502104.834553600754589, 1627158.253112253732979 ], [ 502129.803916496050078, 1627169.877398375188932 ], [ 502154.398515173059423, 1627189.626703559653834 ], [ 502173.89939208177384, 1627219.126166586996987 ], [ 502186.087385160033591, 1627252.875846382696182 ], [ 502195.620742516883183, 1627299.250616016564891 ], [ 502205.308852858259343, 1627337.125372615410015 ], [ 502209.466230174526572, 1627384.375299357809126 ], [ 502216.092261222656816, 1627419.62514228397049 ], [ 502226.59352143574506, 1627462.624880401883274 ], [ 502230.626382756861858, 1627492.124792901799083 ], [ 502258.845431877532974, 1627527.249008249491453 ], [ 502297.096026213024743, 1627546.372915979474783 ], [ 502329.503567359002773, 1627563.87199187441729 ], [ 502357.034907356253825, 1627574.621202670503408 ], [ 502387.472671813215129, 1627599.870343598537147 ], [ 502409.848616929375567, 1627631.619725340278819 ], [ 502459.75509683805285, 1627611.993255379376933 ], [ 502494.910445548885036, 1627588.367210029624403 ], [ 502519.285502738668583, 1627589.491502857301384 ], [ 502539.317416543839499, 1627620.240951707120985 ], [ 502574.631316538841929, 1627649.989955468568951 ], [ 502633.755969147547148, 1627635.988223297055811 ], [ 502684.536406309402082, 1627614.861726429779083 ], [ 502695.69559515331639, 1627655.38444293430075 ], [ 502750.060855815652758, 1627662.4738702934701 ], [ 502743.266523386526387, 1627720.089125702390447 ], [ 502790.542803354212083, 1627796.907829223899171 ], [ 502810.072698098607361, 1627792.608257389161736 ], [ 502825.702804338186979, 1627795.724806333426386 ], [ 502920.36263577977661, 1627821.05808114586398 ], [ 502925.86457020934904, 1627784.198884172132239 ], [ 502942.409543926594779, 1627782.721401910996065 ], [ 502971.070019179198425, 1627798.084584538359195 ], [ 503000.627423142257612, 1627776.552703975234181 ], [ 503019.110684863466304, 1627750.507140665082261 ], [ 503042.121504737762734, 1627709.101430331822485 ], [ 503102.713492305309046, 1627672.167632441036403 ], [ 503124.968299723579548, 1627630.359943671617657 ], [ 503129.168620343960356, 1627606.834797945106402 ], [ 503125.806933258543722, 1627583.309871960431337 ], [ 503027.501633836887777, 1627404.356548498384655 ], [ 503023.467215543903876, 1627390.101651382166892 ], [ 503017.966686866246164, 1627372.10179311176762 ], [ 503036.153313885384705, 1627324.226216457318515 ], [ 503061.401784434216097, 1627270.725428930483758 ], [ 503080.275960712053347, 1627241.724851291626692 ], [ 503096.680654918949585, 1627196.224328803597018 ], [ 503118.335009291302413, 1627138.848641828401014 ], [ 503137.772480311512481, 1627119.973058003932238 ], [ 503175.365569935995154, 1627087.346932775340974 ], [ 503198.457427078974433, 1627047.221221372485161 ], [ 503189.112782978976611, 1626990.971436315448955 ], [ 503188.955132587172557, 1626968.596418388187885 ], [ 503195.361325363803189, 1626940.596204058267176 ], [ 503217.328929615905508, 1626926.220551233040169 ], [ 503271.486983083363157, 1626960.594012070912868 ], [ 503401.862154105328955, 1626961.965224927291274 ], [ 503422.579837065539323, 1626950.339611203875393 ], [ 503439.048512128647417, 1626938.589120814809576 ], [ 503467.736207903653849, 1626927.128275662194937 ], [ 503484.173223328485619, 1626927.087797987973318 ], [ 503510.173489194770809, 1626935.337050755741075 ], [ 503526.236781375424471, 1626944.836593534331769 ], [ 503534.518363717361353, 1626964.586372751742601 ], [ 503534.952033462701365, 1626987.618383328197524 ], [ 503510.58781468012603, 1627015.344119218876585 ], [ 503487.903377876325976, 1627035.508798690279946 ], [ 503475.301975556008983, 1627056.513186002150178 ], [ 503482.740497434977442, 1627074.212987658800557 ], [ 503504.08445979404496, 1627106.587400009622797 ], [ 503525.022833210707176, 1627118.711803766200319 ], [ 503544.179237488016952, 1627131.961260445415974 ], [ 503562.898931967734825, 1627155.210739868227392 ], [ 503582.586387644114438, 1627170.210182877257466 ], [ 503588.555847774434369, 1627185.83502512704581 ], [ 503582.150578710075933, 1627211.210236798971891 ], [ 503563.276191841403488, 1627232.960807145340368 ], [ 503539.402228587365244, 1627269.46153761446476 ], [ 503534.433659508009441, 1627284.461697096470743 ], [ 503545.528335422568489, 1627307.336397711187601 ], [ 503573.716264630027581, 1627338.335609810194001 ], [ 503592.717032035987359, 1627364.085083580808714 ], [ 503611.46774834668031, 1627388.08456286159344 ], [ 503635.531542656477541, 1627414.583890267414972 ], [ 503651.125689130334649, 1627419.083441647468135 ], [ 503625.063992497336585, 1627464.834245002362877 ], [ 503636.439999319263734, 1627499.083948899526149 ], [ 503619.066057015501428, 1627536.084490990499035 ], [ 503605.036169114871882, 1627574.834937677485868 ], [ 503568.787636600784026, 1627626.586043084971607 ], [ 503571.914027336519212, 1627674.336000290000811 ], [ 503564.195477294793818, 1627690.086240428965539 ], [ 503573.259492659766693, 1627724.711011884734035 ], [ 503566.417298442160245, 1627787.086273473221809 ], [ 503553.387393392273225, 1627825.211690470576286 ], [ 503560.699778477021027, 1627838.211491068126634 ], [ 503608.731938304146752, 1627876.460133807267994 ], [ 503633.108023577660788, 1627912.959462195169181 ], [ 503632.358665803389158, 1627935.084506232058629 ], [ 503651.641164683329407, 1627951.583962520817295 ], [ 503647.953524300130084, 1627964.084082251647487 ], [ 503635.953944440349005, 1627978.959445912856609 ], [ 503622.298755359021015, 1628007.334871271392331 ], [ 503619.330609709606506, 1628036.834987209876999 ], [ 503600.415002672409173, 1628051.014551136409864 ], [ 503587.318912199756596, 1628082.764963645720854 ], [ 503550.144298720289953, 1628097.351058571366593 ], [ 503550.541622066521086, 1628108.464058202458546 ], [ 503561.257474778918549, 1628137.435775977559388 ], [ 503548.031340925721452, 1628167.697190763428807 ], [ 503546.971925266378094, 1628187.839241818059236 ], [ 503561.130268640583381, 1628233.577876418363303 ], [ 503555.574508703488391, 1628276.441081000724807 ], [ 503524.223230323754251, 1628336.767052730778232 ], [ 503490.887165639782324, 1628370.105054990155622 ], [ 503513.906249892606866, 1628406.617422822630033 ], [ 503490.88822677481221, 1628406.618091695941985 ], [ 503498.429433828103356, 1628447.892914099385962 ], [ 503504.515974440553691, 1628535.106824997579679 ], [ 503491.022629854793195, 1628558.126240265090019 ], [ 503482.688817637856118, 1628564.873489225283265 ], [ 503472.76684217544971, 1628566.063778738491237 ], [ 503390.613736513187177, 1628565.272165210451931 ], [ 503379.500806126976386, 1628568.051490935031325 ], [ 503231.07243650557939, 1628663.702900329371914 ], [ 503220.355872156447731, 1628644.653192566009238 ], [ 503206.566609637346119, 1628636.097584650851786 ], [ 503155.267622186685912, 1628638.305077556753531 ], [ 503151.696941516886, 1628649.417192492866889 ], [ 503195.75232715572929, 1628729.98199338815175 ], [ 503196.547334791277535, 1628799.038039780221879 ], [ 503191.388906279404182, 1628818.882209650240839 ], [ 503176.308352453634143, 1628834.757663845317438 ], [ 503264.020254899165593, 1628931.593212503939867 ], [ 503281.881449216452893, 1628972.073734218254685 ], [ 503296.962325993634295, 1628967.311291191261262 ], [ 503312.329669916245621, 1629081.844959901180118 ], [ 503329.392973012931179, 1629126.09450860042125 ], [ 503316.706650506996084, 1629149.844901143573225 ], [ 503260.676684026257135, 1629187.346567053114995 ], [ 503317.020619732211344, 1629217.594960212241858 ], [ 503327.240926888945978, 1629262.219708125572652 ], [ 503244.980812078458257, 1629295.529132032068446 ], [ 503185.449371592025273, 1629282.433848752174526 ], [ 503217.598318475007545, 1629348.313980853417888 ], [ 503191.90162706875708, 1629394.230773777700961 ] ] ] } },
{ "type": "Feature", "properties": { "barangay": "Nayong Kanluran", "district": "DISTRICT 1", "pct_total_population": 17.16, "pct_female_population": 17.15, "pct_male_population": 17.17, "pct_children_0_4": 16.93, "pct_female_children_0_4": 17.58, "pct_male_children_0_4": 17.35, "pct_elderly_60plus": 17.33, "pct_female_elderly_60plus": 17.42, "pct_male_elderly_60plus": 17.2, "pct_childcare_facilities": 0.0, "pct_eldercare_facilities": null, "pct_pwd_facilities": null }, "geometry": { "type": "Polygon", "coordinates": [ [ [ 502198.67719315685099, 1619056.097233906155452 ], [ 502218.521213065774646, 1619056.09665727824904 ], [ 502238.761371806322131, 1619060.858073919313028 ], [ 502253.843306285096332, 1619058.079632867826149 ], [ 502296.693423005228397, 1619060.614390278002247 ], [ 502325.693492126069032, 1619061.988548965891823 ], [ 502346.315341495443135, 1619056.092943799681962 ], [ 502370.921077849052381, 1619046.170218820683658 ], [ 502404.655492336372845, 1619059.266251738648862 ], [ 502424.499523857375607, 1619059.662675502244383 ], [ 502439.977677782764658, 1619064.424230529461056 ], [ 502459.424628104257863, 1619062.042663037311286 ], [ 502478.474381994979922, 1619052.914100295864046 ], [ 502497.523801448463928, 1619032.275525996461511 ], [ 502505.858175426314119, 1619010.447261866182089 ], [ 502503.079688209749293, 1618993.778325830120593 ], [ 502497.919002547627315, 1618970.363452239427716 ], [ 502504.665548005374148, 1618954.488240232225507 ], [ 502516.571260069671553, 1618944.168883899226785 ], [ 502533.239988500485197, 1618934.246389557607472 ], [ 502558.24275991023751, 1618925.514654236380011 ], [ 502592.374667345662601, 1618921.147658033762127 ], [ 502643.968223250296433, 1618904.08014164539054 ], [ 502662.224103216663934, 1618899.317606370197609 ], [ 502783.684187545091845, 1619448.590629430720583 ], [ 502774.953224858327303, 1619450.178884738124907 ], [ 502653.508099392289296, 1619415.653378991875798 ], [ 502655.49092505488079, 1619375.172280652448535 ], [ 502644.774279881035909, 1619353.344570108223706 ], [ 502600.323024255048949, 1619311.673819863703102 ], [ 502578.097667398513295, 1619300.164454123005271 ], [ 502553.491458150499966, 1619293.815162743907422 ], [ 502512.613370967505034, 1619292.22934899549 ], [ 502473.719032057677396, 1619281.911468814127147 ], [ 502441.174653338792268, 1619270.006402527913451 ], [ 502395.136203441361431, 1619256.11672634887509 ], [ 502370.529924941365607, 1619247.386432584375143 ], [ 502359.020717312872875, 1619240.639760233694687 ], [ 502345.129126715881284, 1619220.796143932500854 ], [ 502336.000656203192193, 1619204.921393224736676 ], [ 502318.934004667738918, 1619183.093867203220725 ], [ 502300.677225177932996, 1619156.90037136618048 ], [ 502274.482725967827719, 1619140.629116160562262 ], [ 502237.176353978458792, 1619129.121188637800515 ], [ 502229.238253777497448, 1619125.946416110033169 ], [ 502220.507141167938244, 1619122.374666230520234 ], [ 502207.409908926754724, 1619114.834039234090596 ], [ 502181.214948419947177, 1619082.688768076710403 ], [ 502166.927634121908341, 1619072.370172862429172 ], [ 502198.67719315685099, 1619056.097233906155452 ] ] ] } },
{ "type": "Feature", "properties": { "barangay": "New Era", "district": "DISTRICT 6", "pct_total_population": 11.32, "pct_female_population": 11.33, "pct_male_population": 11.32, "pct_children_0_4": 11.34, "pct_female_children_0_4": 11.22, "pct_male_children_0_4": 11.26, "pct_elderly_60plus": 11.29, "pct_female_elderly_60plus": 11.28, "pct_male_elderly_60plus": 11.29, "pct_childcare_facilities": 0.0, "pct_eldercare_facilities": null, "pct_pwd_facilities": null }, "geometry": { "type": "Polygon", "coordinates": [ [ [ 506298.895259246986825, 1621566.125612837029621 ], [ 506592.64512935798848, 1621551.492062162607908 ], [ 506606.70814712846186, 1621551.616653639124706 ], [ 506945.211898696783464, 1621600.179866035934538 ], [ 507228.41967734816717, 1621789.224826541962102 ], [ 507196.746983330114745, 1621800.849758599651977 ], [ 507172.966300869185943, 1621812.600461457390338 ], [ 507161.059543227951508, 1621821.350816246587783 ], [ 507128.217447447415907, 1621853.601803035940975 ], [ 507071.686411362723447, 1621888.728481079917401 ], [ 507021.187116236716975, 1621914.729974668705836 ], [ 506982.531585949996952, 1621932.231115550734103 ], [ 506920.157282592961565, 1621958.357954334001988 ], [ 506881.626578086288646, 1621969.859085556818172 ], [ 506837.126773040741682, 1621978.110386952990666 ], [ 506801.657646630425006, 1621974.98641449958086 ], [ 506745.563321454625111, 1621965.738035221351311 ], [ 506721.751548237516545, 1621974.36373583227396 ], [ 506702.693774595216382, 1621982.812298118835315 ], [ 506680.221182094130199, 1621997.614966037217528 ], [ 506662.283592828491237, 1622012.365502116270363 ], [ 506627.375252949364949, 1622036.291540566133335 ], [ 506598.000726889295038, 1622053.615411570761353 ], [ 506564.861087587720249, 1622067.174388204002753 ], [ 506537.473236445744988, 1622073.244190159020945 ], [ 506503.098572810238693, 1622086.006201878422871 ], [ 506506.861752956581768, 1621988.842994794482365 ], [ 506314.796319168177433, 1621980.563567614415661 ], [ 506119.720246343349572, 1622053.629309740848839 ], [ 506137.131918346276507, 1622179.380930273793638 ], [ 506048.170420853595715, 1622199.751535857096314 ], [ 506061.724713480973151, 1622071.708013194380328 ], [ 505966.065706165798474, 1621971.535692148609087 ], [ 505937.50168301910162, 1622006.136556984623894 ], [ 505910.330576402018778, 1622037.818378408439457 ], [ 505897.527045071474276, 1622054.388767125783488 ], [ 505886.628513528732583, 1622070.888100420124829 ], [ 505871.918347688915674, 1622065.687522637890652 ], [ 505865.891772482951637, 1622046.104678074130788 ], [ 505854.408351429388858, 1622032.013997587608173 ], [ 505830.814236985170282, 1622028.88968006032519 ], [ 505818.939304972998798, 1622031.640027895336971 ], [ 505774.128538616525475, 1622075.641374286264181 ], [ 505690.394538666761946, 1621975.30970655544661 ], [ 505647.458292930270545, 1621830.696808759821579 ], [ 505745.373931621201336, 1621814.87694756896235 ], [ 505738.680869310919661, 1621744.142070905538276 ], [ 505641.928080242592841, 1621651.519789242651314 ], [ 505624.334459652425721, 1621630.770279613090679 ], [ 505602.019606387650128, 1621567.770864686928689 ], [ 506298.895259246986825, 1621566.125612837029621 ] ] ] } },
{ "type": "Feature", "properties": { "barangay": "North Fairview", "district": "DISTRICT 5", "pct_total_population": 16.32, "pct_female_population": 16.32, "pct_male_population": 16.32, "pct_children_0_4": 16.33, "pct_female_children_0_4": 16.33, "pct_male_children_0_4": 16.35, "pct_elderly_60plus": 16.32, "pct_female_elderly_60plus": 16.32, "pct_male_elderly_60plus": 16.31, "pct_childcare_facilities": 9.09, "pct_eldercare_facilities": 0.0, "pct_pwd_facilities": 0.0 }, "geometry": { "type": "Polygon", "coordinates": [ [ [ 506974.827582900819834, 1627369.204808764625341 ], [ 506974.834844302851707, 1627619.069059959845617 ], [ 506889.679823761398438, 1627621.312536720884964 ], [ 506889.696984148176853, 1628211.799130355240777 ], [ 506660.000785812328104, 1628212.926806207280606 ], [ 506660.001925524673425, 1628252.142845631577075 ], [ 506691.376878260110971, 1628318.250000426080078 ], [ 506749.641783398401458, 1628347.380336626200005 ], [ 506746.500051386246923, 1628391.119471930898726 ], [ 506839.720398273901083, 1628434.241806438891217 ], [ 506733.907805179187562, 1628417.494864382082596 ], [ 506667.218335969082545, 1628369.246753764338791 ], [ 506639.498374553921167, 1628337.122526952531189 ], [ 506623.028646698803641, 1628312.64898091298528 ], [ 506444.87340249348199, 1628310.413155660964549 ], [ 506414.902878407330718, 1628259.003974837483838 ], [ 506416.857196966360789, 1628132.259790515527129 ], [ 506409.012244763667695, 1628099.765985793899745 ], [ 506392.204478986910544, 1628073.996448276564479 ], [ 506010.114512249361724, 1627709.855184968328103 ], [ 506011.233982970472425, 1627657.19309945544228 ], [ 506097.506878552783746, 1627547.384481977904215 ], [ 506091.713731946249027, 1627508.130610824329779 ], [ 505608.970014019345399, 1627121.621249881805852 ], [ 505611.208031322981697, 1626743.628804525593296 ], [ 505623.950892230961472, 1626738.400428968248889 ], [ 505663.220620643289294, 1626727.697277071187273 ], [ 505693.388667775958311, 1626728.273401005426422 ], [ 505729.294772904191632, 1626730.649360006907955 ], [ 505754.598666380392388, 1626726.106620140140876 ], [ 505773.414383521710988, 1626715.725062938407063 ], [ 505798.068767231889069, 1626693.664324316196144 ], [ 505814.289142486988567, 1626671.603830777574331 ], [ 505835.289881536737084, 1626627.488176130922511 ], [ 505849.8548541769851, 1626591.632716816617176 ], [ 505867.267109732958488, 1626531.003149838885292 ], [ 505895.413564536545891, 1626511.26731207408011 ], [ 505917.006819659844041, 1626484.891658067237586 ], [ 505928.283960439497605, 1626454.933300230186433 ], [ 505951.81316999840783, 1626426.920588311972097 ], [ 505979.82474235619884, 1626411.233758546877652 ], [ 506011.315837600734085, 1626379.013811039039865 ], [ 506018.575539007666521, 1626368.485589486546814 ], [ 506080.940518894873094, 1626365.63677436998114 ], [ 506094.472812175110448, 1626375.261390818515792 ], [ 506126.683057782764081, 1626417.007496837992221 ], [ 506159.237411813635845, 1626428.062561968108639 ], [ 506183.807275861734524, 1626422.53384243696928 ], [ 506208.160602176794782, 1626398.508110581897199 ], [ 506269.815617926011328, 1626362.506282744463533 ], [ 506292.628204883541912, 1626347.505604746984318 ], [ 506323.81458963023033, 1626325.25467612221837 ], [ 506347.93927241966594, 1626313.503963267430663 ], [ 506387.282879707112443, 1626298.62780501623638 ], [ 506423.595480201009195, 1626283.626734728459269 ], [ 506437.250945464766119, 1626264.751318922732025 ], [ 506477.125872849544976, 1626260.875156306661665 ], [ 506527.719756634149235, 1626255.123680321266875 ], [ 506563.031788529769983, 1626254.997654074104503 ], [ 506599.188387820031494, 1626274.371622895821929 ], [ 506625.166133995866403, 1626299.144892935873941 ], [ 506640.002511386410333, 1626311.620474360417575 ], [ 506651.189758836932015, 1626319.74515745206736 ], [ 506668.815415814402513, 1626341.744667395018041 ], [ 506698.34820839058375, 1626367.993835624307394 ], [ 506714.691766065312549, 1626386.618379433639348 ], [ 506744.974101624917239, 1626397.117510030278936 ], [ 506784.365357368136756, 1626404.554372847778723 ], [ 506821.65435320144752, 1626403.119287828914821 ], [ 506843.166999670793302, 1626390.210649709682912 ], [ 506857.508263862051535, 1626364.394206998171285 ], [ 506875.434948457696009, 1626352.92067452496849 ], [ 506898.382200697087683, 1626360.808015638031065 ], [ 506910.573754787736107, 1626379.451680123573169 ], [ 506951.449546120886225, 1626405.266518290387467 ], [ 506979.416803435306065, 1626413.153713529696688 ], [ 507015.989507102756761, 1626436.099673854652792 ], [ 507038.93711367843207, 1626456.178027226822451 ], [ 507042.522888367122505, 1626482.710949716391042 ], [ 507041.091304274916183, 1626565.894075012067333 ], [ 507026.035769445705228, 1626685.650632991688326 ], [ 507016.715114608523436, 1626732.261950733140111 ], [ 506993.671254134213086, 1626737.860625989735126 ], [ 506974.405717867717613, 1626720.072167936246842 ], [ 506960.063724334933795, 1626720.7905854198616 ], [ 506940.702455047983676, 1626746.606174011947587 ], [ 506936.400825900956988, 1626759.514311988838017 ], [ 506939.986475461511873, 1626781.744230166543275 ], [ 506958.632473736302927, 1626815.447722246870399 ], [ 506990.901902146229986, 1626829.07179823028855 ], [ 507018.869013578922022, 1626831.938988433685154 ], [ 507038.679440476116724, 1626845.944426853442565 ], [ 507076.776097437017597, 1626867.232341226423159 ], [ 507114.324886933260132, 1626893.097276117419824 ], [ 507113.398676966084167, 1627367.646780484355986 ], [ 506974.827582900819834, 1627369.204808764625341 ] ] ] } },
{ "type": "Feature", "properties": { "barangay": "Novaliches Proper", "district": "DISTRICT 5", "pct_total_population": 39.91, "pct_female_population": 39.91, "pct_male_population": 39.9, "pct_children_0_4": 39.93, "pct_female_children_0_4": 39.97, "pct_male_children_0_4": 39.9, "pct_elderly_60plus": 39.93, "pct_female_elderly_60plus": 39.88, "pct_male_elderly_60plus": 39.93, "pct_childcare_facilities": 37.5, "pct_eldercare_facilities": null, "pct_pwd_facilities": null }, "geometry": { "type": "Polygon", "coordinates": [ [ [ 503648.32630539056845, 1628472.692583246156573 ], [ 503560.079007314168848, 1628534.311209602514282 ], [ 503531.898156606883276, 1628471.605965404305607 ], [ 503498.429433828103356, 1628447.892914099385962 ], [ 503490.88822677481221, 1628406.618091695941985 ], [ 503513.906249892606866, 1628406.617422822630033 ], [ 503490.887165630236268, 1628370.106054989621043 ], [ 503524.223230323754251, 1628336.767052730778232 ], [ 503555.574508703488391, 1628276.441081000724807 ], [ 503561.130268640583381, 1628233.577876418363303 ], [ 503546.971925266378094, 1628187.839241818059236 ], [ 503548.031340925721452, 1628167.697190763428807 ], [ 503561.257474794110749, 1628137.434775977628306 ], [ 503550.541622081247624, 1628108.463058203691617 ], [ 503550.144298720289953, 1628097.351058571366593 ], [ 503587.318912218790501, 1628082.763963648350909 ], [ 503600.415002686437219, 1628051.013551138341427 ], [ 503619.330609709606506, 1628036.834987209876999 ], [ 503622.298755359021015, 1628007.334871271392331 ], [ 503635.953944440349005, 1627978.959445912856609 ], [ 503647.953524300130084, 1627964.084082251647487 ], [ 503651.641164683329407, 1627951.583962520817295 ], [ 503632.358665803389158, 1627935.084506232058629 ], [ 503633.108023577660788, 1627912.959462195169181 ], [ 503608.731938304146752, 1627876.460133807267994 ], [ 503560.699778477021027, 1627838.211491068126634 ], [ 503553.387393392273225, 1627825.211690470576286 ], [ 503566.417298442160245, 1627787.086273473221809 ], [ 503573.259492659766693, 1627724.711011884734035 ], [ 503564.195477294793818, 1627690.086240428965539 ], [ 503571.914027336519212, 1627674.336000290000811 ], [ 503568.787636600784026, 1627626.586043084971607 ], [ 503605.036169114871882, 1627574.834937677485868 ], [ 503619.066057015501428, 1627536.084490990499035 ], [ 503636.439999319263734, 1627499.083948899526149 ], [ 503625.063992497336585, 1627464.834245002362877 ], [ 503651.125689130334649, 1627419.083441647468135 ], [ 503657.187746068113483, 1627420.83326725428924 ], [ 503688.625458010297734, 1627409.832342647947371 ], [ 503737.375379863835406, 1627405.455921626416966 ], [ 503773.437336200033315, 1627402.704870951129124 ], [ 503807.968250990554225, 1627398.578863374888897 ], [ 503834.750677507545333, 1627412.328098949277773 ], [ 503859.594356399087701, 1627434.82739966432564 ], [ 503872.470146678038873, 1627461.577052428387105 ], [ 503880.409360705409199, 1627503.076863488182425 ], [ 503885.691147017641924, 1627529.95173704251647 ], [ 503900.535488946305122, 1627541.201317013241351 ], [ 503957.161406754341442, 1627570.824701347621158 ], [ 503987.068021704559214, 1627590.948852545348927 ], [ 504020.787814817682374, 1627617.072898982325569 ], [ 504032.66358959680656, 1627643.322580300271511 ], [ 504030.195735056186095, 1627682.822691758628935 ], [ 504053.477383241232019, 1627704.322036857716739 ], [ 504086.260331615863834, 1627735.821115925209597 ], [ 504105.82335023325868, 1627770.195582045940682 ], [ 504128.91822347213747, 1627799.444940365618095 ], [ 504168.575291359098628, 1627834.818823580630124 ], [ 504203.29494025191525, 1627855.942835934460163 ], [ 504260.827719959721435, 1627915.19122372334823 ], [ 504239.174055752111599, 1627996.316934584174305 ], [ 504246.675055011874065, 1628030.441750957863405 ], [ 504228.08179549779743, 1628056.567317539127544 ], [ 504227.957169559784234, 1628069.442334122955799 ], [ 504212.020985446870327, 1628098.067826006561518 ], [ 504222.302533374691848, 1628116.567545855185017 ], [ 504211.73990423703799, 1628129.692865999415517 ], [ 504213.804577282688115, 1628187.19286386645399 ], [ 504205.80502698069904, 1628202.943112174747512 ], [ 504207.744237553095445, 1628278.943132303189486 ], [ 504189.24482556147268, 1628299.818690873449668 ], [ 504183.870045393297914, 1628307.568854860961437 ], [ 504180.965110473451205, 1628344.318976253736764 ], [ 504173.09009890910238, 1628344.194204963743687 ], [ 504170.434245225507766, 1628349.31928729894571 ], [ 504167.684627499605995, 1628362.569380530156195 ], [ 504170.340630236838479, 1628362.569303351920098 ], [ 504180.654094615369104, 1628378.194019378628582 ], [ 504185.716564673755784, 1628394.193888371810317 ], [ 504180.311162321246229, 1628414.944066332653165 ], [ 504164.342905482451897, 1628441.06955663789995 ], [ 504172.124218427750748, 1628451.569341083988547 ], [ 504169.312898493430112, 1628475.069446435198188 ], [ 504158.625341908540577, 1628490.694772719405591 ], [ 504153.37549280456733, 1628496.069930686615407 ], [ 504140.125929937057663, 1628511.570331295020878 ], [ 504126.814599530538544, 1628535.070741756819189 ], [ 504121.190810739703011, 1628576.945947313448414 ], [ 504080.131398972007446, 1628633.017196877859533 ], [ 504072.052812429959886, 1628681.934480860829353 ], [ 504024.174268896516878, 1628699.297889626817778 ], [ 503986.868058291147463, 1628693.344967697514221 ], [ 503952.734351610590238, 1628635.798901672707871 ], [ 503904.712049679190386, 1628627.069288352970034 ], [ 503877.72632584819803, 1628671.917117657372728 ], [ 503773.744082858727779, 1628667.158134469762444 ], [ 503717.782281592837535, 1628572.702665594173595 ], [ 503722.937157730921172, 1628430.621372809400782 ], [ 503657.056010808795691, 1628427.845284440089017 ], [ 503648.32630539056845, 1628472.692583246156573 ] ] ] } },
{ "type": "Feature", "properties": { "barangay": "Obrero", "district": "DISTRICT 4", "pct_total_population": 19.05, "pct_female_population": 19.06, "pct_male_population": 19.07, "pct_children_0_4": 19.04, "pct_female_children_0_4": 18.98, "pct_male_children_0_4": 19.1, "pct_elderly_60plus": 19.03, "pct_female_elderly_60plus": 19.02, "pct_male_elderly_60plus": 19.05, "pct_childcare_facilities": 0.0, "pct_eldercare_facilities": null, "pct_pwd_facilities": null }, "geometry": { "type": "Polygon", "coordinates": [ [ [ 502563.283908932004124, 1617863.730439823586494 ], [ 502893.418975701380987, 1617785.783768313005567 ], [ 503009.30644621810643, 1617763.555378482211381 ], [ 503012.878519064746797, 1617765.936277080792934 ], [ 503004.14651839970611, 1617731.80549649358727 ], [ 503003.749379548127763, 1617727.042503235628828 ], [ 503004.939850215625484, 1617708.78645029081963 ], [ 503004.542423100501765, 1617694.102447069482878 ], [ 503007.319618575042114, 1617666.320338423363864 ], [ 503053.653749266290106, 1617669.2159949534107 ], [ 503076.153702818322927, 1617666.840338750276715 ], [ 503095.059645538683981, 1617664.214786739321426 ], [ 503123.93439482152462, 1617654.588938010158017 ], [ 503156.372227628831752, 1617647.712988514918834 ], [ 503178.028045993647538, 1617640.712352188536897 ], [ 503206.809082184336148, 1617640.961516121635213 ], [ 503228.372158294310793, 1617642.835891418159008 ], [ 503246.34131076943595, 1617647.460373917594552 ], [ 503265.184416911914013, 1617650.459829390281811 ], [ 503284.091490387218073, 1617652.334281868766993 ], [ 503301.216380451514851, 1617647.958779856096953 ], [ 503310.371739416150376, 1617625.583491312339902 ], [ 503316.746538701816462, 1617618.458298902027309 ], [ 503324.996183718089014, 1617605.958046617917717 ], [ 503334.026934888621327, 1617597.082775267306715 ], [ 503344.661685337196104, 1617588.126457235310227 ], [ 503361.727690920059104, 1617587.728960937121883 ], [ 503377.339702364231925, 1617587.581507125869393 ], [ 503391.651847468921915, 1617592.081095763016492 ], [ 503405.151919202005956, 1617594.080705494852737 ], [ 503422.21504524856573, 1617597.830213431967422 ], [ 503433.871140501229092, 1617600.704877626383677 ], [ 503443.746172247105278, 1617601.45459142816253 ], [ 503455.391061797796283, 1617597.251248818123713 ], [ 503495.87800761469407, 1617800.450276692397892 ], [ 503515.724484157108236, 1617884.984785008942708 ], [ 502612.439470386307221, 1618087.815236832713708 ], [ 502563.283908932004124, 1617863.730439823586494 ] ] ] } },
{ "type": "Feature", "properties": { "barangay": "Old Capitol Site", "district": "DISTRICT 4", "pct_total_population": 58.79, "pct_female_population": 58.77, "pct_male_population": 58.74, "pct_children_0_4": 58.82, "pct_female_children_0_4": 59.18, "pct_male_children_0_4": 58.49, "pct_elderly_60plus": 58.68, "pct_female_elderly_60plus": 59.15, "pct_male_elderly_60plus": 58.0, "pct_childcare_facilities": null, "pct_eldercare_facilities": null, "pct_pwd_facilities": null }, "geometry": { "type": "Polygon", "coordinates": [ [ [ 505411.078095579927322, 1620558.896398431388661 ], [ 505428.141993970377371, 1620520.398863862035796 ], [ 505449.768250272376463, 1620459.649174341233447 ], [ 505458.455201918957755, 1620423.273885323433205 ], [ 505464.453990989830345, 1620381.398668886395171 ], [ 505467.888883884937968, 1620308.773496034787968 ], [ 505462.700498283433262, 1620261.273599027656019 ], [ 505449.105340391339269, 1620221.898954479955137 ], [ 505429.823343812255189, 1620188.274480969645083 ], [ 505406.700476881349459, 1620159.242123684380203 ], [ 505387.252869113115594, 1620139.001668442506343 ], [ 505357.321156849444378, 1620115.52651460445486 ], [ 505480.909527532174252, 1619917.542724194005132 ], [ 505554.730193341791164, 1619972.309634163742885 ], [ 505602.753810169000644, 1620026.283292952692136 ], [ 505640.458428063313477, 1620080.654252001317218 ], [ 505661.493671792966779, 1620122.721683059819043 ], [ 505691.659400907577947, 1620215.589899891521782 ], [ 505696.819582555210218, 1620256.071790648857132 ], [ 505634.907785567105748, 1620265.201598902465776 ], [ 505635.306323392607737, 1620352.514675132930279 ], [ 505629.752416963339783, 1620424.745909166987985 ], [ 505704.762826736783609, 1620436.252741059986874 ], [ 505792.049591489252634, 1620425.139193456619978 ], [ 505796.044795015244745, 1620466.413118873955682 ], [ 505802.396176429232582, 1620548.139016504632309 ], [ 505800.178857098682784, 1620571.639104572124779 ], [ 505728.30820576264523, 1620723.766346031101421 ], [ 505671.838564183970448, 1620703.642966712359339 ], [ 505619.212871977419127, 1620681.644473812310025 ], [ 505572.431243845436256, 1620661.645813102601096 ], [ 505541.305696754017845, 1620643.896699706790969 ], [ 505411.078095579927322, 1620558.896398431388661 ] ] ] } },
{ "type": "Feature", "properties": { "barangay": "Paang Bundok", "district": "DISTRICT 1", "pct_total_population": 3.96, "pct_female_population": 3.95, "pct_male_population": 3.97, "pct_children_0_4": 4.07, "pct_female_children_0_4": 3.93, "pct_male_children_0_4": 4.19, "pct_elderly_60plus": 3.87, "pct_female_elderly_60plus": 3.88, "pct_male_elderly_60plus": 3.87, "pct_childcare_facilities": 0.0, "pct_eldercare_facilities": null, "pct_pwd_facilities": null }, "geometry": { "type": "Polygon", "coordinates": [ [ [ 498766.923490705317818, 1617670.994560738094151 ], [ 498739.774013933201786, 1617586.706264861160889 ], [ 498840.308806997200008, 1617507.283263636287302 ], [ 499322.46510562277399, 1617948.220696713775396 ], [ 499275.238603631674778, 1618001.404122511856258 ], [ 499260.951174091547728, 1617987.116523306118324 ], [ 498905.136093537323177, 1618099.889976004837081 ], [ 498766.923490705317818, 1617670.994560738094151 ] ] ] } },
{ "type": "Feature", "properties": { "barangay": "Pag-ibig sa Nayon", "district": "DISTRICT 1", "pct_total_population": 0.0, "pct_female_population": 0.0, "pct_male_population": 0.0, "pct_children_0_4": 0.0, "pct_female_children_0_4": 0.0, "pct_male_children_0_4": 0.0, "pct_elderly_60plus": 0.0, "pct_female_elderly_60plus": 0.0, "pct_male_elderly_60plus": 0.0, "pct_childcare_facilities": 0.0, "pct_eldercare_facilities": null, "pct_pwd_facilities": null }, "geometry": { "type": "Polygon", "coordinates": [ [ [ 499908.782705367601011, 1619737.945459850830957 ], [ 499816.388973169028759, 1619715.946122508961707 ], [ 499741.775678970268928, 1619708.407283047912642 ], [ 499633.081163079710677, 1619694.413427419960499 ], [ 499633.238478585495614, 1619808.500537622487172 ], [ 499638.396536652522627, 1619810.318389569176361 ], [ 499619.774597139155958, 1619847.456968042999506 ], [ 499737.020409759774338, 1619940.183654397260398 ], [ 499764.404068168078084, 1619927.482845901278779 ], [ 499780.034274757490493, 1619934.050398324383423 ], [ 499786.753079012443777, 1619927.083196071675047 ], [ 499822.701265185314696, 1619966.656191301299259 ], [ 499843.491951223870274, 1619989.541610186221078 ], [ 499841.999029253842309, 1619992.279656322440132 ], [ 499846.22938781225821, 1620004.47254565730691 ], [ 499833.859975230065174, 1620025.111925862496719 ], [ 499837.829048429848626, 1620027.492812918266281 ], [ 499844.576562594680581, 1620044.955634417477995 ], [ 499833.463655292929616, 1620048.527960933744907 ], [ 499833.464231932943221, 1620068.371980880619958 ], [ 499821.161196544184349, 1620067.578337581595406 ], [ 499821.161634765507188, 1620082.659352737246081 ], [ 499811.239820912247524, 1620089.406647841911763 ], [ 499800.525455992727075, 1620111.631981536513194 ], [ 499787.825558560725767, 1620115.601354566868395 ], [ 499780.285000831063371, 1620131.079589244909585 ], [ 499810.051296002173331, 1620140.206733476370573 ], [ 499864.904620490444358, 1620149.475148867815733 ], [ 499898.327078706061002, 1620129.674157761503011 ], [ 499916.673796238726936, 1620119.319614218780771 ], [ 499934.324178910232149, 1620131.879113967530429 ], [ 499931.846831290342379, 1620188.824243244016543 ], [ 499936.794875549850985, 1620190.17410082067363 ], [ 499927.867844250053167, 1620223.817394068231806 ], [ 499705.947840854641981, 1620231.379850251367316 ], [ 499379.410414804355241, 1620331.253439281368628 ], [ 499379.005417854292318, 1620331.374451166484505 ], [ 499371.708854730241001, 1620312.246643955586478 ], [ 499371.705854434694629, 1620312.23764402535744 ], [ 499282.415352195734158, 1620091.580016652820632 ], [ 499217.010571199585684, 1619929.322753942804411 ], [ 499073.996572903706692, 1619590.221568503184244 ], [ 499073.994572866358794, 1619590.218568559503183 ], [ 499060.054667942924425, 1619559.56394279608503 ], [ 499061.076670030073728, 1619559.600913135334849 ], [ 499331.61422910541296, 1619569.477061777375638 ], [ 499327.250666465843096, 1619619.087238479405642 ], [ 499498.654118050762918, 1619628.697267493931577 ], [ 499643.057755706831813, 1619645.640088452259079 ], [ 499920.289514048898127, 1619662.142049238318577 ], [ 499925.237558202352375, 1619663.490906804334372 ], [ 499920.133543665113393, 1619663.168054794427007 ], [ 499908.782705367601011, 1619737.945459850830957 ] ] ] } },
{ "type": "Feature", "properties": { "barangay": "Paligsahan", "district": "DISTRICT 4", "pct_total_population": 9.16, "pct_female_population": 9.17, "pct_male_population": 9.16, "pct_children_0_4": 9.23, "pct_female_children_0_4": 9.16, "pct_male_children_0_4": 9.29, "pct_elderly_60plus": 9.32, "pct_female_elderly_60plus": 8.99, "pct_male_elderly_60plus": 9.02, "pct_childcare_facilities": 0.0, "pct_eldercare_facilities": null, "pct_pwd_facilities": null }, "geometry": { "type": "Polygon", "coordinates": [ [ [ 501866.827304704347625, 1618314.376130809308961 ], [ 501710.343897250073496, 1618202.538565442198887 ], [ 501642.079444682807662, 1618154.915501178242266 ], [ 501601.994504828529898, 1618123.95963483909145 ], [ 501555.955270638922229, 1618083.082931532757357 ], [ 501660.976836397137959, 1618064.506861121626571 ], [ 502563.283908932004124, 1617863.730439823586494 ], [ 502612.439470386307221, 1618087.815236832713708 ], [ 502713.656835568428505, 1618544.21975467260927 ], [ 502876.775744297192432, 1618638.671109731541947 ], [ 502999.80924387043342, 1618720.424616824369878 ], [ 502712.091783230309375, 1618783.352040668250993 ], [ 502649.76721043291036, 1618800.20686866203323 ], [ 501866.827304704347625, 1618314.376130809308961 ] ] ] } },
{ "type": "Feature", "properties": { "barangay": "Paltok", "district": "DISTRICT 1", "pct_total_population": 37.62, "pct_female_population": 37.62, "pct_male_population": 37.62, "pct_children_0_4": 37.61, "pct_female_children_0_4": 37.69, "pct_male_children_0_4": 37.59, "pct_elderly_60plus": 37.64, "pct_female_elderly_60plus": 37.64, "pct_male_elderly_60plus": 37.63, "pct_childcare_facilities": 50.0, "pct_eldercare_facilities": null, "pct_pwd_facilities": null }, "geometry": { "type": "Polygon", "coordinates": [ [ [ 502856.121032208902761, 1619784.848862765589729 ], [ 502909.359982712368947, 1620022.180554455611855 ], [ 502827.603465718391817, 1620041.629949722439051 ], [ 502811.331380166986492, 1620039.249420157633722 ], [ 502749.814822417451069, 1620022.185190567979589 ], [ 502593.444281388423406, 1619974.564686523983255 ], [ 502020.350550109054893, 1619797.17816118337214 ], [ 501823.879283156013116, 1619209.806279465556145 ], [ 501825.465843160636723, 1619160.197183457901701 ], [ 501825.861886221158784, 1619127.256138810422271 ], [ 501819.51128016813891, 1619106.619302595732734 ], [ 501808.794577357824892, 1619082.806590046035126 ], [ 501834.194337584602181, 1619073.677842793287709 ], [ 501852.45003292534966, 1619062.564301145030186 ], [ 501864.752595579484478, 1619047.08592808037065 ], [ 501898.08918736083433, 1618997.47590948222205 ], [ 501948.49025423428975, 1618929.211376257007942 ], [ 501969.524514169723261, 1618903.016738686012104 ], [ 501991.750782109505963, 1618945.879135950934142 ], [ 502000.482828891079407, 1618981.597918143030256 ], [ 502010.159573602606542, 1619006.889662394300103 ], [ 502019.28828634013189, 1619031.09942147647962 ], [ 502037.147742560424376, 1619046.179917690111324 ], [ 502052.627046497713309, 1619056.101477865595371 ], [ 502086.849408308800776, 1619067.370494763366878 ], [ 502113.349482163379434, 1619068.994726345408708 ], [ 502143.511610663612373, 1619072.370853284373879 ], [ 502166.927634121908341, 1619072.370172862429172 ], [ 502181.214948419947177, 1619082.688768076710403 ], [ 502207.409908926754724, 1619114.834039234090596 ], [ 502220.507141167938244, 1619122.374666230520234 ], [ 502229.238253777497448, 1619125.946416110033169 ], [ 502237.176353978458792, 1619129.121188637800515 ], [ 502274.482725967827719, 1619140.629116160562262 ], [ 502300.677225177932996, 1619156.90037136618048 ], [ 502318.934004667738918, 1619183.093867203220725 ], [ 502336.000656203192193, 1619204.921393224736676 ], [ 502345.129126715881284, 1619220.796143932500854 ], [ 502359.020717312872875, 1619240.639760233694687 ], [ 502370.529924941365607, 1619247.386432584375143 ], [ 502395.136203441361431, 1619256.11672634887509 ], [ 502441.174653338792268, 1619270.006402527913451 ], [ 502473.719032057677396, 1619281.911468814127147 ], [ 502512.613370967505034, 1619292.22934899549 ], [ 502553.491458150499966, 1619293.815162743907422 ], [ 502578.097667398513295, 1619300.164454123005271 ], [ 502600.323024255048949, 1619311.673819863703102 ], [ 502644.774279881035909, 1619353.344570108223706 ], [ 502655.49092505488079, 1619375.172280652448535 ], [ 502653.508099392289296, 1619415.653378991875798 ], [ 502774.953224858327303, 1619450.178884738124907 ], [ 502783.684187545091845, 1619448.590629430720583 ], [ 502856.121032208902761, 1619784.848862765589729 ] ] ] } },
{ "type": "Feature", "properties": { "barangay": "Pansol", "district": "DISTRICT 3", "pct_total_population": 5.43, "pct_female_population": 5.43, "pct_male_population": 5.44, "pct_children_0_4": 5.43, "pct_female_children_0_4": 5.43, "pct_male_children_0_4": 5.43, "pct_elderly_60plus": 5.37, "pct_female_elderly_60plus": 5.38, "pct_male_elderly_60plus": 5.37, "pct_childcare_facilities": 25.0, "pct_eldercare_facilities": null, "pct_pwd_facilities": null }, "geometry": { "type": "Polygon", "coordinates": [ [ [ 507877.252776247099973, 1619843.203015265986323 ], [ 507913.690765713807195, 1619841.576954792952165 ], [ 507999.940688812057488, 1619835.949442837620154 ], [ 508067.252298703417182, 1619820.197471012594178 ], [ 508084.596159974869806, 1619814.821961621753871 ], [ 508104.751838727563154, 1619803.071364109404385 ], [ 508117.533426521753427, 1619788.445977981900796 ], [ 508153.657282194704749, 1619747.819887423422188 ], [ 508176.187687290133908, 1619726.569211347028613 ], [ 508202.999223802122287, 1619709.693415279034525 ], [ 508229.28090872411849, 1619697.94263975112699 ], [ 508263.18671034189174, 1619689.941646448336542 ], [ 508294.96785119298147, 1619693.690726704429835 ], [ 508320.374047482036985, 1619699.564994336105883 ], [ 508348.062445871008094, 1619712.314202572219074 ], [ 508365.281819160503801, 1619724.563714521937072 ], [ 508519.474081527383532, 1619900.309410635614768 ], [ 508559.506828828074504, 1619924.640271806623787 ], [ 508593.63794385548681, 1619927.417282795300707 ], [ 508628.563886582967825, 1619924.241264692973346 ], [ 508653.169380785315298, 1619905.984531339257956 ], [ 508689.067826838989276, 1619885.679467759327963 ], [ 508773.023217572190333, 1619827.399969524471089 ], [ 508828.58282472594874, 1619708.732235713861883 ], [ 508841.277278323657811, 1619517.437674469314516 ], [ 509225.070481107628439, 1619992.884000041754916 ], [ 509017.51230006874539, 1620269.116309178993106 ], [ 508732.094784182787407, 1620811.804148761555552 ], [ 509243.834092045435682, 1620529.411994313122705 ], [ 509401.402992815594189, 1620830.238718063337728 ], [ 509522.063990194525104, 1621204.489588156575337 ], [ 509693.128199795668479, 1621584.294999182457104 ], [ 509974.522628653678112, 1621899.010138684418052 ], [ 510040.017763362266123, 1622245.480583901051432 ], [ 509991.368715632415842, 1622245.519997628871351 ], [ 509987.62172823981382, 1622246.083107077050954 ], [ 509938.58489323570393, 1622253.458539452869445 ], [ 509890.166582789970562, 1622278.859971967991441 ], [ 509882.229243714245968, 1622301.879225776530802 ], [ 509850.876546775689349, 1622313.389148417161778 ], [ 509815.157822321285494, 1622324.106197142507881 ], [ 509804.04581116209738, 1622324.106520045083016 ], [ 509804.045153734099586, 1622301.484497319674119 ], [ 509755.626024272292852, 1622298.707901529036462 ], [ 509733.003436397237238, 1622279.261539358412847 ], [ 509691.330840927374084, 1622260.212731157662347 ], [ 509652.437032552319579, 1622268.15086934552528 ], [ 509631.403553569922224, 1622286.805499314330518 ], [ 509584.175967414863408, 1622302.681887656450272 ], [ 509523.454552365350537, 1622324.908674505073577 ], [ 509487.735366538108792, 1622319.749707268783823 ], [ 509457.96412957488792, 1622278.218530622078106 ], [ 508130.750358051445801, 1621747.01956356340088 ], [ 508058.443504267663229, 1621754.55367228272371 ], [ 507825.725504723319318, 1621728.211408280301839 ], [ 507871.274981052032672, 1621674.205030352110043 ], [ 507918.086491432797629, 1621621.32861689128913 ], [ 508056.069322316383477, 1621335.450319783296436 ], [ 508082.732837901974563, 1621283.448492677183822 ], [ 507860.681661966023967, 1621078.616739189019427 ], [ 507860.666952962928917, 1620572.474230600055307 ], [ 508070.63945292896824, 1620582.414139090338722 ], [ 508080.043938098067883, 1620151.44743241253309 ], [ 507871.568916470103431, 1619951.453289287630469 ], [ 507877.252776247099973, 1619843.203015265986323 ] ] ] } },
{ "type": "Feature", "properties": { "barangay": "Paraiso", "district": "DISTRICT 1", "pct_total_population": 26.1, "pct_female_population": 26.08, "pct_male_population": 26.1, "pct_children_0_4": 26.2, "pct_female_children_0_4": 25.95, "pct_male_children_0_4": 26.43, "pct_elderly_60plus": 26.09, "pct_female_elderly_60plus": 25.93, "pct_male_elderly_60plus": 26.32, "pct_childcare_facilities": null, "pct_eldercare_facilities": null, "pct_pwd_facilities": null }, "geometry": { "type": "Polygon", "coordinates": [ [ [ 501644.090515631251037, 1619086.383379644481465 ], [ 501621.468258802720811, 1619043.917994296876714 ], [ 501527.00478600198403, 1618824.448518469696864 ], [ 501569.867171652556863, 1618801.82525021629408 ], [ 501620.666092419356573, 1618762.929734967648983 ], [ 501743.694494105177, 1618669.264065779978409 ], [ 501763.934268807119224, 1618626.400434530572966 ], [ 501784.968382258724887, 1618629.574826511787251 ], [ 501806.797531019023154, 1618633.940196592826396 ], [ 501824.259583164064679, 1618635.129690375644714 ], [ 501908.000367375148926, 1618624.808246642351151 ], [ 501901.338654770515859, 1618703.750519615365192 ], [ 501899.339924197935034, 1618747.500621701823547 ], [ 501902.247653680853546, 1618772.500562352593988 ], [ 501915.966709919448476, 1618808.375199789879844 ], [ 501931.24977152160136, 1618844.374791902024299 ], [ 501949.67987140052719, 1618881.586293786531314 ], [ 501969.524514169723261, 1618903.016738686012104 ], [ 501948.49025423428975, 1618929.211376257007942 ], [ 501898.08918736083433, 1618997.47590948222205 ], [ 501864.752595579484478, 1619047.08592808037065 ], [ 501852.45003292534966, 1619062.564301145030186 ], [ 501834.194337584602181, 1619073.677842793287709 ], [ 501808.794577357824892, 1619082.806590046035126 ], [ 501819.51128016813891, 1619106.619302595732734 ], [ 501825.861886221158784, 1619127.256138810422271 ], [ 501825.465843160636723, 1619160.197183457901701 ], [ 501823.879283156013116, 1619209.806279465556145 ], [ 501627.028312667796854, 1619183.221972845727578 ], [ 501644.090515631251037, 1619086.383379644481465 ] ] ] } },
{ "type": "Feature", "properties": { "barangay": "Pasong Putik Proper", "district": "DISTRICT 5", "pct_total_population": 11.81, "pct_female_population": 11.82, "pct_male_population": 11.81, "pct_children_0_4": 11.79, "pct_female_children_0_4": 11.77, "pct_male_children_0_4": 11.81, "pct_elderly_60plus": 11.85, "pct_female_elderly_60plus": 11.88, "pct_male_elderly_60plus": 11.82, "pct_childcare_facilities": 28.57, "pct_eldercare_facilities": null, "pct_pwd_facilities": 0.0 }, "geometry": { "type": "Polygon", "coordinates": [ [ [ 505602.231569370953366, 1630444.336789254331961 ], [ 505603.542393728217576, 1628993.025290665449575 ], [ 505209.443939984077588, 1628991.052740720566362 ], [ 505207.660369637713302, 1628730.616530471947044 ], [ 505350.521153716777917, 1628236.500881899846718 ], [ 505108.822910753893666, 1628236.507905360078439 ], [ 505101.269766340730712, 1627784.466669983463362 ], [ 505237.266621371556539, 1627912.412846826715395 ], [ 505470.898198868439067, 1628130.656277372501791 ], [ 505503.492117949179374, 1628161.155360924312845 ], [ 505592.307681023143232, 1628246.277865700190887 ], [ 506107.152379695384298, 1628734.237395915435627 ], [ 505884.117647690000013, 1629060.872205740772188 ], [ 505842.844601634191349, 1629129.533474182477221 ], [ 505834.907931533060037, 1629175.570751139195636 ], [ 505840.469700522196945, 1629339.480754455085844 ], [ 505861.11277645197697, 1629547.840364267118275 ], [ 505834.523099216341507, 1629594.275183664867654 ], [ 505986.379664827254601, 1629642.892819804139435 ], [ 506109.4148094264674, 1629678.019279878819361 ], [ 506151.881140508572571, 1629687.940055842977017 ], [ 507060.33148033474572, 1629702.598671979270875 ], [ 507339.560962439340074, 1629709.520564816193655 ], [ 507454.711405257810839, 1629824.00133385322988 ], [ 507492.731427193095442, 1629857.849263090640306 ], [ 507551.993003136129119, 1629910.028593518771231 ], [ 507572.50840846542269, 1629923.263010674156249 ], [ 507596.358801752212457, 1629935.971330395201221 ], [ 507647.20353213272756, 1629959.344876420916989 ], [ 507707.016758333367761, 1629999.46817867923528 ], [ 507771.643236447067466, 1630048.091349623864517 ], [ 507828.832569034013432, 1630091.964731904678047 ], [ 507861.801426714926492, 1630120.338802411220968 ], [ 507925.647815788746811, 1630200.337027589324862 ], [ 507971.150004803086631, 1630274.085779559332877 ], [ 508049.934335274912883, 1630385.95860273623839 ], [ 508112.685208431794308, 1630413.831807298120111 ], [ 508203.845024533569813, 1630438.758183359401301 ], [ 508222.939172523212619, 1630443.188632963225245 ], [ 507799.20075224165339, 1630443.393946608295664 ], [ 507189.662146228482015, 1630443.641659463522956 ], [ 507189.602146170451306, 1630443.641661206958815 ], [ 506791.977739802852739, 1630443.423215561313555 ], [ 506766.176725548866671, 1630443.826965712476522 ], [ 505602.231569370953366, 1630444.336789254331961 ] ] ] } },
{ "type": "Feature", "properties": { "barangay": "Pasong Tamo", "district": "DISTRICT 6", "pct_total_population": 19.55, "pct_female_population": 19.55, "pct_male_population": 19.55, "pct_children_0_4": 19.55, "pct_female_children_0_4": 19.55, "pct_male_children_0_4": 19.55, "pct_elderly_60plus": 19.55, "pct_female_elderly_60plus": 19.54, "pct_male_elderly_60plus": 19.56, "pct_childcare_facilities": 11.11, "pct_eldercare_facilities": 0.0, "pct_pwd_facilities": 0.0 }, "geometry": { "type": "Polygon", "coordinates": [ [ [ 507309.106643543578684, 1623092.863793089985847 ], [ 507309.940889888384845, 1623238.953915795776993 ], [ 507325.865991563419811, 1623517.181732889031991 ], [ 507379.369100357289426, 1624276.098941548261791 ], [ 507388.926547994546127, 1624532.042921276763082 ], [ 507388.939536791294813, 1624978.98937049601227 ], [ 507413.771615568664856, 1625049.659720001276582 ], [ 506348.382563314284198, 1625050.321679553482682 ], [ 505939.65212884999346, 1625049.514555929461494 ], [ 505933.673711616836954, 1624691.264369248878211 ], [ 505933.357954219100066, 1624596.389282977906987 ], [ 505922.481399359239731, 1624543.264545595040545 ], [ 505878.260135353601072, 1624466.890753770712763 ], [ 505826.258691872470081, 1624419.017216703621671 ], [ 505771.976238692412153, 1624370.893745667533949 ], [ 505717.725156239408534, 1624335.520286549115553 ], [ 505665.037590997177176, 1624317.896799854468554 ], [ 505589.287351463513914, 1624312.273995394585654 ], [ 505510.193050401227083, 1624304.65128610143438 ], [ 505459.317668750765733, 1624293.277753029251471 ], [ 505408.660985695139971, 1624271.529203163459897 ], [ 505352.56534189125523, 1624216.905778272077441 ], [ 505118.182946520159021, 1623970.537341250805184 ], [ 505029.304108307813294, 1623841.539794173557311 ], [ 505002.146275610371958, 1623779.415520848473534 ], [ 504956.956254020566121, 1623711.416765606729314 ], [ 504918.860544689232484, 1623653.91781476396136 ], [ 504874.202734370424878, 1623593.169051351025701 ], [ 504624.849253365362529, 1623275.550977680133656 ], [ 504589.630179065454286, 1623239.801965130027384 ], [ 504573.722007917240262, 1623200.052387413801625 ], [ 504568.220247860066593, 1623139.677486555883661 ], [ 504549.017296196776442, 1622866.724769985303283 ], [ 504532.839715475274716, 1622675.246047455118969 ], [ 504534.579321364406496, 1622592.802913976134732 ], [ 504529.264544275181834, 1622497.427972470875829 ], [ 504522.909997624577954, 1622375.604034582152963 ], [ 504524.538963922648691, 1622374.389986023772508 ], [ 504566.565095732919872, 1622343.059733288362622 ], [ 504582.043249684735201, 1622347.821288312785327 ], [ 504611.809925466659479, 1622370.045445691561326 ], [ 504636.019584143767133, 1622391.872764154104516 ], [ 504663.800681254419032, 1622394.253959274617955 ], [ 504682.455011346261017, 1622404.968427975196391 ], [ 504694.361588488216512, 1622424.415101553313434 ], [ 504694.759050273860339, 1622440.290105969412252 ], [ 504676.503781630541198, 1622466.087662396021187 ], [ 504656.661249465832952, 1622517.285290491301566 ], [ 504664.202283498481847, 1622552.607106890529394 ], [ 504722.941830388037488, 1622603.802451509516686 ], [ 504770.964616780460346, 1622629.201081581646577 ], [ 504794.380951769824605, 1622639.916411918355152 ], [ 504810.256705855077598, 1622665.315976138692349 ], [ 504835.657031254435424, 1622675.634248425718397 ], [ 504911.460095894697588, 1622675.235045303124934 ], [ 504972.976607444230467, 1622690.71127329277806 ], [ 505009.092612621549051, 1622724.047257340978831 ], [ 505035.683869921776932, 1622731.984492619521916 ], [ 505058.30595040024491, 1622733.967837252421305 ], [ 505069.814927346538752, 1622732.777501622913405 ], [ 505080.133903097535949, 1622731.586200570687652 ], [ 505118.630722678441089, 1622724.044074318837374 ], [ 505152.761687704711221, 1622721.662080127978697 ], [ 505177.368989313778002, 1622731.186374655226246 ], [ 505192.450315802823752, 1622741.901947190752253 ], [ 505225.788568473537453, 1622749.440986013272777 ], [ 505157.527437527664006, 1622816.119036661693826 ], [ 505280.619376064452808, 1622844.156487988773733 ], [ 505413.30728314910084, 1622870.777659050421789 ], [ 505566.588622488547117, 1622877.148211316904053 ], [ 505643.30787029012572, 1622883.020987877855077 ], [ 505755.932562019443139, 1622868.517700569471344 ], [ 507237.591165981721133, 1622631.572407257044688 ], [ 507246.80213244544575, 1622630.09913811320439 ], [ 507246.33336085267365, 1622637.97415965795517 ], [ 507293.9331482842681, 1622835.472975115757436 ], [ 507308.185956085275393, 1622931.597657632548362 ], [ 507309.106643543578684, 1623092.863793089985847 ] ] ] } },
{ "type": "Feature", "properties": { "barangay": "Payatas", "district": "DISTRICT 2", "pct_total_population": 8.89, "pct_female_population": 8.89, "pct_male_population": 8.89, "pct_children_0_4": 8.89, "pct_female_children_0_4": 8.89, "pct_male_children_0_4": 8.88, "pct_elderly_60plus": 8.89, "pct_female_elderly_60plus": 8.89, "pct_male_elderly_60plus": 8.9, "pct_childcare_facilities": 0.0, "pct_eldercare_facilities": null, "pct_pwd_facilities": null }, "geometry": { "type": "Polygon", "coordinates": [ [ [ 511690.678498074121308, 1628200.968607436632738 ], [ 511625.91573363612406, 1628245.723534416407347 ], [ 511544.416624493373092, 1628279.198936395114288 ], [ 511468.738859573029913, 1628324.318180917995051 ], [ 511423.259342533187009, 1628342.511520825326443 ], [ 511385.419484324054793, 1628348.697626634500921 ], [ 511336.301466649398208, 1628349.791055069305003 ], [ 511307.921565008000471, 1628354.157884158659726 ], [ 511247.161138445837423, 1628375.989671771647409 ], [ 511214.779296228080057, 1628382.539619346614927 ], [ 511190.765166288882028, 1628378.902313525322825 ], [ 511134.369390622130595, 1628354.162927447352558 ], [ 511092.526661351846997, 1628330.514119575032964 ], [ 510980.825518844649196, 1628260.65929524297826 ], [ 510931.341454138746485, 1628225.732698078267276 ], [ 510895.320593070238829, 1628197.353716262383386 ], [ 510853.112806061748415, 1628137.320882392115891 ], [ 510813.817275688459631, 1628086.020972673548386 ], [ 510793.440800512558781, 1628070.375549062620848 ], [ 510772.701652764517348, 1628066.010147331049666 ], [ 510716.306670137331821, 1628068.558788680005819 ], [ 510628.255460846761707, 1628029.994308587163687 ], [ 510616.976079409825616, 1628017.260623535839841 ], [ 510604.603782984078862, 1627938.670904007507488 ], [ 510675.187511039723177, 1627892.460806414019316 ], [ 510695.925897468638141, 1627870.629181811586022 ], [ 510722.483904541062657, 1627801.135340147186071 ], [ 510723.210636495728977, 1627757.474275114946067 ], [ 510712.294525848061312, 1627719.63455425365828 ], [ 510694.828852698963601, 1627697.077039098134264 ], [ 510600.954914042144082, 1627599.206668543163687 ], [ 510429.945364632294513, 1627448.580486399587244 ], [ 510404.475873805815354, 1627432.572210416430607 ], [ 510286.954745107330382, 1627432.21262511308305 ], [ 510202.907258913095575, 1627418.389053552178666 ], [ 510170.524877387157176, 1627406.382982474984601 ], [ 510070.466186315519735, 1627317.244800417684019 ], [ 510045.723928729945328, 1627309.240511348936707 ], [ 509938.756259359768592, 1627358.726669508963823 ], [ 509887.454641287506092, 1627373.645175297278911 ], [ 509830.331753068370745, 1627379.46884109149687 ], [ 509787.766726083995309, 1627380.011078538140282 ], [ 509726.637527322513051, 1627375.286850143224001 ], [ 509614.210340359073598, 1627372.744114615954459 ], [ 509591.28785200661514, 1627356.735764613607898 ], [ 509559.751819775730837, 1627356.715681000845507 ], [ 509589.097801641968545, 1627148.617618888383731 ], [ 509535.637973808276001, 1627121.982145586051047 ], [ 509634.988654434739146, 1626969.914105563191697 ], [ 509634.988492900913116, 1626964.357099985936657 ], [ 509813.574690946668852, 1626689.713634160580114 ], [ 509884.612948069989216, 1626592.873472440289333 ], [ 509930.252632987452671, 1626546.041099077323452 ], [ 509863.972124676103704, 1626496.433975224150345 ], [ 509905.643347670207731, 1626468.253735951147974 ], [ 509928.203366550907958, 1626468.124080248409882 ], [ 509951.680828728072811, 1626448.806378583889455 ], [ 509964.776999895926565, 1626419.833968883380294 ], [ 509961.998028279747814, 1626386.496016102144495 ], [ 509961.600866430613678, 1626380.940022048540413 ], [ 509963.583807333721779, 1626344.426927696447819 ], [ 509974.298457151744515, 1626297.59556922595948 ], [ 509929.449578162515536, 1626234.493809020845219 ], [ 509906.033266252023168, 1626224.572479493683204 ], [ 509944.529070904536638, 1626182.105318128829822 ], [ 509917.142898109916132, 1626108.287039680173621 ], [ 509894.915568971657194, 1626028.91260574082844 ], [ 509952.858577578736003, 1625992.794885653303936 ], [ 509998.100273655669298, 1625946.359524259110913 ], [ 509877.446992170007434, 1625837.618920938344672 ], [ 509847.68037404603092, 1625817.378765564644709 ], [ 509757.589360778045375, 1625785.63135159178637 ], [ 509691.774514801800251, 1625758.800237111980096 ], [ 510050.142638416145928, 1625406.553468972677365 ], [ 510130.725405564589892, 1625326.930047230329365 ], [ 510171.834728215122595, 1625371.021896986523643 ], [ 510204.889123234665021, 1625417.881983590079471 ], [ 510256.353719233709853, 1625471.017541534965858 ], [ 510263.466665609565098, 1625468.925332733197138 ], [ 510310.329378409427591, 1625526.2440285962075 ], [ 510480.887277102970984, 1625723.313270582119003 ], [ 510620.763283316104207, 1625856.329339722404256 ], [ 510672.372103912464809, 1626295.697281969012693 ], [ 511302.023087669629604, 1627064.776758495718241 ], [ 511485.479978330200538, 1627123.485486446181312 ], [ 511902.999141754291486, 1627321.117552487179637 ], [ 511882.386852491181344, 1628172.121007518842816 ], [ 511779.0916669893777, 1628169.312006373889744 ], [ 511732.519715354195796, 1628172.588363016955554 ], [ 511690.678498074121308, 1628200.968607436632738 ] ] ] } },
{ "type": "Feature", "properties": { "barangay": "Phil-Am", "district": "DISTRICT 1", "pct_total_population": 8.31, "pct_female_population": 8.3, "pct_male_population": 8.31, "pct_children_0_4": 8.29, "pct_female_children_0_4": 8.6, "pct_male_children_0_4": 8.0, "pct_elderly_60plus": 8.3, "pct_female_elderly_60plus": 8.15, "pct_male_elderly_60plus": 8.51, "pct_childcare_facilities": 0.0, "pct_eldercare_facilities": 0.0, "pct_pwd_facilities": null }, "geometry": { "type": "Polygon", "coordinates": [ [ [ 502856.121032208902761, 1619784.848862765589729 ], [ 502881.121086365252268, 1619785.848137306747958 ], [ 502927.058871004264802, 1619776.846793381264433 ], [ 502982.027377757651266, 1619757.970177104463801 ], [ 502995.839638607169036, 1619766.469784296816215 ], [ 502999.433787489135284, 1619771.46968488348648 ], [ 503011.465159177547321, 1619783.844347719335929 ], [ 503027.184120530320797, 1619781.968889066250995 ], [ 503047.840221205609851, 1619784.718291603494436 ], [ 503070.653185990639031, 1619782.717626687837765 ], [ 503083.5278792247409, 1619771.717241500038654 ], [ 503102.995455667667557, 1619756.466660471633077 ], [ 503114.683383882511407, 1619753.591317941900343 ], [ 503129.839213766157627, 1619747.215871127322316 ], [ 503148.588949332188349, 1619737.465316493995488 ], [ 503162.244774077320471, 1619730.964913135161623 ], [ 503172.182744144462049, 1619729.589622971368954 ], [ 503182.338819736323785, 1619731.839330116054043 ], [ 503192.244836942933034, 1619732.089042511535808 ], [ 503207.526957683323417, 1619735.713602090487257 ], [ 503221.277058618608862, 1619738.713205557083711 ], [ 503235.308261609927285, 1619745.21280436264351 ], [ 503260.40295166434953, 1619768.087098170537502 ], [ 503286.496802399051376, 1619796.461368466727436 ], [ 503323.247387904149946, 1619815.335319536272436 ], [ 503361.092330384242814, 1619846.459251136984676 ], [ 503374.936841985094361, 1619863.583866065135226 ], [ 503400.533454146294389, 1619952.583211784483865 ], [ 503502.4396690982976, 1619956.455254454165697 ], [ 503566.534812339465134, 1619993.578429302899167 ], [ 503600.784676035982557, 1619987.702428148128092 ], [ 503631.846878030279186, 1619993.576531438855454 ], [ 503645.128236465912778, 1620005.451157450443134 ], [ 503103.059789849445224, 1620869.108777770539746 ], [ 502909.359982712368947, 1620022.180554455611855 ], [ 502856.121032208902761, 1619784.848862765589729 ] ] ] } },
{ "type": "Feature", "properties": { "barangay": "Pinagkaisahan", "district": "DISTRICT 4", "pct_total_population": 14.14, "pct_female_population": 14.15, "pct_male_population": 14.15, "pct_children_0_4": 14.03, "pct_female_children_0_4": 14.2, "pct_male_children_0_4": 14.45, "pct_elderly_60plus": 14.07, "pct_female_elderly_60plus": 14.1, "pct_male_elderly_60plus": 14.02, "pct_childcare_facilities": 0.0, "pct_eldercare_facilities": null, "pct_pwd_facilities": null }, "geometry": { "type": "Polygon", "coordinates": [ [ [ 504120.307794805034064, 1617565.059895157348365 ], [ 504124.401471986318938, 1617553.809764879522845 ], [ 504133.838856614078395, 1617532.309469031635672 ], [ 504180.367353263311088, 1617444.55802874895744 ], [ 504315.225523429282475, 1617445.748111201683059 ], [ 504392.616220575640909, 1617432.648849185789004 ], [ 504445.400731579167768, 1617413.994296612683684 ], [ 504569.223999011155684, 1617350.093634261749685 ], [ 504720.431775076431222, 1617268.333158208988607 ], [ 504795.839926798304077, 1617339.768038812326267 ], [ 504835.529096952930558, 1617378.660924621857703 ], [ 504966.502149869804271, 1617513.595254465704784 ], [ 505056.593359129095916, 1617552.089675282593817 ], [ 504913.727730693528429, 1617879.516155971214175 ], [ 504845.068673329020385, 1617879.915151492925361 ], [ 504809.746660875563975, 1617880.710178690264001 ], [ 504748.627530351106543, 1617878.330952314892784 ], [ 504676.792527368816081, 1617880.714042108505964 ], [ 504635.914163323061075, 1617869.602218789281324 ], [ 504614.879542523529381, 1617848.965809272602201 ], [ 504603.368977333360817, 1617829.916124585317448 ], [ 504552.170311147870962, 1617774.35455646016635 ], [ 504537.08912308170693, 1617768.401988704223186 ], [ 504504.545390245562885, 1617778.721944748656824 ], [ 504470.811229464248754, 1617774.356920613208786 ], [ 504445.013869054499082, 1617762.84865866904147 ], [ 504422.788304745743517, 1617744.196285753743723 ], [ 504353.730254935449921, 1617710.463258526287973 ], [ 504231.887783172482159, 1617664.032752366736531 ], [ 504150.130582307407167, 1617625.538089375477284 ], [ 504108.457894610706717, 1617603.314277962315828 ], [ 504120.307794805034064, 1617565.059895157348365 ] ] ] } },
{ "type": "Feature", "properties": { "barangay": "Pinyahan", "district": "DISTRICT 4", "pct_total_population": 6.64, "pct_female_population": 6.64, "pct_male_population": 6.64, "pct_children_0_4": 6.63, "pct_female_children_0_4": 6.68, "pct_male_children_0_4": 6.59, "pct_elderly_60plus": 6.64, "pct_female_elderly_60plus": 6.67, "pct_male_elderly_60plus": 6.6, "pct_childcare_facilities": 0.0, "pct_eldercare_facilities": 0.0, "pct_pwd_facilities": null }, "geometry": { "type": "Polygon", "coordinates": [ [ [ 504906.213031802210025, 1619232.153734651161358 ], [ 504912.96089744893834, 1619261.707568284356967 ], [ 504886.448294513742439, 1619276.290353363379836 ], [ 504848.696866086916998, 1619297.264471460366622 ], [ 504806.751636612752918, 1619325.229718441842124 ], [ 504738.240786780428607, 1619367.177751449169591 ], [ 504690.702551721245982, 1619395.14316094852984 ], [ 504594.228608298813924, 1619469.251038855873048 ], [ 504504.745509418076836, 1619537.765707998303697 ], [ 504453.012920251407195, 1619588.103261893615127 ], [ 504430.642547947238199, 1619610.474934442900121 ], [ 504384.503005037200637, 1619662.209327216260135 ], [ 504349.549351421301253, 1619709.749390719691291 ], [ 504318.790458187053446, 1619748.900323908077553 ], [ 504292.225447332195472, 1619783.85613099229522 ], [ 504267.058437912084628, 1619818.811897465959191 ], [ 504260.3016766171786, 1619827.259102300740778 ], [ 504255.91387050395133, 1619834.084236666793004 ], [ 504255.198856742994394, 1619833.63725700112991 ], [ 503899.336034604813904, 1619611.193374044494703 ], [ 504704.456041645724326, 1618344.79370495933108 ], [ 504771.052499057084788, 1618186.177610265091062 ], [ 504804.593425827973988, 1618113.676562707638368 ], [ 505473.732933994324412, 1618314.476320569170639 ], [ 505719.401337446586695, 1618388.685256466269493 ], [ 505703.148078002617694, 1618449.139789559179917 ], [ 505698.67973460489884, 1618471.889942274894565 ], [ 505706.775312061363366, 1618525.889761337079108 ], [ 505740.561889355652966, 1618716.638971381355077 ], [ 505755.514840498683043, 1618783.262603868730366 ], [ 505769.407818569219671, 1618885.259302734630182 ], [ 505774.569403905596118, 1618939.63120742700994 ], [ 505778.937207495386247, 1619001.543142763432115 ], [ 505777.748063173086848, 1619065.440241586184129 ], [ 505763.067546508624218, 1619220.222823831019923 ], [ 505751.163241583039053, 1619278.961228830041364 ], [ 505663.8586613619118, 1619262.016748716821894 ], [ 505639.984269405074883, 1619283.767464344156906 ], [ 505619.797873927978799, 1619305.268072556238621 ], [ 505565.391434250865132, 1619292.019640195649117 ], [ 505487.358756533183623, 1619271.396886961301789 ], [ 505409.327133201644756, 1619252.649135574698448 ], [ 505419.044188619300257, 1619185.398785583907738 ], [ 505337.324717877723742, 1619172.026146770687774 ], [ 505241.012490371009335, 1619167.528940929798409 ], [ 505168.199609728122596, 1619174.156063414178789 ], [ 505108.105854471272323, 1619184.657820211024955 ], [ 505022.450324251607526, 1619203.785328447353095 ], [ 504906.213031802210025, 1619232.153734651161358 ] ] ] } },
{ "type": "Feature", "properties": { "barangay": "Project 6", "district": "DISTRICT 1", "pct_total_population": 19.81, "pct_female_population": 19.81, "pct_male_population": 19.81, "pct_children_0_4": 19.8, "pct_female_children_0_4": 19.82, "pct_male_children_0_4": 19.79, "pct_elderly_60plus": 19.83, "pct_female_elderly_60plus": 19.84, "pct_male_elderly_60plus": 19.82, "pct_childcare_facilities": 14.29, "pct_eldercare_facilities": null, "pct_pwd_facilities": null }, "geometry": { "type": "Polygon", "coordinates": [ [ [ 503780.426884538610466, 1621846.839078094577417 ], [ 503793.125271074706689, 1621790.878652809653431 ], [ 503808.601760813267902, 1621703.962115657981485 ], [ 503814.949033766519278, 1621609.902836601715535 ], [ 503807.135993582254741, 1621471.1499240656849 ], [ 503787.288882742403075, 1621364.787393792066723 ], [ 503650.056837182841264, 1620748.576761699281633 ], [ 504021.374816889117938, 1620666.211888959165663 ], [ 504049.010935907543171, 1620428.476846776902676 ], [ 504110.080342942615971, 1620165.083807266782969 ], [ 504132.981812886020634, 1620111.641088041244075 ], [ 504169.242909571214113, 1620010.481932607945055 ], [ 504211.22990117437439, 1619905.506606941577047 ], [ 504228.407086381164845, 1619876.876079011242837 ], [ 504255.91387050395133, 1619834.084236666793004 ], [ 504934.949888273316901, 1620258.538931885967031 ], [ 504929.356278557621408, 1620272.164108134107664 ], [ 504915.294983666448388, 1620296.914541615173221 ], [ 504904.045691630570218, 1620321.664893398759887 ], [ 504892.827316083945334, 1620343.540241388138384 ], [ 504884.297103009710554, 1620370.915516804205254 ], [ 504875.765980834432412, 1620401.415795382112265 ], [ 504872.704936800466385, 1620434.415917518083006 ], [ 504868.425004051532596, 1620471.291078976122662 ], [ 504506.008180121774785, 1620558.710698161274195 ], [ 504655.649418587679975, 1621215.537010482046753 ], [ 504494.141889818478376, 1621925.552417825208977 ], [ 504475.884963688498829, 1621928.727951533393934 ], [ 504440.435523326392286, 1621949.213002246571705 ], [ 504410.273104307532776, 1621970.248899888712913 ], [ 504375.349164937797468, 1622007.952952646883205 ], [ 504358.284551451273728, 1622021.844462491804734 ], [ 504351.537544687103946, 1622021.844658547313884 ], [ 504309.875014971359633, 1622005.058852310059592 ], [ 504289.499823785561603, 1621999.184438474941999 ], [ 504272.557842568377964, 1622000.414932023966685 ], [ 504253.507800369232427, 1621999.622484786435962 ], [ 504227.710832099022809, 1622001.607236410491168 ], [ 504206.124798136821482, 1622001.186863244511187 ], [ 504190.404713841213379, 1621998.830317670712247 ], [ 504174.529640211374499, 1621996.846776978811249 ], [ 504150.405604098516051, 1621996.438477578340098 ], [ 504130.87348105723504, 1621992.879041569307446 ], [ 504109.044963184627704, 1621975.813658710103482 ], [ 504109.837433369539212, 1621957.557617320911959 ], [ 504114.99659662990598, 1621928.585438257083297 ], [ 504112.217878800700419, 1621903.979494249681011 ], [ 504087.213242392695975, 1621882.945199686801061 ], [ 504074.1161139124888, 1621878.976576276822016 ], [ 504061.416101102833636, 1621878.976945316651836 ], [ 504044.371664126112591, 1621898.94146068720147 ], [ 504037.60518447618233, 1621917.078675550874323 ], [ 504032.446421462751459, 1621925.412833844311535 ], [ 504028.478063352813479, 1621947.637971515767276 ], [ 504033.638014216150623, 1621980.181854311842471 ], [ 504033.638406377052888, 1621993.675867869984359 ], [ 504028.876793704577722, 1622007.169019809225574 ], [ 504009.033442743122578, 1622030.188619583379477 ], [ 503988.792630013136659, 1622037.333214936312288 ], [ 503972.123659368488006, 1622038.920700910268351 ], [ 503960.217324535944499, 1622027.80903571494855 ], [ 503945.929399001877755, 1621996.456419361522421 ], [ 503933.624521678080782, 1621966.690746971638873 ], [ 503927.67118120129453, 1621955.181908387923613 ], [ 503927.670373851549812, 1621927.399880471406505 ], [ 503914.969680570997298, 1621903.985225979471579 ], [ 503897.904444264480844, 1621896.444714282406494 ], [ 503875.246283493412193, 1621891.696367920842022 ], [ 503845.965101507143117, 1621886.447213501902297 ], [ 503824.871083986596204, 1621886.572826582705602 ], [ 503807.812927064835094, 1621881.76331742759794 ], [ 503774.077374129090458, 1621863.904279767302796 ], [ 503780.426884538610466, 1621846.839078094577417 ] ] ] } },
{ "type": "Feature", "properties": { "barangay": "Quirino 2-A", "district": "DISTRICT 3", "pct_total_population": 40.62, "pct_female_population": 40.63, "pct_male_population": 40.61, "pct_children_0_4": 40.68, "pct_female_children_0_4": 40.35, "pct_male_children_0_4": 40.44, "pct_elderly_60plus": 40.71, "pct_female_elderly_60plus": 40.49, "pct_male_elderly_60plus": 40.46, "pct_childcare_facilities": 50.0, "pct_eldercare_facilities": null, "pct_pwd_facilities": null }, "geometry": { "type": "Polygon", "coordinates": [ [ [ 505838.013619912380818, 1617946.963365588570014 ], [ 505819.757151773315854, 1617931.485880534863099 ], [ 505819.7570711208391, 1617928.707877742592245 ], [ 505817.771942197112367, 1617924.341931034810841 ], [ 505841.008130298869219, 1617930.010261526331306 ], [ 505877.070642353908625, 1617946.384230076801032 ], [ 505917.786022995598614, 1617958.073058713693172 ], [ 505957.871247853559908, 1617964.421900284709409 ], [ 505984.858390259149019, 1617968.390120071591809 ], [ 506003.511328278749716, 1617965.611575256101787 ], [ 506020.17996436485555, 1617952.514077722094953 ], [ 506029.852247279428411, 1617927.50477151107043 ], [ 506017.819334400002845, 1617896.505089994054288 ], [ 506015.600968915852718, 1617884.005141879664734 ], [ 506020.006551901635248, 1617869.504999286029488 ], [ 506031.287196345394477, 1617856.879658797057346 ], [ 506047.599976570811123, 1617848.754176598973572 ], [ 506066.443006417131983, 1617849.128629424143583 ], [ 506123.257037019648124, 1617882.627012193901464 ], [ 506175.851551168772858, 1617898.500499837566167 ], [ 506235.163538103399333, 1617895.998773817438632 ], [ 506311.03958062879974, 1617929.246602410683408 ], [ 506374.446806760213803, 1617969.244800119660795 ], [ 506424.853632173442747, 1617961.493327581323683 ], [ 506473.009382624237332, 1617951.241917949169874 ], [ 506522.619733766710851, 1617927.1974521742668 ], [ 506559.530924212827813, 1617966.884419497102499 ], [ 506513.927987500443123, 1618005.051783025031909 ], [ 506474.638989493134432, 1618075.299995343899354 ], [ 506432.17640345916152, 1618159.83631423744373 ], [ 506402.014964816800784, 1618214.605245756916702 ], [ 506389.712771336839069, 1618242.784631577087566 ], [ 506371.060433101200033, 1618266.200197136029601 ], [ 506266.684465435682796, 1618374.154338686028495 ], [ 505838.013619912380818, 1617946.963365588570014 ] ] ] } },
{ "type": "Feature", "properties": { "barangay": "Quirino 2-B", "district": "DISTRICT 3", "pct_total_population": 36.07, "pct_female_population": 36.09, "pct_male_population": 36.06, "pct_children_0_4": 36.0, "pct_female_children_0_4": 35.86, "pct_male_children_0_4": 36.13, "pct_elderly_60plus": 36.13, "pct_female_elderly_60plus": 36.19, "pct_male_elderly_60plus": 36.05, "pct_childcare_facilities": 100.0, "pct_eldercare_facilities": 0.0, "pct_pwd_facilities": 100.0 }, "geometry": { "type": "Polygon", "coordinates": [ [ [ 506371.060433101200033, 1618266.200197136029601 ], [ 506389.712771336839069, 1618242.784631577087566 ], [ 506402.014964816800784, 1618214.605245756916702 ], [ 506432.17640345916152, 1618159.83631423744373 ], [ 506474.638989493134432, 1618075.299995343899354 ], [ 506513.927987500443123, 1618005.051783025031909 ], [ 506559.530924212827813, 1617966.884419497102499 ], [ 506562.70586973731406, 1617964.900325246620923 ], [ 506585.041486879170407, 1617985.363696781452745 ], [ 506616.285388246527873, 1618015.301818984095007 ], [ 506627.796103327942546, 1618039.510508847888559 ], [ 506635.336929872340988, 1618067.688318054191768 ], [ 506649.625624708191026, 1618091.103926396928728 ], [ 506660.341085206891876, 1618106.581630587112159 ], [ 506679.391773297684267, 1618129.600100147537887 ], [ 506700.427313436579425, 1618147.459506845800206 ], [ 506714.317858020425774, 1618165.7151215642225 ], [ 506723.843559540924616, 1618189.526868705870584 ], [ 506725.035252717148978, 1618213.339858020888641 ], [ 506726.226519224641379, 1618222.467832585796714 ], [ 506731.783366731833667, 1618251.439700248418376 ], [ 506732.180574746918865, 1618258.583695895737037 ], [ 506731.386804569861852, 1618266.520726941293105 ], [ 506715.910150075156707, 1618313.353223758982494 ], [ 506719.879419329285156, 1618322.481117598945275 ], [ 506725.038585986185353, 1618328.036973262904212 ], [ 506477.533561602467671, 1618576.634415359934792 ], [ 506266.684465435682796, 1618374.154338686028495 ], [ 506371.060433101200033, 1618266.200197136029601 ] ] ] } },
{ "type": "Feature", "properties": { "barangay": "Quirino 2-C", "district": "DISTRICT 3", "pct_total_population": 53.55, "pct_female_population": 53.54, "pct_male_population": 53.56, "pct_children_0_4": 53.69, "pct_female_children_0_4": 53.39, "pct_male_children_0_4": 53.97, "pct_elderly_60plus": 53.45, "pct_female_elderly_60plus": 53.53, "pct_male_elderly_60plus": 53.78, "pct_childcare_facilities": null, "pct_eldercare_facilities": null, "pct_pwd_facilities": null }, "geometry": { "type": "Polygon", "coordinates": [ [ [ 506477.533561602467671, 1618576.634415359934792 ], [ 506725.038585986185353, 1618328.036973262904212 ], [ 506759.96446295932401, 1618357.007987500634044 ], [ 506771.474912792618852, 1618372.088668192969635 ], [ 506782.984662494214717, 1618397.488359285751358 ], [ 506788.541902172961272, 1618439.954240498598665 ], [ 506798.024297599040437, 1618453.232978311600164 ], [ 506811.699379465659149, 1618455.577583291567862 ], [ 506752.176220234890934, 1618727.439586323685944 ], [ 506683.515528434305452, 1618706.010559940477833 ], [ 506593.423895862302743, 1618687.359159112442285 ], [ 506543.813415847718716, 1618638.148551223566756 ], [ 506477.533561602467671, 1618576.634415359934792 ] ] ] } },
{ "type": "Feature", "properties": { "barangay": "Quirino 3-A", "district": "DISTRICT 3", "pct_total_population": 21.65, "pct_female_population": 21.62, "pct_male_population": 21.69, "pct_children_0_4": 22.22, "pct_female_children_0_4": 23.08, "pct_male_children_0_4": 21.43, "pct_elderly_60plus": 21.65, "pct_female_elderly_60plus": 21.05, "pct_male_elderly_60plus": 22.5, "pct_childcare_facilities": 0.0, "pct_eldercare_facilities": null, "pct_pwd_facilities": null }, "geometry": { "type": "Polygon", "coordinates": [ [ [ 506522.619733766710851, 1617927.1974521742668 ], [ 506553.178784101037309, 1617893.462530250661075 ], [ 506580.959200769313611, 1617872.427701841574162 ], [ 506590.483841200824827, 1617859.727412299951538 ], [ 506595.318043608334847, 1617832.113244064850733 ], [ 506595.724390182702336, 1617809.613209629664198 ], [ 506598.19161892705597, 1617782.988111167680472 ], [ 506606.410060478956439, 1617763.487852733815089 ], [ 506671.473699709051289, 1617783.235981953097507 ], [ 506884.760929631360341, 1617818.179819298908114 ], [ 506869.88684029772412, 1617918.853352741571143 ], [ 506838.329662584175821, 1617913.828264703042805 ], [ 506834.361212183139287, 1617932.878399164415896 ], [ 506830.789923726522829, 1617957.485527686774731 ], [ 506831.981409255356994, 1617974.153509825468063 ], [ 506836.346771186450496, 1617986.456395349465311 ], [ 506788.131961162784137, 1617994.658804645529017 ], [ 506779.40083705203142, 1617990.691054365132004 ], [ 506690.104081846191548, 1618002.20266076317057 ], [ 506678.595081813284196, 1618002.599995598895475 ], [ 506660.337809758377261, 1617993.869517347309738 ], [ 506591.677333684579935, 1617945.452463818481192 ], [ 506562.70586973731406, 1617964.900325246620923 ], [ 506559.530924212827813, 1617966.884419497102499 ], [ 506522.619733766710851, 1617927.1974521742668 ] ] ] } },
{ "type": "Feature", "properties": { "barangay": "Ramon Magsaysay", "district": "DISTRICT 1", "pct_total_population": 12.54, "pct_female_population": 12.54, "pct_male_population": 12.54, "pct_children_0_4": 12.5, "pct_female_children_0_4": 12.57, "pct_male_children_0_4": 12.61, "pct_elderly_60plus": 12.59, "pct_female_elderly_60plus": 12.56, "pct_male_elderly_60plus": 12.59, "pct_childcare_facilities": 0.0, "pct_eldercare_facilities": null, "pct_pwd_facilities": 0.0 }, "geometry": { "type": "Polygon", "coordinates": [ [ [ 501983.747280950658023, 1621096.794532136525959 ], [ 502024.908324652875308, 1621096.874336140695959 ], [ 502080.033311036939267, 1621094.4977319217287 ], [ 502131.533195736759808, 1621088.746229635551572 ], [ 502170.908079069573432, 1621083.370080061955377 ], [ 502218.064792233752087, 1621071.868698198115453 ], [ 502330.189192867313977, 1621047.365415401989594 ], [ 502669.624292680178769, 1620970.230474405921996 ], [ 502773.936936057987623, 1621436.100911889458075 ], [ 502821.512675171426963, 1621425.476518724812195 ], [ 502834.26373821485322, 1621496.027219170937315 ], [ 502835.455293035192881, 1621515.077203713124618 ], [ 502831.486473600380123, 1621521.427325425902382 ], [ 502826.359651557228062, 1621527.726480745943263 ], [ 502820.374843068944756, 1621534.524661486269906 ], [ 502737.028487201721873, 1621456.343004749855027 ], [ 502724.72499042248819, 1621439.674345504958183 ], [ 502701.306683300528675, 1621361.093946948414668 ], [ 502636.61498389247572, 1621339.266804825048894 ], [ 502627.090032008243725, 1621341.252083600033075 ], [ 502620.343348165275529, 1621352.364290827186778 ], [ 502535.809966841014102, 1621376.576771578053012 ], [ 502525.491083276050631, 1621380.942075823666528 ], [ 502506.044617306441069, 1621399.992660074029118 ], [ 502461.197087884414941, 1621383.325946493539959 ], [ 502444.132047721534036, 1621382.532441580435261 ], [ 502421.113128399534617, 1621386.105114070232958 ], [ 502387.775348591443617, 1621394.837091589812189 ], [ 502392.936114987533074, 1621421.030967980390415 ], [ 502398.889547660422977, 1621435.714809749508277 ], [ 502404.842853532521985, 1621446.033647138625383 ], [ 502269.906494115304668, 1621507.156629652250558 ], [ 502248.475564875931013, 1621510.332255593268201 ], [ 502240.537556868686806, 1621510.332486253464594 ], [ 502237.760430592752527, 1621540.494597301119938 ], [ 502203.078326739487238, 1621538.119602708378807 ], [ 502155.296202421828639, 1621535.495988539187238 ], [ 502110.296113684074953, 1621533.997294661356136 ], [ 502081.391077452688478, 1621533.753134343773127 ], [ 502056.920900198398158, 1621528.498840115265921 ], [ 502026.327560711069964, 1621517.874718426959589 ], [ 502015.577175678277854, 1621505.000017861835659 ], [ 501993.326684755913448, 1621488.875648194225505 ], [ 501946.633701303391717, 1621456.651972603751346 ], [ 501911.171041148889344, 1621435.16098146699369 ], [ 501884.30454635899514, 1621384.655711353989318 ], [ 501875.707538452290464, 1621350.268926572753116 ], [ 501875.706726527248975, 1621322.329898485215381 ], [ 501881.078076787816826, 1621265.375685116276145 ], [ 501901.492599025485106, 1621179.408005419187248 ], [ 501906.863106131902896, 1621093.440762877231464 ], [ 501983.747280950658023, 1621096.794532136525959 ] ] ] } },
{ "type": "Feature", "properties": { "barangay": "Reservoir", "district": null, "pct_total_population": 11.82, "pct_female_population": 11.83, "pct_male_population": 11.81, "pct_children_0_4": 11.7, "pct_female_children_0_4": 11.69, "pct_male_children_0_4": 11.7, "pct_elderly_60plus": 11.96, "pct_female_elderly_60plus": 11.86, "pct_male_elderly_60plus": 12.1, "pct_childcare_facilities": null, "pct_eldercare_facilities": null, "pct_pwd_facilities": null }, "geometry": { "type": "Polygon", "coordinates": [ [ [ 514310.392048018344212, 1634254.097570271696895 ], [ 514297.863366136210971, 1634334.296015054918826 ], [ 514144.98528530128533, 1634336.80646016378887 ], [ 514057.264972664241213, 1634191.449863007524982 ], [ 513949.498374214337673, 1634208.996012324234471 ], [ 513859.27761427371297, 1634289.197714807931334 ], [ 513781.586264493409544, 1634314.260997717501596 ], [ 513588.606812615296803, 1634236.574527440359816 ], [ 513448.2609826636035, 1634281.69065123074688 ], [ 513270.311917839746457, 1633975.939514680765569 ], [ 513187.611403676506598, 1634098.746041506063193 ], [ 512959.54877679341007, 1634153.888724385062233 ], [ 512796.643646522716153, 1634086.226390245137736 ], [ 512663.666593303729314, 1633916.953084155684337 ], [ 512663.327581597142853, 1633916.560093607287854 ], [ 512626.85731906798901, 1633874.382110972423106 ], [ 512235.246467941382434, 1633755.424371274420992 ], [ 512213.332026154908817, 1633672.159924306441098 ], [ 512185.116882151283789, 1633564.954636341892183 ], [ 512114.937130484264344, 1633369.473479012493044 ], [ 512043.840188741392922, 1633270.712445672368631 ], [ 511789.455279519257601, 1633007.3655729459133 ], [ 511687.700480712461285, 1632845.764367263996974 ], [ 511634.263097023998853, 1632834.409908692818135 ], [ 511448.285761528240982, 1632794.895273325964808 ], [ 511214.206989186175633, 1632707.60198766249232 ], [ 510826.167734084418043, 1633021.940580166410655 ], [ 510603.577662628958933, 1632992.778019141405821 ], [ 510607.302274310204666, 1632910.469828074332327 ], [ 510615.680902144580614, 1632725.324398284079507 ], [ 510585.105009998718742, 1632695.686256970278919 ], [ 510516.77101628278615, 1632629.448176055913791 ], [ 510449.151358918461483, 1632643.579155258834362 ], [ 510229.623518259148113, 1632519.022409240016714 ], [ 510096.530195530503988, 1632512.526270293397829 ], [ 510096.729195768013597, 1632512.526264517568052 ], [ 509844.815597298555076, 1632328.607399861328304 ], [ 509799.218239733425435, 1632317.880714093334973 ], [ 509729.481078357144725, 1632280.331702812109143 ], [ 509653.751007660990581, 1632246.110869033494964 ], [ 509525.652061897213571, 1632286.822632461320609 ], [ 509436.391734885750338, 1632244.250183463795111 ], [ 509184.283359279041179, 1632240.051505304174498 ], [ 509118.503004283353221, 1632264.523441460682079 ], [ 509069.840746983187273, 1632085.305675189010799 ], [ 509066.55944936349988, 1632075.180760357528925 ], [ 509066.359449239913374, 1632075.180766172939911 ], [ 509029.67624061065726, 1631931.634687696583569 ], [ 509015.760644107591361, 1631877.182037272490561 ], [ 508998.937440084991977, 1631526.645173392258584 ], [ 508998.228357940795831, 1631523.843191173858941 ], [ 508991.074529908190016, 1631495.601370642427355 ], [ 508987.54514337645378, 1631482.421459937468171 ], [ 508985.710033225477673, 1631478.693509513279423 ], [ 508983.958918852906208, 1631474.818556499667466 ], [ 508976.540454289934132, 1631459.092756251804531 ], [ 508962.621780762565322, 1631436.397137883817777 ], [ 508957.42451456253184, 1631427.416279866592959 ], [ 508953.351332108548377, 1631421.279392053605989 ], [ 508944.936940208892338, 1631408.084623294183984 ], [ 508934.866504208417609, 1631393.430901188636199 ], [ 508927.773186483769678, 1631382.744096564128995 ], [ 508859.86827936914051, 1631285.060971518279985 ], [ 508782.617806092137471, 1631168.222098775440827 ], [ 508776.940558546804823, 1631159.90025538043119 ], [ 508776.936558447428979, 1631159.895255495561287 ], [ 508756.858657495002262, 1631129.59180844319053 ], [ 508751.298458309203852, 1631122.930963311577216 ], [ 508712.100057709787507, 1631076.092055260436609 ], [ 508711.491035976971034, 1631075.364072219235823 ], [ 508645.439822680898942, 1631001.490917279850692 ], [ 508590.420076706504915, 1630943.318457561777905 ], [ 508577.075798163074069, 1630934.193836156977341 ], [ 508514.626256635237951, 1630883.313599680084735 ], [ 508474.479770602076314, 1630867.977750876452774 ], [ 508436.589404733676929, 1630856.702840589685366 ], [ 508349.080504011479206, 1630828.738355379085988 ], [ 508324.72321743593784, 1630819.718054101336747 ], [ 508311.190007135446649, 1630812.951440552715212 ], [ 508297.657665863924194, 1630801.675822444492951 ], [ 508282.321204682521056, 1630786.339252679375932 ], [ 508273.750815976294689, 1630773.258488557534292 ], [ 508266.081257612619083, 1630754.313692363677546 ], [ 508262.021073763957247, 1630713.717769498936832 ], [ 508257.609095326974057, 1630611.380794731201604 ], [ 508257.187779379193671, 1630600.522796050645411 ], [ 508253.895310877705924, 1630515.69780636485666 ], [ 508251.188560997543391, 1630489.986859143245965 ], [ 508246.226031568658073, 1630471.942985198926181 ], [ 508239.333777392283082, 1630463.433176916092634 ], [ 508237.173697688791435, 1630460.766237007686868 ], [ 508222.939172523212619, 1630443.188632963225245 ], [ 508203.845024533569813, 1630438.758183359401301 ], [ 508112.685208431794308, 1630413.831807298120111 ], [ 508049.934335274912883, 1630385.95860273623839 ], [ 507971.150004803086631, 1630274.085779559332877 ], [ 507925.647815788746811, 1630200.337027589324862 ], [ 507861.801426714926492, 1630120.338802411220968 ], [ 507828.832569034013432, 1630091.964731904678047 ], [ 507771.643236447067466, 1630048.091349623864517 ], [ 507707.016758333367761, 1629999.46817867923528 ], [ 507647.20353213272756, 1629959.344876420916989 ], [ 507596.358801752212457, 1629935.971330395201221 ], [ 507572.50840846542269, 1629923.263010674156249 ], [ 507551.993003136129119, 1629910.028593518771231 ], [ 507492.731427193095442, 1629857.849263090640306 ], [ 507454.711405257810839, 1629824.00133385322988 ], [ 507471.917249432648532, 1629818.045827878406271 ], [ 507494.120295727683697, 1629818.870183505117893 ], [ 507506.329264833475463, 1629817.382827232824638 ], [ 507517.535111740755383, 1629811.72649591579102 ], [ 507548.490205111505929, 1629745.050529297208413 ], [ 507563.570032311254181, 1629704.171049948548898 ], [ 507559.265433210704941, 1629683.705154446419328 ], [ 507539.359646975935902, 1629657.340706360060722 ], [ 507530.627980781253427, 1629634.718937327852473 ], [ 507550.072154980967753, 1629571.218308402923867 ], [ 507550.071393686463125, 1629545.024282063823193 ], [ 507513.950901898380835, 1629357.303142805583775 ], [ 507566.333075774367899, 1629189.422451707534492 ], [ 507557.199092089023907, 1628983.841510266298428 ], [ 507557.196485494670924, 1628894.14742009411566 ], [ 507573.069356149120722, 1628820.327884570462629 ], [ 507569.893453369091731, 1628789.371945715276524 ], [ 507457.571342853596434, 1628582.999002020340413 ], [ 507424.889046165335458, 1628333.04970024083741 ], [ 507402.387061946385074, 1628265.551286217058077 ], [ 507270.692256249953061, 1628139.157985957572237 ], [ 507261.427131585835014, 1628100.77621656912379 ], [ 507277.969244190549944, 1628035.260669950395823 ], [ 507312.099781978526153, 1627742.892383988481015 ], [ 507315.670089884079061, 1627684.544221535790712 ], [ 507309.558522156032268, 1627630.812345068436116 ], [ 507151.115426567033865, 1627495.365812979172915 ], [ 507152.600270311173517, 1627386.707660511368886 ], [ 507113.398676966084167, 1627367.646780484355986 ], [ 507114.324886933260132, 1626893.097276117419824 ], [ 507132.425694671575911, 1626885.85674284142442 ], [ 507154.088924044626765, 1626893.000120519660413 ], [ 507182.100561460014433, 1626879.554293009219691 ], [ 507195.706740065652411, 1626885.229903341270983 ], [ 507216.395353006781079, 1626905.604322647675872 ], [ 507236.552059859619476, 1626929.228760693455115 ], [ 507271.740093756117858, 1626963.586772727780044 ], [ 507293.866247267404106, 1626968.102134309476241 ], [ 507346.991627533687279, 1626979.35060186451301 ], [ 507384.429028420650866, 1626991.849526554578915 ], [ 507419.643219249206595, 1626997.196508649503812 ], [ 507471.182480076095089, 1626935.568948974600062 ], [ 507521.604833242192399, 1626980.38652884028852 ], [ 507545.136191981378943, 1627026.324891263851896 ], [ 507578.493378624028992, 1627031.593927243491635 ], [ 507621.743767232459504, 1627043.467682381393388 ], [ 507654.24369447916979, 1627039.841734315734357 ], [ 507703.774359249393456, 1627026.590281683485955 ], [ 507754.992313616152387, 1626988.838755360804498 ], [ 507801.89710745314369, 1626945.712348972447217 ], [ 508017.520798504119739, 1626893.206030354136601 ], [ 508435.400744140206371, 1626980.104974634712562 ], [ 508467.7315236122231, 1626971.399026375031099 ], [ 508565.966514484374784, 1626864.454064183402807 ], [ 508808.450541266065557, 1626856.986010337714106 ], [ 508815.390149668150116, 1626877.677829494932666 ], [ 509535.637973808276001, 1627121.982145586051047 ], [ 509589.097801641968545, 1627148.617618888383731 ], [ 509559.751819727360271, 1627356.71668100100942 ], [ 509591.28785200661514, 1627356.735764613607898 ], [ 509614.210340359073598, 1627372.744114615954459 ], [ 509726.637527322513051, 1627375.286850143224001 ], [ 509787.767726068384945, 1627380.011078509269282 ], [ 509830.331753068370745, 1627379.46884109149687 ], [ 509887.455641272244975, 1627373.645175271900371 ], [ 509938.756259359768592, 1627358.726669508963823 ], [ 510045.724928826966789, 1627309.240511318901554 ], [ 510070.466186315519735, 1627317.244800417684019 ], [ 510170.524877387157176, 1627406.382982474984601 ], [ 510202.907258913095575, 1627418.389053552178666 ], [ 510286.954745107330382, 1627432.21262511308305 ], [ 510404.475873805815354, 1627432.572210416430607 ], [ 510429.945364663202781, 1627448.581486399285495 ], [ 510600.954914042144082, 1627599.206668543163687 ], [ 510694.82985267334152, 1627697.077039072522894 ], [ 510712.294525848061312, 1627719.63455425365828 ], [ 510723.210636495728977, 1627757.474275114946067 ], [ 510722.483904541062657, 1627801.135340147186071 ], [ 510695.925897468638141, 1627870.629181811586022 ], [ 510675.187511039723177, 1627892.460806414019316 ], [ 510604.603782984078862, 1627938.670904007507488 ], [ 510616.97607938956935, 1628017.259623538004234 ], [ 510628.256460810138378, 1628029.994308547582477 ], [ 510716.306670137331821, 1628068.558788680005819 ], [ 510772.702652720967308, 1628066.010147297056392 ], [ 510793.440800525539089, 1628070.376549062784761 ], [ 510813.81627561384812, 1628086.01997270504944 ], [ 510853.113806020759512, 1628137.320882361382246 ], [ 510895.320593070238829, 1628197.353716262383386 ], [ 510931.341454138746485, 1628225.732698078267276 ], [ 510980.825518959492911, 1628260.660295240581036 ], [ 511092.526661351846997, 1628330.514119575032964 ], [ 511134.369390622130595, 1628354.162927447352558 ], [ 511190.765166288882028, 1628378.902313525322825 ], [ 511214.779296228080057, 1628382.539619346614927 ], [ 511247.161138445837423, 1628375.989671771647409 ], [ 511307.921565008000471, 1628354.157884158659726 ], [ 511336.301466649398208, 1628349.791055069305003 ], [ 511385.419484324054793, 1628348.697626634500921 ], [ 511423.259342533187009, 1628342.511520825326443 ], [ 511468.738859573029913, 1628324.318180917995051 ], [ 511544.416624493373092, 1628279.198936395114288 ], [ 511625.91573363612406, 1628245.723534416407347 ], [ 511690.678498044610023, 1628200.969607437029481 ], [ 511732.519715354195796, 1628172.588363016955554 ], [ 511779.0916669893777, 1628169.312006373889744 ], [ 511882.386852491181344, 1628172.121007518842816 ], [ 511941.729538855724968, 1628193.685304766753688 ], [ 511988.302325786207803, 1628219.151977011468261 ], [ 512012.316090060048737, 1628244.620304804760963 ], [ 512019.958218603569549, 1628283.188121526036412 ], [ 512014.501175409415737, 1628316.297313422663137 ], [ 511970.115171531506348, 1628386.519673881586641 ], [ 511954.470826398581266, 1628444.007186328992248 ], [ 511951.198187243717257, 1628490.943328648339957 ], [ 511963.569457941921428, 1628534.240012698341161 ], [ 511989.767879993829411, 1628582.266299705253914 ], [ 512035.978591003397014, 1628673.953049098839983 ], [ 512073.090379066299647, 1628699.784996636677533 ], [ 512199.345440901233815, 1628766.364394742297009 ], [ 512264.474426297761966, 1628798.01653397618793 ], [ 512376.175521889002994, 1628831.85032206075266 ], [ 512464.225509207171854, 1628862.774794501019642 ], [ 512482.417887028306723, 1628875.145278289914131 ], [ 512493.697511521400884, 1628896.246971734333783 ], [ 512524.627281272958498, 1628990.48116774042137 ], [ 512545.730370477773249, 1629027.228591463528574 ], [ 512570.837696284637786, 1629071.98090688791126 ], [ 512607.224207183986437, 1629157.118935161735862 ], [ 512617.048242654418573, 1629192.410685191396624 ], [ 512619.596588089072611, 1629238.618657624814659 ], [ 512618.14370143978158, 1629311.386773043079302 ], [ 512617.780568137590308, 1629341.221813613548875 ], [ 512629.060287915403023, 1629365.599510356085375 ], [ 512650.251014436827973, 1629424.276953601976857 ], [ 512720.751298420247622, 1629466.016946901800111 ], [ 512738.478553512424696, 1629508.590474585769698 ], [ 512892.596921514545102, 1629619.14710722793825 ], [ 512927.217394363135099, 1629634.222116350894794 ], [ 512999.807548460841645, 1629637.012009732192382 ], [ 512987.52731724671321, 1629767.116497474256903 ], [ 512991.436716707714368, 1629815.138432180741802 ], [ 513070.5121281890315, 1629998.608318870421499 ], [ 512720.462695853086188, 1630202.301696019945666 ], [ 512596.541971453465521, 1630147.254241695161909 ], [ 512576.068339308316354, 1630195.03088471153751 ], [ 512537.654905809555203, 1630284.670091172447428 ], [ 512534.646106665488333, 1630291.689185665221885 ], [ 512586.236679704976268, 1630516.075912226457149 ], [ 512619.767737136688083, 1630585.712007897906005 ], [ 512606.87712093204027, 1630771.412569332169369 ], [ 512544.980731523130089, 1630897.793495155405253 ], [ 512658.467968193115667, 1631039.644339997088537 ], [ 512604.312434782390483, 1631264.033139495411888 ], [ 512869.973897486575879, 1631511.625668643275276 ], [ 512882.873358476441354, 1631630.267413161229342 ], [ 512938.270378024550155, 1631732.251905967248604 ], [ 512892.448942104412708, 1631890.883397122379392 ], [ 512964.717088118719403, 1631996.635403460590169 ], [ 512918.892551930912305, 1632083.001821997808293 ], [ 512947.095731683075428, 1632157.028076903894544 ], [ 513054.4020970572019, 1632165.88496755855158 ], [ 513139.215385745163076, 1632172.885509964078665 ], [ 513139.308001920522656, 1632297.312632478307933 ], [ 513158.609859410207719, 1632394.96716982871294 ], [ 513230.874573433247861, 1632382.627057446166873 ], [ 513384.220466854050756, 1632511.28973074327223 ], [ 513363.07167496252805, 1632553.59138788538985 ], [ 513456.491993669769727, 1632733.369854024844244 ], [ 513387.754614988458343, 1632791.536910025868565 ], [ 513391.284201803267933, 1632983.65500077442266 ], [ 513322.546106008230709, 1633017.146031969226897 ], [ 513301.397492257296108, 1633099.986729898257181 ], [ 513455.050498535914812, 1633198.111363547388464 ], [ 513511.145596036454663, 1633233.93476949702017 ], [ 513627.57633645425085, 1633427.427580778487027 ], [ 513636.293766189017333, 1633441.913342030951753 ], [ 513613.382638423761819, 1633507.129073443124071 ], [ 513671.548284827149473, 1633561.766438150079921 ], [ 513745.57574452686822, 1633540.613265654537827 ], [ 513750.865259784797672, 1633626.978198850061744 ], [ 513784.179657554486766, 1633673.919277980690822 ], [ 513867.199140479846392, 1633790.892983176279813 ], [ 513999.390914792718831, 1633778.55112932017073 ], [ 514143.523046446556691, 1633812.501975059276447 ], [ 514220.156648191215936, 1633830.552766278386116 ], [ 514255.250311409239657, 1634058.614975959062576 ], [ 514393.09589289012365, 1634211.489124053390697 ], [ 514310.392048018344212, 1634254.097570271696895 ] ] ] } },
{ "type": "Feature", "properties": { "barangay": "Roxas", "district": "DISTRICT 4", "pct_total_population": 26.63, "pct_female_population": 26.63, "pct_male_population": 26.62, "pct_children_0_4": 26.59, "pct_female_children_0_4": 26.65, "pct_male_children_0_4": 26.54, "pct_elderly_60plus": 26.6, "pct_female_elderly_60plus": 26.67, "pct_male_elderly_60plus": 26.57, "pct_childcare_facilities": 0.0, "pct_eldercare_facilities": null, "pct_pwd_facilities": null }, "geometry": { "type": "Polygon", "coordinates": [ [ [ 502057.987535910040606, 1617524.266781383659691 ], [ 502106.40658452588832, 1617524.26537440973334 ], [ 502148.87297320732614, 1617536.170152395498008 ], [ 502202.848719494300894, 1617559.981607906520367 ], [ 502261.189066363091115, 1617569.901922628283501 ], [ 502317.149249432550278, 1617574.265300918137655 ], [ 502359.218833805120084, 1617592.917097208090127 ], [ 502379.459234734182246, 1617606.013522228458896 ], [ 502406.447561700944789, 1617616.331748386146501 ], [ 502439.682468834507745, 1617611.983778262510896 ], [ 502454.401276527729351, 1617604.858343395404518 ], [ 502469.181953558814712, 1617593.232902206014842 ], [ 502483.963499734993093, 1617577.107456469908357 ], [ 502498.775049696967471, 1617561.107009974773973 ], [ 502509.118725910608191, 1617549.606697839684784 ], [ 502526.868325940682553, 1617535.23116761026904 ], [ 502540.087212153885048, 1617530.855779093923047 ], [ 502559.149194912111852, 1617529.605223935097456 ], [ 502578.21212688810192, 1617526.604666986269876 ], [ 502592.89901819836814, 1617522.354235931765288 ], [ 502613.523748248000629, 1617512.353626562515274 ], [ 502628.211555976013187, 1617505.228192596696317 ], [ 502651.804114737431519, 1617489.227490943390876 ], [ 502669.491968988673761, 1617483.6019713121932 ], [ 502687.085990286665037, 1617483.726460188860074 ], [ 502707.554058090201579, 1617485.350867057684809 ], [ 502723.617248534807004, 1617491.350406317273155 ], [ 502745.461702852975577, 1617506.224786528386176 ], [ 502757.024222980777267, 1617523.724468138534576 ], [ 502768.61879771220265, 1617543.099150711204857 ], [ 502785.963498016120866, 1617566.598670339211822 ], [ 502805.704051615903154, 1617584.967115183593705 ], [ 502821.976702319225296, 1617606.79466428165324 ], [ 502834.677280193660408, 1617626.241314785322174 ], [ 502846.871702453645412, 1617640.346974625252187 ], [ 502871.715821795223746, 1617643.596255967859179 ], [ 502898.575024911726359, 1617649.65548158576712 ], [ 502932.309174135443754, 1617653.622505319304764 ], [ 502959.297351166896988, 1617658.781726285116747 ], [ 502987.475483318092301, 1617662.35291107557714 ], [ 503007.319618575042114, 1617666.320338423363864 ], [ 503004.542423100501765, 1617694.102447069482878 ], [ 503004.939850215625484, 1617708.78645029081963 ], [ 503003.749379548127763, 1617727.042503235628828 ], [ 503004.14651839970611, 1617731.80549649358727 ], [ 503012.878519064746797, 1617765.936277080792934 ], [ 503009.30644621810643, 1617763.555378482211381 ], [ 502893.418975701380987, 1617785.783768313005567 ], [ 502563.283908932004124, 1617863.730439823586494 ], [ 501660.976836397137959, 1618064.506861121626571 ], [ 501555.955270638922229, 1618083.082931532757357 ], [ 501468.243991177296266, 1618007.679404410067946 ], [ 501513.583511862321757, 1617955.207034155959263 ], [ 501576.248414173023775, 1617915.264173054601997 ], [ 501632.027289403544273, 1617874.63251136848703 ], [ 501685.739822501607705, 1617822.294897940708324 ], [ 501728.433423890965059, 1617738.279572848696262 ], [ 501759.021204945282079, 1617695.276640768395737 ], [ 501794.669257969013415, 1617661.45557089173235 ], [ 501836.715954834246077, 1617649.57133713667281 ], [ 501917.154168461449444, 1617654.139004351571202 ], [ 501980.223222452099435, 1617619.403136748587713 ], [ 502018.242847693909425, 1617536.370948455994949 ], [ 502057.987535910040606, 1617524.266781383659691 ] ] ] } },
{ "type": "Feature", "properties": { "barangay": "Sacred Heart", "district": "DISTRICT 4", "pct_total_population": 1.85, "pct_female_population": 1.86, "pct_male_population": 1.85, "pct_children_0_4": 1.92, "pct_female_children_0_4": 1.76, "pct_male_children_0_4": 2.06, "pct_elderly_60plus": 1.8, "pct_female_elderly_60plus": 1.83, "pct_male_elderly_60plus": 1.75, "pct_childcare_facilities": 0.0, "pct_eldercare_facilities": null, "pct_pwd_facilities": 0.0 }, "geometry": { "type": "Polygon", "coordinates": [ [ [ 503515.724484157108236, 1617884.984785008942708 ], [ 503495.87800761469407, 1617800.450276692397892 ], [ 504771.052499057084788, 1618186.177610265091062 ], [ 504704.456041645724326, 1618344.79370495933108 ], [ 504346.004865388502367, 1618419.950196529505774 ], [ 503909.444171788345557, 1618514.418977242428809 ], [ 503670.922535341465846, 1618569.591963747749105 ], [ 503515.724484157108236, 1617884.984785008942708 ] ] ] } },
{ "type": "Feature", "properties": { "barangay": "Salvacion", "district": "DISTRICT 1", "pct_total_population": 9.63, "pct_female_population": 9.62, "pct_male_population": 9.64, "pct_children_0_4": 9.53, "pct_female_children_0_4": 9.68, "pct_male_children_0_4": 9.81, "pct_elderly_60plus": 9.67, "pct_female_elderly_60plus": 9.75, "pct_male_elderly_60plus": 9.56, "pct_childcare_facilities": 0.0, "pct_eldercare_facilities": null, "pct_pwd_facilities": null }, "geometry": { "type": "Polygon", "coordinates": [ [ [ 499482.437896227405872, 1617901.070000802865252 ], [ 499414.939747459371574, 1618035.928097809897736 ], [ 499322.46510562277399, 1617948.220696713775396 ], [ 498840.308806997200008, 1617507.283263636287302 ], [ 499074.370651690056548, 1617321.784275684505701 ], [ 499549.777732005401049, 1617755.442897552624345 ], [ 499482.437896227405872, 1617901.070000802865252 ] ] ] } },
{ "type": "Feature", "properties": { "barangay": "San Agustin", "district": "DISTRICT 5", "pct_total_population": 9.46, "pct_female_population": 9.46, "pct_male_population": 9.46, "pct_children_0_4": 9.43, "pct_female_children_0_4": 9.45, "pct_male_children_0_4": 9.42, "pct_elderly_60plus": 9.45, "pct_female_elderly_60plus": 9.46, "pct_male_elderly_60plus": 9.43, "pct_childcare_facilities": 0.0, "pct_eldercare_facilities": null, "pct_pwd_facilities": null }, "geometry": { "type": "Polygon", "coordinates": [ [ [ 503460.016543539124541, 1629657.356247507967055 ], [ 503448.110194155247882, 1629645.747581808827817 ], [ 503191.275658924598247, 1629395.348793086363003 ], [ 503191.90162706875708, 1629394.230773777700961 ], [ 503217.598318475007545, 1629348.313980853417888 ], [ 503185.449371592025273, 1629282.433848752174526 ], [ 503244.980812078458257, 1629295.529132032068446 ], [ 503327.240926888945978, 1629262.219708125572652 ], [ 503317.020619732211344, 1629217.594960212241858 ], [ 503260.676684026257135, 1629187.346567053114995 ], [ 503316.706650506996084, 1629149.844901143573225 ], [ 503329.392973012931179, 1629126.09450860042125 ], [ 503312.329669916245621, 1629081.844959901180118 ], [ 503296.962325993634295, 1628967.311291191261262 ], [ 503281.881449216452893, 1628972.073734218254685 ], [ 503264.020254899165593, 1628931.593212503939867 ], [ 503176.308352453634143, 1628834.757663845317438 ], [ 503191.388906279404182, 1628818.882209650240839 ], [ 503196.547334791277535, 1628799.038039780221879 ], [ 503195.75232715572929, 1628729.98199338815175 ], [ 503151.696941516886, 1628649.417192492866889 ], [ 503155.267622186685912, 1628638.305077556753531 ], [ 503206.566609637346119, 1628636.097584650851786 ], [ 503220.355872156447731, 1628644.653192566009238 ], [ 503231.07243650557939, 1628663.702900329371914 ], [ 503379.500806126976386, 1628568.051490935031325 ], [ 503390.613736513187177, 1628565.272165210451931 ], [ 503472.76684217544971, 1628566.063778738491237 ], [ 503482.688817637856118, 1628564.873489225283265 ], [ 503491.022629854793195, 1628558.126240265090019 ], [ 503504.515974440553691, 1628535.106824997579679 ], [ 503498.429433828103356, 1628447.892914099385962 ], [ 503531.898156606883276, 1628471.605965404305607 ], [ 503560.079007314168848, 1628534.311209602514282 ], [ 503648.326305302500259, 1628472.691583246923983 ], [ 503657.056010808795691, 1628427.845284440089017 ], [ 503722.937157730921172, 1628430.621372809400782 ], [ 503717.782281592837535, 1628572.702665594173595 ], [ 503773.744082858727779, 1628667.158134469762444 ], [ 503877.72632584819803, 1628671.917117657372728 ], [ 503904.712049679190386, 1628627.069288352970034 ], [ 503952.734351686085574, 1628635.799901673104614 ], [ 503986.868058365245815, 1628693.345967708388343 ], [ 504024.174268896516878, 1628699.297889626817778 ], [ 504072.052812429959886, 1628681.934480860829353 ], [ 504132.776626540406141, 1628742.257777007762343 ], [ 504130.792947585170623, 1628753.370845834724605 ], [ 504107.378223837877158, 1628763.690536622656509 ], [ 504098.646688003791496, 1628779.961806723847985 ], [ 504082.771821959002409, 1628785.122273221611977 ], [ 504080.78855813172413, 1628810.522356411442161 ], [ 504089.519555410719477, 1628810.125102305551991 ], [ 504048.248712088505272, 1628954.589446966303512 ], [ 504018.263736029330175, 1628956.449320156592876 ], [ 504024.436956846388057, 1628998.246182832168415 ], [ 504065.31533245020546, 1629009.755006545688957 ], [ 504052.618188189866487, 1629074.048440204001963 ], [ 503986.738244101172313, 1629147.075428093317896 ], [ 503841.484093399252743, 1629215.739718091441318 ], [ 504004.998814808903262, 1629269.313020476372913 ], [ 504078.026264252664987, 1629351.067980663618073 ], [ 504047.070963156642392, 1629410.599940093932673 ], [ 504045.485599334351718, 1629466.956042879261076 ], [ 503895.874548435793258, 1629539.203463104786351 ], [ 503896.719235845434014, 1629562.828462339704856 ], [ 503943.71938110224437, 1629566.202099959133193 ], [ 503980.939221416483633, 1629593.826046202331781 ], [ 504014.50140771997394, 1629599.075076209614053 ], [ 504002.127227176504675, 1629627.700464589288458 ], [ 504013.315372812678106, 1629632.325144138420001 ], [ 504013.380180889973417, 1629728.950239497469738 ], [ 504107.692337464075536, 1629731.072501035640016 ], [ 504109.112234826490749, 1630174.822906365152448 ], [ 504097.95609641703777, 1630170.448226146399975 ], [ 504037.472601129324175, 1630224.319037944544107 ], [ 503460.016543539124541, 1629657.356247507967055 ] ] ] } },
{ "type": "Feature", "properties": { "barangay": "San Antonio", "district": "DISTRICT 1", "pct_total_population": 41.87, "pct_female_population": 41.87, "pct_male_population": 41.88, "pct_children_0_4": 41.9, "pct_female_children_0_4": 41.89, "pct_male_children_0_4": 41.9, "pct_elderly_60plus": 41.87, "pct_female_elderly_60plus": 41.84, "pct_male_elderly_60plus": 41.87, "pct_childcare_facilities": 66.67, "pct_eldercare_facilities": 0.0, "pct_pwd_facilities": null }, "geometry": { "type": "Polygon", "coordinates": [ [ [ 502154.784882653562818, 1620561.007023099809885 ], [ 502130.972939383762423, 1620563.785717830527574 ], [ 502085.730220298690256, 1620609.428078422788531 ], [ 502078.605559959600214, 1620621.361297450726852 ], [ 502054.201076221652329, 1620639.971025320701301 ], [ 502046.269981404650025, 1620671.393287395592779 ], [ 502017.288633122341707, 1620660.411118499701843 ], [ 501995.323611004278064, 1620660.41175676160492 ], [ 501995.32397455436876, 1620672.919769333675504 ], [ 501952.00703214481473, 1620745.221100786002353 ], [ 501948.957605237024836, 1620765.050209342734888 ], [ 501888.486958490742836, 1620779.296980842715129 ], [ 501876.184003762435168, 1620781.281340340385213 ], [ 501842.053188680787571, 1620788.823339706286788 ], [ 501831.734362836345099, 1620795.173645946895704 ], [ 501818.240476059727371, 1620799.539042443735525 ], [ 501805.540520993585233, 1620801.524413478560746 ], [ 501798.000478875241242, 1620800.333631382090971 ], [ 501777.362319679174107, 1620795.5722263045609 ], [ 501763.472317222505808, 1620795.968630315503106 ], [ 501749.581441751739476, 1620800.732038760790601 ], [ 501737.278498512634542, 1620803.113398657878861 ], [ 501732.912517250166275, 1620803.90752631588839 ], [ 501720.212608271336649, 1620807.479898950550705 ], [ 501707.512653151759878, 1620809.4642699805554 ], [ 501692.828638456820045, 1620809.46469668392092 ], [ 501682.906478565302677, 1620804.305979806464165 ], [ 501673.381261321657803, 1620797.162249403772876 ], [ 501665.840011538413819, 1620788.828460161341354 ], [ 501659.48963607265614, 1620776.128631920320913 ], [ 501644.742349079868291, 1620766.760051025077701 ], [ 501624.148237532062922, 1620763.635646308073774 ], [ 501594.005339608236682, 1620768.192526793805882 ], [ 501555.111081432783976, 1620760.652649405878037 ], [ 501477.719703838112764, 1620750.336887880926952 ], [ 501451.49081806873437, 1620720.765620300779119 ], [ 501429.833790043368936, 1620686.141214788192883 ], [ 501414.551405283622444, 1620639.016611455008388 ], [ 501402.549660403805319, 1620579.39190023066476 ], [ 501390.454089861479588, 1620525.767197762150317 ], [ 501384.608899850514717, 1620485.017326616914943 ], [ 501375.607521243800875, 1620437.892540769884363 ], [ 501363.605776530399453, 1620378.26782954367809 ], [ 501348.478843248973135, 1620312.268202708568424 ], [ 501342.665467959130183, 1620265.14332423498854 ], [ 501330.414449446077924, 1620230.518645389471203 ], [ 501305.56950539565878, 1620198.894335530698299 ], [ 501271.224824302771594, 1620176.645311148604378 ], [ 501243.06869790534256, 1620173.271125920815393 ], [ 501202.255646043049637, 1620172.897311494685709 ], [ 501177.349068884504959, 1620153.898016126127914 ], [ 501171.161608535738196, 1620138.273180198855698 ], [ 501168.316781172819901, 1620109.898234318010509 ], [ 501175.034421988704707, 1620062.897991844918579 ], [ 501178.657787356118206, 1620006.522829837398604 ], [ 501188.282252220553346, 1619987.772531309863552 ], [ 501197.90653534658486, 1619962.772226492175832 ], [ 501198.342169882787857, 1619915.772166560636833 ], [ 501192.528612983762287, 1619862.397281797602773 ], [ 501146.368631479388569, 1619761.398521522060037 ], [ 501189.056703423615545, 1619762.397282090270892 ], [ 501285.276381316303741, 1619782.394506243756041 ], [ 501377.975108469545376, 1619804.210834535770118 ], [ 501455.200089522986673, 1619835.294621776556596 ], [ 501555.610943492560182, 1619895.616764705860987 ], [ 501651.654693898861296, 1619883.706961866235361 ], [ 501739.761563346895855, 1619876.164394044317305 ], [ 501712.920452505408321, 1619701.223998031113297 ], [ 502020.350550109054893, 1619797.17816118337214 ], [ 502154.784882653562818, 1620561.007023099809885 ] ] ] } },
{ "type": "Feature", "properties": { "barangay": "San Bartolome", "district": "DISTRICT 5", "pct_total_population": 21.46, "pct_female_population": 21.46, "pct_male_population": 21.46, "pct_children_0_4": 21.45, "pct_female_children_0_4": 21.45, "pct_male_children_0_4": 21.44, "pct_elderly_60plus": 21.47, "pct_female_elderly_60plus": 21.47, "pct_male_elderly_60plus": 21.46, "pct_childcare_facilities": 21.43, "pct_eldercare_facilities": null, "pct_pwd_facilities": null }, "geometry": { "type": "Polygon", "coordinates": [ [ [ 504984.218219253350981, 1626118.000394575996324 ], [ 504953.134605214057956, 1626201.178381517762318 ], [ 504764.098539453349076, 1626274.278948208317161 ], [ 504763.258831542392727, 1626284.360982758691534 ], [ 504754.858947372995317, 1626357.455300392350182 ], [ 504359.139427563699428, 1626353.266795255243778 ], [ 504313.375836517720018, 1626506.564279333222657 ], [ 504303.696014079381712, 1626616.240670972969383 ], [ 504197.836348309181631, 1626665.813796987989917 ], [ 504186.385478503711056, 1626670.692134645301849 ], [ 504128.91621367901098, 1626663.568797457497567 ], [ 504055.073120308341458, 1626697.320977210300043 ], [ 504017.542863585287705, 1626724.197094828588888 ], [ 503974.949652630661149, 1626752.823361327406019 ], [ 503961.575365749537013, 1626777.823775129858404 ], [ 503953.482884318451397, 1626795.949028522474691 ], [ 503930.389057276246604, 1626802.699706392828375 ], [ 503913.857724608038552, 1626791.8251758296974 ], [ 503864.668578119657468, 1626754.076567217474803 ], [ 503827.012144346255809, 1626740.452647754224017 ], [ 503753.391125575173646, 1626811.175858244299889 ], [ 503523.185382600815501, 1626827.986564618302509 ], [ 503471.936650547431782, 1626907.804134154226631 ], [ 503467.736207903653849, 1626927.128275662194937 ], [ 503439.048512128647417, 1626938.589120814809576 ], [ 503422.579837065539323, 1626950.339611203875393 ], [ 503401.862154105328955, 1626961.965224927291274 ], [ 503271.486983083363157, 1626960.594012070912868 ], [ 503217.328929615905508, 1626926.220551233040169 ], [ 503195.361325363803189, 1626940.596204058267176 ], [ 503188.955132587172557, 1626968.596418388187885 ], [ 503189.112782978976611, 1626990.971436315448955 ], [ 503198.457427078974433, 1627047.221221372485161 ], [ 503175.365569935995154, 1627087.346932775340974 ], [ 503137.772480311512481, 1627119.973058003932238 ], [ 503118.335009291302413, 1627138.848641828401014 ], [ 503096.680654918949585, 1627196.224328803597018 ], [ 503080.275960712053347, 1627241.724851291626692 ], [ 503061.401784434216097, 1627270.725428930483758 ], [ 503036.153313885384705, 1627324.226216457318515 ], [ 503017.966686866246164, 1627372.10179311176762 ], [ 503023.467215543903876, 1627390.101651382166892 ], [ 503027.501633836887777, 1627404.356548498384655 ], [ 503020.718371566734277, 1627429.976771388901398 ], [ 503002.031919397471938, 1627449.477334016468376 ], [ 502991.063722118851729, 1627477.477680920856073 ], [ 502963.064409585786052, 1627502.103519317694008 ], [ 502937.220692382252309, 1627512.729280991712585 ], [ 502892.909174659755081, 1627530.855586863588542 ], [ 502844.3159539529006, 1627559.357027599588037 ], [ 502802.222169658576604, 1627568.233259725151584 ], [ 502737.8166897262563, 1627588.360151503002271 ], [ 502694.536296458391007, 1627610.736431691795588 ], [ 502684.536406309402082, 1627614.861726429779083 ], [ 502633.755969147547148, 1627635.988223297055811 ], [ 502574.631316538841929, 1627649.989955468568951 ], [ 502539.317416543839499, 1627620.240951707120985 ], [ 502519.285502738668583, 1627589.491502857301384 ], [ 502494.910445548885036, 1627588.367210029624403 ], [ 502459.75509683805285, 1627611.993255379376933 ], [ 502409.848616929375567, 1627631.619725340278819 ], [ 502387.472671813215129, 1627599.870343598537147 ], [ 502357.034907356253825, 1627574.621202670503408 ], [ 502329.503567359002773, 1627563.87199187441729 ], [ 502297.096026213024743, 1627546.372915979474783 ], [ 502258.845431877532974, 1627527.249008249491453 ], [ 502230.626382756861858, 1627492.124792901799083 ], [ 502226.59352143574506, 1627462.624880401883274 ], [ 502216.092261222656816, 1627419.62514228397049 ], [ 502209.466230174526572, 1627384.375299357809126 ], [ 502205.308852858259343, 1627337.125372615410015 ], [ 502195.620742516883183, 1627299.250616016564891 ], [ 502186.087385160033591, 1627252.875846382696182 ], [ 502173.89939208177384, 1627219.126166586996987 ], [ 502154.398515173059423, 1627189.626703559653834 ], [ 502129.803916496050078, 1627169.877398375188932 ], [ 502104.834553600754589, 1627158.253112253732979 ], [ 502086.678146717313211, 1627144.87862638826482 ], [ 502065.771780570503324, 1627133.004221951588988 ], [ 502038.990354051988106, 1627119.25498634041287 ], [ 502014.083401680458337, 1627121.755712615326047 ], [ 501985.20877224142896, 1627135.506565504008904 ], [ 501936.553137438953854, 1627149.757993711624295 ], [ 501898.14701162581332, 1627146.759106719400734 ], [ 501861.427473447169177, 1627129.510156385600567 ], [ 501822.614689772424754, 1627103.88625844148919 ], [ 501788.956268250185531, 1627056.137188451597467 ], [ 501766.767923696199432, 1627010.637787426821887 ], [ 501750.610479782626498, 1626961.513207505457103 ], [ 501754.171517082198989, 1626928.263070554239675 ], [ 501758.483478909300175, 1626892.387909155804664 ], [ 501768.669613671780098, 1626862.26258284994401 ], [ 501775.449447134742513, 1626821.887345202965662 ], [ 501778.292650804680306, 1626794.387234910856932 ], [ 501787.542017176980153, 1626772.261943876510486 ], [ 501804.666503996006213, 1626754.011427899356931 ], [ 501840.75948685122421, 1626717.760342611698434 ], [ 501857.820817409723531, 1626694.134823058033362 ], [ 501867.039074685366359, 1626668.259529153350741 ], [ 501866.85138072312111, 1626644.38451058184728 ], [ 501878.756259326008148, 1626605.384125399868935 ], [ 501888.880241443635896, 1626570.008795607602224 ], [ 501896.440984908840619, 1626526.508532135281712 ], [ 501884.908505700528622, 1626476.008816425688565 ], [ 501865.063454139744863, 1626440.509357369039208 ], [ 501848.562616604205687, 1626412.259808438597247 ], [ 501825.218793867039494, 1626384.760459095938131 ], [ 501791.592445153975859, 1626339.511390699073672 ], [ 501769.497445772227366, 1626305.886998906498775 ], [ 501761.058300234028138, 1626266.762204769998789 ], [ 501762.464967445470393, 1626255.262152324197814 ], [ 501782.307010237243958, 1626221.636541909072548 ], [ 501790.556502654217184, 1626203.88628432364203 ], [ 501793.93080857465975, 1626179.886162120848894 ], [ 501789.149168136587832, 1626158.011279050959274 ], [ 501810.743509515654296, 1626169.010662622749805 ], [ 501831.524757393344771, 1626176.821066614473239 ], [ 501853.242839866376016, 1626178.90843761456199 ], [ 501902.94399165402865, 1626147.999962277244776 ], [ 501997.335863349901047, 1626174.728246280224994 ], [ 502025.319624437135644, 1626165.538423864869401 ], [ 502151.869137318397406, 1626109.985690633766353 ], [ 502159.807985552644823, 1626207.718558284454048 ], [ 502199.485255995590705, 1626215.653413303662091 ], [ 502238.745979856932536, 1626204.792261519003659 ], [ 502256.700276383722667, 1626042.321576298214495 ], [ 502353.180446158803534, 1626044.824775247136131 ], [ 502502.910920803667977, 1626021.562400896567851 ], [ 502649.092219418962486, 1626026.778158328030258 ], [ 502687.59525300480891, 1625992.190004684729502 ], [ 502705.867290305614006, 1625992.842474381206557 ], [ 502769.818604649568442, 1625898.21352082840167 ], [ 502788.829450937861111, 1625857.85692779137753 ], [ 502821.373423754819669, 1625855.793980039656162 ], [ 502850.086030180973466, 1625806.848096447996795 ], [ 502901.514965808717534, 1625802.85359797347337 ], [ 502981.167318810650613, 1625674.60115433880128 ], [ 503067.396853853831999, 1625690.026664163917303 ], [ 503077.185048174578696, 1625661.965351493796334 ], [ 503090.23744057881413, 1625675.016985343769193 ], [ 503129.3925368359196, 1625676.972849522484466 ], [ 503135.918865858635399, 1625688.067671038908884 ], [ 503171.160659882123582, 1625714.1696732272394 ], [ 503267.744187964592129, 1625694.588846938917413 ], [ 503323.867984010837972, 1625720.039241673657671 ], [ 503350.825435044360347, 1625700.215438385028392 ], [ 503367.6376190102892, 1625705.964955628151074 ], [ 503361.888100022915751, 1625722.715139552950859 ], [ 503434.295491451921407, 1625768.088081152644008 ], [ 503462.452203656546772, 1625757.212252020835876 ], [ 503533.352408266626298, 1625761.799196375301108 ], [ 503583.601643353176769, 1625733.735707964515314 ], [ 503611.663468033017125, 1625761.143920105649158 ], [ 503671.701637033431325, 1625730.470144617836922 ], [ 503690.626637104840484, 1625729.817594025749713 ], [ 503713.466237660613842, 1625680.871881097555161 ], [ 504034.545513712801039, 1625748.079618595074862 ], [ 504159.190273532469291, 1625701.088949313620105 ], [ 504168.327022362325806, 1625726.540709415683523 ], [ 504246.639049280027393, 1625759.167466609738767 ], [ 504305.37253939488437, 1625739.588740190723911 ], [ 504398.038598069630098, 1625635.169942384585738 ], [ 504390.204504015739076, 1625563.385097803082317 ], [ 504420.22229630779475, 1625486.378148052375764 ], [ 504657.773533178900834, 1625727.178487418685108 ], [ 504677.036134423804469, 1625747.200947814621031 ], [ 504832.666838755016215, 1625834.869513602927327 ], [ 505002.023714042734355, 1625721.488478241953999 ], [ 505021.170912891626358, 1625727.666928056627512 ], [ 505061.178349269728642, 1625775.709813835099339 ], [ 505037.277019934204873, 1625868.435601664474234 ], [ 504942.174645480117761, 1625996.48049404961057 ], [ 504942.64414402336115, 1626013.619497645180672 ], [ 504953.794813329528552, 1626036.267196414293721 ], [ 505008.581241624255199, 1626049.106617308920249 ], [ 504984.218219253350981, 1626118.000394575996324 ] ] ] } },
{ "type": "Feature", "properties": { "barangay": "San Isidro", "district": "DISTRICT 4", "pct_total_population": 7.85, "pct_female_population": 7.86, "pct_male_population": 7.85, "pct_children_0_4": 7.86, "pct_female_children_0_4": 7.72, "pct_male_children_0_4": 7.98, "pct_elderly_60plus": 7.93, "pct_female_elderly_60plus": 7.87, "pct_male_elderly_60plus": 8.03, "pct_childcare_facilities": 0.0, "pct_eldercare_facilities": null, "pct_pwd_facilities": null }, "geometry": { "type": "Polygon", "coordinates": [ [ [ 500717.620711458032019, 1616303.469501992920414 ], [ 500444.60865143960109, 1616310.850442583439872 ], [ 500427.289936768240295, 1616252.445887089474127 ], [ 500778.296222341537941, 1615974.839408366009593 ], [ 500867.364257534849457, 1615904.145749136805534 ], [ 500867.506262804090511, 1615904.323745186673477 ], [ 501032.363413432671223, 1616110.271161903161556 ], [ 500908.540103211707901, 1616207.112857343861833 ], [ 500842.263639750191942, 1616262.279838687274605 ], [ 500796.244571810471825, 1616261.534175164066255 ], [ 500775.277420146914665, 1616257.041779906488955 ], [ 500706.012991593917832, 1616244.688780165510252 ], [ 500713.126488302310463, 1616261.53659041156061 ], [ 500717.620711458032019, 1616303.469501992920414 ] ] ] } },
{ "type": "Feature", "properties": { "barangay": "San Isidro Labrador", "district": "DISTRICT 1", "pct_total_population": 11.42, "pct_female_population": 11.43, "pct_male_population": 11.41, "pct_children_0_4": 11.46, "pct_female_children_0_4": 11.21, "pct_male_children_0_4": 11.29, "pct_elderly_60plus": 11.4, "pct_female_elderly_60plus": 11.31, "pct_male_elderly_60plus": 11.49, "pct_childcare_facilities": 50.0, "pct_eldercare_facilities": null, "pct_pwd_facilities": null }, "geometry": { "type": "Polygon", "coordinates": [ [ [ 499549.777732005401049, 1617755.442897552624345 ], [ 499074.544656534679234, 1617321.943270794115961 ], [ 499074.370651690056548, 1617321.784275684505701 ], [ 499126.010525470599532, 1617281.240734360879287 ], [ 499452.918319159885868, 1617021.950974289560691 ], [ 499758.858770451624878, 1617302.186366167617962 ], [ 499549.777732005401049, 1617755.442897552624345 ] ] ] } },
{ "type": "Feature", "properties": { "barangay": "San Jose", "district": "DISTRICT 1", "pct_total_population": 4.47, "pct_female_population": 4.48, "pct_male_population": 4.46, "pct_children_0_4": 4.44, "pct_female_children_0_4": 4.61, "pct_male_children_0_4": 4.29, "pct_elderly_60plus": 4.49, "pct_female_elderly_60plus": 4.46, "pct_male_elderly_60plus": 4.55, "pct_childcare_facilities": 0.0, "pct_eldercare_facilities": null, "pct_pwd_facilities": null }, "geometry": { "type": "Polygon", "coordinates": [ [ [ 499331.61422910541296, 1619569.477061777375638 ], [ 499061.076670030073728, 1619559.600913135334849 ], [ 499060.054667942924425, 1619559.56394279608503 ], [ 499043.210421401483472, 1619517.251389681827277 ], [ 498885.410191052709706, 1619136.262591768754646 ], [ 499003.023104930703994, 1618922.762959384359419 ], [ 499155.380880180629902, 1618875.34648447833024 ], [ 499162.809135228337254, 1618849.455242587951943 ], [ 499422.318345618783496, 1618882.125734630273655 ], [ 499331.61422910541296, 1619569.477061777375638 ] ] ] } },
{ "type": "Feature", "properties": { "barangay": "San Martin de Porres", "district": "DISTRICT 4", "pct_total_population": 8.19, "pct_female_population": 8.18, "pct_male_population": 8.19, "pct_children_0_4": 8.23, "pct_female_children_0_4": 8.29, "pct_male_children_0_4": 8.17, "pct_elderly_60plus": 8.24, "pct_female_elderly_60plus": 8.12, "pct_male_elderly_60plus": 8.18, "pct_childcare_facilities": null, "pct_eldercare_facilities": null, "pct_pwd_facilities": null }, "geometry": { "type": "Polygon", "coordinates": [ [ [ 505098.962515404855367, 1616317.214202350703999 ], [ 505124.409768546989653, 1616325.042470776941627 ], [ 505157.180442943819799, 1616347.118540719617158 ], [ 505361.414424968184903, 1616511.486771302763373 ], [ 505403.571109677432105, 1616533.59256853396073 ], [ 505514.833350928907748, 1616538.045339927542955 ], [ 505515.293351951811928, 1616538.064326577121392 ], [ 505264.960367391235195, 1617097.828163685277104 ], [ 505127.130307419458404, 1617031.70910231070593 ], [ 505141.402947549417149, 1616984.422640014905483 ], [ 505145.014009377278853, 1616952.012502497760579 ], [ 505142.191092735971324, 1616817.337449098704383 ], [ 505138.316953064175323, 1616778.251522372709587 ], [ 505129.488784835499246, 1616738.359738794155419 ], [ 505106.864086415385827, 1616646.285303646000102 ], [ 505105.797030152869411, 1616644.387332734884694 ], [ 505099.66268735518679, 1616632.802499341312796 ], [ 505094.895435114565771, 1616624.289629317587242 ], [ 505094.106393434572965, 1616622.880650820676237 ], [ 505082.199908525857609, 1616606.608980449149385 ], [ 505054.840645615418907, 1616564.096732708625495 ], [ 504992.250070269277785, 1616477.641464543063194 ], [ 504919.622881063667592, 1616370.4094671420753 ], [ 505013.188657505903393, 1616325.071702691260725 ], [ 505030.883496647467837, 1616318.92118232906796 ], [ 505050.805365109932609, 1616313.707598196109757 ], [ 505073.98638990696054, 1616313.758924642112106 ], [ 505098.962515404855367, 1616317.214202350703999 ] ] ] } },
{ "type": "Feature", "properties": { "barangay": "San Roque", "district": "DISTRICT 3", "pct_total_population": 7.8, "pct_female_population": 7.81, "pct_male_population": 7.81, "pct_children_0_4": 7.79, "pct_female_children_0_4": 7.78, "pct_male_children_0_4": 7.79, "pct_elderly_60plus": 7.82, "pct_female_elderly_60plus": 7.82, "pct_male_elderly_60plus": 7.82, "pct_childcare_facilities": 0.0, "pct_eldercare_facilities": null, "pct_pwd_facilities": 0.0 }, "geometry": { "type": "Polygon", "coordinates": [ [ [ 506193.640374935173895, 1617100.374180379323661 ], [ 506446.692811143992003, 1616556.061279791174456 ], [ 506622.788369151239749, 1616121.83072615112178 ], [ 507112.647621645941399, 1616251.221621742239222 ], [ 507111.366700285172556, 1616253.971661730669439 ], [ 507106.981432614149526, 1616279.321814651833847 ], [ 507096.663045055873226, 1616300.753136025508866 ], [ 507094.282319460355211, 1616310.278214790858328 ], [ 507091.505031791108195, 1616334.884320229291916 ], [ 507099.307732279645279, 1616358.722117459401488 ], [ 507076.926857548183762, 1616363.804772929986939 ], [ 507047.245446481916588, 1616385.098656822694466 ], [ 507019.819867304700892, 1616434.935503872809932 ], [ 507004.343016610655468, 1616475.019993916619569 ], [ 506967.59442678821506, 1616559.226146425819024 ], [ 506857.13301694765687, 1616824.22962270444259 ], [ 506761.463711111980956, 1616782.606360846897587 ], [ 506692.015485493233427, 1616949.296546504832804 ], [ 506539.624043694522697, 1617283.470310760196298 ], [ 506371.71536075748736, 1617644.298552740598097 ], [ 506025.633903856389225, 1617468.492432525381446 ], [ 506193.640374935173895, 1617100.374180379323661 ] ] ] } },
{ "type": "Feature", "properties": { "barangay": "San Vicente", "district": "DISTRICT 4", "pct_total_population": 58.53, "pct_female_population": 58.51, "pct_male_population": 58.52, "pct_children_0_4": 58.5, "pct_female_children_0_4": 58.71, "pct_male_children_0_4": 58.66, "pct_elderly_60plus": 58.46, "pct_female_elderly_60plus": 58.64, "pct_male_elderly_60plus": 58.58, "pct_childcare_facilities": 50.0, "pct_eldercare_facilities": null, "pct_pwd_facilities": null }, "geometry": { "type": "Polygon", "coordinates": [ [ [ 505800.178857098682784, 1620571.639104572124779 ], [ 505802.396176429232582, 1620548.139016504632309 ], [ 505796.044795015244745, 1620466.413118873955682 ], [ 505851.210700450872537, 1620461.252510644728318 ], [ 505907.963757549412549, 1620461.250861487118527 ], [ 505954.399161688168533, 1620473.552524517755955 ], [ 506003.214222309412435, 1620473.948106421623379 ], [ 506029.011178946238942, 1620471.565354397520423 ], [ 506054.014008018129971, 1620464.817621074384078 ], [ 506075.842787705478258, 1620456.482978380052373 ], [ 506125.053995246591512, 1620427.509519231272861 ], [ 506068.372105778194964, 1620777.381518205394968 ], [ 506023.371991611842532, 1620775.007823458872736 ], [ 505956.902739578043111, 1620768.634748544543982 ], [ 505912.027396596851759, 1620758.386042239842936 ], [ 505861.215047678153496, 1620748.137508469633758 ], [ 505814.370706371671986, 1620738.013859510421753 ], [ 505775.276489083422348, 1620731.889989376766607 ], [ 505728.30820576264523, 1620723.766346031101421 ], [ 505800.178857098682784, 1620571.639104572124779 ] ] ] } },
{ "type": "Feature", "properties": { "barangay": "Sangandaan", "district": "DISTRICT 6", "pct_total_population": 25.54, "pct_female_population": 25.54, "pct_male_population": 25.55, "pct_children_0_4": 25.54, "pct_female_children_0_4": 25.55, "pct_male_children_0_4": 25.54, "pct_elderly_60plus": 25.52, "pct_female_elderly_60plus": 25.55, "pct_male_elderly_60plus": 25.48, "pct_childcare_facilities": 0.0, "pct_eldercare_facilities": null, "pct_pwd_facilities": 0.0 }, "geometry": { "type": "Polygon", "coordinates": [ [ [ 502528.473991079197731, 1622719.681335918139666 ], [ 502530.143129133793991, 1622724.375292134238407 ], [ 502532.581330938672181, 1622731.236228183377534 ], [ 502532.412828152358998, 1622748.34925030451268 ], [ 502532.394882920547388, 1622750.23625272535719 ], [ 502534.11668082640972, 1622777.631230252096429 ], [ 502535.862890102493111, 1622784.773186689475551 ], [ 502536.982234818686265, 1622796.598166057607159 ], [ 502545.269510798912961, 1622805.805934507166967 ], [ 502558.642956053954549, 1622820.664560846285895 ], [ 502580.139671754848678, 1622844.547960218740627 ], [ 502588.548951640026644, 1622853.890725255943835 ], [ 502596.547336645133328, 1622866.862505887169391 ], [ 502577.743574643391185, 1622910.110095797339454 ], [ 502560.555906087975018, 1622922.110607323469594 ], [ 502537.994181268848479, 1622932.361273241229355 ], [ 502506.994153764215298, 1622932.487174175214022 ], [ 502485.462321037892252, 1622938.98780639632605 ], [ 502472.30646032578079, 1622944.238193972967565 ], [ 502452.463424788089469, 1622978.113804661203176 ], [ 502433.339074000658002, 1623001.11438352544792 ], [ 502412.496921273472253, 1623030.990019221790135 ], [ 502412.59038635448087, 1623046.990032593719661 ], [ 502417.996606056403834, 1623054.364882920868695 ], [ 502441.684909646050073, 1623063.989204260753468 ], [ 502456.998139345087111, 1623071.363766699330881 ], [ 502488.560450717981439, 1623080.987859233282506 ], [ 502515.686084603425115, 1623101.862092008814216 ], [ 502533.1559122139588, 1623129.736612407490611 ], [ 502538.093327743990812, 1623143.861483139917254 ], [ 502529.528868101071566, 1623162.753751019015908 ], [ 502509.653265346540138, 1623177.10934301908128 ], [ 502503.029093010874931, 1623205.81856439053081 ], [ 502488.62656655209139, 1623222.61299978941679 ], [ 502477.190419579448644, 1623252.363362048752606 ], [ 502473.217116721265484, 1623276.489501774078235 ], [ 502474.32188800215954, 1623302.990496336948127 ], [ 502478.739758852578234, 1623332.804397951578721 ], [ 502489.224693728145212, 1623364.613125283271074 ], [ 502501.382519661914557, 1623392.61280016344972 ], [ 502526.008398085774388, 1623421.98711412679404 ], [ 502555.864512466418091, 1623459.301284093875438 ], [ 502392.60355627030367, 1623500.866070023970678 ], [ 502356.853705584304407, 1623507.242115265922621 ], [ 502191.854011985880788, 1623523.496926248073578 ], [ 502149.417154569993727, 1623529.873165810713544 ], [ 502089.167402787250467, 1623540.499927264172584 ], [ 502033.417590199620463, 1623548.876555692637339 ], [ 501979.823786972207017, 1623557.503121722489595 ], [ 501903.949074026953895, 1623570.005339097231627 ], [ 501738.867130682687275, 1623612.079178438754752 ], [ 501639.289652189938352, 1623633.473093533888459 ], [ 501657.725340761826374, 1623484.474407901056111 ], [ 501715.991676062287297, 1623287.531516638584435 ], [ 501698.998393728455994, 1622968.70768965757452 ], [ 501637.564285447937436, 1622485.357988542877138 ], [ 501574.494210963370278, 1622312.926647775573656 ], [ 501665.690666256996337, 1622256.612941103521734 ], [ 501713.125429248728324, 1622246.818552883574739 ], [ 501727.813777086208574, 1622223.866102968109772 ], [ 501749.079433600301854, 1622211.312472393969074 ], [ 501766.145131179364398, 1622234.727000050945207 ], [ 501785.989808556449134, 1622257.34844615496695 ], [ 501818.534810108307283, 1622290.685533993178979 ], [ 501852.269939719408285, 1622328.387591639067978 ], [ 501856.137059701373801, 1622332.383483289275318 ], [ 501886.316996262583416, 1622363.566637673415244 ], [ 501887.990048219508026, 1622365.295590803958476 ], [ 501913.391030959552154, 1622398.235885829664767 ], [ 501928.267893191659823, 1622427.391482861945406 ], [ 501930.475021166668739, 1622431.717423075344414 ], [ 501933.236181243439205, 1622437.129348289454356 ], [ 501951.889442185522057, 1622445.462814640020952 ], [ 501961.324555875617079, 1622449.05054407985881 ], [ 501980.067781849764287, 1622456.178006608504802 ], [ 501986.567832467029803, 1622457.694819249445572 ], [ 502003.880967226927169, 1622461.733320218743756 ], [ 502038.011840143182781, 1622456.176322843180969 ], [ 502066.586868843820412, 1622456.175492509035394 ], [ 502144.375131550070364, 1622462.5232384854462 ], [ 502172.553194476175122, 1622463.713420880958438 ], [ 502207.478448677167762, 1622471.252413593465462 ], [ 502225.297618322190829, 1622476.47490105079487 ], [ 502230.49766788148554, 1622477.998751476407051 ], [ 502252.885030261415523, 1622489.693112703273073 ], [ 502257.089098263473716, 1622491.888992751715705 ], [ 502286.061577197106089, 1622507.366166424006224 ], [ 502314.240124527073931, 1622525.224365568719804 ], [ 502344.799639575590845, 1622541.892494328552857 ], [ 502354.722099387145136, 1622557.37022156920284 ], [ 502373.92017239460256, 1622593.629700185498223 ], [ 502376.155297330406029, 1622597.851639488944784 ], [ 502386.473988239595201, 1622621.266363195609301 ], [ 502392.766905556083657, 1622652.615211875643581 ], [ 502394.618325725139584, 1622667.008172555128112 ], [ 502394.810369076847564, 1622668.49516847380437 ], [ 502415.447816550440621, 1622683.178583554457873 ], [ 502432.514041355869267, 1622690.322094824630767 ], [ 502453.945397364441305, 1622701.830483640776947 ], [ 502468.630515917437151, 1622705.402060506399721 ], [ 502484.108393038564827, 1622700.639605951495469 ], [ 502500.380213322583586, 1622693.892126338323578 ], [ 502512.286340607446618, 1622697.859784347238019 ], [ 502518.693505165108945, 1622703.299603638472036 ], [ 502524.362650615861639, 1622708.1114437491633 ], [ 502528.473991079197731, 1622719.681335918139666 ] ] ] } },
{ "type": "Feature", "properties": { "barangay": "Santol", "district": "DISTRICT 4", "pct_total_population": 34.18, "pct_female_population": 34.18, "pct_male_population": 34.19, "pct_children_0_4": 34.21, "pct_female_children_0_4": 34.31, "pct_male_children_0_4": 34.12, "pct_elderly_60plus": 34.07, "pct_female_elderly_60plus": 34.2, "pct_male_elderly_60plus": 34.44, "pct_childcare_facilities": 100.0, "pct_eldercare_facilities": 100.0, "pct_pwd_facilities": null }, "geometry": { "type": "Polygon", "coordinates": [ [ [ 501784.820458829402924, 1615431.98761487705633 ], [ 501766.565086306014564, 1615454.213167701615021 ], [ 501730.053491275059059, 1615503.824278543703258 ], [ 501713.782651387737133, 1615544.30579204717651 ], [ 501704.259510157397017, 1615608.600133431144059 ], [ 501704.259694696811493, 1615614.950139810563996 ], [ 501672.927469507616479, 1616330.915770295541734 ], [ 501660.626821489247959, 1616412.275209554471076 ], [ 501561.40760645235423, 1616408.310088679427281 ], [ 501472.110124677652493, 1616394.818669917993248 ], [ 501161.353851828200277, 1616327.358632022514939 ], [ 501271.88346941024065, 1615966.266057099215686 ], [ 501289.135039675282314, 1615882.059471126180142 ], [ 501299.785168505390175, 1615782.890061913989484 ], [ 501326.437879094853997, 1615737.596241887426004 ], [ 501338.740026351588313, 1615707.829854485346004 ], [ 501340.3264513296308, 1615687.985788420075551 ], [ 501369.447237698943354, 1615507.570760796079412 ], [ 501369.643228285713121, 1615507.241754774004221 ], [ 501747.724928794137668, 1615208.565468125743791 ], [ 501876.495805896411184, 1615337.528855990385637 ], [ 501784.820458829402924, 1615431.98761487705633 ] ] ] } },
{ "type": "Feature", "properties": { "barangay": "Sauyo", "district": "DISTRICT 6", "pct_total_population": 13.55, "pct_female_population": 13.55, "pct_male_population": 13.55, "pct_children_0_4": 13.56, "pct_female_children_0_4": 13.55, "pct_male_children_0_4": 13.56, "pct_elderly_60plus": 13.55, "pct_female_elderly_60plus": 13.55, "pct_male_elderly_60plus": 13.57, "pct_childcare_facilities": 12.5, "pct_eldercare_facilities": null, "pct_pwd_facilities": null }, "geometry": { "type": "Polygon", "coordinates": [ [ [ 504832.01137914438732, 1625543.794239791342989 ], [ 504789.429226890322752, 1625505.618438763776794 ], [ 504808.189870763046201, 1625458.304845994105563 ], [ 504865.292781518073753, 1625487.670216206461191 ], [ 504886.500807165750302, 1625453.408565462101251 ], [ 504922.394459629023913, 1625474.616543775890023 ], [ 504944.418509815528523, 1625441.169870134908706 ], [ 504837.880529980291612, 1625376.729901155689731 ], [ 504861.209154698997736, 1625328.600174838677049 ], [ 504842.441825558664277, 1625145.873536349274218 ], [ 504500.644648076151498, 1625151.593474256573245 ], [ 504495.092317110102158, 1625174.806658959714696 ], [ 504424.840869702631608, 1625127.433652711566538 ], [ 504368.248952318564989, 1625201.055371258640662 ], [ 504314.768898571957834, 1625201.056925314944237 ], [ 504303.259414820407983, 1625184.810243415180594 ], [ 504249.10226203687489, 1625181.426813753787428 ], [ 504234.20989628782263, 1625203.767268977593631 ], [ 504177.343953892763238, 1625173.305890772724524 ], [ 504026.277033275051508, 1625112.445219336310402 ], [ 503962.742610149492975, 1625065.67401849781163 ], [ 503960.037617463152856, 1625169.250201310263947 ], [ 503929.574665579362772, 1625171.95908924867399 ], [ 503853.755553364928346, 1625205.132325813407078 ], [ 503818.554521315789316, 1625239.658383448142558 ], [ 503772.847240918374155, 1625231.594703524140641 ], [ 503762.205957046593539, 1625256.605037909001112 ], [ 503741.984611981664784, 1625245.430614270502701 ], [ 503685.577699615096208, 1625181.57718912884593 ], [ 503659.502967211301439, 1625191.687956998823211 ], [ 503470.066627367166802, 1625220.960491196252406 ], [ 503456.231381491699722, 1625212.978885193821043 ], [ 503443.811215993890073, 1625207.712240805616602 ], [ 503436.009588013694156, 1625186.373446049401537 ], [ 503437.604971039982047, 1625165.088378271786496 ], [ 503438.027444712817669, 1625146.962347748456523 ], [ 503434.652147089480422, 1625136.837435653433204 ], [ 503434.589958132943138, 1625130.337430920219049 ], [ 503434.411189443315379, 1625103.893409508746117 ], [ 503430.684299067768734, 1625038.974452486960217 ], [ 503122.368145050713792, 1625044.346417106688023 ], [ 503161.17586953373393, 1624861.470105406362563 ], [ 503227.543388442951255, 1624532.923846306279302 ], [ 503247.172181785048451, 1624421.901164221810177 ], [ 503263.416424199705943, 1624326.44859615014866 ], [ 503281.626543522172142, 1624226.69396663364023 ], [ 503298.85355492256349, 1624088.846327356761321 ], [ 503301.312625900609419, 1624022.384189034812152 ], [ 503307.731259996420704, 1623803.108781910734251 ], [ 503347.582960665517021, 1623825.83864675136283 ], [ 503360.92802027479047, 1623861.838295176858082 ], [ 503394.772653618827462, 1623882.462332456605509 ], [ 503414.586755098309368, 1623954.086828745901585 ], [ 503384.931611603940837, 1623984.587721165968105 ], [ 503398.150690313661471, 1623986.8373393046204 ], [ 503406.556909408362117, 1623994.087102319346741 ], [ 503412.900814052438363, 1623990.58691446040757 ], [ 503439.118804133613594, 1623989.336151346797124 ], [ 503458.463223127590027, 1624003.085603056941181 ], [ 503469.901252796233166, 1624003.710271305171773 ], [ 503476.02649505721638, 1624011.835101496893913 ], [ 503488.744696765730623, 1624018.334738462464884 ], [ 503488.08948800113285, 1624045.584784912411124 ], [ 503509.433622023439966, 1624049.459168581524864 ], [ 503530.240252401330508, 1624104.839619687525555 ], [ 503550.548719935119152, 1624120.224045033799484 ], [ 503532.7025961279287, 1624150.994594579795375 ], [ 503527.165073406940792, 1624167.609772203955799 ], [ 503534.531526930688415, 1624182.958573590964079 ], [ 503676.091261835943442, 1624237.759515208657831 ], [ 503686.552773116971366, 1624254.99022854375653 ], [ 503688.596275458112359, 1624272.204186488874257 ], [ 503690.159665648068767, 1624285.579154511215165 ], [ 503709.284997329697944, 1624296.328609573887661 ], [ 503722.78551216883352, 1624313.578234625980258 ], [ 503744.786555013037287, 1624348.70263063814491 ], [ 503763.848646862141322, 1624351.202079233946279 ], [ 503778.248136454727501, 1624333.141642638482153 ], [ 503828.09527597745182, 1624336.217197254998609 ], [ 503846.556544962106273, 1624344.832669456489384 ], [ 503871.173231331515126, 1624367.60097704641521 ], [ 503893.327253588533495, 1624367.600333283189684 ], [ 503909.942628017219249, 1624379.907862836960703 ], [ 503939.482212074333802, 1624398.984023649943992 ], [ 503971.482673413353041, 1624413.752108622109517 ], [ 503995.48300159315113, 1624424.213421731023118 ], [ 504037.945205187541433, 1624429.750193421030417 ], [ 504073.63815322087612, 1624461.13418780034408 ], [ 504093.331548491085414, 1624474.056628539692611 ], [ 504108.100545514083933, 1624473.441198759013787 ], [ 504127.793118178029545, 1624458.05561103974469 ], [ 504148.715888868493494, 1624449.439994382439181 ], [ 504173.446331437444314, 1624463.815290221711621 ], [ 504192.790496227040421, 1624468.814733139937744 ], [ 504217.415302950306796, 1624461.31401003128849 ], [ 504240.28063222655328, 1624437.442321576643735 ], [ 504263.973557736200746, 1624434.056629685685039 ], [ 504290.254923777538352, 1624445.742877745768055 ], [ 504324.717459088715259, 1624462.972893649712205 ], [ 504348.717930300859734, 1624478.357211702968925 ], [ 504372.967319818038959, 1624490.918519688537344 ], [ 504391.245456182048656, 1624494.97999264462851 ], [ 504408.169512536667753, 1624496.333502216730267 ], [ 504417.646285932220053, 1624488.209218659205362 ], [ 504427.488259816193022, 1624486.969931423896924 ], [ 504448.411584917223081, 1624497.431333940476179 ], [ 504483.292724342492875, 1624535.431358573492616 ], [ 504497.644208182173315, 1624551.5839577910956 ], [ 504515.490351345390081, 1624555.891443545697257 ], [ 504528.671561623399612, 1624562.673067332012579 ], [ 504555.072784935182426, 1624569.441306959372014 ], [ 504573.386915581184439, 1624573.30377866467461 ], [ 504584.074849958473351, 1624570.678465452976525 ], [ 504602.105940786132123, 1624573.177944008260965 ], [ 504617.645169302180875, 1624580.503499830840155 ], [ 504628.107412265206221, 1624588.503203860949725 ], [ 504646.887407200643793, 1624587.676657306961715 ], [ 504672.866103289939929, 1624610.732925596414134 ], [ 504637.667550119163934, 1624730.557068963767961 ], [ 504706.040953262650874, 1624742.0630937081296 ], [ 504656.627644878812134, 1624905.213693725178018 ], [ 504807.59075730945915, 1624903.855305585777387 ], [ 504829.933671621780377, 1625003.367756443331018 ], [ 504829.257969467376824, 1625048.047821026295424 ], [ 505939.65212884999346, 1625049.514555929461494 ], [ 506348.382563314284198, 1625050.321679553482682 ], [ 506347.774060704279691, 1625239.506887556985021 ], [ 506110.063875322404783, 1625241.356796978507191 ], [ 506125.602796454913914, 1626235.999346107477322 ], [ 506161.074862139939796, 1626237.034316382370889 ], [ 506159.237411813635845, 1626428.062561968108639 ], [ 506126.683057782764081, 1626417.007496837992221 ], [ 506094.472812175110448, 1626375.261390818515792 ], [ 506080.940518894873094, 1626365.63677436998114 ], [ 506018.575539007666521, 1626368.485589486546814 ], [ 506013.243809080333449, 1626274.734650098951533 ], [ 505540.626354291511234, 1626275.443384485784918 ], [ 505530.903298259479925, 1626239.439630802720785 ], [ 505365.289069256803486, 1626237.293441173853353 ], [ 505344.320829682867043, 1626298.593112157424912 ], [ 505328.724970062728971, 1626235.144501519389451 ], [ 505318.508459740725812, 1626217.937781090615317 ], [ 505344.317204355087597, 1626173.844986757962033 ], [ 505342.558862901758403, 1626162.158026092220098 ], [ 505334.099506550293881, 1626150.186259866924956 ], [ 505317.968193405307829, 1626139.969718349631876 ], [ 505279.252279444597661, 1626109.85981308715418 ], [ 505257.743742067308631, 1626092.115420241141692 ], [ 505191.066956240916625, 1626067.383332900004461 ], [ 505137.127712572342716, 1626060.86489373864606 ], [ 505107.18318429926876, 1626009.312712024431676 ], [ 505008.581241624255199, 1626049.106617308920249 ], [ 504953.794813329528552, 1626036.267196414293721 ], [ 504942.64414402336115, 1626013.619497645180672 ], [ 504942.174645480117761, 1625996.48049404961057 ], [ 505037.277019934204873, 1625868.435601664474234 ], [ 505061.178349269728642, 1625775.709813835099339 ], [ 505021.170912891626358, 1625727.666928056627512 ], [ 505002.023714042734355, 1625721.488478241953999 ], [ 504832.666838755016215, 1625834.869513602927327 ], [ 504677.036134423804469, 1625747.200947814621031 ], [ 504657.773533178900834, 1625727.178487418685108 ], [ 504832.01137914438732, 1625543.794239791342989 ] ] ] } },
{ "type": "Feature", "properties": { "barangay": "Sienna", "district": "DISTRICT 1", "pct_total_population": 56.53, "pct_female_population": 56.52, "pct_male_population": 56.53, "pct_children_0_4": 56.13, "pct_female_children_0_4": 56.0, "pct_male_children_0_4": 56.25, "pct_elderly_60plus": 56.52, "pct_female_elderly_60plus": 56.48, "pct_male_elderly_60plus": 56.58, "pct_childcare_facilities": 100.0, "pct_eldercare_facilities": null, "pct_pwd_facilities": 100.0 }, "geometry": { "type": "Polygon", "coordinates": [ [ [ 500053.497917341126595, 1618329.377837772015482 ], [ 500810.337068338762037, 1618686.907205134164542 ], [ 500795.527974041702691, 1618787.407736547291279 ], [ 500792.684861161280423, 1618818.032849970273674 ], [ 500782.185809569025878, 1618851.033188249915838 ], [ 500766.686535067099612, 1618876.53366428008303 ], [ 500743.500318138045259, 1618904.284365936182439 ], [ 500720.375876120640896, 1618924.285058006644249 ], [ 500684.407729958533309, 1618954.91113398456946 ], [ 500628.482107817369979, 1619004.259808716597036 ], [ 500611.814552450028714, 1619020.135309007717296 ], [ 500599.511197515239473, 1619042.757689285092056 ], [ 500447.904433851945214, 1619021.727073529735208 ], [ 500232.720373162941542, 1618992.674297139281407 ], [ 499968.114123921317514, 1618958.841952048242092 ], [ 500053.497917341126595, 1618329.377837772015482 ] ] ] } },
{ "type": "Feature", "properties": { "barangay": "Sikatuna Village", "district": "DISTRICT 4", "pct_total_population": 5.51, "pct_female_population": 5.51, "pct_male_population": 5.51, "pct_children_0_4": 5.57, "pct_female_children_0_4": 5.31, "pct_male_children_0_4": 5.39, "pct_elderly_60plus": 5.59, "pct_female_elderly_60plus": 5.52, "pct_male_elderly_60plus": 5.7, "pct_childcare_facilities": 0.0, "pct_eldercare_facilities": 0.0, "pct_pwd_facilities": null }, "geometry": { "type": "Polygon", "coordinates": [ [ [ 506092.872523717058357, 1619242.438262559706345 ], [ 506071.838144967681728, 1619230.135861416812986 ], [ 506060.724799371790141, 1619218.626172777963802 ], [ 506055.565194440248888, 1619197.989301950205117 ], [ 506063.498546300630551, 1619072.17894490272738 ], [ 505938.879351959156338, 1619069.801563752582297 ], [ 505940.068392372748349, 1619002.332461346872151 ], [ 505938.889589597994927, 1618940.336433256976306 ], [ 505930.156101086293347, 1618855.008601224049926 ], [ 505921.422808677947614, 1618776.427775972289965 ], [ 505910.308125202020165, 1618718.881041084416211 ], [ 505897.209405028552283, 1618660.143362639239058 ], [ 505919.830885622650385, 1618641.489686535438523 ], [ 505971.424245498492382, 1618617.675163366133347 ], [ 505984.918109062011354, 1618612.51576607208699 ], [ 505997.61665715574054, 1618562.11234638444148 ], [ 506017.856431822816376, 1618519.248715142020956 ], [ 506028.967312710534316, 1618480.354353161994368 ], [ 506500.155864499276504, 1618620.686802293406799 ], [ 506469.60021312959725, 1618736.972807125886902 ], [ 506484.285069851321168, 1618765.94440953922458 ], [ 506489.842490610317327, 1618780.231262421468273 ], [ 506492.621496922103688, 1618814.760216382332146 ], [ 506536.674679502670188, 1618819.520941056311131 ], [ 506483.802571226027794, 1619471.424133017193526 ], [ 506307.98597940208856, 1619457.142227614065632 ], [ 506323.458331984642427, 1619262.275582038098946 ], [ 506132.560725013492629, 1619247.993114865850657 ], [ 506092.872523717058357, 1619242.438262559706345 ] ] ] } },
{ "type": "Feature", "properties": { "barangay": "Silangan", "district": "DISTRICT 3", "pct_total_population": 35.42, "pct_female_population": 35.43, "pct_male_population": 35.45, "pct_children_0_4": 35.41, "pct_female_children_0_4": 35.2, "pct_male_children_0_4": 35.6, "pct_elderly_60plus": 35.54, "pct_female_elderly_60plus": 35.66, "pct_male_elderly_60plus": 35.36, "pct_childcare_facilities": 75.0, "pct_eldercare_facilities": null, "pct_pwd_facilities": null }, "geometry": { "type": "Polygon", "coordinates": [ [ [ 506025.633903856389225, 1617468.492432525381446 ], [ 506371.71536075748736, 1617644.298552740598097 ], [ 506606.410060478956439, 1617763.487852733815089 ], [ 506598.19161892705597, 1617782.988111167680472 ], [ 506595.724390182702336, 1617809.613209629664198 ], [ 506595.318043608334847, 1617832.113244064850733 ], [ 506590.483841200824827, 1617859.727412299951538 ], [ 506580.959200769313611, 1617872.427701841574162 ], [ 506553.178784101037309, 1617893.462530250661075 ], [ 506522.619733766710851, 1617927.1974521742668 ], [ 506473.009382624237332, 1617951.241917949169874 ], [ 506424.853632173442747, 1617961.493327581323683 ], [ 506374.446806760213803, 1617969.244800119660795 ], [ 506311.03958062879974, 1617929.246602410683408 ], [ 506235.163538103399333, 1617895.998773817438632 ], [ 506175.851551168772858, 1617898.500499837566167 ], [ 506123.257037019648124, 1617882.627012193901464 ], [ 506066.443006417131983, 1617849.128629424143583 ], [ 506047.599976570811123, 1617848.754176598973572 ], [ 506031.287196345394477, 1617856.879658797057346 ], [ 506020.006551901635248, 1617869.504999286029488 ], [ 506015.600968915852718, 1617884.005141879664734 ], [ 506017.819334400002845, 1617896.505089994054288 ], [ 506029.852247279428411, 1617927.50477151107043 ], [ 506020.17996436485555, 1617952.514077722094953 ], [ 506003.511328278749716, 1617965.611575256101787 ], [ 505984.858390259149019, 1617968.390120071591809 ], [ 505957.871247853559908, 1617964.421900284709409 ], [ 505917.786022995598614, 1617958.073058713693172 ], [ 505877.070642353908625, 1617946.384230076801032 ], [ 505841.008130298869219, 1617930.010261526331306 ], [ 505817.771942197112367, 1617924.341931034810841 ], [ 505813.406764863582794, 1617918.389051900245249 ], [ 506025.633903856389225, 1617468.492432525381446 ] ] ] } },
{ "type": "Feature", "properties": { "barangay": "Socorro", "district": "DISTRICT 3", "pct_total_population": 3.0, "pct_female_population": 3.0, "pct_male_population": 2.99, "pct_children_0_4": 2.98, "pct_female_children_0_4": 3.03, "pct_male_children_0_4": 2.94, "pct_elderly_60plus": 3.0, "pct_female_elderly_60plus": 3.02, "pct_male_elderly_60plus": 2.99, "pct_childcare_facilities": 0.0, "pct_eldercare_facilities": null, "pct_pwd_facilities": null }, "geometry": { "type": "Polygon", "coordinates": [ [ [ 505792.226662275381386, 1615919.769657684490085 ], [ 506622.788369151239749, 1616121.83072615112178 ], [ 506446.825825298496056, 1616556.54227640805766 ], [ 506193.773389023786876, 1617100.854176992783323 ], [ 506025.766917915549129, 1617468.972429141402245 ], [ 505264.960367391235195, 1617097.828163685277104 ], [ 505515.24035164952511, 1616538.054328106343746 ], [ 505576.909418769355398, 1616400.587397891562432 ], [ 505686.691396361624356, 1616155.14496102463454 ], [ 505792.100661293487065, 1615919.73866132250987 ], [ 505792.104661285469774, 1615919.738661203533411 ], [ 505792.226662275381386, 1615919.769657684490085 ] ] ] } },
{ "type": "Feature", "properties": { "barangay": "South Triangle", "district": "DISTRICT 4", "pct_total_population": 17.15, "pct_female_population": 17.15, "pct_male_population": 17.16, "pct_children_0_4": 17.16, "pct_female_children_0_4": 17.1, "pct_male_children_0_4": 17.22, "pct_elderly_60plus": 17.17, "pct_female_elderly_60plus": 17.1, "pct_male_elderly_60plus": 17.1, "pct_childcare_facilities": 25.0, "pct_eldercare_facilities": 0.0, "pct_pwd_facilities": null }, "geometry": { "type": "Polygon", "coordinates": [ [ [ 502712.091783230309375, 1618783.352040668250993 ], [ 502999.80924387043342, 1618720.424616824369878 ], [ 503206.58111365721561, 1618674.380562089616433 ], [ 503670.922535341465846, 1618569.591963747749105 ], [ 503909.444171788345557, 1618514.418977242428809 ], [ 504346.004865388502367, 1618419.950196529505774 ], [ 504704.456041645724326, 1618344.79370495933108 ], [ 503899.336034604813904, 1619611.193374044494703 ], [ 502649.76721043291036, 1618800.20686866203323 ], [ 502712.091783230309375, 1618783.352040668250993 ] ] ] } },
{ "type": "Feature", "properties": { "barangay": "St. Ignatius", "district": "DISTRICT 3", "pct_total_population": 0.0, "pct_female_population": 0.0, "pct_male_population": 0.0, "pct_children_0_4": 0.0, "pct_female_children_0_4": 0.0, "pct_male_children_0_4": 0.0, "pct_elderly_60plus": 0.0, "pct_female_elderly_60plus": 0.0, "pct_male_elderly_60plus": 0.0, "pct_childcare_facilities": null, "pct_eldercare_facilities": null, "pct_pwd_facilities": null }, "geometry": { "type": "Polygon", "coordinates": [ [ [ 507723.637260603311006, 1616355.308972019236535 ], [ 507531.15187943802448, 1616314.436524245189503 ], [ 507481.542429344553966, 1616335.075986568117514 ], [ 507393.462818063562736, 1616317.088527933694422 ], [ 507462.480046278622467, 1615909.625112751033157 ], [ 507463.823727852199227, 1615898.623062642058358 ], [ 507463.066685747704469, 1615897.201083208667114 ], [ 507578.95458299072925, 1615889.656708111986518 ], [ 507607.529657882638276, 1615891.242879364639521 ], [ 507620.229797442967538, 1615895.608514703577384 ], [ 507642.454900466254912, 1615898.385871667647734 ], [ 508017.130400496185757, 1615902.631988474866375 ], [ 508006.763940390490461, 1615921.570308748632669 ], [ 507983.641242101788521, 1616001.571061084978282 ], [ 507913.026592139736749, 1616360.16547355055809 ], [ 507937.6336975992308, 1616362.942761306650937 ], [ 507906.680922348867171, 1616509.390807983465493 ], [ 507853.906212540343404, 1616521.200353399850428 ], [ 507810.953762237797491, 1616472.782552854623646 ], [ 507723.637260603311006, 1616355.308972019236535 ] ] ] } },
{ "type": "Feature", "properties": { "barangay": "St. Peter", "district": "DISTRICT 1", "pct_total_population": 62.17, "pct_female_population": 62.18, "pct_male_population": 62.18, "pct_children_0_4": 62.38, "pct_female_children_0_4": 62.67, "pct_male_children_0_4": 62.11, "pct_elderly_60plus": 62.16, "pct_female_elderly_60plus": 61.93, "pct_male_elderly_60plus": 62.5, "pct_childcare_facilities": null, "pct_eldercare_facilities": null, "pct_pwd_facilities": null }, "geometry": { "type": "Polygon", "coordinates": [ [ [ 499893.090902796713635, 1618093.551261664368212 ], [ 500114.186098091711756, 1618195.853939985623583 ], [ 500053.497917341126595, 1618329.377837772015482 ], [ 499968.114123921317514, 1618958.841952048242092 ], [ 499521.159911106457002, 1618898.162878615083173 ], [ 499893.090902796713635, 1618093.551261664368212 ] ] ] } },
{ "type": "Feature", "properties": { "barangay": "Sta. Cruz", "district": "DISTRICT 1", "pct_total_population": 39.22, "pct_female_population": 39.22, "pct_male_population": 39.2, "pct_children_0_4": 39.27, "pct_female_children_0_4": 38.78, "pct_male_children_0_4": 38.85, "pct_elderly_60plus": 39.17, "pct_female_elderly_60plus": 39.15, "pct_male_elderly_60plus": 39.19, "pct_childcare_facilities": 50.0, "pct_eldercare_facilities": null, "pct_pwd_facilities": 0.0 }, "geometry": { "type": "Polygon", "coordinates": [ [ [ 501451.179980815795716, 1618076.735969719011337 ], [ 501451.194255099049769, 1618051.762944182846695 ], [ 501455.543601190438494, 1618029.110795020358637 ], [ 501468.243991177296266, 1618007.679404410067946 ], [ 501555.955270638922229, 1618083.082931532757357 ], [ 501601.994504828529898, 1618123.95963483909145 ], [ 501642.079444682807662, 1618154.915501178242266 ], [ 501710.343897250073496, 1618202.538565442198887 ], [ 501866.827304704347625, 1618314.376130809308961 ], [ 502649.76721043291036, 1618800.20686866203323 ], [ 502662.224103216663934, 1618899.317606370197609 ], [ 502643.968223250296433, 1618904.08014164539054 ], [ 502592.374667345662601, 1618921.147658033762127 ], [ 502558.24275991023751, 1618925.514654236380011 ], [ 502533.239988500485197, 1618934.246389557607472 ], [ 502516.571260069671553, 1618944.168883899226785 ], [ 502504.665548005374148, 1618954.488240232225507 ], [ 502497.919002547627315, 1618970.363452239427716 ], [ 502503.079688209749293, 1618993.778325830120593 ], [ 502505.858175426314119, 1619010.447261866182089 ], [ 502497.523801448463928, 1619032.275525996461511 ], [ 502478.474381994979922, 1619052.914100295864046 ], [ 502459.424628104257863, 1619062.042663037311286 ], [ 502439.977677782764658, 1619064.424230529461056 ], [ 502424.499523857375607, 1619059.662675502244383 ], [ 502404.655492336372845, 1619059.266251738648862 ], [ 502370.921077849052381, 1619046.170218820683658 ], [ 502346.315341495443135, 1619056.092943799681962 ], [ 502325.693492126069032, 1619061.988548965891823 ], [ 502296.693423005228397, 1619060.614390278002247 ], [ 502253.843306285096332, 1619058.079632867826149 ], [ 502238.761371806322131, 1619060.858073919313028 ], [ 502218.521213065774646, 1619056.09665727824904 ], [ 502198.67719315685099, 1619056.097233906155452 ], [ 502166.927634121908341, 1619072.370172862429172 ], [ 502143.511610663612373, 1619072.370853284373879 ], [ 502113.349482163379434, 1619068.994726345408708 ], [ 502086.849408308800776, 1619067.370494763366878 ], [ 502052.627046497713309, 1619056.101477865595371 ], [ 502037.147742560424376, 1619046.179917690111324 ], [ 502019.28828634013189, 1619031.09942147647962 ], [ 502010.159573602606542, 1619006.889662394300103 ], [ 502000.482828891079407, 1618981.597918143030256 ], [ 501991.750782109505963, 1618945.879135950934142 ], [ 501969.524514169723261, 1618903.016738686012104 ], [ 501949.67987140052719, 1618881.586293786531314 ], [ 501931.24977152160136, 1618844.374791902024299 ], [ 501915.966709919448476, 1618808.375199789879844 ], [ 501902.247653680853546, 1618772.500562352593988 ], [ 501899.339924197935034, 1618747.500621701823547 ], [ 501901.338654770515859, 1618703.750519615365192 ], [ 501908.000367375148926, 1618624.808246642351151 ], [ 501897.283676232618745, 1618601.393534498289227 ], [ 501878.630230685754213, 1618586.709061756031588 ], [ 501837.355062342248857, 1618582.345256751170382 ], [ 501785.364067785267252, 1618584.330769505351782 ], [ 501746.469613575201947, 1618570.044885341776535 ], [ 501730.198378022527322, 1618562.504350568400696 ], [ 501723.053897961275652, 1618546.23254180746153 ], [ 501718.290385796513874, 1618528.770662660012022 ], [ 501721.067108309420291, 1618484.716537663713098 ], [ 501721.860071145521943, 1618448.997478697448969 ], [ 501719.874904224416241, 1618408.913496064953506 ], [ 501716.302485390973743, 1618394.625585502944887 ], [ 501703.602138228423428, 1618383.116942976601422 ], [ 501682.170897490694188, 1618375.576558135217056 ], [ 501639.705189399130177, 1618387.087803689064458 ], [ 501597.239250448881648, 1618390.66104126162827 ], [ 501570.251911936386023, 1618379.945814695442095 ], [ 501537.310175385733601, 1618355.737747570034117 ], [ 501492.461838573799469, 1618311.289006073027849 ], [ 501507.144400077115279, 1618261.281529116909951 ], [ 501518.637473834794946, 1618229.01116269105114 ], [ 501518.917591453238856, 1618198.636124002514407 ], [ 501508.332506429869682, 1618161.665394403040409 ], [ 501490.075600002077408, 1618131.106894171563908 ], [ 501460.30877427913947, 1618103.723731596954167 ], [ 501451.179980815795716, 1618076.735969719011337 ] ] ] } },
{ "type": "Feature", "properties": { "barangay": "Sta. Lucia", "district": "DISTRICT 5", "pct_total_population": 35.22, "pct_female_population": 35.22, "pct_male_population": 35.22, "pct_children_0_4": 35.19, "pct_female_children_0_4": 35.18, "pct_male_children_0_4": 35.2, "pct_elderly_60plus": 35.21, "pct_female_elderly_60plus": 35.2, "pct_male_elderly_60plus": 35.22, "pct_childcare_facilities": 42.86, "pct_eldercare_facilities": null, "pct_pwd_facilities": null }, "geometry": { "type": "Polygon", "coordinates": [ [ [ 506011.315837600734085, 1626379.013811039039865 ], [ 505979.82474235619884, 1626411.233758546877652 ], [ 505951.81316999840783, 1626426.920588311972097 ], [ 505928.283960439497605, 1626454.933300230186433 ], [ 505917.006819659844041, 1626484.891658067237586 ], [ 505895.413564536545891, 1626511.26731207408011 ], [ 505867.267109732958488, 1626531.003149838885292 ], [ 505849.8548541769851, 1626591.632716816617176 ], [ 505835.289881536737084, 1626627.488176130922511 ], [ 505814.289142486988567, 1626671.603830777574331 ], [ 505798.068767231889069, 1626693.664324316196144 ], [ 505773.414383521710988, 1626715.725062938407063 ], [ 505754.598666380392388, 1626726.106620140140876 ], [ 505729.294772904191632, 1626730.649360006907955 ], [ 505693.388667775958311, 1626728.273401005426422 ], [ 505663.220620643289294, 1626727.697277071187273 ], [ 505623.950892230961472, 1626738.400428968248889 ], [ 505611.208031322981697, 1626743.628804525593296 ], [ 505532.09676297113765, 1626771.544131486676633 ], [ 505514.533877011272125, 1626776.073646399658173 ], [ 505500.260070040647406, 1626783.211068365257233 ], [ 505491.825589490763377, 1626801.378331734798849 ], [ 505485.987149275606498, 1626820.843520976603031 ], [ 505480.504510388709605, 1626833.458692992804572 ], [ 505474.948827788059134, 1626844.570865618065 ], [ 505464.576806605153251, 1626844.201166639570147 ], [ 505459.385556291963439, 1626835.767309005837888 ], [ 505447.05826103372965, 1626826.034657430136576 ], [ 505430.837225813127588, 1626825.386128134094179 ], [ 505404.235783628129866, 1626845.500921380706131 ], [ 505375.68843376863515, 1626868.85977443610318 ], [ 505365.30783815839095, 1626883.134090438717976 ], [ 505360.766361569229048, 1626901.301240690052509 ], [ 505351.033879716647789, 1626919.468541782582179 ], [ 505332.867276252480224, 1626933.743084048619494 ], [ 505316.647373137064278, 1626937.636559293139726 ], [ 505296.533315253735054, 1626936.340142483590171 ], [ 505263.17499677737942, 1626926.536101964535192 ], [ 505221.917750016378704, 1626919.472293741302565 ], [ 505178.446857181261294, 1626924.664562171325088 ], [ 505145.924461178306956, 1626912.164494654396549 ], [ 505097.991475214716047, 1626879.897855064831674 ], [ 505060.358456942543853, 1626846.159914685413241 ], [ 505034.57045014842879, 1626846.818664718652144 ], [ 505014.292164880025666, 1626872.114279425702989 ], [ 504992.232425481604878, 1626881.846930249826983 ], [ 504974.643370263453107, 1626880.554440069012344 ], [ 504898.152462967205793, 1626886.391668662894517 ], [ 504810.069535791524686, 1626891.94823383865878 ], [ 504813.804774759279098, 1626865.632098813308403 ], [ 504835.215400374669116, 1626852.005462933331728 ], [ 504865.710148125304841, 1626842.272567008621991 ], [ 504894.258856270927936, 1626831.241726314648986 ], [ 504902.043298496457282, 1626811.776480522705242 ], [ 504879.334295122302137, 1626778.038106474792585 ], [ 504882.939807530259714, 1626657.903880833880976 ], [ 504898.145852345449384, 1626658.917439975542948 ], [ 504955.923071841651108, 1626354.77845503250137 ], [ 504763.258831542392727, 1626284.360982758691534 ], [ 504764.098539453349076, 1626274.278948208317161 ], [ 504953.134605214057956, 1626201.178381517762318 ], [ 504984.218219253350981, 1626118.000394575996324 ], [ 505008.581241624255199, 1626049.106617308920249 ], [ 505107.18318429926876, 1626009.312712024431676 ], [ 505137.127712572342716, 1626060.86489373864606 ], [ 505191.066956240916625, 1626067.383332900004461 ], [ 505257.743742067308631, 1626092.115420241141692 ], [ 505279.252279444597661, 1626109.85981308715418 ], [ 505317.968193405307829, 1626139.969718349631876 ], [ 505334.099506550293881, 1626150.186259866924956 ], [ 505342.558862901758403, 1626162.158026092220098 ], [ 505344.317204355087597, 1626173.844986757962033 ], [ 505318.508459740725812, 1626217.937781090615317 ], [ 505328.724970062728971, 1626235.144501519389451 ], [ 505344.320829682867043, 1626298.593112157424912 ], [ 505365.289069256803486, 1626237.293441173853353 ], [ 505530.903298259479925, 1626239.439630802720785 ], [ 505540.626354291511234, 1626275.443384485784918 ], [ 506013.243809080333449, 1626274.734650098951533 ], [ 506018.575539007666521, 1626368.485589486546814 ], [ 506011.315837600734085, 1626379.013811039039865 ] ] ] } },
{ "type": "Feature", "properties": { "barangay": "Sta. Monica", "district": "DISTRICT 5", "pct_total_population": 35.68, "pct_female_population": 35.68, "pct_male_population": 35.68, "pct_children_0_4": 35.67, "pct_female_children_0_4": 35.65, "pct_male_children_0_4": 35.67, "pct_elderly_60plus": 35.67, "pct_female_elderly_60plus": 35.69, "pct_male_elderly_60plus": 35.7, "pct_childcare_facilities": 11.11, "pct_eldercare_facilities": null, "pct_pwd_facilities": 0.0 }, "geometry": { "type": "Polygon", "coordinates": [ [ [ 504898.152462967205793, 1626886.391668662894517 ], [ 504974.643370263453107, 1626880.554440069012344 ], [ 504992.232425481604878, 1626881.846930249826983 ], [ 505014.292164880025666, 1626872.114279425702989 ], [ 505034.57045014842879, 1626846.818664718652144 ], [ 505060.358456942543853, 1626846.159914685413241 ], [ 505097.991475214716047, 1626879.897855064831674 ], [ 505145.924461178306956, 1626912.164494654396549 ], [ 505178.446857181261294, 1626924.664562171325088 ], [ 505221.917750016378704, 1626919.472293741302565 ], [ 505263.17499677737942, 1626926.536101964535192 ], [ 505296.533315253735054, 1626936.340142483590171 ], [ 505316.647373137064278, 1626937.636559293139726 ], [ 505332.867276252480224, 1626933.743084048619494 ], [ 505351.033879716647789, 1626919.468541782582179 ], [ 505360.766361569229048, 1626901.301240690052509 ], [ 505365.30783815839095, 1626883.134090438717976 ], [ 505375.68843376863515, 1626868.85977443610318 ], [ 505404.235783628129866, 1626845.500921380706131 ], [ 505430.837225813127588, 1626825.386128134094179 ], [ 505447.05826103372965, 1626826.034657430136576 ], [ 505459.385556291963439, 1626835.767309005837888 ], [ 505464.576806605153251, 1626844.201166639570147 ], [ 505474.948827788059134, 1626844.570865618065 ], [ 505480.504510388709605, 1626833.458692992804572 ], [ 505485.987149275606498, 1626820.843520976603031 ], [ 505491.825589490763377, 1626801.378331734798849 ], [ 505500.260070040647406, 1626783.211068365257233 ], [ 505514.533877011272125, 1626776.073646399658173 ], [ 505532.09676297113765, 1626771.544131486676633 ], [ 505611.208031322981697, 1626743.628804525593296 ], [ 505608.970014019345399, 1627121.621249881805852 ], [ 505607.978414980636444, 1627238.683396476320922 ], [ 505471.076277317595668, 1627238.68737469566986 ], [ 505474.32714410230983, 1627474.859517857199535 ], [ 505110.335834804747719, 1627476.817096965154633 ], [ 505101.269766340730712, 1627784.466669983463362 ], [ 505108.823910808889195, 1628236.507905337726697 ], [ 505350.521153716777917, 1628236.500881899846718 ], [ 505207.660369637713302, 1628730.616530471947044 ], [ 504715.929933034873102, 1628732.614821590017527 ], [ 504641.316831549629569, 1628697.2949542067945 ], [ 504622.663939623860642, 1628701.661500630201772 ], [ 504591.309273757098708, 1628679.834389791125432 ], [ 504591.308812425704673, 1628663.959373826859519 ], [ 504604.00966373475967, 1628658.401999170426279 ], [ 504589.721141825895756, 1628640.940396799938753 ], [ 504603.215190037502907, 1628642.130005881655961 ], [ 504575.432377846504096, 1628615.143786058528349 ], [ 504521.853943335707299, 1628602.048329801065847 ], [ 504516.695111146487761, 1628608.001485710265115 ], [ 504478.198037871101405, 1628606.812603192403913 ], [ 504475.420888550695963, 1628636.180713435867801 ], [ 504478.993353457830381, 1628652.055625607492402 ], [ 504485.74046404735418, 1628655.627433136571199 ], [ 504493.2804601584794, 1628655.230213628849015 ], [ 504496.852798235951923, 1628666.740121411159635 ], [ 504492.885305162402801, 1628718.73128901515156 ], [ 504506.776572847098578, 1628727.46189414197579 ], [ 504515.508711873902939, 1628766.355679533444345 ], [ 504493.284739080292638, 1628802.471361680421978 ], [ 504494.080089411465451, 1628848.906385298585519 ], [ 504478.602073814836331, 1628848.906835072673857 ], [ 504467.092731193464715, 1628871.926192679675296 ], [ 504361.524409376608673, 1628898.91628752858378 ], [ 504346.047258840117138, 1628928.68276723404415 ], [ 504318.661997179035097, 1628886.217520278645679 ], [ 504315.487559205794241, 1628905.664632095722482 ], [ 504304.771582980814856, 1628906.855944690993056 ], [ 504288.102012604125775, 1628887.806409917538986 ], [ 504282.546203132485971, 1628894.553578151855618 ], [ 504267.067737773933914, 1628879.075012355111539 ], [ 504260.716947116015945, 1628852.088169740280136 ], [ 504259.921631411474664, 1628806.844147326890379 ], [ 504266.541190533840563, 1628791.441939464304596 ], [ 504259.523881315020844, 1628781.047132919775322 ], [ 504257.539429561700672, 1628765.569175014737993 ], [ 504235.313968968694098, 1628750.488805680070072 ], [ 504225.391866667196155, 1628747.314090809319168 ], [ 504213.882497575483285, 1628735.010412876028568 ], [ 504200.388691550237127, 1628742.154812174383551 ], [ 504160.303178413538262, 1628725.883960640989244 ], [ 504132.776626540406141, 1628742.257777007762343 ], [ 504072.052812429959886, 1628681.934480860829353 ], [ 504080.131398972007446, 1628633.017196877859533 ], [ 504121.190810739703011, 1628576.945947313448414 ], [ 504126.814599530538544, 1628535.070741756819189 ], [ 504140.125929937057663, 1628511.570331295020878 ], [ 504153.37549280456733, 1628496.069930686615407 ], [ 504158.625341908540577, 1628490.694772719405591 ], [ 504169.312898493430112, 1628475.069446435198188 ], [ 504172.124218427750748, 1628451.569341083988547 ], [ 504164.342905482451897, 1628441.06955663789995 ], [ 504180.311162321246229, 1628414.944066332653165 ], [ 504185.716564673755784, 1628394.193888371810317 ], [ 504180.654094615369104, 1628378.194019378628582 ], [ 504170.340630236838479, 1628362.569303351920098 ], [ 504167.684627499605995, 1628362.569380530156195 ], [ 504170.434245225507766, 1628349.31928729894571 ], [ 504173.09009890910238, 1628344.194204963743687 ], [ 504180.965110473451205, 1628344.318976253736764 ], [ 504183.870045393297914, 1628307.568854860961437 ], [ 504189.24482556147268, 1628299.818690873449668 ], [ 504207.744237553095445, 1628278.943132303189486 ], [ 504205.80502698069904, 1628202.943112174747512 ], [ 504213.804577282688115, 1628187.19286386645399 ], [ 504211.73990423703799, 1628129.692865999415517 ], [ 504222.302533374691848, 1628116.567545855185017 ], [ 504212.019985383551102, 1628098.067826042184606 ], [ 504227.957169559784234, 1628069.442334122955799 ], [ 504228.08179549779743, 1628056.567317539127544 ], [ 504246.675055011874065, 1628030.441750957863405 ], [ 504239.174055752111599, 1627996.316934584174305 ], [ 504260.827719959721435, 1627915.19122372334823 ], [ 504279.2432267445256, 1627897.582670874893665 ], [ 504297.076739220123272, 1627880.190135145792738 ], [ 504327.826109017652925, 1627857.439218715764582 ], [ 504375.075055808119942, 1627819.562807607464492 ], [ 504397.543624292593449, 1627803.937138982117176 ], [ 504428.074731224041898, 1627806.561254419153556 ], [ 504454.324968342145439, 1627813.810498919570819 ], [ 504477.294394577620551, 1627827.684845424257219 ], [ 504488.794707669469062, 1627838.059521671617404 ], [ 504513.513925096311141, 1627844.683810031739995 ], [ 504538.544474370428361, 1627828.308066195808351 ], [ 504557.979154482367449, 1627747.807420448632911 ], [ 504573.697036924306303, 1627708.806924459990114 ], [ 504584.633212321205065, 1627680.056577738607302 ], [ 504587.664140132546891, 1627643.056452430319041 ], [ 504607.568525454087649, 1627586.805817438056692 ], [ 504642.411656006996054, 1627555.679773611715063 ], [ 504638.973180280590896, 1627539.42985718511045 ], [ 504623.129815619322471, 1627527.430305498186499 ], [ 504589.472342213150114, 1627512.30626832251437 ], [ 504555.847028752672486, 1627502.682235742686316 ], [ 504524.440434071468189, 1627483.308128888951614 ], [ 504503.22085699060699, 1627464.183726255316287 ], [ 504482.626971699355636, 1627434.434294753009453 ], [ 504486.375714903115295, 1627391.059142176993191 ], [ 504498.905107365048025, 1627335.308721990790218 ], [ 504519.24729329085676, 1627272.183067343663424 ], [ 504507.62149333988782, 1627245.058377884328365 ], [ 504490.057393135270104, 1627207.808850799454376 ], [ 504485.087806933675893, 1627187.808975076302886 ], [ 504508.86844681884395, 1627140.18323612655513 ], [ 504528.742703922267538, 1627113.932632187381387 ], [ 504563.023596686194651, 1627109.056631128303707 ], [ 504592.118127329042181, 1627126.305803030263633 ], [ 504632.962007502734195, 1627155.179645215859637 ], [ 504678.431946750439238, 1627185.928354854229838 ], [ 504706.776483847701456, 1627203.427548807347193 ], [ 504751.526637823262718, 1627207.176252195844427 ], [ 504782.495487271109596, 1627200.925345996627584 ], [ 504814.151068633364048, 1627185.424410529667512 ], [ 504833.556561423058156, 1627167.298828386003152 ], [ 504850.836579866416287, 1627132.923291659913957 ], [ 504866.743265258555766, 1627121.547817986225709 ], [ 504900.833455638377927, 1627092.509798148181289 ], [ 504920.99997806554893, 1627040.967160277068615 ], [ 504899.709882171009667, 1627003.992741735652089 ], [ 504873.939237532031257, 1626982.704469175310805 ], [ 504814.552582311735023, 1626927.803139639552683 ], [ 504808.948860321310349, 1626903.153277677251026 ], [ 504810.069535791524686, 1626891.94823383865878 ], [ 504898.152462967205793, 1626886.391668662894517 ] ] ] } },
{ "type": "Feature", "properties": { "barangay": "Sta. Teresita", "district": "DISTRICT 1", "pct_total_population": 11.97, "pct_female_population": 11.98, "pct_male_population": 11.98, "pct_children_0_4": 11.95, "pct_female_children_0_4": 11.9, "pct_male_children_0_4": 11.99, "pct_elderly_60plus": 12.01, "pct_female_elderly_60plus": 12.03, "pct_male_elderly_60plus": 11.99, "pct_childcare_facilities": 0.0, "pct_eldercare_facilities": null, "pct_pwd_facilities": 100.0 }, "geometry": { "type": "Polygon", "coordinates": [ [ [ 500248.46370498574106, 1616870.058704593917355 ], [ 500247.121789297380019, 1616873.005746556213126 ], [ 500001.518218112760223, 1617412.42942586587742 ], [ 499758.858770451624878, 1617302.186366167617962 ], [ 499452.918319159885868, 1617021.950974289560691 ], [ 499969.533986786089372, 1616614.115552300587296 ], [ 500044.884973741485737, 1616679.883428897010162 ], [ 500248.46370498574106, 1616870.058704593917355 ] ] ] } },
{ "type": "Feature", "properties": { "barangay": "Sto. Cristo", "district": "DISTRICT 1", "pct_total_population": 22.18, "pct_female_population": 22.18, "pct_male_population": 22.18, "pct_children_0_4": 22.17, "pct_female_children_0_4": 22.15, "pct_male_children_0_4": 22.19, "pct_elderly_60plus": 22.19, "pct_female_elderly_60plus": 22.18, "pct_male_elderly_60plus": 22.21, "pct_childcare_facilities": 14.29, "pct_eldercare_facilities": 100.0, "pct_pwd_facilities": 0.0 }, "geometry": { "type": "Polygon", "coordinates": [ [ [ 502820.374843068944756, 1621534.524661486269906 ], [ 502826.359651557228062, 1621527.726480745943263 ], [ 502831.486473600380123, 1621521.427325425902382 ], [ 502835.455293035192881, 1621515.077203713124618 ], [ 502834.26373821485322, 1621496.027219170937315 ], [ 502821.512675171426963, 1621425.476518724812195 ], [ 502773.936936057987623, 1621436.100911889458075 ], [ 502669.624292680178769, 1620970.230474405921996 ], [ 502982.821518251730595, 1620898.333301090635359 ], [ 503103.059789849445224, 1620869.108777770539746 ], [ 503452.088989584241062, 1620795.082561094779521 ], [ 503555.381681136263069, 1621262.643029898405075 ], [ 503197.401662705931813, 1621343.219513270771131 ], [ 503296.398904833535198, 1621795.463091498007998 ], [ 503337.517049575806595, 1621971.074073322350159 ], [ 503316.622433171374723, 1621950.587659878423437 ], [ 503312.027963610249572, 1621934.587777292355895 ], [ 503290.05810608289903, 1621905.838386780349538 ], [ 503272.994839315419085, 1621862.838839360047132 ], [ 503251.11870932020247, 1621824.714436689624563 ], [ 503240.180048093025107, 1621802.339732041815296 ], [ 503218.17937582556624, 1621779.965348837664351 ], [ 503200.866937013575807, 1621765.465837322873995 ], [ 503179.157996777328663, 1621768.274470975855365 ], [ 503155.34496136958478, 1621767.878162542358041 ], [ 503132.722719517420046, 1621760.33881232701242 ], [ 503113.275388520676643, 1621749.623366661602631 ], [ 503103.353251684107818, 1621745.257650590734556 ], [ 503090.256030969903804, 1621738.115023990394548 ], [ 503077.365719485969748, 1621727.844388227211311 ], [ 503050.171090979943983, 1621707.159157645888627 ], [ 503029.929632387298625, 1621692.078730663051829 ], [ 503004.529168661450967, 1621676.998453586129472 ], [ 502951.744931031484157, 1621670.649981023510918 ], [ 502921.185004106373526, 1621674.222872646525502 ], [ 502905.707080853055231, 1621677.398325594607741 ], [ 502891.420297144330107, 1621685.335748728830367 ], [ 502872.76676287461305, 1621702.005307540064678 ], [ 502857.289093305997085, 1621713.911769275087863 ], [ 502837.70942057314096, 1621725.851350238546729 ], [ 502816.411813385202549, 1621740.106983458157629 ], [ 502800.139981607208028, 1621746.457462679594755 ], [ 502782.281044433184434, 1621749.235984421567991 ], [ 502761.642769914120436, 1621740.505575356306508 ], [ 502747.240355144138448, 1621726.728980009676889 ], [ 502718.779585092270281, 1621701.215781359700486 ], [ 502698.537849617307074, 1621676.610344806220382 ], [ 502820.374843068944756, 1621534.524661486269906 ] ] ] } },
{ "type": "Feature", "properties": { "barangay": "Sto. Domingo (Matalahib)", "district": "DISTRICT 1", "pct_total_population": 79.9, "pct_female_population": 79.91, "pct_male_population": 79.9, "pct_children_0_4": 79.89, "pct_female_children_0_4": 79.91, "pct_male_children_0_4": 79.87, "pct_elderly_60plus": 79.88, "pct_female_elderly_60plus": 79.87, "pct_male_elderly_60plus": 79.91, "pct_childcare_facilities": 100.0, "pct_eldercare_facilities": null, "pct_pwd_facilities": 33.33 }, "geometry": { "type": "Polygon", "coordinates": [ [ [ 500114.186098091711756, 1618195.853939985623583 ], [ 500320.84133238682989, 1617749.42048593563959 ], [ 500726.712079759221524, 1617313.752253929851577 ], [ 501468.243991177296266, 1618007.679404410067946 ], [ 501455.543601190438494, 1618029.110795020358637 ], [ 501451.194255099049769, 1618051.762944182846695 ], [ 501451.179980815795716, 1618076.735969719011337 ], [ 501460.30877427913947, 1618103.723731596954167 ], [ 501423.795968294492923, 1618111.661800571717322 ], [ 501359.106203123985324, 1618121.982690718956292 ], [ 501330.9272670589271, 1618125.158512740395963 ], [ 501248.375892396550626, 1618080.710866819834337 ], [ 501130.104985956742894, 1618019.198241670848802 ], [ 501058.695044989523012, 1618092.524390455568209 ], [ 501000.29025407374138, 1618136.151131472317502 ], [ 500938.979950593260583, 1618196.65297388820909 ], [ 500902.762022183334921, 1618234.779064658097923 ], [ 500877.544119319820311, 1618273.404836298897862 ], [ 500857.920051353052258, 1618306.155439472524449 ], [ 500846.639919054403435, 1618336.405797681305557 ], [ 500840.859716031642165, 1618364.030993430642411 ], [ 500810.337068338762037, 1618686.907205134164542 ], [ 500053.497917341126595, 1618329.377837772015482 ], [ 500114.186098091711756, 1618195.853939985623583 ] ] ] } },
{ "type": "Feature", "properties": { "barangay": "Sto. Niño", "district": "DISTRICT 4", "pct_total_population": 0.0, "pct_female_population": 0.0, "pct_male_population": 0.0, "pct_children_0_4": 0.0, "pct_female_children_0_4": 0.0, "pct_male_children_0_4": 0.0, "pct_elderly_60plus": 0.0, "pct_female_elderly_60plus": 0.0, "pct_male_elderly_60plus": 0.0, "pct_childcare_facilities": 0.0, "pct_eldercare_facilities": null, "pct_pwd_facilities": null }, "geometry": { "type": "Polygon", "coordinates": [ [ [ 501340.3264513296308, 1615687.985788420075551 ], [ 501338.740026351588313, 1615707.829854485346004 ], [ 501326.437879094853997, 1615737.596241887426004 ], [ 501299.785168505390175, 1615782.890061913989484 ], [ 501289.135039675282314, 1615882.059471126180142 ], [ 501271.88346941024065, 1615966.266057099215686 ], [ 501161.353851828200277, 1616327.358632022514939 ], [ 501015.644793209561612, 1616295.972834474407136 ], [ 500940.689142338233069, 1616276.167992611415684 ], [ 500914.099000225891359, 1616272.199761275434867 ], [ 500901.00184872339014, 1616267.438137071439996 ], [ 500888.69881322782021, 1616266.644493770552799 ], [ 500842.263639750191942, 1616262.279838687274605 ], [ 500908.540103211707901, 1616207.112857343861833 ], [ 501032.363413432671223, 1616110.271161903161556 ], [ 500867.506262804090511, 1615904.323745186673477 ], [ 500867.364257534849457, 1615904.145749136805534 ], [ 501369.643228285713121, 1615507.241754774004221 ], [ 501369.447237698943354, 1615507.570760796079412 ], [ 501340.3264513296308, 1615687.985788420075551 ] ] ] } },
{ "type": "Feature", "properties": { "barangay": "Tagumpay", "district": "DISTRICT 3", "pct_total_population": 49.96, "pct_female_population": 49.96, "pct_male_population": 49.96, "pct_children_0_4": 49.71, "pct_female_children_0_4": 50.0, "pct_male_children_0_4": 50.0, "pct_elderly_60plus": 50.0, "pct_female_elderly_60plus": 50.0, "pct_male_elderly_60plus": 50.59, "pct_childcare_facilities": null, "pct_eldercare_facilities": null, "pct_pwd_facilities": null }, "geometry": { "type": "Polygon", "coordinates": [ [ [ 506692.015485493233427, 1616949.296546504832804 ], [ 506769.803520845482126, 1616982.234319224953651 ], [ 506821.001241277670488, 1617005.251854646252468 ], [ 506884.106031232746318, 1617030.253046066965908 ], [ 506915.595090226444881, 1617031.196131987497211 ], [ 506958.062470782373566, 1617077.232944248244166 ], [ 506945.759769835276529, 1617087.948312515160069 ], [ 506921.296648015675601, 1617084.603020020062104 ], [ 506907.919704505999107, 1617087.006411144509912 ], [ 506902.760791572567541, 1617090.181564242346212 ], [ 506871.012570421036799, 1617152.491549444850534 ], [ 506863.074770048260689, 1617159.635787298670039 ], [ 506826.563298532215413, 1617179.083867809269577 ], [ 506811.145842544268817, 1617198.339335179422051 ], [ 506800.370010395185091, 1617204.484654490137473 ], [ 506781.718087335582823, 1617242.188234387664124 ], [ 506780.924294135009404, 1617249.332264646887779 ], [ 506776.558520376041997, 1617257.269399487413466 ], [ 506774.971830239112023, 1617267.985456366557628 ], [ 506779.733892633812502, 1617269.969319988973439 ], [ 506778.147087108402047, 1617276.716372874099761 ], [ 506769.019597012724262, 1617294.576656068442389 ], [ 506763.46263747633202, 1617296.163819139823318 ], [ 506759.49464504502248, 1617296.560934846056625 ], [ 506758.700817293429282, 1617302.513963891426101 ], [ 506759.891441286192276, 1617323.944950845325366 ], [ 506750.366835371241905, 1617337.836241580313072 ], [ 506750.763997211353853, 1617343.392235631588846 ], [ 506718.618821906275116, 1617407.290233965031803 ], [ 506675.360551218385808, 1617433.882517717313021 ], [ 506654.839038448117208, 1617451.361131622456014 ], [ 506655.913485480705276, 1617432.295081230811775 ], [ 506620.98797760088928, 1617416.025079746264964 ], [ 506608.286730699241161, 1617373.559406124288216 ], [ 506558.277673621370923, 1617304.503789868671447 ], [ 506539.624043694522697, 1617283.470310760196298 ], [ 506692.015485493233427, 1616949.296546504832804 ] ] ] } },
{ "type": "Feature", "properties": { "barangay": "Talayan", "district": "DISTRICT 1", "pct_total_population": 90.1, "pct_female_population": 90.13, "pct_male_population": 90.11, "pct_children_0_4": 90.21, "pct_female_children_0_4": 90.18, "pct_male_children_0_4": 90.23, "pct_elderly_60plus": 90.02, "pct_female_elderly_60plus": 89.83, "pct_male_elderly_60plus": 90.3, "pct_childcare_facilities": 100.0, "pct_eldercare_facilities": null, "pct_pwd_facilities": null }, "geometry": { "type": "Polygon", "coordinates": [ [ [ 501459.124427811126225, 1618332.720996343996376 ], [ 501415.072110197506845, 1618357.725301570724696 ], [ 501367.050765511812642, 1618381.935721333371475 ], [ 501352.367166000884026, 1618396.224162382539362 ], [ 501337.36190769658424, 1618422.266624606447294 ], [ 501345.621612358605489, 1618446.230408699950203 ], [ 501369.831501655979082, 1618475.995735138654709 ], [ 501380.54816984385252, 1618498.617446490097791 ], [ 501382.5328062074841, 1618520.44541077897884 ], [ 501379.755380075774156, 1618540.289511442417279 ], [ 501353.563210610416718, 1618604.187336803646758 ], [ 501328.16409624600783, 1618635.541106399148703 ], [ 501282.524673239735421, 1618656.973454150138423 ], [ 501222.056125926901586, 1618674.645229022484273 ], [ 501177.775484732468612, 1618688.521529695251957 ], [ 501155.129817274515517, 1618735.162234647665173 ], [ 501121.396305839181878, 1618787.551267574774101 ], [ 501093.616604302253108, 1618833.192120717838407 ], [ 501098.776497512008063, 1618863.752001513028517 ], [ 501129.337485484953504, 1618896.691146598663181 ], [ 501154.830428766377736, 1618928.266437584999949 ], [ 501160.340374833787791, 1618960.632310040527955 ], [ 501165.850320919009391, 1618992.998182478826493 ], [ 501167.044133327552117, 1619020.913175871130079 ], [ 501170.616632838733494, 1619037.97808923269622 ], [ 501181.33207042660797, 1619052.662792626768351 ], [ 501198.398398946272209, 1619063.377307493705302 ], [ 501211.098815375356935, 1619077.267952406778932 ], [ 501223.402554340253118, 1619102.27062003640458 ], [ 501221.419301965099294, 1619128.06770361890085 ], [ 500599.511197515239473, 1619042.757689285092056 ], [ 500611.814552450028714, 1619020.135309007717296 ], [ 500628.482107817369979, 1619004.259808716597036 ], [ 500684.407729958533309, 1618954.91113398456946 ], [ 500720.375876120640896, 1618924.285058006644249 ], [ 500743.500318138045259, 1618904.284365936182439 ], [ 500766.686535067099612, 1618876.53366428008303 ], [ 500782.185809569025878, 1618851.033188249915838 ], [ 500792.684861161280423, 1618818.032849970273674 ], [ 500795.527974041702691, 1618787.407736547291279 ], [ 500810.337068338762037, 1618686.907205134164542 ], [ 500840.859716031642165, 1618364.030993430642411 ], [ 500846.639919054403435, 1618336.405797681305557 ], [ 500857.920051353052258, 1618306.155439472524449 ], [ 500877.544119319820311, 1618273.404836298897862 ], [ 500902.762022183334921, 1618234.779064658097923 ], [ 500938.979950593260583, 1618196.65297388820909 ], [ 501000.29025407374138, 1618136.151131472317502 ], [ 501058.695044989523012, 1618092.524390455568209 ], [ 501130.104985956742894, 1618019.198241670848802 ], [ 501248.375892396550626, 1618080.710866819834337 ], [ 501330.9272670589271, 1618125.158512740395963 ], [ 501359.106203123985324, 1618121.982690718956292 ], [ 501423.795968294492923, 1618111.661800571717322 ], [ 501460.30877427913947, 1618103.723731596954167 ], [ 501490.075600002077408, 1618131.106894171563908 ], [ 501508.332506429869682, 1618161.665394403040409 ], [ 501518.917591453238856, 1618198.636124002514407 ], [ 501518.637473834794946, 1618229.01116269105114 ], [ 501507.144400077115279, 1618261.281529116909951 ], [ 501492.461838573799469, 1618311.289006073027849 ], [ 501459.124427811126225, 1618332.720996343996376 ] ] ] } },
{ "type": "Feature", "properties": { "barangay": "Talipapa", "district": "DISTRICT 6", "pct_total_population": 17.81, "pct_female_population": 17.82, "pct_male_population": 17.8, "pct_children_0_4": 17.85, "pct_female_children_0_4": 17.85, "pct_male_children_0_4": 17.85, "pct_elderly_60plus": 17.86, "pct_female_elderly_60plus": 17.86, "pct_male_elderly_60plus": 17.87, "pct_childcare_facilities": 20.0, "pct_eldercare_facilities": null, "pct_pwd_facilities": null }, "geometry": { "type": "Polygon", "coordinates": [ [ [ 503298.853554921282921, 1624088.847327352734283 ], [ 503281.626543522172142, 1624226.69396663364023 ], [ 503263.416424199705943, 1624326.44859615014866 ], [ 503247.172181785048451, 1624421.901164221810177 ], [ 503227.543388442951255, 1624532.923846306279302 ], [ 503161.17586953373393, 1624861.470105406362563 ], [ 503122.368145050713792, 1625044.346417106688023 ], [ 502125.232113402395044, 1625043.358391393674538 ], [ 502124.622112743090838, 1625043.358409115578979 ], [ 502129.035745130444411, 1625030.556267977925017 ], [ 502293.107862890406977, 1624478.358944689156488 ], [ 501507.725778709514998, 1623642.380925518926233 ], [ 501593.638632923073601, 1623634.3894209980499 ], [ 501639.289652189938352, 1623633.473093533888459 ], [ 501738.867130682687275, 1623612.079178438754752 ], [ 501903.949074026953895, 1623570.005339097231627 ], [ 501979.823786972207017, 1623557.503121722489595 ], [ 502033.417590199620463, 1623548.876555692637339 ], [ 502089.167402787250467, 1623540.499927264172584 ], [ 502149.417154569993727, 1623529.873165810713544 ], [ 502191.854011985880788, 1623523.496926248073578 ], [ 502356.853705584304407, 1623507.242115265922621 ], [ 502392.60355627030367, 1623500.866070023970678 ], [ 502555.864512466418091, 1623459.301284093875438 ], [ 502565.791679451067466, 1623499.111035680398345 ], [ 502565.636155136395246, 1623515.486056671943516 ], [ 502567.68159608199494, 1623530.588012434542179 ], [ 502563.744038476143032, 1623545.947142297634855 ], [ 502558.230422100925352, 1623559.338315992150456 ], [ 502562.562815605662763, 1623572.729203573893756 ], [ 502577.135265155695379, 1623587.694795177550986 ], [ 502599.191264467779547, 1623586.907153468113393 ], [ 502616.914305069542024, 1623587.693639256525785 ], [ 502636.213507654378191, 1623593.995084792841226 ], [ 502650.78570542356465, 1623600.296667691553012 ], [ 502661.388935852446593, 1623607.858367183478549 ], [ 502671.660561894066632, 1623629.046090022427961 ], [ 502680.719937268295325, 1623641.649839455960318 ], [ 502691.35297083039768, 1623642.436531256884336 ], [ 502702.774947970057838, 1623641.255198168335482 ], [ 502722.468231005535927, 1623650.312635028734803 ], [ 502735.859137267514598, 1623681.033276819158345 ], [ 502744.109609003353398, 1623696.98105311114341 ], [ 502750.54804777080426, 1623711.855880991090089 ], [ 502774.457732684910297, 1623734.595209090970457 ], [ 502856.643276865244843, 1623750.477836881531402 ], [ 502877.830632377415895, 1623761.977232783101499 ], [ 502883.554872327717021, 1623770.038074557669461 ], [ 502902.065959610394202, 1623772.40053902589716 ], [ 502915.062789627350867, 1623766.099155021598563 ], [ 502923.736453212215565, 1623754.225891033886001 ], [ 502936.955183247104287, 1623744.475497104926035 ], [ 502953.361018080147915, 1623738.225014084484428 ], [ 502965.869234032230452, 1623745.223657662747428 ], [ 502973.352539134386461, 1623755.46345050772652 ], [ 502982.412097580963746, 1623774.367206269642338 ], [ 502991.076541243703105, 1623789.333969555329531 ], [ 503000.331736227672081, 1623795.723707034718245 ], [ 503011.73799112503184, 1623804.098384017823264 ], [ 503023.145147826522589, 1623809.098057575291023 ], [ 503034.582162980746944, 1623809.222725357627496 ], [ 503050.942299595684744, 1623813.35725411074236 ], [ 503065.908348923549056, 1623814.53782041487284 ], [ 503083.23829774861224, 1623812.174314454430714 ], [ 503107.656264986086171, 1623810.204602926969528 ], [ 503125.77329468325479, 1623810.598076862515882 ], [ 503133.256496796209831, 1623817.292866153875366 ], [ 503142.709815353679005, 1623827.926602153340355 ], [ 503160.432821694819722, 1623827.532086744206026 ], [ 503170.488426731608342, 1623813.593780521070585 ], [ 503196.666320164164063, 1623809.020015237154439 ], [ 503216.751974021084607, 1623796.416418890235946 ], [ 503232.505509133392479, 1623779.873944479972124 ], [ 503251.804448502196465, 1623777.117380911717191 ], [ 503264.144500086142216, 1623778.466023676330224 ], [ 503283.73771586350631, 1623785.215461118612438 ], [ 503301.613068110658787, 1623796.714953254442662 ], [ 503307.731259996420704, 1623803.108781910734251 ], [ 503301.312625900609419, 1624022.384189034812152 ], [ 503298.853554921282921, 1624088.847327352734283 ] ] ] } },
{ "type": "Feature", "properties": { "barangay": "Tandang Sora", "district": "DISTRICT 6", "pct_total_population": 14.93, "pct_female_population": 14.93, "pct_male_population": 14.93, "pct_children_0_4": 14.93, "pct_female_children_0_4": 14.93, "pct_male_children_0_4": 14.93, "pct_elderly_60plus": 14.93, "pct_female_elderly_60plus": 14.94, "pct_male_elderly_60plus": 14.91, "pct_childcare_facilities": 25.0, "pct_eldercare_facilities": 100.0, "pct_pwd_facilities": null }, "geometry": { "type": "Polygon", "coordinates": [ [ [ 504829.257969467376824, 1625048.047821026295424 ], [ 504829.933671621780377, 1625003.367756443331018 ], [ 504807.59075730945915, 1624903.855305585777387 ], [ 504656.627644878812134, 1624905.213693725178018 ], [ 504706.040953262650874, 1624742.0630937081296 ], [ 504637.667550119163934, 1624730.557068963767961 ], [ 504672.866103289939929, 1624610.732925596414134 ], [ 504646.887407200643793, 1624587.676657306961715 ], [ 504628.107412265206221, 1624588.503203860949725 ], [ 504617.645169302180875, 1624580.503499830840155 ], [ 504602.105940786132123, 1624573.177944008260965 ], [ 504584.074849958473351, 1624570.678465452976525 ], [ 504573.386915581184439, 1624573.30377866467461 ], [ 504555.072784935182426, 1624569.441306959372014 ], [ 504528.671561623399612, 1624562.673067332012579 ], [ 504515.490351345390081, 1624555.891443545697257 ], [ 504497.644208182173315, 1624551.5839577910956 ], [ 504483.291724348964635, 1624535.431358599336818 ], [ 504448.411584917223081, 1624497.431333940476179 ], [ 504427.488259816193022, 1624486.969931423896924 ], [ 504417.646285932220053, 1624488.209218659205362 ], [ 504408.169512536667753, 1624496.333502216730267 ], [ 504391.245456182048656, 1624494.97999264462851 ], [ 504372.967319818038959, 1624490.918519688537344 ], [ 504348.717930300859734, 1624478.357211702968925 ], [ 504324.717459088715259, 1624462.972893649712205 ], [ 504290.254923777538352, 1624445.742877745768055 ], [ 504263.973557736200746, 1624434.056629685685039 ], [ 504240.28063222655328, 1624437.442321576643735 ], [ 504217.415302950306796, 1624461.31401003128849 ], [ 504192.790496227040421, 1624468.814733139937744 ], [ 504173.446331437444314, 1624463.815290221711621 ], [ 504148.715888868493494, 1624449.439994382439181 ], [ 504127.793118178029545, 1624458.05561103974469 ], [ 504108.100545514083933, 1624473.441198759013787 ], [ 504093.331548491085414, 1624474.056628539692611 ], [ 504073.63815322087612, 1624461.13418780034408 ], [ 504037.945205187541433, 1624429.750193421030417 ], [ 503995.48300159315113, 1624424.213421731023118 ], [ 503971.482673413353041, 1624413.752108622109517 ], [ 503939.482212074333802, 1624398.984023649943992 ], [ 503909.942628017219249, 1624379.907862836960703 ], [ 503893.327253588533495, 1624367.600333283189684 ], [ 503871.173231331515126, 1624367.60097704641521 ], [ 503846.556544962106273, 1624344.832669456489384 ], [ 503828.09527597745182, 1624336.217197254998609 ], [ 503778.248136454727501, 1624333.141642638482153 ], [ 503763.848646862141322, 1624351.202079233946279 ], [ 503744.786555013037287, 1624348.70263063814491 ], [ 503722.78551216883352, 1624313.578234625980258 ], [ 503709.284997329697944, 1624296.328609573887661 ], [ 503690.159665648068767, 1624285.579154511215165 ], [ 503688.596275458112359, 1624272.204186488874257 ], [ 503686.552773116971366, 1624254.99022854375653 ], [ 503676.091261835943442, 1624237.759515208657831 ], [ 503534.531526930688415, 1624182.958573590964079 ], [ 503527.165073406940792, 1624167.609772203955799 ], [ 503532.7025961279287, 1624150.994594579795375 ], [ 503550.548719935119152, 1624120.224045033799484 ], [ 503530.240252401330508, 1624104.839619687525555 ], [ 503509.433622023439966, 1624049.459168581524864 ], [ 503488.08948800113285, 1624045.584784912411124 ], [ 503488.744696765730623, 1624018.334738462464884 ], [ 503476.02649505721638, 1624011.835101496893913 ], [ 503469.901252796233166, 1624003.710271305171773 ], [ 503458.463223127590027, 1624003.085603056941181 ], [ 503439.118804133613594, 1623989.336151346797124 ], [ 503412.900814052438363, 1623990.58691446040757 ], [ 503406.556909408362117, 1623994.087102319346741 ], [ 503398.150690313661471, 1623986.8373393046204 ], [ 503384.931611603940837, 1623984.587721165968105 ], [ 503414.586755098309368, 1623954.086828745901585 ], [ 503394.772653618827462, 1623882.462332456605509 ], [ 503360.92802027479047, 1623861.838295176858082 ], [ 503347.582960665517021, 1623825.83864675136283 ], [ 503307.731259996420704, 1623803.108781910734251 ], [ 503301.613068110658787, 1623796.714953254442662 ], [ 503283.73771586350631, 1623785.215461118612438 ], [ 503264.144500086142216, 1623778.466023676330224 ], [ 503251.804448397364467, 1623777.116380905732512 ], [ 503232.505509133392479, 1623779.873944479972124 ], [ 503216.751974021084607, 1623796.416418890235946 ], [ 503196.666320164164063, 1623809.020015237154439 ], [ 503170.488426731608342, 1623813.593780521070585 ], [ 503160.432821694819722, 1623827.532086744206026 ], [ 503142.709815353679005, 1623827.926602153340355 ], [ 503133.256496796209831, 1623817.292866153875366 ], [ 503125.77329468325479, 1623810.598076862515882 ], [ 503107.656264986086171, 1623810.204602926969528 ], [ 503083.23829774861224, 1623812.174314454430714 ], [ 503065.908348923549056, 1623814.53782041487284 ], [ 503050.942299595684744, 1623813.35725411074236 ], [ 503034.582162980746944, 1623809.222725357627496 ], [ 503023.145147826522589, 1623809.098057575291023 ], [ 503011.73799112503184, 1623804.098384017823264 ], [ 503000.331736227672081, 1623795.723707034718245 ], [ 502991.076541243703105, 1623789.333969555329531 ], [ 502982.411097672244068, 1623774.368206297047436 ], [ 502973.352539134386461, 1623755.46345050772652 ], [ 502965.869234032230452, 1623745.223657662747428 ], [ 502953.361018080147915, 1623738.225014084484428 ], [ 502936.955183247104287, 1623744.475497104926035 ], [ 502923.736453212215565, 1623754.225891033886001 ], [ 502915.062789627350867, 1623766.099155021598563 ], [ 502902.065959610394202, 1623772.40053902589716 ], [ 502883.555872355238535, 1623770.038074519252405 ], [ 502877.830632377415895, 1623761.977232783101499 ], [ 502856.643276865244843, 1623750.477836881531402 ], [ 502774.458732604223769, 1623734.595209060935304 ], [ 502750.54804777080426, 1623711.855880991090089 ], [ 502744.109609003353398, 1623696.98105311114341 ], [ 502735.859137253835797, 1623681.032276812475175 ], [ 502722.468231005535927, 1623650.312635028734803 ], [ 502702.774947970057838, 1623641.255198168335482 ], [ 502691.353970865893643, 1623642.436531235231087 ], [ 502680.719937268295325, 1623641.649839455960318 ], [ 502671.660561894066632, 1623629.046090022427961 ], [ 502661.388935852446593, 1623607.858367183478549 ], [ 502650.78570542356465, 1623600.296667691553012 ], [ 502636.213507654378191, 1623593.995084792841226 ], [ 502616.914305069542024, 1623587.693639256525785 ], [ 502599.191264467779547, 1623586.907153468113393 ], [ 502577.13626508100424, 1623587.69479515007697 ], [ 502562.562815605662763, 1623572.729203573893756 ], [ 502558.230422100925352, 1623559.338315992150456 ], [ 502563.744038476143032, 1623545.947142297634855 ], [ 502567.681596053182147, 1623530.5870124285575 ], [ 502565.636155136395246, 1623515.486056671943516 ], [ 502565.791679451067466, 1623499.111035680398345 ], [ 502555.864512466418091, 1623459.301284093875438 ], [ 502526.008398085774388, 1623421.98711412679404 ], [ 502501.382519661914557, 1623392.61280016344972 ], [ 502489.224693728145212, 1623364.613125283271074 ], [ 502478.739758852578234, 1623332.804397951578721 ], [ 502474.32188800215954, 1623302.990496336948127 ], [ 502473.217116721265484, 1623276.489501774078235 ], [ 502477.190419579448644, 1623252.363362048752606 ], [ 502488.62656655209139, 1623222.61299978941679 ], [ 502503.029093010874931, 1623205.81856439053081 ], [ 502509.653265346540138, 1623177.10934301908128 ], [ 502529.528868101071566, 1623162.753751019015908 ], [ 502538.093327743990812, 1623143.861483139917254 ], [ 502533.1559122139588, 1623129.736612407490611 ], [ 502515.686084603425115, 1623101.862092008814216 ], [ 502488.560450717981439, 1623080.987859233282506 ], [ 502456.998139345087111, 1623071.363766699330881 ], [ 502441.684909646050073, 1623063.989204260753468 ], [ 502417.996606056403834, 1623054.364882920868695 ], [ 502412.59038635448087, 1623046.990032593719661 ], [ 502412.496921273472253, 1623030.990019221790135 ], [ 502433.339074000658002, 1623001.11438352544792 ], [ 502452.463424788089469, 1622978.113804661203176 ], [ 502472.30646032578079, 1622944.238193972967565 ], [ 502485.462321037892252, 1622938.98780639632605 ], [ 502506.994153764215298, 1622932.487174175214022 ], [ 502537.994181268848479, 1622932.361273241229355 ], [ 502560.555906087975018, 1622922.110607323469594 ], [ 502577.743574643391185, 1622910.110095797339454 ], [ 502596.547336645133328, 1622866.862505887169391 ], [ 502607.181217168341391, 1622896.791226992849261 ], [ 502651.058740896754898, 1622913.295968582388014 ], [ 502670.373971459572203, 1622920.562414624961093 ], [ 502720.857072406681255, 1622922.286949407774955 ], [ 502745.452372985135298, 1622931.778244249289855 ], [ 502886.212101390294265, 1622951.972174312919378 ], [ 502940.911384348932188, 1622959.81859272881411 ], [ 502991.39244143787073, 1622891.213056813227013 ], [ 503012.415919299644884, 1622906.930461718933657 ], [ 503037.561490910127759, 1622925.729749932652339 ], [ 503082.173069313168526, 1622909.678437444148585 ], [ 503111.061800036695786, 1622899.411587661132216 ], [ 503111.297797887818888, 1622899.32758071529679 ], [ 503145.575183888606261, 1622911.424596839118749 ], [ 503164.982951825135387, 1622902.76902417303063 ], [ 503201.395226926775649, 1622910.973974341526628 ], [ 503201.779229776759166, 1622911.060963271884248 ], [ 503213.172692509077024, 1622926.586647807387635 ], [ 503256.260394986893516, 1622949.270418569678441 ], [ 503263.656934439670295, 1622967.576222050469369 ], [ 503291.272212923271582, 1622976.204428276047111 ], [ 503329.08837169886101, 1622980.358333581127226 ], [ 503330.150389600312337, 1622980.937303297687322 ], [ 503330.693735651380848, 1622958.417264852905646 ], [ 503406.85513058345532, 1622900.550993516109884 ], [ 503487.485651574330404, 1622881.274631122127175 ], [ 503515.042643700609915, 1622914.462863745633513 ], [ 503548.178879747516476, 1622887.02587325242348 ], [ 503581.012105775298551, 1622859.257891236105934 ], [ 503622.980993681529071, 1622819.538631729548797 ], [ 503640.845347154070623, 1622796.672089612809941 ], [ 503653.885680111940019, 1622773.268687140196562 ], [ 503682.82296008762205, 1622713.080785711761564 ], [ 503704.838651482015848, 1622667.28709990857169 ], [ 503872.092927652352955, 1622739.822312727570534 ], [ 503949.163803997274954, 1622767.313100810628384 ], [ 503950.09973502572393, 1622764.908071199897677 ], [ 503969.318989492661785, 1622704.17645162390545 ], [ 504015.276354095200077, 1622680.722092574462295 ], [ 504056.006133468297776, 1622637.309865364804864 ], [ 504092.090188548027072, 1622603.545782846398652 ], [ 504110.500233169994317, 1622604.443248782772571 ], [ 504125.620543104945682, 1622614.586819618241861 ], [ 504149.329029136162717, 1622630.490146680735052 ], [ 504153.366111858049408, 1622633.199032096425071 ], [ 504153.332359577354509, 1622641.722041653702036 ], [ 504153.212237581901718, 1622671.938075538259 ], [ 504150.116346942260861, 1622710.222204012796283 ], [ 504173.794473642890807, 1622713.762519516516477 ], [ 504206.547098222188652, 1622734.120588255347684 ], [ 504241.733358731260523, 1622741.864573593717068 ], [ 504273.920535386831034, 1622746.832643279805779 ], [ 504315.869024866609834, 1622762.222439795266837 ], [ 504347.293680266593583, 1622783.686548238852993 ], [ 504411.871285385568626, 1622802.274690411286429 ], [ 504458.437299163022544, 1622801.137336126761511 ], [ 504481.721974424726795, 1622823.567682068794966 ], [ 504505.0060952725471, 1622861.332043452654034 ], [ 504512.673276252287906, 1622867.293826658977196 ], [ 504549.017296196776442, 1622866.724769985303283 ], [ 504568.220247860066593, 1623139.677486555883661 ], [ 504573.722007917240262, 1623200.052387413801625 ], [ 504589.630179065454286, 1623239.801965130027384 ], [ 504624.849253365362529, 1623275.550977680133656 ], [ 504874.202734370424878, 1623593.169051351025701 ], [ 504918.860544689232484, 1623653.91781476396136 ], [ 504956.956254020566121, 1623711.416765606729314 ], [ 505002.146275610371958, 1623779.415520848473534 ], [ 505029.304108307813294, 1623841.539794173557311 ], [ 505118.182946520159021, 1623970.537341250805184 ], [ 505352.56534189125523, 1624216.905778272077441 ], [ 505408.660985695139971, 1624271.529203163459897 ], [ 505459.317668750765733, 1624293.277753029251471 ], [ 505510.193050401227083, 1624304.65128610143438 ], [ 505589.287351463513914, 1624312.273995394585654 ], [ 505665.037590997177176, 1624317.896799854468554 ], [ 505717.725156239408534, 1624335.520286549115553 ], [ 505771.976238692412153, 1624370.893745667533949 ], [ 505826.258691872470081, 1624419.017216703621671 ], [ 505878.260135353601072, 1624466.890753770712763 ], [ 505922.481399359239731, 1624543.264545595040545 ], [ 505933.357954219100066, 1624596.389282977906987 ], [ 505933.673711616836954, 1624691.264369248878211 ], [ 505939.65212884999346, 1625049.514555929461494 ], [ 504829.257969467376824, 1625048.047821026295424 ] ] ] } },
{ "type": "Feature", "properties": { "barangay": "Tatalon", "district": "DISTRICT 4", "pct_total_population": 78.7, "pct_female_population": 78.7, "pct_male_population": 78.7, "pct_children_0_4": 78.7, "pct_female_children_0_4": 78.69, "pct_male_children_0_4": 78.71, "pct_elderly_60plus": 78.7, "pct_female_elderly_60plus": 78.7, "pct_male_elderly_60plus": 78.71, "pct_childcare_facilities": 83.33, "pct_eldercare_facilities": null, "pct_pwd_facilities": null }, "geometry": { "type": "Polygon", "coordinates": [ [ [ 500726.712079759221524, 1617313.752253929851577 ], [ 500889.427203165018, 1617140.312351305503398 ], [ 500925.426922097511124, 1616750.873913537245244 ], [ 500998.810202546301298, 1616757.984788324451074 ], [ 501469.096089170547202, 1616806.636171669932082 ], [ 501611.732359466608614, 1616845.41206594184041 ], [ 501608.348357699927874, 1616879.882198946084827 ], [ 501615.630480244290084, 1616918.25702593754977 ], [ 501631.756847715354525, 1616964.756604095222428 ], [ 501648.16359800711507, 1616990.006152744172141 ], [ 501810.605786031694151, 1617128.501571786124259 ], [ 501821.731120580574498, 1617139.626259694807231 ], [ 501829.106338686717208, 1617146.876052670646459 ], [ 501832.106628684792668, 1617156.750975419068709 ], [ 501833.85707356245257, 1617172.000939897028729 ], [ 501766.048938465188257, 1617341.753080991795287 ], [ 501770.299440443399362, 1617358.877974705537781 ], [ 501776.863064510980621, 1617380.127805352443829 ], [ 501784.457228398183361, 1617385.502590088406578 ], [ 501804.488524585205596, 1617395.002017572289333 ], [ 501962.85078612487996, 1617432.933454013196751 ], [ 502000.329125319432933, 1617477.722410015994683 ], [ 502018.242847693909425, 1617536.370948455994949 ], [ 501980.223222452099435, 1617619.403136748587713 ], [ 501917.154168461449444, 1617654.139004351571202 ], [ 501836.715954834246077, 1617649.57133713667281 ], [ 501794.669257969013415, 1617661.45557089173235 ], [ 501759.021204945282079, 1617695.276640768395737 ], [ 501728.433423890965059, 1617738.279572848696262 ], [ 501685.739822501607705, 1617822.294897940708324 ], [ 501632.027289403544273, 1617874.63251136848703 ], [ 501576.248414173023775, 1617915.264173054601997 ], [ 501513.583511862321757, 1617955.207034155959263 ], [ 501468.243991177296266, 1618007.679404410067946 ], [ 500726.712079759221524, 1617313.752253929851577 ] ] ] } },
{ "type": "Feature", "properties": { "barangay": "Teachers Village East", "district": "DISTRICT 4", "pct_total_population": 4.11, "pct_female_population": 4.13, "pct_male_population": 4.08, "pct_children_0_4": 4.37, "pct_female_children_0_4": 4.49, "pct_male_children_0_4": 4.21, "pct_elderly_60plus": 4.13, "pct_female_elderly_60plus": 3.91, "pct_male_elderly_60plus": 4.44, "pct_childcare_facilities": 0.0, "pct_eldercare_facilities": 0.0, "pct_pwd_facilities": 0.0 }, "geometry": { "type": "Polygon", "coordinates": [ [ [ 506302.839914900774602, 1619902.436824977630749 ], [ 506256.404603001545183, 1619893.310165127972141 ], [ 506238.148204028781038, 1619880.213682462694123 ], [ 506220.287390290584881, 1619852.830173938767985 ], [ 506139.752069914189633, 1619879.00354049471207 ], [ 506107.973453913466074, 1619893.314478318672627 ], [ 506078.208162127411924, 1619918.715368803823367 ], [ 506073.796281590126455, 1619922.978501288220286 ], [ 506054.792796043504495, 1619941.338071964215487 ], [ 506032.963839909702074, 1619909.191673955647275 ], [ 506028.201189174491446, 1619886.966790001373738 ], [ 506027.803300765808672, 1619856.407770826015621 ], [ 506028.19921699835686, 1619819.101721802260727 ], [ 506034.1485552348895, 1619692.894422003533691 ], [ 506050.814830463379622, 1619632.965877430513501 ], [ 506100.024408243130893, 1619513.504327332600951 ], [ 506117.088303266267758, 1619440.478758048499003 ], [ 506117.879239579197019, 1619369.43766362266615 ], [ 506132.560725013492629, 1619247.993114865850657 ], [ 506323.458331984642427, 1619262.275582038098946 ], [ 506307.98597940208856, 1619457.142227614065632 ], [ 506483.802571226027794, 1619471.424133017193526 ], [ 506449.065889201592654, 1619896.494569892995059 ], [ 506302.839914900774602, 1619902.436824977630749 ] ] ] } },
{ "type": "Feature", "properties": { "barangay": "Teachers Village West", "district": "DISTRICT 4", "pct_total_population": 6.43, "pct_female_population": 6.44, "pct_male_population": 6.41, "pct_children_0_4": 6.55, "pct_female_children_0_4": 6.36, "pct_male_children_0_4": 6.78, "pct_elderly_60plus": 6.25, "pct_female_elderly_60plus": 6.25, "pct_male_elderly_60plus": 6.25, "pct_childcare_facilities": 0.0, "pct_eldercare_facilities": null, "pct_pwd_facilities": null }, "geometry": { "type": "Polygon", "coordinates": [ [ [ 505680.930403359467164, 1619768.707762217149138 ], [ 505707.519919155223761, 1619716.716937277233228 ], [ 505744.42664951068582, 1619637.339785002404824 ], [ 505770.618749737390317, 1619571.060957237612456 ], [ 505789.270199976686854, 1619517.085360976634547 ], [ 505804.350911755813286, 1619472.237877649487928 ], [ 505825.38253394770436, 1619389.687183485366404 ], [ 505737.275799515366089, 1619367.464721373282373 ], [ 505751.163241583039053, 1619278.961228830041364 ], [ 505763.067546508624218, 1619220.222823831019923 ], [ 505777.748063173086848, 1619065.440241586184129 ], [ 505938.879351959156338, 1619069.801563752582297 ], [ 506063.498546300630551, 1619072.17894490272738 ], [ 506055.565194440248888, 1619197.989301950205117 ], [ 506060.724799371790141, 1619218.626172777963802 ], [ 506071.838144967681728, 1619230.135861416812986 ], [ 506092.872523717058357, 1619242.438262559706345 ], [ 506132.560725013492629, 1619247.993114865850657 ], [ 506117.879239579197019, 1619369.43766362266615 ], [ 506117.088303266267758, 1619440.478758048499003 ], [ 506100.024408243130893, 1619513.504327332600951 ], [ 506050.814830463379622, 1619632.965877430513501 ], [ 506034.1485552348895, 1619692.894422003533691 ], [ 506028.19921699835686, 1619819.101721802260727 ], [ 505961.125907382462174, 1619810.768662471324205 ], [ 505896.937512006377801, 1619799.385516237234697 ], [ 505822.217779542959761, 1619776.762664729729295 ], [ 505794.836340127221774, 1619831.411515345331281 ], [ 505743.638389050087426, 1619800.455971954623237 ], [ 505680.930403359467164, 1619768.707762217149138 ] ] ] } },
{ "type": "Feature", "properties": { "barangay": "U. P. Campus", "district": "DISTRICT 4", "pct_total_population": 12.17, "pct_female_population": 12.17, "pct_male_population": 12.17, "pct_children_0_4": 12.16, "pct_female_children_0_4": 12.19, "pct_male_children_0_4": 12.19, "pct_elderly_60plus": 12.16, "pct_female_elderly_60plus": 12.16, "pct_male_elderly_60plus": 12.15, "pct_childcare_facilities": 12.5, "pct_eldercare_facilities": null, "pct_pwd_facilities": null }, "geometry": { "type": "Polygon", "coordinates": [ [ [ 506606.70814712846186, 1621551.616653639124706 ], [ 506592.64512935798848, 1621551.492062162607908 ], [ 506298.895259246986825, 1621566.125612837029621 ], [ 505602.019606387650128, 1621567.770864686928689 ], [ 504789.050316339940764, 1621585.919506607344374 ], [ 504763.17623482021736, 1621618.420291156508029 ], [ 504721.146340805629734, 1621623.523517616093159 ], [ 504701.698237160511781, 1621586.21804522164166 ], [ 504687.409334715572186, 1621555.658429698552936 ], [ 504684.630951252998784, 1621542.561497263377532 ], [ 504691.774347205588128, 1621521.527268524514511 ], [ 504723.9200300402008, 1621475.091287712100893 ], [ 504735.428834030637518, 1621467.947946098865941 ], [ 504748.525858737411909, 1621468.344565919833258 ], [ 504755.273003857873846, 1621473.106374647235498 ], [ 504763.210300161794294, 1621483.028153978753835 ], [ 504779.482593324384652, 1621492.552690710639581 ], [ 504792.047645724087488, 1621493.919326972449198 ], [ 504806.047576230484992, 1621491.043917256873101 ], [ 504817.185250666982029, 1621479.454581960570067 ], [ 504828.694662456517108, 1621458.817226762184873 ], [ 504839.805831699457485, 1621429.844874743837863 ], [ 504844.202162531670183, 1621406.667723677819595 ], [ 504844.138454087078571, 1621382.292701010592282 ], [ 504834.918827358982526, 1621361.042947549372911 ], [ 504817.82534151035361, 1621344.918428030796349 ], [ 504810.831034495087806, 1621334.594620895339176 ], [ 504805.274613673216663, 1621320.307767981663346 ], [ 504822.340619333437644, 1621319.910271671367809 ], [ 504846.946344206517097, 1621309.590546294348314 ], [ 504858.852090849017259, 1621300.462191140512004 ], [ 504894.569016123132315, 1621227.83308021677658 ], [ 504900.125629560148809, 1621214.338905170559883 ], [ 504910.046397289610468, 1621206.004608504474163 ], [ 504951.718220076756552, 1621198.462390005821362 ], [ 504971.958640586817637, 1621177.823781084502116 ], [ 504986.642240154382307, 1621163.536340033635497 ], [ 505012.537735891761258, 1621145.287569197826087 ], [ 505082.686509656778071, 1621169.486555126029998 ], [ 505085.465247223095503, 1621160.358465194003657 ], [ 505108.880270663939882, 1621160.357784787891433 ], [ 505113.643114016856998, 1621154.801640801830217 ], [ 505125.549172069877386, 1621156.388296426972374 ], [ 505138.646369809575845, 1621162.737922227010131 ], [ 505152.933257352095097, 1621158.372502674814314 ], [ 505163.648852835816797, 1621144.084176929201931 ], [ 505164.442611413775012, 1621135.750145480735227 ], [ 505122.192484893137589, 1621064.03430106700398 ], [ 505107.816420604183804, 1621027.90968248131685 ], [ 505140.283312597312033, 1620988.658699563005939 ], [ 505163.095736049348488, 1620968.033015926601365 ], [ 505181.126463620457798, 1620958.03248191694729 ], [ 505287.250022729625925, 1620904.779344572452828 ], [ 505350.59172149701044, 1620823.402422111481428 ], [ 505368.840918873727787, 1620795.151863395934924 ], [ 505390.843176521535497, 1620768.844197591766715 ], [ 505429.736811867100187, 1620754.953053430421278 ], [ 505469.423632599413395, 1620747.410892604151741 ], [ 505498.620599856600165, 1620745.273042030865327 ], [ 505510.244765111070592, 1620716.147674958687276 ], [ 505508.369113038526848, 1620693.772706952877343 ], [ 505541.305696754017845, 1620643.896699706790969 ], [ 505572.431243845436256, 1620661.645813102601096 ], [ 505619.212871977419127, 1620681.644473812310025 ], [ 505671.838564183970448, 1620703.642966712359339 ], [ 505728.30820576264523, 1620723.766346031101421 ], [ 505775.276489083422348, 1620731.889989376766607 ], [ 505814.370706371671986, 1620738.013859510421753 ], [ 505861.215047678153496, 1620748.137508469633758 ], [ 505912.027396596851759, 1620758.386042239842936 ], [ 505956.902739578043111, 1620768.634748544543982 ], [ 506023.371991611842532, 1620775.007823458872736 ], [ 506068.372105778194964, 1620777.381518205394968 ], [ 506125.053995246591512, 1620427.509519231272861 ], [ 506182.996554069919512, 1620375.913783612661064 ], [ 506234.983119764714502, 1620221.528117699082941 ], [ 506302.839914900774602, 1619902.436824977630749 ], [ 506449.065889201592654, 1619896.494569892995059 ], [ 506825.405497797997668, 1619973.238711202982813 ], [ 506803.500055155716836, 1618892.038260450121015 ], [ 507871.568916470103431, 1619951.453289287630469 ], [ 508080.043938098067883, 1620151.44743241253309 ], [ 508070.63945292896824, 1620582.414139090338722 ], [ 507860.666952962928917, 1620572.474230600055307 ], [ 507860.681661966023967, 1621078.616739189019427 ], [ 508082.732837901974563, 1621283.448492677183822 ], [ 508056.069322316383477, 1621335.450319783296436 ], [ 507918.086491432797629, 1621621.32861689128913 ], [ 507871.274981052032672, 1621674.205030352110043 ], [ 507825.725504723319318, 1621728.211408280301839 ], [ 507757.491147839173209, 1621718.290381093043834 ], [ 506945.211898696783464, 1621600.179866035934538 ], [ 506606.70814712846186, 1621551.616653639124706 ] ] ] } },
{ "type": "Feature", "properties": { "barangay": "U. P. Village", "district": "DISTRICT 4", "pct_total_population": 2.47, "pct_female_population": 2.48, "pct_male_population": 2.47, "pct_children_0_4": 2.48, "pct_female_children_0_4": 2.56, "pct_male_children_0_4": 2.4, "pct_elderly_60plus": 2.43, "pct_female_elderly_60plus": 2.37, "pct_male_elderly_60plus": 2.54, "pct_childcare_facilities": 0.0, "pct_eldercare_facilities": null, "pct_pwd_facilities": null }, "geometry": { "type": "Polygon", "coordinates": [ [ [ 505792.049591489252634, 1620425.139193456619978 ], [ 505704.762826736783609, 1620436.252741059986874 ], [ 505629.752416963339783, 1620424.745909166987985 ], [ 505635.306323392607737, 1620352.514675132930279 ], [ 505634.907785567105748, 1620265.201598902465776 ], [ 505696.819582555210218, 1620256.071790648857132 ], [ 505691.659400907577947, 1620215.589899891521782 ], [ 505661.493671792966779, 1620122.721683059819043 ], [ 505640.458428063313477, 1620080.654252001317218 ], [ 505602.753810169000644, 1620026.283292952692136 ], [ 505554.730193341791164, 1619972.309634163742885 ], [ 505680.930403359467164, 1619768.707762217149138 ], [ 505743.638389050087426, 1619800.455971954623237 ], [ 505794.836340127221774, 1619831.411515345331281 ], [ 505822.217779542959761, 1619776.762664729729295 ], [ 505896.937512006377801, 1619799.385516237234697 ], [ 505961.125907382462174, 1619810.768662471324205 ], [ 506028.19921699835686, 1619819.101721802260727 ], [ 506027.803300765808672, 1619856.407770826015621 ], [ 506028.201189174491446, 1619886.966790001373738 ], [ 506032.963839909702074, 1619909.191673955647275 ], [ 506054.792796043504495, 1619941.338071964215487 ], [ 506073.796281590126455, 1619922.978501288220286 ], [ 506078.208162127411924, 1619918.715368803823367 ], [ 506107.973453913466074, 1619893.314478318672627 ], [ 506139.752069914189633, 1619879.00354049471207 ], [ 506220.287390290584881, 1619852.830173938767985 ], [ 506238.148204028781038, 1619880.213682462694123 ], [ 506256.404603001545183, 1619893.310165127972141 ], [ 506302.839914900774602, 1619902.436824977630749 ], [ 506234.983119764714502, 1620221.528117699082941 ], [ 506182.996554069919512, 1620375.913783612661064 ], [ 506125.053995246591512, 1620427.509519231272861 ], [ 506075.842787705478258, 1620456.482978380052373 ], [ 506054.014008018129971, 1620464.817621074384078 ], [ 506029.011178946238942, 1620471.565354397520423 ], [ 506003.214222309412435, 1620473.948106421623379 ], [ 505954.399161688168533, 1620473.552524517755955 ], [ 505907.963757549412549, 1620461.250861487118527 ], [ 505851.210700450872537, 1620461.252510644728318 ], [ 505796.044795015244745, 1620466.413118873955682 ], [ 505792.049591489252634, 1620425.139193456619978 ] ] ] } },
{ "type": "Feature", "properties": { "barangay": "Ugong Norte", "district": "DISTRICT 3", "pct_total_population": 14.73, "pct_female_population": 14.72, "pct_male_population": 14.74, "pct_children_0_4": 14.64, "pct_female_children_0_4": 14.53, "pct_male_children_0_4": 14.74, "pct_elderly_60plus": 14.81, "pct_female_elderly_60plus": 14.79, "pct_male_elderly_60plus": 14.83, "pct_childcare_facilities": 20.0, "pct_eldercare_facilities": null, "pct_pwd_facilities": 100.0 }, "geometry": { "type": "Polygon", "coordinates": [ [ [ 507981.182163398596458, 1615035.449161276221275 ], [ 507983.019674734270666, 1615018.570090911816806 ], [ 507970.081585432868451, 1615015.9454642359633 ], [ 507966.564670698659029, 1614984.59053490543738 ], [ 507962.993436396762263, 1614976.653630707645789 ], [ 507936.486861510609742, 1614992.196416566381231 ], [ 507907.827357980597299, 1614975.861232937546447 ], [ 507879.251729494368192, 1614955.224042555084452 ], [ 507872.769671149610076, 1614953.438229112653062 ], [ 507854.048638024716638, 1614952.948772625532001 ], [ 507426.359747265581973, 1614937.08618459966965 ], [ 507305.797444633673877, 1614930.839681655401364 ], [ 507261.577956968510989, 1614915.590951269259676 ], [ 506322.71540422772523, 1614688.161004341207445 ], [ 506331.247762554266956, 1614562.555630129063502 ], [ 506322.936373932694551, 1614446.235754702240229 ], [ 506286.127479326096363, 1614244.672621664125472 ], [ 506160.879334629280493, 1613899.913914559409022 ], [ 506060.882802685373463, 1613575.36949399788864 ], [ 507200.001265901490115, 1613827.204646433005109 ], [ 507201.158274553075898, 1613827.460613074246794 ], [ 507354.584039971814491, 1613951.727279717335477 ], [ 507387.197063321480528, 1613985.815366305410862 ], [ 507458.079401559778489, 1613995.003315824549645 ], [ 507779.329302337951958, 1613946.066931657027453 ], [ 508201.813896542589646, 1613883.082591661019251 ], [ 508805.449340694292914, 1613671.031837885500863 ], [ 508739.012353795580566, 1614017.886117080226541 ], [ 508725.961405345646199, 1614123.344602330587804 ], [ 508747.005635489535052, 1614612.286482309456915 ], [ 508725.779374339443166, 1614913.729402131168172 ], [ 508749.046391721698456, 1615016.753829589113593 ], [ 508690.769777375564445, 1615032.038538376102224 ], [ 508403.527280098292977, 1615024.860877968138084 ], [ 508401.939862872066442, 1615044.968944313237444 ], [ 507981.182163398596458, 1615035.449161276221275 ] ] ] } },
{ "type": "Feature", "properties": { "barangay": "Unang Sigaw", "district": "DISTRICT 6", "pct_total_population": 28.55, "pct_female_population": 28.53, "pct_male_population": 28.55, "pct_children_0_4": 28.63, "pct_female_children_0_4": 28.4, "pct_male_children_0_4": 28.46, "pct_elderly_60plus": 28.6, "pct_female_elderly_60plus": 28.41, "pct_male_elderly_60plus": 28.46, "pct_childcare_facilities": 100.0, "pct_eldercare_facilities": null, "pct_pwd_facilities": null }, "geometry": { "type": "Polygon", "coordinates": [ [ [ 500124.59522502485197, 1621296.8537570561748 ], [ 500097.319744746549986, 1621315.680568578653038 ], [ 500063.196276073402259, 1621369.556614345870912 ], [ 500031.165202937321737, 1621402.557578305713832 ], [ 500004.790456133545376, 1621412.183354397071525 ], [ 499982.386130046623293, 1621470.559064153814688 ], [ 499972.980153252836317, 1621471.684338605031371 ], [ 499960.668492171738762, 1621518.184743143850937 ], [ 499948.481596234545577, 1621522.185101298149675 ], [ 499937.797359667601995, 1621652.060542425140738 ], [ 499786.70859963435214, 1621803.190084843430668 ], [ 499751.008284554991405, 1621243.007558635203168 ], [ 499755.415915048622992, 1621058.085244510089979 ], [ 500263.971718689601403, 1621068.139476926997304 ], [ 500268.439726590120699, 1621068.257347214967012 ], [ 500262.806836290343199, 1621106.639549513347447 ], [ 500288.16167304595001, 1621168.964875445934013 ], [ 500290.275012902682647, 1621180.584825726924464 ], [ 500280.063851893064566, 1621209.811151850502938 ], [ 500270.557609840936493, 1621236.220454654656351 ], [ 500249.783868084661663, 1621280.236102587310597 ], [ 500232.178188027464785, 1621291.856625865213573 ], [ 500175.133946577610914, 1621285.520277095260099 ], [ 500147.613948348036502, 1621286.534077792894095 ], [ 500124.59522502485197, 1621296.8537570561748 ] ] ] } },
{ "type": "Feature", "properties": { "barangay": "Valencia", "district": "DISTRICT 4", "pct_total_population": 32.64, "pct_female_population": 32.64, "pct_male_population": 32.64, "pct_children_0_4": 32.61, "pct_female_children_0_4": 32.75, "pct_male_children_0_4": 32.71, "pct_elderly_60plus": 32.59, "pct_female_elderly_60plus": 32.59, "pct_male_elderly_60plus": 32.6, "pct_childcare_facilities": null, "pct_eldercare_facilities": null, "pct_pwd_facilities": 0.0 }, "geometry": { "type": "Polygon", "coordinates": [ [ [ 503986.515068834705744, 1615892.985101483063772 ], [ 503981.293439289729577, 1615905.911266213748604 ], [ 503977.103916436957661, 1615922.476404613349587 ], [ 503977.732445833447855, 1615940.672404643846676 ], [ 503926.282363437698223, 1616008.439967827638611 ], [ 503904.950381428643595, 1616044.205623663961887 ], [ 503881.264897407789249, 1616097.190365196671337 ], [ 503905.579169019300025, 1616105.696667226962745 ], [ 503986.521687929634936, 1616120.753330320119858 ], [ 503993.172917881573085, 1616128.437144779600203 ], [ 503838.43226277915528, 1616386.532900797668844 ], [ 503597.98784112627618, 1616242.698743025073782 ], [ 503447.423059939872473, 1616152.203027150360867 ], [ 503413.37046595395077, 1616132.940997280646116 ], [ 503354.234760689549148, 1616110.717693308833987 ], [ 503225.676405350735877, 1616068.526386545505375 ], [ 503226.613341637479607, 1616066.302357082255185 ], [ 503229.732187022804283, 1616060.873260997468606 ], [ 503237.100821641739458, 1616048.045033982722089 ], [ 503242.240627626946662, 1616041.191877738572657 ], [ 503249.918337842682377, 1616030.95364433596842 ], [ 503271.669851774233393, 1616013.473994703032076 ], [ 503281.711424083157908, 1615998.410687770228833 ], [ 503281.844421178917401, 1615998.304683797759935 ], [ 503302.744284669694025, 1615992.886071036569774 ], [ 503316.949013988429215, 1615983.081648410763592 ], [ 503349.743999812984839, 1615947.048659219639376 ], [ 503388.334063651796896, 1615913.498504126444459 ], [ 503389.791023898113053, 1615912.079460363136604 ], [ 503399.910782870312687, 1615903.434157609939575 ], [ 503410.248461732466239, 1615892.026845741085708 ], [ 503436.47544983564876, 1615856.301047717453912 ], [ 503469.378180505067576, 1615811.481046556262299 ], [ 503484.914417238032911, 1615784.678568148519844 ], [ 503519.136044330836739, 1615770.662559633608907 ], [ 503525.69997279800009, 1615767.974366200622171 ], [ 503559.13886373990681, 1615763.065389586146921 ], [ 503559.517863387940452, 1615763.040378557285294 ], [ 503568.039834675146267, 1615761.758129634894431 ], [ 503572.98485119221732, 1615762.154986337060109 ], [ 503572.606851542950608, 1615762.179997348459437 ], [ 503592.949926500732545, 1615764.057408104417846 ], [ 503614.161813858430833, 1615759.447787090670317 ], [ 503631.192246146674734, 1615739.322271981509402 ], [ 503654.071309396880679, 1615706.296573949977756 ], [ 503662.982872936408967, 1615690.968299582367763 ], [ 503662.038829530531075, 1615689.506325546419248 ], [ 503694.667433312279172, 1615674.744362575933337 ], [ 503719.877333719807211, 1615670.444625694304705 ], [ 503760.31358957051998, 1615677.850458144210279 ], [ 503787.891493099508807, 1615673.576652491465211 ], [ 503795.94339161796961, 1615669.806414715945721 ], [ 503798.381366023793817, 1615668.843342914711684 ], [ 503800.346345508471131, 1615668.067285031545907 ], [ 503800.689338166965172, 1615667.802274798741564 ], [ 503819.743107363407034, 1615659.203712488524616 ], [ 503839.217657534987666, 1615643.051130353705958 ], [ 503841.418970818456728, 1615584.930007942020893 ], [ 503861.535021848103497, 1615551.581389877246693 ], [ 503865.345530868857168, 1615534.553262019064277 ], [ 503869.179754745215178, 1615507.713123615831137 ], [ 503869.034758747962769, 1615507.858127980260178 ], [ 503871.096088093472645, 1615484.707044795854017 ], [ 503874.722673223353922, 1615470.304924932075664 ], [ 503880.855331360304262, 1615458.331734698731452 ], [ 503881.000327289977577, 1615458.186730331508443 ], [ 503928.608103015925735, 1615414.410302920965478 ], [ 503980.212492104852572, 1615460.423849667655304 ], [ 504048.555319037637673, 1615520.927924590650946 ], [ 504050.613370355626103, 1615522.622866488527507 ], [ 504086.470330638345331, 1615554.425856532761827 ], [ 504132.569300242583267, 1615620.608583533903584 ], [ 504133.283339199668262, 1615621.923564106458798 ], [ 504140.36864321999019, 1615632.139368489617482 ], [ 504144.952976196305826, 1615643.439246643567458 ], [ 504163.994359316129703, 1615690.375740530202165 ], [ 504198.607032776984852, 1615712.350756851257756 ], [ 504278.627630509145092, 1615695.742414895445108 ], [ 504281.108618003723677, 1615695.227342285215855 ], [ 504293.538773789943662, 1615700.154986040201038 ], [ 504402.092167498311028, 1615744.361876137321815 ], [ 504370.944990681309719, 1615808.175845384830609 ], [ 504327.36882959655486, 1615872.96117676794529 ], [ 504323.00272136850981, 1615869.388300040503964 ], [ 504319.665602903289255, 1615865.427393032237887 ], [ 504316.227432382351253, 1615859.67748715588823 ], [ 504304.75818470842205, 1615851.552812258712947 ], [ 504299.040008192765526, 1615845.677972517674789 ], [ 504287.67979787720833, 1615838.830295734107494 ], [ 504277.027500712603796, 1615828.975595362950116 ], [ 504253.811368016700726, 1615825.211266201222315 ], [ 504240.007554715673905, 1615832.114674251060933 ], [ 504230.595782296906691, 1615840.271955939242616 ], [ 504224.008012813224923, 1615848.430155572947115 ], [ 504215.883139034616761, 1615853.055396320996806 ], [ 504204.32112376508303, 1615852.930732166627422 ], [ 504191.633111052040476, 1615852.931100852321833 ], [ 504181.317956237122416, 1615847.96139559452422 ], [ 504157.504932356998324, 1615847.962087567895651 ], [ 504152.346077109978069, 1615853.122242654673755 ], [ 504144.290183378383517, 1615857.057480700081214 ], [ 504130.383231212559622, 1615859.182886952068657 ], [ 504120.040188057522755, 1615858.058186363196 ], [ 504109.665105065214448, 1615855.55848533869721 ], [ 504101.664828190812841, 1615846.308708504773676 ], [ 504090.289311837172136, 1615828.93402158585377 ], [ 504080.069792937778402, 1615811.434300957014784 ], [ 504072.47392775764456, 1615781.922492000972852 ], [ 504048.002848485310096, 1615780.041201194515452 ], [ 504010.355792358750477, 1615779.414294512243941 ], [ 504010.984051240433473, 1615822.709319795947522 ], [ 503986.515068834705744, 1615892.985101483063772 ] ] ] } },
{ "type": "Feature", "properties": { "barangay": "Vasra", "district": "DISTRICT 1", "pct_total_population": 45.24, "pct_female_population": 45.24, "pct_male_population": 45.24, "pct_children_0_4": 45.31, "pct_female_children_0_4": 45.42, "pct_male_children_0_4": 45.21, "pct_elderly_60plus": 45.24, "pct_female_elderly_60plus": 45.32, "pct_male_elderly_60plus": 45.13, "pct_childcare_facilities": 66.67, "pct_eldercare_facilities": null, "pct_pwd_facilities": null }, "geometry": { "type": "Polygon", "coordinates": [ [ [ 504655.649418587679975, 1621215.537010482046753 ], [ 504506.008180121774785, 1620558.710698161274195 ], [ 504868.425004051532596, 1620471.291078976122662 ], [ 504872.64379293564707, 1620498.29098353930749 ], [ 504872.488319586205762, 1620516.41600629244931 ], [ 504876.770112088473979, 1620543.540909146191552 ], [ 504883.209161140664946, 1620579.415758126182482 ], [ 504894.240833382529672, 1620602.165460438001901 ], [ 504909.772571806563064, 1620627.04003412486054 ], [ 504934.273519094451331, 1620658.789354109903798 ], [ 504963.337274828751106, 1620683.788534699240699 ], [ 504987.899895316339098, 1620704.287841570097953 ], [ 505028.275469868618529, 1620722.661686801817268 ], [ 505064.18277475470677, 1620731.910652688937262 ], [ 505106.933090151345823, 1620741.284419855801389 ], [ 505151.994953801506199, 1620735.033104148926213 ], [ 505188.119801158143673, 1620728.532047869870439 ], [ 505235.525336541759316, 1620710.905652617104352 ], [ 505287.649419056891929, 1620677.529104395536706 ], [ 505337.523372079478577, 1620639.777617167215794 ], [ 505373.866304279945325, 1620601.776522882282734 ], [ 505411.078095579927322, 1620558.896398431388661 ], [ 505541.305696754017845, 1620643.896699706790969 ], [ 505508.369113038526848, 1620693.772706952877343 ], [ 505510.244765111070592, 1620716.147674958687276 ], [ 505498.620599856600165, 1620745.273042030865327 ], [ 505469.423632599413395, 1620747.410892604151741 ], [ 505429.736811867100187, 1620754.953053430421278 ], [ 505390.843176521535497, 1620768.844197591766715 ], [ 505368.840918873727787, 1620795.151863395934924 ], [ 505350.59172149701044, 1620823.402422111481428 ], [ 505287.250022729625925, 1620904.779344572452828 ], [ 505181.126463620457798, 1620958.03248191694729 ], [ 505163.095736049348488, 1620968.033015926601365 ], [ 505140.283312597312033, 1620988.658699563005939 ], [ 505107.816420604183804, 1621027.90968248131685 ], [ 505122.192484893137589, 1621064.03430106700398 ], [ 505164.442611413775012, 1621135.750145480735227 ], [ 505163.648852835816797, 1621144.084176929201931 ], [ 505152.933257352095097, 1621158.372502674814314 ], [ 505138.646369809575845, 1621162.737922227010131 ], [ 505125.549172069877386, 1621156.388296426972374 ], [ 505113.643114016856998, 1621154.801640801830217 ], [ 505108.880270663939882, 1621160.357784787891433 ], [ 505085.465247223095503, 1621160.358465194003657 ], [ 505082.686509656778071, 1621169.486555126029998 ], [ 505012.537735891761258, 1621145.287569197826087 ], [ 504986.642240154382307, 1621163.536340033635497 ], [ 504971.958640586817637, 1621177.823781084502116 ], [ 504951.718220076756552, 1621198.462390005821362 ], [ 504910.046397289610468, 1621206.004608504474163 ], [ 504900.125629560148809, 1621214.338905170559883 ], [ 504894.569016123132315, 1621227.83308021677658 ], [ 504858.852090849017259, 1621300.462191140512004 ], [ 504846.946344206517097, 1621309.590546294348314 ], [ 504822.340619333437644, 1621319.910271671367809 ], [ 504805.274613673216663, 1621320.307767981663346 ], [ 504810.831034495087806, 1621334.594620895339176 ], [ 504817.82534151035361, 1621344.918428030796349 ], [ 504834.918827358982526, 1621361.042947549372911 ], [ 504844.138454087078571, 1621382.292701010592282 ], [ 504844.202162531670183, 1621406.667723677819595 ], [ 504839.805831699457485, 1621429.844874743837863 ], [ 504828.694662456517108, 1621458.817226762184873 ], [ 504817.185250666982029, 1621479.454581960570067 ], [ 504806.047576230484992, 1621491.043917256873101 ], [ 504792.047645724087488, 1621493.919326972449198 ], [ 504779.482593324384652, 1621492.552690710639581 ], [ 504763.210300161794294, 1621483.028153978753835 ], [ 504755.273003857873846, 1621473.106374647235498 ], [ 504748.525858737411909, 1621468.344565919833258 ], [ 504735.428834030637518, 1621467.947946098865941 ], [ 504723.9200300402008, 1621475.091287712100893 ], [ 504691.774347205588128, 1621521.527268524514511 ], [ 504684.630951252998784, 1621542.561497263377532 ], [ 504687.409334715572186, 1621555.658429698552936 ], [ 504701.698237160511781, 1621586.21804522164166 ], [ 504721.146340805629734, 1621623.523517616093159 ], [ 504734.242757653119043, 1621637.414151030126959 ], [ 504750.515765877848025, 1621671.544712488772348 ], [ 504748.532340551435482, 1621691.388790090801194 ], [ 504736.229824169888161, 1621708.454164738534018 ], [ 504729.085909193381667, 1621711.629375526681542 ], [ 504722.736271963047329, 1621724.329572817543522 ], [ 504717.975132186489645, 1621754.09574111062102 ], [ 504713.610061959014274, 1621786.242900289827958 ], [ 504691.386043138278183, 1621820.771580818342045 ], [ 504687.815469717490487, 1621869.984734069555998 ], [ 504680.274681215174496, 1621877.524960783077404 ], [ 504667.971807306574192, 1621882.288323078304529 ], [ 504648.921822724805679, 1621883.479877831414342 ], [ 504632.65003708191216, 1621891.417358651058748 ], [ 504615.981643150851596, 1621912.848864565603435 ], [ 504607.647807790141087, 1621918.803112727822736 ], [ 504589.39178942196304, 1621918.803643218940124 ], [ 504568.754010876757093, 1621927.13825130648911 ], [ 504545.338929734250996, 1621925.154929721029475 ], [ 504541.636942156706937, 1621925.713037848938257 ], [ 504515.373031025752425, 1621929.677805034443736 ], [ 504494.141889818478376, 1621925.552417825208977 ], [ 504655.649418587679975, 1621215.537010482046753 ] ] ] } },
{ "type": "Feature", "properties": { "barangay": "Veterans Village", "district": "DISTRICT 1", "pct_total_population": 13.9, "pct_female_population": 13.9, "pct_male_population": 13.9, "pct_children_0_4": 13.86, "pct_female_children_0_4": 13.8, "pct_male_children_0_4": 13.89, "pct_elderly_60plus": 13.9, "pct_female_elderly_60plus": 13.95, "pct_male_elderly_60plus": 13.84, "pct_childcare_facilities": 0.0, "pct_eldercare_facilities": null, "pct_pwd_facilities": null }, "geometry": { "type": "Polygon", "coordinates": [ [ [ 502423.865215337311383, 1620494.324137018527836 ], [ 502505.621931824309286, 1620516.149783262051642 ], [ 502562.770559120574035, 1620466.93507311376743 ], [ 502605.236313429835718, 1620457.011829152703285 ], [ 502646.113466467359103, 1620426.451610589167103 ], [ 502721.122423088818323, 1620387.95239223819226 ], [ 502758.029303365678061, 1620313.735245127463713 ], [ 502850.898500517010689, 1620317.304550100583583 ], [ 502982.821518251730595, 1620898.333301090635359 ], [ 502669.624292680178769, 1620970.230474405921996 ], [ 502330.189192867313977, 1621047.365415401989594 ], [ 502218.064792233752087, 1621071.868698198115453 ], [ 502170.908079069573432, 1621083.370080061955377 ], [ 502131.533195736759808, 1621088.746229635551572 ], [ 502080.033311036939267, 1621094.4977319217287 ], [ 502024.908324652875308, 1621096.874336140695959 ], [ 501983.747280950658023, 1621096.794532136525959 ], [ 501970.970097176672425, 1621056.500862885965034 ], [ 501951.200341827003285, 1620996.783377279061824 ], [ 501930.560810175316874, 1620944.792924729874358 ], [ 501881.344885546423029, 1620811.444220713339746 ], [ 501876.184003762435168, 1620781.281340340385213 ], [ 501888.486958490742836, 1620779.296980842715129 ], [ 501948.957605237024836, 1620765.050209342734888 ], [ 501952.00703214481473, 1620745.221100786002353 ], [ 501995.32397455436876, 1620672.919769333675504 ], [ 501995.323611004278064, 1620660.41175676160492 ], [ 502017.288633122341707, 1620660.411118499701843 ], [ 502046.269981404650025, 1620671.393287395592779 ], [ 502054.201076221652329, 1620639.971025320701301 ], [ 502078.605559959600214, 1620621.361297450726852 ], [ 502085.730220298690256, 1620609.428078422788531 ], [ 502130.972939383762423, 1620563.785717830527574 ], [ 502154.784882653562818, 1620561.007023099809885 ], [ 502423.865215337311383, 1620494.324137018527836 ] ] ] } },
{ "type": "Feature", "properties": { "barangay": "Villa Maria Clara", "district": "DISTRICT 3", "pct_total_population": 42.24, "pct_female_population": 42.26, "pct_male_population": 42.22, "pct_children_0_4": 42.16, "pct_female_children_0_4": 42.7, "pct_male_children_0_4": 42.11, "pct_elderly_60plus": 42.47, "pct_female_elderly_60plus": 41.86, "pct_male_elderly_60plus": 42.22, "pct_childcare_facilities": 0.0, "pct_eldercare_facilities": null, "pct_pwd_facilities": null }, "geometry": { "type": "Polygon", "coordinates": [ [ [ 507216.637363058631308, 1616686.064037170959637 ], [ 507172.977332060399931, 1616583.274202511878684 ], [ 507126.540240519854706, 1616478.500446564052254 ], [ 507124.555719548487104, 1616460.640486265532672 ], [ 507120.586300378316082, 1616446.353587249061093 ], [ 507118.997849007428158, 1616430.875617843819782 ], [ 507114.632406278105918, 1616415.793729533674195 ], [ 507112.24987334664911, 1616397.537780411308631 ], [ 507104.839112083718646, 1616371.596969676204026 ], [ 507099.307732279645279, 1616358.722117459401488 ], [ 507113.80763787968317, 1616354.971692353719845 ], [ 507134.368593756575137, 1616352.743092643795535 ], [ 507150.639679371204693, 1616355.123622222105041 ], [ 507235.969422486028634, 1616377.743165421998128 ], [ 507326.457078434817959, 1616397.187555550597608 ], [ 507357.41436326620169, 1616405.917664756299928 ], [ 507364.559581455017906, 1616447.589499022811651 ], [ 507368.13157697673887, 1616481.720429540146142 ], [ 507389.962305846391246, 1616540.457854232052341 ], [ 507406.470401464612223, 1616577.58841186366044 ], [ 507453.863510498485994, 1616682.934140620287508 ], [ 507254.739869503653608, 1616770.994015370961279 ], [ 507216.637363058631308, 1616686.064037170959637 ] ] ] } },
{ "type": "Feature", "properties": { "barangay": "West Kamias", "district": "DISTRICT 3", "pct_total_population": 62.3, "pct_female_population": 62.28, "pct_male_population": 62.31, "pct_children_0_4": 62.38, "pct_female_children_0_4": 62.0, "pct_male_children_0_4": 62.11, "pct_elderly_60plus": 62.33, "pct_female_elderly_60plus": 62.21, "pct_male_elderly_60plus": 62.5, "pct_childcare_facilities": 100.0, "pct_eldercare_facilities": null, "pct_pwd_facilities": null }, "geometry": { "type": "Polygon", "coordinates": [ [ [ 504913.727730693528429, 1617879.516155971214175 ], [ 504955.224754823953845, 1617878.910949537530541 ], [ 504983.974662931403145, 1617874.752109923399985 ], [ 505007.787467625807039, 1617867.210410381900147 ], [ 505043.505353602464311, 1617862.050367288757116 ], [ 505080.099208221188746, 1617855.782297628233209 ], [ 505096.68722253368469, 1617855.698815534822643 ], [ 505118.515544311725534, 1617866.016191611997783 ], [ 505138.757233615964651, 1617889.034626570995897 ], [ 505156.219839360506739, 1617909.27513948478736 ], [ 505173.757358372386079, 1617926.529647234594449 ], [ 505188.851776754658204, 1617940.404222561279312 ], [ 505199.289361161820125, 1617960.153939123498276 ], [ 505214.228266144637018, 1617990.778535827761516 ], [ 505220.165668134344742, 1618004.403376999078318 ], [ 505232.259952650230844, 1618013.778034987393767 ], [ 505258.072116634109989, 1618018.527289694407955 ], [ 505289.947333981166594, 1618024.90136986435391 ], [ 505308.135621032794006, 1618034.150850648526102 ], [ 505347.541936664783861, 1618043.649715121369809 ], [ 505369.742790687654633, 1618037.857064173324034 ], [ 505396.73057551815873, 1618029.521271565696225 ], [ 505413.072486654331442, 1618025.897793061332777 ], [ 505432.916379478818271, 1618021.522212027804926 ], [ 505443.604303031926975, 1618018.521898434730247 ], [ 505459.515446204808541, 1618022.899440485751256 ], [ 505487.297166109492537, 1618046.710657140938565 ], [ 505508.57375227403827, 1618066.145058427704498 ], [ 505540.876338690926787, 1618085.20613892772235 ], [ 505473.732933994324412, 1618314.476320569170639 ], [ 504804.593425827973988, 1618113.676562707638368 ], [ 504913.727730693528429, 1617879.516155971214175 ] ] ] } },
{ "type": "Feature", "properties": { "barangay": "West Triangle", "district": "DISTRICT 1", "pct_total_population": 18.7, "pct_female_population": 18.74, "pct_male_population": 18.74, "pct_children_0_4": 18.92, "pct_female_children_0_4": 18.89, "pct_male_children_0_4": 18.75, "pct_elderly_60plus": 18.64, "pct_female_elderly_60plus": 18.46, "pct_male_elderly_60plus": 18.68, "pct_childcare_facilities": 0.0, "pct_eldercare_facilities": null, "pct_pwd_facilities": null }, "geometry": { "type": "Polygon", "coordinates": [ [ [ 502783.684187545091845, 1619448.590629430720583 ], [ 502662.224103216663934, 1618899.317606370197609 ], [ 502649.76721043291036, 1618800.20686866203323 ], [ 503899.336034604813904, 1619611.193374044494703 ], [ 503645.128236465912778, 1620005.451157450443134 ], [ 503631.846878030279186, 1619993.576531438855454 ], [ 503600.784676035982557, 1619987.702428148128092 ], [ 503566.534812339465134, 1619993.578429302899167 ], [ 503502.4396690982976, 1619956.455254454165697 ], [ 503400.533454146294389, 1619952.583211784483865 ], [ 503374.936841985094361, 1619863.583866065135226 ], [ 503361.092330384242814, 1619846.459251136984676 ], [ 503323.247387904149946, 1619815.335319536272436 ], [ 503286.496802399051376, 1619796.461368466727436 ], [ 503260.40295166434953, 1619768.087098170537502 ], [ 503235.308261609927285, 1619745.21280436264351 ], [ 503221.277058618608862, 1619738.713205557083711 ], [ 503207.526957683323417, 1619735.713602090487257 ], [ 503192.244836942933034, 1619732.089042511535808 ], [ 503182.338819736323785, 1619731.839330116054043 ], [ 503172.182744144462049, 1619729.589622971368954 ], [ 503162.244774077320471, 1619730.964913135161623 ], [ 503148.588949332188349, 1619737.465316493995488 ], [ 503129.839213766157627, 1619747.215871127322316 ], [ 503114.683383882511407, 1619753.591317941900343 ], [ 503102.995455667667557, 1619756.466660471633077 ], [ 503083.5278792247409, 1619771.717241500038654 ], [ 503070.653185990639031, 1619782.717626687837765 ], [ 503047.840221205609851, 1619784.718291603494436 ], [ 503027.184120530320797, 1619781.968889066250995 ], [ 503011.465159177547321, 1619783.844347719335929 ], [ 502999.433787489135284, 1619771.46968488348648 ], [ 502995.839638607169036, 1619766.469784296816215 ], [ 502982.027377757651266, 1619757.970177104463801 ], [ 502927.058871004264802, 1619776.846793381264433 ], [ 502881.121086365252268, 1619785.848137306747958 ], [ 502856.121032208902761, 1619784.848862765589729 ], [ 502783.684187545091845, 1619448.590629430720583 ] ] ] } },
{ "type": "Feature", "properties": { "barangay": "White Plains", "district": "DISTRICT 3", "pct_total_population": 15.74, "pct_female_population": 15.73, "pct_male_population": 15.75, "pct_children_0_4": 15.69, "pct_female_children_0_4": 15.91, "pct_male_children_0_4": 15.6, "pct_elderly_60plus": 15.69, "pct_female_elderly_60plus": 15.71, "pct_male_elderly_60plus": 15.67, "pct_childcare_facilities": 20.0, "pct_eldercare_facilities": null, "pct_pwd_facilities": null }, "geometry": { "type": "Polygon", "coordinates": [ [ [ 507390.026725888892543, 1615281.712586845038459 ], [ 507261.577956968510989, 1614915.590951269259676 ], [ 507305.797444633673877, 1614930.839681655401364 ], [ 507426.359747265581973, 1614937.08618459966965 ], [ 507854.048638024716638, 1614952.948772625532001 ], [ 507872.769671149610076, 1614953.438229112653062 ], [ 507879.251729494368192, 1614955.224042555084452 ], [ 507907.827357980597299, 1614975.861232937546447 ], [ 507936.486861510609742, 1614992.196416566381231 ], [ 507962.993436396762263, 1614976.653630707645789 ], [ 507966.564670698659029, 1614984.59053490543738 ], [ 507970.081585432868451, 1615015.9454642359633 ], [ 507983.019674734270666, 1615018.570090911816806 ], [ 507981.182163398596458, 1615035.449161276221275 ], [ 507980.176431050989777, 1615044.695199799491093 ], [ 507969.738642097625416, 1615052.320510764140636 ], [ 507966.988940932846162, 1615062.695601097308099 ], [ 507969.583172357757576, 1615070.570533625083044 ], [ 507969.521397479926236, 1615078.320543211884797 ], [ 507981.492584468913265, 1615187.570305185159668 ], [ 507998.216359924292192, 1615351.319983829278499 ], [ 508011.154452870192472, 1615354.069610635284334 ], [ 508021.083903336897492, 1615369.230337346205488 ], [ 507932.97802253550617, 1615376.376904742559418 ], [ 507937.687700248439796, 1615433.946825763443485 ], [ 507962.748253988334909, 1615555.367219610372558 ], [ 507999.662696927785873, 1615706.973299358272925 ], [ 508002.044495155685581, 1615734.357257668627426 ], [ 507996.489931235206313, 1615783.966468959348276 ], [ 507997.680981964163948, 1615820.082470651483163 ], [ 508017.130400496185757, 1615902.631988474866375 ], [ 507642.454900466254912, 1615898.385871667647734 ], [ 507620.229797442967538, 1615895.608514703577384 ], [ 507607.529657882638276, 1615891.242879364639521 ], [ 507578.95458299072925, 1615889.656708111986518 ], [ 507463.066685747704469, 1615897.201083208667114 ], [ 507390.026725888892543, 1615281.712586845038459 ] ] ] } }
]
}
