name_original,address,barangay,district,major_division,sub_division,category,source_reference,latitude,longitude,open_hours,close_hours,frequency_mon_fri,frequency_saturday,frequency_sunday,bus_route,data_source
"(HIS) Hope Integrated School, Inc. ( Frmrly: T.D.S. Hope Christian Academy)","2 Iris St., Cor. Dahlia Ave., West Fairview, QC",Fairview,5.0,Schools,Private,Preschool,"Data_QC Caring Cities Tracker, QC Administrative Data - Private schools",14.6998603,121.0633756,,,,,,,Administrative data
"(HIS) Hope Integrated School, Inc. ( Frmrly: T.D.S. Hope Christian Academy)","2 Iris St., Cor. Dahlia Ave., West Fairview, QC",Fairview,5.0,Schools,Private,Elementary school,"Data_QC Caring Cities Tracker, QC Administrative Data - Private schools",14.6998603,121.0633756,,,,,,,Administrative data
"(HIS) Hope Integrated School, Inc. ( Frmrly: T.D.S. Hope Christian Academy)","2 Iris St., Cor. Dahlia Ave., West Fairview, QC",Fairview,5.0,Schools,Private,Junior high school,"Data_QC Caring Cities Tracker, QC Administrative Data - Private schools",14.6998603,121.0633756,,,,,,,Administrative data
"(HIS) Hope Integrated School, Inc. ( Frmrly: T.D.S. Hope Christian Academy)","2 Iris St., Cor. Dahlia Ave., West Fairview, QC",Fairview,5.0,Schools,Private,Senior high school,"Data_QC Caring Cities Tracker, QC Administrative Data - Private schools",14.6998603,121.0633756,,,,,,,Administrative data
15th Avenue Elementary School,,Socorro,3.0,Schools,Public,Elementary school,"Data_QC Caring Cities Tracker, QC Administrative Data - Public schools",14.6217327,121.0586013,,,,,,,Administrative data
3HAUS LEARNING HUB AND EVENTS CORPORATION,"NO. 84, ., DONA HEMADY ST. CORNER E. RODRIGUEZ AVENUE, MARIANA, QUEZON CITY, NCR, 1112",Mariana,4.0,Childcare,Public,Child learning center,BLPD,14.6237541698999,121.0317448,10:00AM,7:00PM,,,,,Administrative data
4TS PSYCHOLOGICAL SERVICES,"18, KITANLAD ST, DOÑA JOSEFA, QUEZON CITY, NCR, 1113",Doña Josefa,4.0,Long-term care and rehabilitation services,,Psychological clinic,BLPD,14.6187185,121.0045105,8:00AM,5:00PM,,,,,Administrative data
A.C.E LEARNING-BRIDGE BEHAVIORAL TRAINING AND DEVELOPMENT SERVICES,"NO. 70, 20TH AVENUE, SAN ROQUE, QUEZON CITY, NCR, 1109",San Roque,3.0,Childcare,Public,Child learning center,BLPD,14.617995,121.0645557,8:00AM,3:00PM,,,,,Administrative data
AB CHILD DEVELOPMENTAL THERAPY CENTER,"C4 , SRF BLDG, 1038, SAN FRANCISCO DEL MONTE AVE., PARAISO, QUEZON CITY, NCR, 1104",Paraiso,1.0,Long-term care and rehabilitation services,,Physical/occupational therapy school,BLPD,14.6404299930414,121.01777877696,8:00AM,5:00PM,,,,,Administrative data
"ABA LEARNING & DEVELOPMENT THERAPY CENTER, INC.","127 , JAYVEE COMMERCIAL BUILDING, LOT B, TANDANG SORA AVENUE, PASONG TAMO, QUEZON CITY, NCR, 1107",Pasong Tamo,6.0,Long-term care and rehabilitation services,,Physical/occupational therapy school,BLPD,14.6736296,121.0482078,8:00AM,5:00PM,,,,,Administrative data
"ABA LEARNING DIVERSITY THERAPY CENTER, INC.","105, ROOSEVELT AVENUE, SFDM, PARAISO, QUEZON CITY, NCR, 1104",Paraiso,1.0,Long-term care and rehabilitation services,,Physical/occupational therapy school,BLPD,14.6355979,121.0179767,8:00AM,6:00PM,,,,,Administrative data
ABA LIMITLESS' DISCOVERY' THERAPY CENTER,"ROOM 201, BBB PROPERTY RENTAL, #22 PURDUE ST., E. RODRIGUEZ, QUEZON CITY, NCR, 1102",E. Rodriguez,3.0,Long-term care and rehabilitation services,,Physical/occupational therapy school,BLPD,14.62757,121.052496,8:00AM,5:00PM,,,,,Administrative data
AC BIOMECHANICS PHYSICAL THERAPY CLINIC,"UNIT 210 2/F, REGALADO HIVE BLDG., REGALADO AVE., FAIRVIEW, QUEZON CITY, NCR, 1118",Fairview,5.0,Long-term care and rehabilitation services,,Physical therapy clinic,BLPD,14.699554538814,121.068060533135,9:00AM,7:00PM,,,,,Administrative data
ACE WATER HEALTH & SPA CENTER INC.,"399, DEL MONTE AVE., MANRESA, QUEZON CITY, NCR, 1115",Manresa,1.0,Long-term care and rehabilitation services,,Therapeutic clinic,BLPD,14.6385845850414,121.001654995272,8:00AM,5:00PM,,,,,Administrative data
"Acelina School, Inc","23 Pantabangan St., Napocor Vill., T-Sora, Q.C.",Tandang Sora,6.0,Schools,Private,Junior high school,"Data_QC Caring Cities Tracker, QC Administrative Data - Private schools",14.6847842,121.0463287,,,,,,,Administrative data
"Acelina School, Inc","23 Pantabangan St., Napocor Vill., T-Sora, Q.C.",Tandang Sora,6.0,Schools,Private,Elementary school,"Data_QC Caring Cities Tracker, QC Administrative Data - Private schools",14.6847842,121.0463287,,,,,,,Administrative data
"Acelina School, Inc","23 Pantabangan St., Napocor Vill., T-Sora, Q.C.",Tandang Sora,6.0,Schools,Private,Preschool,"Data_QC Caring Cities Tracker, QC Administrative Data - Private schools",14.6847842,121.0463287,,,,,,,Administrative data
ACES ABA INTERVENTION LEARNING AND ASSESSMENT CENTER,"BLK 50, LOT 45, NOCHE BUENA COR. PABASA ST., GREATER LAGRO, QUEZON CITY, NCR, 1100",Greater Lagro,5.0,Childcare,Public,Child learning center,BLPD,14.7270815732228,121.064002077246,8:00AM,5:00PM,,,,,Administrative data
"Achievers Academy Of Q.C., Inc.","#14 Mustang Street, Fairview, Quezon City",Fairview,5.0,Schools,Private,Junior high school,"Data_QC Caring Cities Tracker, QC Administrative Data - Private schools",14.7049287,121.0642413,,,,,,,Administrative data
"Achievers Academy Of Q.C., Inc.","#14 Mustang Street, Fairview, Quezon City",Fairview,5.0,Schools,Private,Preschool,"Data_QC Caring Cities Tracker, QC Administrative Data - Private schools",14.7049287,121.0642413,,,,,,,Administrative data
"Achievers Academy Of Q.C., Inc.","#14 Mustang Street, Fairview, Quezon City",Fairview,5.0,Schools,Private,Elementary school,"Data_QC Caring Cities Tracker, QC Administrative Data - Private schools",14.7049287,121.0642413,,,,,,,Administrative data
ACHIEVING INDEPENDENCE AND MEANINGFUL SKILL THERAPY CENTER,"UNIT F, 3RD FLR. , 38 GENERAL AVENUE, BAHAY TORO, QUEZON CITY, NCR, 1106",Bahay Toro,1.0,Long-term care and rehabilitation services,,Physical therapy clinic,BLPD,14.673919,121.025977,9:00AM,6:00PM,,,,,Administrative data
Active Thinkers Child Development Center Inc.,"41 Mustang St., Greater Fairview, Quezon City",Fairview,5.0,Schools,Private,Preschool,"Data_QC Caring Cities Tracker, QC Administrative Data - Private schools",14.7046739,121.0662275,,,,,,,Administrative data
ACUHOLISTIC HEALTH CENTER,"UNIT NO. UG-08, WINLAND TOWER RESIDENCES , 39 GRANADA STREET COR. VALENCIA STREET, VALENCIA, QUEZON CITY, NCR, 1112",Valencia,4.0,Long-term care and rehabilitation services,,Physical therapy clinic,BLPD,14.6076886437754,121.038610528712,9:30AM,4:30AM,,,,,Administrative data
"Adonia School of the Kingdom of QC., Inc.","22 Saret Talanay A., Batasan Hills, QC",Batasan Hills,2.0,Schools,Private,Junior high school,"Data_QC Caring Cities Tracker, QC Administrative Data - Private schools",14.685481,121.0995511,,,,,,,Administrative data
"Adonia School of the Kingdom of QC., Inc.","22 Saret Talanay A., Batasan Hills, QC",Batasan Hills,2.0,Schools,Private,Preschool,"Data_QC Caring Cities Tracker, QC Administrative Data - Private schools",14.685481,121.0995511,,,,,,,Administrative data
"Adonia School of the Kingdom of QC., Inc.","22 Saret Talanay A., Batasan Hills, QC",Batasan Hills,2.0,Schools,Private,Elementary school,"Data_QC Caring Cities Tracker, QC Administrative Data - Private schools",14.685481,121.0995511,,,,,,,Administrative data
AGAPE LEARNING AND DEVELOPMENT CENTER,"B&E BUILDING, 331 FPJ AVENUE, KATIPUNAN, QUEZON CITY, NCR, 1105",Katipunan,1.0,Childcare,Public,Child learning center,BLPD,14.6556502,121.0186823,8:00AM,6:00PM,,,,,Administrative data
AGAPE MULTISPECIALTY REHABILITATION CENTER CORP.,"UNIT 2 G/F,  NEOPOLITAN BUSINESS PARK, BLOCK 8, LOT 1, BELFAST AVE., GREATER LAGRO, QUEZON CITY, NCR, 1100",Greater Lagro,5.0,Long-term care and rehabilitation services,,Physical therapy clinic,BLPD,14.7294111541748,121.05632575,8:00AM,7:00PM,,,,,Administrative data
Aguardiente,"1st floor Barangay Sta Monica Daycare Center Building, Pugong Ginto St., Aguardiente, Brgy. Sta Monica",Sta. Monica,5.0,Childcare,Public,Child development center and supervised neighborhood play,"Data_QC Caring Cities Tracker, QC Administrative Data - Child",14.7155688,121.0462667,,,,,,,Administrative data
Aguinaldo Elementary School,,San Roque,3.0,Schools,Public,Elementary school,"Data_QC Caring Cities Tracker, QC Administrative Data - Public schools",14.6172413,121.0632726,,,,,,,Administrative data
Aim High Learning School,"B11L39, Sugartown Subdivision, Batasan Hills, QC",Batasan Hills,2.0,Schools,Private,Preschool,"Data_QC Caring Cities Tracker, QC Administrative Data - Private schools",14.6911139,121.1000764,,,,,,,Administrative data
Aim High Learning School,"B11L39, Sugartown Subdivision, Batasan Hills, QC",Batasan Hills,2.0,Schools,Private,Elementary school,"Data_QC Caring Cities Tracker, QC Administrative Data - Private schools",14.6911139,121.1000764,,,,,,,Administrative data
ALL WAYS THERAPY CENTER CORP.,"UNIT I29-I30, THE STRIP AT CIRCULO VERDE, CALLE INDUSTRIA, BAGUMBAYAN, QUEZON CITY, NCR, 1110",Bagumbayan,3.0,Long-term care and rehabilitation services,,Physical/occupational therapy school,BLPD,14.6005671541367,121.0880539,8:00AM,5:00PM,,,,,Administrative data
ALLIED INTERNATIONAL MEDICAL INC.,"LOT 3-4 BLK 2, VIPRA STREET, SANGANDAAN, QUEZON CITY, NCR, 1116",Sangandaan,6.0,Long-term care and rehabilitation services,,Physical therapy clinic,BLPD,14.6775182041647,121.0188042,9:00AM,6:00PM,,,,,Administrative data
"Alternative Learning Resource School-Philippines (ALRES-Phils.), Inc.","No. 26-B Agno St., Doña Josefa, QC",Doña Josefa,4.0,Schools,Private,Special Education Program,"Data_QC Caring Cities Tracker, QC Administrative Data - Private schools",14.6209791,121.0072901,,,,,,,Administrative data
ALTIORA ABILITY  THERAPY AND EDUCATION CENTER INC.,"UNIT B, BLOCK 9, LOT 1, CAMARO STREET CORNER PEARL DRIVE, CAMARO VILLA, FAIRVIEW, QUEZON CITY, NCR, 1118",Fairview,5.0,Long-term care and rehabilitation services,,Physical/occupational therapy school,BLPD,14.7088372462877,121.071443671164,8:00PM,5:00PM,,,,,Administrative data
"AMA Basic Education - Quezon City, Inc.","Maximina St., Villa Arca Subd. Project 8, Quezon City",Balong-bato,6.0,Schools,Private,Senior high school,"Data_QC Caring Cities Tracker, QC Administrative Data - Private schools",14.6651826,121.003769,,,,,,,Administrative data
"AMA Basic Education - Quezon City, Inc.","Maximina St., Villa Arca Subd. Project 8, Quezon City",Balong-bato,6.0,Schools,Private,Junior high school,"Data_QC Caring Cities Tracker, QC Administrative Data - Private schools",14.6651826,121.003769,,,,,,,Administrative data
"AMA Basic Education - Quezon City, Inc.","Maximina St., Villa Arca Subd. Project 8, Quezon City",Balong-bato,6.0,Schools,Private,Elementary school,"Data_QC Caring Cities Tracker, QC Administrative Data - Private schools",14.6651826,121.003769,,,,,,,Administrative data
"AMA Basic Education - Quezon City, Inc.","Maximina St., Villa Arca Subd. Project 8, Quezon City",Balong-bato,6.0,Schools,Private,Preschool,"Data_QC Caring Cities Tracker, QC Administrative Data - Private schools",14.6651826,121.003769,,,,,,,Administrative data
AMA Computer University - Fairview,"Blk 61, Lot 28-31, Bristol St. Cor. Regalado Ave., Brgy. North Fairview, Q.C.",North Fairview,5.0,Schools,Private,Senior high school,"Data_QC Caring Cities Tracker, QC Administrative Data - Private schools",14.7200717,121.0647366,,,,,,,Administrative data
Amorsolo,"Barangay Hall Compd., Pook Amorsolo Brgy. UP Campus",U. P. Campus,4.0,Childcare,Public,Child development center and supervised neighborhood play,"Data_QC Caring Cities Tracker, QC Administrative Data - Child",14.6474942,121.0656658,,,,,,,Administrative data
Amorsolo II,"Barangay Hall Compd., Pook Amorsolo Brgy. UP Campus",U. P. Campus,4.0,Childcare,Public,Child development center and supervised neighborhood play,"Data_QC Caring Cities Tracker, QC Administrative Data - Child",14.6459479,121.065374,,,,,,,Administrative data
ANGEL CARE CUSTODIAL SERVICE,"102 INT 3, SAN MIGUEL VILL, PASONG TAMO, QUEZON CITY, NCR, 1107",Pasong Tamo,6.0,Long-term care and rehabilitation services,,Psychiatric rehabilitation center,BLPD,14.6760447716073,121.046181438572,10:00AM,5:00PM,,,,,Administrative data
"Anima Christi Academy, Inc.","#54 Kagawad Road, Talanay, Batasan Hills, QC",Batasan Hills,2.0,Schools,Private,Preschool,"Data_QC Caring Cities Tracker, QC Administrative Data - Private schools",14.683621,121.099086,,,,,,,Administrative data
"Anima Christi Academy, Inc.","#54 Kagawad Road, Talanay, Batasan Hills, QC",Batasan Hills,2.0,Schools,Private,Elementary school,"Data_QC Caring Cities Tracker, QC Administrative Data - Private schools",14.683621,121.099086,,,,,,,Administrative data
APEC Schools,"Regalado H-way Cor. Bronx St., Brgy. North Fairview, QC",North Fairview,5.0,Schools,Private,Senior high school,"Data_QC Caring Cities Tracker, QC Administrative Data - Private schools",14.7165128,121.0612049,,,,,,,Administrative data
"APEC Schools - V. Luna Avenue, Brgy. Pinyahan","No. 31 V. Luna Ave. Cor. Mabilis St., Brgy. Pinyahan, QC",Pinyahan,4.0,Schools,Private,Senior high school,"Data_QC Caring Cities Tracker, QC Administrative Data - Private schools",14.6373019,121.0500199,,,,,,,Administrative data
Apo Ville,"Multi-Purpose Hall Delta Vill. Ext., Tandang Sora",Tandang Sora,6.0,Childcare,Public,Child development center and supervised neighborhood play,"Data_QC Caring Cities Tracker, QC Administrative Data - Child",14.686686,121.0381909,,,,,,,Administrative data
Apolonio Samson,"Kaingin Rd., Bgy. Hall Apolonio Samson",Apolonio Samson,6.0,Childcare,Public,Child development center and supervised neighborhood play,"Data_QC Caring Cities Tracker, QC Administrative Data - Child",14.6553282,121.0116936,,,,,,,Administrative data
Apolonio Samson Annex,Bgy. Apolonio Samson,Apolonio Samson,6.0,Childcare,Public,Child development center and supervised neighborhood play,"Data_QC Caring Cities Tracker, QC Administrative Data - Child",14.6553282,121.0116936,,,,,,,Administrative data
Apolonio Samson ES,,Apolonio Samson,6.0,Schools,Public,Elementary school,"Data_QC Caring Cities Tracker, QC Administrative Data - Public schools",14.654723,121.008911,,,,,,,Administrative data
Apolonio Samson National High School,,Apolonio Samson,6.0,Schools,Public,Senior high school,"Data_QC Caring Cities Tracker, QC Administrative Data - Public schools",14.6549057,121.0114102,,,,,,,Administrative data
"Apple Tree Integrated School, Inc.","199 D. Tuazon St., Sta. Mesa Heigths, Quezon City",Maharlika,1.0,Schools,Private,Preschool,"Data_QC Caring Cities Tracker, QC Administrative Data - Private schools",14.6340314,120.9973566,,,,,,,Administrative data
"Apple Tree Integrated School, Inc.","199 D. Tuazon St., Sta. Mesa Heigths, Quezon City",Maharlika,1.0,Schools,Private,Elementary school,"Data_QC Caring Cities Tracker, QC Administrative Data - Private schools",14.6340314,120.9973566,,,,,,,Administrative data
"Apple Tree Integrated School, Inc.","37 Don Manuel St., Corner Dr. Alejos, Brgy Salvacion, Quezon City",Salvacion,1.0,Schools,Private,Elementary school,"Data_QC Caring Cities Tracker, QC Administrative Data - Private schools",14.6280126,120.9949751,,,,,,,Administrative data
"Apple Tree Integrated School, Inc.","37 Don Manuel St., Corner Dr. Alejos, Brgy Salvacion, Quezon City",Salvacion,1.0,Schools,Private,Preschool,"Data_QC Caring Cities Tracker, QC Administrative Data - Private schools",14.6280126,120.9949751,,,,,,,Administrative data
Area 3 Sitio Talanay,"Lot 16 Block 26 Ground Floor, Precious Complex, Area 3 Sitio Talanay, Brgy. Batasan Hills",Batasan Hills,2.0,Childcare,Public,Child development center and supervised neighborhood play,"Data_QC Caring Cities Tracker, QC Administrative Data - Child",14.683621,121.099086,,,,,,,Administrative data
Area 5,"Lot 1 Block 18, Baesang Pass St., Area 5, Sitio Veterans, Brgy. Bagong Silangan",Bagong Silangan,2.0,Childcare,Public,Child development center and supervised neighborhood play,"Data_QC Caring Cities Tracker, QC Administrative Data - Child",14.7043112,121.109457,,,,,,,Administrative data
Area I Luzon,"Mafran Area I, Brgy. Matandang Balara",Matandang Balara,3.0,Childcare,Public,Child development center and supervised neighborhood play,"Data_QC Caring Cities Tracker, QC Administrative Data - Child",14.6717796,121.0743781,,,,,,,Administrative data
Area VA,"Area 5 Luzon near INC Church, Brgy. Matandang Balara",Matandang Balara,3.0,Childcare,Public,Child development center and supervised neighborhood play,"Data_QC Caring Cities Tracker, QC Administrative Data - Child",14.6714426,121.0700149,,,,,,,Administrative data
Area VB,"2nd floor, Old Balara, Area 5 Luzon, Brgy. Matandang Balara",Matandang Balara,3.0,Childcare,Public,Child development center and supervised neighborhood play,"Data_QC Caring Cities Tracker, QC Administrative Data - Child",14.6727334,121.0764152,,,,,,,Administrative data
Asamba,Asamba Compound Sitio Compound,Baesa,6.0,Childcare,Public,Child development center and supervised neighborhood play,"Data_QC Caring Cities Tracker, QC Administrative Data - Child",14.665528,121.0164817,,,,,,,Administrative data
Asian Institute of Science and Technology - Fairview,"Fairview Ave., Greater Lagro, QC",Greater Lagro,5.0,Schools,Private,Senior high school,"Data_QC Caring Cities Tracker, QC Administrative Data - Private schools",14.7179274,121.0548378,,,,,,,Administrative data
ASN PHYSICAL THERAPY AND WELLNESS CENTER  (OPC),"4, STO DOMINGO BLDG. , SANTO DOMINGO AVE., STO. DOMINGO, QUEZON CITY, NCR, 1114",Sto. Domingo,1.0,Long-term care and rehabilitation services,,Physical therapy clinic,BLPD,14.6270681,121.0110123,8:00AM,8:00PM,,,,,Administrative data
ASPIRE IN MOTION PLAY THERAPY CENTER OPC,"UNIT 2 2ND FLOOR 172 , D. TUAZON ST , STA. MESA HEIGHTS , MAHARLIKA, QUEZON CITY, NCR, 1114",Maharlika,1.0,Long-term care and rehabilitation services,,Rehabilitation clinic,BLPD,14.6318047278705,120.998853559525,9:00AM,5:00PM,,,,,Administrative data
Asprer,"Area 6, Bgy. Bagong Silangan, Brgy. Bagong Silangan",Bagong Silangan,2.0,Childcare,Public,Child development center and supervised neighborhood play,"Data_QC Caring Cities Tracker, QC Administrative Data - Child",14.7043112,121.109457,,,,,,,Administrative data
Ateneo de Manila University,"Katipunan Ave., Brgy. Loyola Hgts., Quezon City",Loyola Heights,3.0,Schools,Private,Preschool,"Data_QC Caring Cities Tracker, QC Administrative Data - Private schools",14.6374887,121.0745575,,,,,,,Administrative data
Ateneo de Manila University,"Katipunan Ave., Brgy. Loyola Hgts., Quezon City",Loyola Heights,3.0,Schools,Private,Elementary school,"Data_QC Caring Cities Tracker, QC Administrative Data - Private schools",14.6374887,121.0745575,,,,,,,Administrative data
Ateneo de Manila University,"Katipunan Ave., Brgy. Loyola Hgts., Quezon City",Loyola Heights,3.0,Schools,Private,Junior high school,"Data_QC Caring Cities Tracker, QC Administrative Data - Private schools",14.6374887,121.0745575,,,,,,,Administrative data
Ateneo de Manila University,"Katipunan Ave., Brgy. Loyola Hgts., Quezon City",Loyola Heights,3.0,Schools,Private,Senior high school,"Data_QC Caring Cities Tracker, QC Administrative Data - Private schools",14.6374887,121.0745575,,,,,,,Administrative data
"Atherton School, Inc.","B64, Atherton St., North Fairview Subd., Fairview, QC",North Fairview,5.0,Schools,Private,Elementary school,"Data_QC Caring Cities Tracker, QC Administrative Data - Private schools",14.708807,121.0629935,,,,,,,Administrative data
"Atherton School, Inc.","B64, Atherton St., North Fairview Subd., Fairview, QC",North Fairview,5.0,Schools,Private,Junior high school,"Data_QC Caring Cities Tracker, QC Administrative Data - Private schools",14.708807,121.0629935,,,,,,,Administrative data
"Atherton School, Inc.","B64, Atherton St., North Fairview Subd., Fairview, QC",North Fairview,5.0,Schools,Private,Preschool,"Data_QC Caring Cities Tracker, QC Administrative Data - Private schools",14.708807,121.0629935,,,,,,,Administrative data
"Atherton School, Inc.","B64, Atherton St., North Fairview Subd., Fairview, QC",North Fairview,5.0,Schools,Private,Senior high school,"Data_QC Caring Cities Tracker, QC Administrative Data - Private schools",14.708807,121.0629935,,,,,,,Administrative data
ATOA ARTS AND PLAY CENTER,"0717, GD PLAZA, QUIRINO HIGHWAY, SAN BARTOLOME, QUEZON CITY, NCR, 1116",San Bartolome,5.0,Childcare,Public,Child learning center,BLPD,14.7049001206846,121.037625740608,10:00AM,9:00PM,,,,,Administrative data
Aurora A. Quezon ES,,Doña Aurora,4.0,Schools,Public,Elementary school,"Data_QC Caring Cities Tracker, QC Administrative Data - Public schools",14.61607,121.0083827,,,,,,,Administrative data
Avon,"13-A Avon St., North Fairview Subd., Brgy. North Fairview",North Fairview,5.0,Childcare,Public,Child development center and supervised neighborhood play,"Data_QC Caring Cities Tracker, QC Administrative Data - Child",14.7085248,121.0650054,,,,,,,Administrative data
Azucena,"Azucena St., Brgy. Payatas",Payatas,2.0,Childcare,Public,Child development center and supervised neighborhood play,"Data_QC Caring Cities Tracker, QC Administrative Data - Child",14.6975114,121.0965389,,,,,,,Administrative data
BACKINLINE POSTURE CLINICS CORPORATION,"AX3 234 UPPER GROUNDFLOOR, SM CITY FAIRVIEW, QUIRINO HIWAY CORNER REGALADO AVENUE, GREATER LAGRO, QUEZON CITY, NCR, 1100",Greater Lagro,5.0,Long-term care and rehabilitation services,,Physical therapy clinic,BLPD,14.7344956526735,121.056214492745,10:00AM,9:00PM,,,,,Administrative data
BADGES THERAPY CENTER,"24-A, K-8TH, WEST KAMIAS, QUEZON CITY, NCR, 1102",West Kamias,3.0,Long-term care and rehabilitation services,,Physical therapy clinic,BLPD,14.6297773041453,121.0477283,8:00AM,5:00PM,,,,,Administrative data
Bagbag Elementary School,,Bagbag,5.0,Schools,Public,Elementary school,"Data_QC Caring Cities Tracker, QC Administrative Data - Public schools",14.6909427,121.0313225,,,,,,,Administrative data
Bago Bantay Elementary School,,Ramon Magsaysay,1.0,Schools,Public,Elementary school,"Data_QC Caring Cities Tracker, QC Administrative Data - Public schools",14.660247,121.022955,,,,,,,Administrative data
Bagong Pag-asa,Road 9 cor. Road 11,Bagong Pag-Asa,1.0,Childcare,Public,Child development center and supervised neighborhood play,"Data_QC Caring Cities Tracker, QC Administrative Data - Child",14.6623978,121.0330565,,,,,,,Administrative data
Bagong Pag-Asa Elementary School,,Bagong Pag-Asa,1.0,Schools,Public,Elementary school,"Data_QC Caring Cities Tracker, QC Administrative Data - Public schools",14.6631564,121.0341324,,,,,,,Administrative data
Bagong Silangan,"Lot 1, Block 18, Bonifacio St., corner Geronimo St. (beside Brgy. Hall), Brgy. Bagong Silangan",Bagong Silangan,2.0,Childcare,Public,Child development center and supervised neighborhood play,"Data_QC Caring Cities Tracker, QC Administrative Data - Child",14.6987841,121.1089077,,,,,,,Administrative data
Bagong Silangan Elementary School,,Bagong Silangan,2.0,Schools,Public,Elementary school,"Data_QC Caring Cities Tracker, QC Administrative Data - Public schools",14.6966872,121.1100396,,,,,,,Administrative data
Bagong Silangan HS,,Bagong Silangan,2.0,Schools,Public,High school,"Data_QC Caring Cities Tracker, QC Administrative Data - Public schools",14.6962659,121.1094572,,,,,,,Administrative data
Bagumbayan,"75 San Roque St., Brgy. Bagumbayan",Bagumbayan,3.0,Childcare,Public,Child development center and supervised neighborhood play,"Data_QC Caring Cities Tracker, QC Administrative Data - Child",14.6095625,121.0816346,,,,,,,Administrative data
Bagumbayan Elementary School,,Bagumbayan,3.0,Schools,Public,Elementary school,"Data_QC Caring Cities Tracker, QC Administrative Data - Public schools",14.6079518,121.0826464,,,,,,,Administrative data
Bagumbuhay,"Plaza Malvar, Malvar St., Brgy. Bagumbuhay",Bagumbuhay,3.0,Childcare,Public,Child development center and supervised neighborhood play,"Data_QC Caring Cities Tracker, QC Administrative Data - Child",14.6255458,121.0643433,,,,,,,Administrative data
Bahay Bulilit,4 Misamis Ext. RSCC Compound,Sto. Cristo,1.0,Childcare,Public,Child development center and supervised neighborhood play,"Data_QC Caring Cities Tracker, QC Administrative Data - Child",14.6600273,121.0282229,,,,,,,Administrative data
Bahay Bulilit,"Bgy.Hall Compound, Villa Beatriz, Brgy. Matandang Balara",Matandang Balara,3.0,Childcare,Public,Child development center and supervised neighborhood play,"Data_QC Caring Cities Tracker, QC Administrative Data - Child",14.6715561,121.0745689,,,,,,,Administrative data
Bahay Pangarap,"48 Bulacan St., near brgy. hall, Brgy. Payatas",Payatas,2.0,Childcare,Public,Child development center and supervised neighborhood play,"Data_QC Caring Cities Tracker, QC Administrative Data - Child",14.7162214,121.1014905,,,,,,,Administrative data
Bakas,"052A Bakas Compound, Brgy. Bagong Silangan",Bagong Silangan,2.0,Childcare,Public,Child development center and supervised neighborhood play,"Data_QC Caring Cities Tracker, QC Administrative Data - Child",14.69341,121.1091566,,,,,,,Administrative data
Balagtas,25 Balagtas St. cor. M. Aquino St. Brgy. Sta. Lucia,Sta. Lucia,5.0,Childcare,Public,Child development center and supervised neighborhood play,"Data_QC Caring Cities Tracker, QC Administrative Data - Child",14.7063085,121.0496824,,,,,,,Administrative data
Balara Elementary School,,Matandang Balara,3.0,Schools,Public,Elementary school,"Data_QC Caring Cities Tracker, QC Administrative Data - Public schools",14.6726028,121.0766836,,,,,,,Administrative data
Balara High School,,Matandang Balara,3.0,Schools,Public,High school,"Data_QC Caring Cities Tracker, QC Administrative Data - Public schools",14.6516875,121.0785625,,,,,,,Administrative data
BALBINA R. MARCELO LEARNING CENTER INC.,"29, ROAD 7, BAGONG PAG-ASA, QUEZON CITY, NCR, 1105",Bagong Pag-Asa,1.0,Childcare,Public,Child learning center,BLPD,14.6613932,121.0336178,8:00AM,4:00PM,,,,,Administrative data
"Balbina R. Marcelo Lrng. Ctr., Inc.","# 29 Road 7, Pag-asa, Q.C.",Bagong Pag-Asa,1.0,Schools,Private,Preschool,"Data_QC Caring Cities Tracker, QC Administrative Data - Private schools",14.6613932,121.0336178,,,,,,,Administrative data
Balingasa Elementary School,,Balingasa,1.0,Schools,Public,Elementary school,"Data_QC Caring Cities Tracker, QC Administrative Data - Public schools",14.652218,121.001282,,,,,,,Administrative data
Balingasa High School,,Balingasa,1.0,Schools,Public,High school,"Data_QC Caring Cities Tracker, QC Administrative Data - Public schools",14.6478575,121.0043008,,,,,,,Administrative data
Balumbato Elementary School,,Balong-Bato,6.0,Schools,Public,Elementary school,"Data_QC Caring Cities Tracker, QC Administrative Data - Public schools",14.6627943,121.0039423,,,,,,,Administrative data
Banaba,"Banaba St., Brgy. Payatas",Payatas,2.0,Childcare,Public,Child development center and supervised neighborhood play,"Data_QC Caring Cities Tracker, QC Administrative Data - Child",14.7183298,121.1108895,,,,,,,Administrative data
Barangay Complex,"Don Faustino St., (inside Barangay Hall compound) Brgy. Holy Spirit",Holy Spirit,2.0,Childcare,Public,Child development center and supervised neighborhood play,"Data_QC Caring Cities Tracker, QC Administrative Data - Child",14.6823067,121.0772425,,,,,,,Administrative data
Batasan Hills National HS,,Batasan Hills,2.0,Schools,Public,High school,"Data_QC Caring Cities Tracker, QC Administrative Data - Public schools",14.6891559,121.0949519,,,,,,,Administrative data
Batino Elementary School,,Amihan,3.0,Schools,Public,Elementary school,"Data_QC Caring Cities Tracker, QC Administrative Data - Public schools",14.6325912,121.0702438,,,,,,,Administrative data
Bayanihan,"321 Pedro Martinez St. Project 4, Brgy. Bayanihan",Bayanihan,3.0,Childcare,Public,Child development center and supervised neighborhood play,"Data_QC Caring Cities Tracker, QC Administrative Data - Child",14.6147687,121.0692099,,,,,,,Administrative data
Bayanihan Elementary School,,Paltok,1.0,Schools,Public,Elementary school,"Data_QC Caring Cities Tracker, QC Administrative Data - Public schools",14.645029,121.021752,,,,,,,Administrative data
"BEBU CHILD CARE SOLUTIONS, INC.","3, MT. MORRISON STREET, FILINVEST 1, BATASAN HILLS, QUEZON CITY, NCR, 1126",Batasan Hills,2.0,Childcare,Public,Child learning center,BLPD,14.6801958,121.092212,7:30AM,5:30PM,,,,,Administrative data
Benedictine International School of Q.C.,"288 Manotok Drive, Capitol Hills, Old Balara, Quezon City",Matandang Balara,3.0,Schools,Private,Junior high school,"Data_QC Caring Cities Tracker, QC Administrative Data - Private schools",14.6667008,121.0827735,,,,,,,Administrative data
Benedictine International School of Q.C.,"288 Manotok Drive, Capitol Hills, Old Balara, Quezon City",Matandang Balara,3.0,Schools,Private,Preschool,"Data_QC Caring Cities Tracker, QC Administrative Data - Private schools",14.6667008,121.0827735,,,,,,,Administrative data
Benedictine International School of Q.C.,"288 Manotok Drive, Capitol Hills, Old Balara, Quezon City",Matandang Balara,3.0,Schools,Private,Elementary school,"Data_QC Caring Cities Tracker, QC Administrative Data - Private schools",14.6667008,121.0827735,,,,,,,Administrative data
Benedictine International School of Q.C.,"288 Manotok Drive, Capitol Hills, Old Balara, Quezon City",Matandang Balara,3.0,Schools,Private,Senior high school,"Data_QC Caring Cities Tracker, QC Administrative Data - Private schools",14.6667008,121.0827735,,,,,,,Administrative data
Benigno S. Aquino Jr. Elementary School,,Commonwealth,2.0,Schools,Public,Elementary school,"Data_QC Caring Cities Tracker, QC Administrative Data - Public schools",14.6974474,121.0883273,,,,,,,Administrative data
Bestlink College of the Philippines,"762 Topaz corner Sapphire Street, Millionares Village, San Agustin",San Agustin,5.0,Schools,Private,Senior high school,"Data_QC Caring Cities Tracker, QC Administrative Data - Private schools",14.7265562,121.0357761,,,,,,,Administrative data
Bethel Christian School of Holy Spirit,"3 Tulip St., Vet. Vill., Brgy. Holy Spirit, QC",Holy Spirit,2.0,Schools,Private,Senior high school,"Data_QC Caring Cities Tracker, QC Administrative Data - Private schools",14.6854847,121.0711117,,,,,,,Administrative data
Bethel Christian School of Holy Spirit,"3 Tulip St., Vet. Vill., Brgy. Holy Spirit, QC",Holy Spirit,2.0,Schools,Private,Preschool,"Data_QC Caring Cities Tracker, QC Administrative Data - Private schools",14.6854847,121.0711117,,,,,,,Administrative data
Bethel Christian School of Holy Spirit,"3 Tulip St., Vet. Vill., Brgy. Holy Spirit, QC",Holy Spirit,2.0,Schools,Private,Elementary school,"Data_QC Caring Cities Tracker, QC Administrative Data - Private schools",14.6854847,121.0711117,,,,,,,Administrative data
Bethel Christian School of Holy Spirit,"3 Tulip St., Vet. Vill., Brgy. Holy Spirit, QC",Holy Spirit,2.0,Schools,Private,Junior high school,"Data_QC Caring Cities Tracker, QC Administrative Data - Private schools",14.6854847,121.0711117,,,,,,,Administrative data
Betty Go Belmonte ES,,Doña Imelda,4.0,Schools,Public,Elementary school,"Data_QC Caring Cities Tracker, QC Administrative Data - Public schools",14.6152431,121.018546,,,,,,,Administrative data
"Beulah Land Christian College, Inc. (Frmrly IEMELIF Learning Ctr., Inc.)","Marytown Circle Greenfields I, Kaligayahan, Nova., Quezon City",Kaligayahan,5.0,Schools,Private,Preschool,"Data_QC Caring Cities Tracker, QC Administrative Data - Private schools",14.7326737,121.0417217,,,,,,,Administrative data
"Beulah Land Christian College, Inc. (Frmrly IEMELIF Learning Ctr., Inc.)","Marytown Circle Greenfields I, Kaligayahan, Nova., Quezon City",Kaligayahan,5.0,Schools,Private,Elementary school,"Data_QC Caring Cities Tracker, QC Administrative Data - Private schools",14.7326737,121.0417217,,,,,,,Administrative data
"Beulah Land Christian College, Inc. (Frmrly IEMELIF Learning Ctr., Inc.)","Marytown Circle Greenfields I, Kaligayahan, Nova., Quezon City",Kaligayahan,5.0,Schools,Private,Junior high school,"Data_QC Caring Cities Tracker, QC Administrative Data - Private schools",14.7326737,121.0417217,,,,,,,Administrative data
"Beulah Land Christian College, Inc. (Frmrly IEMELIF Learning Ctr., Inc.)","Marytown Circle Greenfields I, Kaligayahan, Nova., Quezon City",Kaligayahan,5.0,Schools,Private,Senior high school,"Data_QC Caring Cities Tracker, QC Administrative Data - Private schools",14.7326737,121.0417217,,,,,,,Administrative data
Bistekville 2,"1st Flr Bistekville II Multi-Purpose Hall Building, Brgy. Kaligayahan",Kaligayahan,5.0,Childcare,Public,Child development center and supervised neighborhood play,"Data_QC Caring Cities Tracker, QC Administrative Data - Child",14.7324741,121.0432038,,,,,,,Administrative data
Blessed Exodus Christian Aca.,"B2L8-9 Amlacville Subd., Payatas B. Q.C.",Payatas,2.0,Schools,Private,Elementary school,"Data_QC Caring Cities Tracker, QC Administrative Data - Private schools",14.7191856,121.1068096,,,,,,,Administrative data
Blessed Exodus Christian Aca.,"B2L8-9 Amlacville Subd., Payatas B. Q.C.",Payatas,2.0,Schools,Private,Preschool,"Data_QC Caring Cities Tracker, QC Administrative Data - Private schools",14.7191856,121.1068096,,,,,,,Administrative data
Blessed Exodus Christian Aca.,"B2L8-9 Amlacville Subd., Payatas B. Q.C.",Payatas,2.0,Schools,Private,Junior high school,"Data_QC Caring Cities Tracker, QC Administrative Data - Private schools",14.7191856,121.1068096,,,,,,,Administrative data
"Blessed Kiddie Educational Center of Quezon City, Inc","#17 Airforce Road, Veterans Vill., Brgy. Holy Spirit,, Quezon City",Holy Spirit,2.0,Schools,Private,Preschool,"Data_QC Caring Cities Tracker, QC Administrative Data - Private schools",14.6817074,121.0732801,,,,,,,Administrative data
"Blessed Kiddie Educational Center of Quezon City, Inc","#17 Airforce Road, Veterans Vill., Brgy. Holy Spirit,, Quezon City",Holy Spirit,2.0,Schools,Private,Junior high school,"Data_QC Caring Cities Tracker, QC Administrative Data - Private schools",14.6817074,121.0732801,,,,,,,Administrative data
"Blessed Kiddie Educational Center of Quezon City, Inc","#17 Airforce Road, Veterans Vill., Brgy. Holy Spirit,, Quezon City",Holy Spirit,2.0,Schools,Private,Elementary school,"Data_QC Caring Cities Tracker, QC Administrative Data - Private schools",14.6817074,121.0732801,,,,,,,Administrative data
Blessed Sacrament Parochial School,"J.P. Ramoy St., Talipapa, Nova., QC",Talipapa,6.0,Schools,Private,Elementary school,"Data_QC Caring Cities Tracker, QC Administrative Data - Private schools",14.6861252,121.0232131,,,,,,,Administrative data
Blessed Sacrament Parochial School,"J.P. Ramoy St., Talipapa, Nova., QC",Talipapa,6.0,Schools,Private,Junior high school,"Data_QC Caring Cities Tracker, QC Administrative Data - Private schools",14.6861252,121.0232131,,,,,,,Administrative data
Blessed Sacrament Parochial School,"J.P. Ramoy St., Talipapa, Nova., QC",Talipapa,6.0,Schools,Private,Senior high school,"Data_QC Caring Cities Tracker, QC Administrative Data - Private schools",14.6861252,121.0232131,,,,,,,Administrative data
Blessed Sacrament Parochial School,"J.P. Ramoy St., Talipapa, Nova., QC",Talipapa,6.0,Schools,Private,Preschool,"Data_QC Caring Cities Tracker, QC Administrative Data - Private schools",14.6861252,121.0232131,,,,,,,Administrative data
BLH PLAY CENTER,"41, MT. MICKINLEY ST., FILINVEST 1 SUBD., BATASAN HILLS, QUEZON CITY, NCR, 1126",Batasan Hills,2.0,Childcare,Public,Child learning center,BLPD,14.6804887603741,121.089043152562,9:00AM,11:00AM,,,,,Administrative data
Bloomridge Integrated School,"#248 General Luis St., Brgy. Nova.,Nova., QC",Novaliches Proper,5.0,Schools,Private,Elementary school,"Data_QC Caring Cities Tracker, QC Administrative Data - Private schools",14.7217158,121.0384032,,,,,,,Administrative data
Bloomridge Integrated School,"#248 General Luis St., Brgy. Nova.,Nova., QC",Novaliches Proper,5.0,Schools,Private,Preschool,"Data_QC Caring Cities Tracker, QC Administrative Data - Private schools",14.7217158,121.0384032,,,,,,,Administrative data
Bloomridge Integrated School,"#248 General Luis St., Brgy. Nova.,Nova., QC",Novaliches Proper,5.0,Schools,Private,Junior high school,"Data_QC Caring Cities Tracker, QC Administrative Data - Private schools",14.7217158,121.0384032,,,,,,,Administrative data
Bloomridge Integrated School,"#248 General Luis St., Brgy. Nova.,Nova., QC",Novaliches Proper,5.0,Schools,Private,Senior high school,"Data_QC Caring Cities Tracker, QC Administrative Data - Private schools",14.7217158,121.0384032,,,,,,,Administrative data
Blue Bonino Academy,"22 Unit A, Congressional Ave., Brgy. Bahay Toro, Quezon City",Bahay Toro,1.0,Schools,Private,Special Education Program,"Data_QC Caring Cities Tracker, QC Administrative Data - Private schools",14.6647356,121.0216614,,,,,,,Administrative data
Blue Bonino Academy,"22 Unit A, Congressional Ave., Brgy. Bahay Toro, Quezon City",Bahay Toro,1.0,Schools,Private,Preschool,"Data_QC Caring Cities Tracker, QC Administrative Data - Private schools",14.6647356,121.0216614,,,,,,,Administrative data
BLUE BONINO ACADEMY INCORPORATED,"NO. 1 DIAMANTE ST., PANGILINAN COMPOUND, TANDANG SORA, QUEZON CITY, NCR, 1116",Tandang Sora,6.0,Schools,Private,Private school,BLPD,14.6715537576735,121.039390075,8:00AM,5:00PM,,,,,Administrative data
Blue Ridge Christian Aca.,"549 Boni Serrano Rd. Bayanihan, Murphy, Q.C.",Bayanihan,3.0,Schools,Private,Preschool,"Data_QC Caring Cities Tracker, QC Administrative Data - Private schools",14.61708,121.07097,,,,,,,Administrative data
Blue Ridge Christian Aca.,"549 Boni Serrano Rd. Bayanihan, Murphy, Q.C.",Bayanihan,3.0,Schools,Private,Elementary school,"Data_QC Caring Cities Tracker, QC Administrative Data - Private schools",14.61708,121.07097,,,,,,,Administrative data
Blue Ridge Christian Aca.,"549 Boni Serrano Rd. Bayanihan, Murphy, Q.C.",Bayanihan,3.0,Schools,Private,Junior high school,"Data_QC Caring Cities Tracker, QC Administrative Data - Private schools",14.61708,121.07097,,,,,,,Administrative data
BOFILL PSYCHOLOGICAL SERVICES INC.,"SF01 ONE MAYON PLACE, MAYON ST., STA. TERESITA, QUEZON CITY, NCR, 1114",Sta. Teresita,1.0,Long-term care and rehabilitation services,,Psychological clinic,BLPD,14.6198499,121.0008814,8:00AM,5:00PM,,,,,Administrative data
Bonifacio,"2/F BPSO Building, Brgy. Hall Compound, A. Bonifacio St. Brgy. Sta. Lucia Ave.",Sta. Lucia,5.0,Childcare,Public,Child development center and supervised neighborhood play,"Data_QC Caring Cities Tracker, QC Administrative Data - Child",14.7065534,121.0532934,,,,,,,Administrative data
Bonifacio Memorial Elementary School,,Unang Sigaw,6.0,Schools,Public,Elementary school,"Data_QC Caring Cities Tracker, QC Administrative Data - Public schools",14.6583025,120.9992825,,,,,,,Administrative data
Botanical,128 Orchid St. Brgy. Central,Central,4.0,Childcare,Public,Child development center and supervised neighborhood play,"Data_QC Caring Cities Tracker, QC Administrative Data - Child",14.6426348,121.0511412,,,,,,,Administrative data
Botocan,"Brgy. Botocan Brgy. Hall, Makadios St.",Botocan,4.0,Childcare,Public,Child development center and supervised neighborhood play,"Data_QC Caring Cities Tracker, QC Administrative Data - Child",14.6368521,121.062907,,,,,,,Administrative data
"Brain Integrated School, Inc.","6 Biscayne St., Fairview Park, Subd., QC",Fairview,5.0,Schools,Private,Preschool,"Data_QC Caring Cities Tracker, QC Administrative Data - Private schools",14.6980256,121.0691705,,,,,,,Administrative data
"Brain Integrated School, Inc.","6 Biscayne St., Fairview Park, Subd., QC",Fairview,5.0,Schools,Private,Elementary school,"Data_QC Caring Cities Tracker, QC Administrative Data - Private schools",14.6980256,121.0691705,,,,,,,Administrative data
"Brain Integrated School, Inc.","6 Biscayne St., Fairview Park, Subd., QC",Fairview,5.0,Schools,Private,Junior high school,"Data_QC Caring Cities Tracker, QC Administrative Data - Private schools",14.6980256,121.0691705,,,,,,,Administrative data
"Brain Integrated School, Inc.","6 Biscayne St., Fairview Park, Subd., QC",Fairview,5.0,Schools,Private,Senior high school,"Data_QC Caring Cities Tracker, QC Administrative Data - Private schools",14.6980256,121.0691705,,,,,,,Administrative data
BRAIN MASTER DIAGNOSTIC CENTER,"UNIT 6 G/F, CORNER COMPLEX BLDG. , 12 NEW YORK AVE., CUBAO, IMMACULATE CONCEPCION, QUEZON CITY, NCR, 1111",Immaculate Concepcion,4.0,Long-term care and rehabilitation services,,Psychological clinic,BLPD,14.6238246694443,121.046124498091,8:00AM,5:00PM,,,,,Administrative data
Breath of Life Christian Community School Inc.,"#10 Purok 5 Phase 2, Lupang Pangako, Payatas B. QC.",Payatas,2.0,Schools,Private,Preschool,"Data_QC Caring Cities Tracker, QC Administrative Data - Private schools",14.7186598,121.1068119,,,,,,,Administrative data
Breath of Life Christian Community School Inc.,"#10 Purok 5 Phase 2, Lupang Pangako, Payatas B. QC.",Payatas,2.0,Schools,Private,Elementary school,"Data_QC Caring Cities Tracker, QC Administrative Data - Private schools",14.7186598,121.1068119,,,,,,,Administrative data
BRICKS DEVELOPMENTAL LEARNING CENTER,"#3-B, CALLA LILY ST., BAHAY TORO, QUEZON CITY, NCR, 1106",Bahay Toro,1.0,Long-term care and rehabilitation services,,Therapeutic clinic,BLPD,14.6700769393758,121.03345227995,8:00AM,5:00PM,,,,,Administrative data
BRIDGES - CHILD DEV'T PROGRAMME THERAPY CENTER,"UNIT I J M 2ND & 3RD FLR., 135, MAYON ST, STA. TERESITA, QUEZON CITY, NCR, 1114",Sta. Teresita,1.0,Long-term care and rehabilitation services,,Therapeutic clinic,BLPD,14.621387895109,120.99985601706,8:00AM,6:00PM,,,,,Administrative data
"BRIDGES FOUNDATION, INC.","22, SCT. LIMBAGA, LAGING HANDA, QUEZON CITY, DAVAO ORIENTAL, 1103",Laging Handa,4.0,Childcare,Public,Child learning center,BLPD,14.6316854,121.0415167,8:00AM,4:00PM,,,,,Administrative data
"BRIDGESOFHOPE (Q.C.), INC.","#12, ORESTES LANE, BAGONG LIPUNAN NG CRAME, QUEZON CITY, NCR, 1111",Bagong Lipunan Ng Crame,4.0,Long-term care and rehabilitation services,,Rehabilitation clinic,BLPD,14.6106479728778,121.04688851604,8:00AM,5:00PM,,,,,Administrative data
BRIDGEWAY EDUCATIONAL AND THERAPY CENTER,"ROOM 401 4TH FLOOR, VD & S BUILDING , 59-B PANAY AVENUE , PALIGSAHAN, QUEZON CITY, NCR, 1103",Paligsahan,4.0,Long-term care and rehabilitation services,,Physical/occupational therapy school,BLPD,14.6350981,121.0246629,8:00AM,5:00PM,,,,,Administrative data
"BRIGHT SKY BEHAVIORAL INTERVENTION CENTER, INC.","UNIT 208, TIMBOL SINGH BLDG NO 2, 915 AURORA BLVD, SILANGAN, QUEZON CITY, NCR, 1102",Silangan,3.0,Childcare,Public,Child learning center,BLPD,14.6255154041441,121.0582004,8:00AM,5:00PM,,,,,Administrative data
BRIGHTKIDS SPEECH AND OCCUPATIONAL REHABILITATION CENTER,"483-B, TANDANG SORA AVENUE, TANDANG SORA, QUEZON CITY, NCR, 1116",Tandang Sora,6.0,Long-term care and rehabilitation services,,Physical/occupational therapy school,BLPD,14.6760722,121.0431818,8:00AM,5:00PM,,,,,Administrative data
BRIGHTPATHS THERAPY CENTER,"3RD FLOOR, RBA BUILDING, 81 15TH AVENUE, SOCORRO, QUEZON CITY, NCR, 1109",Socorro,3.0,Long-term care and rehabilitation services,,Physical/occupational therapy school,BLPD,14.6171402,121.060778,8:00AM,5:00PM,,,,,Administrative data
BRIGHTSTEPS LEARNING AND DEVELOPMENT CENTER,"UNIT 4 34, MATAPANG, PINYAHAN, QUEZON CITY, NCR, 1100",Pinyahan,4.0,Long-term care and rehabilitation services,,Physical/occupational therapy school,BLPD,14.6403311952933,121.048448506208,8:00AM,5:00PM,,,,,Administrative data
"Brittany Christian Academy, Inc.","77 Alpha Bldg., Bony Serrano Ave., Brgy. Bagong Lipunan",Bagong Lipunan Ng Crame,4.0,Schools,Private,Preschool,"Data_QC Caring Cities Tracker, QC Administrative Data - Private schools",14.6098828,121.050038,,,,,,,Administrative data
"Brittany Christian Academy, Inc.","77 Alpha Bldg., Bony Serrano Ave., Brgy. Bagong Lipunan",Bagong Lipunan Ng Crame,4.0,Schools,Private,Elementary school,"Data_QC Caring Cities Tracker, QC Administrative Data - Private schools",14.6098828,121.050038,,,,,,,Administrative data
"Brittany Christian Academy, Inc.","77 Alpha Bldg., Bony Serrano Ave., Brgy. Bagong Lipunan",Bagong Lipunan Ng Crame,4.0,Schools,Private,Junior high school,"Data_QC Caring Cities Tracker, QC Administrative Data - Private schools",14.6098828,121.050038,,,,,,,Administrative data
Bukal ng Pag-asa,"21 Florencia West SFDM
Multipurpose Hall",Del Monte,1.0,Childcare,Public,Child development center and supervised neighborhood play,"Data_QC Caring Cities Tracker, QC Administrative Data - Child",14.6418322,121.0137002,,,,,,,Administrative data
Bungad ES,,Bungad,1.0,Schools,Public,Elementary school,"Data_QC Caring Cities Tracker, QC Administrative Data - Public schools",14.6511448,121.0248716,,,,,,,Administrative data
Bungad I,Sanches St. cor. Supnet St.,Bungad,1.0,Childcare,Public,Child development center and supervised neighborhood play,"Data_QC Caring Cities Tracker, QC Administrative Data - Child",14.6508248,121.0244945,,,,,,,Administrative data
Bungad II,Sanches.St.corner Supnet St.,Bungad,1.0,Childcare,Public,Child development center and supervised neighborhood play,"Data_QC Caring Cities Tracker, QC Administrative Data - Child",14.6508985,121.0245975,,,,,,,Administrative data
C.R.I.B. Ideal School,"# 1 Rd 21, Corner 18, Proj 8, Bahay Toro, QC",Bahay Toro,1.0,Schools,Private,Preschool,"Data_QC Caring Cities Tracker, QC Administrative Data - Private schools",14.6662795,121.0199671,,,,,,,Administrative data
Calderon,"251 Calderon St., Brgy. Matandang Balara",Matandang Balara,3.0,Childcare,Public,Child development center and supervised neighborhood play,"Data_QC Caring Cities Tracker, QC Administrative Data - Child",14.6684892,121.0769241,,,,,,,Administrative data
Camarilla Elementary School,,San Roque,3.0,Schools,Public,Elementary school,"Data_QC Caring Cities Tracker, QC Administrative Data - Public schools",14.6148916,121.0631433,,,,,,,Administrative data
CAMBRIDGE CHILDREN'S LEARNING & DEVELOPMENT INC.,"L9 B176, COMMONWEALTH AVE., NORTH FAIRVIEW, QUEZON CITY, NCR, 1121",North Fairview,5.0,Childcare,Public,Child learning center,BLPD,14.7082744537851,121.060428606532,8:00AM,5:19AM,,,,,Administrative data
"Cambridge Children's Learning and Development, Inc. - Hemady","LG-1 Hemady Square, 86 Doña Hemady St., E. Rodriguez, Ave., QC",Kristong Hari,4.0,Schools,Private,Elementary school,"Data_QC Caring Cities Tracker, QC Administrative Data - Private schools",14.6241141,121.0315689,,,,,,,Administrative data
"Cambridge Children's Learning and Development, Inc. - Hemady","LG-1 Hemady Square, 86 Doña Hemady St., E. Rodriguez, Ave., QC",Kristong Hari,4.0,Schools,Private,Preschool,"Data_QC Caring Cities Tracker, QC Administrative Data - Private schools",14.6241141,121.0315689,,,,,,,Administrative data
Camelean Academy,"#10. J. Ocampo St, Villa Maria Clara, Proj. 4, QC.",Villa Maria Clara,3.0,Schools,Private,Junior high school,"Data_QC Caring Cities Tracker, QC Administrative Data - Private schools",14.6175678,121.0698421,,,,,,,Administrative data
Camelean Academy,"#10. J. Ocampo St, Villa Maria Clara, Proj. 4, QC.",Villa Maria Clara,3.0,Schools,Private,Elementary school,"Data_QC Caring Cities Tracker, QC Administrative Data - Private schools",14.6175678,121.0698421,,,,,,,Administrative data
Camelean Academy,"#10. J. Ocampo St, Villa Maria Clara, Proj. 4, QC.",Villa Maria Clara,3.0,Schools,Private,Preschool,"Data_QC Caring Cities Tracker, QC Administrative Data - Private schools",14.6175678,121.0698421,,,,,,,Administrative data
Camp Aguinaldo,"General Lim St., Brgy. Camp Aguinaldo",Camp Aguinaldo,3.0,Childcare,Public,Child development center and supervised neighborhood play,"Data_QC Caring Cities Tracker, QC Administrative Data - Child",14.6020744,121.0615013,,,,,,,Administrative data
Camp Crame ES,,Bagong Lipunan Ng Crame,4.0,Schools,Public,Elementary school,"Data_QC Caring Cities Tracker, QC Administrative Data - Public schools",14.6056978,121.0517225,,,,,,,Administrative data
Camp Crame HS,,Bagong Lipunan Ng Crame,4.0,Schools,Public,High school,"Data_QC Caring Cities Tracker, QC Administrative Data - Public schools",14.6063449,121.0515376,,,,,,,Administrative data
Camp Gen. E. Aguinaldo HS,,Camp Aguinaldo,3.0,Schools,Public,High school,"Data_QC Caring Cities Tracker, QC Administrative Data - Public schools",14.6124644,121.0644082,,,,,,,Administrative data
Campo 2,"Campo 2, Tandang Sora",Talipapa,6.0,Childcare,Public,Child development center and supervised neighborhood play,"Data_QC Caring Cities Tracker, QC Administrative Data - Child",14.6805643,121.0236257,,,,,,,Administrative data
"Capitol Hills Christian School, Inc.","Filinvest 2 Rd., Batasan Hills, QC",Batasan Hills,2.0,Schools,Private,Preschool,"Data_QC Caring Cities Tracker, QC Administrative Data - Private schools",14.6904003,121.0994166,,,,,,,Administrative data
"Capitol Hills Christian School, Inc.","Filinvest 2 Rd., Batasan Hills, QC",Batasan Hills,2.0,Schools,Private,Elementary school,"Data_QC Caring Cities Tracker, QC Administrative Data - Private schools",14.6904003,121.0994166,,,,,,,Administrative data
Capstone Highest Achiever Learning School Inc.,"B-10L2 Queens Road., Cor. Northwind Ave.,",Nagkaisang Nayon,5.0,Schools,Private,Elementary school,"Data_QC Caring Cities Tracker, QC Administrative Data - Private schools",14.712522,121.0329915,,,,,,,Administrative data
Capstone Highest Achiever Learning School Inc.,"B-10L2 Queens Road., Cor. Northwind Ave.,",Nagkaisang Nayon,5.0,Schools,Private,Junior high school,"Data_QC Caring Cities Tracker, QC Administrative Data - Private schools",14.712522,121.0329915,,,,,,,Administrative data
Capstone Highest Achiever Learning School Inc.,"B-10L2 Queens Road., Cor. Northwind Ave.,",Nagkaisang Nayon,5.0,Schools,Private,Preschool,"Data_QC Caring Cities Tracker, QC Administrative Data - Private schools",14.712522,121.0329915,,,,,,,Administrative data
Carlos L. Albert HS,,Santol,4.0,Schools,Public,High school,"Data_QC Caring Cities Tracker, QC Administrative Data - Public schools",14.6125832,121.0154118,,,,,,,Administrative data
Carlos P. Garcia HS,,E. Rodriguez,3.0,Schools,Public,High school,"Data_QC Caring Cities Tracker, QC Administrative Data - Public schools",14.6294735,121.0544491,,,,,,,Administrative data
Carlos P. Romulo SHS(SHS within Bagong Pag-asa ES),,Bagong Pag-Asa,1.0,Schools,Public,Senior high school,"Data_QC Caring Cities Tracker, QC Administrative Data - Public schools",14.6626727,121.034021,,,,,,,Administrative data
Carmel Child Dev. And Lrng. Ctr.,"#6 Jose St., Carmel III, T-sora, Q.C.",Tandang Sora,6.0,Schools,Private,Preschool,"Data_QC Caring Cities Tracker, QC Administrative Data - Private schools",14.6752337,121.0394934,,,,,,,Administrative data
Carmel V,"37 Taurus St., Carmel V",Tandang Sora,6.0,Childcare,Public,Child development center and supervised neighborhood play,"Data_QC Caring Cities Tracker, QC Administrative Data - Child",14.6863055,121.0369596,,,,,,,Administrative data
"CASA DE CARMEL MONTESSORI, INC.","47, MORNING STAR DRIVE, SANVILLE SUBDIVISION, CULIAT, QUEZON CITY, NCR, 1128",Culiat,6.0,Schools,Private,Private school,BLPD,14.664263063439,121.048888242513,7:00AM,7:00PM,,,,,Administrative data
"CASA Montessori of Loyola Foundation, Inc.","Melchor St., Loyola Heights, Quezon City",Loyola Heights,3.0,Schools,Private,Preschool,"Data_QC Caring Cities Tracker, QC Administrative Data - Private schools",14.6411502,121.0686841,,,,,,,Administrative data
"CASA Montessori of Loyola Foundation, Inc.","Melchor St., Loyola Heights, Quezon City",Loyola Heights,3.0,Schools,Private,Elementary school,"Data_QC Caring Cities Tracker, QC Administrative Data - Private schools",14.6411502,121.0686841,,,,,,,Administrative data
CATHOLIC FILIPINO ACADEMY (CFA) INC.,"81, PANTABANGAN STREET, NIA VILLAGE, TANDANG SORA, QUEZON CITY, NCR, 1116",Tandang Sora,6.0,Schools,Private,Private school,BLPD,14.6923697541639,121.04998055,6:00AM,5:00PM,,,,,Administrative data
CBC - Child Learning Center,"96 Don Jose St., Brgy. Siena, QC",Sienna,1.0,Schools,Private,Preschool,"Data_QC Caring Cities Tracker, QC Administrative Data - Private schools",14.6381564,121.0065231,,,,,,,Administrative data
CBC - Child Learning Center,"96 Don Jose St., Brgy. Siena, QC",Sienna,1.0,Schools,Private,Elementary school,"Data_QC Caring Cities Tracker, QC Administrative Data - Private schools",14.6381564,121.0065231,,,,,,,Administrative data
CCDE CENTRE FOR COMMUNICATION DEVELOPMENT AND EDUCATION,"UNIT C G/F, #39 SCOUT YBARDOLAZA ST., SACRED HEART, QUEZON CITY, NCR, 1103",Sacred Heart,4.0,Long-term care and rehabilitation services,,Physical/occupational therapy school,BLPD,14.6332593,121.0393145,5:00AM,8:00PM,,,,,Administrative data
CCT-Vision of Hope Christian School,"No. 20B-Dam Site, Doña Nicasia Homes, Brgy. Comm., QC",Commonwealth,2.0,Schools,Private,Preschool,"Data_QC Caring Cities Tracker, QC Administrative Data - Private schools",14.7105825,121.0876464,,,,,,,Administrative data
CCT-Vision of Hope Christian School,"No. 20B-Dam Site, Doña Nicasia Homes, Brgy. Comm., QC",Commonwealth,2.0,Schools,Private,Elementary school,"Data_QC Caring Cities Tracker, QC Administrative Data - Private schools",14.7105825,121.0876464,,,,,,,Administrative data
CEB Padagogy Learning Center,"Lot 2 Block 22 Agno Street, Brgy. Dona Josefa, QC",Doña Josefa,4.0,Schools,Private,Preschool,"Data_QC Caring Cities Tracker, QC Administrative Data - Private schools",14.6204236,121.0067396,,,,,,,Administrative data
CEB Padagogy Learning Center,"Lot 2 Block 22 Agno Street, Brgy. Dona Josefa, QC",Doña Josefa,4.0,Schools,Private,Elementary school,"Data_QC Caring Cities Tracker, QC Administrative Data - Private schools",14.6204236,121.0067396,,,,,,,Administrative data
Cenacle Drive,"5A Cenacle Drive, Sitio Mabilog",Culiat,6.0,Childcare,Public,Child development center and supervised neighborhood play,"Data_QC Caring Cities Tracker, QC Administrative Data - Child",14.6658433,121.0480931,,,,,,,Administrative data
"CENTER FOR DEVELOPMENTAL INTERVENTION FOUNDATION, INC.","UNIT 63-R, PG BUIDING, #63 WEST AVENUE, PALTOK, QUEZON CITY, NCR, 1105",Paltok,1.0,Schools,Private,Private school,BLPD,14.6451952662272,121.027471323051,8:00AM,4:00PM,,,,,Administrative data
Centerville,Philand back of basketball court,Pasong Tamo,6.0,Childcare,Public,Child development center and supervised neighborhood play,"Data_QC Caring Cities Tracker, QC Administrative Data - Child",14.675465,121.0494955,,,,,,,Administrative data
Central Colleges of the Philippines,"39 Aurora Blvd., Brgy. Imelda, QC",Doña Imelda,4.0,Schools,Private,Senior high school,"Data_QC Caring Cities Tracker, QC Administrative Data - Private schools",14.6083306,121.0206982,,,,,,,Administrative data
"CENTRIS EDUCATION SOLUTIONS INSTITUTE, INC.","16TH FLOOR, KMC SM NORTH TOWER 1, EDSA COR NORTH AVENUE, BAGONG PAG-ASA, QUEZON CITY, NCR, 1105",Bagong Pag-Asa,1.0,Schools,Private,Private school,BLPD,14.6564294403837,121.03375272047,10:00AM,7:00PM,,,,,Administrative data
Centro Montessori Internationale,"49 Xavierville Subd., Loyola Hgts., QC",Loyola Heights,3.0,Schools,Private,Elementary school,"Data_QC Caring Cities Tracker, QC Administrative Data - Private schools",14.635621,121.068267,,,,,,,Administrative data
Centro Montessori Internationale,"49 Xavierville Subd., Loyola Hgts., QC",Loyola Heights,3.0,Schools,Private,Junior high school,"Data_QC Caring Cities Tracker, QC Administrative Data - Private schools",14.635621,121.068267,,,,,,,Administrative data
Centro Montessori Internationale,"49 Xavierville Subd., Loyola Hgts., QC",Loyola Heights,3.0,Schools,Private,Preschool,"Data_QC Caring Cities Tracker, QC Administrative Data - Private schools",14.635621,121.068267,,,,,,,Administrative data
Chamberette Doña Imelda,Chamberette Building Guirayan St. Brgy. Doña Imelda,Doña Imelda,4.0,Childcare,Public,Child development center and supervised neighborhood play,"Data_QC Caring Cities Tracker, QC Administrative Data - Child",14.611534,121.0178547,,,,,,,Administrative data
Charis Central Academy,"N0. 5 Doña Isidora St., Brgy. Holy Spirit, QC",Holy Spirit,2.0,Schools,Private,Elementary school,"Data_QC Caring Cities Tracker, QC Administrative Data - Private schools",14.6831805,121.0767089,,,,,,,Administrative data
Charis Central Academy,"N0. 5 Doña Isidora St., Brgy. Holy Spirit, QC",Holy Spirit,2.0,Schools,Private,Preschool,"Data_QC Caring Cities Tracker, QC Administrative Data - Private schools",14.6831805,121.0767089,,,,,,,Administrative data
CHILDCORE THERAPY CENTER,"C1, URBAN OASIS RESIDENCES, 431 A. BONIFACIO AVENUE, SAN JOSE , QUEZON CITY, NCR, 1115",San Jose,1.0,Long-term care and rehabilitation services,,Physical/occupational therapy school,BLPD,14.6413145,120.9924173,8:00AM,5:00PM,,,,,Administrative data
CHILDFAM-POSSIBILITIES PSYCHOSOCIAL SERVICES CO.,"UNIT 411, THE ONE EXECUTIVE OFFICE BLDG., 5 WEST AVENUE COR. COL. MARTINEZ STREET, NAYONG KANLURAN, QUEZON CITY, NCR, 1104",Nayong Kanluran,1.0,Long-term care and rehabilitation services,,Psychological clinic,BLPD,14.6418842796394,121.026717193344,8:00AM,5:00PM,,,,,Administrative data
Children's Mission Philippines Hills of Grace Foundation Inc.,"Area 6, Sitio Veterans, Brgy. Bagong Silangan, QC",Bagong Silangan,2.0,Schools,Private,Preschool,"Data_QC Caring Cities Tracker, QC Administrative Data - Private schools",14.707016,121.104265,,,,,,,Administrative data
Children's Mission Philippines Hills of Grace Foundation Inc.,"Area 6, Sitio Veterans, Brgy. Bagong Silangan, QC",Bagong Silangan,2.0,Schools,Private,Elementary school,"Data_QC Caring Cities Tracker, QC Administrative Data - Private schools",14.707016,121.104265,,,,,,,Administrative data
Children's Mission Philippines Hills of Grace Foundation Inc.,"Area 6, Sitio Veterans, Brgy. Bagong Silangan, QC",Bagong Silangan,2.0,Schools,Private,Junior high school,"Data_QC Caring Cities Tracker, QC Administrative Data - Private schools",14.707016,121.104265,,,,,,,Administrative data
Children's Mission Philippines Hills of Grace Foundation Inc.,"Area 6, Sitio Veterans, Brgy. Bagong Silangan, QC",Bagong Silangan,2.0,Schools,Private,Senior high school,"Data_QC Caring Cities Tracker, QC Administrative Data - Private schools",14.707016,121.104265,,,,,,,Administrative data
"CHILDRENS INNOVATIVE THERAPEUTIC INTERVENTION SPECIALISTS, INC.","5, TOMAS MORATO AVE., SACRED HEART, QUEZON CITY, NCR, 1103",Sacred Heart,4.0,Long-term care and rehabilitation services,,Therapeutic clinic,BLPD,14.6276753,121.0339122,8:00AM,5:00PM,,,,,Administrative data
CHILDS HELP IN LEARNING AND DEVELOPMENT CENTER OPC,"32, ZAMBOANGA, NAYONG KANLURAN, QUEZON CITY, NCR, 1104",Nayong Kanluran,1.0,Long-term care and rehabilitation services,,Physical/occupational therapy school,BLPD,14.6398511,121.0232443,8:00AM,5:00PM,,,,,Administrative data
CHILDS KINGDOM OF LEARNING IN Q.C. INC.,"ROQUE COMP, 38 NPC VILLAGE , TANDANG SORA, QUEZON CITY, NCR, 1116",Tandang Sora,6.0,Childcare,Public,Child learning center,BLPD,14.6887204417973,121.053517519956,8:00AM,5:00PM,,,,,Administrative data
"Childs Kingdom of Learning in Q.C., Inc.","38 Roque Compd., NPC Village Pasong Tamo, T-sora QC",Tandang Sora,6.0,Schools,Private,Elementary school,"Data_QC Caring Cities Tracker, QC Administrative Data - Private schools",14.6887649,121.053227,,,,,,,Administrative data
"Childs Kingdom of Learning in Q.C., Inc.","38 Roque Compd., NPC Village Pasong Tamo, T-sora QC",Tandang Sora,6.0,Schools,Private,Preschool,"Data_QC Caring Cities Tracker, QC Administrative Data - Private schools",14.6887649,121.053227,,,,,,,Administrative data
Chime Lrng. Ctr.,"37-BC Aguinaldo St., Brgy. Marilag,Proj. 4, QC",Marilag,3.0,Schools,Private,Preschool,"Data_QC Caring Cities Tracker, QC Administrative Data - Private schools",14.6267502,121.0684634,,,,,,,Administrative data
Chime Lrng. Ctr.,"37-BC Aguinaldo St., Brgy. Marilag,Proj. 4, QC",Marilag,3.0,Schools,Private,Elementary school,"Data_QC Caring Cities Tracker, QC Administrative Data - Private schools",14.6267502,121.0684634,,,,,,,Administrative data
CHISHTI CARE INTL. SPED LEARNING CENTER,"UNIT 10B /10TH FLOOR, ATHERTON PLACE,  TOMAS MORATO CORNER DON A. ROCES AVE, LAGING HANDA, QUEZON CITY, NCR, 1103",Laging Handa,4.0,Long-term care and rehabilitation services,,Physical/occupational therapy school,BLPD,14.6288157328463,121.033690448979,8:00AM,5:00PM,,,,,Administrative data
Christian Family Ctr. School Foundation,"58 Sto. Domingo St. Brgy. Holy Spirit, QC",Holy Spirit,2.0,Schools,Private,Preschool,"Data_QC Caring Cities Tracker, QC Administrative Data - Private schools",14.6885724,121.0859294,,,,,,,Administrative data
Christian Family Ctr. School Foundation,"58 Sto. Domingo St. Brgy. Holy Spirit, QC",Holy Spirit,2.0,Schools,Private,Elementary school,"Data_QC Caring Cities Tracker, QC Administrative Data - Private schools",14.6885724,121.0859294,,,,,,,Administrative data
Christian Family Ctr. School Foundation,"58 Sto. Domingo St. Brgy. Holy Spirit, QC",Holy Spirit,2.0,Schools,Private,Junior high school,"Data_QC Caring Cities Tracker, QC Administrative Data - Private schools",14.6885724,121.0859294,,,,,,,Administrative data
Christian Family Ctr. School Foundation,"58 Sto. Domingo St. Brgy. Holy Spirit, QC",Holy Spirit,2.0,Schools,Private,Senior high school,"Data_QC Caring Cities Tracker, QC Administrative Data - Private schools",14.6885724,121.0859294,,,,,,,Administrative data
Christian Louis Academy Pasong Tamo Inc.,"Miami St. Upper Bernardo Compd., Pasong Tamo, QC",Pasong Tamo,6.0,Schools,Private,Preschool,"Data_QC Caring Cities Tracker, QC Administrative Data - Private schools",14.6804885,121.0638674,,,,,,,Administrative data
Christian Louis Academy Pasong Tamo Inc.,"Miami St. Upper Bernardo Compd., Pasong Tamo, QC",Pasong Tamo,6.0,Schools,Private,Elementary school,"Data_QC Caring Cities Tracker, QC Administrative Data - Private schools",14.6804885,121.0638674,,,,,,,Administrative data
Christian Louis Academy Pasong Tamo Inc.,"Miami St. Upper Bernardo Compd., Pasong Tamo, QC",Pasong Tamo,6.0,Schools,Private,Senior high school,"Data_QC Caring Cities Tracker, QC Administrative Data - Private schools",14.6804885,121.0638674,,,,,,,Administrative data
Christian Louis Academy Pasong Tamo Inc.,"Miami St. Upper Bernardo Compd., Pasong Tamo, QC",Pasong Tamo,6.0,Schools,Private,Junior high school,"Data_QC Caring Cities Tracker, QC Administrative Data - Private schools",14.6804885,121.0638674,,,,,,,Administrative data
"CIIT SHS, INC","62 Sgt. Esguerra St., Cor. Mo. Ignacia, QC",South Triangle,4.0,Schools,Private,Senior high school,"Data_QC Caring Cities Tracker, QC Administrative Data - Private schools",14.6412249,121.0367975,,,,,,,Administrative data
"Citadel Child Learning Center, Inc","199 Katipunan, Brgy. Milagrosa, Proj. 4, Q.C.",Milagrosa,3.0,Schools,Private,Preschool,"Data_QC Caring Cities Tracker, QC Administrative Data - Private schools",14.6178287,121.0711796,,,,,,,Administrative data
"Citadel Child Learning Center, Inc","199 Katipunan, Brgy. Milagrosa, Proj. 4, Q.C.",Milagrosa,3.0,Schools,Private,Elementary school,"Data_QC Caring Cities Tracker, QC Administrative Data - Private schools",14.6178287,121.0711796,,,,,,,Administrative data
Claret School of Q.C.,"Mahinhin St., UP Vill., Diliman, QC",U. P. Village,4.0,Schools,Private,Senior high school,"Data_QC Caring Cities Tracker, QC Administrative Data - Private schools",14.6472517,121.0544831,,,,,,,Administrative data
Claret School of Q.C.,"Mahinhin St., UP Vill., Diliman, QC",U. P. Village,4.0,Schools,Private,Preschool,"Data_QC Caring Cities Tracker, QC Administrative Data - Private schools",14.6472517,121.0544831,,,,,,,Administrative data
Claret School of Q.C.,"Mahinhin St., UP Vill., Diliman, QC",U. P. Village,4.0,Schools,Private,Elementary school,"Data_QC Caring Cities Tracker, QC Administrative Data - Private schools",14.6472517,121.0544831,,,,,,,Administrative data
Claret School of Q.C.,"Mahinhin St., UP Vill., Diliman, QC",U. P. Village,4.0,Schools,Private,Junior high school,"Data_QC Caring Cities Tracker, QC Administrative Data - Private schools",14.6472517,121.0544831,,,,,,,Administrative data
Clarion School Institute Inc.,"No. 12 KH Street, West Kamias, QC",West Kamias,3.0,Schools,Private,Junior high school,"Data_QC Caring Cities Tracker, QC Administrative Data - Private schools",14.6313108,121.0502452,,,,,,,Administrative data
Clarion School Institute Inc.,"No. 12 KH Street, West Kamias, QC",West Kamias,3.0,Schools,Private,Preschool,"Data_QC Caring Cities Tracker, QC Administrative Data - Private schools",14.6313108,121.0502452,,,,,,,Administrative data
Clarion School Institute Inc.,"No. 12 KH Street, West Kamias, QC",West Kamias,3.0,Schools,Private,Elementary school,"Data_QC Caring Cities Tracker, QC Administrative Data - Private schools",14.6313108,121.0502452,,,,,,,Administrative data
Claro,"20 Almon St., Brgy. Claro",Claro (Quirino 3-B),3.0,Childcare,Public,Child development center and supervised neighborhood play,"Data_QC Caring Cities Tracker, QC Administrative Data - Child",14.632474,121.065153,,,,,,,Administrative data
CMS-ASIA SPORTS THERAPY CLINIC,"#93, MPIRE CENTER, WEST AVE., BUNGAD, QUEZON CITY, NCR, 1104",Bungad,1.0,Long-term care and rehabilitation services,,Therapeutic clinic,BLPD,14.6489954,121.0284025,8:00AM,5:00PM,,,,,Administrative data
"CNA CULINARY SERVICES, INC ( CCA MANILA )","1ST FLR. CARILLON LOUNGE, UNIVERSITY HOTEL, F.MA GUERRERO ST. CORNER AGLIPAY ST., UP CAMPUS, QUEZON CITY, NCR, 1101",U. P. Campus,4.0,Schools,Private,Private school,BLPD,14.6526624,121.065041,8:00AM,5:00PM,,,,,Administrative data
Colegio de San Bartolome de Novaliches,"737 Quirino H-way, San Bartolome, Nova., QC",San Bartolome,5.0,Schools,Private,Junior high school,"Data_QC Caring Cities Tracker, QC Administrative Data - Private schools",14.7049291,121.0376698,,,,,,,Administrative data
Colegio de San Bartolome de Novaliches,"737 Quirino H-way, San Bartolome, Nova., QC",San Bartolome,5.0,Schools,Private,Senior high school,"Data_QC Caring Cities Tracker, QC Administrative Data - Private schools",14.7049291,121.0376698,,,,,,,Administrative data
Colegio de San Bartolome de Novaliches,"737 Quirino H-way, San Bartolome, Nova., QC",San Bartolome,5.0,Schools,Private,Preschool,"Data_QC Caring Cities Tracker, QC Administrative Data - Private schools",14.7049291,121.0376698,,,,,,,Administrative data
Colegio de San Bartolome de Novaliches,"737 Quirino H-way, San Bartolome, Nova., QC",San Bartolome,5.0,Schools,Private,Elementary school,"Data_QC Caring Cities Tracker, QC Administrative Data - Private schools",14.7049291,121.0376698,,,,,,,Administrative data
"College of Arts and Sciences of Asia and the Pacific - Quezon City, Inc","#Villonco Bldg. Villongco, Brgy. Commonwealth- QC",Commonwealth,2.0,Schools,Private,Junior high school,"Data_QC Caring Cities Tracker, QC Administrative Data - Private schools",14.6969749,121.0880003,,,,,,,Administrative data
"College of Arts and Sciences of Asia and the Pacific - Quezon City, Inc","#Villonco Bldg. Villongco, Brgy. Commonwealth- QC",Commonwealth,2.0,Schools,Private,Preschool,"Data_QC Caring Cities Tracker, QC Administrative Data - Private schools",14.6969749,121.0880003,,,,,,,Administrative data
"College of Arts and Sciences of Asia and the Pacific - Quezon City, Inc","#Villonco Bldg. Villongco, Brgy. Commonwealth- QC",Commonwealth,2.0,Schools,Private,Elementary school,"Data_QC Caring Cities Tracker, QC Administrative Data - Private schools",14.6969749,121.0880003,,,,,,,Administrative data
"College of Arts and Sciences of Asia and the Pacific - Quezon City, Inc","#Villonco Bldg. Villongco, Brgy. Commonwealth- QC",Commonwealth,2.0,Schools,Private,Senior high school,"Data_QC Caring Cities Tracker, QC Administrative Data - Private schools",14.6969749,121.0880003,,,,,,,Administrative data
College of St. Catherine of QC (Frmrly St. Theresa's School of Baesa),"362 Quirino H-way, Sangandaan, Quezon City",Sangandaan,6.0,Schools,Private,Senior high school,"Data_QC Caring Cities Tracker, QC Administrative Data - Private schools",14.679479,121.0186115,,,,,,,Administrative data
College of St. Catherine of QC (Frmrly St. Theresa's School of Baesa),"362 Quirino H-way, Sangandaan, Quezon City",Sangandaan,6.0,Schools,Private,Preschool,"Data_QC Caring Cities Tracker, QC Administrative Data - Private schools",14.679479,121.0186115,,,,,,,Administrative data
College of St. Catherine of QC (Frmrly St. Theresa's School of Baesa),"362 Quirino H-way, Sangandaan, Quezon City",Sangandaan,6.0,Schools,Private,Elementary school,"Data_QC Caring Cities Tracker, QC Administrative Data - Private schools",14.679479,121.0186115,,,,,,,Administrative data
College of St. Catherine of QC (Frmrly St. Theresa's School of Baesa),"362 Quirino H-way, Sangandaan, Quezon City",Sangandaan,6.0,Schools,Private,Junior high school,"Data_QC Caring Cities Tracker, QC Administrative Data - Private schools",14.679479,121.0186115,,,,,,,Administrative data
Common-Wealth Academy,"No. 1412 Adarna St., Commonwealth, QC",Commonwealth,2.0,Schools,Private,Preschool,"Data_QC Caring Cities Tracker, QC Administrative Data - Private schools",14.6955639,121.0751376,,,,,,,Administrative data
Common-Wealth Academy,"No. 1412 Adarna St., Commonwealth, QC",Commonwealth,2.0,Schools,Private,Elementary school,"Data_QC Caring Cities Tracker, QC Administrative Data - Private schools",14.6955639,121.0751376,,,,,,,Administrative data
Common-Wealth Academy,"No. 1412 Adarna St., Commonwealth, QC",Commonwealth,2.0,Schools,Private,Junior high school,"Data_QC Caring Cities Tracker, QC Administrative Data - Private schools",14.6955639,121.0751376,,,,,,,Administrative data
Commonwealth ES,,Commonwealth,2.0,Schools,Public,Elementary school,"Data_QC Caring Cities Tracker, QC Administrative Data - Public schools",14.697539,121.0878026,,,,,,,Administrative data
Commonwealth HS,,Commonwealth,2.0,Schools,Public,High school,"Data_QC Caring Cities Tracker, QC Administrative Data - Public schools",14.698967,121.081677,,,,,,,Administrative data
Cong. Reynaldo A. Calalay Memorial Elementary School,,Damayan,1.0,Schools,Public,Elementary school,"Data_QC Caring Cities Tracker, QC Administrative Data - Public schools",14.6385754,121.0147622,,,,,,,Administrative data
"Coramdeo Christian Academy, Inc.","L-14,B-6, Mt. Crest Subd., Brgy. Banlat, T-sora, QC",Tandang Sora,6.0,Schools,Private,Preschool,"Data_QC Caring Cities Tracker, QC Administrative Data - Private schools",14.6853508,121.0438654,,,,,,,Administrative data
"Coramdeo Christian Academy, Inc.","L-14,B-6, Mt. Crest Subd., Brgy. Banlat, T-sora, QC",Tandang Sora,6.0,Schools,Private,Elementary school,"Data_QC Caring Cities Tracker, QC Administrative Data - Private schools",14.6853508,121.0438654,,,,,,,Administrative data
"Coramdeo Christian Academy, Inc.","L-14,B-6, Mt. Crest Subd., Brgy. Banlat, T-sora, QC",Tandang Sora,6.0,Schools,Private,Junior high school,"Data_QC Caring Cities Tracker, QC Administrative Data - Private schools",14.6853508,121.0438654,,,,,,,Administrative data
Cordis Mariae School,"Gate 1 MRB. HGHP, Pilot Drive, Brgy. Comm. QC",Commonwealth,2.0,Schools,Private,Elementary school,"Data_QC Caring Cities Tracker, QC Administrative Data - Private schools",14.6968881,121.0791753,,,,,,,Administrative data
Cordis Mariae School,"Gate 1 MRB. HGHP, Pilot Drive, Brgy. Comm. QC",Commonwealth,2.0,Schools,Private,Preschool,"Data_QC Caring Cities Tracker, QC Administrative Data - Private schools",14.6968881,121.0791753,,,,,,,Administrative data
Cordis Mariae School,"Gate 1 MRB. HGHP, Pilot Drive, Brgy. Comm. QC",Commonwealth,2.0,Schools,Private,Junior high school,"Data_QC Caring Cities Tracker, QC Administrative Data - Private schools",14.6968881,121.0791753,,,,,,,Administrative data
COREXPERT PHYSICAL THERAPY CENTER,"#1237, E. RODRIGUEZ SR. , KRISTONG HARI, QUEZON CITY, NCR, 1112",Kristong Hari,4.0,Long-term care and rehabilitation services,,Physical therapy clinic,BLPD,14.6242639,121.0326212,8:00AM,5:00PM,,,,,Administrative data
Cornerstone Christian Acad. Of QC,"#5 Don Jose St., Holy Spirit, QC",Holy Spirit,2.0,Schools,Private,Preschool,"Data_QC Caring Cities Tracker, QC Administrative Data - Private schools",14.6825513,121.0835469,,,,,,,Administrative data
Cornerstone Christian Acad. Of QC,"#5 Don Jose St., Holy Spirit, QC",Holy Spirit,2.0,Schools,Private,Elementary school,"Data_QC Caring Cities Tracker, QC Administrative Data - Private schools",14.6825513,121.0835469,,,,,,,Administrative data
Coronado's School of QC,"23 Cartier St., Villa Corrina Subd., Pasong Tamo, Q.C. / 4 kawayan st. NPC village Pasong Tamo QC",Pasong Tamo,6.0,Schools,Private,Preschool,"Data_QC Caring Cities Tracker, QC Administrative Data - Private schools",14.6765558,121.0462332,,,,,,,Administrative data
Coronado's School of QC,"23 Cartier St., Villa Corrina Subd., Pasong Tamo, Q.C. / 4 kawayan st. NPC village Pasong Tamo QC",Pasong Tamo,6.0,Schools,Private,Elementary school,"Data_QC Caring Cities Tracker, QC Administrative Data - Private schools",14.6765558,121.0462332,,,,,,,Administrative data
Coronado's School of QC,"23 Cartier St., Villa Corrina Subd., Pasong Tamo, Q.C. / 4 kawayan st. NPC village Pasong Tamo QC",Pasong Tamo,6.0,Schools,Private,Junior high school,"Data_QC Caring Cities Tracker, QC Administrative Data - Private schools",14.6765558,121.0462332,,,,,,,Administrative data
CORONADO'S SCHOOL OF QUEZON CITY INC.,"4, INT. CAWAYAN, TANDANG SORA, QUEZON CITY, NCR, 1116",Tandang Sora,6.0,Schools,Private,Private school,BLPD,14.6834589297863,121.04677654209,8:00AM,5:00PM,,,,,Administrative data
Covenant,"David St., Covenant Village, Brgy. Bagong Silangan",Bagong Silangan,2.0,Childcare,Public,Child development center and supervised neighborhood play,"Data_QC Caring Cities Tracker, QC Administrative Data - Child",14.7022275,121.1095014,,,,,,,Administrative data
CPPS WELLNESS SOLUTIONS CORP.,"33, HOLLYWOOD SQUARE BLDG.,, WEST AVENUE, NAYONG KANLURAN, QUEZON CITY, NCR, 1104",Nayong Kanluran,1.0,Long-term care and rehabilitation services,,Psychological clinic,BLPD,14.6412834876605,121.026434175365,8:00AM,5:00PM,,,,,Administrative data
"Cradle of Joy Center for Lrng. Found., Inc.","14 11th Jamboree St., Brgy. Sacred Heart, QC",Sacred Heart,4.0,Schools,Private,Elementary school,"Data_QC Caring Cities Tracker, QC Administrative Data - Private schools",14.6314124,121.0414352,,,,,,,Administrative data
"Cradle of Joy Center for Lrng. Found., Inc.","14 11th Jamboree St., Brgy. Sacred Heart, QC",Sacred Heart,4.0,Schools,Private,Preschool,"Data_QC Caring Cities Tracker, QC Administrative Data - Private schools",14.6314124,121.0414352,,,,,,,Administrative data
CREASIA BEHAVIORAL THERAPY CENTER,"109, CRISELDA 1 BUILDING, SCOUT DE GUIA ST., SACRED HEART, QUEZON CITY, NCR, 1103",Sacred Heart,4.0,Long-term care and rehabilitation services,,Physical therapy clinic,BLPD,14.6310348541457,121.0355357,8:00AM,5:00PM,,,,,Administrative data
CREATECH WELLNESS CORP.,"LEVEL 3 SPACE # R3-L3-031, AYALA VERTIS, NORTH COR. NORTH AVE., BAGONG PAG-ASA, QUEZON CITY, NCR, 1105",Bagong Pag-Asa,1.0,Long-term care and rehabilitation services,,Therapeutic clinic,BLPD,14.6522644910468,121.036075318978,11:00AM,8:00PM,,,,,Administrative data
CREATIVE CIRCLE CHILD DEVELOPMENT HOUSE INC.,"BLK. 27 LOT 17, SALAWIKAIN ST., GREATER LAGRO, QUEZON CITY, NCR",Greater Lagro,5.0,Childcare,Public,Day care center,BLPD,14.721399755738,121.067876542606,8:00AM,5:00PM,,,,,Administrative data
"Creative Explorers Educational Foundation, Inc.","# 47 Visayas Ave., Brgy. Vasra, QC",Vasra,1.0,Schools,Private,Elementary school,"Data_QC Caring Cities Tracker, QC Administrative Data - Private schools",14.6610789,121.0441819,,,,,,,Administrative data
"Creative Explorers Educational Foundation, Inc.","# 47 Visayas Ave., Brgy. Vasra, QC",Vasra,1.0,Schools,Private,Preschool,"Data_QC Caring Cities Tracker, QC Administrative Data - Private schools",14.6610789,121.0441819,,,,,,,Administrative data
"Creative Institute of Science , Arts and Teachnology (CISAT) Inc.","No. 30-B Sta. Catalina St., Brgy. Holy Spirit, QC",Holy Spirit,2.0,Schools,Private,Preschool,"Data_QC Caring Cities Tracker, QC Administrative Data - Private schools",14.686151,121.0841247,,,,,,,Administrative data
"Creative Institute of Science , Arts and Teachnology (CISAT) Inc.","No. 30-B Sta. Catalina St., Brgy. Holy Spirit, QC",Holy Spirit,2.0,Schools,Private,Elementary school,"Data_QC Caring Cities Tracker, QC Administrative Data - Private schools",14.686151,121.0841247,,,,,,,Administrative data
Creative Minds Learning Institute Montessori Inc.,"#13 Road 1, Projsct 6, Bago Bantay, QC",Bagong Pag-asa,1.0,Schools,Private,Elementary school,"Data_QC Caring Cities Tracker, QC Administrative Data - Private schools",14.6555414,121.0341206,,,,,,,Administrative data
Creative Minds Learning Institute Montessori Inc.,"#13 Road 1, Projsct 6, Bago Bantay, QC",Bagong Pag-asa,1.0,Schools,Private,Preschool,"Data_QC Caring Cities Tracker, QC Administrative Data - Private schools",14.6555414,121.0341206,,,,,,,Administrative data
CREATIVE PLAY DEVELOPMENT CENTER INC.,"UNIT LG2 LOWER GROUND FLOOR, CAPITOL GREENSTREET, CAPITOL HILLS DRIVE, MATANDANG BALARA, QUEZON CITY, NCR, 1119",Matandang Balara,3.0,Childcare,Public,Child learning center,BLPD,14.6634296,121.0841881,8:00AM,6:00PM,,,,,Administrative data
Cubao Elementary School,,E. Rodriguez,3.0,Schools,Public,Elementary school,"Data_QC Caring Cities Tracker, QC Administrative Data - Public schools",14.6224359,121.0510582,,,,,,,Administrative data
CUBBIE PLAY AND LEARNING CENTER,"UNIT 201, REDGOLD BUILDING, 1840 E.RODRIGUEZ SR. AVE., IMMACULATE CONCEPCION, QUEZON CITY, NCR, 1111",Immaculate Concepcion,4.0,Childcare,Public,Child learning center,BLPD,14.6227351,121.0455672,8:00AM,5:00PM,,,,,Administrative data
CUDIAMAT MEDICAL C0RP.,"165, LABO ST.  LA LOMA, PAANG BUNDOK, QUEZON CITY, NCR, 1114",Paang Bundok,1.0,Long-term care and rehabilitation services,,Therapeutic clinic,BLPD,14.6291978096846,120.991517656831,8:00AM,5:00PM,,,,,Administrative data
CUDIAMAT MEDICAL CORP.,"JDC BUILDING, BLK. 5, LOT 9, ZABARTE ROAD , HOBART VILLAGE, KALIGAYAHAN, QUEZON CITY, NCR, 1124",Kaligayahan,5.0,Long-term care and rehabilitation services,,Physical therapy clinic,BLPD,14.7367215379076,121.047451378277,9:00AM,6:00PM,,,,,Administrative data
Culiat Elementary School,,Culiat,6.0,Schools,Public,Elementary school,"Data_QC Caring Cities Tracker, QC Administrative Data - Public schools",14.6666546,121.0574138,,,,,,,Administrative data
Culiat High School,,Culiat,6.0,Schools,Public,High school,"Data_QC Caring Cities Tracker, QC Administrative Data - Public schools",14.6681738,121.0563685,,,,,,,Administrative data
"Dakila School Foundation, Inc.","322 Don Fabian Ext., Brgy. Commonwealth, QC",Commonwealth,2.0,Schools,Private,Preschool,"Data_QC Caring Cities Tracker, QC Administrative Data - Private schools",14.6973066,121.0835613,,,,,,,Administrative data
"Dakila School Foundation, Inc.","322 Don Fabian Ext., Brgy. Commonwealth, QC",Commonwealth,2.0,Schools,Private,Elementary school,"Data_QC Caring Cities Tracker, QC Administrative Data - Private schools",14.6973066,121.0835613,,,,,,,Administrative data
Dalupan ES,,San Antonio,1.0,Schools,Public,Elementary school,"Data_QC Caring Cities Tracker, QC Administrative Data - Public schools",14.6449063,121.0127876,,,,,,,Administrative data
Damayan,30 San Vicente St.,Damayan,1.0,Childcare,Public,Child development center and supervised neighborhood play,"Data_QC Caring Cities Tracker, QC Administrative Data - Child",14.6395624,121.0150506,,,,,,,Administrative data
Damong Maliit ES,,Nagkaisang Nayon,5.0,Schools,Public,Elementary school,"Data_QC Caring Cities Tracker, QC Administrative Data - Public schools",14.7235604,121.0250375,,,,,,,Administrative data
"DAUGHTERS OF ST. DOMINIC SCHOOL (QUEZON CITY), INC.","67 , IBA ST, STA. TERESITA, QUEZON CITY, NCR, 1114",Sta. Teresita,1.0,Schools,Private,Private school,BLPD,14.6224350883199,120.999765457712,8:00AM,12:00PM,,,,,Administrative data
De Gloria,"De Gloria Taniman Ext. Talanay Area, Brgy. Batasan Hills",Batasan Hills,2.0,Childcare,Public,Child development center and supervised neighborhood play,"Data_QC Caring Cities Tracker, QC Administrative Data - Child",14.6817503,121.0969607,,,,,,,Administrative data
DE PAUL PAYATAS DAY CARE CENTER INC.,"PHASE 1 PUROK 3, LUPANG PANGAKO, PAYATAS, QUEZON CITY, NCR, 1119",Payatas,2.0,Childcare,Public,Day care center,BLPD,14.7201015273214,121.107757038319,8:00AM,5:00PM,,,,,Administrative data
"De Paul Payatas Day Care Center, Inc.","Phase I, Lupang Pangako Phase 1, Payatas , Quezon City",Payatas,2.0,Schools,Private,Preschool,"Data_QC Caring Cities Tracker, QC Administrative Data - Private schools",14.7196607,121.107465,,,,,,,Administrative data
"Del Carmen School of Veterans, Q.C.","1 Dove St., Veterans, Bagong Silangan, Quezon City",Bagong Silangan,2.0,Schools,Private,Elementary school,"Data_QC Caring Cities Tracker, QC Administrative Data - Private schools",14.7070669,121.105227,,,,,,,Administrative data
"Del Carmen School of Veterans, Q.C.","1 Dove St., Veterans, Bagong Silangan, Quezon City",Bagong Silangan,2.0,Schools,Private,Senior high school,"Data_QC Caring Cities Tracker, QC Administrative Data - Private schools",14.7070669,121.105227,,,,,,,Administrative data
"Del Carmen School of Veterans, Q.C.","1 Dove St., Veterans, Bagong Silangan, Quezon City",Bagong Silangan,2.0,Schools,Private,Preschool,"Data_QC Caring Cities Tracker, QC Administrative Data - Private schools",14.7070669,121.105227,,,,,,,Administrative data
"Del Carmen School of Veterans, Q.C.","1 Dove St., Veterans, Bagong Silangan, Quezon City",Bagong Silangan,2.0,Schools,Private,Junior high school,"Data_QC Caring Cities Tracker, QC Administrative Data - Private schools",14.7070669,121.105227,,,,,,,Administrative data
Del Monte,"21 Florencia West SFDM
Multipurpose Hall",Del Monte,1.0,Childcare,Public,Child development center and supervised neighborhood play,"Data_QC Caring Cities Tracker, QC Administrative Data - Child",14.6418322,121.0137002,,,,,,,Administrative data
Delfin M. Geraldez Memorial ES,,Kaligayahan,5.0,Schools,Public,Elementary school,"Data_QC Caring Cities Tracker, QC Administrative Data - Public schools",14.7301298,121.0529257,,,,,,,Administrative data
Demetrio Tuazon Elementary School,,Lourdes,1.0,Schools,Public,Elementary school,"Data_QC Caring Cities Tracker, QC Administrative Data - Public schools",14.6298007,120.9991683,,,,,,,Administrative data
DILIMAN EDUCATIONAL CORPORATION,"1, DON RAYMUNDO ST., SAN AGUSTIN VILLAGE, TALIPAPA, QUEZON CITY, NCR, 1116",Talipapa,6.0,Childcare,Public,Child learning center,BLPD,14.683361,121.0287742,8:00AM,5:00PM,,,,,Administrative data
DILIMAN EDUCATIONAL CORPORATION,"L43 B4, COMMONWEALTH AVE, MATANDANG BALARA, QUEZON CITY, NCR, 1119",Matandang Balara,3.0,Childcare,Public,Child learning center,BLPD,14.6747404,121.0817412,8:00AM,5:00PM,,,,,Administrative data
Diliman Preparatory School- Annex,"1 Don Raymundo, Brgy. Talipapa, San Agustin Vill.",Talipapa,6.0,Schools,Private,Preschool,"Data_QC Caring Cities Tracker, QC Administrative Data - Private schools",14.6834362,121.028213,,,,,,,Administrative data
Diliman Preparatory School- Annex,"1 Don Raymundo, Brgy. Talipapa, San Agustin Vill.",Talipapa,6.0,Schools,Private,Elementary school,"Data_QC Caring Cities Tracker, QC Administrative Data - Private schools",14.6834362,121.028213,,,,,,,Administrative data
Diliman Preparatory School- Annex,"1 Don Raymundo, Brgy. Talipapa, San Agustin Vill.",Talipapa,6.0,Schools,Private,Senior high school,"Data_QC Caring Cities Tracker, QC Administrative Data - Private schools",14.6834362,121.028213,,,,,,,Administrative data
Diliman Preparatory School- Annex,"1 Don Raymundo, Brgy. Talipapa, San Agustin Vill.",Talipapa,6.0,Schools,Private,Junior high school,"Data_QC Caring Cities Tracker, QC Administrative Data - Private schools",14.6834362,121.028213,,,,,,,Administrative data
"Diliman Preparatory School, Inc. - Main","Commonwealth Ave., Brgy. Old Balara, Quezon City",Matandang Balara,3.0,Schools,Private,Junior high school,"Data_QC Caring Cities Tracker, QC Administrative Data - Private schools",14.6638522,121.0713284,,,,,,,Administrative data
"Diliman Preparatory School, Inc. - Main","Commonwealth Ave., Brgy. Old Balara, Quezon City",Matandang Balara,3.0,Schools,Private,Preschool,"Data_QC Caring Cities Tracker, QC Administrative Data - Private schools",14.6638522,121.0713284,,,,,,,Administrative data
"Diliman Preparatory School, Inc. - Main","Commonwealth Ave., Brgy. Old Balara, Quezon City",Matandang Balara,3.0,Schools,Private,Elementary school,"Data_QC Caring Cities Tracker, QC Administrative Data - Private schools",14.6638522,121.0713284,,,,,,,Administrative data
"Diliman Preparatory School, Inc. - Main","Commonwealth Ave., Brgy. Old Balara, Quezon City",Matandang Balara,3.0,Schools,Private,Senior high school,"Data_QC Caring Cities Tracker, QC Administrative Data - Private schools",14.6638522,121.0713284,,,,,,,Administrative data
Dioquino Zobel,"18 Lizardo St. 20th Ave., Brgy. Dioquino Zobel",Dioquino Zobel,3.0,Childcare,Public,Child development center and supervised neighborhood play,"Data_QC Caring Cities Tracker, QC Administrative Data - Child",14.6195408,121.0646244,,,,,,,Administrative data
Diosdado P. Macapagal ES (Tatalon ES),,Tatalon,4.0,Schools,Public,Elementary school,"Data_QC Caring Cities Tracker, QC Administrative Data - Public schools",14.6223839,121.0125446,,,,,,,Administrative data
DISCOVERY DEN THERAPY AND LEARNING HUB INC.,"UNIT 201, TC PLAZA NO. 40, QUEZON AVE., DOÑA JOSEFA, QUEZON CITY, NCR, 1113",Doña Josefa,4.0,Long-term care and rehabilitation services,,Physical/occupational therapy school,BLPD,14.6218289798521,121.00671994875,8:00AM,8:00PM,,,,,Administrative data
Discovery House Montessori of Quezon City Inc.,"#59 Adrian St., North Fairview Subd., Phase III, QC",North Fairview,5.0,Schools,Private,Elementary school,"Data_QC Caring Cities Tracker, QC Administrative Data - Private schools",14.70987,121.0624612,,,,,,,Administrative data
Discovery House Montessori of Quezon City Inc.,"#59 Adrian St., North Fairview Subd., Phase III, QC",North Fairview,5.0,Schools,Private,Preschool,"Data_QC Caring Cities Tracker, QC Administrative Data - Private schools",14.70987,121.0624612,,,,,,,Administrative data
Discovery House Montessori of Quezon City Inc.,"#59 Adrian St., North Fairview Subd., Phase III, QC",North Fairview,5.0,Schools,Private,Junior high school,"Data_QC Caring Cities Tracker, QC Administrative Data - Private schools",14.70987,121.0624612,,,,,,,Administrative data
DISCOVERYPLAYSCHOOL DAY CARE CENTER,"UNIT F, DOC PAU BLDG.,, BLK 27, LOT 26, 73 PONTIAC ST. , FAIRVIEW, QUEZON CITY, NCR, 1118",Fairview,5.0,Childcare,Public,Child learning center,BLPD,14.7045142,121.068885,7:30AM,7:00PM,,,,,Administrative data
"Divine Grace Center of Studies (Quezon City), Inc.","47 General Ave., GSIS Vill., T-sora , QC",Tandang Sora,6.0,Schools,Private,Preschool,"Data_QC Caring Cities Tracker, QC Administrative Data - Private schools",14.6746168,121.0258051,,,,,,,Administrative data
"Divine Grace Center of Studies (Quezon City), Inc.","47 General Ave., GSIS Vill., T-sora , QC",Tandang Sora,6.0,Schools,Private,Elementary school,"Data_QC Caring Cities Tracker, QC Administrative Data - Private schools",14.6746168,121.0258051,,,,,,,Administrative data
"Divine Grace Center of Studies (Quezon City), Inc.","47 General Ave., GSIS Vill., T-sora , QC",Tandang Sora,6.0,Schools,Private,Junior high school,"Data_QC Caring Cities Tracker, QC Administrative Data - Private schools",14.6746168,121.0258051,,,,,,,Administrative data
"DIVINE GRACE SCHOOL, INC.","B35, L5-B, B, MALIGAYA PARK, ILANG ILANG ST., PASONG PUTIK PROPER, QUEZON CITY, NCR, 1118",Pasong Putik Proper,5.0,Schools,Private,Private school,BLPD,14.7404916,121.0615089,8:00AM,6:00PM,,,,,Administrative data
"DIVINE GRACE SCHOOL, INC.","L29, B24, MALIGAYA PARK, ILANG ILANG ST., PASONG PUTIK PROPER, QUEZON CITY, NCR, 1118",Pasong Putik Proper,5.0,Schools,Private,Private school,BLPD,14.7404916,121.0615089,8:00AM,6:00PM,,,,,Administrative data
"Divine Mercy Lrng., Ctr., of QC., Inc.","54 B V-Luzon Extn., Project 8, Brgy. Sangandaan, QC",Sangandaan,6.0,Schools,Private,Elementary school,"Data_QC Caring Cities Tracker, QC Administrative Data - Private schools",14.6766862,121.0213295,,,,,,,Administrative data
"Divine Mercy Lrng., Ctr., of QC., Inc.","54 B V-Luzon Extn., Project 8, Brgy. Sangandaan, QC",Sangandaan,6.0,Schools,Private,Preschool,"Data_QC Caring Cities Tracker, QC Administrative Data - Private schools",14.6766862,121.0213295,,,,,,,Administrative data
DML Montessori School,"45 7th St.,Glimore, Brgy. Mariana, New Manila, QC",Mariana,4.0,Schools,Private,Preschool,"Data_QC Caring Cities Tracker, QC Administrative Data - Private schools",14.6184018,121.0338455,,,,,,,Administrative data
DML Montessori School,"45 7th St.,Glimore, Brgy. Mariana, New Manila, QC",Mariana,4.0,Schools,Private,Elementary school,"Data_QC Caring Cities Tracker, QC Administrative Data - Private schools",14.6184018,121.0338455,,,,,,,Administrative data
DML Montessori School,"45 7th St.,Glimore, Brgy. Mariana, New Manila, QC",Mariana,4.0,Schools,Private,Junior high school,"Data_QC Caring Cities Tracker, QC Administrative Data - Private schools",14.6184018,121.0338455,,,,,,,Administrative data
DMR PSYCHOLOGICAL SERVICES,"UNIT 3B 3/F, WEST WING BLDG, #107 WEST AVE., BUNGAD, QUEZON CITY, NCR, 1105",Bungad,1.0,Long-term care and rehabilitation services,,Psychological clinic,BLPD,14.6503524,121.0285489,8:00AM,5:00PM,,,,,Administrative data
DMR PSYCHOLOGICAL SERVICES INC.,"UNIT 3A 3RD FLOOR, THE WEST WING BUILDING, 107 WEST AVENUE, N/A, BUNGAD, QUEZON CITY, NCR, 1105",Bungad,1.0,Long-term care and rehabilitation services,,Psychological clinic,BLPD,14.6490037,121.0283382,8:00AM,5:00PM,,,,,Administrative data
"Don Alejandro Roces, Sr. Science and Technology High School",,Obrero,4.0,Schools,Public,High school,"Data_QC Caring Cities Tracker, QC Administrative Data - Public schools",14.6289789,121.0315712,,,,,,,Administrative data
Don Crispulo,"Bering St. cor Don Crispulo Street, Area V, Brgy. Gulod",Gulod,5.0,Childcare,Public,Child development center and supervised neighborhood play,"Data_QC Caring Cities Tracker, QC Administrative Data - Child",14.7114043,121.0450731,,,,,,,Administrative data
Don Fabian,"Don Fabian, Brgy. Commonwealth",Commonwealth,2.0,Childcare,Public,Child development center and supervised neighborhood play,"Data_QC Caring Cities Tracker, QC Administrative Data - Child",14.7012751,121.0822901,,,,,,,Administrative data
Don Fabian School of QC,"Pilot Drive, Sto. Niño St., Brgy. Comm., QC",Commonwealth,2.0,Schools,Private,Preschool,"Data_QC Caring Cities Tracker, QC Administrative Data - Private schools",14.6970222,121.0772436,,,,,,,Administrative data
Don Fabian School of QC,"Pilot Drive, Sto. Niño St., Brgy. Comm., QC",Commonwealth,2.0,Schools,Private,Elementary school,"Data_QC Caring Cities Tracker, QC Administrative Data - Private schools",14.6970222,121.0772436,,,,,,,Administrative data
Don Manuel,L. Castillo corner Matimyas St. Brgy. Don Manuel,Don Manuel,4.0,Childcare,Public,Child development center and supervised neighborhood play,"Data_QC Caring Cities Tracker, QC Administrative Data - Child",14.6157602,121.0044846,,,,,,,Administrative data
Don Quintin Paredes HS,,Quirino 2-B,3.0,Schools,Public,High school,"Data_QC Caring Cities Tracker, QC Administrative Data - Public schools",14.6324766,121.0609354,,,,,,,Administrative data
Doña Aurora,E. Jacinto St. Brgy. Doña Aurora,Doña Aurora,4.0,Childcare,Public,Child development center and supervised neighborhood play,"Data_QC Caring Cities Tracker, QC Administrative Data - Child",14.615035,121.010542,,,,,,,Administrative data
Doña Josefa,Brgy. Doña Josefa Brgy. Hall Agno cor. Kitanlad St.,Doña Josefa,4.0,Childcare,Public,Child development center and supervised neighborhood play,"Data_QC Caring Cities Tracker, QC Administrative Data - Child",14.6190141,121.005126,,,,,,,Administrative data
Dona Josefa E. Marcos ES,,San Roque,3.0,Schools,Public,Elementary school,"Data_QC Caring Cities Tracker, QC Administrative Data - Public schools",14.615774,121.063271,,,,,,,Administrative data
Dona Juana Elementary School,,Holy Spirit,2.0,Schools,Public,Elementary school,"Data_QC Caring Cities Tracker, QC Administrative Data - Public schools",14.6892901,121.0817437,,,,,,,Administrative data
Doña Rosario,"Ground Floor Multi-purpose Bldg., P. Tupaz St., Doña Rosario, Brgy. Novaliches Proper",Novaliches Proper,5.0,Childcare,Public,Child development center and supervised neighborhood play,"Data_QC Caring Cities Tracker, QC Administrative Data - Child",14.7160726,121.0368336,,,,,,,Administrative data
Dona Rosario Elementary School,,Novaliches Proper,5.0,Schools,Public,Elementary school,"Data_QC Caring Cities Tracker, QC Administrative Data - Public schools",14.7171909,121.0363349,,,,,,,Administrative data
Dona Rosario HS,,Novaliches Proper,5.0,Schools,Public,High school,"Data_QC Caring Cities Tracker, QC Administrative Data - Public schools",14.7167349,121.0366432,,,,,,,Administrative data
DR RNLIM / PHYSICAL MEDICINE AND PHYSICAL THERAPY SERVICES,"56, BANAWE ST., STO. DOMINGO, QUEZON CITY, NCR, 1114",Sto. Domingo,1.0,Long-term care and rehabilitation services,,Physical therapy clinic,BLPD,14.6286308842704,121.00393747281,8:00AM,5:00PM,,,,,Administrative data
Dr. Carlos S. Lanting College,"16 T-sora Ave., Brgy. Sangandaan, Quezon City",Sangandaan,6.0,Schools,Private,Senior high school,"Data_QC Caring Cities Tracker, QC Administrative Data - Private schools",14.6793675,121.0206403,,,,,,,Administrative data
DR. JOSEFA JARA MARTINEZ HIGH SCHOOL,,Tatalon,4.0,Schools,Public,High school,"Data_QC Caring Cities Tracker, QC Administrative Data - Public schools",14.6215385,121.0129829,,,,,,,Administrative data
Dupax I,"Road 44 Dupax St., Bgy. Satellite, Brgy. Matandang Balara",Matandang Balara,3.0,Childcare,Public,Child development center and supervised neighborhood play,"Data_QC Caring Cities Tracker, QC Administrative Data - Child",14.6748634,121.0829482,,,,,,,Administrative data
Duyan-duyan,"Kamagong St., cor. Kalanatas St., Brgy. Duyan-duyan",Duyan-Duyan,3.0,Childcare,Public,Child development center and supervised neighborhood play,"Data_QC Caring Cities Tracker, QC Administrative Data - Child",14.6302485,121.0671672,,,,,,,Administrative data
E. Castillo,"E. Castillo St., Brgy. Commonwealth",Commonwealth,2.0,Childcare,Public,Child development center and supervised neighborhood play,"Data_QC Caring Cities Tracker, QC Administrative Data - Child",14.7002232,121.0845298,,,,,,,Administrative data
E. Rodriguez Sr.,"181 Ermin Garcia St., Cubao, Brgy. E. Rodriguez Sr.",E. Rodriguez,3.0,Childcare,Public,Child development center and supervised neighborhood play,"Data_QC Caring Cities Tracker, QC Administrative Data - Child",14.6284998,121.0548217,,,,,,,Administrative data
"EAGLE ROCK DIALYSIS & WELLNESS CENTER, INC.","17, DART ST. COR. CAMARO ST., FAIRVIEW PARK SUBD., FAIRVIEW, QUEZON CITY, NCR, 1118",Fairview,5.0,Long-term care and rehabilitation services,,Therapeutic clinic,BLPD,14.705854300305,121.069883232476,8:00AM,5:00PM,,,,,Administrative data
East Anak Bayan,75 Anakbayan Dulo St.,Paltok,1.0,Childcare,Public,Child development center and supervised neighborhood play,"Data_QC Caring Cities Tracker, QC Administrative Data - Child",14.6452258,121.0249887,,,,,,,Administrative data
East Kamias,"65 K 10th St., Brgy. East Kamias",East Kamias,3.0,Childcare,Public,Child development center and supervised neighborhood play,"Data_QC Caring Cities Tracker, QC Administrative Data - Child",14.6307717,121.0541119,,,,,,,Administrative data
"Eclaro Academy, Inc.","#7 North Zuzuarregui St. Comm. Ave., Brgy. Old Blara, QC",Matandang Balara,3.0,Schools,Private,Preschool,"Data_QC Caring Cities Tracker, QC Administrative Data - Private schools",14.6696642,121.0782302,,,,,,,Administrative data
"Eclaro Academy, Inc.","#7 North Zuzuarregui St. Comm. Ave., Brgy. Old Blara, QC",Matandang Balara,3.0,Schools,Private,Elementary school,"Data_QC Caring Cities Tracker, QC Administrative Data - Private schools",14.6696642,121.0782302,,,,,,,Administrative data
"Eclaro Academy, Inc.","Unit CC 3F L Regs 001, Ever Gotesco Building, Commonwealth, Brgy. Batasan Hills, Quezon City",Batasan Hills,2.0,Schools,Private,Elementary school,"Data_QC Caring Cities Tracker, QC Administrative Data - Private schools",14.6780956,121.0853515,,,,,,,Administrative data
"Eclaro Academy, Inc.","Unit CC 3F L Regs 001, Ever Gotesco Building, Commonwealth, Brgy. Batasan Hills, Quezon City",Batasan Hills,2.0,Schools,Private,Preschool,"Data_QC Caring Cities Tracker, QC Administrative Data - Private schools",14.6780956,121.0853515,,,,,,,Administrative data
"Eclaro Academy, Inc.","Unit CC 3F L Regs 001, Ever Gotesco Building, Commonwealth, Brgy. Batasan Hills, Quezon City",Batasan Hills,2.0,Schools,Private,Junior high school,"Data_QC Caring Cities Tracker, QC Administrative Data - Private schools",14.6780956,121.0853515,,,,,,,Administrative data
"Eclaro Academy, Inc.","Unit CC 3F L Regs 001, Ever Gotesco Building, Commonwealth, Brgy. Batasan Hills, Quezon City",Batasan Hills,2.0,Schools,Private,Senior high school,"Data_QC Caring Cities Tracker, QC Administrative Data - Private schools",14.6780956,121.0853515,,,,,,,Administrative data
Einstein School for Kids,"B68L30, Hermano Mayor St., Greater Lagro, Nova., QC",Greater Lagro,5.0,Schools,Private,Preschool,"Data_QC Caring Cities Tracker, QC Administrative Data - Private schools",14.7309344,121.0709076,,,,,,,Administrative data
Einstein School for Kids,"B68L30, Hermano Mayor St., Greater Lagro, Nova., QC",Greater Lagro,5.0,Schools,Private,Elementary school,"Data_QC Caring Cities Tracker, QC Administrative Data - Private schools",14.7309344,121.0709076,,,,,,,Administrative data
"ELUEL Shemea Christian Academy, Inc.","251 Mc. Arthur St., Area 1, Veterans Vill. Brgy. Pasong Tamo, QC",Pasong Tamo,6.0,Schools,Private,Preschool,"Data_QC Caring Cities Tracker, QC Administrative Data - Private schools",14.677202,121.0660038,,,,,,,Administrative data
"ELUEL Shemea Christian Academy, Inc.","251 Mc. Arthur St., Area 1, Veterans Vill. Brgy. Pasong Tamo, QC",Pasong Tamo,6.0,Schools,Private,Elementary school,"Data_QC Caring Cities Tracker, QC Administrative Data - Private schools",14.677202,121.0660038,,,,,,,Administrative data
"ELUEL Shemea Christian Academy, Inc.","251 Mc. Arthur St., Area 1, Veterans Vill. Brgy. Pasong Tamo, QC",Pasong Tamo,6.0,Schools,Private,Junior high school,"Data_QC Caring Cities Tracker, QC Administrative Data - Private schools",14.677202,121.0660038,,,,,,,Administrative data
Elyseum Christian School Inc.,"24 Road 23, Brgy. Bahay Toro, QC",Bahay Toro,1.0,Schools,Private,Preschool,"Data_QC Caring Cities Tracker, QC Administrative Data - Private schools",14.6685151,121.0190047,,,,,,,Administrative data
Elyseum Christian School Inc.,"24 Road 23, Brgy. Bahay Toro, QC",Bahay Toro,1.0,Schools,Private,Elementary school,"Data_QC Caring Cities Tracker, QC Administrative Data - Private schools",14.6685151,121.0190047,,,,,,,Administrative data
Elyseum Christian School Inc.,"24 Road 23, Brgy. Bahay Toro, QC",Bahay Toro,1.0,Schools,Private,Junior high school,"Data_QC Caring Cities Tracker, QC Administrative Data - Private schools",14.6685151,121.0190047,,,,,,,Administrative data
Emilio Jacinto National High School,,Pasong Tamo,6.0,Schools,Public,High school,"Data_QC Caring Cities Tracker, QC Administrative Data - Public schools",14.6776021,121.0529972,,,,,,,Administrative data
Empire,"Empire St., Brgy. Payatas",Payatas,2.0,Childcare,Public,Child development center and supervised neighborhood play,"Data_QC Caring Cities Tracker, QC Administrative Data - Child",14.7183298,121.1108895,,,,,,,Administrative data
ENHANCED MOBILITY PHYSICAL THERAPY CLINIC,"UNIT 306 3RD FLR., JOCFER BUILDING, COMMONWEALTH AVENUE, HOLY SPIRIT, QUEZON CITY, NCR, 1127",Holy Spirit,2.0,Long-term care and rehabilitation services,,Physical therapy clinic,BLPD,14.6732132041582,121.07894355,9:00AM,6:00PM,,,,,Administrative data
ENST THERAPEUTIC CLINIC,"1, LANTAWAN ST. , DOÑA IMELDA, QUEZON CITY, NCR, 1113",Doña Imelda,4.0,Long-term care and rehabilitation services,,Therapeutic clinic,BLPD,14.6081320041389,121.01881915,9:00AM,8:00PM,,,,,Administrative data
EONSEGEN CORP.,"UNIT D211 3RD FLOOR,  Q SQUARE LIFESTYLE CENTER, 375 QUIRINO HIGHWAY, TALIPAPA, QUEZON CITY, NCR, 1116",Talipapa,6.0,Long-term care and rehabilitation services,,Therapeutic clinic,BLPD,14.6806596757082,121.019077952797,9:00AM,3:00AM,,,,,Administrative data
"Ephesians Christian Academy of Quezon City, Inc.","D' Virs Bldg., No. 184-A Kapiligan St, Brgy. Dona Imelda, QC",Doña Imelda,4.0,Schools,Private,Preschool,"Data_QC Caring Cities Tracker, QC Administrative Data - Private schools",14.61829,121.016575,,,,,,,Administrative data
"Ephesians Christian Academy of Quezon City, Inc.","D' Virs Bldg., No. 184-A Kapiligan St, Brgy. Dona Imelda, QC",Doña Imelda,4.0,Schools,Private,Elementary school,"Data_QC Caring Cities Tracker, QC Administrative Data - Private schools",14.61829,121.016575,,,,,,,Administrative data
"Ephesians Christian Academy of Quezon City, Inc.","D' Virs Bldg., No. 184-A Kapiligan St, Brgy. Dona Imelda, QC",Doña Imelda,4.0,Schools,Private,Junior high school,"Data_QC Caring Cities Tracker, QC Administrative Data - Private schools",14.61829,121.016575,,,,,,,Administrative data
Ernesto Rondon HS,,Project 6,1.0,Schools,Public,High school,"Data_QC Caring Cities Tracker, QC Administrative Data - Public schools",14.6643597,121.0377083,,,,,,,Administrative data
Escopa 3A,"P. Burgos PUD Site Bliss, Brgy. Hall Compound, Project 4, Brgy. Escopa 3",Escopa 3,3.0,Childcare,Public,Child development center and supervised neighborhood play,"Data_QC Caring Cities Tracker, QC Administrative Data - Child",14.6277065,121.0723165,,,,,,,Administrative data
Escopa 4,"Senior Citizen Bldg. Escopa 4 Ibaba, Brgy. Escopa 4",Escopa 4,3.0,Childcare,Public,Child development center and supervised neighborhood play,"Data_QC Caring Cities Tracker, QC Administrative Data - Child",14.6255573,121.0745345,,,,,,,Administrative data
"Escuela De Corazon of QC, Inc.","B2L6 Magsaysay Ave., Doña Faustina, Brgy San Bartolome, QC",San Bartolome,5.0,Schools,Private,Junior high school,"Data_QC Caring Cities Tracker, QC Administrative Data - Private schools",14.7104667,121.0281606,,,,,,,Administrative data
"Escuela De Corazon of QC, Inc.","B2L6 Magsaysay Ave., Doña Faustina, Brgy San Bartolome, QC",San Bartolome,5.0,Schools,Private,Elementary school,"Data_QC Caring Cities Tracker, QC Administrative Data - Private schools",14.7104667,121.0281606,,,,,,,Administrative data
"Escuela De Corazon of QC, Inc.","B2L6 Magsaysay Ave., Doña Faustina, Brgy San Bartolome, QC",San Bartolome,5.0,Schools,Private,Preschool,"Data_QC Caring Cities Tracker, QC Administrative Data - Private schools",14.7104667,121.0281606,,,,,,,Administrative data
"Estar Castle Integrated School, Inc.","L817, A. Ecols St. Don Fabian, Brgy. Comm. QC",Commonwealth,2.0,Schools,Private,Preschool,"Data_QC Caring Cities Tracker, QC Administrative Data - Private schools",14.7009244,121.0834374,,,,,,,Administrative data
"Estar Castle Integrated School, Inc.","L817, A. Ecols St. Don Fabian, Brgy. Comm. QC",Commonwealth,2.0,Schools,Private,Elementary school,"Data_QC Caring Cities Tracker, QC Administrative Data - Private schools",14.7009244,121.0834374,,,,,,,Administrative data
Esteban Abada ES,,Veterans Village,1.0,Schools,Public,Elementary school,"Data_QC Caring Cities Tracker, QC Administrative Data - Public schools",14.65418,121.0246532,,,,,,,Administrative data
"Eugenio Lopez Jr. Center for Media Arts, Senior High School",,Sacred Heart,4.0,Schools,Public,Senior high school,"Data_QC Caring Cities Tracker, QC Administrative Data - Public schools",14.6290784,121.0366586,,,,,,,Administrative data
"Eulogio Rodriguez, Jr. HS",,E. Rodriguez,3.0,Schools,Public,High school,"Data_QC Caring Cities Tracker, QC Administrative Data - Public schools",14.6330534,120.9942441,,,,,,,Administrative data
"Eulogio Rodriguez, Sr. ES",,E. Rodriguez,3.0,Schools,Public,Elementary school,"Data_QC Caring Cities Tracker, QC Administrative Data - Public schools",14.6298159,121.0540873,,,,,,,Administrative data
EZR LEARNING INSTITUTE INC.,"568, A. BONIFACIO STREET, BAGONG SILANGAN, QUEZON CITY, NCR, 1119",Bagong Silangan,2.0,Schools,Private,Private school,BLPD,14.6973428,121.1109931,6:31AM,4:00PM,,,,,Administrative data
F. Carlos,F. Carlos St. (near Basketball Court),Baesa,6.0,Childcare,Public,Child development center and supervised neighborhood play,"Data_QC Caring Cities Tracker, QC Administrative Data - Child",14.6627226,121.0126463,,,,,,,Administrative data
F. Manalo,F. Manalo St. Brgy. Immaculate Concepcion,Immaculate Concepcion,4.0,Childcare,Public,Child development center and supervised neighborhood play,"Data_QC Caring Cities Tracker, QC Administrative Data - Child",14.6221737,121.0484356,,,,,,,Administrative data
"Fairvew Baptist Academy, Inc","B2 L2 Windsor cor. Peacock Sts., Fairview, QC",Fairview,5.0,Schools,Private,Preschool,"Data_QC Caring Cities Tracker, QC Administrative Data - Private schools",14.7037483,121.0758187,,,,,,,Administrative data
"Fairvew Baptist Academy, Inc","B2 L2 Windsor cor. Peacock Sts., Fairview, QC",Fairview,5.0,Schools,Private,Elementary school,"Data_QC Caring Cities Tracker, QC Administrative Data - Private schools",14.7037483,121.0758187,,,,,,,Administrative data
"Fairvew Baptist Academy, Inc","B2 L2 Windsor cor. Peacock Sts., Fairview, QC",Fairview,5.0,Schools,Private,Junior high school,"Data_QC Caring Cities Tracker, QC Administrative Data - Private schools",14.7037483,121.0758187,,,,,,,Administrative data
"Fairvew Baptist Academy, Inc","B2 L2 Windsor cor. Peacock Sts., Fairview, QC",Fairview,5.0,Schools,Private,Senior high school,"Data_QC Caring Cities Tracker, QC Administrative Data - Private schools",14.7037483,121.0758187,,,,,,,Administrative data
Fairview ES,,Fairview,5.0,Schools,Public,Elementary school,"Data_QC Caring Cities Tracker, QC Administrative Data - Public schools",14.7088518,121.0666966,,,,,,,Administrative data
Falcon Lrng. Ctr.,"25 Falcon St., Fairview Park, Subd. West Fairview, QC",Fairview,5.0,Schools,Private,Elementary school,"Data_QC Caring Cities Tracker, QC Administrative Data - Private schools",14.7018028,121.0662273,,,,,,,Administrative data
Falcon Lrng. Ctr.,"25 Falcon St., Fairview Park, Subd. West Fairview, QC",Fairview,5.0,Schools,Private,Preschool,"Data_QC Caring Cities Tracker, QC Administrative Data - Private schools",14.7018028,121.0662273,,,,,,,Administrative data
"FALCON SCHOOL, INC.","L6, B13, DAHLIA AVE., FAIRVIEW PARK, FAIRVIEW, QUEZON CITY, NCR, 1118",Fairview,5.0,Schools,Private,Private school,BLPD,14.699685341897,121.061202475378,8:00AM,5:00PM,,,,,Administrative data
Family Mont. Preschool,"E. Abada St., Loyola Heights, QC",Loyola Heights,3.0,Schools,Private,Preschool,"Data_QC Caring Cities Tracker, QC Administrative Data - Private schools",14.6380107,121.0729769,,,,,,,Administrative data
"FATIMA MEDICAL SCIENCE FOUNDATION, INC.","BLOCK 87, LOT 17 & 19, REGALADO AVE., FAIRVIEW, QUEZON CITY, NCR, 1121",Fairview,5.0,Long-term care and rehabilitation services,,Rehabilitation clinic,BLPD,14.6992003,121.0669756,8:00AM,5:00PM,,,,,Administrative data
Feria I,"Ground Flr., Feria CDC, Dao St., Feria Road, Brgy. Matandang Balara",Matandang Balara,3.0,Childcare,Public,Child development center and supervised neighborhood play,"Data_QC Caring Cities Tracker, QC Administrative Data - Child",14.671147,121.0797055,,,,,,,Administrative data
Feria II,"2nd Flr., Feria CDC, Dao St., Feria Rd., Brgy. Matandang Balara",Matandang Balara,3.0,Childcare,Public,Child development center and supervised neighborhood play,"Data_QC Caring Cities Tracker, QC Administrative Data - Child",14.6716015,121.0801898,,,,,,,Administrative data
Fernando C. Amorsolo SHS,,Kamuning,4.0,Schools,Public,Senior high school,"Data_QC Caring Cities Tracker, QC Administrative Data - Public schools",14.6286684,121.0441756,,,,,,,Administrative data
Filside,"Lot Block 6, Filside Homes, Brgy. Bagong Silangan",Bagong Silangan,2.0,Childcare,Public,Child development center and supervised neighborhood play,"Data_QC Caring Cities Tracker, QC Administrative Data - Child",14.7015934,121.1118483,,,,,,,Administrative data
Fiore Del Carmelo School,"#6 Doña Lucia St., Doña Carmin Subd., Brgy. Comm., QC",Commonwealth,2.0,Schools,Private,Preschool,"Data_QC Caring Cities Tracker, QC Administrative Data - Private schools",14.7077839,121.0840856,,,,,,,Administrative data
Fiore Del Carmelo School,"#6 Doña Lucia St., Doña Carmin Subd., Brgy. Comm., QC",Commonwealth,2.0,Schools,Private,Elementary school,"Data_QC Caring Cities Tracker, QC Administrative Data - Private schools",14.7077839,121.0840856,,,,,,,Administrative data
Fiore Del Carmelo School,"#6 Doña Lucia St., Doña Carmin Subd., Brgy. Comm., QC",Commonwealth,2.0,Schools,Private,Junior high school,"Data_QC Caring Cities Tracker, QC Administrative Data - Private schools",14.7077839,121.0840856,,,,,,,Administrative data
Fiore Del Carmelo School,"#6 Doña Lucia St., Doña Carmin Subd., Brgy. Comm., QC",Commonwealth,2.0,Schools,Private,Senior high school,"Data_QC Caring Cities Tracker, QC Administrative Data - Private schools",14.7077839,121.0840856,,,,,,,Administrative data
First Mile Christian School,"Peseta Corner Riyal St., Phase 8, North Fairview, QC",North Fairview,5.0,Schools,Private,Elementary school,"Data_QC Caring Cities Tracker, QC Administrative Data - Private schools",14.7106643,121.0588864,,,,,,,Administrative data
First Mile Christian School,"Peseta Corner Riyal St., Phase 8, North Fairview, QC",North Fairview,5.0,Schools,Private,Junior high school,"Data_QC Caring Cities Tracker, QC Administrative Data - Private schools",14.7106643,121.0588864,,,,,,,Administrative data
First Mile Christian School,"Peseta Corner Riyal St., Phase 8, North Fairview, QC",North Fairview,5.0,Schools,Private,Preschool,"Data_QC Caring Cities Tracker, QC Administrative Data - Private schools",14.7106643,121.0588864,,,,,,,Administrative data
FIT TO PLAY MULTISPORT WELLNESS INC.,"3RD FLR. , CTTM SQUARE, 68 TIMOG AVE. COR. TOMAS MORATO, SACRED HEART, QUEZON CITY, NCR, 1103",Sacred Heart,4.0,Long-term care and rehabilitation services,,Physical therapy clinic,BLPD,14.6343971,121.0356153,9:00AM,6:00PM,,,,,Administrative data
FITNESS PHYSICAL THERAPY CORPORATION,"UNIT G 2/F 135, ALBEALAND CORPORATION, MAYON, STA. MESA HEIGHTS, STA. TERESITA, QUEZON CITY, NCR, 1114",Sta. Teresita,1.0,Long-term care and rehabilitation services,,Physical therapy clinic,BLPD,14.6213383558468,120.999871838029,8:00AM,5:00PM,,,,,Administrative data
"Flor De Grace School, Inc.","#74-A Gold St., Commonwealth, QC",Commonwealth,2.0,Schools,Private,Preschool,"Data_QC Caring Cities Tracker, QC Administrative Data - Private schools",14.6971031,121.0813792,,,,,,,Administrative data
"FLOR DE GRACE SCHOOL, INC.","74, GOLD ST, COMMONWEALTH, QUEZON CITY, NCR, 1121",Commonwealth,2.0,Childcare,Public,Child learning center,BLPD,14.6971522628915,121.081381113748,7:00AM,6:00PM,,,,,Administrative data
Flora A. Ylagan HS,,Pinyahan,4.0,Schools,Public,High school,"Data_QC Caring Cities Tracker, QC Administrative Data - Public schools",14.636178,121.047376,,,,,,,Administrative data
Florentina,"Interior Florentina St. Castro Compound, Brgy. Gulod",Gulod,5.0,Childcare,Public,Child development center and supervised neighborhood play,"Data_QC Caring Cities Tracker, QC Administrative Data - Child",14.7101138,121.043852,,,,,,,Administrative data
FOOT KINGDOM SPA INC.,"AX3 250-252, SM CITY FAIRVIEW, QUIRINO HIGHWAY, CORNER REGALADO AVE., GREATER LAGRO, QUEZON CITY, NCR, 1100",Greater Lagro,5.0,Long-term care and rehabilitation services,,Therapeutic clinic,BLPD,14.7345646800505,121.059891300722,10:00AM,10:00PM,,,,,Administrative data
"Foothills Christian School, Inc.","Resolution Rd., Area C, Talanay, Batasan Hills, QC",Batasan Hills,2.0,Schools,Private,Preschool,"Data_QC Caring Cities Tracker, QC Administrative Data - Private schools",14.6826438,121.0988982,,,,,,,Administrative data
Footsteps Learning Center,"81 Molave St., Brgy. Duyan-Duyan, Proj.3, QC",Duyan-Duyan,3.0,Schools,Private,Preschool,"Data_QC Caring Cities Tracker, QC Administrative Data - Private schools",14.6295069,121.0672633,,,,,,,Administrative data
Footsteps Learning Center,"81 Molave St., Brgy. Duyan-Duyan, Proj.3, QC",Duyan-Duyan,3.0,Schools,Private,Elementary school,"Data_QC Caring Cities Tracker, QC Administrative Data - Private schools",14.6295069,121.0672633,,,,,,,Administrative data
Forestry,BFD Compound Brgy. Central,Central,4.0,Childcare,Public,Child development center and supervised neighborhood play,"Data_QC Caring Cities Tracker, QC Administrative Data - Child",14.6426361,121.0500907,,,,,,,Administrative data
FORGE LAB INC.,"GF, ASPIREA RESIDENCES, 5 MALUMANAY ST. , MALAYA, QUEZON CITY, NCR, 1101",Malaya,4.0,Long-term care and rehabilitation services,,Physical therapy clinic,BLPD,14.6363368131018,121.056007786906,9:00AM,6:00AM,,,,,Administrative data
Fort Aguinaldo ES,,Camp Aguinaldo,3.0,Schools,Public,Elementary school,"Data_QC Caring Cities Tracker, QC Administrative Data - Public schools",14.6012214,121.0619947,,,,,,,Administrative data
Fourthwatch Maranatha Christian Academy of Quezon City Inc.,"59-A Dangay St., Veterans Village, Proj. 7, QC",Veterans Village,1.0,Schools,Private,Elementary school,"Data_QC Caring Cities Tracker, QC Administrative Data - Private schools",14.65608,121.023126,,,,,,,Administrative data
Fourthwatch Maranatha Christian Academy of Quezon City Inc.,"59-A Dangay St., Veterans Village, Proj. 7, QC",Veterans Village,1.0,Schools,Private,Preschool,"Data_QC Caring Cities Tracker, QC Administrative Data - Private schools",14.65608,121.023126,,,,,,,Administrative data
Freedom Park 3 & 4,"Fortune St., Brgy. Batasan Hills",Batasan Hills,2.0,Childcare,Public,Child development center and supervised neighborhood play,"Data_QC Caring Cities Tracker, QC Administrative Data - Child",14.6925963,121.0927117,,,,,,,Administrative data
Freedom Park 5,"Jordan St., Freedom Park 5, Brgy. Batasan Hills",Batasan Hills,2.0,Childcare,Public,Child development center and supervised neighborhood play,"Data_QC Caring Cities Tracker, QC Administrative Data - Child",14.6931453,121.0913594,,,,,,,Administrative data
FRIENDS THERAPY CENTER INC.,"UNIT 105, VIEN PLAZA BUILDING, NO 13, ROAD 13, BAGONG PAG-ASA, QUEZON CITY, NCR, 1105",Bagong Pag-Asa,1.0,Long-term care and rehabilitation services,,Physical/occupational therapy school,BLPD,14.6567428578956,121.034569886046,9:00AM,5:00PM,,,,,Administrative data
"Gardner College Diliman, Inc.","#29 Archipelago Building, North Avenue, Diliman, Quezon City",Project 6,1.0,Schools,Private,Senior high school,"Data_QC Caring Cities Tracker, QC Administrative Data - Private schools",14.6536633,121.0394974,,,,,,,Administrative data
GAYA AESTHETIC AND WELLNESS CENTER,"UNIT 204-A, BLK 7, LOTS 2  AND 3, BATASAN-SAN MATEO ROAD , BATASAN HILLS, QUEZON CITY, NCR, 1126",Batasan Hills,2.0,Long-term care and rehabilitation services,,Physical therapy clinic,BLPD,14.6839473541614,121.10530745,11:00AM,8:00PM,,,,,Administrative data
GCR PSYCHOMETRICS CENTER,"UNIT 303, JP YAMBAO BLDG, #52 KAMUNING ROAD, KAMUNING, QUEZON CITY, NCR, 1103",Kamuning,4.0,Long-term care and rehabilitation services,,Psychological clinic,BLPD,14.6284984,121.0382585,8:00AM,5:00PM,,,,,Administrative data
General Roxas Elementary School,,Roxas,4.0,Schools,Public,Elementary school,"Data_QC Caring Cities Tracker, QC Administrative Data - Public schools",14.6277548,121.0222214,,,,,,,Administrative data
"Gideon School of Quezon City, Inc.","47 Veterans Ave., Holy Spirit, QC",Holy Spirit,2.0,Schools,Private,Preschool,"Data_QC Caring Cities Tracker, QC Administrative Data - Private schools",14.6850838,121.0737987,,,,,,,Administrative data
"Gideon School of Quezon City, Inc.","47 Veterans Ave., Holy Spirit, QC",Holy Spirit,2.0,Schools,Private,Elementary school,"Data_QC Caring Cities Tracker, QC Administrative Data - Private schools",14.6850838,121.0737987,,,,,,,Administrative data
Giovanni Battista Leonardi School,"28 A. Paltok St., Brgy. Pansol Diliman, QC",Pansol,3.0,Schools,Private,Preschool,"Data_QC Caring Cities Tracker, QC Administrative Data - Private schools",14.6496554,121.0763574,,,,,,,Administrative data
Giovanni Battista Leonardi School,"28 A. Paltok St., Brgy. Pansol Diliman, QC",Pansol,3.0,Schools,Private,Elementary school,"Data_QC Caring Cities Tracker, QC Administrative Data - Private schools",14.6496554,121.0763574,,,,,,,Administrative data
Giovanni Battista Leonardi School,"28 A. Paltok St., Brgy. Pansol Diliman, QC",Pansol,3.0,Schools,Private,Junior high school,"Data_QC Caring Cities Tracker, QC Administrative Data - Private schools",14.6496554,121.0763574,,,,,,,Administrative data
Glendale School,"69 Shorthorn St., Brgy. Bahay Toro, Proj. 8, Quezon City",Bahay Toro,1.0,Schools,Private,Senior high school,"Data_QC Caring Cities Tracker, QC Administrative Data - Private schools",14.6688658,121.0199084,,,,,,,Administrative data
Glendale School,"69 Shorthorn St., Brgy. Bahay Toro, Proj. 8, Quezon City",Bahay Toro,1.0,Schools,Private,Preschool,"Data_QC Caring Cities Tracker, QC Administrative Data - Private schools",14.6688658,121.0199084,,,,,,,Administrative data
Glendale School,"69 Shorthorn St., Brgy. Bahay Toro, Proj. 8, Quezon City",Bahay Toro,1.0,Schools,Private,Elementary school,"Data_QC Caring Cities Tracker, QC Administrative Data - Private schools",14.6688658,121.0199084,,,,,,,Administrative data
Glendale School,"69 Shorthorn St., Brgy. Bahay Toro, Proj. 8, Quezon City",Bahay Toro,1.0,Schools,Private,Junior high school,"Data_QC Caring Cities Tracker, QC Administrative Data - Private schools",14.6688658,121.0199084,,,,,,,Administrative data
Global Minds Academy of the Philipiines -,"602 G. Araneta Ave., Tatalon, QC",Tatalon,4.0,Schools,Private,Elementary school,"Data_QC Caring Cities Tracker, QC Administrative Data - Private schools",14.62052,121.015339,,,,,,,Administrative data
Global Minds Academy of the Philipiines -,"602 G. Araneta Ave., Tatalon, QC",Tatalon,4.0,Schools,Private,Junior high school,"Data_QC Caring Cities Tracker, QC Administrative Data - Private schools",14.62052,121.015339,,,,,,,Administrative data
Global Minds Academy of the Philipiines -,"602 G. Araneta Ave., Tatalon, QC",Tatalon,4.0,Schools,Private,Senior high school,"Data_QC Caring Cities Tracker, QC Administrative Data - Private schools",14.62052,121.015339,,,,,,,Administrative data
Global Minds Academy of the Philipiines -,"602 G. Araneta Ave., Tatalon, QC",Tatalon,4.0,Schools,Private,Preschool,"Data_QC Caring Cities Tracker, QC Administrative Data - Private schools",14.62052,121.015339,,,,,,,Administrative data
Gloria V,"Candido St. cor. Sampaguita, Gloria V Subd.",Talipapa,6.0,Childcare,Public,Child development center and supervised neighborhood play,"Data_QC Caring Cities Tracker, QC Administrative Data - Child",14.684939,121.0297505,,,,,,,Administrative data
Gold,"Gold St., near Commonwealth Highschool, Brgy. Commonwealth",Commonwealth,2.0,Childcare,Public,Child development center and supervised neighborhood play,"Data_QC Caring Cities Tracker, QC Administrative Data - Child",14.6974194,121.0816268,,,,,,,Administrative data
Golden HOA I,"Ground flr. Golden HOA Livelihood Center Building, Golden HOA Area, Brgy Gulod",Gulod,5.0,Childcare,Public,Child development center and supervised neighborhood play,"Data_QC Caring Cities Tracker, QC Administrative Data - Child",14.7088342,121.0449541,,,,,,,Administrative data
Golden Lamp School of QC,"082 Gold St., Brgy. Commonwealth, Q.C.",Commonwealth,2.0,Schools,Private,Preschool,"Data_QC Caring Cities Tracker, QC Administrative Data - Private schools",14.6967415,121.0815617,,,,,,,Administrative data
Golden Lamp School of QC,"082 Gold St., Brgy. Commonwealth, Q.C.",Commonwealth,2.0,Schools,Private,Elementary school,"Data_QC Caring Cities Tracker, QC Administrative Data - Private schools",14.6967415,121.0815617,,,,,,,Administrative data
Golden Lamp School of QC,"082 Gold St., Brgy. Commonwealth, Q.C.",Commonwealth,2.0,Schools,Private,Junior high school,"Data_QC Caring Cities Tracker, QC Administrative Data - Private schools",14.6967415,121.0815617,,,,,,,Administrative data
Golden Link College Foundation,"1 Iba Corner P. Florentino St. Brgy. Sta. Teresita, QC",Sta. Teresita,1.0,Schools,Private,Preschool,"Data_QC Caring Cities Tracker, QC Administrative Data - Private schools",14.619881,121.0033518,,,,,,,Administrative data
Golden Link College Foundation,"1 Iba Corner P. Florentino St. Brgy. Sta. Teresita, QC",Sta. Teresita,1.0,Schools,Private,Junior high school,"Data_QC Caring Cities Tracker, QC Administrative Data - Private schools",14.619881,121.0033518,,,,,,,Administrative data
Golden Link College Foundation,"1 Iba Corner P. Florentino St. Brgy. Sta. Teresita, QC",Sta. Teresita,1.0,Schools,Private,Senior high school,"Data_QC Caring Cities Tracker, QC Administrative Data - Private schools",14.619881,121.0033518,,,,,,,Administrative data
Golden Link College Foundation,"1 Iba Corner P. Florentino St. Brgy. Sta. Teresita, QC",Sta. Teresita,1.0,Schools,Private,Elementary school,"Data_QC Caring Cities Tracker, QC Administrative Data - Private schools",14.619881,121.0033518,,,,,,,Administrative data
Golden Shower,"Golden Shower St., Brgy. Payatas",Payatas,2.0,Childcare,Public,Child development center and supervised neighborhood play,"Data_QC Caring Cities Tracker, QC Administrative Data - Child",14.7135987,121.0913652,,,,,,,Administrative data
Golden Valley Academy,"61 Joyville Subd., Brgy. San Agustin, Nova., QC",San Agustin,5.0,Schools,Private,Elementary school,"Data_QC Caring Cities Tracker, QC Administrative Data - Private schools",14.7343263,121.0342767,,,,,,,Administrative data
Golden Valley Academy,"61 Joyville Subd., Brgy. San Agustin, Nova., QC",San Agustin,5.0,Schools,Private,Junior high school,"Data_QC Caring Cities Tracker, QC Administrative Data - Private schools",14.7343263,121.0342767,,,,,,,Administrative data
Golden Valley Academy,"61 Joyville Subd., Brgy. San Agustin, Nova., QC",San Agustin,5.0,Schools,Private,Senior high school,"Data_QC Caring Cities Tracker, QC Administrative Data - Private schools",14.7343263,121.0342767,,,,,,,Administrative data
Golden Valley Academy,"61 Joyville Subd., Brgy. San Agustin, Nova., QC",San Agustin,5.0,Schools,Private,Preschool,"Data_QC Caring Cities Tracker, QC Administrative Data - Private schools",14.7343263,121.0342767,,,,,,,Administrative data
"Golden Values School, Inc","1030 F Salvador Ave., Brgy. Sta. Monica., Nova., QC",Sta. Monica,5.0,Schools,Private,Elementary school,"Data_QC Caring Cities Tracker, QC Administrative Data - Private schools",14.7242068,121.0445766,,,,,,,Administrative data
"Golden Values School, Inc","1030 F Salvador Ave., Brgy. Sta. Monica., Nova., QC",Sta. Monica,5.0,Schools,Private,Preschool,"Data_QC Caring Cities Tracker, QC Administrative Data - Private schools",14.7242068,121.0445766,,,,,,,Administrative data
"Golden Values School, Inc","1030 F Salvador Ave., Brgy. Sta. Monica., Nova., QC",Sta. Monica,5.0,Schools,Private,Junior high school,"Data_QC Caring Cities Tracker, QC Administrative Data - Private schools",14.7242068,121.0445766,,,,,,,Administrative data
"Golden Values School, Inc","1030 F Salvador Ave., Brgy. Sta. Monica., Nova., QC",Sta. Monica,5.0,Schools,Private,Senior high school,"Data_QC Caring Cities Tracker, QC Administrative Data - Private schools",14.7242068,121.0445766,,,,,,,Administrative data
Golden Vineyard School,"San Vicente St., UCCP Compd., Filinvest II, Brgy. Bagong Silangan, QC",Bagong Silangan,2.0,Schools,Private,Elementary school,"Data_QC Caring Cities Tracker, QC Administrative Data - Private schools",14.7023984,121.1035335,,,,,,,Administrative data
Golden Vineyard School,"San Vicente St., UCCP Compd., Filinvest II, Brgy. Bagong Silangan, QC",Bagong Silangan,2.0,Schools,Private,Preschool,"Data_QC Caring Cities Tracker, QC Administrative Data - Private schools",14.7023984,121.1035335,,,,,,,Administrative data
Golden Vineyard School,"San Vicente St., UCCP Compd., Filinvest II, Brgy. Bagong Silangan, QC",Bagong Silangan,2.0,Schools,Private,Junior high school,"Data_QC Caring Cities Tracker, QC Administrative Data - Private schools",14.7023984,121.1035335,,,,,,,Administrative data
GOOD-WILL PHYSICAL REHABILITATION CENTER,"2 UNIT #1 &2 G/F, KATIPUNAN AVE. COR.KING FERDINAND ST., KINGSPOINT SUBD, BAGBAG, QUEZON CITY, NCR, 1116",Bagbag,5.0,Long-term care and rehabilitation services,,Physical therapy clinic,BLPD,14.6988260896302,121.023736120492,8:00AM,6:00PM,,,,,Administrative data
GOOD GROUNDS SPA VENTURES CORP.,"MU 262, NORTH TOWERS,, SM NORTH EDSA, BAGONG PAG-ASA, QUEZON CITY, NCR, 1105",Bagong Pag-Asa,1.0,Long-term care and rehabilitation services,,Therapeutic clinic,BLPD,14.6563558,121.0332927,10:00AM,9:00PM,,,,,Administrative data
GOOD GROUNDS SPA VENTURES CORP.,"ROOM 817 & 818, PARK INN BY RADISSON HOTEL, SM CITY NORTH EDSA, BAGONG PAG-ASA, QUEZON CITY, NCR, 1105",Bagong Pag-Asa,1.0,Long-term care and rehabilitation services,,Therapeutic clinic,BLPD,14.6559306,121.0330648,12:00PM,9:00PM,,,,,Administrative data
Good Samaritan Christian School,"915 Quezon Ave., brgy. Sta. Cruz, Q.C.",Sta. Cruz,1.0,Schools,Private,Preschool,"Data_QC Caring Cities Tracker, QC Administrative Data - Private schools",14.6319869,121.0173164,,,,,,,Administrative data
Good Samaritan Christian School,"915 Quezon Ave., brgy. Sta. Cruz, Q.C.",Sta. Cruz,1.0,Schools,Private,Special Education Program,"Data_QC Caring Cities Tracker, QC Administrative Data - Private schools",14.6319869,121.0173164,,,,,,,Administrative data
Good Samaritan Christian School,"915 Quezon Ave., brgy. Sta. Cruz, Q.C.",Sta. Cruz,1.0,Schools,Private,Elementary school,"Data_QC Caring Cities Tracker, QC Administrative Data - Private schools",14.6319869,121.0173164,,,,,,,Administrative data
Good Shepherd Cathedral School,"Omega Ave., Dor. Rado St., Fairview Subd., QC",Fairview,5.0,Schools,Private,Junior high school,"Data_QC Caring Cities Tracker, QC Administrative Data - Private schools",14.6971485,121.0652889,,,,,,,Administrative data
Good Shepherd Cathedral School,"Omega Ave., Dor. Rado St., Fairview Subd., QC",Fairview,5.0,Schools,Private,Preschool,"Data_QC Caring Cities Tracker, QC Administrative Data - Private schools",14.6971485,121.0652889,,,,,,,Administrative data
Good Shepherd Cathedral School,"Omega Ave., Dor. Rado St., Fairview Subd., QC",Fairview,5.0,Schools,Private,Elementary school,"Data_QC Caring Cities Tracker, QC Administrative Data - Private schools",14.6971485,121.0652889,,,,,,,Administrative data
Good Shepherd Cathedral School,"Omega Ave., Dor. Rado St., Fairview Subd., QC",Fairview,5.0,Schools,Private,Senior high school,"Data_QC Caring Cities Tracker, QC Administrative Data - Private schools",14.6971485,121.0652889,,,,,,,Administrative data
"Goodstart Educational Ctr., Inc.","7 Dumaguete, Phil-Am Life Homes, QC",Phil-Am,1.0,Schools,Private,Preschool,"Data_QC Caring Cities Tracker, QC Administrative Data - Private schools",14.6511534,121.0315761,,,,,,,Administrative data
"GOODWILL ACADEMY, INC.","B18 , L12 , BENEVOLENCE ST. , GOODWILL HOMES , SAN BARTOLOME, QUEZON CITY, NCR, 1116",San Bartolome,5.0,Schools,Private,Private school,BLPD,14.7036923,121.0201204,8:00AM,5:00PM,,,,,Administrative data
Goodwill ES,,Bagbag,5.0,Schools,Public,Elementary school,"Data_QC Caring Cities Tracker, QC Administrative Data - Public schools",14.696656,121.027984,,,,,,,Administrative data
Goodwill Homes 2,"Mark St. cor. Ruth St., Goodwill Homes 2 Subd., Brgy. Bagbag",Bagbag,5.0,Childcare,Public,Child development center and supervised neighborhood play,"Data_QC Caring Cities Tracker, QC Administrative Data - Child",14.6965708,121.0302064,,,,,,,Administrative data
Gospel Christian School Inc. (GCSI),"Area 9, Luzon Ave., Brgy. Pasong Tamo, QC",Pasong Tamo,6.0,Schools,Private,Preschool,"Data_QC Caring Cities Tracker, QC Administrative Data - Private schools",14.675381,121.069113,,,,,,,Administrative data
Gospel Christian School Inc. (GCSI),"Area 9, Luzon Ave., Brgy. Pasong Tamo, QC",Pasong Tamo,6.0,Schools,Private,Elementary school,"Data_QC Caring Cities Tracker, QC Administrative Data - Private schools",14.675381,121.069113,,,,,,,Administrative data
Gospel Christian School Inc. (GCSI),"Area 9, Luzon Ave., Brgy. Pasong Tamo, QC",Pasong Tamo,6.0,Schools,Private,Junior high school,"Data_QC Caring Cities Tracker, QC Administrative Data - Private schools",14.675381,121.069113,,,,,,,Administrative data
Gospel Christian School Inc. (GCSI),"Area 9, Luzon Ave., Brgy. Pasong Tamo, QC",Pasong Tamo,6.0,Schools,Private,Senior high school,"Data_QC Caring Cities Tracker, QC Administrative Data - Private schools",14.675381,121.069113,,,,,,,Administrative data
"Gospel Light Christian Academy of Quezon City, Inc.","23 Matahimik cor. V. Luna Rd., Brgy. Malaya, QC",Malaya,4.0,Schools,Private,Preschool,"Data_QC Caring Cities Tracker, QC Administrative Data - Private schools",14.6364906,121.0553214,,,,,,,Administrative data
"Gospel Light Christian Academy of Quezon City, Inc.","23 Matahimik cor. V. Luna Rd., Brgy. Malaya, QC",Malaya,4.0,Schools,Private,Elementary school,"Data_QC Caring Cities Tracker, QC Administrative Data - Private schools",14.6364906,121.0553214,,,,,,,Administrative data
"Gospel Light Christian Academy of Quezon City, Inc.","23 Matahimik cor. V. Luna Rd., Brgy. Malaya, QC",Malaya,4.0,Schools,Private,Junior high school,"Data_QC Caring Cities Tracker, QC Administrative Data - Private schools",14.6364906,121.0553214,,,,,,,Administrative data
GPRIME PHYSIOTHERAPY SERVICES,"2F, METROLANE COMPLEX, , P. TUAZON COR. 20TH AVE., TAGUMPAY, QUEZON CITY, NCR, 1109",Tagumpay,3.0,Long-term care and rehabilitation services,,Physical therapy clinic,BLPD,14.6213129742563,121.063860457928,9:00AM,5:00PM,,,,,Administrative data
Grace and Favor Christian School Inc. (Frmrly: King Solomon Christian School International),"#662 G. Araneta Ave., Brgy. Tatalon, Quezon City",Tatalon,4.0,Schools,Private,Senior high school,"Data_QC Caring Cities Tracker, QC Administrative Data - Private schools",14.627284,121.014693,,,,,,,Administrative data
Grace and Favor Christian School Inc. (Frmrly: King Solomon Christian School International),"#662 G. Araneta Ave., Brgy. Tatalon, Quezon City",Tatalon,4.0,Schools,Private,Preschool,"Data_QC Caring Cities Tracker, QC Administrative Data - Private schools",14.627284,121.014693,,,,,,,Administrative data
Grace and Favor Christian School Inc. (Frmrly: King Solomon Christian School International),"#662 G. Araneta Ave., Brgy. Tatalon, Quezon City",Tatalon,4.0,Schools,Private,Elementary school,"Data_QC Caring Cities Tracker, QC Administrative Data - Private schools",14.627284,121.014693,,,,,,,Administrative data
Grace and Favor Christian School Inc. (Frmrly: King Solomon Christian School International),"#662 G. Araneta Ave., Brgy. Tatalon, Quezon City",Tatalon,4.0,Schools,Private,Junior high school,"Data_QC Caring Cities Tracker, QC Administrative Data - Private schools",14.627284,121.014693,,,,,,,Administrative data
Grace Christian College,"Sto Domingo St., Brgy. A. Samson, Grace Vill., QC",Apolonio Samson,6.0,Schools,Private,Elementary school,"Data_QC Caring Cities Tracker, QC Administrative Data - Private schools",14.6504119,121.0062748,,,,,,,Administrative data
Grace Christian College,"Sto Domingo St., Brgy. A. Samson, Grace Vill., QC",Apolonio Samson,6.0,Schools,Private,Junior high school,"Data_QC Caring Cities Tracker, QC Administrative Data - Private schools",14.6504119,121.0062748,,,,,,,Administrative data
Grace Christian College,"Sto Domingo St., Brgy. A. Samson, Grace Vill., QC",Apolonio Samson,6.0,Schools,Private,Senior high school,"Data_QC Caring Cities Tracker, QC Administrative Data - Private schools",14.6504119,121.0062748,,,,,,,Administrative data
Grace Christian College,"Sto Domingo St., Brgy. A. Samson, Grace Vill., QC",Apolonio Samson,6.0,Schools,Private,Preschool,"Data_QC Caring Cities Tracker, QC Administrative Data - Private schools",14.6504119,121.0062748,,,,,,,Administrative data
Grace Flous School - Main,"103 Katuparan St., Brgy. Comm., QC",Commonwealth,2.0,Schools,Private,Preschool,"Data_QC Caring Cities Tracker, QC Administrative Data - Private schools",14.6964182,121.0915679,,,,,,,Administrative data
Grace Flous School - Main,"103 Katuparan St., Brgy. Comm., QC",Commonwealth,2.0,Schools,Private,Elementary school,"Data_QC Caring Cities Tracker, QC Administrative Data - Private schools",14.6964182,121.0915679,,,,,,,Administrative data
Grace Flous School - Main,"103 Katuparan St., Brgy. Comm., QC",Commonwealth,2.0,Schools,Private,Junior high school,"Data_QC Caring Cities Tracker, QC Administrative Data - Private schools",14.6964182,121.0915679,,,,,,,Administrative data
"GRACE FLOUS SCHOOL, INC.","87, ILANG ILANG ST., PASONG TAMO, QUEZON CITY, NCR, 1107",Pasong Tamo,6.0,Schools,Private,Private school,BLPD,14.6913446,121.0600477,12:00AM,12:00AM,,,,,Administrative data
GRACE GOSPEL CHURCH NORTH EDUCATION FOUNDATION INC.,"3RD FLR., NORTHRIDGE PLAZA, ANNEX A,, 12, CONGRESSIONAL AVE., BAHAY TORO, QUEZON CITY, NCR, 1106",Bahay Toro,1.0,Childcare,Public,Child learning center,BLPD,14.6706735419758,121.039055108469,7:00AM,12:00PM,,,,,Administrative data
Grace Montessori School of Nova.,"8 Abelardo St., Doña Rosario Subd., Nova, Q.C.",Novaliches Proper,5.0,Schools,Private,Elementary school,"Data_QC Caring Cities Tracker, QC Administrative Data - Private schools",14.7214273,121.0361594,,,,,,,Administrative data
Grace Montessori School of Nova.,"8 Abelardo St., Doña Rosario Subd., Nova, Q.C.",Novaliches Proper,5.0,Schools,Private,Junior high school,"Data_QC Caring Cities Tracker, QC Administrative Data - Private schools",14.7214273,121.0361594,,,,,,,Administrative data
Grace Montessori School of Nova.,"8 Abelardo St., Doña Rosario Subd., Nova, Q.C.",Novaliches Proper,5.0,Schools,Private,Preschool,"Data_QC Caring Cities Tracker, QC Administrative Data - Private schools",14.7214273,121.0361594,,,,,,,Administrative data
Gravel Pit,"St. Paulia St., Gravel Pit, Brgy. Commonwealth",Commonwealth,2.0,Childcare,Public,Child development center and supervised neighborhood play,"Data_QC Caring Cities Tracker, QC Administrative Data - Child",14.7053732,121.0910716,,,,,,,Administrative data
"Great Minds Mont. Sch., Inc. (Frmrly Golden Minds Mont.S)","#229-A Don Pedro St., Kapalaran Subd., Holy Spirit, QC",Holy Spirit,2.0,Schools,Private,Elementary school,"Data_QC Caring Cities Tracker, QC Administrative Data - Private schools",14.682273,121.0755938,,,,,,,Administrative data
"Great Minds Mont. Sch., Inc. (Frmrly Golden Minds Mont.S)","#229-A Don Pedro St., Kapalaran Subd., Holy Spirit, QC",Holy Spirit,2.0,Schools,Private,Preschool,"Data_QC Caring Cities Tracker, QC Administrative Data - Private schools",14.682273,121.0755938,,,,,,,Administrative data
Greater Lagro I,"1st floor Greater Largo Daycare Center Building, Ascension Rd., Greater Lagro Subd. Brgy. Greater Lagro",Greater Lagro,5.0,Childcare,Public,Child development center and supervised neighborhood play,"Data_QC Caring Cities Tracker, QC Administrative Data - Child",14.7258571,121.0664623,,,,,,,Administrative data
Greater Lagro II,"2nd floor Greater Largo Daycare Center Building, Ascension Rd., Greater Lagro Subd. Brgy. Greater Lagro",Greater Lagro,5.0,Childcare,Public,Child development center and supervised neighborhood play,"Data_QC Caring Cities Tracker, QC Administrative Data - Child",14.7258571,121.0664623,,,,,,,Administrative data
GREENDAHAN HEALTH & WELLNESS HUB INC.,"55B ANONAS COR, LANZONES STREET, QUIRINO 2A, QUEZON CITY, NCR, 1102",Quirino 2-A,3.0,Long-term care and rehabilitation services,,Physical therapy clinic,BLPD,14.6310894,121.0609098,9:00AM,5:00PM,,,,,Administrative data
GREIGN-LLYOD WELLNESS SPA,"08, CONGRESSIONAL AVE, RAMON MAGSAYSAY, QUEZON CITY, NCR, 1103",Ramon Magsaysay,1.0,Long-term care and rehabilitation services,,Therapeutic clinic,BLPD,14.6591582,121.0201214,10:00AM,2:00AM,,,,,Administrative data
GROWING ABILITIES & BRIDGING ASPIRATIONS OF YOUTHS THERAPY CENTER,"UNIT 3B, G PLACE, 30 MAGINHAWA ST, UP VILLAGE, QUEZON CITY, NCR, 1101",U. P. Village,4.0,Long-term care and rehabilitation services,,Physical/occupational therapy school,BLPD,14.6505117,121.0564428,8:00AM,6:00PM,,,,,Administrative data
GSIS Village Elementary School,,Sangandaan,6.0,Schools,Public,Elementary school,"Data_QC Caring Cities Tracker, QC Administrative Data - Public schools",14.6743462,121.0216865,,,,,,,Administrative data
Gymnazo Christian Academy,"B52L3, J. Abad Santos, Sta. Lucia, QC",Sta. Lucia,5.0,Schools,Private,Junior high school,"Data_QC Caring Cities Tracker, QC Administrative Data - Private schools",14.7083063,121.053286,,,,,,,Administrative data
Gymnazo Christian Academy,"B52L3, J. Abad Santos, Sta. Lucia, QC",Sta. Lucia,5.0,Schools,Private,Elementary school,"Data_QC Caring Cities Tracker, QC Administrative Data - Private schools",14.7083063,121.053286,,,,,,,Administrative data
Gymnazo Christian Academy,"B52L3, J. Abad Santos, Sta. Lucia, QC",Sta. Lucia,5.0,Schools,Private,Preschool,"Data_QC Caring Cities Tracker, QC Administrative Data - Private schools",14.7083063,121.053286,,,,,,,Administrative data
"Hands of Children School, Inc.","#48 Narra St., Brgy Duyan-Duyan, Project 3, QC",Duyan-Duyan,3.0,Schools,Private,Elementary school,"Data_QC Caring Cities Tracker, QC Administrative Data - Private schools",14.6315301,121.0655975,,,,,,,Administrative data
"Hands of Children School, Inc.","#48 Narra St., Brgy Duyan-Duyan, Project 3, QC",Duyan-Duyan,3.0,Schools,Private,Preschool,"Data_QC Caring Cities Tracker, QC Administrative Data - Private schools",14.6315301,121.0655975,,,,,,,Administrative data
"HAVEN OF OPPORTUNITIES FOR PEOPLE WITH EXCEPTIONALITIES (HOPE), INC.","35B, SHORTHORN STREET, PROJECT 8, BAHAY TORO, QUEZON CITY, NCR, 1106",Bahay Toro,1.0,Long-term care and rehabilitation services,,Physical/occupational therapy school,BLPD,14.6665401842724,121.021123673978,8:00AM,5:00PM,,,,,Administrative data
"Headstart Montessori School, Inc.","#95 M. H. Del Pilar St., Brgy. Bungad, SFDM, QC",Bungad,1.0,Schools,Private,Preschool,"Data_QC Caring Cities Tracker, QC Administrative Data - Private schools",14.6521571,121.022087,,,,,,,Administrative data
Headway School For Giftedness,"130B Matahimik St., UP Vill. Diliman, QC",U. P. Village,4.0,Schools,Private,Preschool,"Data_QC Caring Cities Tracker, QC Administrative Data - Private schools",14.6465735,121.0537229,,,,,,,Administrative data
Headway School For Giftedness,"130B Matahimik St., UP Vill. Diliman, QC",U. P. Village,4.0,Schools,Private,Junior high school,"Data_QC Caring Cities Tracker, QC Administrative Data - Private schools",14.6465735,121.0537229,,,,,,,Administrative data
Headway School For Giftedness,"130B Matahimik St., UP Vill. Diliman, QC",U. P. Village,4.0,Schools,Private,Elementary school,"Data_QC Caring Cities Tracker, QC Administrative Data - Private schools",14.6465735,121.0537229,,,,,,,Administrative data
HEADWAY SCHOOL FOR GIFTEDNESS INC.,"130-B, MATAHIMIK ST., UP VILLAGE, QUEZON CITY, NCR, 1101",U. P. Village,4.0,Childcare,Public,Child learning center,BLPD,14.6467219,121.0537007,8:00AM,5:00PM,,,,,Administrative data
"HEALING PATH FOUNDATION-HP, INC.","#11, JAGUAR ST., FAIRVIEW, QUEZON CITY, NCR, 1118",Fairview,5.0,Long-term care and rehabilitation services,,Rehabilitation clinic,BLPD,14.7010295041664,121.0649637,8:00AM,5:00PM,,,,,Administrative data
HEALOT BIOMEKANIKS INC.,"FIRST FLOOR, PITAHC, MATAPANG, EAST AVENUE MEDICAL CENTER COMPOUND, CENTRAL, QUEZON CITY, NCR, 1100",Central,4.0,Long-term care and rehabilitation services,,Physical therapy clinic,BLPD,14.6406543041486,121.0478387,8:00AM,5:00PM,,,,,Administrative data
HEART OF PLAY AND EXPERIENCES LEARNING CENTER INC.,"34F, LIBERTY AVENUE, SOCORRO, QUEZON CITY, NCR, 1109",Socorro,3.0,Schools,Private,Private school,BLPD,14.6123469686074,121.05757662152,8:00AM,5:00PM,,,,,Administrative data
Heuin Dol World Mission Christian Academy,"25 Villaflor Vill., Brgy. Gulod, Nova, QC",Gulod,5.0,Schools,Private,Preschool,"Data_QC Caring Cities Tracker, QC Administrative Data - Private schools",14.7120348,121.0382068,,,,,,,Administrative data
Heuin Dol World Mission Christian Academy,"25 Villaflor Vill., Brgy. Gulod, Nova, QC",Gulod,5.0,Schools,Private,Elementary school,"Data_QC Caring Cities Tracker, QC Administrative Data - Private schools",14.7120348,121.0382068,,,,,,,Administrative data
Heuin Dol World Mission Christian Academy,"25 Villaflor Vill., Brgy. Gulod, Nova, QC",Gulod,5.0,Schools,Private,Junior high school,"Data_QC Caring Cities Tracker, QC Administrative Data - Private schools",14.7120348,121.0382068,,,,,,,Administrative data
HIGH 10 THERAPY CENTER,"2ND FLR., BERKELEY SQUARE, 869 COMMONWEALTH AVE., MATANDANG BALARA, QUEZON CITY, NCR, 1119",Matandang Balara,3.0,Long-term care and rehabilitation services,,Therapeutic clinic,BLPD,14.6630094746323,121.068430718853,8:00AM,6:30PM,,,,,Administrative data
HIGHER MIND CLINICAL INSTITUTE INCORPORATED,"UNIT 309A, SOUTH INSULA, TIMOG AVE, SOUTH TRIANGLE, QUEZON CITY, NCR, 1103",South Triangle,4.0,Long-term care and rehabilitation services,,Psychological clinic,BLPD,14.6346959672287,121.037292785609,8:00AM,5:00PM,,,,,Administrative data
Hillcrest,"Hillcrest St., Cubao (sidewalk) Brgy. Immaculate Concepcion",Immaculate Concepcion,4.0,Childcare,Public,Child development center and supervised neighborhood play,"Data_QC Caring Cities Tracker, QC Administrative Data - Child",14.6237803,121.0415183,,,,,,,Administrative data
HIRAYA KINDER TUTORIAL CENTER,"697, QUIRINO HIGHWAY, SAN BARTOLOME, QUEZON CITY, NCR, 1116",San Bartolome,5.0,Childcare,Public,Child learning center,BLPD,14.7016404,121.0354392,9:00AM,6:00PM,,,,,Administrative data
Holy Child Academy- Kingspoint,"21 King Ferdinand St., Kingspoint Subd. Bagbag, Novaliches. Quezon City",Bagbag,5.0,Schools,Private,Senior high school,"Data_QC Caring Cities Tracker, QC Administrative Data - Private schools",14.6989204,121.0231957,,,,,,,Administrative data
Holy Child Academy- Kingspoint,"21 King Ferdinand St., Kingspoint Subd. Bagbag, Novaliches. Quezon City",Bagbag,5.0,Schools,Private,Junior high school,"Data_QC Caring Cities Tracker, QC Administrative Data - Private schools",14.6989204,121.0231957,,,,,,,Administrative data
Holy Child Academy- Kingspoint,"21 King Ferdinand St., Kingspoint Subd. Bagbag, Novaliches. Quezon City",Bagbag,5.0,Schools,Private,Preschool,"Data_QC Caring Cities Tracker, QC Administrative Data - Private schools",14.6989204,121.0231957,,,,,,,Administrative data
Holy Child Academy- Kingspoint,"21 King Ferdinand St., Kingspoint Subd. Bagbag, Novaliches. Quezon City",Bagbag,5.0,Schools,Private,Elementary school,"Data_QC Caring Cities Tracker, QC Administrative Data - Private schools",14.6989204,121.0231957,,,,,,,Administrative data
"Holy Child Academy, Inc.","10 London Drive, Gulod, Novaliches Quezon City",Gulod,5.0,Schools,Private,Preschool,"Data_QC Caring Cities Tracker, QC Administrative Data - Private schools",14.7170306,121.0397015,,,,,,,Administrative data
"Holy Child Academy, Inc.","10 London Drive, Gulod, Novaliches Quezon City",Gulod,5.0,Schools,Private,Elementary school,"Data_QC Caring Cities Tracker, QC Administrative Data - Private schools",14.7170306,121.0397015,,,,,,,Administrative data
"Holy Child Academy, Inc.","10 London Drive, Gulod, Novaliches Quezon City",Gulod,5.0,Schools,Private,Junior high school,"Data_QC Caring Cities Tracker, QC Administrative Data - Private schools",14.7170306,121.0397015,,,,,,,Administrative data
"Holy Child Academy, Inc.","10 London Drive, Gulod, Novaliches Quezon City",Gulod,5.0,Schools,Private,Senior high school,"Data_QC Caring Cities Tracker, QC Administrative Data - Private schools",14.7170306,121.0397015,,,,,,,Administrative data
Holy Child Mont. School of Fairview,"B3L3 Paxton St., East Fairview, QC",Fairview,5.0,Schools,Private,Elementary school,"Data_QC Caring Cities Tracker, QC Administrative Data - Private schools",14.7091736,121.0765345,,,,,,,Administrative data
Holy Child Mont. School of Fairview,"B3L3 Paxton St., East Fairview, QC",Fairview,5.0,Schools,Private,Junior high school,"Data_QC Caring Cities Tracker, QC Administrative Data - Private schools",14.7091736,121.0765345,,,,,,,Administrative data
Holy Child Mont. School of Fairview,"B3L3 Paxton St., East Fairview, QC",Fairview,5.0,Schools,Private,Preschool,"Data_QC Caring Cities Tracker, QC Administrative Data - Private schools",14.7091736,121.0765345,,,,,,,Administrative data
Holy Family Parochial School,"Madreselva cor Lilac St., Roxas District, QC",Roxas,4.0,Schools,Private,Junior high school,"Data_QC Caring Cities Tracker, QC Administrative Data - Private schools",14.6273182,121.0208952,,,,,,,Administrative data
Holy Family Parochial School,"Madreselva cor Lilac St., Roxas District, QC",Roxas,4.0,Schools,Private,Preschool,"Data_QC Caring Cities Tracker, QC Administrative Data - Private schools",14.6273182,121.0208952,,,,,,,Administrative data
Holy Family Parochial School,"Madreselva cor Lilac St., Roxas District, QC",Roxas,4.0,Schools,Private,Elementary school,"Data_QC Caring Cities Tracker, QC Administrative Data - Private schools",14.6273182,121.0208952,,,,,,,Administrative data
Holy Family Parochial School,"Madreselva cor Lilac St., Roxas District, QC",Roxas,4.0,Schools,Private,Senior high school,"Data_QC Caring Cities Tracker, QC Administrative Data - Private schools",14.6273182,121.0208952,,,,,,,Administrative data
Holy Family School,"66 Maginhawa, UP Village, Diliman, Quezon City",U. P. Village,4.0,Schools,Private,Elementary school,"Data_QC Caring Cities Tracker, QC Administrative Data - Private schools",14.6475969,121.0566216,,,,,,,Administrative data
Holy Family School,"66 Maginhawa, UP Village, Diliman, Quezon City",U. P. Village,4.0,Schools,Private,Junior high school,"Data_QC Caring Cities Tracker, QC Administrative Data - Private schools",14.6475969,121.0566216,,,,,,,Administrative data
Holy Family School,"66 Maginhawa, UP Village, Diliman, Quezon City",U. P. Village,4.0,Schools,Private,Senior high school,"Data_QC Caring Cities Tracker, QC Administrative Data - Private schools",14.6475969,121.0566216,,,,,,,Administrative data
Holy Family School,"66 Maginhawa, UP Village, Diliman, Quezon City",U. P. Village,4.0,Schools,Private,Preschool,"Data_QC Caring Cities Tracker, QC Administrative Data - Private schools",14.6475969,121.0566216,,,,,,,Administrative data
"Holy Rosary School of Science and Technology , Inc","21 Army Rd., Veterans Vill.,Brgy. Holy Spirit, QC",Holy Spirit,2.0,Schools,Private,Preschool,"Data_QC Caring Cities Tracker, QC Administrative Data - Private schools",14.6828003,121.073259,,,,,,,Administrative data
"Holy Rosary School of Science and Technology , Inc","21 Army Rd., Veterans Vill.,Brgy. Holy Spirit, QC",Holy Spirit,2.0,Schools,Private,Elementary school,"Data_QC Caring Cities Tracker, QC Administrative Data - Private schools",14.6828003,121.073259,,,,,,,Administrative data
"Holy Rosary School of Science and Technology , Inc","21 Army Rd., Veterans Vill.,Brgy. Holy Spirit, QC",Holy Spirit,2.0,Schools,Private,Junior high school,"Data_QC Caring Cities Tracker, QC Administrative Data - Private schools",14.6828003,121.073259,,,,,,,Administrative data
"Holy Rosary School of Science and Technology , Inc","21 Army Rd., Veterans Vill.,Brgy. Holy Spirit, QC",Holy Spirit,2.0,Schools,Private,Senior high school,"Data_QC Caring Cities Tracker, QC Administrative Data - Private schools",14.6828003,121.073259,,,,,,,Administrative data
Holy Spirit Elementary School,,Holy Spirit,2.0,Schools,Public,Elementary school,"Data_QC Caring Cities Tracker, QC Administrative Data - Public schools",14.678315,121.072018,,,,,,,Administrative data
Holy Spirit National High School,,Holy Spirit,2.0,Schools,Public,High school,"Data_QC Caring Cities Tracker, QC Administrative Data - Public schools",14.690027,121.08048,,,,,,,Administrative data
Holy Spirit of Mt. Carmel E/S - Annex,"44-J Catherine St., Brgy. Holy Spirit, QC",Holy Spirit,2.0,Schools,Private,Preschool,"Data_QC Caring Cities Tracker, QC Administrative Data - Private schools",14.6882408,121.0821194,,,,,,,Administrative data
Holy Spirit of Mt. Carmel E/S - Annex,"44-J Catherine St., Brgy. Holy Spirit, QC",Holy Spirit,2.0,Schools,Private,Elementary school,"Data_QC Caring Cities Tracker, QC Administrative Data - Private schools",14.6882408,121.0821194,,,,,,,Administrative data
Holy Spirit Preparatory Academy,"#262 Sto. Domingo St., Brgy Holy Spirit, QC",Holy Spirit,2.0,Schools,Private,Preschool,"Data_QC Caring Cities Tracker, QC Administrative Data - Private schools",14.6914095,121.0848225,,,,,,,Administrative data
Holy Spirit Preparatory Academy,"#262 Sto. Domingo St., Brgy Holy Spirit, QC",Holy Spirit,2.0,Schools,Private,Elementary school,"Data_QC Caring Cities Tracker, QC Administrative Data - Private schools",14.6914095,121.0848225,,,,,,,Administrative data
"HOLY SPIRIT SCHOOL, INC.","29, ILANG-ILANG, IMMACULATE CONCEPCION, QUEZON CITY, NCR, 1111",Immaculate Concepcion,4.0,Schools,Private,Private school,BLPD,14.6225693621867,121.039853988278,7:30AM,3:30PM,,,,,Administrative data
Hope Christian Academy,"1103 Edsa, Brgy. Veterans, Proj. 7, Q.C.",Veterans Village,1.0,Schools,Private,Preschool,"Data_QC Caring Cities Tracker, QC Administrative Data - Private schools",14.6537082,121.0241966,,,,,,,Administrative data
Hope Christian Academy,"1103 Edsa, Brgy. Veterans, Proj. 7, Q.C.",Veterans Village,1.0,Schools,Private,Elementary school,"Data_QC Caring Cities Tracker, QC Administrative Data - Private schools",14.6537082,121.0241966,,,,,,,Administrative data
HORIZONS OF HOPE THERAPY CENTER INC.,"2, WISDOM ST. , TERESA VILLAGE, BAHAY TORO, QUEZON CITY, NCR, 1106",Bahay Toro,1.0,Long-term care and rehabilitation services,,Physical/occupational therapy school,BLPD,14.6657966284887,121.039332197122,8:00AM,5:00PM,,,,,Administrative data
Horseshoe,"Brgy. Horsehoe Bgy. Hall, Sunset Drive",Horseshoe,4.0,Childcare,Public,Child development center and supervised neighborhood play,"Data_QC Caring Cities Tracker, QC Administrative Data - Child",14.6116415,121.0430094,,,,,,,Administrative data
"Hoscomco Academy, Inc.","L21B6 Faustina St., Isidora Hills Subd., Brgy. Holy Spirit, QC",Holy Spirit,2.0,Schools,Private,Preschool,"Data_QC Caring Cities Tracker, QC Administrative Data - Private schools",14.6837971,121.074389,,,,,,,Administrative data
"Hoscomco Academy, Inc.","L21B6 Faustina St., Isidora Hills Subd., Brgy. Holy Spirit, QC",Holy Spirit,2.0,Schools,Private,Elementary school,"Data_QC Caring Cities Tracker, QC Administrative Data - Private schools",14.6837971,121.074389,,,,,,,Administrative data
"I.D.E.A.S Montessori, Inc.","88 Capitol Drive , Capitol Hills, Brgy Old Balara QC",Matandang Balara,3.0,Schools,Private,Junior high school,"Data_QC Caring Cities Tracker, QC Administrative Data - Private schools",14.669144,121.0894251,,,,,,,Administrative data
"I.D.E.A.S Montessori, Inc.","88 Capitol Drive , Capitol Hills, Brgy Old Balara QC",Matandang Balara,3.0,Schools,Private,Elementary school,"Data_QC Caring Cities Tracker, QC Administrative Data - Private schools",14.669144,121.0894251,,,,,,,Administrative data
"I.D.E.A.S Montessori, Inc.","88 Capitol Drive , Capitol Hills, Brgy Old Balara QC",Matandang Balara,3.0,Schools,Private,Preschool,"Data_QC Caring Cities Tracker, QC Administrative Data - Private schools",14.669144,121.0894251,,,,,,,Administrative data
IGLESIA NI CRISTO  (CHURCH OF CHRIST ) SCHOOL FOR MINISTERS INC.,"16, CENTRAL AVE, NEW ERA, QUEZON CITY, NCR, 1107",New Era,6.0,Schools,Private,Private school,BLPD,14.662226,121.0538169,7:00AM,6:00PM,,,,,Administrative data
"Ijediyah Learning Center, Inc","16 Katarungan St., Brgy. Batasan Hills , Q.C",Batasan Hills,2.0,Schools,Private,Preschool,"Data_QC Caring Cities Tracker, QC Administrative Data - Private schools",14.6882724,121.0912995,,,,,,,Administrative data
"Ijediyah Learning Center, Inc","16 Katarungan St., Brgy. Batasan Hills , Q.C",Batasan Hills,2.0,Schools,Private,Elementary school,"Data_QC Caring Cities Tracker, QC Administrative Data - Private schools",14.6882724,121.0912995,,,,,,,Administrative data
"IKIGAI WELLNESS SOLUTIONS, INC.","NB 311B - NB 312 3RD FLR., SM CITY , NORTH EDSA, BAGONG PAG-ASA, QUEZON CITY, NCR, 1105",Bagong Pag-Asa,1.0,Long-term care and rehabilitation services,,Therapeutic clinic,BLPD,14.6561531743602,121.033789405373,10:00AM,9:00PM,,,,,Administrative data
"ILAW NG BAYAN FOUNDATION, INC.","1497, E. RODRIGUEZ SR. AVE., KRISTONG HARI, QUEZON CITY, NCR, 1112",Kristong Hari,4.0,Schools,Private,Private school,BLPD,14.6246476,121.0386803,8:00AM,5:00PM,,,,,Administrative data
Imelda Operio Learning School,"# 8 De Gloria St., Area B., Talanay Batasan Hills, QC",Batasan Hills,2.0,Schools,Private,Preschool,"Data_QC Caring Cities Tracker, QC Administrative Data - Private schools",14.680863,121.100407,,,,,,,Administrative data
Imelda Operio Learning School,"# 8 De Gloria St., Area B., Talanay Batasan Hills, QC",Batasan Hills,2.0,Schools,Private,Elementary school,"Data_QC Caring Cities Tracker, QC Administrative Data - Private schools",14.680863,121.100407,,,,,,,Administrative data
Imelda Operio Learning School,"# 8 De Gloria St., Area B., Talanay Batasan Hills, QC",Batasan Hills,2.0,Schools,Private,Junior high school,"Data_QC Caring Cities Tracker, QC Administrative Data - Private schools",14.680863,121.100407,,,,,,,Administrative data
Imelda Operio Learning School,"# 8 De Gloria St., Area B., Talanay Batasan Hills, QC",Batasan Hills,2.0,Schools,Private,Senior high school,"Data_QC Caring Cities Tracker, QC Administrative Data - Private schools",14.680863,121.100407,,,,,,,Administrative data
"Immaculate Conception Cathedral School, Inc","39 Lantana,Brgy. Immaculate, Cubao, QC",Immaculate Concepcion,4.0,Schools,Private,Senior high school,"Data_QC Caring Cities Tracker, QC Administrative Data - Private schools",14.6242358,121.0411218,,,,,,,Administrative data
"Immaculate Conception Cathedral School, Inc","39 Lantana,Brgy. Immaculate, Cubao, QC",Immaculate Concepcion,4.0,Schools,Private,Preschool,"Data_QC Caring Cities Tracker, QC Administrative Data - Private schools",14.6242358,121.0411218,,,,,,,Administrative data
"Immaculate Conception Cathedral School, Inc","39 Lantana,Brgy. Immaculate, Cubao, QC",Immaculate Concepcion,4.0,Schools,Private,Elementary school,"Data_QC Caring Cities Tracker, QC Administrative Data - Private schools",14.6242358,121.0411218,,,,,,,Administrative data
"Immaculate Conception Cathedral School, Inc","39 Lantana,Brgy. Immaculate, Cubao, QC",Immaculate Concepcion,4.0,Schools,Private,Junior high school,"Data_QC Caring Cities Tracker, QC Administrative Data - Private schools",14.6242358,121.0411218,,,,,,,Administrative data
"Immaculate Heart of Mary College, Inc.","54 Aurora Blvd., Brgy. Doña Imelda QC",Doña Imelda,4.0,Schools,Private,Senior high school,"Data_QC Caring Cities Tracker, QC Administrative Data - Private schools",14.606446,121.020024,,,,,,,Administrative data
Immaculate Mother School Foundation. Inc,"#872 Joseph St., Bgry Commonwealth, QC",Commonwealth,2.0,Schools,Private,Junior high school,"Data_QC Caring Cities Tracker, QC Administrative Data - Private schools",14.694371,121.0730893,,,,,,,Administrative data
Immaculate Mother School Foundation. Inc,"#872 Joseph St., Bgry Commonwealth, QC",Commonwealth,2.0,Schools,Private,Preschool,"Data_QC Caring Cities Tracker, QC Administrative Data - Private schools",14.694371,121.0730893,,,,,,,Administrative data
Immaculate Mother School Foundation. Inc,"#872 Joseph St., Bgry Commonwealth, QC",Commonwealth,2.0,Schools,Private,Elementary school,"Data_QC Caring Cities Tracker, QC Administrative Data - Private schools",14.694371,121.0730893,,,,,,,Administrative data
"IMMACULATE MOTHER SCHOOL, QUEZON CITY INC.","872, IMMACULATE MOTHER SCHOOL, QUEZON CITY INC., COMMONWEALTH AVENUE, COMMONWEALTH, QUEZON CITY, NCR, 1121",Commonwealth,2.0,Schools,Private,Private school,BLPD,14.7043467259441,121.084666161238,7:30AM,4:00PM,,,,,Administrative data
"INA NG BUHAY CATHOLIC SCHOOL, INC.","JORDAN HEIGHTS SUBD. DAMONG MALIIT, NAGKAISANG NAYON, QUEZON CITY, NCR, 1125",Nagkaisang Nayon,5.0,Schools,Private,Private school,BLPD,14.7247913945505,121.024824465314,8:00AM,5:00PM,,,,,Administrative data
"Infant Jesus Learning Academy of Quezon City, Inc.","70 Mendoza St., Brgy. Paltok, SFDM, QC",Paltok,1.0,Schools,Private,Elementary school,"Data_QC Caring Cities Tracker, QC Administrative Data - Private schools",14.6455189,121.0218551,,,,,,,Administrative data
"Infant Jesus Learning Academy of Quezon City, Inc.","70 Mendoza St., Brgy. Paltok, SFDM, QC",Paltok,1.0,Schools,Private,Preschool,"Data_QC Caring Cities Tracker, QC Administrative Data - Private schools",14.6455189,121.0218551,,,,,,,Administrative data
"Infant Jesus Learning Academy of Quezon City, Inc.","70 Mendoza St., Brgy. Paltok, SFDM, QC",Paltok,1.0,Schools,Private,Junior high school,"Data_QC Caring Cities Tracker, QC Administrative Data - Private schools",14.6455189,121.0218551,,,,,,,Administrative data
INNER CORE PSYCHIATRIC CLINIC,"441, QUIRINO HI-WAY , TALIPAPA, QUEZON CITY, NCR, 1116",Talipapa,6.0,Long-term care and rehabilitation services,,Psychological clinic,BLPD,14.6843995,121.022367,8:00AM,5:00PM,,,,,Administrative data
"INSTITUCION TERESIANA DE EDUCACION Y CULTURA, INC.","EDSA COR., ORTIGAS AVE., UGONG NORTE, QUEZON CITY, NCR, 1110",Ugong Norte,3.0,Schools,Private,Private school,BLPD,14.590159242719,121.058743650811,7:30AM,4:30PM,,,,,Administrative data
"INSTITUTE OF FORMATION AND RELIGIOUS STUDIES FOUNDATION, INC.","122 , N. DOMINGO CORNER ST. JOHN STREET , KAUNLARAN, QUEZON CITY, NCR, 1111",Kaunlaran,4.0,Schools,Private,Private school,BLPD,14.6164862891851,121.043163891291,8:00AM,5:00PM,,,,,Administrative data
Insurance,72 Insurance St.,Sangandaan,6.0,Childcare,Public,Child development center and supervised neighborhood play,"Data_QC Caring Cities Tracker, QC Administrative Data - Child",14.674838,121.0175018,,,,,,,Administrative data
International Christian School of Q.C.,"103 Gen. Luis St., Brgy. Nagkaisang Nayon, Nova",Nagkaisang Nayon,5.0,Schools,Private,Preschool,"Data_QC Caring Cities Tracker, QC Administrative Data - Private schools",14.7206998,121.0276867,,,,,,,Administrative data
International Christian School of Q.C.,"103 Gen. Luis St., Brgy. Nagkaisang Nayon, Nova",Nagkaisang Nayon,5.0,Schools,Private,Elementary school,"Data_QC Caring Cities Tracker, QC Administrative Data - Private schools",14.7206998,121.0276867,,,,,,,Administrative data
International Christian School of Q.C.,"103 Gen. Luis St., Brgy. Nagkaisang Nayon, Nova",Nagkaisang Nayon,5.0,Schools,Private,Junior high school,"Data_QC Caring Cities Tracker, QC Administrative Data - Private schools",14.7206998,121.0276867,,,,,,,Administrative data
International Christian School of Q.C.,"103 Gen. Luis St., Brgy. Nagkaisang Nayon, Nova",Nagkaisang Nayon,5.0,Schools,Private,Senior high school,"Data_QC Caring Cities Tracker, QC Administrative Data - Private schools",14.7206998,121.0276867,,,,,,,Administrative data
INTERVENTION THERAPY SOLUTION INC,"BLK 21 , LOT 7 , SINGKIL STREET , GREATER LAGRO, QUEZON CITY, NCR, 1100",Greater Lagro,5.0,Long-term care and rehabilitation services,,Physical/occupational therapy school,BLPD,14.7206488,121.0677839,8:00AM,5:00PM,,,,,Administrative data
Ismael Mathay Sr. High School,,Sangandaan,6.0,Schools,Public,High school,"Data_QC Caring Cities Tracker, QC Administrative Data - Public schools",14.6755964,121.0223117,,,,,,,Administrative data
Jasmin,"Lot 35-A, Jasmin St., Brgy. Batasan Hills",Batasan Hills,2.0,Childcare,Public,Child development center and supervised neighborhood play,"Data_QC Caring Cities Tracker, QC Administrative Data - Child",14.6840362,121.0897713,,,,,,,Administrative data
JCSGO Christian Academy,"156 15th Ave., Cubao, QC",San Roque,3.0,Schools,Private,Preschool,"Data_QC Caring Cities Tracker, QC Administrative Data - Private schools",14.6220091,121.0586427,,,,,,,Administrative data
JCSGO Christian Academy,"156 15th Ave., Cubao, QC",San Roque,3.0,Schools,Private,Elementary school,"Data_QC Caring Cities Tracker, QC Administrative Data - Private schools",14.6220091,121.0586427,,,,,,,Administrative data
JCSGO Christian Academy,"156 15th Ave., Cubao, QC",San Roque,3.0,Schools,Private,Junior high school,"Data_QC Caring Cities Tracker, QC Administrative Data - Private schools",14.6220091,121.0586427,,,,,,,Administrative data
JDC ACCELERATED WELLNESS AND PAIN CLINIC,"ROOM 105 GROUND FLOOR 1270 -1330,  CULMAT BLDG., E. RODRIGUEZ SR AVE., MARIANA, QUEZON CITY, NCR, 1112",Mariana,4.0,Long-term care and rehabilitation services,,Therapeutic clinic,BLPD,14.6239002,121.0341632,9:00AM,6:00PM,,,,,Administrative data
JEC Christian School,"106 Maj. Marcos Rd, P-tamo, QC",Pasong Tamo,6.0,Schools,Private,Preschool,"Data_QC Caring Cities Tracker, QC Administrative Data - Private schools",14.6821236,121.0673234,,,,,,,Administrative data
JEC Christian School,"106 Maj. Marcos Rd, P-tamo, QC",Pasong Tamo,6.0,Schools,Private,Elementary school,"Data_QC Caring Cities Tracker, QC Administrative Data - Private schools",14.6821236,121.0673234,,,,,,,Administrative data
JEC Christian School,"106 Maj. Marcos Rd, P-tamo, QC",Pasong Tamo,6.0,Schools,Private,Junior high school,"Data_QC Caring Cities Tracker, QC Administrative Data - Private schools",14.6821236,121.0673234,,,,,,,Administrative data
JEENIE BEYOND BEAUTY INC.,"ARCADE 9, 68 ROCES, ROCES AVE., OBRERO, QUEZON CITY, NCR, 1103",Obrero,4.0,Long-term care and rehabilitation services,,Therapeutic clinic,BLPD,14.6299439615837,121.027389763422,9:00AM,9:00PM,,,,,Administrative data
"JEL School, Inc.","44 Cotabato St., Luzviminda Vill., Batasan Hills, QC",Batasan Hills,2.0,Schools,Private,Junior high school,"Data_QC Caring Cities Tracker, QC Administrative Data - Private schools",14.6858409,121.0943749,,,,,,,Administrative data
"JEL School, Inc.","44 Cotabato St., Luzviminda Vill., Batasan Hills, QC",Batasan Hills,2.0,Schools,Private,Preschool,"Data_QC Caring Cities Tracker, QC Administrative Data - Private schools",14.6858409,121.0943749,,,,,,,Administrative data
"JEL School, Inc.","44 Cotabato St., Luzviminda Vill., Batasan Hills, QC",Batasan Hills,2.0,Schools,Private,Elementary school,"Data_QC Caring Cities Tracker, QC Administrative Data - Private schools",14.6858409,121.0943749,,,,,,,Administrative data
"Jelaine Academy of Quezon City, Inc.","#009 San Lorenzo Ruiz St., Payatas A. Quezon City",Payatas,2.0,Schools,Private,Preschool,"Data_QC Caring Cities Tracker, QC Administrative Data - Private schools",14.7183298,121.1108895,,,,,,,Administrative data
"Jelaine Academy of Quezon City, Inc.","#009 San Lorenzo Ruiz St., Payatas A. Quezon City",Payatas,2.0,Schools,Private,Elementary school,"Data_QC Caring Cities Tracker, QC Administrative Data - Private schools",14.7183298,121.1108895,,,,,,,Administrative data
"Jelaine Academy of Quezon City, Inc.","#009 San Lorenzo Ruiz St., Payatas A. Quezon City",Payatas,2.0,Schools,Private,Junior high school,"Data_QC Caring Cities Tracker, QC Administrative Data - Private schools",14.7183298,121.1108895,,,,,,,Administrative data
"JEMS Achievers Learning Center, Inc.","No. 13 Durian St., Area D. brgy. Pasong Tamo, QC",Pasong Tamo,6.0,Schools,Private,Elementary school,"Data_QC Caring Cities Tracker, QC Administrative Data - Private schools",14.674361,121.068448,,,,,,,Administrative data
"JEMS Achievers Learning Center, Inc.","No. 13 Durian St., Area D. brgy. Pasong Tamo, QC",Pasong Tamo,6.0,Schools,Private,Preschool,"Data_QC Caring Cities Tracker, QC Administrative Data - Private schools",14.674361,121.068448,,,,,,,Administrative data
"JLM CREATIVE LEARNER'S HOME, INC.","THE REDWOOD CONDOMINIUM COMPLEX, QUIRINO HIGHWAY, PASONG PUTIK PROPER, QUEZON CITY, NCR, 1118",Pasong Putik Proper,5.0,Schools,Private,Private school,BLPD,14.7356722528191,121.061415893349,8:00AM,4:00PM,,,,,Administrative data
"John Dewey School for Children, Inc.","No. 10 April St., Ext. Congressional Ave., Project 8, QC.",Bahay Toro,1.0,Schools,Private,Preschool,"Data_QC Caring Cities Tracker, QC Administrative Data - Private schools",14.6668644,121.0309567,,,,,,,Administrative data
"John Dewey School for Children, Inc.","No. 10 April St., Ext. Congressional Ave., Project 8, QC.",Bahay Toro,1.0,Schools,Private,Elementary school,"Data_QC Caring Cities Tracker, QC Administrative Data - Private schools",14.6668644,121.0309567,,,,,,,Administrative data
"John Dewey School for Children, Inc.","No. 10 April St., Ext. Congressional Ave., Project 8, QC.",Bahay Toro,1.0,Schools,Private,Junior high school,"Data_QC Caring Cities Tracker, QC Administrative Data - Private schools",14.6668644,121.0309567,,,,,,,Administrative data
"John Dewey School for Children, Inc.","No. 10 April St., Ext. Congressional Ave., Project 8, QC.",Bahay Toro,1.0,Schools,Private,Senior high school,"Data_QC Caring Cities Tracker, QC Administrative Data - Private schools",14.6668644,121.0309567,,,,,,,Administrative data
"JOHN MARK CHRISTIAN SCHOOL OF NOVALICHES, INC.","#29, PETRONIA ST., NOVALICHES PROPER, QUEZON CITY, NCR, 1121",Novaliches Proper,5.0,Schools,Private,Private school,BLPD,14.7200427,121.0383242,8:00AM,5:00PM,,,,,Administrative data
Johnryn Learning School of Quezon City Inc.,"Blk.213 Lot 21 Yuan St., Phase 8, North Fairview QC",North Fairview,5.0,Schools,Private,Preschool,"Data_QC Caring Cities Tracker, QC Administrative Data - Private schools",14.7084064,121.058984,,,,,,,Administrative data
Johnryn Learning School of Quezon City Inc.,"Blk.213 Lot 21 Yuan St., Phase 8, North Fairview QC",North Fairview,5.0,Schools,Private,Elementary school,"Data_QC Caring Cities Tracker, QC Administrative Data - Private schools",14.7084064,121.058984,,,,,,,Administrative data
Johnryn Learning School of Quezon City Inc.,"Blk.213 Lot 21 Yuan St., Phase 8, North Fairview QC",North Fairview,5.0,Schools,Private,Junior high school,"Data_QC Caring Cities Tracker, QC Administrative Data - Private schools",14.7084064,121.058984,,,,,,,Administrative data
Jonaville I,"St.Joseph St., Jonaville Subdivision, Brgy. Nagkaisang Nayon",Nagkaisang Nayon,5.0,Childcare,Public,Child development center and supervised neighborhood play,"Data_QC Caring Cities Tracker, QC Administrative Data - Child",14.7267235,121.0279548,,,,,,,Administrative data
"JORDAN WOODS ACADEMY, INC.","BLK 7 LOT 34, DON MARIANO MARCOS AVE., JORDAN PLAINS, STA. MONICA, QUEZON CITY, NCR, 1117",Sta. Monica,5.0,Schools,Private,Private school,BLPD,14.7247151448677,121.045045617242,8:00AM,5:00PM,,,,,Administrative data
Jose Maria Panganiban Senior High School,,Gulod,5.0,Schools,Public,Senior high school,"Data_QC Caring Cities Tracker, QC Administrative Data - Public schools",14.7121741,121.0385294,,,,,,,Administrative data
Jose P. Laurel Sr. High School,,Milagrosa,3.0,Schools,Public,High school,"Data_QC Caring Cities Tracker, QC Administrative Data - Public schools",14.6221514,121.0683831,,,,,,,Administrative data
Jose V. Palma SHS,,Pinyahan,4.0,Schools,Public,Senior high school,"Data_QC Caring Cities Tracker, QC Administrative Data - Public schools",14.6387086,121.0508069,,,,,,,Administrative data
"Joy Kiddy Garden Learning Center, Inc.","130 Kamuning Road, Quezon City",Kamuning,4.0,Schools,Private,Preschool,"Data_QC Caring Cities Tracker, QC Administrative Data - Private schools",14.6303775,121.0452755,,,,,,,Administrative data
"Joy Kiddy Garden Learning Center, Inc.","130 Kamuning Road, Quezon City",Kamuning,4.0,Schools,Private,Elementary school,"Data_QC Caring Cities Tracker, QC Administrative Data - Private schools",14.6303775,121.0452755,,,,,,,Administrative data
"Joyful Hands Kiddie Center of Cubao, Q.C., Inc.","Unit 4 Corporate House 239 Boni Serrano Road. Cor. C. Benitez St., Brgy. Bagong Lipunan ng Crne, Q.C.",Bagong Lipunan Ng Crame,4.0,Schools,Private,Preschool,"Data_QC Caring Cities Tracker, QC Administrative Data - Private schools",14.6094666,121.0436509,,,,,,,Administrative data
"JOYFUL HANDS KIDDIE CENTER OF CUBAO, Q.C., INC.","UNIT 4, CORPORATE HOUSE BLDG., 239 BONI SERRANO ROAD, BAGONG LIPUNAN NG CRAME, QUEZON CITY, NCR, 1111",Bagong Lipunan Ng Crame,4.0,Childcare,Public,Child learning center,BLPD,14.6094666,121.0436509,9:00AM,5:00PM,,,,,Administrative data
"Joyful Scholars Montessori, Inc.","174 Tambis St., Brgy. Pasong Tamo, Luzon Ave., QC",Pasong Tamo,6.0,Schools,Private,Preschool,"Data_QC Caring Cities Tracker, QC Administrative Data - Private schools",14.6736448,121.0668057,,,,,,,Administrative data
"Joyful Scholars Montessori, Inc.","174 Tambis St., Brgy. Pasong Tamo, Luzon Ave., QC",Pasong Tamo,6.0,Schools,Private,Elementary school,"Data_QC Caring Cities Tracker, QC Administrative Data - Private schools",14.6736448,121.0668057,,,,,,,Administrative data
"Joyful Scholars Montessori, Inc.","174 Tambis St., Brgy. Pasong Tamo, Luzon Ave., QC",Pasong Tamo,6.0,Schools,Private,Junior high school,"Data_QC Caring Cities Tracker, QC Administrative Data - Private schools",14.6736448,121.0668057,,,,,,,Administrative data
JRT HOME CARE SERVICE,"07, LANGKA ST., QUIRINO 2B, QUEZON CITY, NCR, 1102",Quirino 2-B,3.0,Long-term care and rehabilitation services,,Psychiatric rehabilitation center,BLPD,14.6332221,121.0629614,8:00AM,5:00PM,,,,,Administrative data
Juan Miguel Academy of Quezon City,"#36 Diego Silang, Area 2, Brgy. Pasong Tamo, QC",Pasong Tamo,6.0,Schools,Private,Elementary school,"Data_QC Caring Cities Tracker, QC Administrative Data - Private schools",14.6819092,121.0655865,,,,,,,Administrative data
Juan Miguel Academy of Quezon City,"#36 Diego Silang, Area 2, Brgy. Pasong Tamo, QC",Pasong Tamo,6.0,Schools,Private,Preschool,"Data_QC Caring Cities Tracker, QC Administrative Data - Private schools",14.6819092,121.0655865,,,,,,,Administrative data
Juan Miguel Academy of Quezon City,"#36 Diego Silang, Area 2, Brgy. Pasong Tamo, QC",Pasong Tamo,6.0,Schools,Private,Junior high school,"Data_QC Caring Cities Tracker, QC Administrative Data - Private schools",14.6819092,121.0655865,,,,,,,Administrative data
Juan Sumulong High School,,San Roque,3.0,Schools,Public,High school,"Data_QC Caring Cities Tracker, QC Administrative Data - Public schools",14.6220118,121.0612792,,,,,,,Administrative data
"Jubilee Christian Academy, Inc.","6th St. Cor. Hemady, Brgy. Mariana, QC",Mariana,4.0,Schools,Private,Preschool,"Data_QC Caring Cities Tracker, QC Administrative Data - Private schools",14.6182403,121.0350083,,,,,,,Administrative data
"Jubilee Christian Academy, Inc.","6th St. Cor. Hemady, Brgy. Mariana, QC",Mariana,4.0,Schools,Private,Elementary school,"Data_QC Caring Cities Tracker, QC Administrative Data - Private schools",14.6182403,121.0350083,,,,,,,Administrative data
"Jubilee Christian Academy, Inc.","6th St. Cor. Hemady, Brgy. Mariana, QC",Mariana,4.0,Schools,Private,Junior high school,"Data_QC Caring Cities Tracker, QC Administrative Data - Private schools",14.6182403,121.0350083,,,,,,,Administrative data
"Jubilee Christian Academy, Inc.","6th St. Cor. Hemady, Brgy. Mariana, QC",Mariana,4.0,Schools,Private,Senior high school,"Data_QC Caring Cities Tracker, QC Administrative Data - Private schools",14.6182403,121.0350083,,,,,,,Administrative data
"JUBILEE CHRISTIAN ACADEMY, INC.","#1607, E. RODRIGUEZ SR AVE., PINAGKAISAHAN, QUEZON CITY, NCR, 1111",Pinagkaisahan,4.0,Schools,Private,Private school,BLPD,14.624825168536,121.041152744873,8:00AM,5:00PM,,,,,Administrative data
"Judge Feliciano Belmonte, Sr. HS",,Holy Spirit,2.0,Schools,Public,High school,"Data_QC Caring Cities Tracker, QC Administrative Data - Public schools",14.6784197,121.0713104,,,,,,,Administrative data
Judge Juan Luna HS,,Bungad,1.0,Schools,Public,High school,"Data_QC Caring Cities Tracker, QC Administrative Data - Public schools",14.6505865,121.0211241,,,,,,,Administrative data
Junji,"Junji Street, Rolling Hills Western Village, Brgy. Kaligayahan",Kaligayahan,5.0,Childcare,Public,Child development center and supervised neighborhood play,"Data_QC Caring Cities Tracker, QC Administrative Data - Child",14.732162,121.0506041,,,,,,,Administrative data
Justice Cecilia Muñoz Palma High School,,Payatas,2.0,Schools,Public,High school,"Data_QC Caring Cities Tracker, QC Administrative Data - Public schools",14.7137561,121.095183,,,,,,,Administrative data
Justice Cecilia Muñoz Palma Senior High School,,Payatas,2.0,Schools,Public,Senior high school,"Data_QC Caring Cities Tracker, QC Administrative Data - Public schools",14.7137561,121.095183,,,,,,,Administrative data
K&M WELLNESS CORPORATION,"UNIT 101 1706, RIMANDO BUILDING II, E. RODRIGUEZ SR. AVE., IMMACULATE CONCEPCION, CUBAO , NCR, 1109",Immaculate Concepcion,4.0,Long-term care and rehabilitation services,,Physical therapy clinic,BLPD,14.6238148,121.0432669,10:00AM,8:00PM,,,,,Administrative data
Kabalitang,Kabalitang St. Brgy. Krus Na Ligas,Krus Na Ligas,4.0,Childcare,Public,Child development center and supervised neighborhood play,"Data_QC Caring Cities Tracker, QC Administrative Data - Child",14.6447304,121.0614408,,,,,,,Administrative data
KAINGIN BAPTIST LEARNING CENTER INC.,"151, BUNGAD AREA KAINGIN 2, PANSOL, QUEZON CITY, NCR, 1108",Pansol,3.0,Childcare,Public,Child learning center,BLPD,14.6528868463614,121.081661669771,8:00AM,4:00PM,,,,,Administrative data
Kaingin I,"Block 1 Kaingin 1, Brgy. Pansol",Pansol,3.0,Childcare,Public,Child development center and supervised neighborhood play,"Data_QC Caring Cities Tracker, QC Administrative Data - Child",14.6557618,121.0829816,,,,,,,Administrative data
Kaingin II,"Bungad Kaingin II, near Bgy. Hall Extension, Brgy. Pansol",Pansol,3.0,Childcare,Public,Child development center and supervised neighborhood play,"Data_QC Caring Cities Tracker, QC Administrative Data - Child",14.6555653,121.0827856,,,,,,,Administrative data
Kalantiyaw ES,,Bagumbuhay,3.0,Schools,Public,Elementary school,"Data_QC Caring Cities Tracker, QC Administrative Data - Public schools",14.6243008,121.0654628,,,,,,,Administrative data
Kalayaan,#81 Kalayaan Ave. Brgy. Central,Central,4.0,Childcare,Public,Child development center and supervised neighborhood play,"Data_QC Caring Cities Tracker, QC Administrative Data - Child",14.641743,121.0543005,,,,,,,Administrative data
Kalayaan B1,"Lot No. 41-C-3, Kalayaan B St., Brgy. Batasan Hills",Batasan Hills,2.0,Childcare,Public,Child development center and supervised neighborhood play,"Data_QC Caring Cities Tracker, QC Administrative Data - Child",14.6890746,121.092598,,,,,,,Administrative data
Kalayaan B2,"Lot No. 41-C-3, Kalayaan B St., Brgy. Batasan Hills",Batasan Hills,2.0,Childcare,Public,Child development center and supervised neighborhood play,"Data_QC Caring Cities Tracker, QC Administrative Data - Child",14.6890746,121.092598,,,,,,,Administrative data
Kalayaan B3,"Lot No. 41-C-3, Kalayaan B St., Brgy. Batasan Hills",Batasan Hills,2.0,Childcare,Public,Child development center and supervised neighborhood play,"Data_QC Caring Cities Tracker, QC Administrative Data - Child",14.6890746,121.092598,,,,,,,Administrative data
Kaligayahan ES,,Kaligayahan,5.0,Schools,Public,Elementary school,"Data_QC Caring Cities Tracker, QC Administrative Data - Public schools",14.7289151,121.0456998,,,,,,,Administrative data
Kamuning,"Bgy. Hall, #113 Kamuning Rd. Brgy. Kamuning",Kamuning,4.0,Childcare,Public,Child development center and supervised neighborhood play,"Data_QC Caring Cities Tracker, QC Administrative Data - Child",14.6250508,121.0364359,,,,,,,Administrative data
Kamuning ES,,Sacred Heart,4.0,Schools,Public,Elementary school,"Data_QC Caring Cities Tracker, QC Administrative Data - Public schools",14.6297074,121.0365784,,,,,,,Administrative data
"Karis Christian Acad.Found., Inc.","Lot 3 Block 9, Sitio Mendez, Baesa, Q.C.",Baesa,6.0,Schools,Private,Preschool,"Data_QC Caring Cities Tracker, QC Administrative Data - Private schools",14.6687979,121.0128088,,,,,,,Administrative data
"Karis Christian Acad.Found., Inc.","Lot 3 Block 9, Sitio Mendez, Baesa, Q.C.",Baesa,6.0,Schools,Private,Elementary school,"Data_QC Caring Cities Tracker, QC Administrative Data - Private schools",14.6687979,121.0128088,,,,,,,Administrative data
"Karis Christian Acad.Found., Inc.","Lot 3 Block 9, Sitio Mendez, Baesa, Q.C.",Baesa,6.0,Schools,Private,Junior high school,"Data_QC Caring Cities Tracker, QC Administrative Data - Private schools",14.6687979,121.0128088,,,,,,,Administrative data
Kasiyahan,"Kasiyahan Covered Court, Brgy. Holy Spirit",Holy Spirit,2.0,Childcare,Public,Child development center and supervised neighborhood play,"Data_QC Caring Cities Tracker, QC Administrative Data - Child",14.6812323,121.0745237,,,,,,,Administrative data
Kasunduan,"Ground floor, Kasunduan Multi-purpose Hall, Unit 2, Kasunduan Extension, Brgy. Commonwealth",Commonwealth,2.0,Childcare,Public,Child development center and supervised neighborhood play,"Data_QC Caring Cities Tracker, QC Administrative Data - Child",14.6947425,121.0911202,,,,,,,Administrative data
Katipunan,E. Beltran St.,Katipunan,1.0,Childcare,Public,Child development center and supervised neighborhood play,"Data_QC Caring Cities Tracker, QC Administrative Data - Child",14.6564927,121.0185998,,,,,,,Administrative data
Kaunlaran,"Lot 9A, Unit 2, Kaunlaran St., Brgy. Commonwealth",Commonwealth,2.0,Childcare,Public,Child development center and supervised neighborhood play,"Data_QC Caring Cities Tracker, QC Administrative Data - Child",14.698895,121.0884376,,,,,,,Administrative data
KBCF Kinder Care,"#4 11th Jamboree St., Brgy. Sacred Heart, QC",Sacred Heart,4.0,Schools,Private,Preschool,"Data_QC Caring Cities Tracker, QC Administrative Data - Private schools",14.630281,121.0410479,,,,,,,Administrative data
KG THERAPY RECOVERY CLINIC,"13B, WEST AVENUE, NAYONG KANLURAN, QUEZON CITY, NCR, 1125",Nayong Kanluran,1.0,Long-term care and rehabilitation services,,Physical therapy clinic,BLPD,14.6389375256916,121.026043236831,10:00AM,8:00PM,,,,,Administrative data
KHAMEON LEARNING CENTER,"UNIT 6, BLK 4, LOT 42, #43 CHESTNUT ST. COR. CYPRESS ST., FAIRVIEW, QUEZON CITY, NCR, 1118",Fairview,5.0,Childcare,Public,Child learning center,BLPD,14.698625,121.0598016,8:00AM,5:00PM,,,,,Administrative data
KHAMEON LEARNING CENTER INC,"UNIT 302, 3RD FLOOR, FRV BUILDING, MINDANAO AVENUE, TALIPAPA, QUEZON CITY, NCR, 1116",Talipapa,6.0,Long-term care and rehabilitation services,,Physical/occupational therapy school,BLPD,14.6883545846369,121.030308604884,8:00AM,5:00PM,,,,,Administrative data
KIDSWECARE PEDIATRIC THERAPY CENTER,"UNIT 104, NO. 20 SHORTHORN ST., PROJECT 8, BAHAY TORO, QUEZON CITY, NCR, 1106",Bahay Toro,1.0,Long-term care and rehabilitation services,,Therapeutic clinic,BLPD,14.6654339790872,121.022091342713,8:00AM,5:00PM,,,,,Administrative data
Kingfisher,Kingfisher St. Zabarte Subd. Brgy. Kaligayahan (beside Kaligayahan Health Center),Kaligayahan,5.0,Childcare,Public,Child development center and supervised neighborhood play,"Data_QC Caring Cities Tracker, QC Administrative Data - Child",14.7345931,121.0504746,,,,,,,Administrative data
Kings Montessori School,"48 King Ferninand St., Kingspoint Subd., Bagbag, QC",Bagbag,5.0,Schools,Private,Preschool,"Data_QC Caring Cities Tracker, QC Administrative Data - Private schools",14.6998049,121.0254218,,,,,,,Administrative data
Kings Montessori School,"48 King Ferninand St., Kingspoint Subd., Bagbag, QC",Bagbag,5.0,Schools,Private,Junior high school,"Data_QC Caring Cities Tracker, QC Administrative Data - Private schools",14.6998049,121.0254218,,,,,,,Administrative data
Kings Montessori School,"48 King Ferninand St., Kingspoint Subd., Bagbag, QC",Bagbag,5.0,Schools,Private,Elementary school,"Data_QC Caring Cities Tracker, QC Administrative Data - Private schools",14.6998049,121.0254218,,,,,,,Administrative data
"Kingsville Learning Center, Inc.","006 Diego Silang St. , Sta. Lucia, Novaliches, QC",Sta. Lucia,5.0,Schools,Private,Preschool,"Data_QC Caring Cities Tracker, QC Administrative Data - Private schools",14.7053456,121.0488162,,,,,,,Administrative data
"Kingsville Learning Center, Inc.","006 Diego Silang St. , Sta. Lucia, Novaliches, QC",Sta. Lucia,5.0,Schools,Private,Elementary school,"Data_QC Caring Cities Tracker, QC Administrative Data - Private schools",14.7053456,121.0488162,,,,,,,Administrative data
KNL-CDO,V. Francisco St. (beside KNL High School) Brgy. Krus Na Ligas,Krus Na Ligas,4.0,Childcare,Public,Child development center and supervised neighborhood play,"Data_QC Caring Cities Tracker, QC Administrative Data - Child",14.64446,121.062411,,,,,,,Administrative data
KNOWLEDGE INDEPENDENCE DEVELOPMENT ZEAL (KIDZ) COMPANY,"NA, HCC BLDG, LOT 1 3 AND 5, BLK 1, ZABARTE AVE., HOBART VILLAGE, KALIGAYAHAN, QUEZON CITY, NCR, 1124",Kaligayahan,5.0,Long-term care and rehabilitation services,,Therapeutic clinic,BLPD,14.7341320521905,121.047995216351,8:00AM,5:00PM,,,,,Administrative data
KOLISKO WALDORF SCHOOL INC.,"#65, BALER ST., BUNGAD, QUEZON CITY, NCR, 1105",Bungad,1.0,Schools,Private,Private school,BLPD,14.6477132,121.0251439,8:00AM,5:00PM,,,,,Administrative data
Krus na Ligas Elementary School,,Krus Na Ligas,4.0,Schools,Public,Elementary school,"Data_QC Caring Cities Tracker, QC Administrative Data - Public schools",14.643901,121.063939,,,,,,,Administrative data
Krus na Ligas HS,,Krus Na Ligas,4.0,Schools,Public,High school,"Data_QC Caring Cities Tracker, QC Administrative Data - Public schools",14.64446,121.062411,,,,,,,Administrative data
KRYPTONITE MASSAGE SPA SERVICE,"SPACE 203, 2ND FLR., NO. 2 CONGRESSIONAL AVE. , RAMON MAGSAYSAY, QUEZON CITY, NCR, 1105",Ramon Magsaysay,1.0,Long-term care and rehabilitation services,,Therapeutic clinic,BLPD,14.6584055,121.0200195,12:00AM,12:00AM,,,,,Administrative data
"Kumdan Jungang Christian School Inc. (Formrly:Batasan Chunan Christian School, Inc.)","#181 Bayanihan St., Sitio 3, Batasan Hills, QC",Batasan Hills,2.0,Schools,Private,Elementary school,"Data_QC Caring Cities Tracker, QC Administrative Data - Private schools",14.6870775,121.0954642,,,,,,,Administrative data
"Kumdan Jungang Christian School Inc. (Formrly:Batasan Chunan Christian School, Inc.)","#181 Bayanihan St., Sitio 3, Batasan Hills, QC",Batasan Hills,2.0,Schools,Private,Preschool,"Data_QC Caring Cities Tracker, QC Administrative Data - Private schools",14.6870775,121.0954642,,,,,,,Administrative data
"Kumdan Jungang Christian School Inc. (Formrly:Batasan Chunan Christian School, Inc.)","#181 Bayanihan St., Sitio 3, Batasan Hills, QC",Batasan Hills,2.0,Schools,Private,Junior high school,"Data_QC Caring Cities Tracker, QC Administrative Data - Private schools",14.6870775,121.0954642,,,,,,,Administrative data
"Kumdan Jungang Christian School Inc. (Formrly:Batasan Chunan Christian School, Inc.)","#181 Bayanihan St., Sitio 3, Batasan Hills, QC",Batasan Hills,2.0,Schools,Private,Senior high school,"Data_QC Caring Cities Tracker, QC Administrative Data - Private schools",14.6870775,121.0954642,,,,,,,Administrative data
Kumpee Care College - Resume operation SY 2023-2024,"568 A. Bonifacio St., Bagong Silangan QC.",Bagong Silangan,2.0,Schools,Private,Preschool,"Data_QC Caring Cities Tracker, QC Administrative Data - Private schools",14.6973428,121.1109931,,,,,,,Administrative data
Kumpee Care College - Resume operation SY 2023-2024,"568 A. Bonifacio St., Bagong Silangan QC.",Bagong Silangan,2.0,Schools,Private,Elementary school,"Data_QC Caring Cities Tracker, QC Administrative Data - Private schools",14.6973428,121.1109931,,,,,,,Administrative data
Kumpee Care College - Resume operation SY 2023-2024,"568 A. Bonifacio St., Bagong Silangan QC.",Bagong Silangan,2.0,Schools,Private,Junior high school,"Data_QC Caring Cities Tracker, QC Administrative Data - Private schools",14.6973428,121.1109931,,,,,,,Administrative data
Kumpee Care College - Resume operation SY 2023-2024,"568 A. Bonifacio St., Bagong Silangan QC.",Bagong Silangan,2.0,Schools,Private,Senior high school,"Data_QC Caring Cities Tracker, QC Administrative Data - Private schools",14.6973428,121.1109931,,,,,,,Administrative data
L.A.R.O. THERAPY CENTER,"UNIT 4 , STO. DOMINGO BLDG. , #4 STO. DOMINGO ST. , STO. DOMINGO, QUEZON CITY, NCR, 1114",Sto. Domingo,1.0,Long-term care and rehabilitation services,,Physical/occupational therapy school,BLPD,14.6274363,121.0120356,8:00AM,5:00PM,,,,,Administrative data
La Loma Baptist Christian Academy Inc.,"197 Isarog St., La Loma, Quezon City",Paang Bundok,1.0,Schools,Private,Junior high school,"Data_QC Caring Cities Tracker, QC Administrative Data - Private schools",14.628788,120.9909,,,,,,,Administrative data
La Loma Baptist Christian Academy Inc.,"197 Isarog St., La Loma, Quezon City",Paang Bundok,1.0,Schools,Private,Elementary school,"Data_QC Caring Cities Tracker, QC Administrative Data - Private schools",14.628788,120.9909,,,,,,,Administrative data
La Loma Baptist Christian Academy Inc.,"197 Isarog St., La Loma, Quezon City",Paang Bundok,1.0,Schools,Private,Preschool,"Data_QC Caring Cities Tracker, QC Administrative Data - Private schools",14.628788,120.9909,,,,,,,Administrative data
La Trinidad,La Trinidad Village Whole Court,Talipapa,6.0,Childcare,Public,Child development center and supervised neighborhood play,"Data_QC Caring Cities Tracker, QC Administrative Data - Child",14.6847179,121.0197617,,,,,,,Administrative data
"Lady Anne's Preparatory School of Q.C., Inc.","37 Area 6 Luzon Avenue, Old Balara QC",Matandang Balara,3.0,Schools,Private,Preschool,"Data_QC Caring Cities Tracker, QC Administrative Data - Private schools",14.6719307,121.0693607,,,,,,,Administrative data
"Lady Anne's Preparatory School of Q.C., Inc.","37 Area 6 Luzon Avenue, Old Balara QC",Matandang Balara,3.0,Schools,Private,Elementary school,"Data_QC Caring Cities Tracker, QC Administrative Data - Private schools",14.6719307,121.0693607,,,,,,,Administrative data
Lagro ES,,Greater Lagro,5.0,Schools,Public,Elementary school,"Data_QC Caring Cities Tracker, QC Administrative Data - Public schools",14.729226,121.067789,,,,,,,Administrative data
Lagro HS,,Greater Lagro,5.0,Schools,Public,High school,"Data_QC Caring Cities Tracker, QC Administrative Data - Public schools",14.7268341,121.0665253,,,,,,,Administrative data
Laura I,"Purok 3 Area 5 Ground Floor, Brgy. Matandang Balara",Matandang Balara,3.0,Childcare,Public,Child development center and supervised neighborhood play,"Data_QC Caring Cities Tracker, QC Administrative Data - Child",14.6716574,121.0698352,,,,,,,Administrative data
Laura II,"Purok 3 Area 5 2nd Floor, Brgy. Matandang Balara",Matandang Balara,3.0,Childcare,Public,Child development center and supervised neighborhood play,"Data_QC Caring Cities Tracker, QC Administrative Data - Child",14.6738329,121.0767929,,,,,,,Administrative data
Lazaro,"Lot 5 Blk 5, Damong Maliit, Lazaro Subd., Brgy. Nagkaisang Nayon",Nagkaisang Nayon,5.0,Childcare,Public,Child development center and supervised neighborhood play,"Data_QC Caring Cities Tracker, QC Administrative Data - Child",14.7222233,121.031788,,,,,,,Administrative data
Leandro Locsin Integrated School,,Kaligayahan,5.0,Schools,Public,High school,"Data_QC Caring Cities Tracker, QC Administrative Data - Public schools",14.7291416,121.0455623,,,,,,,Administrative data
"Learn and Play Child Dev't. and Study Center, Inc.","#92 New York St., Corner Oxford St., Cubao, QC",E. Rodriguez,3.0,Schools,Private,Preschool,"Data_QC Caring Cities Tracker, QC Administrative Data - Private schools",14.6275914,121.0528539,,,,,,,Administrative data
LEARNING PLAYCARE CORP.,"3-A  3RD FLOOR , LINEAR BUILDING, 142 KATIPUNAN AVENUE, ST. IGNATIUS, QUEZON CITY, NCR, 1110",St. Ignatius,3.0,Childcare,Public,Day care center,BLPD,14.6123221746685,121.070760627283,9:00AM,6:00PM,,,,,Administrative data
LEEVE TO GIVE LEARNING CENTER,"2ND FLR. , DESIGN PRO BLDG., 88 CAPITOL HILLS DRIVE, MATANDANG BALARA, QUEZON CITY, NCR, 1119",Matandang Balara,3.0,Childcare,Public,Child learning center,BLPD,14.6647087864113,121.079402044444,9:30AM,6:30PM,,,,,Administrative data
LEOPOLDO B. SANTOS ELEMENTARY SCHOOL,,Baesa,6.0,Schools,Public,Elementary school,"Data_QC Caring Cities Tracker, QC Administrative Data - Public schools",14.6758123,121.0130067,,,,,,,Administrative data
LES CHEVEUX SALON AND SPA,"# 68, WEST AVE., WEST TRIANGLE, QUEZON CITY, NCR, 1104",West Triangle,1.0,Long-term care and rehabilitation services,,Therapeutic clinic,BLPD,14.6447334,121.0277543,8:00AM,5:00PM,,,,,Administrative data
LI'L SCOUTS THERAPY CENTER,"244, SCT. CHUATOCO, ROXAS, QUEZON CITY, NCR, 1103",Roxas,4.0,Long-term care and rehabilitation services,,Physical therapy clinic,BLPD,14.6275534758037,121.02834229548,9:00AM,5:00PM,,,,,Administrative data
Libis Health Center,"Brgy. Hall, E. Rodriguez Jr. Avenue, Brgy. Libis",Libis,3.0,Childcare,Public,Child development center and supervised neighborhood play,"Data_QC Caring Cities Tracker, QC Administrative Data - Child",14.6154731,121.0749076,,,,,,,Administrative data
Libis ES,,Libis,3.0,Schools,Public,Elementary school,"Data_QC Caring Cities Tracker, QC Administrative Data - Public schools",14.6152595,121.0727412,,,,,,,Administrative data
Lieve Deheegher Educational Center,"158 Ma. Clara St., Talayan Vill., QC",Talayan,1.0,Schools,Private,Preschool,"Data_QC Caring Cities Tracker, QC Administrative Data - Private schools",14.6310416,121.0128729,,,,,,,Administrative data
"LIFE CHANGE RECOVERY CENTER, INC.","105, SCOUT RALLOS STREET, SACRED HEART, QUEZON CITY, NCR, 1103",Sacred Heart,4.0,Long-term care and rehabilitation services,,Psychological clinic,BLPD,14.6331056801889,121.040262329361,9:00AM,6:00PM,,,,,Administrative data
LIFE IS BEAUTIFUL INC.,"4023-4024 LEVEL 4 TRINOMA MALL, NORTH AVE. EDSA, BAGONG PAG-ASA, QUEZON CITY, NCR, 1105",Bagong Pag-Asa,1.0,Long-term care and rehabilitation services,,Therapeutic clinic,BLPD,14.6529477041522,121.03310015,10:00AM,9:00PM,,,,,Administrative data
"Lifegiver Educational Center, Inc.","#33 Rose St. Area 9,, Pasong Tamo, QC",Pasong Tamo,6.0,Schools,Private,Elementary school,"Data_QC Caring Cities Tracker, QC Administrative Data - Private schools",14.6761018,121.0682999,,,,,,,Administrative data
"Lifegiver Educational Center, Inc.","#33 Rose St. Area 9,, Pasong Tamo, QC",Pasong Tamo,6.0,Schools,Private,Preschool,"Data_QC Caring Cities Tracker, QC Administrative Data - Private schools",14.6761018,121.0682999,,,,,,,Administrative data
LIFEMAP PSYCHOLOGICAL CONSULTANCY INC.,"UNIT 2332, WINLAND TOWER 45 , TOMAS MORATO , KRISTONG HARI, QUEZON CITY, NCR, 1124",Kristong Hari,4.0,Long-term care and rehabilitation services,,Psychological clinic,BLPD,14.6253951749306,121.033062481914,8:00AM,5:00PM,,,,,Administrative data
Links Learning Center Corp,"#24 Scout Limbaga Street, Brgy. Laging Handa, QC",Laging Handa,4.0,Schools,Private,Preschool,"Data_QC Caring Cities Tracker, QC Administrative Data - Private schools",14.6344385,121.0293063,,,,,,,Administrative data
Links Learning Center Corp,"#24 Scout Limbaga Street, Brgy. Laging Handa, QC",Laging Handa,4.0,Schools,Private,Elementary school,"Data_QC Caring Cities Tracker, QC Administrative Data - Private schools",14.6344385,121.0293063,,,,,,,Administrative data
Litex,"Payatas Road corner Bayanihan St., Brgy. Commonwealth",Commonwealth,2.0,Childcare,Public,Child development center and supervised neighborhood play,"Data_QC Caring Cities Tracker, QC Administrative Data - Child",14.7020442,121.0895913,,,,,,,Administrative data
LITTLE ADVENTURERS MULTI-SPECIALTY CLINIC,"50, HOLY SPIRIT DRIVE, DON ANTONIO HEIGHTS 2, HOLY SPIRIT, QUEZON CITY, NCR, 1127",Holy Spirit,2.0,Long-term care and rehabilitation services,,Physical/occupational therapy school,BLPD,14.6816372502478,121.079947865483,8:00AM,5:00PM,,,,,Administrative data
"Little Anak Learning School, Inc","No.9 Silver St., Rockville Subd., Brgy. San Bartolome, Nova. QC",San Bartolome,5.0,Schools,Private,Elementary school,"Data_QC Caring Cities Tracker, QC Administrative Data - Private schools",14.7000893,121.0366826,,,,,,,Administrative data
"Little Anak Learning School, Inc","No.9 Silver St., Rockville Subd., Brgy. San Bartolome, Nova. QC",San Bartolome,5.0,Schools,Private,Preschool,"Data_QC Caring Cities Tracker, QC Administrative Data - Private schools",14.7000893,121.0366826,,,,,,,Administrative data
LITTLE CIRCLES INTEGRATED PEDIATRIC CENTER INC.,"UNIT 101, ALPA COMMERCIAL BUILDING , LOT1 , BLK32, MALAMIG STREET CORNER MALUMANAY STREET, TEACHERS VILLAGE WEST, QUEZON CITY, NCR, 1101",Teachers Village West,4.0,Long-term care and rehabilitation services,,Physical therapy clinic,BLPD,14.645920320353,121.054663651394,8:00AM,5:00PM,,,,,Administrative data
LITTLE FAVORED LEARNING CENTER,"BLOCK 51, LOT 22 B, BRISTOL ST, NORTH FAIRVIEW, QUEZON CITY, NCR, 1121",North Fairview,5.0,Childcare,Public,Child learning center,BLPD,14.7200215,121.0642308,8:30AM,5:00PM,,,,,Administrative data
"Little King of Kings Learning Center of Novaliches, Inc.","#11 Magsaysay Ave., Doña Faustina Subd., San Bartolome, Nova., QC",San Bartolome,5.0,Schools,Private,Preschool,"Data_QC Caring Cities Tracker, QC Administrative Data - Private schools",14.7104667,121.0281606,,,,,,,Administrative data
"Little King of Kings Learning Center of Novaliches, Inc.","#11 Magsaysay Ave., Doña Faustina Subd., San Bartolome, Nova., QC",San Bartolome,5.0,Schools,Private,Elementary school,"Data_QC Caring Cities Tracker, QC Administrative Data - Private schools",14.7104667,121.0281606,,,,,,,Administrative data
LITTLE LANE THERAPY CORP.,"134, KATIPUNAN AVE., ST. IGNATIUS, QUEZON CITY, NCR, 1110",St. Ignatius,3.0,Long-term care and rehabilitation services,,Physical/occupational therapy school,BLPD,14.6117327131647,121.07099747714,9:00AM,5:00PM,,,,,Administrative data
LITTLE MAKERS PLAYROOF LEARNING CENTER,"2, ROMULO ST, NORTH SUSANA EXEC. VILLAGE, MATANDANG BALARA, QUEZON CITY, NCR, 1119",Matandang Balara,3.0,Childcare,Public,Child learning center,BLPD,14.6747949,121.0716414,8:00AM,6:00PM,,,,,Administrative data
Little Shepherd Child. Dev. Ctr.,"B6 L30-31, San Pedro 7, San Bartolome, Nova., QC",San Bartolome,5.0,Schools,Private,Preschool,"Data_QC Caring Cities Tracker, QC Administrative Data - Private schools",14.7011018,121.0451926,,,,,,,Administrative data
Little Shepherd Child. Dev. Ctr.,"B6 L30-31, San Pedro 7, San Bartolome, Nova., QC",San Bartolome,5.0,Schools,Private,Elementary school,"Data_QC Caring Cities Tracker, QC Administrative Data - Private schools",14.7011018,121.0451926,,,,,,,Administrative data
LITTLE STARS THERAPY CENTER,"COMMERCIAL UNIT 1 AND 2, FUTURE POINT PLAZA , PANAY AVE, SOUTH TRIANGLE, QUEZON CITY, NCR, 1103",South Triangle,4.0,Long-term care and rehabilitation services,,Physical/occupational therapy school,BLPD,14.6391664238298,121.03206951852,9:00AM,5:00PM,,,,,Administrative data
LITTLE WONDERS PLAYDATES AND LEARNING CENTER,"UNIT 3D BEAL SQUARE # 27, VISAYAS AVENUE CORNER CONGRESSIONAL AVENUE, PASONG TAMO, QUEZON CITY, NCR, 1107",Pasong Tamo,6.0,Childcare,Public,Child learning center,BLPD,14.6712623908455,121.043581525407,7:00AM,10:00PM,,,,,Administrative data
LOGM INC.,"UNIT B AND C GROUND FLOOR, ONE SUSANO PRIME, 188, SUSANO ROAD, SAN AGUSTIN, QUEZON CITY, NCR, 1117",San Agustin,5.0,Long-term care and rehabilitation services,,Physical therapy clinic,BLPD,14.7346270536054,121.034165591779,10:00AM,7:00PM,,,,,Administrative data
"Lois Charity Lrng. Ctr., Inc.","47 Presidential, Batasan Hills, QC",Batasan Hills,2.0,Schools,Private,Elementary school,"Data_QC Caring Cities Tracker, QC Administrative Data - Private schools",14.6871518,121.0977053,,,,,,,Administrative data
"Lois Charity Lrng. Ctr., Inc.","47 Presidential, Batasan Hills, QC",Batasan Hills,2.0,Schools,Private,Preschool,"Data_QC Caring Cities Tracker, QC Administrative Data - Private schools",14.6871518,121.0977053,,,,,,,Administrative data
Lord's Grace Learning Center Inc.,"#1 Rose St.,, Area 8, Brgy. Pasong Tamo, QC",Pasong Tamo,6.0,Schools,Private,Preschool,"Data_QC Caring Cities Tracker, QC Administrative Data - Private schools",14.6760586,121.0654194,,,,,,,Administrative data
Lord's Grace Learning Center Inc.,"#1 Rose St.,, Area 8, Brgy. Pasong Tamo, QC",Pasong Tamo,6.0,Schools,Private,Elementary school,"Data_QC Caring Cities Tracker, QC Administrative Data - Private schools",14.6760586,121.0654194,,,,,,,Administrative data
"Lord Jesus Lrng Inst., Inc.(Frmrly Child Jesus Acad.)","#17 Bignay St., Quirino II-A, Proj. 2, QC",Quirino 2-A,3.0,Schools,Private,Preschool,"Data_QC Caring Cities Tracker, QC Administrative Data - Private schools",14.6302569,121.0568862,,,,,,,Administrative data
"Lord Jesus Lrng Inst., Inc.(Frmrly Child Jesus Acad.)","#17 Bignay St., Quirino II-A, Proj. 2, QC",Quirino 2-A,3.0,Schools,Private,Elementary school,"Data_QC Caring Cities Tracker, QC Administrative Data - Private schools",14.6302569,121.0568862,,,,,,,Administrative data
"Lord Jesus Lrng Inst., Inc.(Frmrly Child Jesus Acad.)","#17 Bignay St., Quirino II-A, Proj. 2, QC",Quirino 2-A,3.0,Schools,Private,Junior high school,"Data_QC Caring Cities Tracker, QC Administrative Data - Private schools",14.6302569,121.0568862,,,,,,,Administrative data
"Lord Jesus Our Redeemer Christian Academy, Inc.","#380 Quirino Hi-way, Brgy Talipapa, Sangandaan, Nova., QC",Talipapa,6.0,Schools,Private,Preschool,"Data_QC Caring Cities Tracker, QC Administrative Data - Private schools",14.680324,121.0193302,,,,,,,Administrative data
"Lord Jesus Our Redeemer Christian Academy, Inc.","#380 Quirino Hi-way, Brgy Talipapa, Sangandaan, Nova., QC",Talipapa,6.0,Schools,Private,Elementary school,"Data_QC Caring Cities Tracker, QC Administrative Data - Private schools",14.680324,121.0193302,,,,,,,Administrative data
"Lord Jesus Our Redeemer Christian Academy, Inc.","#380 Quirino Hi-way, Brgy Talipapa, Sangandaan, Nova., QC",Talipapa,6.0,Schools,Private,Senior high school,"Data_QC Caring Cities Tracker, QC Administrative Data - Private schools",14.680324,121.0193302,,,,,,,Administrative data
"Lord Jesus Our Redeemer Christian Academy, Inc.","#380 Quirino Hi-way, Brgy Talipapa, Sangandaan, Nova., QC",Talipapa,6.0,Schools,Private,Junior high school,"Data_QC Caring Cities Tracker, QC Administrative Data - Private schools",14.680324,121.0193302,,,,,,,Administrative data
Lourdes School of Q.C.,"Kanlaon Cor. Retiro St., Brgy. Maharlika, Q.C.",Maharlika,1.0,Schools,Private,Preschool,"Data_QC Caring Cities Tracker, QC Administrative Data - Private schools",14.6303181,120.9964589,,,,,,,Administrative data
Lourdes School of Q.C.,"Kanlaon Cor. Retiro St., Brgy. Maharlika, Q.C.",Maharlika,1.0,Schools,Private,Elementary school,"Data_QC Caring Cities Tracker, QC Administrative Data - Private schools",14.6303181,120.9964589,,,,,,,Administrative data
Lourdes School of Q.C.,"Kanlaon Cor. Retiro St., Brgy. Maharlika, Q.C.",Maharlika,1.0,Schools,Private,Junior high school,"Data_QC Caring Cities Tracker, QC Administrative Data - Private schools",14.6303181,120.9964589,,,,,,,Administrative data
Lourdes School of Q.C.,"Kanlaon Cor. Retiro St., Brgy. Maharlika, Q.C.",Maharlika,1.0,Schools,Private,Senior high school,"Data_QC Caring Cities Tracker, QC Administrative Data - Private schools",14.6303181,120.9964589,,,,,,,Administrative data
Lower Gulod,"135 Lower Gulod, Brgy. Sauyo",Sauyo,6.0,Childcare,Public,Child development center and supervised neighborhood play,"Data_QC Caring Cities Tracker, QC Administrative Data - Child",14.6892772,121.0410722,,,,,,,Administrative data
Loyola Heights,"Loyola Heights Brgy. Hall Compound, E. Abada St., Katipunan, Brgy. Loyola Heights",Loyola Heights,3.0,Childcare,Public,Child development center and supervised neighborhood play,"Data_QC Caring Cities Tracker, QC Administrative Data - Child",14.6411517,121.0736993,,,,,,,Administrative data
LS AGILE PT SERVICES OPC,"UNIT 3C, ST. MARTIN BUILDING, 17 WEST POINT STREET, E. RODRIGUEZ, QUEZON CITY, NCR, 1102",E. Rodriguez,3.0,Long-term care and rehabilitation services,,Physical therapy clinic,BLPD,14.623673140995,121.052121798906,9:00AM,6:00PM,,,,,Administrative data
Lucas R. Pascual Memorial Elementary School,,Baesa,6.0,Schools,Public,Elementary school,"Data_QC Caring Cities Tracker, QC Administrative Data - Public schools",14.6705804,121.009408,,,,,,,Administrative data
Lucrecia R. Kasilag Senior High School,,Veterans Village,1.0,Schools,Public,Senior high school,"Data_QC Caring Cities Tracker, QC Administrative Data - Public schools",14.6541832,121.0238584,,,,,,,Administrative data
Lupang Pangako,"Phase 2, Park 13, Lupang Pangako, Brgy. Payatas",Payatas,2.0,Childcare,Public,Child development center and supervised neighborhood play,"Data_QC Caring Cities Tracker, QC Administrative Data - Child",14.7186598,121.1068119,,,,,,,Administrative data
Lupang Pangako Elementary School,,Payatas,2.0,Schools,Public,Elementary school,"Data_QC Caring Cities Tracker, QC Administrative Data - Public schools",14.719151,121.107058,,,,,,,Administrative data
Luzviminda,"Luzviminda Subd., Brgy. Batasan Hills",Batasan Hills,2.0,Childcare,Public,Child development center and supervised neighborhood play,"Data_QC Caring Cities Tracker, QC Administrative Data - Child",14.6855617,121.0948136,,,,,,,Administrative data
Macquarie Preparatory School Inc.,"44 Scout Gandia Street, Laging Handa, QC.",Laging Handa,4.0,Schools,Private,Junior high school,"Data_QC Caring Cities Tracker, QC Administrative Data - Private schools",14.6327265,121.0295664,,,,,,,Administrative data
Macquarie Preparatory School Inc.,"44 Scout Gandia Street, Laging Handa, QC.",Laging Handa,4.0,Schools,Private,Preschool,"Data_QC Caring Cities Tracker, QC Administrative Data - Private schools",14.6327265,121.0295664,,,,,,,Administrative data
Macquarie Preparatory School Inc.,"44 Scout Gandia Street, Laging Handa, QC.",Laging Handa,4.0,Schools,Private,Elementary school,"Data_QC Caring Cities Tracker, QC Administrative Data - Private schools",14.6327265,121.0295664,,,,,,,Administrative data
MALAY COUNSELING AND PSYCHOSOCIAL SERVICE,"18-D, 6TH CAMARILLA STREET, SAN ROQUE, QUEZON CITY, NCR, 1109",San Roque,3.0,Long-term care and rehabilitation services,,Psychological clinic,BLPD,14.6142790825687,121.063625018456,10:00AM,5:00PM,,,,,Administrative data
Malaya,"Brgy. Malaya Brgy. Hall, Matahimik St.",Malaya,4.0,Childcare,Public,Child development center and supervised neighborhood play,"Data_QC Caring Cities Tracker, QC Administrative Data - Child",14.634249,121.0551661,,,,,,,Administrative data
Malaya ES,,Malaya,4.0,Schools,Public,Elementary school,"Data_QC Caring Cities Tracker, QC Administrative Data - Public schools",14.634784,121.0549645,,,,,,,Administrative data
Maligaya,"Mark St. cor. Ruth St., Goodwill Homes 2 Subd., Brgy. Bagbag",Bagbag,5.0,Childcare,Public,Child development center and supervised neighborhood play,"Data_QC Caring Cities Tracker, QC Administrative Data - Child",14.6965708,121.0302064,,,,,,,Administrative data
Maligaya ES,,Pasong Putik Proper,5.0,Schools,Public,Elementary school,"Data_QC Caring Cities Tracker, QC Administrative Data - Public schools",14.7419296,121.0651169,,,,,,,Administrative data
Maligaya HS,,Pasong Putik Proper,5.0,Schools,Public,High school,"Data_QC Caring Cities Tracker, QC Administrative Data - Public schools",14.7411572,121.0654888,,,,,,,Administrative data
Mangga,"950 Int. Aurora Blvd., Cubao, Brgy. Mangga",Mangga,3.0,Childcare,Public,Child development center and supervised neighborhood play,"Data_QC Caring Cities Tracker, QC Administrative Data - Child",14.6270412,121.0626333,,,,,,,Administrative data
Manresa,Biak na Bato cor. Makaturing,Manresa,1.0,Childcare,Public,Child development center and supervised neighborhood play,"Data_QC Caring Cities Tracker, QC Administrative Data - Child",14.6412921,121.0030577,,,,,,,Administrative data
Manuel A. Roxas HS,,Paligsahan,4.0,Schools,Public,High school,"Data_QC Caring Cities Tracker, QC Administrative Data - Public schools",14.628899,121.0247525,,,,,,,Administrative data
Manuel L. Quezon ES,,Commonwealth,2.0,Schools,Public,Elementary school,"Data_QC Caring Cities Tracker, QC Administrative Data - Public schools",14.6956723,121.0792574,,,,,,,Administrative data
Manuel L. Quezon University,"790 EDSA, Diliman, brgy Pinyahan, QC",Pinyahan,4.0,Schools,Private,Senior high school,"Data_QC Caring Cities Tracker, QC Administrative Data - Private schools",14.6366192,121.0434678,,,,,,,Administrative data
Manunggal II,"#15 Senior Citizen Bldg., Manunggal St. Brgy. Tatalon",Tatalon,4.0,Childcare,Public,Child development center and supervised neighborhood play,"Data_QC Caring Cities Tracker, QC Administrative Data - Child",14.6218343,121.0141005,,,,,,,Administrative data
Mapayapa,"Area 7 Nawasa Line, Brgy. Holy Spirit",Holy Spirit,2.0,Childcare,Public,Child development center and supervised neighborhood play,"Data_QC Caring Cities Tracker, QC Administrative Data - Child",14.690135,121.0702797,,,,,,,Administrative data
"Maranatha Chistian Aca., of Nova.","316 Geronimo St., Brgy., Santa Monica, Nova., QC",Sta. Monica,5.0,Schools,Private,Preschool,"Data_QC Caring Cities Tracker, QC Administrative Data - Private schools",14.7209771,121.0425556,,,,,,,Administrative data
"Maranatha Chistian Aca., of Nova.","316 Geronimo St., Brgy., Santa Monica, Nova., QC",Sta. Monica,5.0,Schools,Private,Elementary school,"Data_QC Caring Cities Tracker, QC Administrative Data - Private schools",14.7209771,121.0425556,,,,,,,Administrative data
"Maranatha Chistian Aca., of Nova.","316 Geronimo St., Brgy., Santa Monica, Nova., QC",Sta. Monica,5.0,Schools,Private,Senior high school,"Data_QC Caring Cities Tracker, QC Administrative Data - Private schools",14.7209771,121.0425556,,,,,,,Administrative data
"Maranatha Chistian Aca., of Nova.","316 Geronimo St., Brgy., Santa Monica, Nova., QC",Sta. Monica,5.0,Schools,Private,Junior high school,"Data_QC Caring Cities Tracker, QC Administrative Data - Private schools",14.7209771,121.0425556,,,,,,,Administrative data
MARCELO H. DEL PILAR ELEMENTARY SCHOOL,,Kamuning,4.0,Schools,Public,Elementary school,"Data_QC Caring Cities Tracker, QC Administrative Data - Public schools",14.6288468,121.0445443,,,,,,,Administrative data
"Maria Lena Buhay Memorial Foundation, Inc.","25 Starline Road, Blue Ridge B, Quezon City",Blue Ridge B,3.0,Schools,Private,Special Education Program,"Data_QC Caring Cities Tracker, QC Administrative Data - Private schools",14.6188299,121.0765601,,,,,,,Administrative data
Maria Mont. Sch. Of Quezon City,"116 Visayas Ave., Brgy. Culiat, Quezon City",Culiat,6.0,Schools,Private,Preschool,"Data_QC Caring Cities Tracker, QC Administrative Data - Private schools",14.6663559,121.0434871,,,,,,,Administrative data
Maria Mont. Sch. Of Quezon City,"116 Visayas Ave., Brgy. Culiat, Quezon City",Culiat,6.0,Schools,Private,Junior high school,"Data_QC Caring Cities Tracker, QC Administrative Data - Private schools",14.6663559,121.0434871,,,,,,,Administrative data
Maria Mont. Sch. Of Quezon City,"116 Visayas Ave., Brgy. Culiat, Quezon City",Culiat,6.0,Schools,Private,Elementary school,"Data_QC Caring Cities Tracker, QC Administrative Data - Private schools",14.6663559,121.0434871,,,,,,,Administrative data
"Maria Montessori School of Mount Carmel , Inc.","47 Morning Star Drive,Sanville Subd., Culiat Quezon City",Culiat,6.0,Schools,Private,Junior high school,"Data_QC Caring Cities Tracker, QC Administrative Data - Private schools",14.664242,121.0488468,,,,,,,Administrative data
"Maria Montessori School of Mount Carmel , Inc.","47 Morning Star Drive,Sanville Subd., Culiat Quezon City",Culiat,6.0,Schools,Private,Preschool,"Data_QC Caring Cities Tracker, QC Administrative Data - Private schools",14.664242,121.0488468,,,,,,,Administrative data
"Maria Montessori School of Mount Carmel , Inc.","47 Morning Star Drive,Sanville Subd., Culiat Quezon City",Culiat,6.0,Schools,Private,Elementary school,"Data_QC Caring Cities Tracker, QC Administrative Data - Private schools",14.664242,121.0488468,,,,,,,Administrative data
Marian School of Q.C.,"199 Sauyo Rd., Sauyo, Novaliches, Quezon City",Sauyo,6.0,Schools,Private,Junior high school,"Data_QC Caring Cities Tracker, QC Administrative Data - Private schools",14.6942602,121.0433897,,,,,,,Administrative data
Marian School of Q.C.,"199 Sauyo Rd., Sauyo, Novaliches, Quezon City",Sauyo,6.0,Schools,Private,Senior high school,"Data_QC Caring Cities Tracker, QC Administrative Data - Private schools",14.6942602,121.0433897,,,,,,,Administrative data
Marian School of Q.C.,"199 Sauyo Rd., Sauyo, Novaliches, Quezon City",Sauyo,6.0,Schools,Private,Elementary school,"Data_QC Caring Cities Tracker, QC Administrative Data - Private schools",14.6942602,121.0433897,,,,,,,Administrative data
Marian School of Q.C.,"199 Sauyo Rd., Sauyo, Novaliches, Quezon City",Sauyo,6.0,Schools,Private,Preschool,"Data_QC Caring Cities Tracker, QC Administrative Data - Private schools",14.6942602,121.0433897,,,,,,,Administrative data
Mariblo,#1 Bernardo St. cor. San Pedro Bautista,Mariblo,1.0,Childcare,Public,Child development center and supervised neighborhood play,"Data_QC Caring Cities Tracker, QC Administrative Data - Child",14.6333093,121.0140603,,,,,,,Administrative data
Marilag I,"Plaza Camerino, Camerino St., Brgy. Marilag",Marilag,3.0,Childcare,Public,Child development center and supervised neighborhood play,"Data_QC Caring Cities Tracker, QC Administrative Data - Child",14.6250779,121.0680492,,,,,,,Administrative data
Marilag II,"Plaza Camerino, Camerino St., Brgy. Marilag",Marilag,3.0,Childcare,Public,Child development center and supervised neighborhood play,"Data_QC Caring Cities Tracker, QC Administrative Data - Child",14.6250779,121.0680492,,,,,,,Administrative data
"Marist School of Quezon City, Inc.","#21 BMA St., Brgy. Tatalon, QC",Tatalon,4.0,Schools,Private,Preschool,"Data_QC Caring Cities Tracker, QC Administrative Data - Private schools",14.6210117,121.011417,,,,,,,Administrative data
"Marist School of Quezon City, Inc.","#21 BMA St., Brgy. Tatalon, QC",Tatalon,4.0,Schools,Private,Elementary school,"Data_QC Caring Cities Tracker, QC Administrative Data - Private schools",14.6210117,121.011417,,,,,,,Administrative data
"Marist School of Quezon City, Inc.","#21 BMA St., Brgy. Tatalon, QC",Tatalon,4.0,Schools,Private,Senior high school,"Data_QC Caring Cities Tracker, QC Administrative Data - Private schools",14.6210117,121.011417,,,,,,,Administrative data
"Marist School of Quezon City, Inc.","#21 BMA St., Brgy. Tatalon, QC",Tatalon,4.0,Schools,Private,Junior high school,"Data_QC Caring Cities Tracker, QC Administrative Data - Private schools",14.6210117,121.011417,,,,,,,Administrative data
MARPE MEDICAL REHAB CENTER INC.,"RM 801 8TH FLOOR, MALAKAS SUITES, 88 MALAKAS ST. DILIMAN, PINYAHAN, QUEZON CITY, NCR, 1100",Pinyahan,4.0,Long-term care and rehabilitation services,,Rehabilitation clinic,BLPD,14.639242340208,121.048724793456,8:00AM,6:00PM,,,,,Administrative data
Marriott School,"49 Santiago St., SFDM, QC",San Antonio,1.0,Schools,Private,Preschool,"Data_QC Caring Cities Tracker, QC Administrative Data - Private schools",14.6478356,121.0152692,,,,,,,Administrative data
Marriott School,"49 Santiago St., SFDM, QC",San Antonio,1.0,Schools,Private,Elementary school,"Data_QC Caring Cities Tracker, QC Administrative Data - Private schools",14.6478356,121.0152692,,,,,,,Administrative data
Marriott School,"49 Santiago St., SFDM, QC",San Antonio,1.0,Schools,Private,Junior high school,"Data_QC Caring Cities Tracker, QC Administrative Data - Private schools",14.6478356,121.0152692,,,,,,,Administrative data
Mary Liane's School For Basic Education Inc.,"#11 CDC Cor. Iriga, Paang Bundok, QC",Paang Bundok,1.0,Schools,Private,Preschool,"Data_QC Caring Cities Tracker, QC Administrative Data - Private schools",14.6279344,120.9926585,,,,,,,Administrative data
Mary Liane's School For Basic Education Inc.,"#11 CDC Cor. Iriga, Paang Bundok, QC",Paang Bundok,1.0,Schools,Private,Elementary school,"Data_QC Caring Cities Tracker, QC Administrative Data - Private schools",14.6279344,120.9926585,,,,,,,Administrative data
Mary The Queen College of Quezon City Inc. (Frmrly Mary the Queen College of Scie. Tech.),"Commonwealth Ave. Cor. Road 44, Brgy. Old Balara, Quezon City",Matandang Balara,3.0,Schools,Private,Senior high school,"Data_QC Caring Cities Tracker, QC Administrative Data - Private schools",14.6757722,121.0825273,,,,,,,Administrative data
"Marymount School of Quezon City, Inc.","9 Gen. Hizon St., Banlat, Brgy. T-sora, QC",Tandang Sora,6.0,Schools,Private,Elementary school,"Data_QC Caring Cities Tracker, QC Administrative Data - Private schools",14.6784537,121.035634,,,,,,,Administrative data
"Marymount School of Quezon City, Inc.","9 Gen. Hizon St., Banlat, Brgy. T-sora, QC",Tandang Sora,6.0,Schools,Private,Junior high school,"Data_QC Caring Cities Tracker, QC Administrative Data - Private schools",14.6784537,121.035634,,,,,,,Administrative data
"Marymount School of Quezon City, Inc.","9 Gen. Hizon St., Banlat, Brgy. T-sora, QC",Tandang Sora,6.0,Schools,Private,Preschool,"Data_QC Caring Cities Tracker, QC Administrative Data - Private schools",14.6784537,121.035634,,,,,,,Administrative data
"Marymount School of Quezon City, Inc.","9 Gen. Hizon St., Banlat, Brgy. T-sora, QC",Tandang Sora,6.0,Schools,Private,Senior high school,"Data_QC Caring Cities Tracker, QC Administrative Data - Private schools",14.6784537,121.035634,,,,,,,Administrative data
Masagana,"7 Conchu St., Project 4, Brgy. Masagana",Masagana,3.0,Childcare,Public,Child development center and supervised neighborhood play,"Data_QC Caring Cities Tracker, QC Administrative Data - Child",14.6177431,121.0659465,,,,,,,Administrative data
Masambong Elementary School,,Masambong,1.0,Schools,Public,Elementary school,"Data_QC Caring Cities Tracker, QC Administrative Data - Public schools",14.6397128,121.007437,,,,,,,Administrative data
Masambong HS,,Masambong,1.0,Schools,Public,High school,"Data_QC Caring Cities Tracker, QC Administrative Data - Public schools",14.6426684,121.0107652,,,,,,,Administrative data
MASARNA,"201 Mabuhay Compd., Sauyo Rd.",Sauyo,6.0,Childcare,Public,Child development center and supervised neighborhood play,"Data_QC Caring Cities Tracker, QC Administrative Data - Child",14.6937297,121.0450331,,,,,,,Administrative data
Mater Carmeli School - D. Tuazon,"290 D. Tuazon St., Brgy. Manresa, Q.C.",Manresa,1.0,Schools,Private,Preschool,"Data_QC Caring Cities Tracker, QC Administrative Data - Private schools",14.6399726,120.9958181,,,,,,,Administrative data
Mater Carmeli School - D. Tuazon,"290 D. Tuazon St., Brgy. Manresa, Q.C.",Manresa,1.0,Schools,Private,Elementary school,"Data_QC Caring Cities Tracker, QC Administrative Data - Private schools",14.6399726,120.9958181,,,,,,,Administrative data
"Mater Carmeli School of Novaliches, Quezon City, Inc.","Fr. Francisco Palau St., Sacred Heart Vill., Brgy. Pasong Putik, Nova.",Pasong Putik Proper,5.0,Schools,Private,Junior high school,"Data_QC Caring Cities Tracker, QC Administrative Data - Private schools",14.7396693,121.0727168,,,,,,,Administrative data
"Mater Carmeli School of Novaliches, Quezon City, Inc.","Fr. Francisco Palau St., Sacred Heart Vill., Brgy. Pasong Putik, Nova.",Pasong Putik Proper,5.0,Schools,Private,Preschool,"Data_QC Caring Cities Tracker, QC Administrative Data - Private schools",14.7396693,121.0727168,,,,,,,Administrative data
"Mater Carmeli School of Novaliches, Quezon City, Inc.","Fr. Francisco Palau St., Sacred Heart Vill., Brgy. Pasong Putik, Nova.",Pasong Putik Proper,5.0,Schools,Private,Elementary school,"Data_QC Caring Cities Tracker, QC Administrative Data - Private schools",14.7396693,121.0727168,,,,,,,Administrative data
"Mater Carmeli School of Novaliches, Quezon City, Inc.","Fr. Francisco Palau St., Sacred Heart Vill., Brgy. Pasong Putik, Nova.",Pasong Putik Proper,5.0,Schools,Private,Senior high school,"Data_QC Caring Cities Tracker, QC Administrative Data - Private schools",14.7396693,121.0727168,,,,,,,Administrative data
Matutum,Multi-Purpose Hall,Manresa,1.0,Childcare,Public,Child development center and supervised neighborhood play,"Data_QC Caring Cities Tracker, QC Administrative Data - Child",14.6420997,120.9977286,,,,,,,Administrative data
Mayfield Mont. Acad.,"26 Malingap St., Teachers Cill., QC",Teachers Village West,4.0,Schools,Private,Junior high school,"Data_QC Caring Cities Tracker, QC Administrative Data - Private schools",14.6425081,121.0577088,,,,,,,Administrative data
Mayfield Mont. Acad.,"26 Malingap St., Teachers Cill., QC",Teachers Village West,4.0,Schools,Private,Preschool,"Data_QC Caring Cities Tracker, QC Administrative Data - Private schools",14.6425081,121.0577088,,,,,,,Administrative data
Mayfield Mont. Acad.,"26 Malingap St., Teachers Cill., QC",Teachers Village West,4.0,Schools,Private,Elementary school,"Data_QC Caring Cities Tracker, QC Administrative Data - Private schools",14.6425081,121.0577088,,,,,,,Administrative data
MEDICAL DIRECT MEDICAL CLINIC,"UNIT 5  , INDG BLDG. , 77 NICANOR ROXAS ST, STO. DOMINGO, QUEZON CITY, NCR, 1113",Sto. Domingo,1.0,Long-term care and rehabilitation services,,Physical therapy clinic,BLPD,14.627545056727,121.00523093579,8:00AM,5:00PM,,,,,Administrative data
Melchora Aquino High School,,Tandang Sora,6.0,Schools,Public,High school,"Data_QC Caring Cities Tracker, QC Administrative Data - Public schools",14.6866822,121.0454545,,,,,,,Administrative data
Melencio M. Castelo ES,,Payatas,2.0,Schools,Public,Elementary school,"Data_QC Caring Cities Tracker, QC Administrative Data - Public schools",14.6988793,121.0950863,,,,,,,Administrative data
Mendez,Mendez Road,Baesa,6.0,Childcare,Public,Child development center and supervised neighborhood play,"Data_QC Caring Cities Tracker, QC Administrative Data - Child",14.6687855,121.0129543,,,,,,,Administrative data
Mercedarian School (Frmrly Our Lady of Mercy Kindr. Sch.),"B-89 L29 &30, Domingo de Ramos St., Brgy Greater Lagro, QC",Greater Lagro,5.0,Schools,Private,Preschool,"Data_QC Caring Cities Tracker, QC Administrative Data - Private schools",14.7321285,121.0653946,,,,,,,Administrative data
Mercedarian School (Frmrly Our Lady of Mercy Kindr. Sch.),"B-89 L29 &30, Domingo de Ramos St., Brgy Greater Lagro, QC",Greater Lagro,5.0,Schools,Private,Elementary school,"Data_QC Caring Cities Tracker, QC Administrative Data - Private schools",14.7321285,121.0653946,,,,,,,Administrative data
Mercedarian School (Frmrly Our Lady of Mercy Kindr. Sch.),"B-89 L29 &30, Domingo de Ramos St., Brgy Greater Lagro, QC",Greater Lagro,5.0,Schools,Private,Junior high school,"Data_QC Caring Cities Tracker, QC Administrative Data - Private schools",14.7321285,121.0653946,,,,,,,Administrative data
Merry Mount Prep. School of Q.C.,"96 Ilang-ilang Int., Payatas A, QC",Payatas,2.0,Schools,Private,Preschool,"Data_QC Caring Cities Tracker, QC Administrative Data - Private schools",14.6984689,121.0952005,,,,,,,Administrative data
Merry Mount Prep. School of Q.C.,"96 Ilang-ilang Int., Payatas A, QC",Payatas,2.0,Schools,Private,Elementary school,"Data_QC Caring Cities Tracker, QC Administrative Data - Private schools",14.6984689,121.0952005,,,,,,,Administrative data
Metro Heights,"Adelfa Metro Heights, Visayas Ave.",Culiat,6.0,Childcare,Public,Child development center and supervised neighborhood play,"Data_QC Caring Cities Tracker, QC Administrative Data - Child",14.6651425,121.0464845,,,,,,,Administrative data
"Metro Manila College, Inc.","U Site, Brgy. Kaligayahan, Novaliches, Quezon City",Novaliches Proper,5.0,Schools,Private,Senior high school,"Data_QC Caring Cities Tracker, QC Administrative Data - Private schools",14.720093,121.0378102,,,,,,,Administrative data
Mia Angela Montessori,"#52 Shorthorn, Rd.25, Brgy Bahay Toro, Proj. 8, QC",Bahay Toro,1.0,Schools,Private,Preschool,"Data_QC Caring Cities Tracker, QC Administrative Data - Private schools",14.6677749,121.021039,,,,,,,Administrative data
"Mighty Eagles Preparatory School, Inc.","177 St. Peter Street, Brgy. Holy Spirit Quezon City",Holy Spirit,2.0,Schools,Private,Preschool,"Data_QC Caring Cities Tracker, QC Administrative Data - Private schools",14.6887999,121.0834434,,,,,,,Administrative data
"Mighty Eagles Preparatory School, Inc.","177 St. Peter Street, Brgy. Holy Spirit Quezon City",Holy Spirit,2.0,Schools,Private,Elementary school,"Data_QC Caring Cities Tracker, QC Administrative Data - Private schools",14.6887999,121.0834434,,,,,,,Administrative data
MIGHTYLITTLEONES THERAPY CENTER INC.,"UNIT 204, ELEMENTS BUILDING, 560 QUEZON AVENUE, TATALON, QUEZON CITY, NCR, 1113",Tatalon,4.0,Long-term care and rehabilitation services,,Physical/occupational therapy school,BLPD,14.625351,121.010427,9:00AM,5:00PM,,,,,Administrative data
Milagrosa,"5K Oval Belarmino St., Brgy. Milagrosa",Milagrosa,3.0,Childcare,Public,Child development center and supervised neighborhood play,"Data_QC Caring Cities Tracker, QC Administrative Data - Child",14.6199167,121.0686657,,,,,,,Administrative data
Milenyo,"Milenyo Daycare Center Building, Milenyo St. Phase 8-I, Brgy. North Fairview",North Fairview,5.0,Childcare,Public,Child development center and supervised neighborhood play,"Data_QC Caring Cities Tracker, QC Administrative Data - Child",14.7058955,121.0575168,,,,,,,Administrative data
"Milestone Innovative Academy, Inc.","B12L9, Niel Property Subd., Banlat, T-Sora, QC",Tandang Sora,6.0,Schools,Private,Elementary school,"Data_QC Caring Cities Tracker, QC Administrative Data - Private schools",14.6869924,121.0448907,,,,,,,Administrative data
"Milestone Innovative Academy, Inc.","B12L9, Niel Property Subd., Banlat, T-Sora, QC",Tandang Sora,6.0,Schools,Private,Junior high school,"Data_QC Caring Cities Tracker, QC Administrative Data - Private schools",14.6869924,121.0448907,,,,,,,Administrative data
"Milestone Innovative Academy, Inc.","B12L9, Niel Property Subd., Banlat, T-Sora, QC",Tandang Sora,6.0,Schools,Private,Preschool,"Data_QC Caring Cities Tracker, QC Administrative Data - Private schools",14.6869924,121.0448907,,,,,,,Administrative data
"Milestone Innovative Academy, Inc.","B12L9, Niel Property Subd., Banlat, T-Sora, QC",Tandang Sora,6.0,Schools,Private,Senior high school,"Data_QC Caring Cities Tracker, QC Administrative Data - Private schools",14.6869924,121.0448907,,,,,,,Administrative data
Mind at Work Progressive School Inc.,"#15 Winston Street, East Fairview, QC",Fairview,5.0,Schools,Private,Junior high school,"Data_QC Caring Cities Tracker, QC Administrative Data - Private schools",14.7092281,121.0748874,,,,,,,Administrative data
Mind at Work Progressive School Inc.,"#15 Winston Street, East Fairview, QC",Fairview,5.0,Schools,Private,Elementary school,"Data_QC Caring Cities Tracker, QC Administrative Data - Private schools",14.7092281,121.0748874,,,,,,,Administrative data
Mind at Work Progressive School Inc.,"#15 Winston Street, East Fairview, QC",Fairview,5.0,Schools,Private,Preschool,"Data_QC Caring Cities Tracker, QC Administrative Data - Private schools",14.7092281,121.0748874,,,,,,,Administrative data
Mind at Work Progressive School Inc.,"#15 Winston Street, East Fairview, QC",Fairview,5.0,Schools,Private,Senior high school,"Data_QC Caring Cities Tracker, QC Administrative Data - Private schools",14.7092281,121.0748874,,,,,,,Administrative data
Mind Specialists School Inc.,"152 D. Tuazon St. Sta. Mesa Heights, QC",Lourdes,1.0,Schools,Private,Elementary school,"Data_QC Caring Cities Tracker, QC Administrative Data - Private schools",14.6298412,120.9999448,,,,,,,Administrative data
Mind Specialists School Inc.,"152 D. Tuazon St. Sta. Mesa Heights, QC",Lourdes,1.0,Schools,Private,Preschool,"Data_QC Caring Cities Tracker, QC Administrative Data - Private schools",14.6298412,120.9999448,,,,,,,Administrative data
MIND SPECIALISTS SCHOOL INC.,"152-D, D. TUAZON ST. , DON MANUEL, QUEZON CITY, NCR, 1113",Lourdes,1.0,Childcare,Public,Child learning center,BLPD,14.6298431,120.9997649,6:00AM,7:00PM,,,,,Administrative data
Mines Elementary School,,Vasra,1.0,Schools,Public,Elementary school,"Data_QC Caring Cities Tracker, QC Administrative Data - Public schools",14.6588653,121.0465779,,,,,,,Administrative data
"Miriam College Foundation, Inc.","Katipunan Rd., Brgy. Loyola Hts., Diliman, QC",Loyola Heights,3.0,Schools,Private,Senior high school,"Data_QC Caring Cities Tracker, QC Administrative Data - Private schools",14.6411517,121.0736993,,,,,,,Administrative data
"Miriam College Foundation, Inc.","Katipunan Rd., Brgy. Loyola Hts., Diliman, QC",Loyola Heights,3.0,Schools,Private,Preschool,"Data_QC Caring Cities Tracker, QC Administrative Data - Private schools",14.6411517,121.0736993,,,,,,,Administrative data
"Miriam College Foundation, Inc.","Katipunan Rd., Brgy. Loyola Hts., Diliman, QC",Loyola Heights,3.0,Schools,Private,Elementary school,"Data_QC Caring Cities Tracker, QC Administrative Data - Private schools",14.6411517,121.0736993,,,,,,,Administrative data
"Miriam College Foundation, Inc.","Katipunan Rd., Brgy. Loyola Hts., Diliman, QC",Loyola Heights,3.0,Schools,Private,Junior high school,"Data_QC Caring Cities Tracker, QC Administrative Data - Private schools",14.6411517,121.0736993,,,,,,,Administrative data
MOBILITYPRO PHYSICAL THERAPY CLINIC,"4TH FLOOR RM. 4 AND 5, TOBIT BLDG, ZABARTE ROAD, KALIGAYAHAN, QUEZON CITY, NCR, 1124",Kaligayahan,5.0,Long-term care and rehabilitation services,,Physical therapy clinic,BLPD,14.7416001304551,121.046437043075,9:00AM,6:00PM,,,,,Administrative data
Mockingbird,"Barangay Kaligayahan Hall, Mockingbird St. Zabarte Subd., Brgy. Kaligayahan",Kaligayahan,5.0,Childcare,Public,Child development center and supervised neighborhood play,"Data_QC Caring Cities Tracker, QC Administrative Data - Child",14.738132,121.0508255,,,,,,,Administrative data
Molave,"Molave St., near Tahanan, Brgy. Payatas",Payatas,2.0,Childcare,Public,Child development center and supervised neighborhood play,"Data_QC Caring Cities Tracker, QC Administrative Data - Child",14.712083,121.0964194,,,,,,,Administrative data
Montessori West School,"101 West Ave., Bungad, QC",Bungad,1.0,Schools,Private,Elementary school,"Data_QC Caring Cities Tracker, QC Administrative Data - Private schools",14.6498991,121.0286014,,,,,,,Administrative data
Montessori West School,"101 West Ave., Bungad, QC",Bungad,1.0,Schools,Private,Preschool,"Data_QC Caring Cities Tracker, QC Administrative Data - Private schools",14.6498991,121.0286014,,,,,,,Administrative data
Mother of Perpetual Help School,"Iris St., Brgy. West Fairview, QC",Fairview,5.0,Schools,Private,Preschool,"Data_QC Caring Cities Tracker, QC Administrative Data - Private schools",14.7007819,121.0631937,,,,,,,Administrative data
Mother of Perpetual Help School,"Iris St., Brgy. West Fairview, QC",Fairview,5.0,Schools,Private,Elementary school,"Data_QC Caring Cities Tracker, QC Administrative Data - Private schools",14.7007819,121.0631937,,,,,,,Administrative data
Mother of Perpetual Help School,"Iris St., Brgy. West Fairview, QC",Fairview,5.0,Schools,Private,Junior high school,"Data_QC Caring Cities Tracker, QC Administrative Data - Private schools",14.7007819,121.0631937,,,,,,,Administrative data
Mother of Perpetual Help School,"Iris St., Brgy. West Fairview, QC",Fairview,5.0,Schools,Private,Senior high school,"Data_QC Caring Cities Tracker, QC Administrative Data - Private schools",14.7007819,121.0631937,,,,,,,Administrative data
MOTION-LINE PHYSICAL THERAPY CLINIC,"UNIT 3, 99 SUITE MAGINHAWA BLDG., MAGINHAWA ST., TEACHERS VILLAGE EAST, QUEZON CITY, NCR, 1101",Teachers Village East,4.0,Long-term care and rehabilitation services,,Physical therapy clinic,BLPD,14.6462832041502,121.05980775,9:00AM,9:00PM,,,,,Administrative data
MOVEMENT LAB HEALTH AND WELLNESS CENTER CORPORATION,"2-2D 2ND FLOOR  , TORRE VENEZIA CONDOMINIUM, 170 TIMOG AVENUE COR. SCT SANTIAGO ST, LAGING HANDA, QUEZON CITY, NCR, 1103",Laging Handa,4.0,Long-term care and rehabilitation services,,Physical therapy clinic,BLPD,14.6358635041471,121.02910875,8:00AM,10:00PM,,,,,Administrative data
MSA Whiz Kids Academy (Frmrly Playground Lrng Ctr.),"17 Bituin St. Teresa Hts., Brgy. Pasong Putik, Nova., QC",Pasong Putik Proper,5.0,Schools,Private,Preschool,"Data_QC Caring Cities Tracker, QC Administrative Data - Private schools",14.7286939,121.0526209,,,,,,,Administrative data
MSA Whiz Kids Academy (Frmrly Playground Lrng Ctr.),"17 Bituin St. Teresa Hts., Brgy. Pasong Putik, Nova., QC",Pasong Putik Proper,5.0,Schools,Private,Elementary school,"Data_QC Caring Cities Tracker, QC Administrative Data - Private schools",14.7286939,121.0526209,,,,,,,Administrative data
MSQUARE MYOTHERAPY & REHAB CLINIC,"#110, 11TH ST., MARIANA, QUEZON CITY, NCR, 1112",Mariana,4.0,Long-term care and rehabilitation services,,Rehabilitation clinic,BLPD,14.6238163800617,121.035096995701,8:00AM,5:00PM,,,,,Administrative data
Multiple Intelligence International Sch. Found. Inc,"4 Escaler St., Brgy. Loyola Hts., QC",Loyola Heights,3.0,Schools,Private,Elementary school,"Data_QC Caring Cities Tracker, QC Administrative Data - Private schools",14.6451567,121.0737285,,,,,,,Administrative data
Multiple Intelligence International Sch. Found. Inc,"4 Escaler St., Brgy. Loyola Hts., QC",Loyola Heights,3.0,Schools,Private,Preschool,"Data_QC Caring Cities Tracker, QC Administrative Data - Private schools",14.6451567,121.0737285,,,,,,,Administrative data
Multiple Intelligence International Sch. Found. Inc,"4 Escaler St., Brgy. Loyola Hts., QC",Loyola Heights,3.0,Schools,Private,Junior high school,"Data_QC Caring Cities Tracker, QC Administrative Data - Private schools",14.6451567,121.0737285,,,,,,,Administrative data
Multiple Intelligence International Sch. Found. Inc,"4 Escaler St., Brgy. Loyola Hts., QC",Loyola Heights,3.0,Schools,Private,Senior high school,"Data_QC Caring Cities Tracker, QC Administrative Data - Private schools",14.6451567,121.0737285,,,,,,,Administrative data
N.S. Amoranto,Barangay Hall Angelo St.,N. S. Amoranto (Gintong Silahis),1.0,Childcare,Public,Child development center and supervised neighborhood play,"Data_QC Caring Cities Tracker, QC Administrative Data - Child",14.6326976,120.9944224,,,,,,,Administrative data
Nagkaisang Nayon Elementary School,,Nagkaisang Nayon,5.0,Schools,Public,Elementary school,"Data_QC Caring Cities Tracker, QC Administrative Data - Public schools",14.7178321,121.0274909,,,,,,,Administrative data
Nagkaisang Nayon I,"Barangay Hall Compound., #7 Banahaw St. Brgy. Nagkaisang Nayon",Nagkaisang Nayon,5.0,Childcare,Public,Child development center and supervised neighborhood play,"Data_QC Caring Cities Tracker, QC Administrative Data - Child",14.7186814,121.0287045,,,,,,,Administrative data
Nagkaisang Nayon II,"Barangay Hall Compound., #7 Banahaw St. Brgy. Nagkaisang Nayon",Nagkaisang Nayon,5.0,Childcare,Public,Child development center and supervised neighborhood play,"Data_QC Caring Cities Tracker, QC Administrative Data - Child",14.7186814,121.0287045,,,,,,,Administrative data
NAMAPA,"NAMAPA Compound, Brgy. North Fairview",North Fairview,5.0,Childcare,Public,Child development center and supervised neighborhood play,"Data_QC Caring Cities Tracker, QC Administrative Data - Child",14.7066635,121.0643456,,,,,,,Administrative data
Narraville,"Lower Narra St., Brgy. Payatas",Payatas,2.0,Childcare,Public,Child development center and supervised neighborhood play,"Data_QC Caring Cities Tracker, QC Administrative Data - Child",14.7118981,121.0923986,,,,,,,Administrative data
National College Business and Arts - Fairview,"Commonwealth Avenue, Brgy. West Fairview Park, Quezon City",Fairview,5.0,Schools,Private,Senior high school,"Data_QC Caring Cities Tracker, QC Administrative Data - Private schools",14.7016942,121.0601247,,,,,,,Administrative data
National Orthopedic Hospital School for Crippled Children,,Lourdes,1.0,Schools,Public,High school,"Data_QC Caring Cities Tracker, QC Administrative Data - Public schools",14.6291126,120.9996983,,,,,,,Administrative data
National Polytechnic College of Science and Technology-Lagro,"Blk. 125, Lot 22, Quirino Highway, Lagro, Quezon City",Greater Lagro,5.0,Schools,Private,Senior high school,"Data_QC Caring Cities Tracker, QC Administrative Data - Private schools",14.7352736,121.0668725,,,,,,,Administrative data
National Polytechnic College of Science and Technology-Novaliches,"Blk 4 Lot 7 Palm Street, Greenfields 1 Subd., Kaligayahan, Noval., QC",Kaligayahan,5.0,Schools,Private,Senior high school,"Data_QC Caring Cities Tracker, QC Administrative Data - Private schools",14.7291842,121.0424306,,,,,,,Administrative data
"NBS EDUCATIONAL SERVICES, INC.","3RD FLR. & 4TH FLR. ,  QUEZON AVE. COR. SCT. BORROMEO,, SOUTH TRIANGLE, QUEZON CITY, NCR, 1103",South Triangle,4.0,Schools,Private,Private school,BLPD,14.6394518058466,121.031032928725,7:00AM,7:00PM,,,,,Administrative data
Nest School For Whole Child Development Inc.,"#92 Matahimik St., Brgy Malaya, Sikatuna Vill., QC",Malaya,4.0,Schools,Private,Preschool,"Data_QC Caring Cities Tracker, QC Administrative Data - Private schools",14.6388502,121.055646,,,,,,,Administrative data
Nest School For Whole Child Development Inc.,"#92 Matahimik St., Brgy Malaya, Sikatuna Vill., QC",Malaya,4.0,Schools,Private,Elementary school,"Data_QC Caring Cities Tracker, QC Administrative Data - Private schools",14.6388502,121.055646,,,,,,,Administrative data
NEUNG THAI FOOT AND BODY MASSAGE,"18, MATALINO, CENTRAL, QUEZON CITY, NCR, 1100",Central,4.0,Long-term care and rehabilitation services,,Therapeutic clinic,BLPD,14.6444894,121.0505086,12:00PM,10:00PM,,,,,Administrative data
NEURO PSYCHOLOGICAL TESTING CENTER,"03F-VIR.24 , SYMPHONY TOWER 2, SGT. ESGUERRA AVENUE, SOUTH TRIANGLE, QUEZON CITY, NCR, 1103",South Triangle,4.0,Long-term care and rehabilitation services,,Psychological clinic,BLPD,14.6340245041466,121.0414642,8:00PM,8:00PM,,,,,Administrative data
NEUROSPARKS CHILD THERAPY SERVICES INC.,"U-404, HEMADY SQUARE, 86 HEMADY ST., E. RODRIGUEZ SR. AVE., KRISTONG HARI, QUEZON CITY, NCR, 1112",Kristong Hari,4.0,Long-term care and rehabilitation services,,Rehabilitation clinic,BLPD,14.624212368611,121.031612188214,8:00AM,6:00PM,,,,,Administrative data
New England College Inc.,"TC Plaza, 40 Quezon Ave., Doña Josefa, Quezon City",Doña Josefa,4.0,Schools,Private,Senior high school,"Data_QC Caring Cities Tracker, QC Administrative Data - Private schools",14.621921,121.00666,,,,,,,Administrative data
New Era ES,,New Era,6.0,Schools,Public,Elementary school,"Data_QC Caring Cities Tracker, QC Administrative Data - Public schools",14.6673878,121.0579212,,,,,,,Administrative data
New Era High School,,New Era,6.0,Schools,Public,High school,"Data_QC Caring Cities Tracker, QC Administrative Data - Public schools",14.6663965,121.057851,,,,,,,Administrative data
New Era University,"#9 Central Ave., Brgy. New Era, QC",New Era,6.0,Schools,Private,Preschool,"Data_QC Caring Cities Tracker, QC Administrative Data - Private schools",14.6641729,121.056738,,,,,,,Administrative data
New Era University,"#9 Central Ave., Brgy. New Era, QC",New Era,6.0,Schools,Private,Elementary school,"Data_QC Caring Cities Tracker, QC Administrative Data - Private schools",14.6641729,121.056738,,,,,,,Administrative data
New Era University,"#9 Central Ave., Brgy. New Era, QC",New Era,6.0,Schools,Private,Junior high school,"Data_QC Caring Cities Tracker, QC Administrative Data - Private schools",14.6641729,121.056738,,,,,,,Administrative data
New Era University,"#9 Central Ave., Brgy. New Era, QC",New Era,6.0,Schools,Private,Senior high school,"Data_QC Caring Cities Tracker, QC Administrative Data - Private schools",14.6641729,121.056738,,,,,,,Administrative data
"New Jerusalem School, Inc.","32 Sto Tomas, Don Manuel, Galas, QC",Don Manuel,4.0,Schools,Private,Preschool,"Data_QC Caring Cities Tracker, QC Administrative Data - Private schools",14.6169491,121.0047516,,,,,,,Administrative data
"New Jerusalem School, Inc.","32 Sto Tomas, Don Manuel, Galas, QC",Don Manuel,4.0,Schools,Private,Elementary school,"Data_QC Caring Cities Tracker, QC Administrative Data - Private schools",14.6169491,121.0047516,,,,,,,Administrative data
"New Jerusalem School, Inc.","32 Sto Tomas, Don Manuel, Galas, QC",Don Manuel,4.0,Schools,Private,Junior high school,"Data_QC Caring Cities Tracker, QC Administrative Data - Private schools",14.6169491,121.0047516,,,,,,,Administrative data
"New Jerusalem School, Inc.","32 Sto Tomas, Don Manuel, Galas, QC",Don Manuel,4.0,Schools,Private,Senior high school,"Data_QC Caring Cities Tracker, QC Administrative Data - Private schools",14.6169491,121.0047516,,,,,,,Administrative data
NEXTGEN LEARNING CENTER,"712C, PEACE VALLEY TANDANG SORA, MATANDANG BALARA, QUEZON CITY, NCR, 1119",Matandang Balara,3.0,Long-term care and rehabilitation services,,Physical/occupational therapy school,BLPD,14.6639340309055,121.071643600725,8:00AM,4:00PM,,,,,Administrative data
NEXUS' PHYSICAL REHABILITATION CENTER,"82, ONE MCKINSON BUILDING, ROAD 3, PROJECT 6, QUEZON CITY, NCR, 1100",Project 6,1.0,Long-term care and rehabilitation services,,Rehabilitation clinic,BLPD,14.6645821041556,121.04195915,9:00AM,8:00PM,,,,,Administrative data
"NICANOR REYES EDUCATIONAL FOUNDATION, INC.","FERN CAMPUS, SAMPAGUITA AVE., MAPAYAPA VILLAGE III, PASONG TAMO, QUEZON CITY, NCR, 1107",Pasong Tamo,6.0,Schools,Private,Private school,BLPD,14.6849394289726,121.064038274946,8:00AM,5:00PM,,,,,Administrative data
Nick M. Joaquin Senior High School,,Bahay Toro,1.0,Schools,Public,Senior high school,"Data_QC Caring Cities Tracker, QC Administrative Data - Public schools",14.6651335,121.0200943,,,,,,,Administrative data
NIÑO'S READING AND TUTORIAL SERVICES,"ROOM 306 , 3RD FLOOR ,  37 MATALINO STREET , CENTRAL, QUEZON CITY, NCR, 1100",Central,4.0,Childcare,Public,Child learning center,BLPD,14.6454887,121.0525461,8:00AM,5:00PM,,,,,Administrative data
Nitang,# 47 Nitang Avenue Brgy Gulod,Gulod,5.0,Childcare,Public,Child development center and supervised neighborhood play,"Data_QC Caring Cities Tracker, QC Administrative Data - Child",14.7128521,121.0421898,,,,,,,Administrative data
NOH-School for Crippled Children,,Lourdes,1.0,Schools,Public,Elementary school,"Data_QC Caring Cities Tracker, QC Administrative Data - Public schools",14.6291126,120.9996983,,,,,,,Administrative data
Nomar 2,"Santan St., Nomar Subd., Brgy. San Bartolome",San Bartolome,5.0,Childcare,Public,Child development center and supervised neighborhood play,"Data_QC Caring Cities Tracker, QC Administrative Data - Child",14.7011827,121.0410703,,,,,,,Administrative data
North Fairview ES,,North Fairview,5.0,Schools,Public,Elementary school,"Data_QC Caring Cities Tracker, QC Administrative Data - Public schools",14.7086787,121.0659362,,,,,,,Administrative data
North Fairview HS,,North Fairview,5.0,Schools,Public,High school,"Data_QC Caring Cities Tracker, QC Administrative Data - Public schools",14.7092943,121.0660487,,,,,,,Administrative data
"Norwich Brent Cedric School, Inc.","3rd Flr., 103 E. Rodriguez Sr. Ave., cor. BMA St., Tatalon, QC",Tatalon,4.0,Schools,Private,Preschool,"Data_QC Caring Cities Tracker, QC Administrative Data - Private schools",14.6189135,121.0126655,,,,,,,Administrative data
"Norwich Brent Cedric School, Inc.","3rd Flr., 103 E. Rodriguez Sr. Ave., cor. BMA St., Tatalon, QC",Tatalon,4.0,Schools,Private,Elementary school,"Data_QC Caring Cities Tracker, QC Administrative Data - Private schools",14.6189135,121.0126655,,,,,,,Administrative data
"Norwich Brent Cedric School, Inc.","3rd Flr., 103 E. Rodriguez Sr. Ave., cor. BMA St., Tatalon, QC",Tatalon,4.0,Schools,Private,Junior high school,"Data_QC Caring Cities Tracker, QC Administrative Data - Private schools",14.6189135,121.0126655,,,,,,,Administrative data
Nova Homes,"Narra St., Nova Homes Subd. Brgy. San Agustin",San Agustin,5.0,Childcare,Public,Child development center and supervised neighborhood play,"Data_QC Caring Cities Tracker, QC Administrative Data - Child",14.7345815,121.0375849,,,,,,,Administrative data
Novaliches High School,,Novaliches Proper,5.0,Schools,Public,High school,"Data_QC Caring Cities Tracker, QC Administrative Data - Public schools",14.7270715,121.0329605,,,,,,,Administrative data
Novaliches Proper I,"3rd Floor, Livelihood CHILD DEVELOPMENT CENTER Bldg., Nova Plaza, Buenamar St.,Brgy. Novaliches Proper",Novaliches Proper,5.0,Childcare,Public,Child development center and supervised neighborhood play,"Data_QC Caring Cities Tracker, QC Administrative Data - Child",14.7214471,121.0402346,,,,,,,Administrative data
Novaliches Proper II,"2nd Floor Multi-purpose Bldg., P. Tupaz St., Doña Rosario, Brgy. Novaliches Proper",Novaliches Proper,5.0,Childcare,Public,Child development center and supervised neighborhood play,"Data_QC Caring Cities Tracker, QC Administrative Data - Child",14.7190257,121.0352782,,,,,,,Administrative data
NU Fairview Incorporated,"SM Fairview Complex, Quirino H-Way, Corner Regalado Ave., Greater Lagro, Quezon City",Greater Lagro,5.0,Schools,Private,Senior high school,"Data_QC Caring Cities Tracker, QC Administrative Data - Private schools",14.734848,121.05944,,,,,,,Administrative data
NUMBERNINJAS CO.,"5TH FLR.U-504, HEMADY SQUARE, 86, DONA HEMADY STREET, CORNER E. RODRIGUEZ SR.AVENUE, KRISTONG HARI, QUEZON CITY, NCR, 1112",Kristong Hari,4.0,Childcare,Public,Child learning center,BLPD,14.6240586541436,121.0316027,10:00AM,6:00PM,,,,,Administrative data
Obrero,"Brgy. Obrero Bgy Hall, Parkway St. cor. Tomas Morato Ave.",Obrero,4.0,Childcare,Public,Child development center and supervised neighborhood play,"Data_QC Caring Cities Tracker, QC Administrative Data - Child",14.6285296,121.0316191,,,,,,,Administrative data
OCTARINE PHYSICAL THERAPY CLINIC,"37, SCOUT BORROMEO , SOUTH TRIANGLE, QUEZON CITY, NCR, 1103",South Triangle,4.0,Long-term care and rehabilitation services,,Physical therapy clinic,BLPD,14.6367353,121.0370209,8:00AM,5:00PM,,,,,Administrative data
ODB Montessori School of Nova.,"Rainbow I Ave., Evangelista Cmpd., San Bartolome, Nova., QC",San Bartolome,5.0,Schools,Private,Junior high school,"Data_QC Caring Cities Tracker, QC Administrative Data - Private schools",14.702971,121.0384082,,,,,,,Administrative data
ODB Montessori School of Nova.,"Rainbow I Ave., Evangelista Cmpd., San Bartolome, Nova., QC",San Bartolome,5.0,Schools,Private,Elementary school,"Data_QC Caring Cities Tracker, QC Administrative Data - Private schools",14.702971,121.0384082,,,,,,,Administrative data
ODB Montessori School of Nova.,"Rainbow I Ave., Evangelista Cmpd., San Bartolome, Nova., QC",San Bartolome,5.0,Schools,Private,Preschool,"Data_QC Caring Cities Tracker, QC Administrative Data - Private schools",14.702971,121.0384082,,,,,,,Administrative data
ODELCO Elementary School,,San Bartolome,5.0,Schools,Public,Elementary school,"Data_QC Caring Cities Tracker, QC Administrative Data - Public schools",14.7101606,121.0319486,,,,,,,Administrative data
Ola Grati Provi School,"#23 Azucena St., Payatas A., QC",Payatas,2.0,Schools,Private,Elementary school,"Data_QC Caring Cities Tracker, QC Administrative Data - Private schools",14.6976414,121.0968168,,,,,,,Administrative data
Ola Grati Provi School,"#23 Azucena St., Payatas A., QC",Payatas,2.0,Schools,Private,Junior high school,"Data_QC Caring Cities Tracker, QC Administrative Data - Private schools",14.6976414,121.0968168,,,,,,,Administrative data
Ola Grati Provi School,"#23 Azucena St., Payatas A., QC",Payatas,2.0,Schools,Private,Preschool,"Data_QC Caring Cities Tracker, QC Administrative Data - Private schools",14.6976414,121.0968168,,,,,,,Administrative data
Old Balara Elementary School,,Matandang Balara,3.0,Schools,Public,Elementary school,"Data_QC Caring Cities Tracker, QC Administrative Data - Public schools",14.6726028,121.0766836,,,,,,,Administrative data
Oliveros,26 M Oliveros Drive (Dulo),Apolonio Samson,6.0,Childcare,Public,Child development center and supervised neighborhood play,"Data_QC Caring Cities Tracker, QC Administrative Data - Child",14.6608605,121.0071352,,,,,,,Administrative data
Olympian Preparatory and English School,"L2B179 Geneva Gardens, Mind. Ave. Ext., Neopolitan, N. Fairview, QC",Fairview,5.0,Schools,Private,Preschool,"Data_QC Caring Cities Tracker, QC Administrative Data - Private schools",14.6992403,121.065041,,,,,,,Administrative data
Olympian Preparatory and English School,"L2B179 Geneva Gardens, Mind. Ave. Ext., Neopolitan, N. Fairview, QC",Fairview,5.0,Schools,Private,Elementary school,"Data_QC Caring Cities Tracker, QC Administrative Data - Private schools",14.6992403,121.065041,,,,,,,Administrative data
Olympian Preparatory and English School,"L2B179 Geneva Gardens, Mind. Ave. Ext., Neopolitan, N. Fairview, QC",Fairview,5.0,Schools,Private,Junior high school,"Data_QC Caring Cities Tracker, QC Administrative Data - Private schools",14.6992403,121.065041,,,,,,,Administrative data
"OPERATION BROTHERHOOD MONTESSORI CENTER (FAIRVIEW BRANCH), INC.","LOT 1 & 2 , NAPOLI ST., NEOPOLITAN SUBD., PASONG PUTIK PROPER, QUEZON CITY, NCR, 1118",Pasong Putik Proper,5.0,Schools,Private,Private school,BLPD,14.7275679,121.0572901,8:00AM,5:00PM,,,,,Administrative data
Operational Brotherhood Mont. Center-Fairview,"Napoli St. Neopolitan IV, Brittany Subd., Fairview, QC",Fairview,5.0,Schools,Private,Elementary school,"Data_QC Caring Cities Tracker, QC Administrative Data - Private schools",14.6992403,121.065041,,,,,,,Administrative data
Operational Brotherhood Mont. Center-Fairview,"Napoli St. Neopolitan IV, Brittany Subd., Fairview, QC",Fairview,5.0,Schools,Private,Preschool,"Data_QC Caring Cities Tracker, QC Administrative Data - Private schools",14.6992403,121.065041,,,,,,,Administrative data
ORTHONEURO SOLUTIONS PHYSICAL THERAPY SERVICES,"ROOM 202  2/F, MARIAN MEDICAL ARTS BLDG., DAHLIA  ST., FAIRVIEW, QUEZON CITY, NCR, 1118",Fairview,5.0,Long-term care and rehabilitation services,,Physical therapy clinic,BLPD,14.699773654166,121.06659925,9:00AM,5:00PM,,,,,Administrative data
OS HABITARES CORP.,"2ND FLR LINEAR BLDG., NO. 142 KATIPUNAN AVE, ST. IGNATIUS, QUEZON CITY, NCR, 1110",St. Ignatius,3.0,Long-term care and rehabilitation services,,Physical therapy clinic,BLPD,14.6123381,121.0707737,8:00AM,5:00PM,,,,,Administrative data
Our Lady of Carmelite Academy,"Adarna St., Brgy Commonwealth, QC",Commonwealth,2.0,Schools,Private,Preschool,"Data_QC Caring Cities Tracker, QC Administrative Data - Private schools",14.6954125,121.0769507,,,,,,,Administrative data
Our Lady of Carmelite Academy,"Adarna St., Brgy Commonwealth, QC",Commonwealth,2.0,Schools,Private,Elementary school,"Data_QC Caring Cities Tracker, QC Administrative Data - Private schools",14.6954125,121.0769507,,,,,,,Administrative data
Our Lady of Carmelite Academy,"Adarna St., Brgy Commonwealth, QC",Commonwealth,2.0,Schools,Private,Junior high school,"Data_QC Caring Cities Tracker, QC Administrative Data - Private schools",14.6954125,121.0769507,,,,,,,Administrative data
Our Lady of Carmelite Academy,"Adarna St., Brgy Commonwealth, QC",Commonwealth,2.0,Schools,Private,Senior high school,"Data_QC Caring Cities Tracker, QC Administrative Data - Private schools",14.6954125,121.0769507,,,,,,,Administrative data
Our Lady of Fatima University,"1 Esperanza St., Hilltop Mansion, Lagro, QC",Greater Lagro,5.0,Schools,Private,Senior high school,"Data_QC Caring Cities Tracker, QC Administrative Data - Private schools",14.7275742,121.0631906,,,,,,,Administrative data
"Our Lady of Hope Parochial School, Inc.","137 Road I, Bagong Pag-asa, QC",Bagong Pag-Asa,1.0,Schools,Private,Preschool,"Data_QC Caring Cities Tracker, QC Administrative Data - Private schools",14.6625147,121.035138,,,,,,,Administrative data
"Our Lady of Hope Parochial School, Inc.","137 Road I, Bagong Pag-asa, QC",Bagong Pag-Asa,1.0,Schools,Private,Elementary school,"Data_QC Caring Cities Tracker, QC Administrative Data - Private schools",14.6625147,121.035138,,,,,,,Administrative data
"Our Lady of Lourdes School of Novaliches (OLLSN), Inc.","9 Nightingale St., Brgy. Kaligayahan, Nova., QC.",Kaligayahan,5.0,Schools,Private,Preschool,"Data_QC Caring Cities Tracker, QC Administrative Data - Private schools",14.7345839,121.0526091,,,,,,,Administrative data
"Our Lady of Lourdes School of Novaliches (OLLSN), Inc.","9 Nightingale St., Brgy. Kaligayahan, Nova., QC.",Kaligayahan,5.0,Schools,Private,Senior high school,"Data_QC Caring Cities Tracker, QC Administrative Data - Private schools",14.7345839,121.0526091,,,,,,,Administrative data
"Our Lady of Lourdes School of Novaliches (OLLSN), Inc.","9 Nightingale St., Brgy. Kaligayahan, Nova., QC.",Kaligayahan,5.0,Schools,Private,Elementary school,"Data_QC Caring Cities Tracker, QC Administrative Data - Private schools",14.7345839,121.0526091,,,,,,,Administrative data
"Our Lady of Lourdes School of Novaliches (OLLSN), Inc.","9 Nightingale St., Brgy. Kaligayahan, Nova., QC.",Kaligayahan,5.0,Schools,Private,Junior high school,"Data_QC Caring Cities Tracker, QC Administrative Data - Private schools",14.7345839,121.0526091,,,,,,,Administrative data
"Our Lady of Lourdes Technological College, Inc","105 Gen Luis St., Brgy. Nagkaisang Nayon, Nova., QC",Nagkaisang Nayon,5.0,Schools,Private,Senior high school,"Data_QC Caring Cities Tracker, QC Administrative Data - Private schools",14.7206856,121.0282649,,,,,,,Administrative data
Our Lady of the Sacred Heart School,"Plaridel St., Doña Aurora, Quezon City",Doña Aurora,4.0,Schools,Private,Senior high school,"Data_QC Caring Cities Tracker, QC Administrative Data - Private schools",14.6147311,121.0097475,,,,,,,Administrative data
Our Lady of the Sacred Heart School,"Plaridel St., Doña Aurora, Quezon City",Doña Aurora,4.0,Schools,Private,Preschool,"Data_QC Caring Cities Tracker, QC Administrative Data - Private schools",14.6147311,121.0097475,,,,,,,Administrative data
Our Lady of the Sacred Heart School,"Plaridel St., Doña Aurora, Quezon City",Doña Aurora,4.0,Schools,Private,Elementary school,"Data_QC Caring Cities Tracker, QC Administrative Data - Private schools",14.6147311,121.0097475,,,,,,,Administrative data
Our Lady of the Sacred Heart School,"Plaridel St., Doña Aurora, Quezon City",Doña Aurora,4.0,Schools,Private,Junior high school,"Data_QC Caring Cities Tracker, QC Administrative Data - Private schools",14.6147311,121.0097475,,,,,,,Administrative data
Our Lady of Victories Catholic School of Quezon City,"2 Cannon Rd. New Manila, Quezon City",Mariana,4.0,Schools,Private,Junior high school,"Data_QC Caring Cities Tracker, QC Administrative Data - Private schools",14.6216014,121.0393331,,,,,,,Administrative data
Our Lady of Victories Catholic School of Quezon City,"2 Cannon Rd. New Manila, Quezon City",Mariana,4.0,Schools,Private,Senior high school,"Data_QC Caring Cities Tracker, QC Administrative Data - Private schools",14.6216014,121.0393331,,,,,,,Administrative data
Our Lady of Victories Catholic School of Quezon City,"2 Cannon Rd. New Manila, Quezon City",Mariana,4.0,Schools,Private,Elementary school,"Data_QC Caring Cities Tracker, QC Administrative Data - Private schools",14.6216014,121.0393331,,,,,,,Administrative data
Our Lady of Victories Catholic School of Quezon City,"2 Cannon Rd. New Manila, Quezon City",Mariana,4.0,Schools,Private,Preschool,"Data_QC Caring Cities Tracker, QC Administrative Data - Private schools",14.6216014,121.0393331,,,,,,,Administrative data
OZONMED WELLNESS CLINIC INC.,"2ND FLR, GLORY TO GOD BLDG., SAMPAGUITA AVE. COR NARRA ST. , MAPAYAPA VILLAGE III, PASONG TAMO, QUEZON CITY, NCR, 1107",Pasong Tamo,6.0,Long-term care and rehabilitation services,,Physical therapy clinic,BLPD,14.6862689025802,121.063284005515,8:00AM,8:00PM,,,,,Administrative data
P47 PHYSIOTHERAPY CENTER,"UNIT 303-304 3RD FLR., HEMADY SQUARE,  #86 DOÑA HEMADY ST. COR. E. RODRIGUEZ ST. AVE., KRISTONG HARI, QUEZON CITY, NCR, 1112",Kristong Hari,4.0,Long-term care and rehabilitation services,,Physical therapy clinic,BLPD,14.6243086877706,121.031525492383,10:00PM,7:00PM,,,,,Administrative data
Paang Bundok,"Barangay Hall 166 Iriga St., La Loma",Paang Bundok,1.0,Childcare,Public,Child development center and supervised neighborhood play,"Data_QC Caring Cities Tracker, QC Administrative Data - Child",14.627851,120.9930304,,,,,,,Administrative data
"PACE ACADEMY TALAYAN, INC.","126, TALAYAN ST., TALAYAN, QUEZON CITY, NCR, 1104",Talayan,1.0,Schools,Private,Private school,BLPD,14.6378435146829,121.011037963042,7:00AM,4:00PM,,,,,Administrative data
"PACE Academy, Inc.","77 Sgt. Rivera, Brgy. Manresa, Quezon City",Manresa,1.0,Schools,Private,Junior high school,"Data_QC Caring Cities Tracker, QC Administrative Data - Private schools",14.6443722,120.9976647,,,,,,,Administrative data
"PACE Academy, Inc.","77 Sgt. Rivera, Brgy. Manresa, Quezon City",Manresa,1.0,Schools,Private,Senior high school,"Data_QC Caring Cities Tracker, QC Administrative Data - Private schools",14.6443722,120.9976647,,,,,,,Administrative data
"PACE Academy, Inc.","77 Sgt. Rivera, Brgy. Manresa, Quezon City",Manresa,1.0,Schools,Private,Preschool,"Data_QC Caring Cities Tracker, QC Administrative Data - Private schools",14.6443722,120.9976647,,,,,,,Administrative data
"PACE Academy, Inc.","77 Sgt. Rivera, Brgy. Manresa, Quezon City",Manresa,1.0,Schools,Private,Elementary school,"Data_QC Caring Cities Tracker, QC Administrative Data - Private schools",14.6443722,120.9976647,,,,,,,Administrative data
PACIFIC HYPERBARIC AND REGENERATIVE CORPORATION,"2F 463, E RODRIGUEZ SR, TATALON, QUEZON CITY, NCR, 1113",Tatalon,4.0,Long-term care and rehabilitation services,,Therapeutic clinic,BLPD,14.6186707,121.0107626,9:00AM,6:00PM,,,,,Administrative data
"PAGKABUHAY PAROCHIAL SCHOOL, INC.","PAROKYA NG PAGKABUHAY ST., BAGBAG NOVALICHES, BAGBAG, QUEZON CITY, NCR, 1116",Bagbag,5.0,Schools,Private,Private school,BLPD,14.6969077299378,121.03007407711,7:00AM,5:00PM,,,,,Administrative data
"Pail and Shovel Integrated School, Inc.","107 14th Ave., Brgy. Socorro, Cubao, QC",Socorro,3.0,Schools,Private,Elementary school,"Data_QC Caring Cities Tracker, QC Administrative Data - Private schools",14.6169628,121.0601467,,,,,,,Administrative data
"Pail and Shovel Integrated School, Inc.","107 14th Ave., Brgy. Socorro, Cubao, QC",Socorro,3.0,Schools,Private,Preschool,"Data_QC Caring Cities Tracker, QC Administrative Data - Private schools",14.6169628,121.0601467,,,,,,,Administrative data
"Pail and Shovel Integrated School, Inc.","107 14th Ave., Brgy. Socorro, Cubao, QC",Socorro,3.0,Schools,Private,Junior high school,"Data_QC Caring Cities Tracker, QC Administrative Data - Private schools",14.6169628,121.0601467,,,,,,,Administrative data
"Pail and Shovel Integrated School, Inc.","107 14th Ave., Brgy. Socorro, Cubao, QC",Socorro,3.0,Schools,Private,Senior high school,"Data_QC Caring Cities Tracker, QC Administrative Data - Private schools",14.6169628,121.0601467,,,,,,,Administrative data
Palanza,#38 Kapiligan St. Brgy. Doña Imelda,Doña Imelda,4.0,Childcare,Public,Child development center and supervised neighborhood play,"Data_QC Caring Cities Tracker, QC Administrative Data - Child",14.6104638,121.01952,,,,,,,Administrative data
Paligsahan,Roces Avenue Brgy. Paligsahan,Paligsahan,4.0,Childcare,Public,Child development center and supervised neighborhood play,"Data_QC Caring Cities Tracker, QC Administrative Data - Child",14.6316818,121.020908,,,,,,,Administrative data
Palmera,"Multi-purpose Hall Mangga St. Phase I-A Palmera Homes, Brgy. Sta Monica",Sta. Monica,5.0,Childcare,Public,Child development center and supervised neighborhood play,"Data_QC Caring Cities Tracker, QC Administrative Data - Child",14.712599,121.0512671,,,,,,,Administrative data
Paltok ES,,Paltok,1.0,Schools,Public,Elementary school,"Data_QC Caring Cities Tracker, QC Administrative Data - Public schools",14.643015,121.022366,,,,,,,Administrative data
Pansol Proper,"SK Building Plaza St., Barangay Hall, Brgy. Pansol",Pansol,3.0,Childcare,Public,Child development center and supervised neighborhood play,"Data_QC Caring Cities Tracker, QC Administrative Data - Child",14.6509208,121.0764168,,,,,,,Administrative data
"PAREF-Preschool, Inc.","Unit 142 Grd Flr, MPlace Mall, 116 Panay Ave.., Brgy. South Triangle, QC",South Triangle,4.0,Schools,Private,Preschool,"Data_QC Caring Cities Tracker, QC Administrative Data - Private schools",14.6400747,121.0327485,,,,,,,Administrative data
Pasacola I,"Blk 1, Dormitory Phase 1 (Nagkakaisang Lakas) , Brgy. Nagkaisang Nayon",Nagkaisang Nayon,5.0,Childcare,Public,Child development center and supervised neighborhood play,"Data_QC Caring Cities Tracker, QC Administrative Data - Child",14.7130686,121.0323356,,,,,,,Administrative data
Pasacola II,"Lot 158-B, Area C, Pasacola, Brgy. Nagkaisang Nayon",Nagkaisang Nayon,5.0,Childcare,Public,Child development center and supervised neighborhood play,"Data_QC Caring Cities Tracker, QC Administrative Data - Child",14.7174806,121.0322739,,,,,,,Administrative data
Pasong Tamo ES,,Pasong Tamo,6.0,Schools,Public,Elementary school,"Data_QC Caring Cities Tracker, QC Administrative Data - Public schools",14.6740307,121.0468205,,,,,,,Administrative data
Payatas B Elementary School,,Payatas,2.0,Schools,Public,Elementary school,"Data_QC Caring Cities Tracker, QC Administrative Data - Public schools",14.7136124,121.0941192,,,,,,,Administrative data
Payatas C Elementary School,,Payatas,2.0,Schools,Public,Elementary school,"Data_QC Caring Cities Tracker, QC Administrative Data - Public schools",14.7142978,121.0978536,,,,,,,Administrative data
Peacemaker International Christian Aca.,"IBP Rd., Eastside, Batasan, QC",Batasan Hills,2.0,Schools,Private,Preschool,"Data_QC Caring Cities Tracker, QC Administrative Data - Private schools",14.6892445,121.0937011,,,,,,,Administrative data
Peacemaker International Christian Aca.,"IBP Rd., Eastside, Batasan, QC",Batasan Hills,2.0,Schools,Private,Elementary school,"Data_QC Caring Cities Tracker, QC Administrative Data - Private schools",14.6892445,121.0937011,,,,,,,Administrative data
Peacemaker International Christian Aca.,"IBP Rd., Eastside, Batasan, QC",Batasan Hills,2.0,Schools,Private,Junior high school,"Data_QC Caring Cities Tracker, QC Administrative Data - Private schools",14.6892445,121.0937011,,,,,,,Administrative data
Peacemaker International Christian Aca.,"IBP Rd., Eastside, Batasan, QC",Batasan Hills,2.0,Schools,Private,Senior high school,"Data_QC Caring Cities Tracker, QC Administrative Data - Private schools",14.6892445,121.0937011,,,,,,,Administrative data
Peacemaker International Christian Aca.-Branch,"Falconet St., Area 3 Sitio Veterans, Brgy Bagong Silangan, QC",Bagong Silangan,2.0,Schools,Private,Preschool,"Data_QC Caring Cities Tracker, QC Administrative Data - Private schools",14.7069215,121.1041857,,,,,,,Administrative data
Peacemaker International Christian Aca.-Branch,"Falconet St., Area 3 Sitio Veterans, Brgy Bagong Silangan, QC",Bagong Silangan,2.0,Schools,Private,Elementary school,"Data_QC Caring Cities Tracker, QC Administrative Data - Private schools",14.7069215,121.1041857,,,,,,,Administrative data
Peacemaker International Christian Aca.-Branch,"Falconet St., Area 3 Sitio Veterans, Brgy Bagong Silangan, QC",Bagong Silangan,2.0,Schools,Private,Junior high school,"Data_QC Caring Cities Tracker, QC Administrative Data - Private schools",14.7069215,121.1041857,,,,,,,Administrative data
Peacemaker International Christian Aca.-Branch,"Falconet St., Area 3 Sitio Veterans, Brgy Bagong Silangan, QC",Bagong Silangan,2.0,Schools,Private,Senior high school,"Data_QC Caring Cities Tracker, QC Administrative Data - Private schools",14.7069215,121.1041857,,,,,,,Administrative data
PEAK PHYSICAL THERAPY & SCOLIOSIS CENTER CORP.,"SPACE A , ONE ORCHARD EASTWOOD CITY CYBERPARK, 188, E. RODRIGUEZ JR. AVENUE, BAGUMBAYAN, QUEZON CITY, NCR, 1110",Bagumbayan,3.0,Long-term care and rehabilitation services,,Physical therapy clinic,BLPD,14.6103539541396,121.07852955,8:00AM,5:00PM,,,,,Administrative data
PEAKFORMLIBIS INC.,"UNIT 3 2ND FLR, INTREPID PLAZA BLDG., 188, E RODRIGUEZ JR AVENUE, BAGUMBAYAN, QUEZON CITY, NCR, 1110",Bagumbayan,3.0,Long-term care and rehabilitation services,,Physical therapy clinic,BLPD,14.6068569541385,121.07897975,9:00AM,6:00PM,,,,,Administrative data
"Pediamorphosis House, Inc.","51 Rosa Alvaro St., Loyola Hts. QC",Loyola Heights,3.0,Schools,Private,Special Education Program,"Data_QC Caring Cities Tracker, QC Administrative Data - Private schools",14.6375483,121.070035,,,,,,,Administrative data
Pedro Tuason SHS (Stand Alone),,Bagong Lipunan Ng Crame,4.0,Schools,Public,Senior high school,"Data_QC Caring Cities Tracker, QC Administrative Data - Public schools",14.6141004,121.0484484,,,,,,,Administrative data
"People of Grace Christian Schools Foundation, Inc.","58 Kamuning Rd. cor. J. Jimenez, Brgy. Kamuning, QC",Kamuning,4.0,Schools,Private,Elementary school,"Data_QC Caring Cities Tracker, QC Administrative Data - Private schools",14.6284951,121.0389108,,,,,,,Administrative data
"People of Grace Christian Schools Foundation, Inc.","58 Kamuning Rd. cor. J. Jimenez, Brgy. Kamuning, QC",Kamuning,4.0,Schools,Private,Preschool,"Data_QC Caring Cities Tracker, QC Administrative Data - Private schools",14.6284951,121.0389108,,,,,,,Administrative data
"People of Grace Christian Schools Foundation, Inc.","58 Kamuning Rd. cor. J. Jimenez, Brgy. Kamuning, QC",Kamuning,4.0,Schools,Private,Junior high school,"Data_QC Caring Cities Tracker, QC Administrative Data - Private schools",14.6284951,121.0389108,,,,,,,Administrative data
"People of Grace Christian Schools Foundation, Inc.","58 Kamuning Rd. cor. J. Jimenez, Brgy. Kamuning, QC",Kamuning,4.0,Schools,Private,Senior high school,"Data_QC Caring Cities Tracker, QC Administrative Data - Private schools",14.6284951,121.0389108,,,,,,,Administrative data
Perpetual Help Learning Academy of Q.C.,"# 7 Wayan St., Masambong, QC",Masambong,1.0,Schools,Private,Preschool,"Data_QC Caring Cities Tracker, QC Administrative Data - Private schools",14.6402871,121.0088867,,,,,,,Administrative data
Perpetual Help Learning Academy of Q.C.,"# 7 Wayan St., Masambong, QC",Masambong,1.0,Schools,Private,Elementary school,"Data_QC Caring Cities Tracker, QC Administrative Data - Private schools",14.6402871,121.0088867,,,,,,,Administrative data
Perpetual Help Learning Academy of Q.C.,"# 7 Wayan St., Masambong, QC",Masambong,1.0,Schools,Private,Junior high school,"Data_QC Caring Cities Tracker, QC Administrative Data - Private schools",14.6402871,121.0088867,,,,,,,Administrative data
Perpetual Help Learning Academy of Q.C.,"# 7 Wayan St., Masambong, QC",Masambong,1.0,Schools,Private,Senior high school,"Data_QC Caring Cities Tracker, QC Administrative Data - Private schools",14.6402871,121.0088867,,,,,,,Administrative data
"PETITE GRAINE PRESCHOOL, INC.","Eastwood Le Grand Tower 3, Ground Floor, Unit 14-18 Weastwood City, Brgy Bagumbayan, QC",Bagumbayan,3.0,Schools,Private,Preschool,"Data_QC Caring Cities Tracker, QC Administrative Data - Private schools",14.6077702,121.0808146,,,,,,,Administrative data
Phase 8-I,"1st Floor Daycare and Livelihood Center Building, Peso St., United North Fairview Subd., Brgy. North Fairview",North Fairview,5.0,Childcare,Public,Child development center and supervised neighborhood play,"Data_QC Caring Cities Tracker, QC Administrative Data - Child",14.7082699,121.0619215,,,,,,,Administrative data
Phase 8-II,"2nd Floor Daycare and Livelihood Center Building, Peso St., United North Fairview Subd., Brgy. North Fairview",North Fairview,5.0,Childcare,Public,Child development center and supervised neighborhood play,"Data_QC Caring Cities Tracker, QC Administrative Data - Child",14.7082699,121.0619215,,,,,,,Administrative data
Phase IV-A,"Ground floor, Livelihood Center, Davao St., Phase IV, Brgy. Payatas",Payatas,2.0,Childcare,Public,Child development center and supervised neighborhood play,"Data_QC Caring Cities Tracker, QC Administrative Data - Child",14.7117824,121.0967714,,,,,,,Administrative data
Phase IV-B,"2nd floor, Livelihood Center, Davao St., Phase IV, Brgy. Payatas",Payatas,2.0,Childcare,Public,Child development center and supervised neighborhood play,"Data_QC Caring Cities Tracker, QC Administrative Data - Child",14.7117824,121.0967714,,,,,,,Administrative data
Philippine Association of University Women-Up Child Study Center Inc.,"P. Tavera, Tabujana Hall, Area 14, UP, QC",U. P. Campus,4.0,Schools,Private,Preschool,"Data_QC Caring Cities Tracker, QC Administrative Data - Private schools",14.6578369,121.065041,,,,,,,Administrative data
Philippine Association of University Women-Up Child Study Center Inc.,"P. Tavera, Tabujana Hall, Area 14, UP, QC",U. P. Campus,4.0,Schools,Private,Elementary school,"Data_QC Caring Cities Tracker, QC Administrative Data - Private schools",14.6578369,121.065041,,,,,,,Administrative data
"Philippine Institute of Quezon City, Inc.","62 Kitanlad St., Brgy. Doña Josefa, Quezon City",Doña Josefa,4.0,Schools,Private,Preschool,"Data_QC Caring Cities Tracker, QC Administrative Data - Private schools",14.6189609,121.0088707,,,,,,,Administrative data
"Philippine Institute of Quezon City, Inc.","62 Kitanlad St., Brgy. Doña Josefa, Quezon City",Doña Josefa,4.0,Schools,Private,Elementary school,"Data_QC Caring Cities Tracker, QC Administrative Data - Private schools",14.6189609,121.0088707,,,,,,,Administrative data
"Philippine Institute of Quezon City, Inc.","62 Kitanlad St., Brgy. Doña Josefa, Quezon City",Doña Josefa,4.0,Schools,Private,Junior high school,"Data_QC Caring Cities Tracker, QC Administrative Data - Private schools",14.6189609,121.0088707,,,,,,,Administrative data
"Philippine Institute of Quezon City, Inc.","62 Kitanlad St., Brgy. Doña Josefa, Quezon City",Doña Josefa,4.0,Schools,Private,Senior high school,"Data_QC Caring Cities Tracker, QC Administrative Data - Private schools",14.6189609,121.0088707,,,,,,,Administrative data
Philippine Lyceum of Saint Dominique Inc.,"#3 Calderon St. Matandang Balara, Quezon City",Matandang Balara,3.0,Schools,Private,Preschool,"Data_QC Caring Cities Tracker, QC Administrative Data - Private schools",14.6684537,121.0767493,,,,,,,Administrative data
Philippine Lyceum of Saint Dominique Inc.,"#3 Calderon St. Matandang Balara, Quezon City",Matandang Balara,3.0,Schools,Private,Elementary school,"Data_QC Caring Cities Tracker, QC Administrative Data - Private schools",14.6684537,121.0767493,,,,,,,Administrative data
Philippine Lyceum of Saint Dominique Inc.,"#3 Calderon St. Matandang Balara, Quezon City",Matandang Balara,3.0,Schools,Private,Junior high school,"Data_QC Caring Cities Tracker, QC Administrative Data - Private schools",14.6684537,121.0767493,,,,,,,Administrative data
Philippine Lyceum of Saint Dominique Inc.,"#3 Calderon St. Matandang Balara, Quezon City",Matandang Balara,3.0,Schools,Private,Senior high school,"Data_QC Caring Cities Tracker, QC Administrative Data - Private schools",14.6684537,121.0767493,,,,,,,Administrative data
Philippine Montessori Center,"27 Queensville St., Whiteplains, Quezon City",White Plains,3.0,Schools,Private,Preschool,"Data_QC Caring Cities Tracker, QC Administrative Data - Private schools",14.605951,121.072835,,,,,,,Administrative data
Philippine Montessori Center,"27 Queensville St., Whiteplains, Quezon City",White Plains,3.0,Schools,Private,Elementary school,"Data_QC Caring Cities Tracker, QC Administrative Data - Private schools",14.605951,121.072835,,,,,,,Administrative data
Philippine Montessori Center,"27 Queensville St., Whiteplains, Quezon City",White Plains,3.0,Schools,Private,Junior high school,"Data_QC Caring Cities Tracker, QC Administrative Data - Private schools",14.605951,121.072835,,,,,,,Administrative data
"PHILIPPINE REHABILITATION INSTITUTE (PRI) FOUNDATION, INC.","#56, PRI BLDG.,, BANAWE ST., STO. DOMINGO, QUEZON CITY, NCR, 1114",Sto. Domingo,1.0,Long-term care and rehabilitation services,,Physical/occupational therapy school,BLPD,14.6285824011176,121.003908611859,8:00AM,5:00PM,,,,,Administrative data
"PHILIPPINE SCHOOL OF BUSINESS ADMINISTRATION-MANILA, INC.","1029, AURORA BOULEVARD, LOYOLA HEIGHTS, QUEZON CITY, NCR, 1108",Loyola Heights,3.0,Schools,Private,Private school,BLPD,14.6306791,121.0725386,8:00AM,5:00PM,,,,,Administrative data
Philippines Womens University - (Frmly JASMS),"51# Congessional Ave., Cor. Villa Socorro, Brgy Bahay Toro, QC",Bahay Toro,1.0,Schools,Private,Preschool,"Data_QC Caring Cities Tracker, QC Administrative Data - Private schools",14.6708129,121.0382954,,,,,,,Administrative data
Philippines Womens University - (Frmly JASMS),"51# Congessional Ave., Cor. Villa Socorro, Brgy Bahay Toro, QC",Bahay Toro,1.0,Schools,Private,Elementary school,"Data_QC Caring Cities Tracker, QC Administrative Data - Private schools",14.6708129,121.0382954,,,,,,,Administrative data
Philippines Womens University - (Frmly JASMS),"51# Congessional Ave., Cor. Villa Socorro, Brgy Bahay Toro, QC",Bahay Toro,1.0,Schools,Private,Junior high school,"Data_QC Caring Cities Tracker, QC Administrative Data - Private schools",14.6708129,121.0382954,,,,,,,Administrative data
Philippines Womens University - (Frmly JASMS),"51# Congessional Ave., Cor. Villa Socorro, Brgy Bahay Toro, QC",Bahay Toro,1.0,Schools,Private,Senior high school,"Data_QC Caring Cities Tracker, QC Administrative Data - Private schools",14.6708129,121.0382954,,,,,,,Administrative data
PHYSIOFIRST HEALTH CARE CLINIC,"UNIT 204 2ND FLR, JOVITA BLDG, 426 BANAWE , COR TIRAD PASS ST., STA. MESA HEIGHTS, STO. DOMINGO, QUEZON CITY, NCR, 1114",Sto. Domingo,1.0,Long-term care and rehabilitation services,,Physical therapy clinic,BLPD,14.6280231,121.0040855,9:00PM,5:00PM,,,,,Administrative data
PHYSIOFIRST HEALTH CARE CLINIC,"UNIT 209 SECOND FLOOR, CHRISTOPHER PLAZA BUILDING,, QUIRINO HIGHWAY, NOVALICHES, PASONG PUTIK PROPER, QUEZON CITY, NCR, 1118",Pasong Putik Proper,5.0,Long-term care and rehabilitation services,,Physical therapy clinic,BLPD,14.735475,121.055021,8:00AM,5:00PM,,,,,Administrative data
PHYSIOPRIME PHYSIOTHERAPY  SERVICES,"45, PETRONIA ST., BUENAMAR SUBD., NOVALICHES PROPER, QUEZON CITY, NCR, 1121",Novaliches Proper,5.0,Long-term care and rehabilitation services,,Physical therapy clinic,BLPD,14.7200809870784,121.038532340375,9:00AM,6:00PM,,,,,Administrative data
PHYSIOPRIME PHYSIOTHERAPY SERVICES,"B41 L1 ELIZABETH HALL, KATIPUNAN AVENUE, LOYOLA HEIGHTS, QUEZON CITY, NCR, 1108",Loyola Heights,3.0,Long-term care and rehabilitation services,,Physical therapy clinic,BLPD,14.6467894023078,121.074084826485,9:00AM,6:00PM,,,,,Administrative data
Piagetian Guided Educational Center,"#95 Scout Reyes St., Brgy. Paligsahan, QC",Paligsahan,4.0,Schools,Private,Elementary school,"Data_QC Caring Cities Tracker, QC Administrative Data - Private schools",14.6337756,121.0261691,,,,,,,Administrative data
Piagetian Guided Educational Center,"#95 Scout Reyes St., Brgy. Paligsahan, QC",Paligsahan,4.0,Schools,Private,Preschool,"Data_QC Caring Cities Tracker, QC Administrative Data - Private schools",14.6337756,121.0261691,,,,,,,Administrative data
Pinadama,"Pinadama Pilot Drive, Brgy. Commonwealth",Commonwealth,2.0,Childcare,Public,Child development center and supervised neighborhood play,"Data_QC Caring Cities Tracker, QC Administrative Data - Child",14.6979794,121.0796269,,,,,,,Administrative data
Pinagkaisahan,Ermin Garcia St. (near Bernardo Park),Pinagkaisahan,4.0,Childcare,Public,Child development center and supervised neighborhood play,"Data_QC Caring Cities Tracker, QC Administrative Data - Child",14.6279346,121.0462876,,,,,,,Administrative data
Pingkian 3 Zone 2,"Lily St. Pingkian 3, Zone 2",Pasong Tamo,6.0,Childcare,Public,Child development center and supervised neighborhood play,"Data_QC Caring Cities Tracker, QC Administrative Data - Child",14.6897842,121.059582,,,,,,,Administrative data
Pingkian 3 Zone 3,Santan St.,Pasong Tamo,6.0,Childcare,Public,Child development center and supervised neighborhood play,"Data_QC Caring Cities Tracker, QC Administrative Data - Child",14.6898751,121.0573294,,,,,,,Administrative data
Pingkian II,Pingkian II,Pasong Tamo,6.0,Childcare,Public,Child development center and supervised neighborhood play,"Data_QC Caring Cities Tracker, QC Administrative Data - Child",14.6812269,121.0585648,,,,,,,Administrative data
Pinyahan ES,,Pinyahan,4.0,Schools,Public,Elementary school,"Data_QC Caring Cities Tracker, QC Administrative Data - Public schools",14.638309,121.050469,,,,,,,Administrative data
Pinyahan Proper,"#35 Malakas St. Brgy. Hall Compd., Brgy. Pinyahan",Pinyahan,4.0,Childcare,Public,Child development center and supervised neighborhood play,"Data_QC Caring Cities Tracker, QC Administrative Data - Child",14.634992,121.0472844,,,,,,,Administrative data
PIO PRESCHOOL AND TUTORIAL CENTER INC.,"GROUND FLOOR UNIT 105  , NO. 23 PANAY AVENUE, PALIGSAHAN, QUEZON CITY, NCR, 1103",Paligsahan,4.0,Childcare,Public,Child learning center,BLPD,14.6322113,121.0202668,8:00AM,4:00PM,,,,,Administrative data
PIONEER OUTPATIENT QC INC.,"67, SCOUT RALLOS ST, SACRED HEART, QUEZON CITY, NCR, 1103",Sacred Heart,4.0,Long-term care and rehabilitation services,,Physical therapy clinic,BLPD,14.6339983,121.0358927,8:00AM,5:00PM,,,,,Administrative data
Placido del Mundo ES,,Talipapa,6.0,Schools,Public,Elementary school,"Data_QC Caring Cities Tracker, QC Administrative Data - Public schools",14.6872945,121.0252308,,,,,,,Administrative data
PLAYPROJECT LEARNING CENTER,"KTC PHASE 2 RETAIL 5 , KANLAON TOWN CENTER, 8 KANLAON STREET, STA. TERESITA, QUEZON CITY, NCR, 1114",Sta. Teresita,1.0,Childcare,Public,Child learning center,BLPD,14.6190027,121.0019864,8:00AM,5:00PM,,,,,Administrative data
"PMI COLLEGES , Inc",73 Roosevelt Avenue SFDM Quezon City,Sta. Cruz,1.0,Schools,Private,Senior high school,"Data_QC Caring Cities Tracker, QC Administrative Data - Private schools",14.6341048,121.0177029,,,,,,,Administrative data
"PMW School, Inc. - (Frmly PMWA Lrng. Ctr.)","59 Matatag St., Brgy. Pinyahan, QC",Pinyahan,4.0,Schools,Private,Preschool,"Data_QC Caring Cities Tracker, QC Administrative Data - Private schools",14.6376494,121.0486655,,,,,,,Administrative data
"PMW School, Inc. - (Frmly PMWA Lrng. Ctr.)","59 Matatag St., Brgy. Pinyahan, QC",Pinyahan,4.0,Schools,Private,Elementary school,"Data_QC Caring Cities Tracker, QC Administrative Data - Private schools",14.6376494,121.0486655,,,,,,,Administrative data
"PMW School, Inc. - (Frmly PMWA Lrng. Ctr.)","59 Matatag St., Brgy. Pinyahan, QC",Pinyahan,4.0,Schools,Private,Junior high school,"Data_QC Caring Cities Tracker, QC Administrative Data - Private schools",14.6376494,121.0486655,,,,,,,Administrative data
POCC (Holy Trinity),"Nenita Extn. POCC Compound Area VI, Brgy. Gulod",Gulod,5.0,Childcare,Public,Child development center and supervised neighborhood play,"Data_QC Caring Cities Tracker, QC Administrative Data - Child",14.7089561,121.0455461,,,,,,,Administrative data
Ponciano A. Bernardo High School,,Kaunlaran,4.0,Schools,Public,High school,"Data_QC Caring Cities Tracker, QC Administrative Data - Public schools",14.6140133,121.0493891,,,,,,,Administrative data
Ponciano Bernardo ES,,Kaunlaran,4.0,Schools,Public,Elementary school,"Data_QC Caring Cities Tracker, QC Administrative Data - Public schools",14.6144723,121.0493031,,,,,,,Administrative data
Pook Daang Tubo,Pook Daang Tubo Brgy. UP Campus,U. P. Campus,4.0,Childcare,Public,Child development center and supervised neighborhood play,"Data_QC Caring Cities Tracker, QC Administrative Data - Child",14.6465459,121.0721082,,,,,,,Administrative data
Pook Libis,Pook Libis Brgy. UP Campus,U. P. Campus,4.0,Childcare,Public,Child development center and supervised neighborhood play,"Data_QC Caring Cities Tracker, QC Administrative Data - Child",14.6412698,121.0661317,,,,,,,Administrative data
Pook Masagana,Alley 25 Pook Masagana,Bahay Toro,1.0,Childcare,Public,Child development center and supervised neighborhood play,"Data_QC Caring Cities Tracker, QC Administrative Data - Child",14.672807,121.0330464,,,,,,,Administrative data
Pook Village B,Pook Village B Brgy. UP Campus,U. P. Campus,4.0,Childcare,Public,Child development center and supervised neighborhood play,"Data_QC Caring Cities Tracker, QC Administrative Data - Child",14.6506523,121.0632682,,,,,,,Administrative data
Positive Thinker Learning Center Inc.,"No. 32 Riverview Drive, Blueridge B. QC.",Blue Ridge B,3.0,Schools,Private,Elementary school,"Data_QC Caring Cities Tracker, QC Administrative Data - Private schools",14.6179601,121.0774573,,,,,,,Administrative data
Positive Thinker Learning Center Inc.,"No. 32 Riverview Drive, Blueridge B. QC.",Blue Ridge B,3.0,Schools,Private,Preschool,"Data_QC Caring Cities Tracker, QC Administrative Data - Private schools",14.6179601,121.0774573,,,,,,,Administrative data
POSTURECARE CHIROPRACTIC SOLUTIONS CORPORATION,"CC304 3/F, SM CITY NORTH EDSA, NORTH AVENUE CORNER EDSA AVENUE, STO. CRISTO, QUEZON CITY, NCR, 1105",Sto. Cristo,1.0,Long-term care and rehabilitation services,,Physical therapy clinic,BLPD,14.6565963481997,121.030079384599,10:00AM,9:00PM,,,,,Administrative data
POTENTIALS THERAPY CENTER,"UNIT 2A 2ND FLR., MIC BLDG., 72 BUKIDNON STREET, RAMON MAGSAYSAY, QUEZON CITY, NCR, 1105",Ramon Magsaysay,1.0,Long-term care and rehabilitation services,,Therapeutic clinic,BLPD,14.6594773371067,121.02517763082,8:00AM,6:00PM,,,,,Administrative data
Precious Lrng. Institute,"1 Kagawad Rd., Talanay A. Batasan Hills, QC",Batasan Hills,2.0,Schools,Private,Preschool,"Data_QC Caring Cities Tracker, QC Administrative Data - Private schools",14.683621,121.099086,,,,,,,Administrative data
Precious Lrng. Institute,"1 Kagawad Rd., Talanay A. Batasan Hills, QC",Batasan Hills,2.0,Schools,Private,Elementary school,"Data_QC Caring Cities Tracker, QC Administrative Data - Private schools",14.683621,121.099086,,,,,,,Administrative data
Precious Lrng. Institute,"1 Kagawad Rd., Talanay A. Batasan Hills, QC",Batasan Hills,2.0,Schools,Private,Junior high school,"Data_QC Caring Cities Tracker, QC Administrative Data - Private schools",14.683621,121.099086,,,,,,,Administrative data
Pres. Corazon C. Aquino ES,,Batasan Hills,2.0,Schools,Public,Elementary school,"Data_QC Caring Cities Tracker, QC Administrative Data - Public schools",14.6892666,121.093262,,,,,,,Administrative data
PRIME CARE PHYSIOTHERAPY AND REHABILITATION CENTER CO.,"793, NOVALICHES GENERAL HOSPITAL, QUIRINO HIGHWAY, GULOD, QUEZON CITY, NCR, 1117",Gulod,5.0,Long-term care and rehabilitation services,,Physical therapy clinic,BLPD,14.7095439849566,121.039026102359,9:00AM,5:00PM,,,,,Administrative data
PRIME MONTESSORI SCHOOL INC.,"BLK 76, LOT 67, ASCENSION  AVENUE, LAGRO SUBDIVISION NOVALICHES, GREATER LAGRO, QUEZON CITY, NCR, 1100",Greater Lagro,5.0,Childcare,Public,Child learning center,BLPD,14.7325273806761,121.067531868937,8:00AM,5:00PM,,,,,Administrative data
"Prime Montessori School, Inc.","B76L67, Asension Rd., Lagro, QC",Greater Lagro,5.0,Schools,Private,Elementary school,"Data_QC Caring Cities Tracker, QC Administrative Data - Private schools",14.7324769,121.0675179,,,,,,,Administrative data
"Prime Montessori School, Inc.","B76L67, Asension Rd., Lagro, QC",Greater Lagro,5.0,Schools,Private,Preschool,"Data_QC Caring Cities Tracker, QC Administrative Data - Private schools",14.7324769,121.0675179,,,,,,,Administrative data
"Prime Montessori School, Inc.","B76L67, Asension Rd., Lagro, QC",Greater Lagro,5.0,Schools,Private,Junior high school,"Data_QC Caring Cities Tracker, QC Administrative Data - Private schools",14.7324769,121.0675179,,,,,,,Administrative data
PRIMEFIL PSYCHOLOGICAL SERVICES,"UNIT 814, EMERALD SQUARE , J. P RIZAL ST, MILAGROSA, QUEZON CITY, NCR, 1109",Milagrosa,3.0,Long-term care and rehabilitation services,,Psychological clinic,BLPD,14.6221881113054,121.071564845787,8:00AM,5:00PM,,,,,Administrative data
PRIMOCARE THERAPY CENTER,"SPACE 2 & 3 3/F, SCOUT CENTER BLDG., 38 SCOUT LIMBAGA COR. 55 SCOUT TOBIAS, LAGING HANDA, QUEZON CITY, NCR, 1103",Laging Handa,4.0,Long-term care and rehabilitation services,,Physical therapy clinic,BLPD,14.6340810293053,121.030519908996,8:00AM,5:00PM,,,,,Administrative data
"Prince Nikki School, Inc","#2718 Pinagkaisa St. Brgy Commonwealth , QC",Commonwealth,2.0,Schools,Private,Preschool,"Data_QC Caring Cities Tracker, QC Administrative Data - Private schools",14.702503,121.0906881,,,,,,,Administrative data
"Prince Nikki School, Inc","#2718 Pinagkaisa St. Brgy Commonwealth , QC",Commonwealth,2.0,Schools,Private,Elementary school,"Data_QC Caring Cities Tracker, QC Administrative Data - Private schools",14.702503,121.0906881,,,,,,,Administrative data
"Prince Nikki School, Inc","#2718 Pinagkaisa St. Brgy Commonwealth , QC",Commonwealth,2.0,Schools,Private,Junior high school,"Data_QC Caring Cities Tracker, QC Administrative Data - Private schools",14.702503,121.0906881,,,,,,,Administrative data
Progeny Ardent School Inc.,"338 Leyte Gulf St., Area II, Vet. Viil., Holy Spirit, QC",Holy Spirit,2.0,Schools,Private,Junior high school,"Data_QC Caring Cities Tracker, QC Administrative Data - Private schools",14.683702,121.0702549,,,,,,,Administrative data
Progeny Ardent School Inc.,"338 Leyte Gulf St., Area II, Vet. Viil., Holy Spirit, QC",Holy Spirit,2.0,Schools,Private,Preschool,"Data_QC Caring Cities Tracker, QC Administrative Data - Private schools",14.683702,121.0702549,,,,,,,Administrative data
Progeny Ardent School Inc.,"338 Leyte Gulf St., Area II, Vet. Viil., Holy Spirit, QC",Holy Spirit,2.0,Schools,Private,Elementary school,"Data_QC Caring Cities Tracker, QC Administrative Data - Private schools",14.683702,121.0702549,,,,,,,Administrative data
Progressive Little Saints Lrng Ctr. Inc,"51 10th St., Rolling Hills Vill., Damayang Lagi, QC",Damayang Lagi,4.0,Schools,Private,Preschool,"Data_QC Caring Cities Tracker, QC Administrative Data - Private schools",14.6174091,121.0259395,,,,,,,Administrative data
Progressive Little Saints Lrng Ctr. Inc,"51 10th St., Rolling Hills Vill., Damayang Lagi, QC",Damayang Lagi,4.0,Schools,Private,Elementary school,"Data_QC Caring Cities Tracker, QC Administrative Data - Private schools",14.6174091,121.0259395,,,,,,,Administrative data
PROGRESSIVE MINDS LEARNING AND TUTORIAL CENTER INC.,"# 2, ALABAMA ST. COR E. RODRIGUEZ SR. AVE, KRISTONG HARI, QUEZON CITY, NCR, 1112",Kristong Hari,4.0,Childcare,Public,Child learning center,BLPD,14.6241157541436,121.03234595,8:00AM,5:00PM,,,,,Administrative data
Project 3 Elementary School,,Duyan-Duyan,3.0,Schools,Public,Elementary school,"Data_QC Caring Cities Tracker, QC Administrative Data - Public schools",14.6306614,121.0677732,,,,,,,Administrative data
Project 6,Alley 3 Project 6,Project 6,1.0,Childcare,Public,Child development center and supervised neighborhood play,"Data_QC Caring Cities Tracker, QC Administrative Data - Child",14.6619626,121.0403396,,,,,,,Administrative data
Project 6 Special Science Elementary School,,Project 6,1.0,Schools,Public,Elementary school,"Data_QC Caring Cities Tracker, QC Administrative Data - Public schools",14.662485,121.0397709,,,,,,,Administrative data
PSYCH PROFILE CENTER FOR PSYCHOLOGICAL ASSESSMENT SERVICES,"UNIT 401A, BALGAN PLACE 3, 140 KALAYAAN AVENUE, CENTRAL, QUEZON CITY, NCR, 1100",Central,4.0,Long-term care and rehabilitation services,,Psychological clinic,BLPD,14.6469098104318,121.052436492437,8:00AM,5:00PM,,,,,Administrative data
PSYCHCONSULT INC.,"UNIT 227, REGALA PARK TOWER , 150 P. TUAZON BLVD. , SOCORRO, QUEZON CITY, NCR, 1109",Socorro,3.0,Long-term care and rehabilitation services,,Psychological clinic,BLPD,14.6162234,121.0533017,8:00AM,5:00PM,,,,,Administrative data
PSYCHVENTURES INC.,"UNIT 227, REGALIA PARK TOWERS, P. TUAZON BLVD., SOCORRO, QUEZON CITY, NCR, 1109",Socorro,3.0,Long-term care and rehabilitation services,,Psychological clinic,BLPD,14.6161045,121.0532644,8:30AM,5:30PM,,,,,Administrative data
Pugad Lawin HS,,Bahay Toro,1.0,Schools,Public,High school,"Data_QC Caring Cities Tracker, QC Administrative Data - Public schools",14.664688,121.0164961,,,,,,,Administrative data
Pura V. Kalaw ES,,Milagrosa,3.0,Schools,Public,Elementary school,"Data_QC Caring Cities Tracker, QC Administrative Data - Public schools",14.6213937,121.0679518,,,,,,,Administrative data
Purok 12,"Purok 12, Adarna St., Brgy. Commonwealth",Commonwealth,2.0,Childcare,Public,Child development center and supervised neighborhood play,"Data_QC Caring Cities Tracker, QC Administrative Data - Child",14.694783,121.0780522,,,,,,,Administrative data
Purok 15,"Purok 15, Pinagnayon St., Brgy. Commonwealth",Commonwealth,2.0,Childcare,Public,Child development center and supervised neighborhood play,"Data_QC Caring Cities Tracker, QC Administrative Data - Child",14.6963377,121.0764738,,,,,,,Administrative data
Purok 16,"Unit V, Purok 16, Brgy. Commonwealth",Commonwealth,2.0,Childcare,Public,Child development center and supervised neighborhood play,"Data_QC Caring Cities Tracker, QC Administrative Data - Child",14.6952315,121.0755651,,,,,,,Administrative data
Purok 20,"Unit V, Purok 20, Brgy. Commonwealth",Commonwealth,2.0,Childcare,Public,Child development center and supervised neighborhood play,"Data_QC Caring Cities Tracker, QC Administrative Data - Child",14.6962539,121.073147,,,,,,,Administrative data
QC Migrants Resource center,Quezon city Hall,Central,4.0,Trainings,,QC Migrants Resource Center,"Data_QC Caring Cities Tracker, QC Migrant Workers Training",14.6464639,121.0500976,,,,,,,Administrative data
Queensland I,"Princess Grace St., Queensland Phase I Subd., Damong Maliit, Brgy. Nagkaisang Nayon",Nagkaisang Nayon,5.0,Childcare,Public,Child development center and supervised neighborhood play,"Data_QC Caring Cities Tracker, QC Administrative Data - Child",14.7279337,121.0263914,,,,,,,Administrative data
"Quezon City Academy Foundation, Inc","1144 EDSA, Ramon Magsaysay, Q.C.",Ramon Magsaysay,1.0,Schools,Private,Junior high school,"Data_QC Caring Cities Tracker, QC Administrative Data - Private schools",14.6568935,121.0258948,,,,,,,Administrative data
"Quezon City Academy Foundation, Inc","1144 EDSA, Ramon Magsaysay, Q.C.",Ramon Magsaysay,1.0,Schools,Private,Senior high school,"Data_QC Caring Cities Tracker, QC Administrative Data - Private schools",14.6568935,121.0258948,,,,,,,Administrative data
"Quezon City Adventist Elementary School, Inc.","#99 N. Ramirez St., Galas, Brgy. Don Manuel, QC",Don Manuel,4.0,Schools,Private,Elementary school,"Data_QC Caring Cities Tracker, QC Administrative Data - Private schools",14.614502,121.007449,,,,,,,Administrative data
Quezon City Christian Academy,"52 Mariano Cuenco St., Brgy. Lourdes, QC",Lourdes,1.0,Schools,Private,Preschool,"Data_QC Caring Cities Tracker, QC Administrative Data - Private schools",14.6228951,121.004467,,,,,,,Administrative data
Quezon City Christian Academy,"52 Mariano Cuenco St., Brgy. Lourdes, QC",Lourdes,1.0,Schools,Private,Elementary school,"Data_QC Caring Cities Tracker, QC Administrative Data - Private schools",14.6228951,121.004467,,,,,,,Administrative data
Quezon City Christian Academy,"52 Mariano Cuenco St., Brgy. Lourdes, QC",Lourdes,1.0,Schools,Private,Junior high school,"Data_QC Caring Cities Tracker, QC Administrative Data - Private schools",14.6228951,121.004467,,,,,,,Administrative data
Quezon City Christian Academy,"52 Mariano Cuenco St., Brgy. Lourdes, QC",Lourdes,1.0,Schools,Private,Senior high school,"Data_QC Caring Cities Tracker, QC Administrative Data - Private schools",14.6228951,121.004467,,,,,,,Administrative data
Quezon City High School,,Sacred Heart,4.0,Schools,Public,High school,"Data_QC Caring Cities Tracker, QC Administrative Data - Public schools",14.6300175,121.037631,,,,,,,Administrative data
Quezon City Kabahagi Center For Children With Disabilitites,"Greenville Dr, Quezon City, Metro Manila",Sauyo,6.0,Long-term care and rehabilitation services,,Quezon City Kabahagi Center For Children With Disabilitites,"Data_QC Caring Cities Tracker, QC LGU Services&Locations",14.687443,121.0365682,,,,,,,Administrative data
Quezon City Kabahagi Center For Children With Disabilitites,"Serbisyong Bayan Park, Barangay Batasan Hills, Quezon City",Batasan Hills,2.0,Long-term care and rehabilitation services,,Quezon City Kabahagi Center For Children With Disabilitites,"Data_QC Caring Cities Tracker, QC LGU Services&Locations",14.690171,121.095428,,,,,,,Administrative data
Quezon City Science High School,,Sto. Cristo,1.0,Schools,Public,High school,"Data_QC Caring Cities Tracker, QC Administrative Data - Public schools",14.6587159,121.0297881,,,,,,,Administrative data
Quezon City Yakap,"QC Hall Compound, Brgy. Central (Back of QC Public Library)",Central,4.0,Childcare,Public,Child development center and supervised neighborhood play,"Data_QC Caring Cities Tracker, QC Administrative Data - Child",14.6464639,121.0500976,,,,,,,Administrative data
Quirino 2A,"Anonas St., Brgy. Quirino 2A",Quirino 2-A,3.0,Childcare,Public,Child development center and supervised neighborhood play,"Data_QC Caring Cities Tracker, QC Administrative Data - Child",14.6313245,121.0591072,,,,,,,Administrative data
Quirino 2B,"157B Pajo St., cor. Langka, Proj. 2, Brgy. Quirino 2B",Quirino 2-B,3.0,Childcare,Public,Child development center and supervised neighborhood play,"Data_QC Caring Cities Tracker, QC Administrative Data - Child",14.6327333,121.0630891,,,,,,,Administrative data
Quirino ES,,Quirino 2-B,3.0,Schools,Public,Elementary school,"Data_QC Caring Cities Tracker, QC Administrative Data - Public schools",14.631943,121.0608835,,,,,,,Administrative data
Quirino HS,,Duyan-Duyan,3.0,Schools,Public,High school,"Data_QC Caring Cities Tracker, QC Administrative Data - Public schools",14.6310241,121.0673249,,,,,,,Administrative data
R AND A LEARNING CENTER,"8, 22, SHINING HOPE PHASE 1 HOA ROQUE 1B, NAPOCOR VILLAGE, PASONG TAMO, QUEZON CITY, NCR, 1107",Pasong Tamo,6.0,Childcare,Public,Child learning center,BLPD,14.6878669156751,121.05588331713,8:00AM,12:00PM,,,,,Administrative data
R.A.K THERAPEUTIC CLINIC,"UNIT E 3RD FLR. , CAYMAN SQUARE BUILDING , 195 TANDANG SORA AVENUE , TANDANG SORA, QUEZON CITY, NCR, 1116",Tandang Sora,6.0,Long-term care and rehabilitation services,,Physical therapy clinic,BLPD,14.6757442692365,121.043289457819,10:00AM,9:00PM,,,,,Administrative data
RAM-CE PSYCHOLOGICAL & DIAGNOSTIC CENTER INC.,"#1-B, MEDINA BLDG.  3RD AVE. COR.,, B. SERRANO AVE, BAGONG LIPUNAN NG CRAME, QUEZON CITY, NCR, 1111",Bagong Lipunan Ng Crame,4.0,Long-term care and rehabilitation services,,Psychological clinic,BLPD,14.609434,121.0485865,8:00AM,5:00PM,,,,,Administrative data
Ramon Magsaysay Cubao HS,,Pinagkaisahan,4.0,Schools,Public,High school,"Data_QC Caring Cities Tracker, QC Administrative Data - Public schools",14.6274013,121.0465869,,,,,,,Administrative data
Ramon Magsaysay Elementary School,,Ramon Magsaysay,1.0,Schools,Public,Elementary school,"Data_QC Caring Cities Tracker, QC Administrative Data - Public schools",14.6286191,120.9990825,,,,,,,Administrative data
Raymundo Punongbayan ES,,Payatas,2.0,Schools,Public,Elementary school,"Data_QC Caring Cities Tracker, QC Administrative Data - Public schools",14.7274113,121.1178725,,,,,,,Administrative data
RE-LIFE PHYSIOTHERAPY SERVICES,"GF, ANONAS PRIME SQUARE BUILDING, 100 ANONAS STREET, PROJECT 3, QUIRINO 3A, QUEZON CITY, NCR, 1102",Quirino 3-A,3.0,Long-term care and rehabilitation services,,Physical therapy clinic,BLPD,14.6290478,121.0629233,10:00AM,7:00PM,,,,,Administrative data
REALIGN PHYSIOTHERAPY SERVICES,"7F, VICTORIA SPORTS TOWER STATION II, EDSA, SOUTH TRIANGLE, QUEZON CITY, NCR, 1103",South Triangle,4.0,Long-term care and rehabilitation services,,Physical therapy clinic,BLPD,14.6359614509956,121.042327151179,9:00AM,9:00PM,,,,,Administrative data
"RECOLETOS SCHOOL OF THEOLOGY, INC.","#81, ALONDRAS ST. CONGRESSIONAL AVE., MIRA-NILA HOMES, PASONG TAMO, QUEZON CITY, NCR, 1107",Pasong Tamo,6.0,Schools,Private,Private school,BLPD,14.6782773851987,121.060827812052,7:30AM,5:00PM,,,,,Administrative data
"Red Brick Academy, Inc.","#34 Beethoven St., Corner Genesis St., Greenville Subd., Brgy Sauyo, QC",Sauyo,6.0,Schools,Private,Elementary school,"Data_QC Caring Cities Tracker, QC Administrative Data - Private schools",14.689434,121.0378931,,,,,,,Administrative data
"Red Brick Academy, Inc.","#34 Beethoven St., Corner Genesis St., Greenville Subd., Brgy Sauyo, QC",Sauyo,6.0,Schools,Private,Preschool,"Data_QC Caring Cities Tracker, QC Administrative Data - Private schools",14.689434,121.0378931,,,,,,,Administrative data
"Red Brick Academy, Inc.","#34 Beethoven St., Corner Genesis St., Greenville Subd., Brgy Sauyo, QC",Sauyo,6.0,Schools,Private,Junior high school,"Data_QC Caring Cities Tracker, QC Administrative Data - Private schools",14.689434,121.0378931,,,,,,,Administrative data
Redemption 1,Parklane Ext. Gertrudes St. Livelihood Building,Sangandaan,6.0,Childcare,Public,Child development center and supervised neighborhood play,"Data_QC Caring Cities Tracker, QC Administrative Data - Child",14.6759374,121.0215639,,,,,,,Administrative data
Redemption 2,Parklane Ext. Gertrudes St. Livelihood Building,Sangandaan,6.0,Childcare,Public,Child development center and supervised neighborhood play,"Data_QC Caring Cities Tracker, QC Administrative Data - Child",14.6758698,121.0214655,,,,,,,Administrative data
REHABWISE PAIN AND MOBILITY CLINIC,"UNIT 304 & 305 3/F, NORTHLINK BLDG., SM CITY,  EDSA, CORNER NORTH AVENUE, STO. CRISTO, QUEZON CITY, NCR, 1105",Sto. Cristo,1.0,Long-term care and rehabilitation services,,Rehabilitation clinic,BLPD,14.6576411242581,121.029439134178,9:00AM,5:00PM,,,,,Administrative data
REHUB PHYSICAL THERAPY AND RECOVERY CLINIC OPC,"2F, CELEBRITY SPORTS PLAZA ,, CAPITOL HILLS DRIVE, MATANDANG BALARA, QUEZON CITY, NCR, 1119",Matandang Balara,3.0,Long-term care and rehabilitation services,,Physical therapy clinic,BLPD,14.6655739804072,121.080013210034,8:00AM,8:00PM,,,,,Administrative data
Remarville,"Asteroid St. cor. Pisces St., Remarville Subd., Brgy. Bagbag",Bagbag,5.0,Childcare,Public,Child development center and supervised neighborhood play,"Data_QC Caring Cities Tracker, QC Administrative Data - Child",14.6956258,121.0388959,,,,,,,Administrative data
"Resurrection Catholic School, Inc.","Parokya Rd., Bagbag, Nova., QC",Bagbag,5.0,Schools,Private,Preschool,"Data_QC Caring Cities Tracker, QC Administrative Data - Private schools",14.6960442,121.0319184,,,,,,,Administrative data
"Resurrection Catholic School, Inc.","Parokya Rd., Bagbag, Nova., QC",Bagbag,5.0,Schools,Private,Elementary school,"Data_QC Caring Cities Tracker, QC Administrative Data - Private schools",14.6960442,121.0319184,,,,,,,Administrative data
"Resurrection Catholic School, Inc.","Parokya Rd., Bagbag, Nova., QC",Bagbag,5.0,Schools,Private,Junior high school,"Data_QC Caring Cities Tracker, QC Administrative Data - Private schools",14.6960442,121.0319184,,,,,,,Administrative data
"Resurrection Catholic School, Inc.","Parokya Rd., Bagbag, Nova., QC",Bagbag,5.0,Schools,Private,Senior high school,"Data_QC Caring Cities Tracker, QC Administrative Data - Private schools",14.6960442,121.0319184,,,,,,,Administrative data
RIGHT START COMMUNITY DEVELOPMENT INC.,"33, MARIPOSA ST., BAGONG LIPUNAN NG CRAME, QUEZON CITY, NCR, 1111",Bagong Lipunan Ng Crame,4.0,Childcare,Public,Child learning center,BLPD,14.6116268646742,121.051231891663,9:00AM,5:00PM,,,,,Administrative data
RISE AND REHAB INCORPORATED,"3RD FLOOR , 172, D. TUAZON ST, MAHARLIKA, QUEZON CITY, NCR, 1114",Maharlika,1.0,Long-term care and rehabilitation services,,Rehabilitation clinic,BLPD,14.6317279014575,120.998836930688,8:00AM,5:00PM,,,,,Administrative data
Robina,"Robina Rd. Sierra Vista Subd., Brgy. Nagkaisang Nayon",Nagkaisang Nayon,5.0,Childcare,Public,Child development center and supervised neighborhood play,"Data_QC Caring Cities Tracker, QC Administrative Data - Child",14.7177044,121.0207475,,,,,,,Administrative data
Rolling Hills,"Purok 7, Sitio Rolling Hills (Boundary QC & Montalban)",Bagong Silangan,2.0,Childcare,Public,Child development center and supervised neighborhood play,"Data_QC Caring Cities Tracker, QC Administrative Data - Child",14.7264678,121.1203098,,,,,,,Administrative data
Rosa L. Susano - Novaliches ES,,Gulod,5.0,Schools,Public,Elementary school,"Data_QC Caring Cities Tracker, QC Administrative Data - Public schools",14.7172703,121.0407736,,,,,,,Administrative data
Roxas,Champaca cor. Dahlia St. Brgy. Roxas,Roxas,4.0,Childcare,Public,Child development center and supervised neighborhood play,"Data_QC Caring Cities Tracker, QC Administrative Data - Child",14.6287338,121.0198887,,,,,,,Administrative data
Sacred Heart Academy of Nova.,"1155 Quirino H-way, Kaligayahan,Nova., QC",Kaligayahan,5.0,Schools,Private,Preschool,"Data_QC Caring Cities Tracker, QC Administrative Data - Private schools",14.7324336,121.0490078,,,,,,,Administrative data
Sacred Heart Academy of Nova.,"1155 Quirino H-way, Kaligayahan,Nova., QC",Kaligayahan,5.0,Schools,Private,Elementary school,"Data_QC Caring Cities Tracker, QC Administrative Data - Private schools",14.7324336,121.0490078,,,,,,,Administrative data
Sacred Heart Academy of Nova.,"1155 Quirino H-way, Kaligayahan,Nova., QC",Kaligayahan,5.0,Schools,Private,Junior high school,"Data_QC Caring Cities Tracker, QC Administrative Data - Private schools",14.7324336,121.0490078,,,,,,,Administrative data
Sacred Heart Academy of Nova.,"1155 Quirino H-way, Kaligayahan,Nova., QC",Kaligayahan,5.0,Schools,Private,Senior high school,"Data_QC Caring Cities Tracker, QC Administrative Data - Private schools",14.7324336,121.0490078,,,,,,,Administrative data
"SACRED HEART ACADEMY OF NOVALICHES, INC.","1155, QUIRINO H-WAY, BAESA, QUEZON CITY, NCR, 1106",Baesa,6.0,Schools,Private,Private school,BLPD,14.6782329848695,121.016850205148,8:00AM,5:00PM,,,,,Administrative data
"Saint Joseph School of Fairview, Inc.","B64L43 Atherton St., Phase 8, North Fairview, Quezon City",North Fairview,5.0,Schools,Private,Senior high school,"Data_QC Caring Cities Tracker, QC Administrative Data - Private schools",14.7098937,121.0571316,,,,,,,Administrative data
"Saint Joseph School of Fairview, Inc.","B64L43 Atherton St., Phase 8, North Fairview, Quezon City",North Fairview,5.0,Schools,Private,Junior high school,"Data_QC Caring Cities Tracker, QC Administrative Data - Private schools",14.7098937,121.0571316,,,,,,,Administrative data
"Saint Joseph School of Fairview, Inc.","B64L43 Atherton St., Phase 8, North Fairview, Quezon City",North Fairview,5.0,Schools,Private,Preschool,"Data_QC Caring Cities Tracker, QC Administrative Data - Private schools",14.7098937,121.0571316,,,,,,,Administrative data
"Saint Joseph School of Fairview, Inc.","B64L43 Atherton St., Phase 8, North Fairview, Quezon City",North Fairview,5.0,Schools,Private,Elementary school,"Data_QC Caring Cities Tracker, QC Administrative Data - Private schools",14.7098937,121.0571316,,,,,,,Administrative data
"SAINT MARTIN DE PORRES CENTER, INC.","53, ROSARIO DR. COR. CANNON ROAD, MARIANA, QUEZON CITY, NCR, 1112",Mariana,4.0,Childcare,Public,Day care center,BLPD,14.6216278,121.0410098,8:00AM,5:00PM,,,,,Administrative data
Saint Nicholas of Bari School,"Franco Comp. Holy Cross Rd. San Bartolome, Nova, QC",San Bartolome,5.0,Schools,Private,Junior high school,"Data_QC Caring Cities Tracker, QC Administrative Data - Private schools",14.7039788,121.0262056,,,,,,,Administrative data
Saint Nicholas of Bari School,"Franco Comp. Holy Cross Rd. San Bartolome, Nova, QC",San Bartolome,5.0,Schools,Private,Preschool,"Data_QC Caring Cities Tracker, QC Administrative Data - Private schools",14.7039788,121.0262056,,,,,,,Administrative data
Saint Nicholas of Bari School,"Franco Comp. Holy Cross Rd. San Bartolome, Nova, QC",San Bartolome,5.0,Schools,Private,Elementary school,"Data_QC Caring Cities Tracker, QC Administrative Data - Private schools",14.7039788,121.0262056,,,,,,,Administrative data
"Saint Paul Educational Center- Bago Bantay, Inc.","No. 20 Road 4, Project 6, QC",Project 6,1.0,Schools,Private,Elementary school,"Data_QC Caring Cities Tracker, QC Administrative Data - Private schools",14.6625415,121.037538,,,,,,,Administrative data
"Saint Paul Educational Center- Bago Bantay, Inc.","No. 20 Road 4, Project 6, QC",Project 6,1.0,Schools,Private,Preschool,"Data_QC Caring Cities Tracker, QC Administrative Data - Private schools",14.6625415,121.037538,,,,,,,Administrative data
"Saint Paul Educational Center- Bago Bantay, Inc.","No. 8 Road 1, Project 6, QC",Project 6,1.0,Schools,Private,Preschool,"Data_QC Caring Cities Tracker, QC Administrative Data - Private schools",14.6607531,121.0373373,,,,,,,Administrative data
"Saint Paul Educational Center- Bago Bantay, Inc.","No. 8 Road 1, Project 6, QC",Project 6,1.0,Schools,Private,Elementary school,"Data_QC Caring Cities Tracker, QC Administrative Data - Private schools",14.6607531,121.0373373,,,,,,,Administrative data
"Saint Paul Educational Center Bago Bantay, Inc.","38 Palawan St., Bago Pag-asa (Main), Quezon City",Bagong Pag-Asa,1.0,Schools,Private,Preschool,"Data_QC Caring Cities Tracker, QC Administrative Data - Private schools",14.66186,121.0315778,,,,,,,Administrative data
"Saint Paul Educational Center Bago Bantay, Inc.","38 Palawan St., Bago Pag-asa (Main), Quezon City",Bagong Pag-Asa,1.0,Schools,Private,Elementary school,"Data_QC Caring Cities Tracker, QC Administrative Data - Private schools",14.66186,121.0315778,,,,,,,Administrative data
Saint Theresa's College of Quezon City,"116 D. Tuazon Ave., Brgy. Lourdes, Quezon City",Lourdes,1.0,Schools,Private,Junior high school,"Data_QC Caring Cities Tracker, QC Administrative Data - Private schools",14.6280326,121.0016124,,,,,,,Administrative data
Saint Theresa's College of Quezon City,"116 D. Tuazon Ave., Brgy. Lourdes, Quezon City",Lourdes,1.0,Schools,Private,Preschool,"Data_QC Caring Cities Tracker, QC Administrative Data - Private schools",14.6280326,121.0016124,,,,,,,Administrative data
Saint Theresa's College of Quezon City,"116 D. Tuazon Ave., Brgy. Lourdes, Quezon City",Lourdes,1.0,Schools,Private,Elementary school,"Data_QC Caring Cities Tracker, QC Administrative Data - Private schools",14.6280326,121.0016124,,,,,,,Administrative data
Saint Theresa's College of Quezon City,"116 D. Tuazon Ave., Brgy. Lourdes, Quezon City",Lourdes,1.0,Schools,Private,Senior high school,"Data_QC Caring Cities Tracker, QC Administrative Data - Private schools",14.6280326,121.0016124,,,,,,,Administrative data
SALT AND LIGHT CHILD CARE AND DEVELOPMENT INC.,"3RD FLR, PINNACLE BLDG, NO. 8 CONGRESSIONAL AVENUE EXT. , PASONG TAMO, QUEZON CITY, NCR, 1107",Pasong Tamo,6.0,Childcare,Public,Child learning center,BLPD,14.6728339,121.0622212,9:00AM,6:00PM,,,,,Administrative data
Salvacion,#74 Bulusan St.,Salvacion,1.0,Childcare,Public,Child development center and supervised neighborhood play,"Data_QC Caring Cities Tracker, QC Administrative Data - Child",14.6265535,120.9945947,,,,,,,Administrative data
Samadores,"Area 2, Luzon, Brgy. Matandang Balara",Matandang Balara,3.0,Childcare,Public,Child development center and supervised neighborhood play,"Data_QC Caring Cities Tracker, QC Administrative Data - Child",14.6703732,121.0689104,,,,,,,Administrative data
SAMAPINA,"Block 1 Lot 60 Sampaguita St. Maligaya Park, Brgy. Pasong Putik Proper",Pasong Putik Proper,5.0,Childcare,Public,Child development center and supervised neighborhood play,"Data_QC Caring Cities Tracker, QC Administrative Data - Child",14.7386762,121.0583939,,,,,,,Administrative data
Sampaguita,"Sampaguita Compound, Atlas Road, Brgy. San Bartolome",San Bartolome,5.0,Childcare,Public,Child development center and supervised neighborhood play,"Data_QC Caring Cities Tracker, QC Administrative Data - Child",14.713147,121.0293262,,,,,,,Administrative data
Samson College of Science and Technology,"587 EDSA, Cubao, Q.C",San Martin de Porres,4.0,Schools,Private,Senior high school,"Data_QC Caring Cities Tracker, QC Administrative Data - Private schools",14.6168391,121.0515932,,,,,,,Administrative data
San Agustin ES,,San Agustin,5.0,Schools,Public,Elementary school,"Data_QC Caring Cities Tracker, QC Administrative Data - Public schools",14.7281161,121.0362201,,,,,,,Administrative data
San Antonio De Padua Catholic School of Batasan Inc,"Lots 1C and 1D Blk. 11, San Mateo Batasan Hills, QC",Batasan Hills,2.0,Schools,Private,Preschool,"Data_QC Caring Cities Tracker, QC Administrative Data - Private schools",14.6898645,121.0975456,,,,,,,Administrative data
San Antonio De Padua Catholic School of Batasan Inc,"Lots 1C and 1D Blk. 11, San Mateo Batasan Hills, QC",Batasan Hills,2.0,Schools,Private,Elementary school,"Data_QC Caring Cities Tracker, QC Administrative Data - Private schools",14.6898645,121.0975456,,,,,,,Administrative data
San Antonio De Padua Catholic School of Batasan Inc,"Lots 1C and 1D Blk. 11, San Mateo Batasan Hills, QC",Batasan Hills,2.0,Schools,Private,Junior high school,"Data_QC Caring Cities Tracker, QC Administrative Data - Private schools",14.6898645,121.0975456,,,,,,,Administrative data
San Antonio De Padua Catholic School of Batasan Inc,"Lots 1C and 1D Blk. 11, San Mateo Batasan Hills, QC",Batasan Hills,2.0,Schools,Private,Senior high school,"Data_QC Caring Cities Tracker, QC Administrative Data - Private schools",14.6898645,121.0975456,,,,,,,Administrative data
San Antonio ES,,San Antonio,1.0,Schools,Public,Elementary school,"Data_QC Caring Cities Tracker, QC Administrative Data - Public schools",14.6562168,121.0178381,,,,,,,Administrative data
San Antonio I,173 West Riverside St.,San Antonio,1.0,Childcare,Public,Child development center and supervised neighborhood play,"Data_QC Caring Cities Tracker, QC Administrative Data - Child",14.6516477,121.0142544,,,,,,,Administrative data
San Bartolome ES,,San Bartolome,5.0,Schools,Public,Elementary school,"Data_QC Caring Cities Tracker, QC Administrative Data - Public schools",14.7013722,121.0369158,,,,,,,Administrative data
San Bartolome HS,,San Bartolome,5.0,Schools,Public,High school,"Data_QC Caring Cities Tracker, QC Administrative Data - Public schools",14.699848,121.03089,,,,,,,Administrative data
San Diego Elementary School,,Batasan Hills,2.0,Schools,Public,Elementary school,"Data_QC Caring Cities Tracker, QC Administrative Data - Public schools",14.6865761,121.094549,,,,,,,Administrative data
San Francisco ES,,Del Monte,1.0,Schools,Public,Elementary school,"Data_QC Caring Cities Tracker, QC Administrative Data - Public schools",14.6408145,121.014247,,,,,,,Administrative data
San Francisco High School,,Sto. Cristo,1.0,Schools,Public,High school,"Data_QC Caring Cities Tracker, QC Administrative Data - Public schools",14.657318,121.0279554,,,,,,,Administrative data
San Gabriel ES,,Sta. Lucia,5.0,Schools,Public,Elementary school,"Data_QC Caring Cities Tracker, QC Administrative Data - Public schools",14.7075211,121.0523893,,,,,,,Administrative data
San Isidro Galas,"Brgy. San Isidro Galas Bgy. Hall Compound, Unang Hakbang St.",San Isidro,4.0,Childcare,Public,Child development center and supervised neighborhood play,"Data_QC Caring Cities Tracker, QC Administrative Data - Child",14.61146,121.0085556,,,,,,,Administrative data
"San Isidro Labrador Catholic Sch of QC, Inc.","Philand Drive., Brgy Pasong Tamo, T-Sora, QC",Pasong Tamo,6.0,Schools,Private,Preschool,"Data_QC Caring Cities Tracker, QC Administrative Data - Private schools",14.6747888,121.0482474,,,,,,,Administrative data
"San Isidro Labrador Catholic Sch of QC, Inc.","Philand Drive., Brgy Pasong Tamo, T-Sora, QC",Pasong Tamo,6.0,Schools,Private,Elementary school,"Data_QC Caring Cities Tracker, QC Administrative Data - Private schools",14.6747888,121.0482474,,,,,,,Administrative data
"San Isidro Labrador Catholic Sch of QC, Inc.","Philand Drive., Brgy Pasong Tamo, T-Sora, QC",Pasong Tamo,6.0,Schools,Private,Junior high school,"Data_QC Caring Cities Tracker, QC Administrative Data - Private schools",14.6747888,121.0482474,,,,,,,Administrative data
"San Isidro Labrador Catholic Sch of QC, Inc.","Philand Drive., Brgy Pasong Tamo, T-Sora, QC",Pasong Tamo,6.0,Schools,Private,Senior high school,"Data_QC Caring Cities Tracker, QC Administrative Data - Private schools",14.6747888,121.0482474,,,,,,,Administrative data
San Jose,80 Tendido St.,San Jose,1.0,Childcare,Public,Child development center and supervised neighborhood play,"Data_QC Caring Cities Tracker, QC Administrative Data - Child",14.6432395,120.9943232,,,,,,,Administrative data
San Jose Elementary School,,San Jose,1.0,Schools,Public,Elementary school,"Data_QC Caring Cities Tracker, QC Administrative Data - Public schools",14.6401296,120.9934053,,,,,,,Administrative data
San Jose ES-Pag-Ibig sa Nayon Annex,,Pag-Ibig Sa Nayon,1.0,Schools,Public,Elementary school,"Data_QC Caring Cities Tracker, QC Administrative Data - Public schools",14.6465081,120.9965547,,,,,,,Administrative data
San Jose HS,,San Jose,1.0,Schools,Public,High school,"Data_QC Caring Cities Tracker, QC Administrative Data - Public schools",14.6399176,120.9941788,,,,,,,Administrative data
San Jose Seminary I,"Road 19 Bahay Toro, Proj. 8",Bahay Toro,1.0,Childcare,Public,Child development center and supervised neighborhood play,"Data_QC Caring Cities Tracker, QC Administrative Data - Child",14.664437,121.0200335,,,,,,,Administrative data
San Jose Seminary II,Road 19 Bahay Toro Proj. 8,Bahay Toro,1.0,Childcare,Public,Child development center and supervised neighborhood play,"Data_QC Caring Cities Tracker, QC Administrative Data - Child",14.664437,121.0200335,,,,,,,Administrative data
San Jose Tagapagtanggol Parochial School,"Sto. Domingo St., Doña Juana Homes, Holy Spirit, QC",Holy Spirit,2.0,Schools,Private,Preschool,"Data_QC Caring Cities Tracker, QC Administrative Data - Private schools",14.6898242,121.0858204,,,,,,,Administrative data
San Jose Tagapagtanggol Parochial School,"Sto. Domingo St., Doña Juana Homes, Holy Spirit, QC",Holy Spirit,2.0,Schools,Private,Elementary school,"Data_QC Caring Cities Tracker, QC Administrative Data - Private schools",14.6898242,121.0858204,,,,,,,Administrative data
San Jose Tagapagtanggol Parochial School,"Sto. Domingo St., Doña Juana Homes, Holy Spirit, QC",Holy Spirit,2.0,Schools,Private,Junior high school,"Data_QC Caring Cities Tracker, QC Administrative Data - Private schools",14.6898242,121.0858204,,,,,,,Administrative data
San Jose Tagapagtanggol Parochial School,"Sto. Domingo St., Doña Juana Homes, Holy Spirit, QC",Holy Spirit,2.0,Schools,Private,Senior high school,"Data_QC Caring Cities Tracker, QC Administrative Data - Private schools",14.6898242,121.0858204,,,,,,,Administrative data
San Pedro IX,Santan St. San Pedro IX Subd. Brgy. Bagbag,Bagbag,5.0,Childcare,Public,Child development center and supervised neighborhood play,"Data_QC Caring Cities Tracker, QC Administrative Data - Child",14.7008367,121.021331,,,,,,,Administrative data
San Roque,"85 19th ave., Brgy. San Roque",San Roque,3.0,Childcare,Public,Child development center and supervised neighborhood play,"Data_QC Caring Cities Tracker, QC Administrative Data - Child",14.6185279,121.0633231,,,,,,,Administrative data
San Vicente,Fatima St. cor. Maayusin Ext. Brgy. San Vicente,San Vicente,4.0,Childcare,Public,Child development center and supervised neighborhood play,"Data_QC Caring Cities Tracker, QC Administrative Data - Child",14.6526008,121.0560736,,,,,,,Administrative data
San Vicente Elementary School,,San Vicente,4.0,Schools,Public,Elementary school,"Data_QC Caring Cities Tracker, QC Administrative Data - Public schools",14.6533603,121.0569915,,,,,,,Administrative data
SANTA RAFAELA MARIA SCHOOL QUEZON CITY INC.,"#55, SALVADOR, LOYOLA HEIGHTS, QUEZON CITY, NCR, 1108",Loyola Heights,3.0,Childcare,Public,Child learning center,BLPD,14.6392477964939,121.072366640084,8:00AM,4:00PM,,,,,Administrative data
Santol,"Brgy. Santol Brgy. Hall, Silencio cor. Baloy St.",Santol,4.0,Childcare,Public,Child development center and supervised neighborhood play,"Data_QC Caring Cities Tracker, QC Administrative Data - Child",14.612333,121.0145453,,,,,,,Administrative data
SAPAMANAI,"2nd Floor SAPAMANAI Bldg., Molave St. cor Mahogany St. Brgy Fairview",Fairview,5.0,Childcare,Public,Child development center and supervised neighborhood play,"Data_QC Caring Cities Tracker, QC Administrative Data - Child",14.7105643,121.0691961,,,,,,,Administrative data
Sapang Kangkong,"168 Kilusan St., Brgy. Matandang Balara",Matandang Balara,3.0,Childcare,Public,Child development center and supervised neighborhood play,"Data_QC Caring Cities Tracker, QC Administrative Data - Child",14.6717796,121.0743781,,,,,,,Administrative data
SAPULPAYA PHYSICAL THERAPY CLINIC,"UNIT 1E, 208 BANLAT ROAD, TANDANG SORA, QUEZON CITY, NCR, 1116",Tandang Sora,6.0,Long-term care and rehabilitation services,,Physical therapy clinic,BLPD,14.6812951,121.0467627,8:00AM,6:00PM,,,,,Administrative data
Sauyo ES,,Sauyo,6.0,Schools,Public,Elementary school,"Data_QC Caring Cities Tracker, QC Administrative Data - Public schools",14.6895958,121.0432748,,,,,,,Administrative data
Sauyo HS,,Sauyo,6.0,Schools,Public,High school,"Data_QC Caring Cities Tracker, QC Administrative Data - Public schools",14.6911162,121.0481764,,,,,,,Administrative data
School of St. Anthony,"B89 L 43 C Lagro Subd., Nova., QC",Novaliches Proper,5.0,Schools,Private,Elementary school,"Data_QC Caring Cities Tracker, QC Administrative Data - Private schools",14.720093,121.0378102,,,,,,,Administrative data
School of St. Anthony,"B89 L 43 C Lagro Subd., Nova., QC",Novaliches Proper,5.0,Schools,Private,Preschool,"Data_QC Caring Cities Tracker, QC Administrative Data - Private schools",14.720093,121.0378102,,,,,,,Administrative data
School of St. Anthony,"B89 L 43 C Lagro Subd., Nova., QC",Novaliches Proper,5.0,Schools,Private,Junior high school,"Data_QC Caring Cities Tracker, QC Administrative Data - Private schools",14.720093,121.0378102,,,,,,,Administrative data
"SCHOOL OF ST. ANTHONY, INC.","B89 L43-C, ASCENSION ST., GREATER LAGRO, QUEZON CITY, NCR, 1100",Greater Lagro,5.0,Schools,Private,Private school,BLPD,14.7256550791467,121.066740125045,8:00AM,5:00PM,,,,,Administrative data
"SCHOOL OF ST. ANTHONY, INC.","BLK 111 LOT 10, 10, MINDANAO AVE., NEOPOLITAN 1, GREATER LAGRO, QUEZON CITY, NCR, 1100",Greater Lagro,5.0,Schools,Private,Private school,BLPD,14.7344454,121.0670245,7:00AM,5:00PM,,,,,Administrative data
School of the Holy Spirit of Quezon City,"F. Sotto, Capitol Hills, Holy Spirit, QC",Holy Spirit,2.0,Schools,Private,Junior high school,"Data_QC Caring Cities Tracker, QC Administrative Data - Private schools",14.6905706,121.0726215,,,,,,,Administrative data
School of the Holy Spirit of Quezon City,"F. Sotto, Capitol Hills, Holy Spirit, QC",Holy Spirit,2.0,Schools,Private,Preschool,"Data_QC Caring Cities Tracker, QC Administrative Data - Private schools",14.6905706,121.0726215,,,,,,,Administrative data
School of the Holy Spirit of Quezon City,"F. Sotto, Capitol Hills, Holy Spirit, QC",Holy Spirit,2.0,Schools,Private,Elementary school,"Data_QC Caring Cities Tracker, QC Administrative Data - Private schools",14.6905706,121.0726215,,,,,,,Administrative data
School of the Holy Spirit of Quezon City,"F. Sotto, Capitol Hills, Holy Spirit, QC",Holy Spirit,2.0,Schools,Private,Senior high school,"Data_QC Caring Cities Tracker, QC Administrative Data - Private schools",14.6905706,121.0726215,,,,,,,Administrative data
SCOTTLAND INC.,"SPACE 307293, TRINOMA EDSA COR, BAGONG PAG-ASA, QUEZON CITY, NCR, 1105",Bagong Pag-Asa,1.0,Long-term care and rehabilitation services,,Therapeutic clinic,BLPD,14.6550644177507,121.033635398059,8:00AM,8:00PM,,,,,Administrative data
"Sergio Osmeña, Sr. High School",,Masambong,1.0,Schools,Public,High school,"Data_QC Caring Cities Tracker, QC Administrative Data - Public schools",14.639417,121.007103,,,,,,,Administrative data
"Shepherd's Hand Learning Center of Quezon City, Inc.","#27 Rose St., Area 9, Veterans Vill., Brgy. Pasong Tamo, QC",Pasong Tamo,6.0,Schools,Private,Preschool,"Data_QC Caring Cities Tracker, QC Administrative Data - Private schools",14.6763382,121.0661421,,,,,,,Administrative data
"Shepherd's Hand Learning Center of Quezon City, Inc.","#27 Rose St., Area 9, Veterans Vill., Brgy. Pasong Tamo, QC",Pasong Tamo,6.0,Schools,Private,Elementary school,"Data_QC Caring Cities Tracker, QC Administrative Data - Private schools",14.6763382,121.0661421,,,,,,,Administrative data
Shining Hope Academy,"21 Tulips St., St. Dominic 4, T-sora, Culiat, QC",Culiat,6.0,Schools,Private,Preschool,"Data_QC Caring Cities Tracker, QC Administrative Data - Private schools",14.6725041,121.0548047,,,,,,,Administrative data
Shining Hope Academy,"21 Tulips St., St. Dominic 4, T-sora, Culiat, QC",Culiat,6.0,Schools,Private,Elementary school,"Data_QC Caring Cities Tracker, QC Administrative Data - Private schools",14.6725041,121.0548047,,,,,,,Administrative data
Shining Hope Academy,"21 Tulips St., St. Dominic 4, T-sora, Culiat, QC",Culiat,6.0,Schools,Private,Junior high school,"Data_QC Caring Cities Tracker, QC Administrative Data - Private schools",14.6725041,121.0548047,,,,,,,Administrative data
SHINING STARS CHILD DEVELOPMENT TUTORIAL CENTER,"2F - 1C  1D,  PEARL DRIVE COMMERCIAL CENTER , COMMONWEALTH AVE CORNER PEARL STREET, FAIRVIEW, QUEZON CITY, NCR, 1118",Fairview,5.0,Childcare,Public,Child learning center,BLPD,14.7058824449395,121.073186401852,8:00AM,5:00PM,,,,,Administrative data
Silangan,"193 Ermin Garcia St., Cubao, Brgy. Silangan",Silangan,3.0,Childcare,Public,Child development center and supervised neighborhood play,"Data_QC Caring Cities Tracker, QC Administrative Data - Child",14.6289309,121.0561355,,,,,,,Administrative data
SILOAM CHRISTIAN ACADEMY INC.,"2, SAN ISIDRO LABRADOR, PAYATAS, QUEZON CITY, NCR, 1119",Payatas,2.0,Schools,Private,Private school,BLPD,14.7065384041681,121.09450085,8:00AM,5:00PM,,,,,Administrative data
"Siloam Christian Academy, Inc.","2 San Isidro Labrador St., Payatas A, QC",Payatas,2.0,Schools,Private,Preschool,"Data_QC Caring Cities Tracker, QC Administrative Data - Private schools",14.7183298,121.1108895,,,,,,,Administrative data
"Siloam Christian Academy, Inc.","2 San Isidro Labrador St., Payatas A, QC",Payatas,2.0,Schools,Private,Elementary school,"Data_QC Caring Cities Tracker, QC Administrative Data - Private schools",14.7183298,121.1108895,,,,,,,Administrative data
"Siloam Christian Academy, Inc.","2 San Isidro Labrador St., Payatas A, QC",Payatas,2.0,Schools,Private,Junior high school,"Data_QC Caring Cities Tracker, QC Administrative Data - Private schools",14.7183298,121.1108895,,,,,,,Administrative data
Sinag-Tala ES,,San Antonio,1.0,Schools,Public,Elementary school,"Data_QC Caring Cities Tracker, QC Administrative Data - Public schools",14.650109,121.015983,,,,,,,Administrative data
SISIDLAN INSTITUTE INC.,"98, MATATAG ST., CENTRAL, QUEZON CITY, NCR, 1100",Central,4.0,Schools,Private,Parent-child class,BLPD,14.6406304,121.0496454,9:00AM,4:00PM,,,,,Administrative data
"Sister Maria Carmela Brescia Found., Inc","Marytown Circle, Greenfields, Brgy. Kaligayahan, Nova., QC",Kaligayahan,5.0,Schools,Private,Preschool,"Data_QC Caring Cities Tracker, QC Administrative Data - Private schools",14.7326737,121.0417217,,,,,,,Administrative data
"Sister Maria Carmela Brescia Found., Inc","Marytown Circle, Greenfields, Brgy. Kaligayahan, Nova., QC",Kaligayahan,5.0,Schools,Private,Elementary school,"Data_QC Caring Cities Tracker, QC Administrative Data - Private schools",14.7326737,121.0417217,,,,,,,Administrative data
Sistrs. of Mt. Carmel Catholic Sch.,"6 Carmel St., Fairview Park, QC",Fairview,5.0,Schools,Private,Senior high school,"Data_QC Caring Cities Tracker, QC Administrative Data - Private schools",14.6963165,121.0705939,,,,,,,Administrative data
Sistrs. of Mt. Carmel Catholic Sch.,"6 Carmel St., Fairview Park, QC",Fairview,5.0,Schools,Private,Preschool,"Data_QC Caring Cities Tracker, QC Administrative Data - Private schools",14.6963165,121.0705939,,,,,,,Administrative data
Sistrs. of Mt. Carmel Catholic Sch.,"6 Carmel St., Fairview Park, QC",Fairview,5.0,Schools,Private,Elementary school,"Data_QC Caring Cities Tracker, QC Administrative Data - Private schools",14.6963165,121.0705939,,,,,,,Administrative data
Sistrs. of Mt. Carmel Catholic Sch.,"6 Carmel St., Fairview Park, QC",Fairview,5.0,Schools,Private,Junior high school,"Data_QC Caring Cities Tracker, QC Administrative Data - Private schools",14.6963165,121.0705939,,,,,,,Administrative data
Sitio 6,"Lot 18 Blk 52, Abad Santos St, Sitio 6, Brgy. Sta Lucia",Sta. Lucia,5.0,Childcare,Public,Child development center and supervised neighborhood play,"Data_QC Caring Cities Tracker, QC Administrative Data - Child",14.708652,121.0517908,,,,,,,Administrative data
Sitio Cabuyao I,"Area 5a, Sauyo Road",Sauyo,6.0,Childcare,Public,Child development center and supervised neighborhood play,"Data_QC Caring Cities Tracker, QC Administrative Data - Child",14.6888669,121.0322259,,,,,,,Administrative data
Sitio Kislap,"Sitio Kislap Pearl St, Brgy. Fairview",Fairview,5.0,Childcare,Public,Child development center and supervised neighborhood play,"Data_QC Caring Cities Tracker, QC Administrative Data - Child",14.7075388,121.0729959,,,,,,,Administrative data
Sitio Lambak,Flores St. Brgy. Krus Na Ligas,Krus Na Ligas,4.0,Childcare,Public,Child development center and supervised neighborhood play,"Data_QC Caring Cities Tracker, QC Administrative Data - Child",14.6407989,121.0630151,,,,,,,Administrative data
Sitio Maligaya I,14 Bayanihan Drive,Bahay Toro,1.0,Childcare,Public,Child development center and supervised neighborhood play,"Data_QC Caring Cities Tracker, QC Administrative Data - Child",14.6682388,121.0239018,,,,,,,Administrative data
Sitio Pajo,GK Sitio Pajo,Baesa,6.0,Childcare,Public,Child development center and supervised neighborhood play,"Data_QC Caring Cities Tracker, QC Administrative Data - Child",14.6626972,121.0145391,,,,,,,Administrative data
Sitio RABOSNA,"14 Ruby St Sitio Rabosna, Brgy. Fairview",Fairview,5.0,Childcare,Public,Child development center and supervised neighborhood play,"Data_QC Caring Cities Tracker, QC Administrative Data - Child",14.7098201,121.0674574,,,,,,,Administrative data
Sitio Ruby,"Sitio Ruby St. SERNAI East Fairview, Brgy. Fairview",Fairview,5.0,Childcare,Public,Child development center and supervised neighborhood play,"Data_QC Caring Cities Tracker, QC Administrative Data - Child",14.7100359,121.0726771,,,,,,,Administrative data
Sitio Sto. Cristo,#25 Sitio Sto. Cristo,Sto. Cristo,1.0,Childcare,Public,Child development center and supervised neighborhood play,"Data_QC Caring Cities Tracker, QC Administrative Data - Child",14.6615457,121.0298333,,,,,,,Administrative data
Sitio Urlina,Sitio Urlina Lilac St. Brgy. Fairview,Fairview,5.0,Childcare,Public,Child development center and supervised neighborhood play,"Data_QC Caring Cities Tracker, QC Administrative Data - Child",14.6941097,121.0625297,,,,,,,Administrative data
Sitio Veterans I,"Ground Floor, Sitio Veterans CDC, Lot 1 Block 18, Dove St., Area 1 Sitio Veterans, corner Don Vicente St., Brgy. Bagong Silangan",Bagong Silangan,2.0,Childcare,Public,Child development center and supervised neighborhood play,"Data_QC Caring Cities Tracker, QC Administrative Data - Child",14.7070269,121.1051639,,,,,,,Administrative data
Sitio Veterans II,"Second Floor, Sitio Veterans CDC, Lot 1 Block 18, Dove St., Area 1 Sitio Veterans, corner Don Vicente St., Brgy. Bagong Silangan",Bagong Silangan,2.0,Childcare,Public,Child development center and supervised neighborhood play,"Data_QC Caring Cities Tracker, QC Administrative Data - Child",14.7070269,121.1051639,,,,,,,Administrative data
SKILLS AT PLAY THERAPY CENTER INC.,"27, J. AQUINO CRUZ, BALINGASA, QUEZON CITY, NCR, 1115",Balingasa,1.0,Long-term care and rehabilitation services,,Physical therapy clinic,BLPD,14.6482903028344,121.00423868948,8:00AM,5:00PM,,,,,Administrative data
SLDM Colleges of Quezon City,"B1L1 Salvador Ave., Cor.Quirino High-way, Jordan Plains, Brgy Sta. Monica, Nova, QC",Sta. Monica,5.0,Schools,Private,Senior high school,"Data_QC Caring Cities Tracker, QC Administrative Data - Private schools",14.722963,121.042303,,,,,,,Administrative data
"SmallVille Montessori Circulo Verde, Inc.","Unit 110 No. 7 Level 1, Calle Industrial, Circulo Verde, Bagumbayan, QC",Bagumbayan,3.0,Schools,Private,Elementary school,"Data_QC Caring Cities Tracker, QC Administrative Data - Private schools",14.6012295,121.0889182,,,,,,,Administrative data
"SmallVille Montessori Circulo Verde, Inc.","Unit 110 No. 7 Level 1, Calle Industrial, Circulo Verde, Bagumbayan, QC",Bagumbayan,3.0,Schools,Private,Preschool,"Data_QC Caring Cities Tracker, QC Administrative Data - Private schools",14.6012295,121.0889182,,,,,,,Administrative data
"Smart Angels School of Quezon City, Inc.","130 Major Marcos Veterans Vill., Brgy. Pasong Tamo, QC",Pasong Tamo,6.0,Schools,Private,Preschool,"Data_QC Caring Cities Tracker, QC Administrative Data - Private schools",14.6835487,121.0676351,,,,,,,Administrative data
"Smart Angels School of Quezon City, Inc.","130 Major Marcos Veterans Vill., Brgy. Pasong Tamo, QC",Pasong Tamo,6.0,Schools,Private,Elementary school,"Data_QC Caring Cities Tracker, QC Administrative Data - Private schools",14.6835487,121.0676351,,,,,,,Administrative data
"Smart Angels School of Quezon City, Inc.","130 Major Marcos Veterans Vill., Brgy. Pasong Tamo, QC",Pasong Tamo,6.0,Schools,Private,Junior high school,"Data_QC Caring Cities Tracker, QC Administrative Data - Private schools",14.6835487,121.0676351,,,,,,,Administrative data
SMARTYVILLE LEARNING CENTER,"UNIT 14  2ND FLOOR , GTR BLDG , NO. 2 KATIPUNAN AVE  CORNER KING FERDINAND ST, KINGS POINT SUBDIVISION , BAGBAG, QUEZON CITY, NCR, 1116",Bagbag,5.0,Childcare,Public,Child learning center,BLPD,14.6988097,121.0237153,8:00AM,5:00PM,,,,,Administrative data
Socorro,"#1 15th ave. cor. Boni Serrano Rd., Brgy. Socorro",Socorro,3.0,Childcare,Public,Child development center and supervised neighborhood play,"Data_QC Caring Cities Tracker, QC Administrative Data - Child",14.6130574,121.0624669,,,,,,,Administrative data
SOLACE CENTER FOR CBT INC.,"7/F, REGIS CENTER, 327, KATIPUNAN AVENUE, LOYOLA HEIGHTS, QUEZON CITY, NCR, 1108",Loyola Heights,3.0,Long-term care and rehabilitation services,,Psychological clinic,BLPD,14.6408561014678,121.074288197221,8:00AM,6:00PM,,,,,Administrative data
South East-Asia Institute of Trade and Technology Inc.,JB Crystal Bldg Quirino Hiway Lagro Quezon City,Greater Lagro,5.0,Schools,Private,Senior high school,"Data_QC Caring Cities Tracker, QC Administrative Data - Private schools",14.7353155,121.0666719,,,,,,,Administrative data
"South East-Asia Institute of Trade and Technology, Inc.",Crown Link Center 1 Greater Lagro Quezon City,Greater Lagro,5.0,Schools,Private,Senior high school,"Data_QC Caring Cities Tracker, QC Administrative Data - Private schools",14.7337129,121.061518,,,,,,,Administrative data
"South East Asia Mission Christian Academy (SEAMCA), Inc.","# 26 Natib St., Brgy. Kaunlaran, Cubao, Quezon City",Kaunlaran,4.0,Schools,Private,Preschool,"Data_QC Caring Cities Tracker, QC Administrative Data - Private schools",14.6185588,121.0469699,,,,,,,Administrative data
"South East Asia Mission Christian Academy (SEAMCA), Inc.","# 26 Natib St., Brgy. Kaunlaran, Cubao, Quezon City",Kaunlaran,4.0,Schools,Private,Elementary school,"Data_QC Caring Cities Tracker, QC Administrative Data - Private schools",14.6185588,121.0469699,,,,,,,Administrative data
"South East Asia Mission Christian Academy (SEAMCA), Inc.","# 26 Natib St., Brgy. Kaunlaran, Cubao, Quezon City",Kaunlaran,4.0,Schools,Private,Junior high school,"Data_QC Caring Cities Tracker, QC Administrative Data - Private schools",14.6185588,121.0469699,,,,,,,Administrative data
"South East Asia Mission Christian Academy (SEAMCA), Inc.","# 26 Natib St., Brgy. Kaunlaran, Cubao, Quezon City",Kaunlaran,4.0,Schools,Private,Senior high school,"Data_QC Caring Cities Tracker, QC Administrative Data - Private schools",14.6185588,121.0469699,,,,,,,Administrative data
South Triangle,Brgy. South Triangle Barangay Hall Sct. Bayoran St.,South Triangle,4.0,Childcare,Public,Child development center and supervised neighborhood play,"Data_QC Caring Cities Tracker, QC Administrative Data - Child",14.6377557,121.0374221,,,,,,,Administrative data
SPA MERAKI OPC,"MEZZANINE FLR., CORONET COMMERCIAL  THEATRE BUILDING, IMPERIAL ST. CUBAO, E. RODRIGUEZ, QUEZON CITY, NCR, 1102",E. Rodriguez,3.0,Long-term care and rehabilitation services,,Therapeutic clinic,BLPD,14.6235751613105,121.053985952125,8:00AM,5:00PM,,,,,Administrative data
SPORTS HEALTH AND WELLNESS INTERNATIONAL INC.,"L38, B57, MISA DE GALLO ST, LAGRO SUBDIVISION, GREATER LAGRO, QUEZON CITY, NCR, 1100",Greater Lagro,5.0,Long-term care and rehabilitation services,,Physical therapy clinic,BLPD,14.7274584113879,121.06405635865,9:00AM,4:00PM,,,,,Administrative data
Springfield School of Nova.,"726 Quirino H-way, Brgy. San Bartolome, Nova.",San Bartolome,5.0,Schools,Private,Senior high school,"Data_QC Caring Cities Tracker, QC Administrative Data - Private schools",14.7034047,121.0365923,,,,,,,Administrative data
Springfield School of Nova.,"726 Quirino H-way, Brgy. San Bartolome, Nova.",San Bartolome,5.0,Schools,Private,Elementary school,"Data_QC Caring Cities Tracker, QC Administrative Data - Private schools",14.7034047,121.0365923,,,,,,,Administrative data
Springfield School of Nova.,"726 Quirino H-way, Brgy. San Bartolome, Nova.",San Bartolome,5.0,Schools,Private,Junior high school,"Data_QC Caring Cities Tracker, QC Administrative Data - Private schools",14.7034047,121.0365923,,,,,,,Administrative data
Springfield School of Nova.,"726 Quirino H-way, Brgy. San Bartolome, Nova.",San Bartolome,5.0,Schools,Private,Preschool,"Data_QC Caring Cities Tracker, QC Administrative Data - Private schools",14.7034047,121.0365923,,,,,,,Administrative data
SPRINGLIFE THERAPEUTIC COMMUNITY INC.,"122, WEST AVENUE, PHIL-AM, QUEZON CITY, NCR, 1103",Phil-Am,1.0,Long-term care and rehabilitation services,,Psychological clinic,BLPD,14.6505331642826,121.029086696216,9:00AM,5:00PM,,,,,Administrative data
"St. Alexis Community School of Quezon City, Inc.","#27 Diego Silang St., Rivera Ville, Sta Lucia, Nova., QC",Sta. Lucia,5.0,Schools,Private,Preschool,"Data_QC Caring Cities Tracker, QC Administrative Data - Private schools",14.7034524,121.049209,,,,,,,Administrative data
"St. Alexis Community School of Quezon City, Inc.","#27 Diego Silang St., Rivera Ville, Sta Lucia, Nova., QC",Sta. Lucia,5.0,Schools,Private,Elementary school,"Data_QC Caring Cities Tracker, QC Administrative Data - Private schools",14.7034524,121.049209,,,,,,,Administrative data
"St. Alexis Community School of Quezon City, Inc.","#27 Diego Silang St., Rivera Ville, Sta Lucia, Nova., QC",Sta. Lucia,5.0,Schools,Private,Junior high school,"Data_QC Caring Cities Tracker, QC Administrative Data - Private schools",14.7034524,121.049209,,,,,,,Administrative data
St. Andrew,"Sampaguita St., Dantes Subd., Damong Maliit, Brgy. Nagkaisang Nayon",Nagkaisang Nayon,5.0,Childcare,Public,Child development center and supervised neighborhood play,"Data_QC Caring Cities Tracker, QC Administrative Data - Child",14.7241438,121.0326538,,,,,,,Administrative data
St. Andrew Academy Of Quezon City,"233 AFP Rd., Veterans Vill., Holy Spirit, QC",Holy Spirit,2.0,Schools,Private,Preschool,"Data_QC Caring Cities Tracker, QC Administrative Data - Private schools",14.6841383,121.0713193,,,,,,,Administrative data
St. Andrew Academy Of Quezon City,"233 AFP Rd., Veterans Vill., Holy Spirit, QC",Holy Spirit,2.0,Schools,Private,Elementary school,"Data_QC Caring Cities Tracker, QC Administrative Data - Private schools",14.6841383,121.0713193,,,,,,,Administrative data
St. Andrew Academy Of Quezon City,"233 AFP Rd., Veterans Vill., Holy Spirit, QC",Holy Spirit,2.0,Schools,Private,Junior high school,"Data_QC Caring Cities Tracker, QC Administrative Data - Private schools",14.6841383,121.0713193,,,,,,,Administrative data
St. Andrew Academy Of Quezon City,"233 AFP Rd., Veterans Vill., Holy Spirit, QC",Holy Spirit,2.0,Schools,Private,Senior high school,"Data_QC Caring Cities Tracker, QC Administrative Data - Private schools",14.6841383,121.0713193,,,,,,,Administrative data
St. Anselm School Inc.,"No. 91 Nicanor Ramirez St. Brgy. Don Manuel, Quezon City",Don Manuel,4.0,Schools,Private,Elementary school,"Data_QC Caring Cities Tracker, QC Administrative Data - Private schools",14.614494,121.0070278,,,,,,,Administrative data
St. Anselm School Inc.,"No. 91 Nicanor Ramirez St. Brgy. Don Manuel, Quezon City",Don Manuel,4.0,Schools,Private,Preschool,"Data_QC Caring Cities Tracker, QC Administrative Data - Private schools",14.614494,121.0070278,,,,,,,Administrative data
St. Anselm School Inc.,"No. 91 Nicanor Ramirez St. Brgy. Don Manuel, Quezon City",Don Manuel,4.0,Schools,Private,Junior high school,"Data_QC Caring Cities Tracker, QC Administrative Data - Private schools",14.614494,121.0070278,,,,,,,Administrative data
St. Anselm School Inc.,"No. 91 Nicanor Ramirez St. Brgy. Don Manuel, Quezon City",Don Manuel,4.0,Schools,Private,Senior high school,"Data_QC Caring Cities Tracker, QC Administrative Data - Private schools",14.614494,121.0070278,,,,,,,Administrative data
"St. Anthony Academy of Q.C., Inc.","Himlayan Rd., Pasong Tamo, T.Sora, QC",Pasong Tamo,6.0,Schools,Private,Preschool,"Data_QC Caring Cities Tracker, QC Administrative Data - Private schools",14.6795166,121.0465051,,,,,,,Administrative data
"St. Anthony Academy of Q.C., Inc.","Himlayan Rd., Pasong Tamo, T.Sora, QC",Pasong Tamo,6.0,Schools,Private,Elementary school,"Data_QC Caring Cities Tracker, QC Administrative Data - Private schools",14.6795166,121.0465051,,,,,,,Administrative data
"St. Anthony Academy of Q.C., Inc.","Himlayan Rd., Pasong Tamo, T.Sora, QC",Pasong Tamo,6.0,Schools,Private,Junior high school,"Data_QC Caring Cities Tracker, QC Administrative Data - Private schools",14.6795166,121.0465051,,,,,,,Administrative data
"St. Anthony Academy of Q.C., Inc.","Himlayan Rd., Pasong Tamo, T.Sora, QC",Pasong Tamo,6.0,Schools,Private,Senior high school,"Data_QC Caring Cities Tracker, QC Administrative Data - Private schools",14.6795166,121.0465051,,,,,,,Administrative data
St. Anthony de Padua Lrng. Ctr. (Batasan),"129 Senatorial Rd., Batasan Hills, QC",Batasan Hills,2.0,Schools,Private,Preschool,"Data_QC Caring Cities Tracker, QC Administrative Data - Private schools",14.6845822,121.0976959,,,,,,,Administrative data
St. Anthony de Padua Lrng. Ctr. (Batasan),"129 Senatorial Rd., Batasan Hills, QC",Batasan Hills,2.0,Schools,Private,Elementary school,"Data_QC Caring Cities Tracker, QC Administrative Data - Private schools",14.6845822,121.0976959,,,,,,,Administrative data
St. Anthony Lrng. Inst. Of QC,"#34 San Pedro St., Campsite, Payatas A, Q.C.",Payatas,2.0,Schools,Private,Preschool,"Data_QC Caring Cities Tracker, QC Administrative Data - Private schools",14.7059069,121.0958435,,,,,,,Administrative data
St. Anthony Lrng. Inst. Of QC,"#34 San Pedro St., Campsite, Payatas A, Q.C.",Payatas,2.0,Schools,Private,Elementary school,"Data_QC Caring Cities Tracker, QC Administrative Data - Private schools",14.7059069,121.0958435,,,,,,,Administrative data
St. Anthony Lrng. Inst. Of QC,"#34 San Pedro St., Campsite, Payatas A, Q.C.",Payatas,2.0,Schools,Private,Junior high school,"Data_QC Caring Cities Tracker, QC Administrative Data - Private schools",14.7059069,121.0958435,,,,,,,Administrative data
St. Anthony School of Sta. Lucia Inc.,"#33 F. Balagtas St., Sta Lucia, Novaliches, Quezon City",Sta. Lucia,5.0,Schools,Private,Preschool,"Data_QC Caring Cities Tracker, QC Administrative Data - Private schools",14.7076182,121.052143,,,,,,,Administrative data
St. Anthony School of Sta. Lucia Inc.,"#33 F. Balagtas St., Sta Lucia, Novaliches, Quezon City",Sta. Lucia,5.0,Schools,Private,Elementary school,"Data_QC Caring Cities Tracker, QC Administrative Data - Private schools",14.7076182,121.052143,,,,,,,Administrative data
St. Anthony School of Sta. Lucia Inc.,"#33 F. Balagtas St., Sta Lucia, Novaliches, Quezon City",Sta. Lucia,5.0,Schools,Private,Senior high school,"Data_QC Caring Cities Tracker, QC Administrative Data - Private schools",14.7076182,121.052143,,,,,,,Administrative data
St. Anthony School of Sta. Lucia Inc.,"#33 F. Balagtas St., Sta Lucia, Novaliches, Quezon City",Sta. Lucia,5.0,Schools,Private,Junior high school,"Data_QC Caring Cities Tracker, QC Administrative Data - Private schools",14.7076182,121.052143,,,,,,,Administrative data
"St. Augustine College - Quezon City, Inc.","1115 DHC Bldg. EDSA, Brgy. Veterans Village, Q.C.",Veterans Village,1.0,Schools,Private,Senior high school,"Data_QC Caring Cities Tracker, QC Administrative Data - Private schools",14.655812,121.027525,,,,,,,Administrative data
St. Bridget School,"1047 Aurora Blvd., Brgy. Duyan-duyan, QC",Duyan-Duyan,3.0,Schools,Private,Preschool,"Data_QC Caring Cities Tracker, QC Administrative Data - Private schools",14.6288682,121.0676649,,,,,,,Administrative data
St. Bridget School,"1047 Aurora Blvd., Brgy. Duyan-duyan, QC",Duyan-Duyan,3.0,Schools,Private,Elementary school,"Data_QC Caring Cities Tracker, QC Administrative Data - Private schools",14.6288682,121.0676649,,,,,,,Administrative data
St. Bridget School,"1047 Aurora Blvd., Brgy. Duyan-duyan, QC",Duyan-Duyan,3.0,Schools,Private,Junior high school,"Data_QC Caring Cities Tracker, QC Administrative Data - Private schools",14.6288682,121.0676649,,,,,,,Administrative data
St. Bridget School,"1047 Aurora Blvd., Brgy. Duyan-duyan, QC",Duyan-Duyan,3.0,Schools,Private,Senior high school,"Data_QC Caring Cities Tracker, QC Administrative Data - Private schools",14.6288682,121.0676649,,,,,,,Administrative data
"St. Carmen Salles School, Inc","57 V.S Encarnacion St., B.F Homes Subd. Holy Spirit 1127 Quezon City",Holy Spirit,2.0,Schools,Private,Preschool,"Data_QC Caring Cities Tracker, QC Administrative Data - Private schools",14.6918692,121.0725097,,,,,,,Administrative data
"St. Carmen Salles School, Inc","57 V.S Encarnacion St., B.F Homes Subd. Holy Spirit 1127 Quezon City",Holy Spirit,2.0,Schools,Private,Elementary school,"Data_QC Caring Cities Tracker, QC Administrative Data - Private schools",14.6918692,121.0725097,,,,,,,Administrative data
"St. Carmen Salles School, Inc","57 V.S Encarnacion St., B.F Homes Subd. Holy Spirit 1127 Quezon City",Holy Spirit,2.0,Schools,Private,Junior high school,"Data_QC Caring Cities Tracker, QC Administrative Data - Private schools",14.6918692,121.0725097,,,,,,,Administrative data
"St. Carmen Salles School, Inc","57 V.S Encarnacion St., B.F Homes Subd. Holy Spirit 1127 Quezon City",Holy Spirit,2.0,Schools,Private,Senior high school,"Data_QC Caring Cities Tracker, QC Administrative Data - Private schools",14.6918692,121.0725097,,,,,,,Administrative data
"St. Claire School Basic Education, Inc.","#26 Masbate St., Brgy. Nayong Kanluran, West Ave., QC",Nayong Kanluran,1.0,Schools,Private,Preschool,"Data_QC Caring Cities Tracker, QC Administrative Data - Private schools",14.6408245,121.025178,,,,,,,Administrative data
"St. Claire School Basic Education, Inc.","#26 Masbate St., Brgy. Nayong Kanluran, West Ave., QC",Nayong Kanluran,1.0,Schools,Private,Junior high school,"Data_QC Caring Cities Tracker, QC Administrative Data - Private schools",14.6408245,121.025178,,,,,,,Administrative data
"St. Claire School Basic Education, Inc.","#26 Masbate St., Brgy. Nayong Kanluran, West Ave., QC",Nayong Kanluran,1.0,Schools,Private,Elementary school,"Data_QC Caring Cities Tracker, QC Administrative Data - Private schools",14.6408245,121.025178,,,,,,,Administrative data
"St. Claire School Basic Education, Inc.","#26 Masbate St., Brgy. Nayong Kanluran, West Ave., QC",Nayong Kanluran,1.0,Schools,Private,Senior high school,"Data_QC Caring Cities Tracker, QC Administrative Data - Private schools",14.6408245,121.025178,,,,,,,Administrative data
St. Francis,"Barangay Hall Compd., Patnubay Street, St. Francis Village",San Agustin,5.0,Childcare,Public,Child development center and supervised neighborhood play,"Data_QC Caring Cities Tracker, QC Administrative Data - Child",14.7292606,121.0384666,,,,,,,Administrative data
St. Francis De Assissi School of Q.C.,"3 Kalayaaan B., Brgy. Batasan Hills, QC",Batasan Hills,2.0,Schools,Private,Elementary school,"Data_QC Caring Cities Tracker, QC Administrative Data - Private schools",14.6890746,121.092598,,,,,,,Administrative data
St. Francis De Assissi School of Q.C.,"3 Kalayaaan B., Brgy. Batasan Hills, QC",Batasan Hills,2.0,Schools,Private,Senior high school,"Data_QC Caring Cities Tracker, QC Administrative Data - Private schools",14.6890746,121.092598,,,,,,,Administrative data
St. Francis De Assissi School of Q.C.,"3 Kalayaaan B., Brgy. Batasan Hills, QC",Batasan Hills,2.0,Schools,Private,Preschool,"Data_QC Caring Cities Tracker, QC Administrative Data - Private schools",14.6890746,121.092598,,,,,,,Administrative data
St. Francis De Assissi School of Q.C.,"3 Kalayaaan B., Brgy. Batasan Hills, QC",Batasan Hills,2.0,Schools,Private,Junior high school,"Data_QC Caring Cities Tracker, QC Administrative Data - Private schools",14.6890746,121.092598,,,,,,,Administrative data
St. Francis Divine College,"12 St., Dominic Subd.,Brgy. Kaligayahan, Nova., QC",Kaligayahan,5.0,Schools,Private,Senior high school,"Data_QC Caring Cities Tracker, QC Administrative Data - Private schools",14.7326737,121.0417217,,,,,,,Administrative data
"St. Francis School - VSA Arts Philippines, Inc","563 Balabac Cor. Kapiligan Sts. Brgy Doña Imelda, QC",Doña Imelda,4.0,Schools,Private,Elementary school,"Data_QC Caring Cities Tracker, QC Administrative Data - Private schools",14.6180629,121.0169974,,,,,,,Administrative data
"St. Francis School - VSA Arts Philippines, Inc","563 Balabac Cor. Kapiligan Sts. Brgy Doña Imelda, QC",Doña Imelda,4.0,Schools,Private,Special Education Program,"Data_QC Caring Cities Tracker, QC Administrative Data - Private schools",14.6180629,121.0169974,,,,,,,Administrative data
"St. Francis School - VSA Arts Philippines, Inc","563 Balabac Cor. Kapiligan Sts. Brgy Doña Imelda, QC",Doña Imelda,4.0,Schools,Private,Preschool,"Data_QC Caring Cities Tracker, QC Administrative Data - Private schools",14.6180629,121.0169974,,,,,,,Administrative data
St. Gertrude School of Novaliches Inc.,"#6 Scorpio St., Solville, Brgy. Talipapa, Nova, QC",Talipapa,6.0,Schools,Private,Elementary school,"Data_QC Caring Cities Tracker, QC Administrative Data - Private schools",14.6915623,121.0257102,,,,,,,Administrative data
St. Gertrude School of Novaliches Inc.,"#6 Scorpio St., Solville, Brgy. Talipapa, Nova, QC",Talipapa,6.0,Schools,Private,Preschool,"Data_QC Caring Cities Tracker, QC Administrative Data - Private schools",14.6915623,121.0257102,,,,,,,Administrative data
St. Gertrude School of Novaliches Inc.,"#6 Scorpio St., Solville, Brgy. Talipapa, Nova, QC",Talipapa,6.0,Schools,Private,Senior high school,"Data_QC Caring Cities Tracker, QC Administrative Data - Private schools",14.6915623,121.0257102,,,,,,,Administrative data
St. Gertrude School of Novaliches Inc.,"#6 Scorpio St., Solville, Brgy. Talipapa, Nova, QC",Talipapa,6.0,Schools,Private,Junior high school,"Data_QC Caring Cities Tracker, QC Administrative Data - Private schools",14.6915623,121.0257102,,,,,,,Administrative data
St. Gregory Lrng. Ctr.,"Everlasting St., Brgy. Payatas A., QC",Payatas,2.0,Schools,Private,Preschool,"Data_QC Caring Cities Tracker, QC Administrative Data - Private schools",14.6997779,121.0913788,,,,,,,Administrative data
St. Gregory Lrng. Ctr.,"Everlasting St., Brgy. Payatas A., QC",Payatas,2.0,Schools,Private,Elementary school,"Data_QC Caring Cities Tracker, QC Administrative Data - Private schools",14.6997779,121.0913788,,,,,,,Administrative data
St. Jerome School of Nova.,"10 Malvar St., T.S. Cruz Subd., Brgy. San Agustin, Nova., QC",San Agustin,5.0,Schools,Private,Junior high school,"Data_QC Caring Cities Tracker, QC Administrative Data - Private schools",14.7250703,121.0342667,,,,,,,Administrative data
St. Jerome School of Nova.,"10 Malvar St., T.S. Cruz Subd., Brgy. San Agustin, Nova., QC",San Agustin,5.0,Schools,Private,Preschool,"Data_QC Caring Cities Tracker, QC Administrative Data - Private schools",14.7250703,121.0342667,,,,,,,Administrative data
St. Jerome School of Nova.,"10 Malvar St., T.S. Cruz Subd., Brgy. San Agustin, Nova., QC",San Agustin,5.0,Schools,Private,Elementary school,"Data_QC Caring Cities Tracker, QC Administrative Data - Private schools",14.7250703,121.0342667,,,,,,,Administrative data
ST. JOHN CUSTODIAL AND PSYCHIATRIC THERAPEUTIC HOME,"33, UBAY ST., SIENA, QUEZON CITY, NCR, 1114",Sienna,1.0,Long-term care and rehabilitation services,,Psychiatric rehabilitation center,BLPD,14.635161,121.00198,8:00AM,5:00PM,,,,,Administrative data
St. John De Brebeuf Integrated School Inc.,"No. 78 15th Avenue, Cubao, QC",San Roque,3.0,Schools,Private,Preschool,"Data_QC Caring Cities Tracker, QC Administrative Data - Private schools",14.617154,121.061141,,,,,,,Administrative data
St. John De Brebeuf Integrated School Inc.,"No. 78 15th Avenue, Cubao, QC",San Roque,3.0,Schools,Private,Elementary school,"Data_QC Caring Cities Tracker, QC Administrative Data - Private schools",14.617154,121.061141,,,,,,,Administrative data
St. John De Brebeuf Integrated School Inc.,"No. 78 15th Avenue, Cubao, QC",San Roque,3.0,Schools,Private,Junior high school,"Data_QC Caring Cities Tracker, QC Administrative Data - Private schools",14.617154,121.061141,,,,,,,Administrative data
St. John De Brebeuf Integrated School Inc.,"No. 78 15th Avenue, Cubao, QC",San Roque,3.0,Schools,Private,Senior high school,"Data_QC Caring Cities Tracker, QC Administrative Data - Private schools",14.617154,121.061141,,,,,,,Administrative data
St. John of Beverly School,"749 Quirino H-way, San Bartolome, Nova, QC",San Bartolome,5.0,Schools,Private,Elementary school,"Data_QC Caring Cities Tracker, QC Administrative Data - Private schools",14.7057713,121.0372727,,,,,,,Administrative data
St. John of Beverly School,"749 Quirino H-way, San Bartolome, Nova, QC",San Bartolome,5.0,Schools,Private,Preschool,"Data_QC Caring Cities Tracker, QC Administrative Data - Private schools",14.7057713,121.0372727,,,,,,,Administrative data
St. John of Beverly School,"749 Quirino H-way, San Bartolome, Nova, QC",San Bartolome,5.0,Schools,Private,Junior high school,"Data_QC Caring Cities Tracker, QC Administrative Data - Private schools",14.7057713,121.0372727,,,,,,,Administrative data
"St. John Technological College of the Philippines, Inc.","29 Jewel St., Forest Hills Subd., Gulod, Nova., QC",Gulod,5.0,Schools,Private,Senior high school,"Data_QC Caring Cities Tracker, QC Administrative Data - Private schools",14.7169138,121.0414993,,,,,,,Administrative data
"St. Joseph Catholic School Proj.3, Inc","#36 Molave St., Proj 3, Brgy. Quirino 3-A, Proj. 3, QC",Quirino 3-A,3.0,Schools,Private,Junior high school,"Data_QC Caring Cities Tracker, QC Administrative Data - Private schools",14.62854,121.0631952,,,,,,,Administrative data
"St. Joseph Catholic School Proj.3, Inc","#36 Molave St., Proj 3, Brgy. Quirino 3-A, Proj. 3, QC",Quirino 3-A,3.0,Schools,Private,Senior high school,"Data_QC Caring Cities Tracker, QC Administrative Data - Private schools",14.62854,121.0631952,,,,,,,Administrative data
"St. Joseph Catholic School Proj.3, Inc","#36 Molave St., Proj 3, Brgy. Quirino 3-A, Proj. 3, QC",Quirino 3-A,3.0,Schools,Private,Preschool,"Data_QC Caring Cities Tracker, QC Administrative Data - Private schools",14.62854,121.0631952,,,,,,,Administrative data
"St. Joseph Catholic School Proj.3, Inc","#36 Molave St., Proj 3, Brgy. Quirino 3-A, Proj. 3, QC",Quirino 3-A,3.0,Schools,Private,Elementary school,"Data_QC Caring Cities Tracker, QC Administrative Data - Private schools",14.62854,121.0631952,,,,,,,Administrative data
St. Joseph College of QC,"295 E. Rodriguez Sr., Brgy. Kalusugan, Quezon City",Kalusugan,4.0,Schools,Private,Senior high school,"Data_QC Caring Cities Tracker, QC Administrative Data - Private schools",14.6226698,121.0259294,,,,,,,Administrative data
St. Jude Christian School of Quezon City Inc.,"125 Aguinaldo St. 1-A, Veterans Village, Brgy. Pasong Tamo, Quezon City",Pasong Tamo,6.0,Schools,Private,Senior high school,"Data_QC Caring Cities Tracker, QC Administrative Data - Private schools",14.6793833,121.0593087,,,,,,,Administrative data
St. Jude Christian School of Quezon City Inc.,"125 Aguinaldo St. 1-A, Veterans Village, Brgy. Pasong Tamo, Quezon City",Pasong Tamo,6.0,Schools,Private,Preschool,"Data_QC Caring Cities Tracker, QC Administrative Data - Private schools",14.6793833,121.0593087,,,,,,,Administrative data
St. Jude Christian School of Quezon City Inc.,"125 Aguinaldo St. 1-A, Veterans Village, Brgy. Pasong Tamo, Quezon City",Pasong Tamo,6.0,Schools,Private,Elementary school,"Data_QC Caring Cities Tracker, QC Administrative Data - Private schools",14.6793833,121.0593087,,,,,,,Administrative data
St. Jude Christian School of Quezon City Inc.,"125 Aguinaldo St. 1-A, Veterans Village, Brgy. Pasong Tamo, Quezon City",Pasong Tamo,6.0,Schools,Private,Junior high school,"Data_QC Caring Cities Tracker, QC Administrative Data - Private schools",14.6793833,121.0593087,,,,,,,Administrative data
"St. Mark's Integrated School, Inc.","251 T-sora Ave., Gloria Subd., Brgy. T-Sora, QC",Tandang Sora,6.0,Schools,Private,Preschool,"Data_QC Caring Cities Tracker, QC Administrative Data - Private schools",14.6766309,121.0342616,,,,,,,Administrative data
"St. Mark's Integrated School, Inc.","251 T-sora Ave., Gloria Subd., Brgy. T-Sora, QC",Tandang Sora,6.0,Schools,Private,Elementary school,"Data_QC Caring Cities Tracker, QC Administrative Data - Private schools",14.6766309,121.0342616,,,,,,,Administrative data
"St. Mark's Integrated School, Inc.","251 T-sora Ave., Gloria Subd., Brgy. T-Sora, QC",Tandang Sora,6.0,Schools,Private,Junior high school,"Data_QC Caring Cities Tracker, QC Administrative Data - Private schools",14.6766309,121.0342616,,,,,,,Administrative data
"St. Mark's Integrated School, Inc.","251 T-sora Ave., Gloria Subd., Brgy. T-Sora, QC",Tandang Sora,6.0,Schools,Private,Senior high school,"Data_QC Caring Cities Tracker, QC Administrative Data - Private schools",14.6766309,121.0342616,,,,,,,Administrative data
ST. MARK INTEGRATED SCHOOL INC.,"#3, GLORIA II SUBD., TANDANG SORA, QUEZON CITY, NCR, 1116",Tandang Sora,6.0,Childcare,Public,Child learning center,BLPD,14.6769031838664,121.042852544654,8:00AM,5:00PM,,,,,Administrative data
St. Mark International Academy,"85 Kaunlaran, Commonwealth., QC",Commonwealth,2.0,Schools,Private,Elementary school,"Data_QC Caring Cities Tracker, QC Administrative Data - Private schools",14.6990084,121.0903929,,,,,,,Administrative data
St. Mark International Academy,"85 Kaunlaran, Commonwealth., QC",Commonwealth,2.0,Schools,Private,Preschool,"Data_QC Caring Cities Tracker, QC Administrative Data - Private schools",14.6990084,121.0903929,,,,,,,Administrative data
St. Mark International Academy,"85 Kaunlaran, Commonwealth., QC",Commonwealth,2.0,Schools,Private,Junior high school,"Data_QC Caring Cities Tracker, QC Administrative Data - Private schools",14.6990084,121.0903929,,,,,,,Administrative data
St. Mark International Academy,"85 Kaunlaran, Commonwealth., QC",Commonwealth,2.0,Schools,Private,Senior high school,"Data_QC Caring Cities Tracker, QC Administrative Data - Private schools",14.6990084,121.0903929,,,,,,,Administrative data
"St. Martin Bright Kids School, Inc.","#45 Creekside Drive Real Vill.1. Brgy. T-sora, QC",Tandang Sora,6.0,Schools,Private,Preschool,"Data_QC Caring Cities Tracker, QC Administrative Data - Private schools",14.6788146,121.025236,,,,,,,Administrative data
"St. Martin Bright Kids School, Inc.","#45 Creekside Drive Real Vill.1. Brgy. T-sora, QC",Tandang Sora,6.0,Schools,Private,Elementary school,"Data_QC Caring Cities Tracker, QC Administrative Data - Private schools",14.6788146,121.025236,,,,,,,Administrative data
St. Mary's College,"37 Mother Ignacia Ave., Brgy. Paligsahan, QC",Paligsahan,4.0,Schools,Private,Junior high school,"Data_QC Caring Cities Tracker, QC Administrative Data - Private schools",14.633872,121.0247272,,,,,,,Administrative data
St. Mary's College,"37 Mother Ignacia Ave., Brgy. Paligsahan, QC",Paligsahan,4.0,Schools,Private,Elementary school,"Data_QC Caring Cities Tracker, QC Administrative Data - Private schools",14.633872,121.0247272,,,,,,,Administrative data
St. Mary's College,"37 Mother Ignacia Ave., Brgy. Paligsahan, QC",Paligsahan,4.0,Schools,Private,Preschool,"Data_QC Caring Cities Tracker, QC Administrative Data - Private schools",14.633872,121.0247272,,,,,,,Administrative data
St. Mary's College,"37 Mother Ignacia Ave., Brgy. Paligsahan, QC",Paligsahan,4.0,Schools,Private,Senior high school,"Data_QC Caring Cities Tracker, QC Administrative Data - Private schools",14.633872,121.0247272,,,,,,,Administrative data
"St. Mary's School of Nova., Inc","B18L21-25, Ph. 2, Brgy. Kaligayahan, North Olympus, QC",Kaligayahan,5.0,Schools,Private,Preschool,"Data_QC Caring Cities Tracker, QC Administrative Data - Private schools",14.7383247,121.0474085,,,,,,,Administrative data
"St. Mary's School of Nova., Inc","B18L21-25, Ph. 2, Brgy. Kaligayahan, North Olympus, QC",Kaligayahan,5.0,Schools,Private,Junior high school,"Data_QC Caring Cities Tracker, QC Administrative Data - Private schools",14.7383247,121.0474085,,,,,,,Administrative data
"St. Mary's School of Nova., Inc","B18L21-25, Ph. 2, Brgy. Kaligayahan, North Olympus, QC",Kaligayahan,5.0,Schools,Private,Senior high school,"Data_QC Caring Cities Tracker, QC Administrative Data - Private schools",14.7383247,121.0474085,,,,,,,Administrative data
"St. Mary's School of Nova., Inc","B18L21-25, Ph. 2, Brgy. Kaligayahan, North Olympus, QC",Kaligayahan,5.0,Schools,Private,Elementary school,"Data_QC Caring Cities Tracker, QC Administrative Data - Private schools",14.7383247,121.0474085,,,,,,,Administrative data
St. Nazaire School of Q.C.,"175 Ilang-ilang St., Payatas A, QC",Payatas,2.0,Schools,Private,Junior high school,"Data_QC Caring Cities Tracker, QC Administrative Data - Private schools",14.7018846,121.0958425,,,,,,,Administrative data
St. Nazaire School of Q.C.,"175 Ilang-ilang St., Payatas A, QC",Payatas,2.0,Schools,Private,Preschool,"Data_QC Caring Cities Tracker, QC Administrative Data - Private schools",14.7018846,121.0958425,,,,,,,Administrative data
St. Nazaire School of Q.C.,"175 Ilang-ilang St., Payatas A, QC",Payatas,2.0,Schools,Private,Elementary school,"Data_QC Caring Cities Tracker, QC Administrative Data - Private schools",14.7018846,121.0958425,,,,,,,Administrative data
St. Patrick School Inc.,"43 Gen. Ave., GSIS Vill., Brgy. Tandang Sora , QC",Tandang Sora,6.0,Schools,Private,Senior high school,"Data_QC Caring Cities Tracker, QC Administrative Data - Private schools",14.6743164,121.0254494,,,,,,,Administrative data
St. Patrick School Inc.,"43 Gen. Ave., GSIS Vill., Brgy. Tandang Sora , QC",Tandang Sora,6.0,Schools,Private,Elementary school,"Data_QC Caring Cities Tracker, QC Administrative Data - Private schools",14.6743164,121.0254494,,,,,,,Administrative data
St. Patrick School Inc.,"43 Gen. Ave., GSIS Vill., Brgy. Tandang Sora , QC",Tandang Sora,6.0,Schools,Private,Junior high school,"Data_QC Caring Cities Tracker, QC Administrative Data - Private schools",14.6743164,121.0254494,,,,,,,Administrative data
St. Patrick School Inc.,"43 Gen. Ave., GSIS Vill., Brgy. Tandang Sora , QC",Tandang Sora,6.0,Schools,Private,Preschool,"Data_QC Caring Cities Tracker, QC Administrative Data - Private schools",14.6743164,121.0254494,,,,,,,Administrative data
"St. Patrick School of Nova., Inc.","49 Midway St., Forest Hills Subd., Gulod, Nova., QC",Gulod,5.0,Schools,Private,Preschool,"Data_QC Caring Cities Tracker, QC Administrative Data - Private schools",14.7175384,121.0428111,,,,,,,Administrative data
"St. Patrick School of Nova., Inc.","49 Midway St., Forest Hills Subd., Gulod, Nova., QC",Gulod,5.0,Schools,Private,Elementary school,"Data_QC Caring Cities Tracker, QC Administrative Data - Private schools",14.7175384,121.0428111,,,,,,,Administrative data
"St. Patrick School of Nova., Inc.","49 Midway St., Forest Hills Subd., Gulod, Nova., QC",Gulod,5.0,Schools,Private,Junior high school,"Data_QC Caring Cities Tracker, QC Administrative Data - Private schools",14.7175384,121.0428111,,,,,,,Administrative data
"St. Patrick School of Nova., Inc.","49 Midway St., Forest Hills Subd., Gulod, Nova., QC",Gulod,5.0,Schools,Private,Senior high school,"Data_QC Caring Cities Tracker, QC Administrative Data - Private schools",14.7175384,121.0428111,,,,,,,Administrative data
St. Therese Learning Center,"236-238 Ilocos Sur St., Brgy. Bago Bantay, QC",Sto. Cristo,1.0,Schools,Private,Special Education Program,"Data_QC Caring Cities Tracker, QC Administrative Data - Private schools",14.6620389,121.0310895,,,,,,,Administrative data
St. Therese Learning Center,"236-238 Ilocos Sur St., Brgy. Bago Bantay, QC",Sto. Cristo,1.0,Schools,Private,Elementary school,"Data_QC Caring Cities Tracker, QC Administrative Data - Private schools",14.6620389,121.0310895,,,,,,,Administrative data
St. Therese Learning Center,"236-238 Ilocos Sur St., Brgy. Bago Bantay, QC",Sto. Cristo,1.0,Schools,Private,Preschool,"Data_QC Caring Cities Tracker, QC Administrative Data - Private schools",14.6620389,121.0310895,,,,,,,Administrative data
St. Therese Learning Center,"236-238 Ilocos Sur St., Brgy. Bago Bantay, QC",Sto. Cristo,1.0,Schools,Private,Junior high school,"Data_QC Caring Cities Tracker, QC Administrative Data - Private schools",14.6620389,121.0310895,,,,,,,Administrative data
St. Therese Learning Center,"236-238 Ilocos Sur St., Brgy. Bago Bantay, QC",Sto. Cristo,1.0,Schools,Private,Senior high school,"Data_QC Caring Cities Tracker, QC Administrative Data - Private schools",14.6620389,121.0310895,,,,,,,Administrative data
ST. TIMOTHY THERAPY CENTER,"BLOCK 11, LOT 9, YAKAL, GREENFIELDS 1 SUBDIVISION, KALIGAYAHAN, QUEZON CITY, NCR, 1124",Kaligayahan,5.0,Long-term care and rehabilitation services,,Therapeutic clinic,BLPD,14.7300648965973,121.039672605642,8:00AM,5:00PM,,,,,Administrative data
"St. Vincent Institute of Arts & Sciences, Inc.","137 Legaspi St., Payatas B., QC",Payatas,2.0,Schools,Private,Preschool,"Data_QC Caring Cities Tracker, QC Administrative Data - Private schools",14.7194327,121.106808,,,,,,,Administrative data
"St. Vincent Institute of Arts & Sciences, Inc.","137 Legaspi St., Payatas B., QC",Payatas,2.0,Schools,Private,Elementary school,"Data_QC Caring Cities Tracker, QC Administrative Data - Private schools",14.7194327,121.106808,,,,,,,Administrative data
"St. Vincent Institute of Arts & Sciences, Inc.","137 Legaspi St., Payatas B., QC",Payatas,2.0,Schools,Private,Senior high school,"Data_QC Caring Cities Tracker, QC Administrative Data - Private schools",14.7194327,121.106808,,,,,,,Administrative data
"St. Vincent Institute of Arts & Sciences, Inc.","137 Legaspi St., Payatas B., QC",Payatas,2.0,Schools,Private,Junior high school,"Data_QC Caring Cities Tracker, QC Administrative Data - Private schools",14.7194327,121.106808,,,,,,,Administrative data
St. Vincent School of Q.C. - Main,"99 West Ave., Brgy. Bungad, QC",Bungad,1.0,Schools,Private,Preschool,"Data_QC Caring Cities Tracker, QC Administrative Data - Private schools",14.649569,121.0284034,,,,,,,Administrative data
St. Vincent School of Q.C. - Main,"99 West Ave., Brgy. Bungad, QC",Bungad,1.0,Schools,Private,Elementary school,"Data_QC Caring Cities Tracker, QC Administrative Data - Private schools",14.649569,121.0284034,,,,,,,Administrative data
"St. Vincent School of Quezon City, Inc.","126 Maginhawa St., Teacher's Vill. East, QC",Teachers Village East,4.0,Schools,Private,Senior high school,"Data_QC Caring Cities Tracker, QC Administrative Data - Private schools",14.64394,121.06086,,,,,,,Administrative data
"St. Vincent School of Quezon City, Inc.","126 Maginhawa St., Teacher's Vill. East, QC",Teachers Village East,4.0,Schools,Private,Preschool,"Data_QC Caring Cities Tracker, QC Administrative Data - Private schools",14.64394,121.06086,,,,,,,Administrative data
"St. Vincent School of Quezon City, Inc.","126 Maginhawa St., Teacher's Vill. East, QC",Teachers Village East,4.0,Schools,Private,Junior high school,"Data_QC Caring Cities Tracker, QC Administrative Data - Private schools",14.64394,121.06086,,,,,,,Administrative data
"St. Vincent School of Quezon City, Inc.","126 Maginhawa St., Teacher's Vill. East, QC",Teachers Village East,4.0,Schools,Private,Elementary school,"Data_QC Caring Cities Tracker, QC Administrative Data - Private schools",14.64394,121.06086,,,,,,,Administrative data
Sta. Cruz,"2nd Flr. Multi-purpose Hall
23D Gen. Lim St.",Sta. Cruz,1.0,Childcare,Public,Child development center and supervised neighborhood play,"Data_QC Caring Cities Tracker, QC Administrative Data - Child",14.6330369,121.0169696,,,,,,,Administrative data
Sta. Lucia HS,,Sta. Lucia,5.0,Schools,Public,High school,"Data_QC Caring Cities Tracker, QC Administrative Data - Public schools",14.70458,121.049464,,,,,,,Administrative data
Sta. Lucia Senior High School,,Sta. Lucia,5.0,Schools,Public,Senior high school,"Data_QC Caring Cities Tracker, QC Administrative Data - Public schools",14.7078058,121.0518264,,,,,,,Administrative data
Sta. Monica,"Barangay Hall Compd., Moises St., Jordan Plains Subd., Brgy. Sta Monica",Sta. Monica,5.0,Childcare,Public,Child development center and supervised neighborhood play,"Data_QC Caring Cities Tracker, QC Administrative Data - Child",14.7247805,121.0451835,,,,,,,Administrative data
"Starland International School, Inc.","172 Kamias Extension, Brgy. Proj.2, Q.C.",East Kamias,3.0,Schools,Private,Preschool,"Data_QC Caring Cities Tracker, QC Administrative Data - Private schools",14.6351454,121.0614047,,,,,,,Administrative data
"Starland International School, Inc.","172 Kamias Extension, Brgy. Proj.2, Q.C.",East Kamias,3.0,Schools,Private,Elementary school,"Data_QC Caring Cities Tracker, QC Administrative Data - Private schools",14.6351454,121.0614047,,,,,,,Administrative data
"Starland International School, Inc.","172 Kamias Extension, Brgy. Proj.2, Q.C.",East Kamias,3.0,Schools,Private,Junior high school,"Data_QC Caring Cities Tracker, QC Administrative Data - Private schools",14.6351454,121.0614047,,,,,,,Administrative data
"Starland International School, Inc.","172 Kamias Extension, Brgy. Proj.2, Q.C.",East Kamias,3.0,Schools,Private,Senior high school,"Data_QC Caring Cities Tracker, QC Administrative Data - Private schools",14.6351454,121.0614047,,,,,,,Administrative data
"Starlight School, Inc.","97 4th St. Area 4, Veterans Vill., Brgy. Pasong Tamo, QC",Pasong Tamo,6.0,Schools,Private,Preschool,"Data_QC Caring Cities Tracker, QC Administrative Data - Private schools",14.682111,121.0564684,,,,,,,Administrative data
"Starlight School, Inc.","97 4th St. Area 4, Veterans Vill., Brgy. Pasong Tamo, QC",Pasong Tamo,6.0,Schools,Private,Elementary school,"Data_QC Caring Cities Tracker, QC Administrative Data - Private schools",14.682111,121.0564684,,,,,,,Administrative data
"Starlight School, Inc.","97 4th St. Area 4, Veterans Vill., Brgy. Pasong Tamo, QC",Pasong Tamo,6.0,Schools,Private,Junior high school,"Data_QC Caring Cities Tracker, QC Administrative Data - Private schools",14.682111,121.0564684,,,,,,,Administrative data
"STARLIGHT SCHOOL, INC.","97 , 4TH ST. AREA 4, VETERANS VILLAGE , PASONG TAMO, QUEZON CITY, NCR, 1107",Pasong Tamo,6.0,Schools,Private,Private school,BLPD,14.6779771217689,121.045305265832,7:00AM,5:30PM,,,,,Administrative data
"STE. ANNE DE BEAUPRE SCHOOL, INC.","FAITH ST., 7 TERESA VILLAGE, BAHAY TORO, QUEZON CITY, NCR, 1106",Bahay Toro,1.0,Childcare,Public,Child learning center,BLPD,14.6664563541614,121.03867005,8:00AM,5:00PM,,,,,Administrative data
Stella Maris College,"891 Cambridge St., Brgy. E. Rodriguez, Cubao, QC",E. Rodriguez,3.0,Schools,Private,Elementary school,"Data_QC Caring Cities Tracker, QC Administrative Data - Private schools",14.6247354,121.0537553,,,,,,,Administrative data
Stella Maris College,"891 Cambridge St., Brgy. E. Rodriguez, Cubao, QC",E. Rodriguez,3.0,Schools,Private,Preschool,"Data_QC Caring Cities Tracker, QC Administrative Data - Private schools",14.6247354,121.0537553,,,,,,,Administrative data
Stella Maris College,"891 Cambridge St., Brgy. E. Rodriguez, Cubao, QC",E. Rodriguez,3.0,Schools,Private,Junior high school,"Data_QC Caring Cities Tracker, QC Administrative Data - Private schools",14.6247354,121.0537553,,,,,,,Administrative data
Stella Maris College,"891 Cambridge St., Brgy. E. Rodriguez, Cubao, QC",E. Rodriguez,3.0,Schools,Private,Senior high school,"Data_QC Caring Cities Tracker, QC Administrative Data - Private schools",14.6247354,121.0537553,,,,,,,Administrative data
"Stepstone Christian Academy, Inc.","Hopeful Ext., Area IV, Sitio Silangan, Bagong Silangan, QC",Bagong Silangan,2.0,Schools,Private,Preschool,"Data_QC Caring Cities Tracker, QC Administrative Data - Private schools",14.7043112,121.109457,,,,,,,Administrative data
"Stepstone Christian Academy, Inc.","Hopeful Ext., Area IV, Sitio Silangan, Bagong Silangan, QC",Bagong Silangan,2.0,Schools,Private,Elementary school,"Data_QC Caring Cities Tracker, QC Administrative Data - Private schools",14.7043112,121.109457,,,,,,,Administrative data
"Stepstone Christian Academy, Inc.","Hopeful Ext., Area IV, Sitio Silangan, Bagong Silangan, QC",Bagong Silangan,2.0,Schools,Private,Junior high school,"Data_QC Caring Cities Tracker, QC Administrative Data - Private schools",14.7043112,121.109457,,,,,,,Administrative data
STEVEN&HUDSON ARTS AND PLAY CENTER,"UNIT 212, ROYALE PLACE, DON ANTONIO DRIVE, BATASAN HILLS, QUEZON CITY, NCR, 1126",Batasan Hills,2.0,Long-term care and rehabilitation services,,Physical/occupational therapy school,BLPD,14.6771534271074,121.085376478397,9:00AM,5:00PM,,,,,Administrative data
STI College - Cubao,"P. Tuazon Blvd., corner 5th Ave., Brgy. Socorro, Cubao, Quezon City",Socorro,3.0,Schools,Private,Senior high school,"Data_QC Caring Cities Tracker, QC Administrative Data - Private schools",14.6164966,121.0536391,,,,,,,Administrative data
STI College - Muñoz - EDSA,"Tanco-cu Building, Brgy. Ramon Magsaysay, EDSA",Ramon Magsaysay,1.0,Schools,Private,Senior high school,"Data_QC Caring Cities Tracker, QC Administrative Data - Private schools",14.6595509,121.0215918,,,,,,,Administrative data
STI College - Novaliches,"STI Academic Center, Diamond Ave. cor. Quirino Hiway, San Bartolome, Nova., QC",San Bartolome,5.0,Schools,Private,Senior high school,"Data_QC Caring Cities Tracker, QC Administrative Data - Private schools",14.704365,121.0367497,,,,,,,Administrative data
"STI EDUCATION SERVICES GROUP, INC.","70, REGALADO AVE, NORTH FAIRVIEW, QUEZON CITY, NCR, 1121",North Fairview,5.0,Schools,Private,Private school,BLPD,14.7132123670664,121.061365645714,8:00AM,6:00PM,,,,,Administrative data
"STI EDUCATION SERVICES GROUP, INC.","P. TUAZON, BLVD. COR 5TH AVE., SOCORRO, QUEZON CITY, QUEZON PROVINCE, 1103",Socorro,3.0,Schools,Private,Private school,BLPD,14.6163929659853,121.054064491734,8:00AM,5:00PM,,,,,Administrative data
"STI EDUCATION SERVICES GROUP, INC.","STI ACADEMIC CENTER, DIAMOND AVE. COR. QUIRINO HIGHWAY, NOVALICHES, SAN BARTOLOME, QUEZON CITY, NCR, 1116",San Bartolome,5.0,Schools,Private,Private school,BLPD,14.7044484960544,121.0367263175,8:00AM,5:00PM,,,,,Administrative data
Sto. Cristo,5 Romblon St.,Sto. Cristo,1.0,Childcare,Public,Child development center and supervised neighborhood play,"Data_QC Caring Cities Tracker, QC Administrative Data - Child",14.6627338,121.0292552,,,,,,,Administrative data
Sto. Cristo Elementary School,,Sto. Cristo,1.0,Schools,Public,Elementary school,"Data_QC Caring Cities Tracker, QC Administrative Data - Public schools",14.661235,121.028662,,,,,,,Administrative data
Sto. Domingo,14 Maria Clara St.,Sto. Domingo (Matalahib),1.0,Childcare,Public,Child development center and supervised neighborhood play,"Data_QC Caring Cities Tracker, QC Administrative Data - Child",14.6299906,121.0095362,,,,,,,Administrative data
Sto. Domingo,"Republic Chapel (inside the gate), Brgy. Holy Spirit",Holy Spirit,2.0,Childcare,Public,Child development center and supervised neighborhood play,"Data_QC Caring Cities Tracker, QC Administrative Data - Child",14.6898365,121.0849339,,,,,,,Administrative data
Sto. Niño,Inocando St. Corner Santol St. Brgy. Sto. Niño,Sto. Niño,4.0,Childcare,Public,Child development center and supervised neighborhood play,"Data_QC Caring Cities Tracker, QC Administrative Data - Child",14.6129641,121.01257,,,,,,,Administrative data
Sto. Niño,"Side of Sto. Niño Covered Court, Brgy. Holy Spirit",Holy Spirit,2.0,Childcare,Public,Child development center and supervised neighborhood play,"Data_QC Caring Cities Tracker, QC Administrative Data - Child",14.6915933,121.0797926,,,,,,,Administrative data
"Sto. Niño Children Educational Ctr., Inc.","B10L6, Durian St., Sta. Monica, Nova, QC",Sta. Monica,5.0,Schools,Private,Elementary school,"Data_QC Caring Cities Tracker, QC Administrative Data - Private schools",14.7141401,121.0496608,,,,,,,Administrative data
"Sto. Niño Children Educational Ctr., Inc.","B10L6, Durian St., Sta. Monica, Nova, QC",Sta. Monica,5.0,Schools,Private,Preschool,"Data_QC Caring Cities Tracker, QC Administrative Data - Private schools",14.7141401,121.0496608,,,,,,,Administrative data
"Sto. Niño de Novaliches School, Inc.","36 Buenamar Subd., Nova. Proper, QC",Novaliches Proper,5.0,Schools,Private,Junior high school,"Data_QC Caring Cities Tracker, QC Administrative Data - Private schools",14.719166,121.0392894,,,,,,,Administrative data
"Sto. Niño de Novaliches School, Inc.","36 Buenamar Subd., Nova. Proper, QC",Novaliches Proper,5.0,Schools,Private,Senior high school,"Data_QC Caring Cities Tracker, QC Administrative Data - Private schools",14.719166,121.0392894,,,,,,,Administrative data
"Sto. Niño de Novaliches School, Inc.","36 Buenamar Subd., Nova. Proper, QC",Novaliches Proper,5.0,Schools,Private,Elementary school,"Data_QC Caring Cities Tracker, QC Administrative Data - Private schools",14.719166,121.0392894,,,,,,,Administrative data
"Sto. Niño de Novaliches School, Inc.","36 Buenamar Subd., Nova. Proper, QC",Novaliches Proper,5.0,Schools,Private,Preschool,"Data_QC Caring Cities Tracker, QC Administrative Data - Private schools",14.719166,121.0392894,,,,,,,Administrative data
Sto. Niño De Payatas I,"Ground floor, SÑDP CDC, Sto. Niño De Payatas St., Brgy. Payatas",Payatas,2.0,Childcare,Public,Child development center and supervised neighborhood play,"Data_QC Caring Cities Tracker, QC Administrative Data - Child",14.7019144,121.0999563,,,,,,,Administrative data
Sto. Niño De Payatas II,"Second floor, SÑDP CDC, Sto. Niño De Payatas St., Brgy. Payatas",Payatas,2.0,Childcare,Public,Child development center and supervised neighborhood play,"Data_QC Caring Cities Tracker, QC Administrative Data - Child",14.7019144,121.0999563,,,,,,,Administrative data
Sto. Niño Inst. Of Sci. & Tech.- (frmrly SNLC),"395 IBP Rd., Brgy. Comm., QC",Commonwealth,2.0,Schools,Private,Senior high school,"Data_QC Caring Cities Tracker, QC Administrative Data - Private schools",14.7000348,121.0894044,,,,,,,Administrative data
Sto. Niño Inst. Of Sci. & Tech.- (frmrly SNLC),"395 IBP Rd., Brgy. Comm., QC",Commonwealth,2.0,Schools,Private,Junior high school,"Data_QC Caring Cities Tracker, QC Administrative Data - Private schools",14.7000348,121.0894044,,,,,,,Administrative data
Sto. Niño Inst. Of Sci. & Tech.- (frmrly SNLC),"395 IBP Rd., Brgy. Comm., QC",Commonwealth,2.0,Schools,Private,Preschool,"Data_QC Caring Cities Tracker, QC Administrative Data - Private schools",14.7000348,121.0894044,,,,,,,Administrative data
Sto. Niño Inst. Of Sci. & Tech.- (frmrly SNLC),"395 IBP Rd., Brgy. Comm., QC",Commonwealth,2.0,Schools,Private,Elementary school,"Data_QC Caring Cities Tracker, QC Administrative Data - Private schools",14.7000348,121.0894044,,,,,,,Administrative data
Sto. Niño Parochial School,"Bukidnon St., Brgy. Alicia, Bago Bantay, QC",Alicia,1.0,Schools,Private,Elementary school,"Data_QC Caring Cities Tracker, QC Administrative Data - Private schools",14.6601634,121.0257044,,,,,,,Administrative data
Sto. Niño Parochial School,"Bukidnon St., Brgy. Alicia, Bago Bantay, QC",Alicia,1.0,Schools,Private,Senior high school,"Data_QC Caring Cities Tracker, QC Administrative Data - Private schools",14.6601634,121.0257044,,,,,,,Administrative data
STRIDEPHYSIO PHYSIOTHERAPY SERVICES,"UNIT M11 MEZZANINE FLOOR, VICTORIA TOWERS, #78 TIMOG AVENUE COR PANAY AVENUE, PALIGSAHAN, QUEZON CITY, NCR, 1103",Paligsahan,4.0,Long-term care and rehabilitation services,,Physical therapy clinic,BLPD,14.6363101443071,121.027641173443,9:00AM,6:00PM,,,,,Administrative data
SUNNY DAY LEARNING CENTER,"170, DEL MONTE AVE. COR. CORDILLERA , ST. PETER, QUEZON CITY, NCR, 1114",St. Peter,1.0,Childcare,Public,Day care center,BLPD,14.6376866933591,120.997062826864,10:00AM,6:00PM,,,,,Administrative data
SUNSHINE-BLOOMS THERAPY CENTER,"LOT 30, BLOCK 55, NOCHE BUENA STREET, GREATER LAGRO, QUEZON CITY, NCR, 1100",Greater Lagro,5.0,Long-term care and rehabilitation services,,Physical/occupational therapy school,BLPD,14.7268446,121.064543,8:00AM,5:00PM,,,,,Administrative data
SUNSHINE.COM INC.,"95, 4TH ST., MARIANA, QUEZON CITY, NCR, 1112",Mariana,4.0,Long-term care and rehabilitation services,,Psychiatric rehabilitation center,BLPD,14.6147948220989,121.032055946742,8:00AM,5:00PM,,,,,Administrative data
"SUPPORT A CHILD, SAVE A FUTURE MINISTRIES INC.","UNIT E 901, GOLDEN RAJC STANFORD CORP., STANFORD ST. COR., AURORA BLVD., E. RODRIGUEZ, QUEZON CITY, NCR, 1102",E. Rodriguez,3.0,Childcare,Public,Child learning center,BLPD,14.624545,121.056073,8:00AM,5:00PM,,,,,Administrative data
SYNERGY ADVANCED REHABILITATION AND WOUND CARE CORP.,"144, CONGRESSIONAL AVE. PROJECT 8, BAHAY TORO, QUEZON CITY, NCR, 1106",Bahay Toro,1.0,Long-term care and rehabilitation services,,Physical therapy clinic,BLPD,14.6647795,121.0280898,9:00AM,6:00PM,,,,,Administrative data
T.S. Cruz,"T.S. Cruz Day Care and Livelihood Center, Fidel St., T.S. Cruz Subdivision, Brgy. San Agustin",San Agustin,5.0,Childcare,Public,Child development center and supervised neighborhood play,"Data_QC Caring Cities Tracker, QC Administrative Data - Child",14.7248057,121.0345719,,,,,,,Administrative data
Talanay,"31 Alton St., Sitio Talanay, Brgy. Batasan Hills",Batasan Hills,2.0,Childcare,Public,Child development center and supervised neighborhood play,"Data_QC Caring Cities Tracker, QC Administrative Data - Child",14.6856039,121.0997767,,,,,,,Administrative data
Talayan Calamba,199 Calamba ext. Talayan Village,Talayan,1.0,Childcare,Public,Child development center and supervised neighborhood play,"Data_QC Caring Cities Tracker, QC Administrative Data - Child",14.6348804,121.0134233,,,,,,,Administrative data
Talipapa,Siklot St. Pleasantville Subd.,Talipapa,6.0,Childcare,Public,Child development center and supervised neighborhood play,"Data_QC Caring Cities Tracker, QC Administrative Data - Child",14.6868201,121.026903,,,,,,,Administrative data
Talipapa National High School,,Talipapa,6.0,Schools,Public,High school,"Data_QC Caring Cities Tracker, QC Administrative Data - Public schools",14.6925268,121.0270556,,,,,,,Administrative data
Tandang Sora Elementary School,,Tandang Sora,6.0,Schools,Public,Elementary school,"Data_QC Caring Cities Tracker, QC Administrative Data - Public schools",14.678519,121.035112,,,,,,,Administrative data
Tandang Sora NHS,,Tandang Sora,6.0,Schools,Public,High school,"Data_QC Caring Cities Tracker, QC Administrative Data - Public schools",14.681807,121.03257,,,,,,,Administrative data
Tandang Sora Shrine,228 Banlat Road,Tandang Sora,6.0,Childcare,Public,Child development center and supervised neighborhood play,"Data_QC Caring Cities Tracker, QC Administrative Data - Child",14.6841441,121.044744,,,,,,,Administrative data
Tarhaville,"Blk 13 Lapu-lapu, Tarhaville Village, Brgy. Sta Lucia",Sta. Lucia,5.0,Childcare,Public,Child development center and supervised neighborhood play,"Data_QC Caring Cities Tracker, QC Administrative Data - Child",14.7048475,121.0557351,,,,,,,Administrative data
"Teaching Children Through Personalized Interventions (TCTPI) Academy, Inc.","No. 186 Sct. Fuentebella Ext., Brgy. Sacred Heart, QC",Sacred Heart,4.0,Schools,Private,Special Education Program,"Data_QC Caring Cities Tracker, QC Administrative Data - Private schools",14.6308023,121.0407186,,,,,,,Administrative data
"Teaching Children Through Personalized Interventions (TCTPI) Academy, Inc.","No. 186 Sct. Fuentebella Ext., Brgy. Sacred Heart, QC",Sacred Heart,4.0,Schools,Private,Preschool,"Data_QC Caring Cities Tracker, QC Administrative Data - Private schools",14.6308023,121.0407186,,,,,,,Administrative data
"Teaching Children Through Personalized Interventions (TCTPI) Academy, Inc.","No. 186 Sct. Fuentebella Ext., Brgy. Sacred Heart, QC",Sacred Heart,4.0,Schools,Private,Elementary school,"Data_QC Caring Cities Tracker, QC Administrative Data - Private schools",14.6308023,121.0407186,,,,,,,Administrative data
"Temple Hill Int'l. School, Inc.","# 106. J.P. Rizal St., Proj. 4, QC",Milagrosa,3.0,Schools,Private,Elementary school,"Data_QC Caring Cities Tracker, QC Administrative Data - Private schools",14.6216014,121.0719147,,,,,,,Administrative data
"Temple Hill Int'l. School, Inc.","# 106. J.P. Rizal St., Proj. 4, QC",Milagrosa,3.0,Schools,Private,Junior high school,"Data_QC Caring Cities Tracker, QC Administrative Data - Private schools",14.6216014,121.0719147,,,,,,,Administrative data
"Temple Hill Int'l. School, Inc.","# 106. J.P. Rizal St., Proj. 4, QC",Milagrosa,3.0,Schools,Private,Senior high school,"Data_QC Caring Cities Tracker, QC Administrative Data - Private schools",14.6216014,121.0719147,,,,,,,Administrative data
"Temple Hill Int'l. School, Inc.","# 106. J.P. Rizal St., Proj. 4, QC",Milagrosa,3.0,Schools,Private,Preschool,"Data_QC Caring Cities Tracker, QC Administrative Data - Private schools",14.6216014,121.0719147,,,,,,,Administrative data
Teodora Alonzo Elementary School,,Marilag,3.0,Schools,Public,Elementary school,"Data_QC Caring Cities Tracker, QC Administrative Data - Public schools",14.625505,121.0696481,,,,,,,Administrative data
"Thames International School, Inc.","27 Calle Industria, Brgy. Bagumbayan, QC",Bagumbayan,3.0,Schools,Private,Senior high school,"Data_QC Caring Cities Tracker, QC Administrative Data - Private schools",14.6052652,121.0847367,,,,,,,Administrative data
"THE ABBA'S ORCHARD, A MARIA MONTESSORI SCHOOL","#214, KATIPUNAN AVE, BLUE RIDGE A, QUEZON CITY, NCR, 1109",Blue Ridge A,3.0,Schools,Private,Private school,BLPD,14.6194706,121.0725291,8:00AM,4:00PM,,,,,Administrative data
THE B.U.G.S. LEARNING AND DEVELOPMENT CENTER,"BLK 23 , LOT 8, PAOLO ST., GREENFIELDS III, SAN AGUSTIN, QUEZON CITY, NCR, 1117",San Agustin,5.0,Childcare,Public,Child learning center,BLPD,14.7333499326237,121.032777975755,8:00AM,5:00PM,,,,,Administrative data
"The Builders' School Building Ideas, Crafting Solutions, Inc.","121 J.P Rizal St., Brgy. Milagrosa, Project 4, QC",Milagrosa,3.0,Schools,Private,Junior high school,"Data_QC Caring Cities Tracker, QC Administrative Data - Private schools",14.6205394,121.0719037,,,,,,,Administrative data
"The Builders' School Building Ideas, Crafting Solutions, Inc.","121 J.P Rizal St., Brgy. Milagrosa, Project 4, QC",Milagrosa,3.0,Schools,Private,Senior high school,"Data_QC Caring Cities Tracker, QC Administrative Data - Private schools",14.6205394,121.0719037,,,,,,,Administrative data
"The Builders' School Building Ideas, Crafting Solutions, Inc.","121 J.P Rizal St., Brgy. Milagrosa, Project 4, QC",Milagrosa,3.0,Schools,Private,Preschool,"Data_QC Caring Cities Tracker, QC Administrative Data - Private schools",14.6205394,121.0719037,,,,,,,Administrative data
"The Builders' School Building Ideas, Crafting Solutions, Inc.","121 J.P Rizal St., Brgy. Milagrosa, Project 4, QC",Milagrosa,3.0,Schools,Private,Elementary school,"Data_QC Caring Cities Tracker, QC Administrative Data - Private schools",14.6205394,121.0719037,,,,,,,Administrative data
"The Children's Ark Preparatory School, Inc.","47 Don Matias South, Don Antonio Hts., Holy Spirit, QC",Holy Spirit,2.0,Schools,Private,Elementary school,"Data_QC Caring Cities Tracker, QC Administrative Data - Private schools",14.6803141,121.0793199,,,,,,,Administrative data
"The Children's Ark Preparatory School, Inc.","47 Don Matias South, Don Antonio Hts., Holy Spirit, QC",Holy Spirit,2.0,Schools,Private,Preschool,"Data_QC Caring Cities Tracker, QC Administrative Data - Private schools",14.6803141,121.0793199,,,,,,,Administrative data
"The Great Lighthouse Found., Inc. (Frmly. Lighthouse Academy)","89 ROTC Hunters, Tatalon, QC",Tatalon,4.0,Schools,Private,Preschool,"Data_QC Caring Cities Tracker, QC Administrative Data - Private schools",14.6282026,121.0162093,,,,,,,Administrative data
"The Great Lighthouse Found., Inc. (Frmly. Lighthouse Academy)","89 ROTC Hunters, Tatalon, QC",Tatalon,4.0,Schools,Private,Elementary school,"Data_QC Caring Cities Tracker, QC Administrative Data - Private schools",14.6282026,121.0162093,,,,,,,Administrative data
"The Great Lighthouse Found., Inc. (Frmly. Lighthouse Academy)","89 ROTC Hunters, Tatalon, QC",Tatalon,4.0,Schools,Private,Junior high school,"Data_QC Caring Cities Tracker, QC Administrative Data - Private schools",14.6282026,121.0162093,,,,,,,Administrative data
"The Great Lighthouse Found., Inc. (Frmly. Lighthouse Academy)","89 ROTC Hunters, Tatalon, QC",Tatalon,4.0,Schools,Private,Senior high school,"Data_QC Caring Cities Tracker, QC Administrative Data - Private schools",14.6282026,121.0162093,,,,,,,Administrative data
The Growing Place Learning Center,"12 Fiat St., West Fairview, Quezon City",Fairview,5.0,Schools,Private,Elementary school,"Data_QC Caring Cities Tracker, QC Administrative Data - Private schools",14.7008758,121.0672624,,,,,,,Administrative data
The Growing Place Learning Center,"12 Fiat St., West Fairview, Quezon City",Fairview,5.0,Schools,Private,Preschool,"Data_QC Caring Cities Tracker, QC Administrative Data - Private schools",14.7008758,121.0672624,,,,,,,Administrative data
"THE GROWING PLACE LEARNING CENTER, INC.","12, FIAT, FAIRVIEW, QUEZON CITY, NCR, 1118",Fairview,5.0,Childcare,Public,Child learning center,BLPD,14.7008443,121.0671534,8:00AM,6:00PM,,,,,Administrative data
THE LEARNING CANVAS CO.,"UNIT-B 2ND FLR.  197, D. TUAZON ST., STA. MESA HEIGHTS, MAHARLIKA, QUEZON CITY, NCR, 1114",Maharlika,1.0,Long-term care and rehabilitation services,,Physical/occupational therapy school,BLPD,14.6338857,120.9975138,8:00AM,5:00PM,,,,,Administrative data
"The Learning Tree Child Growth Center, Inc.","31 Road 4 Brgy. Project 6, Quezon City",Project 6,1.0,Schools,Private,Junior high school,"Data_QC Caring Cities Tracker, QC Administrative Data - Private schools",14.6637809,121.0372342,,,,,,,Administrative data
"The Learning Tree Child Growth Center, Inc.","31 Road 4 Brgy. Project 6, Quezon City",Project 6,1.0,Schools,Private,Elementary school,"Data_QC Caring Cities Tracker, QC Administrative Data - Private schools",14.6637809,121.0372342,,,,,,,Administrative data
"The Learning Tree Child Growth Center, Inc.","31 Road 4 Brgy. Project 6, Quezon City",Project 6,1.0,Schools,Private,Senior high school,"Data_QC Caring Cities Tracker, QC Administrative Data - Private schools",14.6637809,121.0372342,,,,,,,Administrative data
"The Learning Tree Child Growth Center, Inc.","31 Road 4 Brgy. Project 6, Quezon City",Project 6,1.0,Schools,Private,Preschool,"Data_QC Caring Cities Tracker, QC Administrative Data - Private schools",14.6637809,121.0372342,,,,,,,Administrative data
The Learning Tree Child Growth Ctr.,"238 Ermin Garcia St., La Salle St., Cubao, QC",Silangan,3.0,Schools,Private,Preschool,"Data_QC Caring Cities Tracker, QC Administrative Data - Private schools",14.628232,121.0585746,,,,,,,Administrative data
The Learning Tree Child Growth Ctr.,"238 Ermin Garcia St., La Salle St., Cubao, QC",Silangan,3.0,Schools,Private,Elementary school,"Data_QC Caring Cities Tracker, QC Administrative Data - Private schools",14.628232,121.0585746,,,,,,,Administrative data
"THE LEARNING WAGON, INC.","RETAIL B4-B5 TOWER B, THE MAGNOLIA RESIDENCES, HEMADY NEW MANILA, KAUNLARAN, QUEZON CITY, NCR, 1111",Kaunlaran,4.0,Childcare,Public,Child learning center,BLPD,14.6144196,121.0387873,6:00AM,7:00PM,,,,,Administrative data
"The Living Epistle Christian Academy, Inc.","(5 Lauan cor. Molave-Duyan-Duyan, Proj. 3, QC)",Duyan-Duyan,3.0,Schools,Private,Junior high school,"Data_QC Caring Cities Tracker, QC Administrative Data - Private schools",14.6293002,121.067504,,,,,,,Administrative data
"The Living Epistle Christian Academy, Inc.","(5 Lauan cor. Molave-Duyan-Duyan, Proj. 3, QC)",Duyan-Duyan,3.0,Schools,Private,Preschool,"Data_QC Caring Cities Tracker, QC Administrative Data - Private schools",14.6293002,121.067504,,,,,,,Administrative data
"The Living Epistle Christian Academy, Inc.","(5 Lauan cor. Molave-Duyan-Duyan, Proj. 3, QC)",Duyan-Duyan,3.0,Schools,Private,Elementary school,"Data_QC Caring Cities Tracker, QC Administrative Data - Private schools",14.6293002,121.067504,,,,,,,Administrative data
"The Living Epistle Christian Academy, Inc.","(5 Lauan cor. Molave-Duyan-Duyan, Proj. 3, QC)",Duyan-Duyan,3.0,Schools,Private,Senior high school,"Data_QC Caring Cities Tracker, QC Administrative Data - Private schools",14.6293002,121.067504,,,,,,,Administrative data
"The Meridian International Learning Experience, Inc.","#79 Mother Ignacia Ave., Brgy. Paligsahan, QC",Paligsahan,4.0,Schools,Private,Senior high school,"Data_QC Caring Cities Tracker, QC Administrative Data - Private schools",14.6352261,121.0271615,,,,,,,Administrative data
"The Meridian International Learning Experience, Inc.","#79 Mother Ignacia Ave., Brgy. Paligsahan, QC",Paligsahan,4.0,Schools,Private,Junior high school,"Data_QC Caring Cities Tracker, QC Administrative Data - Private schools",14.6352261,121.0271615,,,,,,,Administrative data
"The Meridian International Learning Experience, Inc.","#79 Mother Ignacia Ave., Brgy. Paligsahan, QC",Paligsahan,4.0,Schools,Private,Preschool,"Data_QC Caring Cities Tracker, QC Administrative Data - Private schools",14.6352261,121.0271615,,,,,,,Administrative data
"The Meridian International Learning Experience, Inc.","#79 Mother Ignacia Ave., Brgy. Paligsahan, QC",Paligsahan,4.0,Schools,Private,Elementary school,"Data_QC Caring Cities Tracker, QC Administrative Data - Private schools",14.6352261,121.0271615,,,,,,,Administrative data
THE ORACLE PHYSICAL REHABILITATION INC.,"2ND FLR. UNIT-1 , ALMAR BUILDING, NO. 60 MAUBAN ST. , MANRESA, QUEZON CITY, NCR, 1115",Manresa,1.0,Long-term care and rehabilitation services,,Physical therapy clinic,BLPD,14.6414174249371,121.000055233716,9:00AM,6:00PM,,,,,Administrative data
THE ORACLE PHYSICAL REHABILITATION INC.,"GROUND FLOOR UNIT 102, 65 67, V. LUNA ROAD CORNER KALAYAAN AVENUE, PINYAHAN, QUEZON CITY, NCR, 1100",Pinyahan,4.0,Long-term care and rehabilitation services,,Physical therapy clinic,BLPD,14.6364841,121.0539242,9:00AM,6:00PM,,,,,Administrative data
"THE PROVINCIAL SUPERIOR OF THE SIERVAS DE SAN JOSE HFP,INC.","66, MAGINHAWA, UP VILLAGE, QUEZON CITY, NCR, 1101",U. P. Village,4.0,Schools,Private,Private school,BLPD,14.6478562041507,121.0570186,8:00AM,5:00PM,,,,,Administrative data
The Steppingstone Progressivist School,"#25 Cavalier St., East Fairview, QC",Fairview,5.0,Schools,Private,Preschool,"Data_QC Caring Cities Tracker, QC Administrative Data - Private schools",14.7081591,121.0813801,,,,,,,Administrative data
The Steppingstone Progressivist School,"#25 Cavalier St., East Fairview, QC",Fairview,5.0,Schools,Private,Elementary school,"Data_QC Caring Cities Tracker, QC Administrative Data - Private schools",14.7081591,121.0813801,,,,,,,Administrative data
The Steppingstone Progressivist School,"#25 Cavalier St., East Fairview, QC",Fairview,5.0,Schools,Private,Junior high school,"Data_QC Caring Cities Tracker, QC Administrative Data - Private schools",14.7081591,121.0813801,,,,,,,Administrative data
The Steppingstone Progressivist School,"#25 Cavalier St., East Fairview, QC",Fairview,5.0,Schools,Private,Senior high school,"Data_QC Caring Cities Tracker, QC Administrative Data - Private schools",14.7081591,121.0813801,,,,,,,Administrative data
THERABRIGHT OCCUPATIONAL AND SPEECH THERAPY CENTER,"#34-D, MARATHON ST., OBRERO, QUEZON CITY, NCR, 1103",Obrero,4.0,Long-term care and rehabilitation services,,Therapeutic clinic,BLPD,14.6284493,121.0334665,8:30AM,5:00PM,,,,,Administrative data
"THERAPIES FOR LIFE CLINIC, INC.","G/F UNIT 110, WESTRIA RESIDENCES, 77 WEST AVE., PALTOK, QUEZON CITY, NCR, 1105",Paltok,1.0,Long-term care and rehabilitation services,,Therapeutic clinic,BLPD,14.6466914924126,121.027794713011,8:00AM,8:00PM,,,,,Administrative data
THRIVING MINDS LEARNING CENTER,"G-06-A, REGALIA PARK TOWERS, 150 P. TUAZON AVE., CUBAO, SOCORRO, QUEZON CITY, NCR, 1109",Socorro,3.0,Long-term care and rehabilitation services,,Physical/occupational therapy school,BLPD,14.6162488622019,121.053122727405,8:00AM,5:00PM,,,,,Administrative data
Tibagan,11 Road Harmony St.,Balingasa,1.0,Childcare,Public,Child development center and supervised neighborhood play,"Data_QC Caring Cities Tracker, QC Administrative Data - Child",14.6520166,121.0025605,,,,,,,Administrative data
TINY THINKERS LEARNING CENTER INC.,"113, WEST AVENUE , BUNGAD, QUEZON CITY, NCR, 1105",Bungad,1.0,Childcare,Public,Child learning center,BLPD,14.6514023,121.028899,8:00AM,5:00PM,,,,,Administrative data
TIT TAR CLINIC BY MASTER KARL GONZALES CORP.,"103, KAMUNING ROAD, KAMUNING, QUEZON CITY, NCR, 1103",Kamuning,4.0,Long-term care and rehabilitation services,,Therapeutic clinic,BLPD,14.629975191967,121.042711229359,8:00AM,5:00PM,,,,,Administrative data
TLC SPED & THERAPY CENTER,"1015 , UNIT D, SALVADOR AVENUE, JORDAN PLAINES SUBDIVISION, STA. MONICA, QUEZON CITY, NCR, 1117",Sta. Monica,5.0,Childcare,Public,Child learning center,BLPD,14.7232739167391,121.043215019708,8:00AM,5:00PM,,,,,Administrative data
Tomas Morato ES,,Kamuning,4.0,Schools,Public,Elementary school,"Data_QC Caring Cities Tracker, QC Administrative Data - Public schools",14.6254069,121.0367182,,,,,,,Administrative data
"Top Tots Academy, Inc.","68 Don Vicent St., Filinvent II, Bagong Silangan, QC",Bagong Silangan,2.0,Schools,Private,Preschool,"Data_QC Caring Cities Tracker, QC Administrative Data - Private schools",14.7010224,121.1029502,,,,,,,Administrative data
"Top Tots Academy, Inc.","68 Don Vicent St., Filinvent II, Bagong Silangan, QC",Bagong Silangan,2.0,Schools,Private,Elementary school,"Data_QC Caring Cities Tracker, QC Administrative Data - Private schools",14.7010224,121.1029502,,,,,,,Administrative data
Torch of Life Academy,"28 Malumanay St., Sikatuna Vill., QC",Sikatuna Village,4.0,Schools,Private,Junior high school,"Data_QC Caring Cities Tracker, QC Administrative Data - Private schools",14.6379675,121.0565866,,,,,,,Administrative data
Torch of Life Academy,"28 Malumanay St., Sikatuna Vill., QC",Sikatuna Village,4.0,Schools,Private,Preschool,"Data_QC Caring Cities Tracker, QC Administrative Data - Private schools",14.6379675,121.0565866,,,,,,,Administrative data
Torch of Life Academy,"28 Malumanay St., Sikatuna Vill., QC",Sikatuna Village,4.0,Schools,Private,Elementary school,"Data_QC Caring Cities Tracker, QC Administrative Data - Private schools",14.6379675,121.0565866,,,,,,,Administrative data
Toro Hills ES,,Bahay Toro,1.0,Schools,Public,Elementary school,"Data_QC Caring Cities Tracker, QC Administrative Data - Public schools",14.665081,121.020629,,,,,,,Administrative data
TRAUMATOLOGY INSTITUTE AND PSYCHOLOGICAL SERVICES,"UNIT A-C AND F-G 11TH FLOOR, TRIUMPH SQUARE BUILDING, 1618 QUEZON AVENUE, SOUTH TRIANGLE, QUEZON CITY, NCR, 1103",South Triangle,4.0,Long-term care and rehabilitation services,,Psychological clinic,BLPD,14.6422266,121.0350727,8:30AM,5:00PM,,,,,Administrative data
TRAVEL AIDE AND PHYSICAL THERAPY SERVICES,"60, MAHIYAIN ST., SIKATUNA VILLAGE, QUEZON CITY, NCR, 1101",Sikatuna Village,4.0,Long-term care and rehabilitation services,,Physical therapy clinic,BLPD,14.6416015,121.0601372,9:00AM,6:00PM,,,,,Administrative data
"Trinity Polytechnic College, Inc.","139 Geronimo Drive, T-Sora Avenue, Brgy.Tandang Sora, Quezon City",Tandang Sora,6.0,Schools,Private,Senior high school,"Data_QC Caring Cities Tracker, QC Administrative Data - Private schools",14.6774352,121.0331159,,,,,,,Administrative data
"Trinity Polytechnic College, Inc.","892 Alfina Building, Quirino Highway, Gulod, Quezon City",Gulod,5.0,Schools,Private,Senior high school,"Data_QC Caring Cities Tracker, QC Administrative Data - Private schools",14.7151322,121.0406164,,,,,,,Administrative data
TWINCKLE STARS LEARNING CENTER,"39 , NATIVIDAD ST. , PALTOK, QUEZON CITY, NCR, 1105",Paltok,1.0,Childcare,Public,Child learning center,BLPD,14.6424187846511,121.023653787077,8:00AM,2:00PM,,,,,Administrative data
Twinkle Toes Preschool,"84 Bignay St., Brgy. Proj 2, QC",Quirino 2-A,3.0,Schools,Private,Preschool,"Data_QC Caring Cities Tracker, QC Administrative Data - Private schools",14.6322839,121.0592829,,,,,,,Administrative data
Unang Sigaw,3 North Diversion Rd. Balintawak,Unang Sigaw,6.0,Childcare,Public,Child development center and supervised neighborhood play,"Data_QC Caring Cities Tracker, QC Administrative Data - Child",14.6586169,120.9992032,,,,,,,Administrative data
Unit V,"Ground floor, DCC Paulate Bldg., Bato bato St., Brgy. Commonwealth",Holy Spirit,2.0,Childcare,Public,Child development center and supervised neighborhood play,"Data_QC Caring Cities Tracker, QC Administrative Data - Child",14.6930986,121.0806376,,,,,,,Administrative data
"Universal Evangelical Christian School (UECS), Inc.","No. 85 Feria Road, Brgy. Old Balara, Diliman, QC.",Matandang Balara,3.0,Schools,Private,Elementary school,"Data_QC Caring Cities Tracker, QC Administrative Data - Private schools",14.6715977,121.0812957,,,,,,,Administrative data
"Universal Evangelical Christian School (UECS), Inc.","No. 85 Feria Road, Brgy. Old Balara, Diliman, QC.",Matandang Balara,3.0,Schools,Private,Preschool,"Data_QC Caring Cities Tracker, QC Administrative Data - Private schools",14.6715977,121.0812957,,,,,,,Administrative data
"Universal Evangelical Christian School (UECS), Inc.","No. 85 Feria Road, Brgy. Old Balara, Diliman, QC.",Matandang Balara,3.0,Schools,Private,Junior high school,"Data_QC Caring Cities Tracker, QC Administrative Data - Private schools",14.6715977,121.0812957,,,,,,,Administrative data
"Universal Evangelical Christian School (UECS), Inc.","No. 85 Feria Road, Brgy. Old Balara, Diliman, QC.",Matandang Balara,3.0,Schools,Private,Senior high school,"Data_QC Caring Cities Tracker, QC Administrative Data - Private schools",14.6715977,121.0812957,,,,,,,Administrative data
"UNIVESITY OF THE EAST RAMON MAGSAYSAY MEMORIAL MEDICAL CENTER, INC.","#64, AURORA BLVD., DOÑA IMELDA, QUEZON CITY, NCR, 1113",Doña Imelda,4.0,Schools,Private,Private school,BLPD,14.6076826094201,121.020340557422,8:00AM,5:00PM,,,,,Administrative data
Upper Everlasting,"Upper Everlasting, Brgy. Payatas",Commonwealth,2.0,Childcare,Public,Child development center and supervised neighborhood play,"Data_QC Caring Cities Tracker, QC Administrative Data - Child",14.7025641,121.0907268,,,,,,,Administrative data
Upper Everlasting,"Upper Everlasting, Brgy. Payatas",Payatas,2.0,Childcare,Public,Child development center and supervised neighborhood play,"Data_QC Caring Cities Tracker, QC Administrative Data - Child",14.6998752,121.091662,,,,,,,Administrative data
"UST Angelicum College, Inc.","112 M.J. Cuenco St., Biak-na-Bato, Sto Domingo, QC",Sto. Domingo (Matalahib),1.0,Schools,Private,Senior high school,"Data_QC Caring Cities Tracker, QC Administrative Data - Private schools",14.6264014,121.0105181,,,,,,,Administrative data
Vasra I,40 Forestry St.,Vasra,1.0,Childcare,Public,Child development center and supervised neighborhood play,"Data_QC Caring Cities Tracker, QC Administrative Data - Child",14.6614155,121.0446598,,,,,,,Administrative data
Vasra II,40 Forestry St.,Vasra,1.0,Childcare,Public,Child development center and supervised neighborhood play,"Data_QC Caring Cities Tracker, QC Administrative Data - Child",14.6614155,121.0446598,,,,,,,Administrative data
VENUS AESTHETIC INC.,"RETAIL C7 C8 & C9, THE MAGNOLIA RESIDENCES, AURORA BLVD. COR. HEMADY ST. COR. N. DOMINGO ST., KAUNLARAN, QUEZON CITY, NCR, 1111",Kaunlaran,4.0,Long-term care and rehabilitation services,,Therapeutic clinic,BLPD,14.6144644,121.0378133,9:00AM,9:00PM,,,,,Administrative data
Veterans Area II,Corner Diego Silang St. Veterans Village,Pasong Tamo,6.0,Childcare,Public,Child development center and supervised neighborhood play,"Data_QC Caring Cities Tracker, QC Administrative Data - Child",14.6837959,121.0653899,,,,,,,Administrative data
Veterans Area III,7th Street Veterans Village Area 3,Pasong Tamo,6.0,Childcare,Public,Child development center and supervised neighborhood play,"Data_QC Caring Cities Tracker, QC Administrative Data - Child",14.683173,121.065388,,,,,,,Administrative data
Veterans Village,#3 Palomaria St. cor. Bansalangin St.,Veterans Village,1.0,Childcare,Public,Child development center and supervised neighborhood play,"Data_QC Caring Cities Tracker, QC Administrative Data - Child",14.6536742,121.0247935,,,,,,,Administrative data
"Vetervile Lrng. Ctr., Inc.","6 Fort Del Pilar, Luzon Ave.,Holy Spirit, QC",Holy Spirit,2.0,Schools,Private,Elementary school,"Data_QC Caring Cities Tracker, QC Administrative Data - Private schools",14.6814652,121.0695397,,,,,,,Administrative data
Villa Beatriz,"Villa Beatriz Extension, Brgy. Matandang Balara",Matandang Balara,3.0,Childcare,Public,Child development center and supervised neighborhood play,"Data_QC Caring Cities Tracker, QC Administrative Data - Child",14.6734632,121.0756984,,,,,,,Administrative data
Villa Nova,"St. Michael St. cor Francis St. Villanova Subd., Brgy. Nagkaisang Nayon",Nagkaisang Nayon,5.0,Childcare,Public,Child development center and supervised neighborhood play,"Data_QC Caring Cities Tracker, QC Administrative Data - Child",14.7226644,121.026431,,,,,,,Administrative data
Villa Verde Elementary School,,Sta. Monica,5.0,Schools,Public,Elementary school,"Data_QC Caring Cities Tracker, QC Administrative Data - Public schools",14.7225551,121.0469954,,,,,,,Administrative data
Village Sch of Parkwoods (Frmrly VCECP),"B6L6, Violago Homes, Parkwoods Hills, Bagong Silangn, QC",Bagong Silangan,2.0,Schools,Private,Preschool,"Data_QC Caring Cities Tracker, QC Administrative Data - Private schools",14.7268033,121.1150813,,,,,,,Administrative data
Village Sch of Parkwoods (Frmrly VCECP),"B6L6, Violago Homes, Parkwoods Hills, Bagong Silangn, QC",Bagong Silangan,2.0,Schools,Private,Elementary school,"Data_QC Caring Cities Tracker, QC Administrative Data - Private schools",14.7268033,121.1150813,,,,,,,Administrative data
Village Sch of Parkwoods (Frmrly VCECP),"B6L6, Violago Homes, Parkwoods Hills, Bagong Silangn, QC",Bagong Silangan,2.0,Schools,Private,Junior high school,"Data_QC Caring Cities Tracker, QC Administrative Data - Private schools",14.7268033,121.1150813,,,,,,,Administrative data
Villagers Montessori School,"18 Dalsol , GSIS Vill., Sangandaan, QC",Sangandaan,6.0,Schools,Private,Preschool,"Data_QC Caring Cities Tracker, QC Administrative Data - Private schools",14.6729708,121.0199814,,,,,,,Administrative data
Villagers Montessori School,"18 Dalsol , GSIS Vill., Sangandaan, QC",Sangandaan,6.0,Schools,Private,Elementary school,"Data_QC Caring Cities Tracker, QC Administrative Data - Private schools",14.6729708,121.0199814,,,,,,,Administrative data
Villagers Montessori School,"18 Dalsol , GSIS Vill., Sangandaan, QC",Sangandaan,6.0,Schools,Private,Junior high school,"Data_QC Caring Cities Tracker, QC Administrative Data - Private schools",14.6729708,121.0199814,,,,,,,Administrative data
Villareal,"3rd floor Old Barangay Hall Building, Quirino Highway, Brgy. Gulod",Gulod,5.0,Childcare,Public,Child development center and supervised neighborhood play,"Data_QC Caring Cities Tracker, QC Administrative Data - Child",14.7125392,121.0384751,,,,,,,Administrative data
Visayan Hills,"Visayan Hills, Brgy. Matandang Balara",Matandang Balara,3.0,Childcare,Public,Child development center and supervised neighborhood play,"Data_QC Caring Cities Tracker, QC Administrative Data - Child",14.6656506,121.0822821,,,,,,,Administrative data
VISIONARIES MASSAGE & ACCUTHERAPY CENTER INC.,"511, NORTHLINK, SM CITY NORTH EDSA, STO. CRISTO, QUEZON CITY, NCR, 1105",Sto. Cristo,1.0,Long-term care and rehabilitation services,,Therapeutic clinic,BLPD,14.657713113598,121.029178694449,10:00AM,10:00PM,,,,,Administrative data
Vito L. Belarmino Senior High School,,Milagrosa,3.0,Schools,Public,Senior high school,"Data_QC Caring Cities Tracker, QC Administrative Data - Public schools",14.6219254,121.0673191,,,,,,,Administrative data
VTR VENTURES INC.,"BLDG 4 DOORS 1 & 16-17, DEL NACIA BLDG.,, FOREST HILL DRIVE, GULOD, QUEZON CITY, NCR, 1117",Gulod,5.0,Long-term care and rehabilitation services,,Physical/occupational therapy school,BLPD,14.7167440701063,121.040836528335,8:00AM,5:00PM,,,,,Administrative data
WALKIE TALKIE THERAPY CENTER INC.,"762, AURORA BLVD. COR. MANGA ROAD, KAUNLARAN, QUEZON CITY, NCR, 1111",Kaunlaran,4.0,Long-term care and rehabilitation services,,Physical therapy clinic,BLPD,14.6183464,121.0426737,2:06PM,2:06PM,,,,,Administrative data
WDC NP ASSESSMENT CNTR PSYCHIATRIC CLINIC,"ROOM 503 UNIT J, CAMUS BLDG., EDSA, BAGONG LIPUNAN NG CRAME, QUEZON CITY, NCR, 1111",Bagong Lipunan Ng Crame,4.0,Long-term care and rehabilitation services,,Psychological clinic,BLPD,14.6152362675459,121.049937102124,8:00AM,5:00PM,,,,,Administrative data
West Fairview Elementary School,,Fairview,5.0,Schools,Public,Elementary school,"Data_QC Caring Cities Tracker, QC Administrative Data - Public schools",14.7014605,121.0638937,,,,,,,Administrative data
West Fairview High School,,Fairview,5.0,Schools,Public,High school,"Data_QC Caring Cities Tracker, QC Administrative Data - Public schools",14.7012825,121.0640537,,,,,,,Administrative data
West Kamias,"2nd Flr. Barangay Hall, 2 K 10th St., , Brgy. West Kamias",West Kamias,3.0,Childcare,Public,Child development center and supervised neighborhood play,"Data_QC Caring Cities Tracker, QC Administrative Data - Child",14.6287495,121.0476714,,,,,,,Administrative data
WHEALTHCARE SYSTEMS OPC,"STALL #3 AND 4, GREENMEADOWS PARK, LOVEBIRD STREET, GREENMEADOWS I, UGONG NORTE, QUEZON CITY, NCR, 1110",Ugong Norte,3.0,Long-term care and rehabilitation services,,Physical therapy clinic,BLPD,14.5964832244493,121.075662075325,8:00AM,10:00PM,,,,,Administrative data
Wisdom Light Christian Academy,"#35 Apo St., Brgy. Sta. Teresita, QC",Sta. Teresita,1.0,Schools,Private,Preschool,"Data_QC Caring Cities Tracker, QC Administrative Data - Private schools",14.6220668,121.0012091,,,,,,,Administrative data
Wisdom Light Christian Academy,"#35 Apo St., Brgy. Sta. Teresita, QC",Sta. Teresita,1.0,Schools,Private,Elementary school,"Data_QC Caring Cities Tracker, QC Administrative Data - Private schools",14.6220668,121.0012091,,,,,,,Administrative data
WUNDERKIDS HEALTH GROUP CORP.,"4TH FLR. UNIT 401, BLOCK S53, LOT B, 3 SCT. GANDIA, PALIGSAHAN, QUEZON CITY, NCR, 1103",Paligsahan,4.0,Long-term care and rehabilitation services,,Therapeutic clinic,BLPD,14.6337576,121.0255867,8:00AM,7:00PM,,,,,Administrative data
YOUNG ABALITY THERAPY CENTER,"GROUND FLOOR MEZZANINE AREA ( BARE TYPE), MEGA ONE BLDG, ESPANA BLVD. CORNER MAYON ST., STA. TERESITA, QUEZON CITY, NCR, 1114",Sta. Teresita,1.0,Long-term care and rehabilitation services,,Physical/occupational therapy school,BLPD,14.6174261,121.0010446,8:00AM,5:00PM,,,,,Administrative data
"Young Scholars Learning Center, Inc.","34 Gold St., Felinvest,Batasan Hills, QC",Batasan Hills,2.0,Schools,Private,Preschool,"Data_QC Caring Cities Tracker, QC Administrative Data - Private schools",14.6843123,121.105877,,,,,,,Administrative data
"Young Scholars Learning Center, Inc.","34 Gold St., Felinvest,Batasan Hills, QC",Batasan Hills,2.0,Schools,Private,Elementary school,"Data_QC Caring Cities Tracker, QC Administrative Data - Private schools",14.6843123,121.105877,,,,,,,Administrative data
Zebra,"San Simon St. (back of Brgy. Annex), Brgy. Holy Spirit",Holy Spirit,2.0,Childcare,Public,Child development center and supervised neighborhood play,"Data_QC Caring Cities Tracker, QC Administrative Data - Child",14.6899039,121.0848165,,,,,,,Administrative data
Zionofpraise Academy,"#44-Z St. Catherine St., Brgy Holy Spirit, QC",Holy Spirit,2.0,Schools,Private,Elementary school,"Data_QC Caring Cities Tracker, QC Administrative Data - Private schools",14.6882557,121.0821653,,,,,,,Administrative data
Zionofpraise Academy,"#44-Z St. Catherine St., Brgy Holy Spirit, QC",Holy Spirit,2.0,Schools,Private,Preschool,"Data_QC Caring Cities Tracker, QC Administrative Data - Private schools",14.6882557,121.0821653,,,,,,,Administrative data
,"#65 Scout Reyes Archival Building, Barangay Paligsahan",Paligsahan,4.0,Quezon City satellite offices for services,,District 4,"Data_QC Caring Cities Tracker, QC LGU Services&Locations",14.6357144,121.0256347,,,,,,,Administrative data
,"25 Calderon St., Barangay Marilag Project 4",Marilag,3.0,Quezon City satellite offices for services,,District 3,"Data_QC Caring Cities Tracker, QC LGU Services&Locations",14.6286944,121.0707626,,,,,,,Administrative data
,"Capillan St. cor. Piopongco, Barangay San Antonio",San Antonio,1.0,Quezon City satellite offices for services,,District 1,"Data_QC Caring Cities Tracker, QC LGU Services&Locations",14.6516583,121.0162487,,,,,,,Administrative data
,"Novaliches District Center, Jordan Plains, Barangay Sta. Monica",Sta. Monica,5.0,Quezon City satellite offices for services,,District 5,"Data_QC Caring Cities Tracker, QC LGU Services&Locations",14.7248233,121.04345,,,,,,,Administrative data
,"SB Park Batasan Road, Barangay Batasan Hills, Quezon City",Batasan Hills,2.0,Quezon City satellite offices for services,,District 2,"Data_QC Caring Cities Tracker, QC LGU Services&Locations",14.690171,121.095428,,,,,,,Administrative data
,"SB Park Neptune St., Barangay Tandang Sora",Tandang Sora,6.0,Quezon City satellite offices for services,,District 6,"Data_QC Caring Cities Tracker, QC LGU Services&Locations",14.672293,121.0361587,,,,,,,Administrative data
Little Anne Learning Center,"24 Road 9, Bagong Pag-ASA , 1105 Quezon City , Metro Manila, 24 Rd 9, Bagong Pag-asa, Quezon City",Bagong Pag-Asa,1.0,Childcare,Public,Child learning center,For Validation,14.6622138,121.0334749,,,,,,,Google API - For Validation
Headstart Play & Learn Daycare Center,"P425+2G2, Quezon City",Bagong Silangan,2.0,Childcare,Public,Day care center,For Validation,14.6999866,121.1087555,,,,,,,Google API - For Validation
Promise Land Child Development Center,"P466+QQ5, Quezon City",Bagong Silangan,2.0,Childcare,Public,Child development center and supervised neighborhood play,For Validation,14.7118777,121.1119945,,,,,,,Google API - For Validation
Bonifacio Daycare Center,"Area 5, Mabuhay St., Bagong Silangan, Quezon City",Bagong Silangan,2.0,Childcare,Public,Day care center,For Validation,14.7046075,121.1103999,,,,,,,Google API - For Validation
Hands That Care Montessori & Intervention Center,"Don Vicente Street, Filinvest 2 Rd, Quezon City",Bagong Silangan,2.0,Schools,Private,Preschool,For Validation,14.7032159,121.1034632,,,,,,,Google API - For Validation
Phase 4 Daycare And Livelihood Center,Quezon City,Bagong Silangan,2.0,Childcare,Public,Day care center,For Validation,14.7131075,121.1105883,,,,,,,Google API - For Validation
Maple Bear Canadian Preschool Eastwood,"Eastwood City, Eastwood Ave, Quezon City",Bagumbayan,3.0,Schools,Private,Preschool,For Validation,14.6105541,121.0804503,,,,,,,Google API - For Validation
Clenlars Child Montessori Center,"11 M. Salamat Ext, Project 4, Quezon City",Bagumbuhay,3.0,Schools,Private,Preschool,For Validation,14.6232794,121.0650871,,,,,,,Google API - For Validation
Early Achievers Learning Center,"177 Congressional Ave, Project 8, Quezon City",Bahay Toro,1.0,Childcare,Public,Child learning center,For Validation,14.6661392,121.0312264,,,,,,,Google API - For Validation
Beautiful Mindworks Learning Hub,"3C, 3rd Floor SPICET Building, Visayas Ave, Brgy, Quezon City",Bahay Toro,1.0,Childcare,Public,Child learning center,For Validation,14.6714028,121.0432191,,,,,,,Google API - For Validation
Barangay Baclaran Daycare Center,"M29F+7HF, Winter Dr, Project 8, Quezon City",Bahay Toro,1.0,Childcare,Public,Day care center,For Validation,14.6681977,121.0239231,,,,,,,Google API - For Validation
Quezon City Day Care and Livelihood Center,"M279+PWX, Rd 19, Project 8, Quezon City",Bahay Toro,1.0,Childcare,Public,Day care center,For Validation,14.6643667,121.019874,,,,,,,Google API - For Validation
Rogerian Children's Learning Center,"17, 1100 Rd 23, Project 8, Quezon City",Bahay Toro,1.0,Childcare,Public,Child learning center,For Validation,14.6683366,121.0184412,,,,,,,Google API - For Validation
Rusurrecion Child Development and Learning Center,"39, Balingasa Street, corner Bonifacio Street, Balintawak, Quezon City",Balingasa,1.0,Childcare,Public,Child development center and supervised neighborhood play,For Validation,14.651278,120.9975401,,,,,,,Google API - For Validation
Saint Cecilia Pre School Learning Center,"14 Sto. Cristo St, Quezon City",Balingasa,1.0,Schools,Private,Preschool,For Validation,14.6544164,120.9999924,,,,,,,Google API - For Validation
Brilliant Kids Christian Child Development Center,"47 Kamias, Quezon City",Balingasa,1.0,Childcare,Public,Child development center and supervised neighborhood play,For Validation,14.652209,120.9997319,,,,,,,Google API - For Validation
5 Kids,"3, Batasan-San Mateo Road, Quezon City",Batasan Hills,2.0,Childcare,Public,Day care center,For Validation,14.686941,121.1007528,,,,,,,Google API - For Validation
MB Learning Center Batasan,"206, Quezon City",Batasan Hills,2.0,Childcare,Public,Child learning center,For Validation,14.6876543,121.0959494,,,,,,,Google API - For Validation
Joyful Child School of Quezon City,"M4P3+72J, Batasan-San Mateo Rd, Quezon City",Batasan Hills,2.0,Schools,Private,Preschool,For Validation,14.6857025,121.1025073,,,,,,,Google API - For Validation
The Learning Tree Montessori Incorporated,"Batasan Hills, Block-1 Lot 12 Sugartowne, Quezon City, 1126",Batasan Hills,2.0,Schools,Private,Preschool,For Validation,14.6927054,121.0995732,,,,,,,Google API - For Validation
Little Dolphins Learning Center,"Block 23 Lot 10, Gabriella Silang Street, Quezon City",Batasan Hills,2.0,Childcare,Public,Child learning center,For Validation,14.6804518,121.0882596,,,,,,,Google API - For Validation
Vancouver Hill Preschool,"33 Mount Vancouver St, Quezon City",Batasan Hills,2.0,Schools,Private,Preschool,For Validation,14.6812484,121.0912495,,,,,,,Google API - For Validation
Next Hands Playschool,"3F, Citigold Plaza, Katipunan Ave, Project 4, Quezon City",Bayanihan,3.0,Schools,Private,Preschool,For Validation,14.6155637,121.0703233,,,,,,,Google API - For Validation
Acadream Learning Center,"Unit 210, West Ave Residences, 77 West Ave, Project 7, Quezon City",Bungad,1.0,Childcare,Public,Child learning center,For Validation,14.6497873,121.0285126,,,,,,,Google API - For Validation
kapalaran daycare,"2030 Kapalaran, Quezon City",Commonwealth,2.0,Childcare,Public,Day care center,For Validation,14.7068096,121.0878401,,,,,,,Google API - For Validation
Sto. Domingo Yakap Day Care Center,"St. Anthony St. Corner 0024 St. Paul St. Republic Avenue, Holy Spirit, 1127 Quezon City, Saint Anthony Street, Novaliches, Quezon City",Commonwealth,2.0,Childcare,Public,Day care center,For Validation,14.6949738,121.0717187,,,,,,,Google API - For Validation
God's Children Learning Center,"Lot 11 Block 11, Lanzones Street Dona Nicasia Puyat Subdivision, Payatas B, Quezon City",Commonwealth,2.0,Childcare,Public,Child learning center,For Validation,14.709309,121.091612,,,,,,,Google API - For Validation
Kids Heaven Intervation learning Center,"M3XP+36H, Martan St, Quezon City",Commonwealth,2.0,Childcare,Public,Child learning center,For Validation,14.6976795,121.0856347,,,,,,,Google API - For Validation
Santo Niño Commonwealth Learning Center Inc.,"87 San Diego St, Commonwealth, Quezon City",Commonwealth,2.0,Childcare,Public,Child learning center,For Validation,14.6956625,121.0808496,,,,,,,Google API - For Validation
Culiat Maternal and Child Care Center,"M382+VM3, Casanova Dr Ext, Quezon City",Culiat,6.0,Childcare,Public,Day care center,For Validation,14.6671359,121.0516599,,,,,,,Google API - For Validation
Fwco Montessori Child Learning School,"Central Star Bldg, Quezon City",Culiat,6.0,Schools,Private,Preschool,For Validation,14.6630298,121.049702,,,,,,,Google API - For Validation
Our Lady of Montecelli Learning Center,"69 San Pedro Bautista, San Francisco del Monte, Quezon City",Damayan,1.0,Childcare,Public,Child learning center,For Validation,14.6371915,121.0127417,,,,,,,Google API - For Validation
Montessori Lifestyle Inc.,"Brgy, Rolling Hills Village, 49 10th St, Damayang Lagi, Quezon City",Damayang Lagi,4.0,Schools,Private,Preschool,For Validation,14.617143,121.025469,,,,,,,Google API - For Validation
Most Holy Rosary of Pompeii Pre-School,"90 9th St, Mariana, Quezon City",Damayang Lagi,4.0,Schools,Private,Preschool,For Validation,14.6158966,121.0258276,,,,,,,Google API - For Validation
Nueva Ecija Children Integrated School,"22 A. Mabini Street, Quezon City",Doña Aurora,4.0,Schools,Private,Preschool,For Validation,14.6167842,121.0102001,,,,,,,Google API - For Validation
Jesus Our Hope For The World Preschool,"15 Cambridge, Cubao, Quezon City",E. Rodriguez,3.0,Schools,Private,Preschool,For Validation,14.6241036,121.0533134,,,,,,,Google API - For Validation
Daycare and Playground Childcare Services,"J3G3+JCM, 48 Oxford, Quezon City",E. Rodriguez,3.0,Childcare,Public,Day care center,For Validation,14.6265574,121.0535976,,,,,,,Google API - For Validation
Barangay Rodriguez Day Care,"J3G4+P7C, Stanford, Quezon City",E. Rodriguez,3.0,Childcare,Public,Day care center,For Validation,14.6268202,121.05564,,,,,,,Google API - For Validation
International Montessori School,"M3W5+QRH, Chestnut St, Novaliches, Quezon City",Fairview,5.0,Schools,Private,Preschool,For Validation,14.6969275,121.0596222,,,,,,,Google API - For Validation
Young angels of mary kiddie center cefels 3 quirino hiway cal city,"cefels 3 quirino hiway, Caloocan",Fairview,5.0,Schools,Private,Preschool,For Validation,14.7069734,121.0721075,,,,,,,Google API - For Validation
Mindgears Tutorial and Childcare Center,"1115 Sunny Villas Pearl Drive, Pearl St. Cor. Camaro St., East Fairview, Quezon City",Fairview,5.0,Childcare,Public,Day care center,For Validation,14.704136,121.071282,,,,,,,Google API - For Validation
Casa Feliz Childcare and Tutorial Center,"Villa Aurora, 10 Fairlane Street West Fairview Park Subd, Novaliches, Quezon City",Fairview,5.0,Childcare,Public,Day care center,For Validation,14.7005965,121.0658355,,,,,,,Google API - For Validation
Mind at Work Regalado,"West, 41 Regalado Ave, Fairview, Quezon City",Fairview,5.0,Schools,Private,Preschool,For Validation,14.7005155,121.067531,,,,,,,Google API - For Validation
Ichtus Christian Pre-School,"8 Hillman St, Quezon City",Fairview,5.0,Schools,Private,Preschool,For Validation,14.7044549,121.070678,,,,,,,Google API - For Validation
La Mesa Watershed Nursery,"P3JC+WC5 La Mesa Watershed, La Mesa Rd, Novaliches, Quezon City",Greater Lagro,5.0,Schools,Private,Preschool,For Validation,14.7322571,121.0710939,,,,,,,Google API - For Validation
Cloudberry Kids Playschool,"Greater Lagro, One Rebtrade Building, Quirino Hwy, Quezon City",Greater Lagro,5.0,Schools,Private,Preschool,For Validation,14.7352814,121.0677326,,,,,,,Google API - For Validation
Mons and Tots Preschool,"3 Don Jose, Holy Spirit , Holy Spirit , 1127 Quezon City , Metro Manila",Holy Spirit,2.0,Schools,Private,Preschool,For Validation,14.6802584,121.0826942,,,,,,,Google API - For Validation
Cute Colors Learning Center,"44 Corregidor St, Matandang Balara, Quezon City",Holy Spirit,2.0,Childcare,Public,Child learning center,For Validation,14.6778257,121.0713049,,,,,,,Google API - For Validation
The Child of Saint Anne Learning Center,"Area 4 , 1119, 6-A Artillery Rd, Holy Spirit, Quezon City",Holy Spirit,2.0,Childcare,Public,Child learning center,For Validation,14.6807826,121.071959,,,,,,,Google API - For Validation
NS Montessori,"28, 1120 Victorino Salazar, Quezon City",Holy Spirit,2.0,Schools,Private,Preschool,For Validation,14.6878919,121.078964,,,,,,,Google API - For Validation
Joyful Scholars Montessori Inc.,"2021 Luzon Ave, Holy Spirit, Quezon City",Holy Spirit,2.0,Schools,Private,Preschool,For Validation,14.6807904,121.0696207,,,,,,,Google API - For Validation
Pinasama Doña Juana Childcare Learning Center,"263 San Simon, Quezon City",Holy Spirit,2.0,Childcare,Public,Child learning center,For Validation,14.6904223,121.0862491,,,,,,,Google API - For Validation
Teacher A’s House of Learning - Quezon City Branch,"Unit 315, Jocfer Bldg, Brgy Commonwealth Ave, Diliman, Quezon City",Holy Spirit,2.0,Childcare,Public,Child learning center,For Validation,14.6728628,121.0791286,,,,,,,Google API - For Validation
Childmatters,"67 Main Horseshoe Drive, Quezon City",Horseshoe,4.0,Schools,Private,Preschool,For Validation,14.6120225,121.0397961,,,,,,,Google API - For Validation
All Bright Beginnings Childcare Center,"Unit J&, K Isabel Building, Zabarte Rd, Novaliches, Quezon City",Kaligayahan,5.0,Childcare,Public,Day care center,For Validation,14.7394529,121.0468922,,,,,,,Google API - For Validation
Eramus Learning Center,"Hobart Village, Zabarie Road, Novaliches, Quezon City",Kaligayahan,5.0,Childcare,Public,Child learning center,For Validation,14.7362418,121.0471816,,,,,,,Google API - For Validation
Puzzle Piece Child Center,"Greenfields 1, Camias St, Novaliches, Quezon City",Kaligayahan,5.0,Childcare,Public,Day care center,For Validation,14.7328801,121.0391139,,,,,,,Google API - For Validation
K-N-L R-V-C Daycare Center,"24 Fernando St, Diliman, Quezon City",Krus Na Ligas,4.0,Childcare,Public,Day care center,For Validation,14.6426528,121.0619128,,,,,,,Google API - For Validation
Vey Garcia's Child Learning Center,"57 Nicanor Roxas St, Sampaloc, Quezon City",Lourdes,1.0,Childcare,Public,Child learning center,For Validation,14.6256761,121.0033317,,,,,,,Google API - For Validation
Filipino Child Learning And Development School,"50 Esteban Abada Street, Loyola Heights, Quezon City, 1101",Loyola Heights,3.0,Schools,Private,Preschool,For Validation,14.6384592,121.0732105,,,,,,,Google API - For Validation
World Prep Learning Center,"149 B. Gonzales St., Loyola Heights, Quezon City, 1108",Loyola Heights,3.0,Childcare,Public,Child learning center,For Validation,14.6374914,121.0699968,,,,,,,Google API - For Validation
Smallville Montessori Katipunan,"21 Esteban Abada St, Loyola Heights, Quezon City",Loyola Heights,3.0,Schools,Private,Preschool,For Validation,14.6337707,121.0728684,,,,,,,Google API - For Validation
Montessori Filipino Child Research Center,"92 Melchor Street, Loyola Heights, Quezon City, 1108",Loyola Heights,3.0,Schools,Private,Preschool,For Validation,14.6421766,121.0697751,,,,,,,Google API - For Validation
Sunny Hill Child Study Center - Katipunan,"347 Katipunan Avenue, Loyola Heights, Quezon City",Loyola Heights,3.0,Schools,Private,Preschool,For Validation,14.6412001,121.0749969,,,,,,,Google API - For Validation
HAND Preschool,"67a Xavierville Ave, Quezon City",Loyola Heights,3.0,Schools,Private,Preschool,For Validation,14.6351441,121.0700021,,,,,,,Google API - For Validation
Child's Place Preschool,"4 Escaler, Quezon City",Loyola Heights,3.0,Schools,Private,Preschool,For Validation,14.6451841,121.0737611,,,,,,,Google API - For Validation
Excel Preschool,"72 Don Manuel Agregado, Santa Mesa Heights, Quezon City",Maharlika,1.0,Schools,Private,Preschool,For Validation,14.6289583,120.9968203,,,,,,,Google API - For Validation
Bloomfield Montessori School,"145, 1114 Cordillera, Santa Mesa Heights, Quezon City",Maharlika,1.0,Schools,Private,Preschool,For Validation,14.6322673,120.9993343,,,,,,,Google API - For Validation
Children's Hub Development Center,"2A 888 Banawe Square, G. Roxas St, Manresa, Quezon City",Manresa,1.0,Childcare,Public,Child development center and supervised neighborhood play,For Validation,14.6391947,121.0009958,,,,,,,Google API - For Validation
Blessed Child Kindergarten School of Quezon City,"7 Ragang, Manresa, Quezon City",Manresa,1.0,Schools,Private,Preschool,For Validation,14.6415498,120.9991024,,,,,,,Google API - For Validation
Beautiful Minds Day Care Center Banawe,"35 Panalturan, Quezon City",Manresa,1.0,Childcare,Public,Day care center,For Validation,14.6433533,121.0022116,,,,,,,Google API - For Validation
Learning & Beyond Childcare and Intervention Center,"Seneca Plaza, E Rodriguez Sr. Ave, Mariana, Quezon City",Mariana,4.0,Childcare,Public,Child learning center,For Validation,14.6232948,121.0307766,,,,,,,Google API - For Validation
St. Bernadeth Preschool,"31 Alley 3 Road 8, Project 6, Quezon City",Mariana,4.0,Schools,Private,Preschool,For Validation,14.6184833,121.035034,,,,,,,Google API - For Validation
St. Mark Learning Center,"J2FJ+CQC, Doña Hemady St, Mariana, Quezon City",Mariana,4.0,Childcare,Public,Child learning center,For Validation,14.6235341,121.0318823,,,,,,,Google API - For Validation
Daycare Center Montessori Syle,"1112 E Rodriguez Sr. Ave, Mariana, Quezon City",Mariana,4.0,Schools,Private,Preschool,For Validation,14.6235821,121.0306442,,,,,,,Google API - For Validation
Life Day Care Center,"1012 Aurora Blvd, Marilag, Project 4, Quezon City",Marilag,3.0,Childcare,Public,Day care center,For Validation,14.6295126,121.0702422,,,,,,,Google API - For Validation
Masambong Foursquare Learning Center,"71 Malac, Quezon City",Masambong,1.0,Childcare,Public,Child learning center,For Validation,14.6435898,121.0093128,,,,,,,Google API - For Validation
Saint Mark`S Child Development Center,"1116 Tandang Sora Ave, Matandang Balara, Diliman, Quezon City",Matandang Balara,3.0,Childcare,Public,Child development center and supervised neighborhood play,For Validation,14.6634602,121.0736425,,,,,,,Google API - For Validation
Menti Assorbenti Montessori,"Block 8 Lot 34, 35 New Intramuros Village, Beaterio, Matandang Balara, Quezon City",Matandang Balara,3.0,Schools,Private,Preschool,For Validation,14.6713438,121.0730559,,,,,,,Google API - For Validation
Child'S Basic Study Center,"348 P. Tuazon Blvd, Cubao, Quezon City",Milagrosa,3.0,Schools,Private,Preschool,For Validation,14.6223395,121.0668441,,,,,,,Google API - For Validation
St. Therese of the Child Jesus Montessori School,"64 A. De Legaspi Street, Project 4, Quezon City",Milagrosa,3.0,Schools,Private,Preschool,For Validation,14.6220499,121.0697363,,,,,,,Google API - For Validation
Childfind Learning and Play Center,"Units 211-212, The Tower, Emerald Square, Jose P. Rizal Street corner P. Tuazon Street, Project 4, Quezon City, Metro Manila",Milagrosa,3.0,Childcare,Public,Child learning center,For Validation,14.6230059,121.0715001,,,,,,,Google API - For Validation
Holy Spirit Child Development Center,"169 Mayon St, La Loma, Quezon City",N. S. Amoranto (Gintong Silahis),1.0,Childcare,Public,Child development center and supervised neighborhood play,For Validation,14.6363452,120.9937257,,,,,,,Google API - For Validation
Ace Developing Minds Learning Center,"SSS Homes, 93 Pension, North Fairview, Quezon City",North Fairview,5.0,Childcare,Public,Child learning center,For Validation,14.7066527,121.0605165,,,,,,,Google API - For Validation
Brain Gems Montessori | Novaliches,"Lot 2, yahweh building, Block 1 Ambrocia, Quezon City",Novaliches Proper,5.0,Schools,Private,Preschool,For Validation,14.7222388,121.0345495,,,,,,,Google API - For Validation
Child's Place,"149 P. Gonzales St, Quezon City",Pag-Ibig Sa Nayon,1.0,Schools,Private,Preschool,For Validation,14.647197,120.99447,,,,,,,Google API - For Validation
Sunny Skies Learning Center,"1, Lower Ground Floor, Capitol Greenstreet, Matandang Balara, Quezon City, 1119, 1 Capitol Hills Dr, Pansol, Quezon City",Pansol,3.0,Childcare,Public,Child learning center,For Validation,14.663425,121.084253,,,,,,,Google API - For Validation
God's Begotten Son Day Care Center,Quezon City,Pasong Putik Proper,5.0,Childcare,Public,Day care center,For Validation,14.7416022,121.055426,,,,,,,Google API - For Validation
God's Children Tutorial House,"No. 51 Lily Street, Maligaya Park Subdivision, Brgy, Proper, Quezon City",Pasong Putik Proper,5.0,Schools,Private,Preschool,For Validation,14.7400009,121.0621831,,,,,,,Google API - For Validation
The Bright Horizon Learning Center,"P3R7+J4R, Everlasting, Novaliches, Caloocan",Pasong Putik Proper,5.0,Childcare,Public,Child learning center,For Validation,14.7416746,121.0627451,,,,,,,Google API - For Validation
Little Angel,"145 Republic Ave, Novaliches, Quezon City",Pasong Tamo,6.0,Childcare,Public,Day care center,For Validation,14.6929393,121.0625324,,,,,,,Google API - For Validation
Gilsoul Child Development Center,"53 Philand Drive, Pasong Tamo , 1107 Quezon City , Metro Manila",Pasong Tamo,6.0,Childcare,Public,Child development center and supervised neighborhood play,For Validation,14.6769705,121.0510997,,,,,,,Google API - For Validation
PINASAMA Day Care Center,"Phase 3, Payatas B, Quezon City",Payatas,2.0,Childcare,Public,Day care center,For Validation,14.7188953,121.1074231,,,,,,,Google API - For Validation
Masaganang Bukas Learning Center,Quezon City,Payatas,2.0,Childcare,Public,Child learning center,For Validation,14.7179319,121.1115177,,,,,,,Google API - For Validation
Payatas Bayanihan Preschool,"P36W+576 Morning Star, Payatas B, Quezon City",Payatas,2.0,Schools,Private,Preschool,For Validation,14.7104191,121.0956526,,,,,,,Google API - For Validation
Payatas Child Care Center and Learning Center,"P422+Q2M, San Miguel Ext, Quezon City",Payatas,2.0,Childcare,Public,Child learning center,For Validation,14.7019665,121.1000576,,,,,,,Google API - For Validation
Curious Tykes Early Childhood Development Center,"77 Ermin Garcia St, Cubao, Quezon City",Pinagkaisahan,4.0,Childcare,Public,Child development center and supervised neighborhood play,For Validation,14.6269123,121.0465685,,,,,,,Google API - For Validation
Cmli Cheers Montessori,"1100 Rd 1, Project 6, Quezon City",Project 6,1.0,Schools,Private,Preschool,For Validation,14.6609884,121.03763,,,,,,,Google API - For Validation
St. Paul Educational Center Preschool Annex B,"20 road 4, cor Rd 2, Project 6, Quezon City",Project 6,1.0,Schools,Private,Preschool,For Validation,14.6625046,121.0375126,,,,,,,Google API - For Validation
Playlab Activity Center,"3 Rd 3, Project 6, Quezon City",Project 6,1.0,Childcare,Public,Child learning center,For Validation,14.6594305,121.0426488,,,,,,,Google API - For Validation
First Step Montessori,"30 Anonas, Quezon City",Quirino 2-B,3.0,Schools,Private,Preschool,For Validation,14.6299676,121.0618079,,,,,,,Google API - For Validation
Christ the King Children's School,Zone 3 Bangued (Capital) Abra,Ramon Magsaysay,1.0,Schools,Private,Preschool,For Validation,14.6584997,121.0220032,,,,,,,Google API - For Validation
Manila Daycare Center,"J2H9+GVC, Mother Ignacia Ave, Diliman, Quezon City",Roxas,4.0,Childcare,Public,Day care center,For Validation,14.6287373,121.0196381,,,,,,,Google API - For Validation
Little Sandbox Preschool,"112 Scout Sct. Gandia St, Diliman, Quezon City",Sacred Heart,4.0,Schools,Private,Preschool,For Validation,14.6312183,121.0363324,,,,,,,Google API - For Validation
Raya Playschool,"109 Scout Fernandez cor. Scout, Sct. Torillo St, Quezon City",Sacred Heart,4.0,Schools,Private,Preschool,For Validation,14.6324661,121.036796,,,,,,,Google API - For Validation
Little Child of Bethlehem School Incorporated,"P2MP+6M6, Bethzaida, Quezon City",San Agustin,5.0,Schools,Private,Preschool,For Validation,14.7330255,121.0366667,,,,,,,Google API - For Validation
Sinagtala Daycare and Livelihood center,"J2X8+M83, Corner San Jose and, Capillan Street, Quezon City",San Antonio,1.0,Childcare,Public,Day care center,For Validation,14.6491267,121.0157979,,,,,,,Google API - For Validation
Day Care Center / Vargas Hall,"P25F+FQJ Marcos St, Cor Quirino, San Bartolome, Quezon City",San Bartolome,5.0,Childcare,Public,Day care center,For Validation,14.7087096,121.0243912,,,,,,,Google API - For Validation
Master's Child Integrated School,"180 Iba Street, Salvacion, Laloma, Quezon City, 1114",San Isidro Labrador,1.0,Schools,Private,Preschool,For Validation,14.6230515,120.9964881,,,,,,,Google API - For Validation
Children of Mary Immaculate Early Education,"JXFV+7Q8, Simoun St, La Loma, Quezon City",San Isidro Labrador,1.0,Schools,Private,Preschool,For Validation,14.6231608,120.9944527,,,,,,,Google API - For Validation
Mother Goose Learning Center,"UP Bliss Multi-Purpose Hall, San Vicente, Quezon City, 1100",San Vicente,4.0,Childcare,Public,Child learning center,For Validation,14.6534611,121.0553647,,,,,,,Google API - For Validation
Daniel Kinder House,"112 Premium Street, Sangandaan, GSIS Village, Quezon City, 1100",Sangandaan,6.0,Schools,Private,Preschool,For Validation,14.6737519,121.019694,,,,,,,Google API - For Validation
The Children's School House Inc.,"M3X3+Q9R, Quezon City",Sauyo,6.0,Schools,Private,Preschool,For Validation,14.699559,121.0533929,,,,,,,Google API - For Validation
Richland Montessori School,"Lot 5 Block 5 Richland 5, Bag - Bag, Nova, Quezon City",Sauyo,6.0,Schools,Private,Preschool,For Validation,14.691341,121.0314699,,,,,,,Google API - For Validation
Cambridge Preschool @ Sto. Domingo,"94 Sto. Domingo Ave, near N.S. Amoranto Sr. St, Quezon City",Sienna,1.0,Schools,Private,Preschool,For Validation,14.6352446,121.0061527,,,,,,,Google API - For Validation
"Center for Early Childhood Care and Development, Inc.","8 Pittsburgh, Cubao, Quezon City",Silangan,3.0,Childcare,Public,Child development center and supervised neighborhood play,For Validation,14.6274199,121.0605143,,,,,,,Google API - For Validation
JK Learning Center,"915 Aurora Boulevard, corner Albany, Quezon City",Silangan,3.0,Childcare,Public,Child learning center,For Validation,14.625542,121.0581691,,,,,,,Google API - For Validation
Children's Pre-School,"J385+WHH, Cubao, Quezon City",Socorro,3.0,Schools,Private,Preschool,For Validation,14.6173,121.0589981,,,,,,,Google API - For Validation
King Shepherds Flock Childrens Academy,"J385+GPQ, 13th Ave, Cubao, Marikina",Socorro,3.0,Schools,Private,Preschool,For Validation,14.6163431,121.0593994,,,,,,,Google API - For Validation
Nurture Camp Child Development Center,"84 9th Ave, Cubao, Quezon City",Socorro,3.0,Childcare,Public,Child development center and supervised neighborhood play,For Validation,14.6158255,121.0565156,,,,,,,Google API - For Validation
PAREF Preschool ROSEFIELD SOUTH TRIANGLE,"116 Panay Avenue Unit 142 Ground Floor M Place Mall, Quezon City",South Triangle,4.0,Schools,Private,Preschool,For Validation,14.6393157,121.0325192,,,,,,,Google API - For Validation
Kinderfield Learning Center,"102 c SJB Centro Plaza Condominium Scout Madriñan, cor Scout Torillo, Diliman, Quezon City",South Triangle,4.0,Schools,Private,Preschool,For Validation,14.6355741,121.0374788,,,,,,,Google API - For Validation
Wee Care Child Health and Developmental Center,"71, Scout Tobias Street, corner Scout Madrinan Street, Quezon City",South Triangle,4.0,Childcare,Public,Child development center and supervised neighborhood play,For Validation,14.6369613,121.0312056,,,,,,,Google API - For Validation
Children's Little University,"48 Samar Ave. cor. Eugenio Lopez Drive, Brgy. South Triangle, Quezon City",South Triangle,4.0,Schools,Private,Preschool,For Validation,14.6393214,121.0395743,,,,,,,Google API - For Validation
Montessori Children's House of Learning,"114 Panay Avenue, Quezon City",South Triangle,4.0,Schools,Private,Preschool,For Validation,14.6367211,121.0276407,,,,,,,Google API - For Validation
SARMIENTO DAY CARE CENTER-DOÑA RORIE ST.,"P2CW+53X, Sarmiento, Novaliches, Quezon City",Sta. Monica,5.0,Childcare,Public,Day care center,For Validation,14.7204834,121.0452274,,,,,,,Google API - For Validation
"Mother of Mercy Learning Center, Inc.","Jordan Plains Subdivision, 1057 Salvador Street, Novaliches, Quezon City",Sta. Monica,5.0,Childcare,Public,Child learning center,For Validation,14.7241756,121.0458411,,,,,,,Google API - For Validation
Little Merry Hearts Montessori Center,"Bago Bantay, Quezon City",Sto. Cristo,1.0,Schools,Private,Preschool,For Validation,14.6598,121.027,,,,,,,Google API - For Validation
Nueva Ecija Children Integrated School,22 Mabibi St. San Gregorio Nueva Ecija Children Integrated School Nueva Ecija,Sto. Cristo,1.0,Schools,Private,Preschool,For Validation,14.6598,121.027,,,,,,,Google API - For Validation
MKC Childrens World Montessori,Poblacion Sur Mkc Childrens World Montessori Nueva Ecija,Sto. Cristo,1.0,Schools,Private,Preschool,For Validation,14.6598,121.027,,,,,,,Google API - For Validation
Kinder Space Playgroup and Tutorial Center,"Carpark B Nueva Vizcaya Street, The Grass Residences, Bago Bantay, Quezon City",Sto. Cristo,1.0,Schools,Private,Preschool,For Validation,14.6595542,121.0272199,,,,,,,Google API - For Validation
Mom and Tots Preschool,"3 Don Jose Street, Don Antonio Heights, Quezon City",Sto. Domingo (Matalahib),1.0,Schools,Private,Preschool,For Validation,14.6333513,121.0080465,,,,,,,Google API - For Validation
Q-dees Talayan Village International Preschool (by Lieve Deheegher),"158 Maria Clara St, Quezon City",Talayan,1.0,Schools,Private,Preschool,For Validation,14.631189,121.0128148,,,,,,,Google API - For Validation
Better Children of St. Claire Montessori,"Quirino Hwy, Novaliches, Quezon City",Talipapa,6.0,Schools,Private,Preschool,For Validation,14.6869282,121.0247033,,,,,,,Google API - For Validation
Saint Philomena Kidzone Learning Center,"776 Tandang Sora Ave, Tandang Sora, Quezon City",Tandang Sora,6.0,Childcare,Public,Child learning center,For Validation,14.6766123,121.0350387,,,,,,,Google API - For Validation
Shine Pre-School,"M2MM+VR7, Pisces, Barangay Tandang Sora, Quezon City",Tandang Sora,6.0,Schools,Private,Preschool,For Validation,14.6846841,121.0345324,,,,,,,Google API - For Validation
Little Lamb Child Care Development Center,"St. Martin Street, Tandang Sora, Reymar Subdivision, Quezon City, 1116",Tandang Sora,6.0,Childcare,Public,Child development center and supervised neighborhood play,For Validation,14.6809896,121.0389208,,,,,,,Google API - For Validation
Holy Infant Jesus Montessori Center Phils.,"1329 Daleon St., North Emp. Vil. no data, Lucena City (Capital)",Tandang Sora,6.0,Schools,Private,Preschool,For Validation,14.6760413,121.0437003,,,,,,,Google API - For Validation
Twco Day Care,"60 Kaliraya St, Quezon City",Tatalon,4.0,Childcare,Public,Day care center,For Validation,14.6234292,121.0110176,,,,,,,Google API - For Validation
Barangay Teacher's Village East Pre School,"J3W6+98R, Maginhawa Corner Masinsinan Street, Teachers Village East, Diliman, Quezon",Teachers Village East,4.0,Schools,Private,Preschool,For Validation,14.6460041,121.0607963,,,,,,,Google API - For Validation
DBC Child Learning Center Incorporated,"Diliman, Quezon City",Teachers Village West,4.0,Childcare,Public,Child learning center,For Validation,14.644961,121.0571425,,,,,,,Google API - For Validation
Alphabet and Crayon Learning Center,"11 Legaspi Street, U.P. Campus , University of the Philippines , 1101 Quezon City , Metro Manila",U. P. Campus,4.0,Childcare,Public,Child learning center,For Validation,14.659897,121.0480456,,,,,,,Google API - For Validation
Kalinga Day Care,"University of the Philippines Diliman, 1101 Aglipay St, Diliman, Quezon City",U. P. Campus,4.0,Childcare,Public,Day care center,For Validation,14.6603386,121.0718518,,,,,,,Google API - For Validation
PAUW-UP Child Study Center,"M328+39V, T.H. Pardo de Tavera St, Diliman, Quezon City",U. P. Campus,4.0,Schools,Private,Preschool,For Validation,14.6502281,121.0659108,,,,,,,Google API - For Validation
PAUW-Child Study Center,"Taburaja Hall,Area 14 , University of the Philippines , 1101, Quezon City",U. P. Campus,4.0,Schools,Private,Preschool,For Validation,14.6549714,121.0651418,,,,,,,Google API - For Validation
St. Bernard Learning Center,"M343+C57, Diliman, Quezon City",U. P. Campus,4.0,Childcare,Public,Child learning center,For Validation,14.6554184,121.0524528,,,,,,,Google API - For Validation
Church of the Risen Lord Christian Child Care Center,"Laurel Avenue, U.P. Campus , University of the Philippines , 1101 Quezon City , Metro Manila",U. P. Campus,4.0,Childcare,Public,Day care center,For Validation,14.6596638,121.0719868,,,,,,,Google API - For Validation
REMs Preschool,"95, Blk 4 Daan Tubo, U.P. Campus, Diliman, Quezon City",U. P. Campus,4.0,Schools,Private,Preschool,For Validation,14.6462928,121.0711274,,,,,,,Google API - For Validation
Dagohoy Day Care,"University of the Philippines Diliman, 1101 Dagohoy, Diliman, Quezon City",U. P. Campus,4.0,Childcare,Public,Day care center,For Validation,14.6599752,121.0739307,,,,,,,Google API - For Validation
Hills Learning Zone/ Casa Tykes,"76 Green Meadows Ave, Quezon City",Ugong Norte,3.0,Childcare,Public,Child learning center,For Validation,14.6009537,121.0739703,,,,,,,Google API - For Validation
Raya Beginnings,"96 Green Meadows Ave, Quezon City",Ugong Norte,3.0,Schools,Private,Preschool,For Validation,14.6011618,121.0764859,,,,,,,Google API - For Validation
Manila Montessori College,"304 Roosevelt Avenue, Corner Epifanio Delos Santos Avenue, Muñoz, Quezon City",Veterans Village,1.0,Schools,Private,Preschool,For Validation,14.6571249,121.0196263,,,,,,,Google API - For Validation
Discoverland Day Care & Learning Center,"24 K-8th, Quezon City",West Kamias,3.0,Childcare,Public,Child learning center,For Validation,14.6302241,121.0494865,,,,,,,Google API - For Validation
Little Sprouts Educational Center - West Triangle,"61 T Benitez, Quezon City",West Triangle,1.0,Schools,Private,Preschool,For Validation,14.6454346,121.0326946,,,,,,,Google API - For Validation
Leap and Learn MNL,"Unit 12, White Plains Community Center, 10 Nathan, Quezon City",White Plains,3.0,Schools,Private,Preschool,For Validation,14.6028777,121.0703441,,,,,,,Google API - For Validation
Brite International Pre School,"J35C+XJJ, Fordham, Quezon City",White Plains,3.0,Schools,Private,Preschool,For Validation,14.6099741,121.0715257,,,,,,,Google API - For Validation
Childstart International WP Inc.,"22, 1110 Yellowstone, Quezon City",White Plains,3.0,Schools,Private,Preschool,For Validation,14.6091383,121.074795,,,,,,,Google API - For Validation
angel's elderly home care services,"14, BERGEN STREET, NORTH FAIRVIEW PARK SUBDIVISION, NORTH FAIRVIEW, QUEZON CITY, NCR, 1121",North Fairview,5.0,Older persons care,Private,Residential Care Facility,BLPD,14.7139234428544,121.062704617608,6:00AM,6:00AM,,,,,Administrative data
apo senior living corporation,"UNIT 310 & 312, 7 GENERAL AVENUE, PROJECT 8, BAHAY TORO, QUEZON CITY, NCR, 1106",Bahay Toro,1.0,Older persons care,Private,Retirement and Assisted Living Facility,BLPD,14.6713926834536,121.025068522628,8:00AM,5:00PM,,,,,Administrative data
bahay aruga for abandoned elderly,"YWCA Building, Don Victorino Street in Don Antonio Heights, Barangay Holy Spirit, Quezon City",Holy Spirit,2.0,Older persons care,Public,Government Residential Care Facility,"Data_QC Caring Cities Tracker, QC LGU Services&Locations",14.6795798,121.0811192,,,,,,,Administrative data
Cheers Global Nursing Homecare (Facility 1),"15, WEST MAYA DRIVE, PHILAM HOMES, PHIL-AM, QUEZON CITY, NCR, 1104",Phil-Am,1.0,Older persons care,Private,Retirement and Assisted Living Facility,BLPD,14.6471784,121.0287237,6:00AM,6:00PM,,,,,Administrative data
Cheers Global Nursing Homecare (Facility 2),"17 D, SCOUT BAYORAN, SOUTH TRIANGLE, QUEZON CITY, NCR, 1103",South Triangle,4.0,Older persons care,Private,Retirement and Assisted Living Facility,BLPD,14.6382276,121.0351533,8:00AM,5:00PM,,,,,Administrative data
grey-gold home care services,"13, WEST MAYA DRIVE, PHIL-AM, QUEZON CITY, NCR, 1104",Phil-Am,1.0,Older persons care,Private,Residential Care Facility,BLPD,14.6471007,121.0287973,7:00AM,7:00AM,,,,,Administrative data
safe health care solutions inc.,"20, FAIRLANE AVE., FAIRVIEW, QUEZON CITY, NCR, 1118",Fairview,5.0,Older persons care,Private,Residential Care Facility,BLPD,14.701373904847,121.065797377345,6:00AM,8:00PM,,,,,Administrative data
silverleaf aged care manor inc.,"7, DUNHILL STREET, EAST FAIRVIEW PARK SUBDIVISION, FAIRVIEW, QUEZON CITY, NCR, 1118",Fairview,5.0,Older persons care,Private,Residential Care Facility,BLPD,14.7057393891363,121.080869505844,8:00AM,5:00PM,,,,,Administrative data
tlg home care services,"# 39, BURBANK, NORTH FAIRVIEW PARK, NORTH FAIRVIEW, QUEZON CITY, NCR, 1121",North Fairview,5.0,Older persons care,Private,Residential Care Facility,BLPD,14.7137616,121.0649154,6:00AM,6:00PM,,,,,Administrative data
St. Benedict Home Care Facility,"New Capitol Estate, Block 31 Lot 13 Andres Bonifacio St, 1 Commonwealth Ave, Quezon City",Batasan Hills,2.0,Older persons care,Private,Residential Care Facility,For Validation,14.681062,121.0853657,,,,,,,Google API - For Validation
THCS Homecare,"30 Pontiac St, Novaliches, Quezon City",Fairview,5.0,Older persons care,Private,Home Healthcare Service Provider,For Validation,14.7042034,121.0697363,,,,,,,Google API - For Validation
St. Francis Home Care Center,"Bldg, 5/F 793, Novaliches General Hospital Inc. (NGHI, 1117 Quirino Hwy, Novaliches, Quezon City",Gulod,5.0,Older persons care,Private,Residential Care Facility,For Validation,14.7094911,121.0389499,,,,,,,Google API - For Validation
At Home Hospice Foundation Incorporated,"Room 513 Medical Arts Building, St. Luke’s Medical Center, 279 E Rodriguez Sr. Avenue, New Manila, Quezon City",Kalusugan,4.0,Older persons care,Private,Home Care and Respite Care Provider,For Validation,14.622349,121.0238972,,,,,,,Google API - For Validation
On Call Nursing Services,"146 N. Domingo, Quezon City",Kaunlaran,4.0,Older persons care,Private,Home Healthcare Service Provider,For Validation,14.6180321,121.0450315,,,,,,,Google API - For Validation
Happy Nest Care Community,"81 Broadway Ave, Mariana, Quezon City",Kristong Hari,4.0,Older persons care,Private,Assisted Living and Memory Care Facility,For Validation,14.6247186,121.025173,,,,,,,Google API - For Validation
CREDO Home Care for Elders,"11 Ramos St Ramax, Subdivision, Quezon City",Pasong Tamo,6.0,Older persons care,Private,Residential Care Facility,For Validation,14.6896795,121.0647826,,,,,,,Google API - For Validation
Noli Alzheimers and Elderly Care Center,"8 Maginoo, Diliman, Quezon City",Pinyahan,4.0,Older persons care,Private,Nursing home and Memory Care Facility,For Validation,14.6370571,121.0539961,,,,,,,Google API - For Validation
Asian Personal Care - Nursing Home Care,"108 Marang, Quezon City",Quirino 2-B,3.0,Older persons care,Private,Retirement and Residential Care Facility,For Validation,14.6323321,121.0624212,,,,,,,Google API - For Validation
Blessed Family Home Care Facility,"48 Atty. Pat Senador Sr., Quezon City",San Antonio,1.0,Older persons care,Private,Residential and Assisted Living Facility,For Validation,14.6468903,121.016275,,,,,,,Google API - For Validation
Casa De Silencio,"J267+PW7, Quezon City",Santol,4.0,Older persons care,Private,Clergy Retirement Home,For Validation,14.6117493,121.0147043,,,,,,,Google API - For Validation
Golden Reception and Action Center for the Elderly and Other Special Cases,"M25J+3HW, Golden Acres Rd, Bago Bantay, Quezon City",Sto. Cristo,1.0,Older persons care,Public,Government Residential Care Facility,For Validation,14.6577469,121.0314448,,,,,,,Google API - For Validation
Wellness Place & Care Homes,"Lipa Rd, Quezon City",Tandang Sora,6.0,Older persons care,Private,Residential Care Facility,For Validation,14.6760413,121.0437003,,,,,,,Google API - For Validation
Apolonio Samson,"150 Kaingin Road, Brgy. Apolonio Samson, Balintawak",Apolonio Samson,6.0,Health centers,,Health center,"Data_QC Caring Cities Tracker, QC Administrative Data - Health",14.6548296,121.0113247,,,,,,,Administrative data
Apolonio Samson Health Center,"150 Kaingin Road, Brgy. Apolonio Samson, Balintawak",Apolonio Samson,6.0,Health centers,,Health center pharmacy,"Data_QC Caring Cities Tracker, QC Administrative Data - Health",14.6548296,121.0113247,,,,,,,Administrative data
Arsenia De Jesus Maximo Lying–In Clinic,"Quirino Hi–way, Brgy. Novaliches",Novaliches Proper,5.0,Health centers,,LGU-run lying-in clinic,"Data_QC Caring Cities Tracker, QC Administrative Data - Health",14.7188596,121.0400032,,,,,,,Administrative data
Arsenia de Jesus Maximo Super,"Quirino Highway, Brgy. Novaliches Proper",Novaliches Proper,5.0,Health centers,,Health center,"Data_QC Caring Cities Tracker, QC Administrative Data - Health",14.7188596,121.0400032,,,,,,,Administrative data
Arsenia De Jesus Maximo Super Health Center,"Quirino Highway, Brgy. Novaliches Proper",Novaliches Proper,5.0,Health centers,,Super health care center,"Data_QC Caring Cities Tracker, QC Administrative Data - Health",14.7188596,121.0400032,,,,,,,Administrative data
Baesa,"57 Baesa Road, Brgy. Baesa",Baesa,6.0,Health centers,,Health center,"Data_QC Caring Cities Tracker, QC Administrative Data - Health",14.669911,121.0061743,,,,,,,Administrative data
Baesa Health Center,"57 Baesa Road, Brgy. Baesa",Baesa,6.0,Health centers,,Health center pharmacy,"Data_QC Caring Cities Tracker, QC Administrative Data - Health",14.669911,121.0061743,,,,,,,Administrative data
Bagbag,"18 Parokya ng Pagkabuhay Road, Brgy. Bagbag",Bagbag,5.0,Health centers,,Health center,"Data_QC Caring Cities Tracker, QC Administrative Data - Health",14.6970258,121.0300472,,,,,,,Administrative data
Bagong Pag-asa,"36 Road 9 cor. Road 10, Brgy. Bagong Pag-asa",Bagong Pag-Asa,1.0,Health centers,,Health center,"Data_QC Caring Cities Tracker, QC Administrative Data - Health",14.6620781,121.0341506,,,,,,,Administrative data
Bagong Silangan,"Bonifacio St., Brgy. Bagong Silangan",Bagong Silangan,2.0,Health centers,,Health center,"Data_QC Caring Cities Tracker, QC Administrative Data - Health",14.6981705,121.1099839,,,,,,,Administrative data
Bagong Silangan Lying–In Clinic,"Bonifacio St., Brgy. Bagong Silangan",Bagong Silangan,2.0,Health centers,,LGU-run lying-in clinic,"Data_QC Caring Cities Tracker, QC Administrative Data - Health",14.6981705,121.1099839,,,,,,,Administrative data
Balingasa,"26 J. Aquino Cruz St., Brgy. Balingasa",Balingasa,1.0,Health centers,,Health center,"Data_QC Caring Cities Tracker, QC Administrative Data - Health",14.6484261,121.0046963,,,,,,,Administrative data
Banlat,"13 Daffodil St. cor. Daisy St., Del Nacia 1 Village, Brgy. Tandang Sora",Tandang Sora,6.0,Health centers,,Health center,"Data_QC Caring Cities Tracker, QC Administrative Data - Health",14.6819218,121.0421102,,,,,,,Administrative data
Banlat Health Center,"13 Daffodil St. cor. Daisy St., Del Nacia 1 Village, Brgy. Tandang Sora",Tandang Sora,6.0,Health centers,,Health center pharmacy,"Data_QC Caring Cities Tracker, QC Administrative Data - Health",14.6819218,121.0421102,,,,,,,Administrative data
Barangay Paltok Health Center,"14 Matias St., Brgy. Paltok",Paltok,1.0,Health centers,,Health center pharmacy,"Data_QC Caring Cities Tracker, QC Administrative Data - Health",14.6424811,121.0217336,,,,,,,Administrative data
Barangay Pansol Health Center,"Plaza St., Brgy. Pansol",Pansol,3.0,Health centers,,Health center pharmacy,"Data_QC Caring Cities Tracker, QC Administrative Data - Health",14.6516314,121.0808034,,,,,,,Administrative data
Batasan Hills Annex,"Bill cor. Saret St., Brgy. Batasan Hills",Batasan Hills,2.0,Health centers,,Health center,"Data_QC Caring Cities Tracker, QC Administrative Data - Health",14.6861474,121.0993331,,,,,,,Administrative data
Batasan Hills Lying–In Clinic,"2 IBP Road, Brgy. Batasan Hills",Batasan Hills,2.0,Health centers,,LGU-run lying-in clinic,"Data_QC Caring Cities Tracker, QC Administrative Data - Health",14.686948,121.091123,,,,,,,Administrative data
Batasan Hills Super,"2 IBP Road, Brgy. Batasan Hills",Batasan Hills,2.0,Health centers,,Health center,"Data_QC Caring Cities Tracker, QC Administrative Data - Health",14.686948,121.091123,,,,,,,Administrative data
Batasan Hills Super Health Centers,"2 IBP Road, Brgy. Batasan Hills",Batasan Hills,2.0,Health centers,,Super health care center,"Data_QC Caring Cities Tracker, QC Administrative Data - Health",14.686948,121.091123,,,,,,,Administrative data
Bernardo,"95 Ermin Garcia St., Brgy. Pinagkaisahan",Pinagkaisahan,4.0,Health centers,,Health center,"Data_QC Caring Cities Tracker, QC Administrative Data - Health",14.6271221,121.0462024,,,,,,,Administrative data
Betty Go-Belmonte Super Health Center,"2nd Flr. 12 Artillery Road, Brgy. Holy Spirit",Holy Spirit,2.0,Health centers,,Health center pharmacy,"Data_QC Caring Cities Tracker, QC Administrative Data - Health",14.6803364,121.0719752,,,,,,,Administrative data
Betty Go Belmonte Lying–In Clinic,"Artillery Road, Garcia Heights, Brgy. Holy Spirit",Holy Spirit,2.0,Health centers,,LGU-run lying-in clinic,"Data_QC Caring Cities Tracker, QC Administrative Data - Health",14.6772884,121.0709106,,,,,,,Administrative data
Betty Go Belmonte Super,"2nd Flr. 12 Artillery Road, Brgy. Holy Spirit",Holy Spirit,2.0,Health centers,,Health center,"Data_QC Caring Cities Tracker, QC Administrative Data - Health",14.6803364,121.0719752,,,,,,,Administrative data
Betty Go Belmonte Super Health Centers,"2nd Floor, 12 Artillery Road Brgy. Holy Spirit",Holy Spirit,2.0,Health centers,,Super health care center,"Data_QC Caring Cities Tracker, QC Administrative Data - Health",14.6803364,121.0719752,,,,,,,Administrative data
Capri,"Narra St. Area 5, Brgy. Capri, Novaliches",Capri,5.0,Health centers,,Health center,"Data_QC Caring Cities Tracker, QC Administrative Data - Health",14.7165503,121.029375,,,,,,,Administrative data
Commonwealth,"Katuparan St., Brgy. Commonwealth",Commonwealth,2.0,Health centers,,Health center,"Data_QC Caring Cities Tracker, QC Administrative Data - Health",14.6969749,121.0880003,,,,,,,Administrative data
Cubao,"22 Mayor Ignacio Diaz St., Brgy. Kaunlaran",Kaunlaran,4.0,Health centers,,Health center,"Data_QC Caring Cities Tracker, QC Administrative Data - Health",14.6164093,121.046283,,,,,,,Administrative data
Doña Nicasia,"689 Matapang St., Doña Nicasia Subd.",Commonwealth,2.0,Health centers,,Health center,"Data_QC Caring Cities Tracker, QC Administrative Data - Health",14.706745,121.089197,,,,,,,Administrative data
E. Rodriguez,"150 Pajo St. Projec 2, Brgy. Quirino 2B",Quirino 2-B,3.0,Health centers,,Health center,"Data_QC Caring Cities Tracker, QC Administrative Data - Health",14.6322832,121.0634022,,,,,,,Administrative data
East Avenue Medical Center,"East Avenue, Diliman",Central,4.0,Health centers,,National government-owned hospital,"Data_QC Caring Cities Tracker, QC Administrative Data - Health",14.6421432,121.0479837,,,,,,,Administrative data
Ermin Garcia,"53 Cambridge St., Cubao",E. Rodriguez,3.0,Health centers,,Health center,"Data_QC Caring Cities Tracker, QC Administrative Data - Health",14.6261694,121.0523379,,,,,,,Administrative data
Fairview,"Dahlia Avenue, Brgy. Fairview",Fairview,5.0,Health centers,,Health center,"Data_QC Caring Cities Tracker, QC Administrative Data - Health",14.6998397,121.0638646,,,,,,,Administrative data
Galas,"46 Bayani St. Brgy. San Isidro, Galas",San Isidro,4.0,Health centers,,Health center,"Data_QC Caring Cities Tracker, QC Administrative Data - Health",14.6139005,121.0092323,,,,,,,Administrative data
Gen. Roxas,"Jasmin St. cor. Madre Silva St., Roxas District",Roxas,4.0,Health centers,,Health center,"Data_QC Caring Cities Tracker, QC Administrative Data - Health",14.6280213,121.0212818,,,,,,,Administrative data
Greater Lagro,"Blk, 47, Lot 1, Ascension Avenue, Brgy. Greater Lagro",Greater Lagro,5.0,Health centers,,Health center,"Data_QC Caring Cities Tracker, QC Administrative Data - Health",14.7352147,121.0674478,,,,,,,Administrative data
Greater Lagro Health Center,"Blk, 47, Lot 1, Ascension Avenue, Brgy. Greater Lagro",Greater Lagro,5.0,Health centers,,Health center pharmacy,"Data_QC Caring Cities Tracker, QC Administrative Data - Health",14.7352147,121.0674478,,,,,,,Administrative data
Gulod,"#47 Villaflor Village, Brgy. Gulod",Gulod,5.0,Health centers,,Health center,"Data_QC Caring Cities Tracker, QC Administrative Data - Health",14.7120368,121.0381625,,,,,,,Administrative data
Holy Spirit,"373 Sta. Catalina St., Brgy. Holy Spirit",Holy Spirit,2.0,Health centers,,Health center,"Data_QC Caring Cities Tracker, QC Administrative Data - Health",14.6894484,121.0837652,,,,,,,Administrative data
Kalayaan,"91 Guirayan St., Brgy. Doña Imelda",Doña Imelda,4.0,Health centers,,Health center,"Data_QC Caring Cities Tracker, QC Administrative Data - Health",14.6155195,121.0174949,,,,,,,Administrative data
Kaligayahan,"58 Kingfisher St., Zabarte Subd.,, Brgy. Kaligayahan",Kaligayahan,5.0,Health centers,,Health center,"Data_QC Caring Cities Tracker, QC Administrative Data - Health",14.7345931,121.0504746,,,,,,,Administrative data
Kamuning Lying–In Clinic,"19 T. Gener St. corner K5th St., Brgy. Kamuning",Kamuning,4.0,Health centers,,LGU-run lying-in clinic,"Data_QC Caring Cities Tracker, QC Administrative Data - Health",14.6259614,121.0370117,,,,,,,Administrative data
Kamuning Super,"2nd Flr., 19 T. Gener St. cor. K-5th St., Brgy. Kamuning",Kamuning,4.0,Health centers,,Health center,"Data_QC Caring Cities Tracker, QC Administrative Data - Health",14.6259614,121.0370117,,,,,,,Administrative data
Kamuning Super Health Centers,"19 T. Gener St. corner K5th St., Brgy. Kamuning",Kamuning,4.0,Health centers,,Super health care center,"Data_QC Caring Cities Tracker, QC Administrative Data - Health",14.6259614,121.0370117,,,,,,,Administrative data
Krus na Ligas,"89 Lt. J. Francisco, Brgy. Krus na Ligas",Krus Na Ligas,4.0,Health centers,,Health center,"Data_QC Caring Cities Tracker, QC Administrative Data - Health",14.6446895,121.0640488,,,,,,,Administrative data
Krus na Ligas Health Center,"89 Lt. J. Francisco, Brgy. Krus na Ligas",Krus Na Ligas,4.0,Health centers,,Health center pharmacy,"Data_QC Caring Cities Tracker, QC Administrative Data - Health",14.6446895,121.0640488,,,,,,,Administrative data
La Loma,"225 Mariveles St., Brgy. Paang Bundok",Paang Bundok,1.0,Health centers,,Health center,"Data_QC Caring Cities Tracker, QC Administrative Data - Health",14.6270206,120.9909337,,,,,,,Administrative data
Lung Center of the Philippines,"Quezon Avenue, Barangay Central, Diliman",Central,4.0,Health centers,,National government-owned hospital,"Data_QC Caring Cities Tracker, QC Administrative Data - Health",14.6477279,121.0452136,,,,,,,Administrative data
Lupang Pangako,"Phase I, Lupang Pangako, Brgy. Payatas",Payatas,2.0,Health centers,,Health center,"Data_QC Caring Cities Tracker, QC Administrative Data - Health",14.718739,121.110013,,,,,,,Administrative data
Magdaleno H. Pedro,"13 J.P. Eugenio St., Philand Subd., Brgy. Pasong Tamo",Pasong Tamo,6.0,Health centers,,Health center,"Data_QC Caring Cities Tracker, QC Administrative Data - Health",14.6746014,121.0486943,,,,,,,Administrative data
Maligaya,"Pechayan St., Maligaya Park Subd., Brgy. Pasong Putik",Pasong Putik Proper,5.0,Health centers,,Health center,"Data_QC Caring Cities Tracker, QC Administrative Data - Health",14.7407971,121.0646488,,,,,,,Administrative data
Maligaya Health Center,"Pechayan St., Maligaya Park Subd., Brgy. Pasong Putik",Pasong Putik Proper,5.0,Health centers,,Health center pharmacy,"Data_QC Caring Cities Tracker, QC Administrative Data - Health",14.7407971,121.0646488,,,,,,,Administrative data
Masambong,"8 Malac St., Brgy. Masambong",Masambong,1.0,Health centers,,Health center,"Data_QC Caring Cities Tracker, QC Administrative Data - Health",14.6407817,121.0115284,,,,,,,Administrative data
Melchora Aquino,"Loboc St. Napocor Village, Brgy. Tandang Sora",Tandang Sora,6.0,Health centers,,Health center,"Data_QC Caring Cities Tracker, QC Administrative Data - Health",14.6863889,121.0469444,,,,,,,Administrative data
Mercedes de Joya,"Dapitan cor. Mayon St., Brgy. Sta. Teresita",Sta. Teresita,1.0,Health centers,,Health center,"Data_QC Caring Cities Tracker, QC Administrative Data - Health",14.619881,121.0033518,,,,,,,Administrative data
Murphy Lying–In Clinic,"18th Avenue, Brgy. San Roque",San Roque,3.0,Health centers,,LGU-run lying-in clinic,"Data_QC Caring Cities Tracker, QC Administrative Data - Health",14.6173502,121.0627252,,,,,,,Administrative data
Murphy Super,"37 18th Avenue, Brgy. San Roque",San Roque,3.0,Health centers,,Health center,"Data_QC Caring Cities Tracker, QC Administrative Data - Health",14.6156658,121.0633553,,,,,,,Administrative data
Murphy Super Health Centers,"35 18th Avenue, Brgy. San Roque",San Roque,3.0,Health centers,,Super health care center,"Data_QC Caring Cities Tracker, QC Administrative Data - Health",14.6155275,121.0635145,,,,,,,Administrative data
Nagkaisang Nayon,"Terio St., FB de Jesus,Sitio Damong Maliit Bgy. Nagkaisang Nayon",Nagkaisang Nayon,5.0,Health centers,,Health center,"Data_QC Caring Cities Tracker, QC Administrative Data - Health",14.7259839,121.0265528,,,,,,,Administrative data
Nagkaisang Nayon Health Center,"Terio St., FB de Jesus,Sitio Damong Maliit Bgy. Nagkaisang Nayon",Nagkaisang Nayon,5.0,Health centers,,Health center pharmacy,"Data_QC Caring Cities Tracker, QC Administrative Data - Health",14.7259839,121.0265528,,,,,,,Administrative data
National Children’s Hospital,"264 E. Rodriguez Sr. Avenue, Quezon City, Philippines",Mariana,3.0,Health centers,,National government-owned hospital,"Data_QC Caring Cities Tracker, QC Administrative Data - Health",14.6208146376327,121.020841246587,,,,,,,Administrative data
National Government Center (NGC) Super Health Center,"MRB, Phase 1 Pilot Drive, Brgy. Commonwealth",Commonwealth,2.0,Health centers,,Health center pharmacy,"Data_QC Caring Cities Tracker, QC Administrative Data - Health",14.6957377,121.0786093,,,,,,,Administrative data
National Government Center Lying-In Clinic,"MRB Compound, Pilot Drive, Brgy. Commonwealth",Commonwealth,2.0,Health centers,,LGU-run lying-in clinic,"Data_QC Caring Cities Tracker, QC Administrative Data - Health",14.6971113,121.0783279,,,,,,,Administrative data
National Government Center Super,"MRB, Phase 1 Pilot Drive, Brgy. Commonwealth",Commonwealth,2.0,Health centers,,Health center,"Data_QC Caring Cities Tracker, QC Administrative Data - Health",14.6957377,121.0786093,,,,,,,Administrative data
National Kidney and Transplant Institute,"East Avenue, Diliman",Central,4.0,Health centers,,National government-owned hospital,"Data_QC Caring Cities Tracker, QC Administrative Data - Health",14.6473447,121.0473288,,,,,,,Administrative data
North Fairview,"Avon St., North Fairview Park Subd., Brgy. North Fairview",North Fairview,5.0,Health centers,,Health center,"Data_QC Caring Cities Tracker, QC Administrative Data - Health",14.708807,121.0629935,,,,,,,Administrative data
Novaliches District Hospital,"683 Quirino Highway, Barangay San Bartolome, Novaliches",San Bartolome,5.0,Health centers,,LGU-run hospital,"Data_QC Caring Cities Tracker, QC Administrative Data - Health",14.704737,121.0375329,,,,,,,Administrative data
Old Balara (Main),"19 Doña Filomena St., Villa Beatriz, Brgy. Old Balara",Matandang Balara,3.0,Health centers,,Health center,"Data_QC Caring Cities Tracker, QC Administrative Data - Health",14.6716427,121.074486,,,,,,,Administrative data
Paltok,"14 Matias St., Brgy. Paltok",Paltok,1.0,Health centers,,Health center,"Data_QC Caring Cities Tracker, QC Administrative Data - Health",14.6424811,121.0217336,,,,,,,Administrative data
Pansol,"Plaza St., Brgy. Pansol",Pansol,3.0,Health centers,,Health center,"Data_QC Caring Cities Tracker, QC Administrative Data - Health",14.6516314,121.0808034,,,,,,,Administrative data
Payatas A,"Ilang-Ilang St., Brgy. Payatas",Payatas,2.0,Health centers,,Health center,"Data_QC Caring Cities Tracker, QC Administrative Data - Health",14.7005886,121.0956415,,,,,,,Administrative data
Payatas B,"Bulacan St., Brgy. Payatas",Payatas,2.0,Health centers,,Health center,"Data_QC Caring Cities Tracker, QC Administrative Data - Health",14.7161684,121.1016896,,,,,,,Administrative data
Payatas Super,"Molave St., Diamond Hills St., Brgy. Payatas",Payatas,2.0,Health centers,,Health center,"Data_QC Caring Cities Tracker, QC Administrative Data - Health",14.7101741,121.0969393,,,,,,,Administrative data
Payatas Super Health Centers,"Diamond Hills St., Brgy. Payatas",Payatas,2.0,Health centers,,Super health care center,"Data_QC Caring Cities Tracker, QC Administrative Data - Health",14.7112841,121.0963251,,,,,,,Administrative data
Philippine Children’s Medical Center,"Quezon Avenue cor. Sen. Miriam Defensor-Santiago Avenue, Bagong Pag-asa",Bagong Pag-Asa,1.0,Health centers,,National government-owned hospital,"Data_QC Caring Cities Tracker, QC Administrative Data - Health",14.6478702785671,121.041204668962,,,,,,,Administrative data
Philippine Heart Center,"East Avenue, Diliman",Central,4.0,Health centers,,National government-owned hospital,"Data_QC Caring Cities Tracker, QC Administrative Data - Health",14.6441499,121.0481468,,,,,,,Administrative data
Philippine Orthopedic Center,Maria Clara cor. Banawe Street,Lourdes,1.0,Health centers,,National government-owned hospital,"Data_QC Caring Cities Tracker, QC Administrative Data - Health",14.6276131,121.0031984,,,,,,,Administrative data
Pinyahan,"37 Malakas St., Brgy. Pinyahan",Pinyahan,4.0,Health centers,,Health center,"Data_QC Caring Cities Tracker, QC Administrative Data - Health",14.6348433,121.0472835,,,,,,,Administrative data
Project 4,"Kalantiaw st. cor. P. Tuazon, Brgy. Bagumbuhay",Bagumbuhay,3.0,Health centers,,Health center,"Data_QC Caring Cities Tracker, QC Administrative Data - Health",14.6221725,121.0653842,,,,,,,Administrative data
Project 6,"58 Alley 3, Brgy. Project 6",Project 6,1.0,Health centers,,Health center,"Data_QC Caring Cities Tracker, QC Administrative Data - Health",14.6617931,121.0404695,,,,,,,Administrative data
Project 7,"39 Bansalangin St., Brgy Veterans Village",Veterans Village,1.0,Health centers,,Health center,"Data_QC Caring Cities Tracker, QC Administrative Data - Health",14.6540563,121.023659,,,,,,,Administrative data
Quezon City General Hospital,"Seminary Road, Barangay Bahay Toro, Project 8, QCGH",Bahay Toro,1.0,Health centers,,LGU-run hospital,"Data_QC Caring Cities Tracker, QC Administrative Data - Health",14.6612375,121.0181698,,,,,,,Administrative data
Quezon City Human Milk Bank,"General Hospital, Seminary Rd, Project 8, Quezon City, Metro Manila",Bahay Toro,1.0,Health centers,,Human milk bank,"Data_QC Caring Cities Tracker, QC Administrative Data - Health",14.6616339,121.0181447,,,,,,,Administrative data
Quirino Memorial Medical Center,"JP Rizal cor. P. Tuazon Sts, Project 4",Marilag,3.0,Health centers,,National government-owned hospital,"Data_QC Caring Cities Tracker, QC Administrative Data - Health",14.6222558,121.0728482,,,,,,,Administrative data
Rosario Maclang Bautista General Hospital,IBP Road Batasan Hills,Batasan Hills,2.0,Health centers,,LGU-run hospital,"Data_QC Caring Cities Tracker, QC Administrative Data - Health",14.6860552,121.0890724,,,,,,,Administrative data
Roxas Health Center,"Jasmin St. cor. Madre Silva St., Roxas District",Roxas,4.0,Health centers,,Health center pharmacy,"Data_QC Caring Cities Tracker, QC Administrative Data - Health",14.6280213,121.0212818,,,,,,,Administrative data
San Antonio,"38 San Jose, St. Brgy. San Antonio",San Antonio,1.0,Health centers,,Health center,"Data_QC Caring Cities Tracker, QC Administrative Data - Health",14.6489419,121.0168464,,,,,,,Administrative data
San Antonio Health Center,"38 San Jose, St. Brgy. San Antonio",San Antonio,1.0,Health centers,,Health center pharmacy,"Data_QC Caring Cities Tracker, QC Administrative Data - Health",14.6489419,121.0168464,,,,,,,Administrative data
San Bartolome,"Angela Covered Court, Marcus St. Doña Faustina Subd., Brgy. San Bartolome",San Bartolome,5.0,Health centers,,Health center,"Data_QC Caring Cities Tracker, QC Administrative Data - Health",14.7085249,121.0243485,,,,,,,Administrative data
San Francisco Lying–In Clinic,"H. Francisco St. corner San Vicente St., Brgy. Damayan",Damayan,1.0,Health centers,,LGU-run lying-in clinic,"Data_QC Caring Cities Tracker, QC Administrative Data - Health",14.6393843,121.0146708,,,,,,,Administrative data
San Francisco Super,H. Francisco cor. San Vicente St. Brgy Damayan,Damayan,1.0,Health centers,,Health center,"Data_QC Caring Cities Tracker, QC Administrative Data - Health",14.6393843,121.0146708,,,,,,,Administrative data
San Francisco Super Health Centers,"H. San Francisco St. corner San Vicente St., Brgy. Damayan",Damayan,1.0,Health centers,,Super health care center,"Data_QC Caring Cities Tracker, QC Administrative Data - Health",14.6395624,121.0150506,,,,,,,Administrative data
San Jose,"27 Tinagan St., Brgy. San Jose",San Jose,1.0,Health centers,,Health center,"Data_QC Caring Cities Tracker, QC Administrative Data - Health",14.6408455,120.9939398,,,,,,,Administrative data
San Vicente,"#14 Maayusin Ext., Brgy. San Vicente",San Vicente,4.0,Health centers,,Health center,"Data_QC Caring Cities Tracker, QC Administrative Data - Health",14.6529605,121.0565309,,,,,,,Administrative data
San Vicente Sentrong Sigla Health Center,"#14 Maayusin Ext., Brgy. San Vicente",San Vicente,4.0,Health centers,,Health center pharmacy,"Data_QC Caring Cities Tracker, QC Administrative Data - Health",14.6529605,121.0565309,,,,,,,Administrative data
Sangandaan,"Premium St., Brgy. Sangandaan",Sangandaan,6.0,Health centers,,Health center,"Data_QC Caring Cities Tracker, QC Administrative Data - Health",14.6739725,121.0206637,,,,,,,Administrative data
Sauyo,"Greenville Drive, Brgy. Sauyo",Sauyo,6.0,Health centers,,Health center,"Data_QC Caring Cities Tracker, QC Administrative Data - Health",14.687443,121.0365682,,,,,,,Administrative data
Socorro,"139 15th Avenue, Brgy. Socorro",Socorro,3.0,Health centers,,Health center,"Data_QC Caring Cities Tracker, QC Administrative Data - Health",14.6215975,121.058179,,,,,,,Administrative data
Sta. Lucia Lying-In Clinic,"Sta. Lucia Ave., Brgy. Sta Lucia",Sta. Lucia,5.0,Health centers,,LGU-run lying-in clinic,"Data_QC Caring Cities Tracker, QC Administrative Data - Health",14.7048475,121.0557351,,,,,,,Administrative data
Sta. Lucia Super,"Sta. Lucia Ave., Brgy. Sta. Lucia",Sta. Lucia,5.0,Health centers,,Health center,"Data_QC Caring Cities Tracker, QC Administrative Data - Health",14.7048475,121.0557351,,,,,,,Administrative data
Sta. Lucia Super Health Center,"Sta. Lucia Ave., Brgy. Sta. Lucia",Sta. Lucia,5.0,Health centers,,Health center pharmacy,"Data_QC Caring Cities Tracker, QC Administrative Data - Health",14.7048475,121.0557351,,,,,,,Administrative data
Sta. Lucia Super Health Centers,"Sta. Lucia Avenue, Brgy. Sta. Lucia",Sta. Lucia,5.0,Health centers,,Super health care center,"Data_QC Caring Cities Tracker, QC Administrative Data - Health",14.7048475,121.0557351,,,,,,,Administrative data
Tandang Sora,"506 Quirino Highway, Talipapa People Civic Center, Brgy. Talipapa",Talipapa,6.0,Health centers,,Health center,"Data_QC Caring Cities Tracker, QC Administrative Data - Health",14.687658,121.025464,,,,,,,Administrative data
Tatalon,"33 Victory Ave., Brgy. Tatalon",Tatalon,4.0,Health centers,,Health center,"Data_QC Caring Cities Tracker, QC Administrative Data - Health",14.6221337,121.0121619,,,,,,,Administrative data
Toro Hills,"Road 11, Brgy. Bahay Toro",Bahay Toro,1.0,Health centers,,Health center,"Data_QC Caring Cities Tracker, QC Administrative Data - Health",14.6647356,121.0216614,,,,,,,Administrative data
Veterans,"6 Faustino St., Brgy Holy Spirit",Holy Spirit,2.0,Health centers,,Health center,"Data_QC Caring Cities Tracker, QC Administrative Data - Health",14.6838709,121.0762162,,,,,,,Administrative data
Wenceslao Dela Paz (Culiat),"Sta. Felicia St. , San Antonio Homes, Brgy. Culiat",Culiat,6.0,Health centers,,Health center,"Data_QC Caring Cities Tracker, QC Administrative Data - Health",14.6669132,121.0570919,,,,,,,Administrative data
A Samson Lying in Clinic,"161 Kaingin Rd, Balingasa, Quezon City",Apolonio Samson,6.0,Health centers,,Lying-in clinic,For Validation,14.6513477,121.0098211,,,,,,,Google API - For Validation
Angelyn Birthing Homes (Lying-in Clinic),"237 Quirino Hwy, Quezon City",Baesa,6.0,Health centers,,Lying-in clinic,For Validation,14.672509,121.012403,,,,,,,Google API - For Validation
PNP General Hospital,"Camp Panopio, P. Tuazon Blvd. Corner EDSA Main Avenue, Kaunlaran, Cubao, Quezon City",Bagong Lipunan Ng Crame,4.0,Health centers,,Private hospital,For Validation,14.6156163,121.0519252,,,,,,,Google API - For Validation
PNP-Camp Crame General Hospital,"J353+W2M, Quezon City",Bagong Lipunan Ng Crame,4.0,Health centers,,Private hospital,For Validation,14.6098344,121.0525607,,,,,,,Google API - For Validation
Private Hospitals Association Philippines,"Bldg 2/F, PMA Building, North Avenue, North Ave, Bagong Pag-asa, Diliman, Quezon City",Bagong Pag-Asa,1.0,Health centers,,Private hospital,For Validation,14.6550606,121.0335845,,,,,,,Google API - For Validation
Anarch Lying In,"M29F+VWX, Rd 20, Project 8, Quezon City",Bahay Toro,1.0,Health centers,,Lying-in clinic,For Validation,14.669744,121.0248489,,,,,,,Google API - For Validation
Melayne Lying-In Clinic,"Commonwealth Avenue, New Era (Constitution Hills) , Commonwealth , 1121 Quezon City , Metro Manila",Batasan Hills,2.0,Health centers,,Lying-in clinic,For Validation,14.6924858,121.0877997,,,,,,,Google API - For Validation
Jesus The Savior Hospital,"J2XG+VRH, Sto Angel Road Sta Cruz Laguna, Quezon City",Bungad,1.0,Health centers,,Private hospital,For Validation,14.6496925,121.0270942,,,,,,,Google API - For Validation
New Camp General Emilio Aguinaldo Station Hospital,"J379+FGQ, Camp Aguinaldo, Quezon City",Camp Aguinaldo,3.0,Health centers,,Private hospital,For Validation,14.6137165,121.0688623,,,,,,,Google API - For Validation
Old Camp General Emilio Aguinaldo Station Hospital,"J367+WJ8, Camp Aguinaldo, Quezon City",Camp Aguinaldo,3.0,Health centers,,Private hospital,For Validation,14.6122935,121.0640763,,,,,,,Google API - For Validation
3M's 24Hrs Lying-in Clinic main branch,"M3VR+FPJ, Freedom Pk V, Quezon City",Commonwealth,2.0,Health centers,,Lying-in clinic,For Validation,14.6936995,121.0917544,,,,,,,Google API - For Validation
Republic Health Center,"M3VC+FGJ, Commonwealth Ave, Quezon City",Commonwealth,2.0,Health centers,,Health center,For Validation,14.6937284,121.071257,,,,,,,Google API - For Validation
Yemoja Lying-in and Medical Clinic,"Block 10 Lot 5, Hon. B. Soliven Street, Commonwealth, Quezon City",Commonwealth,2.0,Health centers,,Lying-in clinic,For Validation,14.702106,121.088433,,,,,,,Google API - For Validation
Zapia Lying In Clinic,"1652 Martan St, Quezon City",Commonwealth,2.0,Health centers,,Lying-in clinic,For Validation,14.6976141,121.0855303,,,,,,,Google API - For Validation
Batasan Hills Health Center and Lying-in Clinic,"M3XQ+R3M, Novaliches, Quezon City",Commonwealth,2.0,Health centers,,Lying-in clinic,For Validation,14.6995919,121.0876764,,,,,,,Google API - For Validation
NGC Lying-In Clinic,"M3WH+JPV MRB Compound, Pilot Drive, Quezon City",Commonwealth,2.0,Health centers,,Lying-in clinic,For Validation,14.6966024,121.0792869,,,,,,,Google API - For Validation
Angeles-Santo Polyclinic & Lying In Clinic,"764-B, Tandang Sora Avenue, Quezon City",Culiat,6.0,Health centers,,Lying-in clinic,For Validation,14.6728966,121.0498776,,,,,,,Google API - For Validation
Hospital On Wheels,"Block 2 Congressional Ave Ext, Quezon City",Culiat,6.0,Health centers,,Private hospital,For Validation,14.6730986,121.0578136,,,,,,,Google API - For Validation
Sheryl Birthing Home And Lying-In Clinic,"J2P6+XM9, Caragay, San Francisco del Monte, Quezon City",Damayan,1.0,Health centers,,Lying-in clinic,For Validation,14.6374028,121.0117252,,,,,,,Google API - For Validation
Pulmonary Hospital,"J297+47Q, Mariana, San Juan City",Doña Imelda,4.0,Health centers,,Private hospital,For Validation,14.6178488,121.0132412,,,,,,,Google API - For Validation
Commonwealth General Hospital,"Commonwealth Ave, Fairview, Novaliches, Quezon City",Fairview,5.0,Health centers,,Private hospital,For Validation,14.70573,121.0718985,,,,,,,Google API - For Validation
Neopolitan General Hospital,"G, 0 Quirino Hwy, Novaliches, Quezon City",Greater Lagro,5.0,Health centers,,Private hospital,For Validation,14.7352147,121.0686012,,,,,,,Google API - For Validation
Mother & Child Lying - In Clinic,"37 Villareal, Novaliches, Quezon City",Gulod,5.0,Health centers,,Lying-in clinic,For Validation,14.7136602,121.0376001,,,,,,,Google API - For Validation
Lozano lying clinic,"36 Nitang Ave, Novaliches, Quezon City",Gulod,5.0,Health centers,,Lying-in clinic,For Validation,14.714541,121.0416451,,,,,,,Google API - For Validation
Grace Jayne Lying In Clinic,Quezon City,Holy Spirit,2.0,Health centers,,Lying-in clinic,For Validation,14.6879521,121.0836749,,,,,,,Google API - For Validation
St. Isabella Lying-In & Medical Clinic,"Area C Nawasa Line Republic Ave, Novaliches, Quezon City",Holy Spirit,2.0,Health centers,,Lying-in clinic,For Validation,14.6932581,121.0701859,,,,,,,Google API - For Validation
Shawie hospital,"P2RW+2MW, Zabarte Rd, Novaliches, Quezon City",Kaligayahan,5.0,Health centers,,Private hospital,For Validation,14.7401011,121.0467185,,,,,,,Google API - For Validation
Accredited OFW Medical Clinics & Hospital,"No. 46, El Roi Medical And Diagnostic Center, Incorporated, K-5Th Street, Kamuning, K-5th, Quezon City",Kamuning,4.0,Health centers,,Private hospital,For Validation,14.6263072,121.0378075,,,,,,,Google API - For Validation
municipal health center,"J3Q8+3CQ, Quezon, Quezon City",Loyola Heights,3.0,Health centers,,Health center,For Validation,14.6377083,121.0661138,,,,,,,Google API - For Validation
Accredited OFW Medical Clinics & Hospital,"No. 674, HPD International, N.S. Amoranto Sr. Avenue, Sto. Domingo, Quezon City",Maharlika,1.0,Health centers,,Private hospital,For Validation,14.6314583,120.9993113,,,,,,,Google API - For Validation
Matrix Master Integrated Health Center,"2/F Wilson's Badminton Center Speaker Perez, N.S. Amoranto Sr. St, Santa Mesa Heights, Quezon City",Maharlika,1.0,Health centers,,Health center,For Validation,14.6315284,120.9979624,,,,,,,Google API - For Validation
Prime Medics Lying in Family Clinic,"47 Corumi, Quezon City",Masambong,1.0,Health centers,,Lying-in clinic,For Validation,14.6421656,121.0086767,,,,,,,Google API - For Validation
Our Saviour Lying in Clinic,"1119 Tandang Sora Ave, Matandang Balara, Diliman, Quezon City",Matandang Balara,3.0,Health centers,,Lying-in clinic,For Validation,14.6635894,121.0733699,,,,,,,Google API - For Validation
New Era General Hospital,"Commonwealth Ave, Quezon City",New Era,6.0,Health centers,,Private hospital,For Validation,14.6641226,121.0667406,,,,,,,Google API - For Validation
Divine Heart Medical Services & Development Cooperative Hospital,"213 General Luis, Novaliches Proper, Quezon City",Novaliches Proper,5.0,Health centers,,Private hospital,For Validation,14.722041,121.035899,,,,,,,Google API - For Validation
LHR Lying-in Clinic,"Linum, Novaliches, Quezon CityMetro Manila, Quezon City",Novaliches Proper,5.0,Health centers,,Lying-in clinic,For Validation,14.720093,121.0378102,,,,,,,Google API - For Validation
Word of Hope General Hospital Foundation Inc.,"23 Buenamar Dr, Quezon City",Novaliches Proper,5.0,Health centers,,Private hospital,For Validation,14.7192817,121.0390506,,,,,,,Google API - For Validation
Medinet Lying-in Clinic,"Novaliches, Maligaya Park Subdivision, Sampaguita Oval St, Novaliches, Quezon City",Pasong Putik Proper,5.0,Health centers,,Lying-in clinic,For Validation,14.7401565,121.056334,,,,,,,Google API - For Validation
Casaul General Hospital,"G, 0 Quirino Hwy, Quezon City",Pasong Putik Proper,5.0,Health centers,,Private hospital,For Validation,14.736843,121.0705262,,,,,,,Google API - For Validation
Prima Medix Multi - Specialty and Lying - In Clinic,"332 Visayas Ave, Quezon City",Pasong Tamo,6.0,Health centers,,Lying-in clinic,For Validation,14.6731898,121.043689,,,,,,,Google API - For Validation
Daughters of Faith Lying In Clinic,"Pingkian 1, 5 B San Roque, Quezon City",Pasong Tamo,6.0,Health centers,,Lying-in clinic,For Validation,14.6814928,121.0541773,,,,,,,Google API - For Validation
Kidney hospital in elliptical road,"248 Visayas Ave, Quezon City",Pasong Tamo,6.0,Health centers,,Private hospital,For Validation,14.6762697,121.0439881,,,,,,,Google API - For Validation
Ob Masters Lying-In Clinic,"15, Matapang Street, Barangay Central, Quezon City",Pinyahan,4.0,Health centers,,Lying-in clinic,For Validation,14.6377721,121.0466838,,,,,,,Google API - For Validation
afp medicAl hospital center,"J3P2+6WH AFP Medical Center, V. Luna Ave, Diliman, Quezon City",Pinyahan,4.0,Health centers,,Private hospital,For Validation,14.6366932,121.0523125,,,,,,,Google API - For Validation
Zeti's Pink Angels Lying-In And Medical Clinic Paanakan,"71 Rd 1, Quezon City",Project 6,1.0,Health centers,,Lying-in clinic,For Validation,14.6602326,121.0408834,,,,,,,Google API - For Validation
Accredited OFW Medical Clinics & Hospital,"Megamed Diagnostic Center, 2nd Floor Rey-Lor Building, Edsa, Cubao, Quezon City",San Martin De Porres,4.0,Health centers,,Private hospital,For Validation,14.6197098,121.0504762,,,,,,,Google API - For Validation
DOMINGO-TAN MULTISPECIALTY AND LYING-IN CLINIC,"54 Old Sauyo Rd, Novaliches, Quezon City",Sauyo,6.0,Health centers,,Lying-in clinic,For Validation,14.6911443,121.0343311,,,,,,,Google API - For Validation
Dasanyuan Health Center,"528-A Banawe St, Quezon City",Sto. Domingo (Matalahib),1.0,Health centers,,Health center,For Validation,14.6301067,121.003083,,,,,,,Google API - For Validation
Juvie Lying-In Clinic,"40 Bustamante, 086, Caloocan",Sto. Niño,4.0,Health centers,,Lying-in clinic,For Validation,14.6108538,121.010791,,,,,,,Google API - For Validation
Fairview Polymedic Hospital,"No. 1041, Quirino Highway, Sta. Monica, Novaliches, Quezon City",Talipapa,6.0,Health centers,,Private hospital,For Validation,14.6885362,121.0259854,,,,,,,Google API - For Validation
Vian Family Hospital II,"411 Quirino Hwy, Novaliches, Quezon City",Talipapa,6.0,Health centers,,Private hospital,For Validation,14.6828566,121.0209514,,,,,,,Google API - For Validation
Tandang Sora Hospital and Medical Center,"183 Tandang Sora Ave, Quezon City",Tandang Sora,6.0,Health centers,,Private hospital,For Validation,14.6766724,121.0367531,,,,,,,Google API - For Validation
Gentle Birth Lying-In Clinic Tatalon,"84 ROTC Hunters, Quezon City",Tatalon,4.0,Health centers,,Lying-in clinic,For Validation,14.627954,121.016102,,,,,,,Google API - For Validation
Brgy UP Campus Health Center,"J3X8+22X, Diliman, Quezon City",U. P. Campus,4.0,Health centers,,Health center,For Validation,14.6476029,121.0651154,,,,,,,Google API - For Validation
Tec Orthopedics @ Providence Hospital,"6F, Providence Hospital, Outpatient Department, 1515 Quezon Ave, West Triangle, Quezon City",West Triangle,1.0,Health centers,,Private hospital,For Validation,14.6412841,121.0316735,,,,,,,Google API - For Validation
"AJ Mones, MD Physical Medicine & Rehabilitation","19 Regalado Ave, West Fairview, Quezon City",Fairview,5.0,Long-term care and rehabilitation services,,Psychiatric rehabilitation center,For Validation,14.6992003,121.0669756,,,,,,,Google API - For Validation
Newman Homecare and Rehabilitation Psychaitric Center Incorporated,"37 Fairlane, Novaliches, Quezon City",Fairview,5.0,Long-term care and rehabilitation services,,Psychiatric rehabilitation center,For Validation,14.7026024,121.0654258,,,,,,,Google API - For Validation
SPED Centers in Public Schools,"P3H8+MW9 Lagro Elementary School, Ascencion Avenue, Novaliches, Quezon City",Greater Lagro,5.0,Schools,Private,Special Education Program,For Validation,14.7292868,121.0673714,,,,,,,Google API - For Validation
"SPED Resource Room, Commonwealth Elementary School","P384+GHW Commonwealth Elementary School, Commonwealth Ave, Quezon City",Greater Lagro,5.0,Schools,Private,Special Education Program,For Validation,14.7163899,121.0564918,,,,,,,Google API - For Validation
Three G Playhub and Therapy Center,"70 Holy Spirit Dr, Quezon City",Holy Spirit,2.0,Long-term care and rehabilitation services,,Therapy center,For Validation,14.6835215,121.0784315,,,,,,,Google API - For Validation
SPED Centers in Public Schools,"No. 12, Delfin M. Geraldez Memorial Elementary School, Salvia Street, St. Dominic Subdivision, Novaliches, Quezon City",Kaligayahan,5.0,Schools,Private,Special Education Program,For Validation,14.7326707,121.0531645,,,,,,,Google API - For Validation
Alternative Learning System of Sacred Heart of Jesus Parish,"Kaori Apartments II, 93 Kamuning Rd, Diliman, Quezon City",Kamuning,4.0,Schools,Private,Special Education Program,For Validation,14.6306622,121.045711,,,,,,,Google API - For Validation
SPED Centers in Public Schools,"No. 1, Crus na Ligas Elementary School, P. Francisco Street, Kruz na Ligas, Diliman, Quezon City",Krus Na Ligas,4.0,Schools,Private,Special Education Program,For Validation,14.6439355,121.0641986,,,,,,,Google API - For Validation
Diversabilities Therapy and Learning Center,"54, DC Square Building, Brgy. Laging Handa Hall, Timog Ave, Diliman, Quezon City",Laging Handa,4.0,Long-term care and rehabilitation services,,Therapy center,For Validation,14.6349349,121.0342585,,,,,,,Google API - For Validation
Meraki Manula Therapy Center,"41 Katipunan Ave, Quezon City",Loyola Heights,3.0,Long-term care and rehabilitation services,,Therapy center,For Validation,14.6324837,121.0750248,,,,,,,Google API - For Validation
Tiny Big SPED School,"1128 Tandang Sora Ave, Diliman, Quezon City",Matandang Balara,3.0,Schools,Private,Special Education Program,For Validation,14.6636409,121.0730621,,,,,,,Google API - For Validation
Center For Children With Special Needs Special Education And Therapy Center,"Burney Street, corner Regalado Avenue, Fairmont Subdivision, 3 Burney, Quezon City",North Fairview,5.0,Schools,Private,Special Education Program,For Validation,14.7175334,121.0626521,,,,,,,Google API - For Validation
SPED Academic Intervention and Tutorial Services,"304 Tandang Sora Ave, Quezon City",Pasong Tamo,6.0,Schools,Private,Special Education Program,For Validation,14.6749441,121.0462059,,,,,,,Google API - For Validation
SPED Centers in Public Schools,"High School, Scout Ybardolaze Street, Sacred Heart, Diliman, Quezon City",Sacred Heart,4.0,Schools,Private,Special Education Program,For Validation,14.6299501,121.0375137,,,,,,,Google API - For Validation
Quality Life Discoveries • Special People's Hub,"No. 70 20th Ave, Cubao, Quezon City",San Roque,3.0,Long-term care and rehabilitation services,,Psychiatric rehabilitation center,For Validation,14.6180301,121.0645403,,,,,,,Google API - For Validation
PACE Special Education Center Inc.,"15 Sacred Heart, Project 8, Quezon City",Sangandaan,6.0,Schools,Private,Special Education Program,For Validation,14.6717948,121.0217985,,,,,,,Google API - For Validation
Protégé SPED Center,"732, N. S. Amoranto Sr. Street, Quezon City",Sienna,1.0,Schools,Private,Special Education Program,For Validation,14.633874,121.003951,,,,,,,Google API - For Validation
CARE Inc (Speech and Occupational Therapy Center),"2nd floor, One Banawe Complex, Banawe St, corner Calamba St, Quezon City",Sto. Domingo (Matalahib),1.0,Long-term care and rehabilitation services,,Therapy center,For Validation,14.6307326,121.0027674,,,,,,,Google API - For Validation
Relive Physical Therapy,"3 Lovebird St, Quezon City",Ugong Norte,3.0,Long-term care and rehabilitation services,,Therapy center,For Validation,14.5974009,121.0762912,,,,,,,Google API - For Validation
"INTEGRATED CENTER FOR THE YOUNG, INC.","5-A, MERCURY, TANDANG SORA, QUEZON CITY, NCR, 1116",Tandang Sora,6.0,Schools,Private,Preschool,Google API,14.6724282170564,121.035468241704,8:00AM,5:00PM,,,,,Google API - Validated
LEARN & PLAY CHILD DEVELOPMENT & STUDY CENTER INC.,"#92, NEW YORK, E. RODRIGUEZ, QUEZON CITY, NCR, 1102",E. Rodriguez,3.0,Schools,Private,Preschool,Google API,14.6275453,121.052747,8:00AM,5:00PM,,,,,Google API - Validated
GEORGE C. BONGCO MEDICAL CLINIC,"205, KALIRAYA, TATALON, QUEZON CITY, NCR, 1113",Tatalon,4.0,Health centers,,Lying-in clinic,Google API,14.6247856319174,121.016932667672,6:00AM,6:00PM,,,,,Google API - Validated
"WILLOW TREE LEARNING CENTER, INC.","#625, N. S. AMORANTO COR., PALALI, SIENA, QUEZON CITY, NCR, 1114",Sienna,1.0,Childcare,Public,Child learning center,Google API,14.6385719360378,121.00671037702,8:00AM,5:00PM,,,,,Google API - Validated
"PARISH OF THE HOLY SACRIFICE OUTREACH PROGRAM FOUNDATION, INC.","PARISH OF THE HOLY SACRIFICE, APACIBLE, UP CAMPUS, QUEZON CITY, NCR, 1101",U. P. Campus,4.0,Schools,Private,Preschool,Google API,14.6587528250056,121.070950482636,7:03AM,5:00PM,,,,,Google API - Validated
ST. MAREN PREPARATORY CHRISTIAN LEARNING CENTER INC.,"139-C, KATUPARAN ST., COMMONWEALTH, QUEZON CITY, NCR, 1121",Commonwealth,2.0,Schools,Private,Preschool,Google API,14.696604,121.091054,8:00AM,5:00PM,,,,,Google API - Validated
GLEVINA'S KINDERHOUSE & TUTORIAL CENTER,"10, AYUNGIN ST., CADAING VILLAGE, TALIPAPA, QUEZON CITY, NCR, 1104",Talipapa,6.0,Schools,Private,Preschool,Google API,14.6842798,121.0272085,10:00PM,5:00PM,,,,,Google API - Validated
THERASERVE CHILDREN'S ASSESSMENT AND EARLY INTERVENTION CENTER,"#57-A, K-2ND, KAMUNING, QUEZON CITY, NCR, 1103",Kamuning,4.0,Long-term care and rehabilitation services,,Therapy center,Google API,14.6275899041447,121.0380339,9:00AM,5:00PM,,,,,Google API - Validated
MECCA LYING-IN CLINIC,"006, CONSTITUTIONAL HILLS, BATASAN HILLS, QUEZON CITY, NCR, 1126",Batasan Hills,2.0,Health centers,,Lying-in clinic,Google API,14.6905534041633,121.09687575,8:00AM,5:00PM,,,,,Google API - Validated
MADLANGSAKAY MEDICAL & LYING IN CLINIC,"530, QUIRINO HIGHWAY, TALIPAPA, QUEZON CITY, QUEZON PROVINCE, 1116",Talipapa,6.0,Health centers,,Lying-in clinic,Google API,14.68922,121.0269,8:00AM,5:00PM,,,,,Google API - Validated
COMMONWEALTH HOSPITAL AND MEDICAL CENTER,"B 3, L 3 AND 4,  NEOPOLITAN BUSINESS PARK REGALADO HIGHWAY , GREATER LAGRO, QUEZON CITY, NCR, 1100",Greater Lagro,5.0,Health centers,,Private hospital,Google API,14.7313682963223,121.060687959185,5:00AM,8:00PM,,,,,Google API - Validated
JOHN XANDERIAN LEARNING CENTER,"B2, L15, DONA ADELA ST., SANTIAGO SUBD., STA. MONICA, QUEZON CITY, NCR, 1117",Sta. Monica,5.0,Childcare,Public,Child learning center,Google API,14.7179035541714,121.04585095,7:30AM,5:23PM,,,,,Google API - Validated
HOME ROOM FAMILY AND CHILD CENTER INC,"SUITE 316 PASDA MANSIONS,, #77 PANAY AVE. COR. TIMOG , PALIGSAHAN, QUEZON CITY, QUEZON PROVINCE, 1103",Paligsahan,4.0,Childcare,Public,Day care center,Google API,14.63676,121.0276,8:00AM,5:00PM,,,,,Google API - Validated
EXPRESSIVE MINDS EARLY CHILDHOOD CENTER INC.,"UNIT B, ALDELCAR, #10 RAJAH MATANDA COR. J.P. RIZAL ST. , MILAGROSA, QUEZON CITY, QUEZON PROVINCE",Milagrosa,3.0,Schools,Private,Preschool,Google API,14.6177617100533,121.070804110947,7:00AM,5:00PM,,,,,Google API - Validated
BRIGHT TREE KINDERCARE INC.,"125, ROAD I, BAGONG PAG-ASA, QUEZON CITY, NCR, 1105",Bagong Pag-Asa,1.0,Schools,Private,Preschool,Google API,14.6620093,121.0351335,9:00AM,12:00PM,,,,,Google API - Validated
LHR LYING-IN CLINIC,"160, FERNANDO COMP, SAUYO RD, SAUYO, QUEZON CITY, NCR, 1116",Sauyo,6.0,Health centers,,Lying-in clinic,Google API,14.69236,121.0437,8:00AM,5:00PM,,,,,Google API - Validated
ST. HELENA'S BIRTHING STATION AND CHILD CARE CLINIC,"63B, SAN MIGUEL ST., COMMONWEALTH, QUEZON CITY, NCR, 1121",Commonwealth,2.0,Health centers,,Lying-in clinic,Google API,14.69684,121.0807,12:00AM,11:59PM,,,,,Google API - Validated
"METRO NORTH MEDICAL CENTER AND HOSPITAL, INC.","1001, MINDANAO AVE., BAHAY TORO, QUEZON CITY, NCR, 1106",Bahay Toro,1.0,Health centers,,Private hospital,Google API,14.6688887896022,121.033582994018,10:00AM,11:59PM,,,,,Google API - Validated
"HOME HEALTH CARE, INC.","137, ANONAS EXT., SIKATUNA VILLAGE, QUEZON CITY, NCR, 1101",Sikatuna Village,4.0,Older persons care,Private,Residential Care Facility and Home Healthcare Service Provider,Google API,14.6385766,121.0580114,8:00AM,5:00PM,,,,,Google API - Validated
CASA MONTESSORI OF LOYOLA FOUNDATION INC.,"97, MELCHOR ST., LOYOLA HEIGHTS, QUEZON CITY, NCR, 1108",Loyola Heights,3.0,Schools,Private,Preschool,Google API,14.6424966454751,121.069799800271,8:00AM,5:00AM,,,,,Google API - Validated
UP CHILD DEVELOPMENT CENTER,"PARDO DE TAVERA ST. , UP CAMPUS, QUEZON CITY, NCR, 1101",U. P. Campus,4.0,Childcare,Public,Child development center and supervised neighborhood play,Google API,14.6502628870398,121.065914785294,8:00AM,4:00PM,,,,,Google API - Validated
TNM ASSISTED LIVING AND HOME CARE CENTER CORP.,"48A , VICTORIA AVENUE, MARIANA, QUEZON CITY, NCR, 1112",Mariana,4.0,Older persons care,Private,Residential Care Facility,Google API,14.61944,121.0256,8:00AM,6:00PM,,,,,Google API - Validated
GABAY MI MONTESSORI SCHOOL,"#129, VETERANS AVENUE, HOLY SPIRIT, QUEZON CITY, NCR, 1127",Holy Spirit,2.0,Schools,Private,Preschool,Google API,14.6847496,121.0727104,8:00AM,5:00PM,,,,,Google API - Validated
"PROVIDENCE HOSPITAL, INC.","#1515, QUEZON AVE., WEST TRIANGLE, QUEZON CITY, NCR, 1104",West Triangle,1.0,Health centers,,Private hospital,Google API,14.6412158804036,121.031769058136,8:00AM,5:00PM,,,,,Google API - Validated
A.I. ABILITIES AND INTELLIGENCES THERAPY CENTER,"UNIT 11, 3/F RICSON BLDG.,, ADRIAN ST., NORTH FAIRVIEW, FAIRVIEW NORTH , NCR, 1121",North Fairview,5.0,Long-term care and rehabilitation services,,Therapy center,Google API,14.70915,121.063,9:00AM,5:00PM,,,,,Google API - Validated
LITTLE HARVARD ACADEMY CORP.,"125, SPEAKER PEREZ, MAHARLIKA, QUEZON CITY, NCR, 1114",Maharlika,1.0,Schools,Private,Preschool,Google API,14.6314914323997,120.997717542055,8:00AM,5:00PM,,,,,Google API - Validated
GOD'S GRACE HOME CARE CENTER,"# 10, DON MIGUEL ST., HOLY SPIRIT, QUEZON CITY, NCR, 1127",Holy Spirit,2.0,Older persons care,Private,Residential and Assisted Living Facility,Google API,14.6783439,121.0780553,8:00AM,8:00PM,,,,,Google API - Validated
"THE CHILD'S WORLD -A GROWING CENTER, INC.","#22, ATOK ST., STO. DOMINGO, QUEZON CITY, NCR, 1114",Sto. Domingo,1.0,Schools,Private,Preschool,Google API,14.6301781750236,121.005130499805,7:00AM,3:00PM,,,,,Google API - Validated
CAMBRIDGE CHILDRENS LEARNING AND DEVELOPMENT INC.,"#108, CONGRESSIONAL AVE., BAHAY TORO, QUEZON CITY, METRO MANILA, 1106",Bahay Toro,1.0,Childcare,Public,Child learning center,Google API,14.6640645960276,121.02492848198,8:00AM,5:00PM,,,,,Google API - Validated
"VILLAROSA  HOSPITAL, INC.","11 F., VILLAROSA HOSPITAL, INC. , SALALILLA ST., MILAGROSA, QUEZON CITY, NCR, 1109",Milagrosa,3.0,Health centers,,Private hospital,Google API,14.6220774755156,121.066047112615,8:00AM,8:00PM,,,,,Google API - Validated
"DILIMAN DOCTORS HOSPITAL, INC.","#251, COMMONWEALTH AVE., MATANDANG BALARA, QUEZON CITY, NCR, 1119",Matandang Balara,3.0,Health centers,,Private hospital,Google API,14.668404637868,121.076189963936,8:00AM,5:00PM,,,,,Google API - Validated
MENCHIE LYING-IN CLINIC,"128, SENATORIAL ST., BATASAN HILLS, QUEZON CITY, NCR, 1126",Batasan Hills,2.0,Health centers,,Lying-in clinic,Google API,14.6881706435413,121.099446131156,8:00AM,8:00AM,,,,,Google API - Validated
LINDA'S LYING-IN CLINIC,"090, STARHOPE ST., VISAYAS EXTENSION, PAYATAS, QUEZON CITY, NCR, 1119",Payatas,2.0,Health centers,,Lying-in clinic,Google API,14.6980476590869,121.094007279252,4:00AM,10:00PM,,,,,Google API - Validated
LITTLE SPARKS THERAPY CENTER,"U-404, HEMADY SQUARE, 86 HEMADY ST., E. RODRIGUEZ SR. AVE., KRISTONG HARI, QUEZON CITY, NCR, 1112",Kristong Hari,4.0,Long-term care and rehabilitation services,,Therapy center,Google API,14.624212368611,121.031612188214,8:00AM,6:00PM,,,,,Google API - Validated
CAMILLUS DOCTORS MEDICAL LAB AND LYING-IN INC.,"314, ROOSEVELT AVENUE, SAN FRANCISCO DEL MONTE, SAN ANTONIO, QUEZON CITY, NCR, 1105",San Antonio,1.0,Health centers,,Lying-in clinic,Google API,14.6537412249223,121.01858361794,8:00AM,5:00PM,,,,,Google API - Validated
AMG PHYSIOTHERAPY AND MULTI-SPECIALTY CENTER AND PHARMACY,"1800, E. RODRIGUEZ SR. AVE., IMMACULATE CONCEPCION, QUEZON CITY, NCR, 1111",Immaculate Concepcion,4.0,Long-term care and rehabilitation services,,Therapy center,Google API,14.623052287726,121.044868656806,8:00AM,5:00PM,,,,,Google API - Validated
NOVAMED LYING IN & MEDICAL CLINIC CO.,"UNIT A&B, 1064 QUIRINO HIGHWAY CORNER TANSINCO DRIVE, GREENFIELD 1 SUBD. NOVALICHES PROPER, KALIGAYAHAN, QUEZON CITY, NCR, 1124",Kaligayahan,5.0,Health centers,,Lying-in clinic,Google API,14.7291756884001,121.042433044475,8:00AM,5:00PM,,,,,Google API - Validated
TZU CHI GREAT LOVE PRESCHOOL PHILIPPINES,"#76, CORDILLERA STREET CORNER AGNO STREET, DOÑA JOSEFA, QUEZON CITY, NCR, 1113",Doña Josefa,4.0,Schools,Private,Preschool,Google API,14.62124,121.0068,8:00AM,6:00PM,,,,,Google API - Validated
LIFEBLOOM LYING-IN CLINIC,"10, SAN PEDRO ST, PAYATAS, QUEZON CITY, NCR, 1119",Payatas,2.0,Health centers,,Lying-in clinic,Google API,14.7052293109728,121.095817198076,6:00AM,6:00AM,,,,,Google API - Validated
PREGGO LYING-IN CLINIC,"22, TANGUILE, PROJECT 7, VETERANS VILLAGE, QUEZON CITY, NCR, 1105",Veterans Village,1.0,Health centers,,Lying-in clinic,Google API,14.6535566087812,121.022277212387,8:00AM,8:00AM,,,,,Google API - Validated
ACE LEARNING BRIDGE,"70 , 3RD FLOOR RAM-LINE BUILDING , 20TH AVENUE, SAN ROQUE, QUEZON CITY, NCR, 1109",San Roque,3.0,Long-term care and rehabilitation services,,Therapy center,Google API,14.6180253335854,121.064485095191,8:00AM,5:00PM,,,,,Google API - Validated
THE NOOK LEARNING & PLAY HUB,"1427, E. RODRIGUEZ SR. AVE., KRISTONG HARI, QUEZON CITY, NCR, 1112",Kristong Hari,4.0,Childcare,Public,Child learning center,Google API,14.6245826766423,121.037177971213,8:00AM,5:00PM,,,,,Google API - Validated
READY SET LEARN THERAPLAY STUDIO CORPORATION,"2ND FLOOR, WINDLAND TOWER RESIDENCES , GRANADA STREET CORNER VALENCIA STREET, VALENCIA, QUEZON CITY, NCR, 1112",Valencia,4.0,Long-term care and rehabilitation services,,Therapy center,Google API,14.6101369680925,121.036602661225,9:00AM,6:00PM,,,,,Google API - Validated
TREASURE HOME CARE SERVICES,"41, MALIBU ST, FAIRVIEW, QUEZON CITY, NCR, 1118",Fairview,5.0,Older persons care,Private,Residential Care Facility,Google API,14.7039443,121.0670963,8:00AM,5:00PM,,,,,Google API - Validated
WONDERY LEARNING CENTER CORP.,"RMS. 105 TO 110 GROUND  FLR , BUILDING NO.3 , NO. 1029, AURORA BLVD., LOYOLA HEIGHTS, QUEZON CITY, NCR, 1108",Loyola Heights,3.0,Childcare,Public,Child learning center,Google API,14.6306684541508,121.0725178,7:00AM,6:00PM,,,,,Google API - Validated
PLAYDATE LEARNING SPACE EDUCATION INC.,"UNIT T, ACROPOLIS GREENS SUBD. CLUBHOUSE, E RODRIGUEZ JR. AVE., BAGUMBAYAN, QUEZON CITY, NCR, 1110",Bagumbayan,3.0,Childcare,Public,Child learning center,Google API,14.6035830012999,121.076490278336,7:00AM,4:00PM,,,,,Google API - Validated
ESTRELLA LYING-IN MEDICAL CLINIC,"#2, VILLAREAL STREET, GULOD, QUEZON CITY, NCR, 1117",Gulod,5.0,Health centers,,Lying-in clinic,Google API,14.7145289,121.0402061,8:00AM,5:00PM,,,,,Google API - Validated
"GENERAL MIGUEL MALVAR MEDICAL RESEARCH FOUNDATION, INC.","531, COMMONWEALTH AVENUE, MATANDANG BALARA, QUEZON CITY, NCR, 1119",Matandang Balara,3.0,Health centers,,Private hospital,Google API,14.6675962176798,121.072697656919,8:00AM,8:00PM,,,,,Google API - Validated
FAIRVIEW GEN HOSPITAL INC.,"LOT 20, MERCURY, FAIRVIEW, QUEZON CITY, NCR, 1118",Fairview,5.0,Health centers,,Private hospital,Google API,14.7056,121.072,8:00AM,5:00PM,,,,,Google API - Validated
"ST. LUKE'S MEDICAL CENTER, INC.","279, E. RODRIGUEZ SR. AVENUE, KALUSUGAN, QUEZON CITY, NCR, 1112",Kalusugan,4.0,Health centers,,Private hospital,Google API,14.6227574435756,121.023312920221,12:00AM,12:00AM,,,,,Google API - Validated
CENTER FOR CHILDHOOD EDUCATION INC.,"CORINTHIAN GARDENS CLUB HOUSE, MADRIGAL AVENUE CORINTHIAN GARDEN, UGONG NORTE, QUEZON CITY, NCR, 1110",Ugong Norte,3.0,Schools,Private,Preschool,Google API,14.5910730479464,121.061461500093,8:00AM,5:00PM,,,,,Google API - Validated
"PASCUAL GENERAL HOSPITAL, INC.","130, QUIRINO H-WAY, BAESA, QUEZON CITY, NCR, 1106",Baesa,6.0,Health centers,,Private hospital,Google API,14.66699,121.0091,8:00AM,8:00AM,,,,,Google API - Validated
BERNARDINO GENERAL HOSPITAL CORP.,"680, QUIRINO HIGHWAY, SAN BARTOLOME, QUEZON CITY, NCR, 1116",San Bartolome,5.0,Health centers,,Private hospital,Google API,14.7003085517611,121.034958064556,6:00AM,6:00AM,,,,,Google API - Validated
"SAN LORENZO HOSPITAL HEALTH MANAGEMENT CO, INC","QUIRINO HIWAY, PASONG PUTIK PROPER, QUEZON CITY, NCR, 1118",Pasong Putik Proper,5.0,Health centers,,Private hospital,Google API,14.7373444374971,121.062733631323,8:00AM,12:00PM,,,,,Google API - Validated
"CRUZ-DALIDA HOSPITAL, INC.","1025, SALVADOR AVE., STA. MONICA, QUEZON CITY, QUEZON PROVINCE, 1117",Sta. Monica,5.0,Health centers,,Private hospital,Google API,14.7249467473346,121.045138468058,6:00AM,6:00AM,,,,,Google API - Validated
NOVALICHES GENERAL HOSPITAL AND MEDICAL CENTER INC.,"793, QUIRINO HIGHWAY, GULOD, QUEZON CITY, NCR, 1117",Gulod,5.0,Health centers,,Private hospital,Google API,14.709501341828,121.039027385383,8:00AM,5:00PM,,,,,Google API - Validated
"NS MONTESSORI CENTER, INC.","28, SALAZAR, HOLY SPIRIT, QUEZON CITY, NCR, 1127",Holy Spirit,2.0,Schools,Private,Preschool,Google API,14.66335,121.0025,8:00AM,5:00PM,,,,,Google API - Validated
BERNARDINO GENERAL HOSPITAL,"1255-A, ZABARTE ROAD , KALIGAYAHAN, QUEZON CITY, NCR, 1124",Kaligayahan,5.0,Health centers,,Private hospital,Google API,14.7334661263874,121.048197852176,8:00AM,5:00PM,,,,,Google API - Validated
15th Ave. Cor. Aurora Boulevard,,E. Rodriguez,3.0,Bus stops,,,"Data_QC Caring Cities Tracker, QC Administrative Data - Bus stops",14.6253235,121.0568671,,,"6:00 AM - 11:30 AM (10 mins. interval)
11:30 AM - 4:00 PM (30 mins. interval)
4:00 PM - 8:00 PM (10 mins. interval)
8:00 PM - 8:30 PM (30 mins. interval)",6:30 AM to 8:30 PM (30 mins interval),8:00 AM to 8:00 PM (1HR interval),1.0,Administrative data
Anonas Rd. Chico St.,,Quirino 2-A,3.0,Bus stops,,,"Data_QC Caring Cities Tracker, QC Administrative Data - Bus stops",14.63247,121.05996,,,"6:40 AM - 9:00 AM (20 mins. interval)
9:00 AM - 5:00 PM (30 mins. interval)
5:00 PM - 7:00 PM (20 mins. interval)
",7:00 AM to 7:00 PM (1HR interval),8:00 AM to 8:00 PM (1HR interval),3.0,Administrative data
Aurora Boulevard (Hemady St.),,Kaunlaran,4.0,Bus stops,,,"Data_QC Caring Cities Tracker, QC Administrative Data - Bus stops",14.61367,121.03789,,,"6:30 AM - 9:00 AM (15 mins. interval)
9:00 AM - 4:00 PM (30 mins. interval)
4:00 PM - 8:00 PM (15 mins. interval)
",7:00 AM to 7:00 PM (1HR interval),8:00 AM to 8:00 PM (1HR interval),6.0,Administrative data
Aurora Boulevard Cor. Katipunan Ave. (Interchange),,Loyola Heights,3.0,Bus stops,,,"Data_QC Caring Cities Tracker, QC Administrative Data - Bus stops",14.631907,121.074334,,,"6:30 AM - 9:00 AM (15 mins. interval)
9:00 AM - 5:00 PM (30 mins. interval)
5:00 PM - 8:00 PM (15 mins. interval)
",7:00 AM to 7:00 PM (1HR interval),8:00 AM to 8:00 PM (1HR interval),7.0,Administrative data
Aurora Boulevard Cor. Katipunan Interchange (Lrt 2 Katipunan Station),,Loyola Heights,3.0,Bus stops,,,"Data_QC Caring Cities Tracker, QC Administrative Data - Bus stops",14.6311718,121.0725988,,,"6:40 AM - 9:00 AM (20 mins. interval)
9:00 AM - 5:00 PM (30 mins. interval)
5:00 PM - 7:00 PM (20 mins. interval)
",7:00 AM to 7:00 PM (1HR interval),8:00 AM to 8:00 PM (1HR interval),3.0,Administrative data
Aurora Boulevard J.P. Rizal St.,,Marilag,3.0,Bus stops,,,"Data_QC Caring Cities Tracker, QC Administrative Data - Bus stops",14.628931,121.0685468,,,"6:40 AM - 9:00 AM (20 mins. interval)
9:00 AM - 5:00 PM (30 mins. interval)
5:00 PM - 7:00 PM (20 mins. interval)
",7:00 AM to 7:00 PM (1HR interval),8:00 AM to 8:00 PM (1HR interval),3.0,Administrative data
Aurora Boulevard Lrt 2 Anonas Station,,Quirino 3-A,3.0,Bus stops,,,"Data_QC Caring Cities Tracker, QC Administrative Data - Bus stops",14.62797,121.06389,,,"6:40 AM - 9:00 AM (20 mins. interval)
9:00 AM - 5:00 PM (30 mins. interval)
5:00 PM - 7:00 PM (20 mins. interval)
",7:00 AM to 7:00 PM (1HR interval),8:00 AM to 8:00 PM (1HR interval),3.0,Administrative data
Barangay Ramon Magsaysay Hall,,Ramon Magsaysay,1.0,Bus stops,,,"Data_QC Caring Cities Tracker, QC Administrative Data - Bus stops",14.6591538,121.0221954,,,"6:00 AM - 10:00 AM (10 mins. interval)
10:00 AM - 1:00 PM (30 mins. interval)
1:00 PM - 7:30 PM (10 mins. interval)
7:30 PM - 9:00 PM (30 mins. interval)",7:00 AM to 8:00 PM (1HR interval),7:00 AM to 8:00 PM (1HR interval),8.0,Administrative data
Barangay Silangan Hall,,East Kamias,3.0,Bus stops,,,"Data_QC Caring Cities Tracker, QC Administrative Data - Bus stops",14.6296095,121.0555329,,,"6:00 AM - 11:30 AM (10 mins. interval)
11:30 AM - 4:00 PM (30 mins. interval)
4:00 PM - 8:00 PM (10 mins. interval)
8:00 PM - 8:30 PM (30 mins. interval)",6:30 AM to 8:30 PM (30 mins interval),8:00 AM to 8:00 PM (1HR interval),1.0,Administrative data
C.P. Garcia Ave. (Krus na Ligas),,U. P. Campus,4.0,Bus stops,,,"Data_QC Caring Cities Tracker, QC Administrative Data - Bus stops",14.64767,121.064835,,,"6:30 AM - 9:00 AM (15 mins. interval)
9:00 AM - 5:00 PM (30 mins. interval)
5:00 PM - 8:00 PM (15 mins. interval)
",7:00 AM to 7:00 PM (1HR interval),8:00 AM to 8:00 PM (1HR interval),7.0,Administrative data
Commonwealth Ave. (St. Peter Parish Church),,Batasan Hills,2.0,Bus stops,,,"Data_QC Caring Cities Tracker, QC Administrative Data - Bus stops",14.68112,121.08486,,,"6:00 AM - 9:00 AM (6 mins. interval)
9:00 AM - 4:00 PM (30 mins. interval)
4:00 PM - 8:00 PM (6 mins. interval)
8:00 PM - 9:00 PM (30 mins. interval)",6:30 AM to 8:30 PM (30 mins interval),8:00 AM to 8:00 PM (1HR interval),2.0,Administrative data
Congressional Ave. - Circle C,,Bahay Toro,1.0,Bus stops,,,"Data_QC Caring Cities Tracker, QC Administrative Data - Bus stops",14.67069,121.03786,,,"6:00 AM - 9:00 AM (10 mins. interval)
9:00 AM - 4:30 PM (30 mins. interval)
4:30 PM - 8:00 PM (10 mins. interval)
8:00 PM - 9:00 PM (30 mins. interval)",6:30 AM to 8:30 PM (30 mins interval),8:00 AM to 8:00 PM (1HR interval),5.0,Administrative data
Congressional Ave. - Visayas Ave,,Bahay Toro,1.0,Bus stops,,,"Data_QC Caring Cities Tracker, QC Administrative Data - Bus stops",14.6719675,121.0430074,,,"6:00 AM - 9:00 AM (10 mins. interval)
9:00 AM - 4:30 PM (30 mins. interval)
4:30 PM - 8:00 PM (10 mins. interval)
8:00 PM - 9:00 PM (30 mins. interval)",6:30 AM to 8:30 PM (30 mins interval),8:00 AM to 8:00 PM (1HR interval),5.0,Administrative data
Congressional Ave. Cor. Abra St.,,Ramon Magsaysay,1.0,Bus stops,,,"Data_QC Caring Cities Tracker, QC Administrative Data - Bus stops",14.6593438,121.0199853,,,"6:00 AM - 10:00 AM (10 mins. interval)
10:00 AM - 1:00 PM (30 mins. interval)
1:00 PM - 7:30 PM (10 mins. interval)
7:30 PM - 9:00 PM (30 mins. interval)",7:00 AM to 8:00 PM (30 mins. interval),7:00 AM to 8:00 PM (1HR interval),8.0,Administrative data
Corregidor St. Cor. Ilocos Sur St.,,Ramon Magsaysay,1.0,Bus stops,,,"Data_QC Caring Cities Tracker, QC Administrative Data - Bus stops",14.6587605,121.0244526,,,"6:00 AM - 10:00 AM (10 mins. interval)
10:00 AM - 1:00 PM (30 mins. interval)
1:00 PM - 7:30 PM (10 mins. interval)
7:30 PM - 9:00 PM (30 mins. interval)",7:00 AM to 8:00 PM (1HR interval),7:00 AM to 8:00 PM (1HR interval),8.0,Administrative data
Cubao (Araneta City),,Socorro,3.0,Bus stops,,,"Data_QC Caring Cities Tracker, QC Administrative Data - Bus stops",14.6234071,121.0556785,,,"6:00 AM - 11:30 AM (10 mins. interval)
11:30 AM - 4:00 PM (30 mins. interval)
4:00 PM - 8:00 PM (10 mins. interval)
8:00 PM - 8:30 PM (30 mins. interval)",6:30 AM to 8:30 PM (30 mins interval),8:00 AM to 8:00 PM (1HR interval),1.0,Administrative data
D. Muzon St.,,Tandang Sora,6.0,Bus stops,,,"Data_QC Caring Cities Tracker, QC Administrative Data - Bus stops",14.68169,121.03215,,,"6:00 AM - 9:00 AM (10 mins. interval)
9:00 AM - 4:30 PM (30 mins. interval)
4:30 PM - 8:00 PM (10 mins. interval)
8:00 PM - 9:00 PM (30 mins. interval)",6:30 AM to 8:30 PM (30 mins interval),8:00 AM to 8:00 PM (1HR interval),5.0,Administrative data
Don A. Roces Ave - Don Alejandro Roces Sr. Science - Technology High School,,Laging Handa,4.0,Bus stops,,,"Data_QC Caring Cities Tracker, QC Administrative Data - Bus stops",14.62947,121.03087,,,"6:30 AM - 9:00 AM (15 mins. interval)
9:00 AM - 4:00 PM (30 mins. interval)
4:00 PM - 8:00 PM (15 mins. interval)
",7:00 AM to 7:00 PM (1HR interval),8:00 AM to 8:00 PM (1HR interval),6.0,Administrative data
E. Rodriguez Jr. Ave. / Eastwood City,,Bagumbayan,3.0,Bus stops,,,"Data_QC Caring Cities Tracker, QC Administrative Data - Bus stops",14.6111606,121.0797553,,,"6:30 AM - 9:00 AM (15 mins. interval)
9:00 AM - 5:00 PM (30 mins. interval)
5:00 PM - 8:00 PM (15 mins. interval)
",7:00 AM to 7:00 PM (1HR interval),8:00 AM to 8:00 PM (1HR interval),7.0,Administrative data
E. Rodriguez Jr. Ave. Cor Ortigas Ave.(Fly-over),,Ugong Norte,3.0,Bus stops,,,"Data_QC Caring Cities Tracker, QC Administrative Data - Bus stops",14.5921919,121.0798576,,,"6:30 AM - 9:00 AM (15 mins. interval)
9:00 AM - 5:00 PM (30 mins. interval)
5:00 PM - 8:00 PM (15 mins. interval)
",7:00 AM to 7:00 PM (1HR interval),8:00 AM to 8:00 PM (1HR interval),7.0,Administrative data
E. Rodriguez Jr. Ave. Cor. Green Meadows Ave.,,Ugong Norte,3.0,Bus stops,,,"Data_QC Caring Cities Tracker, QC Administrative Data - Bus stops",14.6015866,121.079421,,,"6:30 AM - 9:00 AM (15 mins. interval)
9:00 AM - 5:00 PM (30 mins. interval)
5:00 PM - 8:00 PM (15 mins. interval)
",7:00 AM to 7:00 PM (1HR interval),8:00 AM to 8:00 PM (1HR interval),7.0,Administrative data
E. Rodriguez Sr. Ave Cor. Gilmore (Interchange),,Kristong Hari,4.0,Bus stops,,,"Data_QC Caring Cities Tracker, QC Administrative Data - Bus stops",14.6237111,121.0301456,,,"6:30 AM - 9:00 AM (15 mins. interval)
9:00 AM - 4:00 PM (30 mins. interval)
4:00 PM - 8:00 PM (15 mins. interval)
",7:00 AM to 7:00 PM (1HR interval),8:00 AM to 8:00 PM (1HR interval),6.0,Administrative data
E. Rodriguez Sr. Ave. Cor. Araneta Ave. Quezon Institute (Q.I.),,Doña Imelda,4.0,Bus stops,,,"Data_QC Caring Cities Tracker, QC Administrative Data - Bus stops",14.61866,121.01406,,,"6:40 AM - 9:00 AM (20 mins. interval)
9:00 AM - 5:00 PM (30 mins. interval)
5:00 PM - 7:00 PM (20 mins. interval)
",7:00 AM to 7:00 PM (1HR interval),8:00 AM to 8:00 PM (1HR interval),3.0,Administrative data
E. Rodriguez Sr. Ave. Cor. Gilmore Interchange,,Kristong Hari,4.0,Bus stops,,,"Data_QC Caring Cities Tracker, QC Administrative Data - Bus stops",14.6237111,121.0301456,,,"6:40 AM - 9:00 AM (20 mins. interval)
9:00 AM - 5:00 PM (30 mins. interval)
5:00 PM - 7:00 PM (20 mins. interval)
",7:00 AM to 7:00 PM (1HR interval),8:00 AM to 8:00 PM (1HR interval),3.0,Administrative data
E. Rodriguez Sr. Ave. St. Luke's / National Children's Hospital,,Kalusugan,4.0,Bus stops,,,"Data_QC Caring Cities Tracker, QC Administrative Data - Bus stops",14.6214173,121.022627,,,"6:40 AM - 9:00 AM (20 mins. interval)
9:00 AM - 5:00 PM (30 mins. interval)
5:00 PM - 7:00 PM (20 mins. interval)
",7:00 AM to 7:00 PM (1HR interval),8:00 AM to 8:00 PM (1HR interval),3.0,Administrative data
Gen. Luis - Nova Bayan,,Novaliches Proper,5.0,Bus stops,,,"Data_QC Caring Cities Tracker, QC Administrative Data - Bus stops",14.72192,121.03909,,,"5:40 AM - 9:00 AM (10 mins. interval)
9:00 AM - 2:30 PM (30 mins. interval)
2:30 PM - 8:00 PM (10 mins. interval)
8:00 PM - 9:00 PM (30 mins. interval)
",6:30 AM to 8:30 PM (30 mins interval),8:00 AM to 8:00 PM (1HR interval),4.0,Administrative data
Gen. Luis Cor. Banahaw St.,,Nagkaisang Nayon,5.0,Bus stops,,,"Data_QC Caring Cities Tracker, QC Administrative Data - Bus stops",14.72059,121.02809,,,"5:40 AM - 9:00 AM (10 mins. interval)
9:00 AM - 2:30 PM (30 mins. interval)
2:30 PM - 8:00 PM (10 mins. interval)
8:00 PM - 9:00 PM (30 mins. interval)
",6:30 AM to 8:30 PM (30 mins interval),8:00 AM to 8:00 PM (1HR interval),4.0,Administrative data
Gen. Luis Cor. SB Road,,Nagkaisang Nayon,5.0,Bus stops,,,"Data_QC Caring Cities Tracker, QC Administrative Data - Bus stops",14.7195675,121.021206,,,"5:40 AM - 9:00 AM (10 mins. interval)
9:00 AM - 2:30 PM (30 mins. interval)
2:30 PM - 8:00 PM (10 mins. interval)
8:00 PM - 9:00 PM (30 mins. interval)
",6:30 AM to 8:30 PM (30 mins interval),8:00 AM to 8:00 PM (1HR interval),4.0,Administrative data
IBP Rd. Litex,,Commonwealth,2.0,Bus stops,,,"Data_QC Caring Cities Tracker, QC Administrative Data - Bus stops",14.6999742,121.0879434,,,"6:00 AM - 9:00 AM (6 mins. interval)
9:00 AM - 4:00 PM (30 mins. interval)
4:00 PM - 8:00 PM (6 mins. interval)
8:00 PM - 9:00 PM (30 mins. interval)",6:30 AM to 8:30 PM (30 mins interval),8:00 AM to 8:00 PM (1HR interval),2.0,Administrative data
IBP Rd. Maclang General Hospital,,Batasan Hills,2.0,Bus stops,,,"Data_QC Caring Cities Tracker, QC Administrative Data - Bus stops",14.68632,121.08904,,,"6:00 AM - 9:00 AM (6 mins. interval)
9:00 AM - 4:00 PM (30 mins. interval)
4:00 PM - 8:00 PM (6 mins. interval)
8:00 PM - 9:00 PM (30 mins. interval)",6:30 AM to 8:30 PM (30 mins interval),8:00 AM to 8:00 PM (1HR interval),2.0,Administrative data
IBP Rd. Quezon City University - Batasan Hills,,Batasan Hills,2.0,Bus stops,,,"Data_QC Caring Cities Tracker, QC Administrative Data - Bus stops",14.6869415,121.0911546,,,"6:00 AM - 9:00 AM (6 mins. interval)
9:00 AM - 4:00 PM (30 mins. interval)
4:00 PM - 8:00 PM (6 mins. interval)
8:00 PM - 9:00 PM (30 mins. interval)",6:30 AM to 8:30 PM (30 mins interval),8:00 AM to 8:00 PM (1HR interval),2.0,Administrative data
Kalayaan Ave. Cor. Kamias Interchange,,Pinyahan,4.0,Bus stops,,,"Data_QC Caring Cities Tracker, QC Administrative Data - Bus stops",14.6331905,121.0538824,,,"6:40 AM - 9:00 AM (20 mins. interval)
9:00 AM - 5:00 PM (30 mins. interval)
5:00 PM - 7:00 PM (20 mins. interval)
",7:00 AM to 7:00 PM (1HR interval),8:00 AM to 8:00 PM (1HR interval),3.0,Administrative data
Kalayaan Ave. Cor. Kamias Rd. Interchange,,Pinyahan,4.0,Bus stops,,,"Data_QC Caring Cities Tracker, QC Administrative Data - Bus stops",14.6336147,121.054093,,,"6:00 AM - 11:30 AM (10 mins. interval)
11:30 AM - 4:00 PM (30 mins. interval)
4:00 PM - 8:00 PM (10 mins. interval)
8:00 PM - 8:30 PM (30 mins. interval)",6:30 AM to 8:30 PM (30 mins interval),8:00 AM to 8:00 PM (1HR interval),1.0,Administrative data
Kalayaan Ave. Cor. Masigla St.,,Central,4.0,Bus stops,,,"Data_QC Caring Cities Tracker, QC Administrative Data - Bus stops",14.64387,121.0538,,,"6:00 AM - 11:30 AM (10 mins. interval)
11:30 AM - 4:00 PM (30 mins. interval)
4:00 PM - 8:00 PM (10 mins. interval)
8:00 PM - 8:30 PM (30 mins. interval)",6:30 AM to 8:30 PM (30 mins interval),8:00 AM to 8:00 PM (1HR interval),1.0,Administrative data
Kamias Rd. Cor. Anonas,,East Kamias,3.0,Bus stops,,,"Data_QC Caring Cities Tracker, QC Administrative Data - Bus stops",14.63439,121.05871,,,"6:40 AM - 9:00 AM (20 mins. interval)
9:00 AM - 5:00 PM (30 mins. interval)
5:00 PM - 7:00 PM (20 mins. interval)
",7:00 AM to 7:00 PM (1HR interval),8:00 AM to 8:00 PM (1HR interval),3.0,Administrative data
Kamias Rd. EDSA,,West Kamias,3.0,Bus stops,,,"Data_QC Caring Cities Tracker, QC Administrative Data - Bus stops",14.6309648,121.0470246,,,"6:40 AM - 9:00 AM (20 mins. interval)
9:00 AM - 5:00 PM (30 mins. interval)
5:00 PM - 7:00 PM (20 mins. interval)
",7:00 AM to 7:00 PM (1HR interval),8:00 AM to 8:00 PM (1HR interval),3.0,Administrative data
Kamuning Rd. Delgado Hospital (Kamuning Market),,Kamuning,4.0,Bus stops,,,"Data_QC Caring Cities Tracker, QC Administrative Data - Bus stops",14.62746,121.0347,,,"6:40 AM - 9:00 AM (20 mins. interval)
9:00 AM - 5:00 PM (30 mins. interval)
5:00 PM - 7:00 PM (20 mins. interval)
",7:00 AM to 7:00 PM (1HR interval),8:00 AM to 8:00 PM (1HR interval),3.0,Administrative data
Kamuning Rd. K-E St.,,Kamuning,4.0,Bus stops,,,"Data_QC Caring Cities Tracker, QC Administrative Data - Bus stops",14.6299518,121.0431317,,,"6:40 AM - 9:00 AM (20 mins. interval)
9:00 AM - 5:00 PM (30 mins. interval)
5:00 PM - 7:00 PM (20 mins. interval)
",7:00 AM to 7:00 PM (1HR interval),8:00 AM to 8:00 PM (1HR interval),3.0,Administrative data
Katipunan Ave. (Ateneo De Manila Gate 3),,Loyola Heights,3.0,Bus stops,,,"Data_QC Caring Cities Tracker, QC Administrative Data - Bus stops",14.64048,121.0747452,,,"6:30 AM - 9:00 AM (15 mins. interval)
9:00 AM - 5:00 PM (30 mins. interval)
5:00 PM - 8:00 PM (15 mins. interval)
",7:00 AM to 7:00 PM (1HR interval),8:00 AM to 8:00 PM (1HR interval),7.0,Administrative data
Katipunan Ave. (Sta. Maria Della Strada Parish),,Pansol,3.0,Bus stops,,,"Data_QC Caring Cities Tracker, QC Administrative Data - Bus stops",14.64698,121.07456,,,"6:30 AM - 9:00 AM (15 mins. interval)
9:00 AM - 5:00 PM (30 mins. interval)
5:00 PM - 8:00 PM (15 mins. interval)
",7:00 AM to 7:00 PM (1HR interval),8:00 AM to 8:00 PM (1HR interval),7.0,Administrative data
Katipunan Ave. Cor. Boni Serrano Ave.,,Bayanihan,3.0,Bus stops,,,"Data_QC Caring Cities Tracker, QC Administrative Data - Bus stops",14.61708,121.07097,,,"6:30 AM - 9:00 AM (15 mins. interval)
9:00 AM - 5:00 PM (30 mins. interval)
5:00 PM - 8:00 PM (15 mins. interval)
",7:00 AM to 7:00 PM (1HR interval),8:00 AM to 8:00 PM (1HR interval),7.0,Administrative data
Katipunan Ave. P. Tuazon Ave. (Quirino Memorial Medical Center),,Marilag,3.0,Bus stops,,,"Data_QC Caring Cities Tracker, QC Administrative Data - Bus stops",14.6218105,121.0733163,,,"6:30 AM - 9:00 AM (15 mins. interval)
9:00 AM - 5:00 PM (30 mins. interval)
5:00 PM - 8:00 PM (15 mins. interval)
",7:00 AM to 7:00 PM (1HR interval),8:00 AM to 8:00 PM (1HR interval),7.0,Administrative data
Mindanao Ave. - Congressional Ave.,,Bahay Toro,1.0,Bus stops,,,"Data_QC Caring Cities Tracker, QC Administrative Data - Bus stops",14.6684,121.03423,,,"6:00 AM - 9:00 AM (10 mins. interval)
9:00 AM - 4:30 PM (30 mins. interval)
4:30 PM - 8:00 PM (10 mins. interval)
8:00 PM - 9:00 PM (30 mins. interval)",6:30 AM to 8:30 PM (30 mins interval),8:00 AM to 8:00 PM (1HR interval),5.0,Administrative data
Mindanao Ave. - Quirino Highway Interchange,,Talipapa,6.0,Bus stops,,,"Data_QC Caring Cities Tracker, QC Administrative Data - Bus stops",14.69038,121.02838,,,"6:00 AM - 9:00 AM (10 mins. interval)
9:00 AM - 4:30 PM (30 mins. interval)
4:30 PM - 8:00 PM (10 mins. interval)
8:00 PM - 9:00 PM (30 mins. interval)",6:30 AM to 8:30 PM (30 mins interval),8:00 AM to 8:00 PM (1HR interval),5.0,Administrative data
Mindanao Ave. (Tullahan Bridge),,Talipapa,6.0,Bus stops,,,"Data_QC Caring Cities Tracker, QC Administrative Data - Bus stops",14.69246,121.02355,,,"5:40 AM - 9:00 AM (10 mins. interval)
9:00 AM - 2:30 PM (30 mins. interval)
2:30 PM - 8:00 PM (10 mins. interval)
8:00 PM - 9:00 PM (30 mins. interval)
",6:30 AM to 8:30 PM (30 mins interval),8:00 AM to 8:00 PM (1HR interval),4.0,Administrative data
Mindanao Ave. Cor Congressional Ave.,,Bahay Toro,1.0,Bus stops,,,"Data_QC Caring Cities Tracker, QC Administrative Data - Bus stops",14.66776,121.03431,,,"5:40 AM - 9:00 AM (10 mins. interval)
9:00 AM - 2:30 PM (30 mins. interval)
2:30 PM - 8:00 PM (10 mins. interval)
8:00 PM - 9:00 PM (30 mins. interval)
",6:30 AM to 8:30 PM (30 mins interval),8:00 AM to 8:00 PM (1HR interval),4.0,Administrative data
Mindanao Ave. Cor. D. Muzon St.,,Tandang Sora,6.0,Bus stops,,,"Data_QC Caring Cities Tracker, QC Administrative Data - Bus stops",14.68169,121.03215,,,"5:40 AM - 9:00 AM (10 mins. interval)
9:00 AM - 2:30 PM (30 mins. interval)
2:30 PM - 8:00 PM (10 mins. interval)
8:00 PM - 9:00 PM (30 mins. interval)
",6:30 AM to 8:30 PM (30 mins interval),8:00 AM to 8:00 PM (1HR interval),4.0,Administrative data
Mindanao Ave. Cor. Old Sauyo Rd.,,Talipapa,6.0,Bus stops,,,"Data_QC Caring Cities Tracker, QC Administrative Data - Bus stops",14.68831,121.03094,,,"5:40 AM - 9:00 AM (10 mins. interval)
9:00 AM - 2:30 PM (30 mins. interval)
2:30 PM - 8:00 PM (10 mins. interval)
8:00 PM - 9:00 PM (30 mins. interval)
",6:30 AM to 8:30 PM (30 mins interval),8:00 AM to 8:00 PM (1HR interval),4.0,Administrative data
Mindanao Ave. Cor. Quirino Highway,,Talipapa,6.0,Bus stops,,,"Data_QC Caring Cities Tracker, QC Administrative Data - Bus stops",14.69038,121.02838,,,"5:40 AM - 9:00 AM (10 mins. interval)
9:00 AM - 2:30 PM (30 mins. interval)
2:30 PM - 8:00 PM (10 mins. interval)
8:00 PM - 9:00 PM (30 mins. interval)
",6:30 AM to 8:30 PM (30 mins interval),8:00 AM to 8:00 PM (1HR interval),4.0,Administrative data
Mindanao Ave. Cor. Road 1,,Project 6,1.0,Bus stops,,,"Data_QC Caring Cities Tracker, QC Administrative Data - Bus stops",14.65557,121.03556,,,"5:40 AM - 9:00 AM (10 mins. interval)
9:00 AM - 2:30 PM (30 mins. interval)
2:30 PM - 8:00 PM (10 mins. interval)
8:00 PM - 9:00 PM (30 mins. interval)
",6:30 AM to 8:30 PM (30 mins interval),8:00 AM to 8:00 PM (1HR interval),4.0,Administrative data
Mindanao Ave. Cor. Tandang Sora Ave.,,Tandang Sora,6.0,Bus stops,,,"Data_QC Caring Cities Tracker, QC Administrative Data - Bus stops",14.677216,121.032321,,,"5:40 AM - 9:00 AM (10 mins. interval)
9:00 AM - 2:30 PM (30 mins. interval)
2:30 PM - 8:00 PM (10 mins. interval)
8:00 PM - 9:00 PM (30 mins. interval)
",6:30 AM to 8:30 PM (30 mins interval),8:00 AM to 8:00 PM (1HR interval),4.0,Administrative data
North Ave. Philippine Medical Association (MRT 3/Trinoma Mall),,Sto. Cristo,1.0,Bus stops,,,"Data_QC Caring Cities Tracker, QC Administrative Data - Bus stops",14.6550542,121.0333894,,,"6:00 AM - 10:00 AM (10 mins. interval)
10:00 AM - 1:00 PM (30 mins. interval)
1:00 PM - 7:30 PM (10 mins. interval)
7:30 PM - 9:00 PM (30 mins. interval)",7:00 AM to 8:00 PM (30 mins. interval),7:00 AM to 8:00 PM (1HR interval),8.0,Administrative data
North Ave. Vertis North,,Bagong Pag-Asa,1.0,Bus stops,,,"Data_QC Caring Cities Tracker, QC Administrative Data - Bus stops",14.6513226,121.0361305,,,"6:00 AM - 10:00 AM (10 mins. interval)
10:00 AM - 1:00 PM (30 mins. interval)
1:00 PM - 7:30 PM (10 mins. interval)
7:30 PM - 9:00 PM (30 mins. interval)",7:00 AM to 8:00 PM (1HR interval),7:00 AM to 8:00 PM (1HR interval),8.0,Administrative data
North Ave. Veterans Hospital,,Project 6,1.0,Bus stops,,,"Data_QC Caring Cities Tracker, QC Administrative Data - Bus stops",14.65352,121.0391,,,"6:00 AM - 10:00 AM (10 mins. interval)
10:00 AM - 1:00 PM (30 mins. interval)
1:00 PM - 7:30 PM (10 mins. interval)
7:30 PM - 9:00 PM (30 mins. interval)",7:00 AM to 8:00 PM (30 mins. interval),7:00 AM to 8:00 PM (1HR interval),8.0,Administrative data
North Ave. Veterans Hospital / Vertis North,,Bagong Pag-Asa,1.0,Bus stops,,,"Data_QC Caring Cities Tracker, QC Administrative Data - Bus stops",14.6513226,121.0361305,,,"5:40 AM - 9:00 AM (10 mins. interval)
9:00 AM - 2:30 PM (30 mins. interval)
2:30 PM - 8:00 PM (10 mins. interval)
8:00 PM - 9:00 PM (30 mins. interval)
",6:30 AM to 8:30 PM (30 mins interval),8:00 AM to 8:00 PM (1HR interval),4.0,Administrative data
Old Sauyo Rd. Footbridge,,Talipapa,6.0,Bus stops,,,"Data_QC Caring Cities Tracker, QC Administrative Data - Bus stops",14.6879293,121.0312057,,,"6:00 AM - 9:00 AM (10 mins. interval)
9:00 AM - 4:30 PM (30 mins. interval)
4:30 PM - 8:00 PM (10 mins. interval)
8:00 PM - 9:00 PM (30 mins. interval)",6:30 AM to 8:30 PM (30 mins interval),8:00 AM to 8:00 PM (1HR interval),5.0,Administrative data
Quezon Ave. - EDSA,,West Triangle,1.0,Bus stops,,,"Data_QC Caring Cities Tracker, QC Administrative Data - Bus stops",14.64378,121.03638,,,"6:30 AM - 9:00 AM (15 mins. interval)
9:00 AM - 4:00 PM (30 mins. interval)
4:00 PM - 8:00 PM (15 mins. interval)
",7:00 AM to 7:00 PM (1HR interval),8:00 AM to 8:00 PM (1HR interval),6.0,Administrative data
Quezon Ave. (Delta) - Panay Ave.,,Paligsahan,4.0,Bus stops,,,"Data_QC Caring Cities Tracker, QC Administrative Data - Bus stops",14.63663,121.02669,,,"6:30 AM - 9:00 AM (15 mins. interval)
9:00 AM - 4:00 PM (30 mins. interval)
4:00 PM - 8:00 PM (15 mins. interval)
",7:00 AM to 7:00 PM (1HR interval),8:00 AM to 8:00 PM (1HR interval),6.0,Administrative data
Quezon Ave. (Philippine Children's Medical Center),,Project 6,1.0,Bus stops,,,"Data_QC Caring Cities Tracker, QC Administrative Data - Bus stops",14.64709,121.04178,,,"6:30 AM - 9:00 AM (15 mins. interval)
9:00 AM - 4:00 PM (30 mins. interval)
4:00 PM - 8:00 PM (15 mins. interval)
",7:00 AM to 7:00 PM (1HR interval),8:00 AM to 8:00 PM (1HR interval),6.0,Administrative data
Quezon Ave. Cor. Examiner St.,,West Triangle,1.0,Bus stops,,,"Data_QC Caring Cities Tracker, QC Administrative Data - Bus stops",14.64118,121.03225,,,"6:30 AM - 9:00 AM (15 mins. interval)
9:00 AM - 4:00 PM (30 mins. interval)
4:00 PM - 8:00 PM (15 mins. interval)
",7:00 AM to 7:00 PM (1HR interval),8:00 AM to 8:00 PM (1HR interval),6.0,Administrative data
Quezon City Hall Gate 3 Kalayaan Ave.,,Central,4.0,Bus stops,,,"Data_QC Caring Cities Tracker, QC Administrative Data - Bus stops",14.648372,121.0510892,,,"6:00 AM - 11:30 AM (10 mins. interval)
11:30 AM - 4:00 PM (30 mins. interval)
4:00 PM - 8:00 PM (10 mins. interval)
8:00 PM - 8:30 PM (30 mins. interval)",6:30 AM to 8:30 PM (30 mins interval),8:00 AM to 8:00 PM (1HR interval),1.0,Administrative data
Quezon City Hall NHA Interchange,,Central,1.0,Bus stops,,,"Data_QC Caring Cities Tracker, QC Administrative Data - Bus stops",14.6500503,121.0520183,,,"6:00 AM - 9:00 AM (6 mins. interval)
9:00 AM - 4:00 PM (30 mins. interval)
4:00 PM - 8:00 PM (6 mins. interval)
8:00 PM - 9:00 PM (30 mins. interval)",6:30 AM to 8:30 PM (30 mins interval),8:00 AM to 8:00 PM (1HR interval),2.0,Administrative data
Quezon City University - Main Campus / Novaliches District Hospital,,San Bartolome,5.0,Bus stops,,,"Data_QC Caring Cities Tracker, QC Administrative Data - Bus stops",14.70011,121.03465,,,"5:40 AM - 9:00 AM (10 mins. interval)
9:00 AM - 2:30 PM (30 mins. interval)
2:30 PM - 8:00 PM (10 mins. interval)
8:00 PM - 9:00 PM (30 mins. interval)
",6:30 AM to 8:30 PM (30 mins interval),8:00 AM to 8:00 PM (1HR interval),4.0,Administrative data
Quezon Hall NHA Interchange,,Central,4.0,Bus stops,,,"Data_QC Caring Cities Tracker, QC Administrative Data - Bus stops",14.6491791,121.0514672,,,"6:30 AM - 9:00 AM (15 mins. interval)
9:00 AM - 5:00 PM (30 mins. interval)
5:00 PM - 8:00 PM (15 mins. interval)
",7:00 AM to 7:00 PM (1HR interval),8:00 AM to 8:00 PM (1HR interval),7.0,Administrative data
Quirino Highway / SM Novaliches,,San Bartolome,5.0,Bus stops,,,"Data_QC Caring Cities Tracker, QC Administrative Data - Bus stops",14.70717,121.03884,,,"5:40 AM - 9:00 AM (10 mins. interval)
9:00 AM - 2:30 PM (30 mins. interval)
2:30 PM - 8:00 PM (10 mins. interval)
8:00 PM - 9:00 PM (30 mins. interval)
",6:30 AM to 8:30 PM (30 mins interval),8:00 AM to 8:00 PM (1HR interval),4.0,Administrative data
Quirino Highway Cor. Forest Hills Drive,,Gulod,5.0,Bus stops,,,"Data_QC Caring Cities Tracker, QC Administrative Data - Bus stops",14.7163,121.04048,,,"5:40 AM - 9:00 AM (10 mins. interval)
9:00 AM - 2:30 PM (30 mins. interval)
2:30 PM - 8:00 PM (10 mins. interval)
8:00 PM - 9:00 PM (30 mins. interval)
",6:30 AM to 8:30 PM (30 mins interval),8:00 AM to 8:00 PM (1HR interval),4.0,Administrative data
Sct. Chuatoco Ave. - Sct. Tobias St.,,Roxas,4.0,Bus stops,,,"Data_QC Caring Cities Tracker, QC Administrative Data - Bus stops",14.62759,121.02876,,,"6:30 AM - 9:00 AM (15 mins. interval)
9:00 AM - 4:00 PM (30 mins. interval)
4:00 PM - 8:00 PM (15 mins. interval)
",7:00 AM to 7:00 PM (1HR interval),8:00 AM to 8:00 PM (1HR interval),6.0,Administrative data
Sct. Reyes St. - District 4 Action Center,,Paligsahan,4.0,Bus stops,,,"Data_QC Caring Cities Tracker, QC Administrative Data - Bus stops",14.62941,121.02521,,,"6:30 AM - 9:00 AM (15 mins. interval)
9:00 AM - 4:00 PM (30 mins. interval)
4:00 PM - 8:00 PM (15 mins. interval)
",7:00 AM to 7:00 PM (1HR interval),8:00 AM to 8:00 PM (1HR interval),6.0,Administrative data
SM City North Edsa - Quezon City University (San Francisco High School),,Sto. Cristo,1.0,Bus stops,,,"Data_QC Caring Cities Tracker, QC Administrative Data - Bus stops",14.6574113,121.0288443,,,"6:00 AM - 10:00 AM (10 mins. interval)
10:00 AM - 1:00 PM (30 mins. interval)
1:00 PM - 7:30 PM (10 mins. interval)
7:30 PM - 9:00 PM (30 mins. interval)",7:00 AM to 8:00 PM (1HR interval),7:00 AM to 8:00 PM (1HR interval),8.0,Administrative data
Tandang Sora Ave.,,Tandang Sora,6.0,Bus stops,,,"Data_QC Caring Cities Tracker, QC Administrative Data - Bus stops",14.677216,121.032321,,,"6:00 AM - 9:00 AM (10 mins. interval)
9:00 AM - 4:30 PM (30 mins. interval)
4:30 PM - 8:00 PM (10 mins. interval)
8:00 PM - 9:00 PM (30 mins. interval)",6:30 AM to 8:30 PM (30 mins interval),8:00 AM to 8:00 PM (1HR interval),5.0,Administrative data
Timog Ave. - Sct. Tuason St.,,Laging Handa,4.0,Bus stops,,,"Data_QC Caring Cities Tracker, QC Administrative Data - Bus stops",14.63511,121.03381,,,"6:30 AM - 9:00 AM (15 mins. interval)
9:00 AM - 4:00 PM (30 mins. interval)
4:00 PM - 8:00 PM (15 mins. interval)
",7:00 AM to 7:00 PM (1HR interval),8:00 AM to 8:00 PM (1HR interval),6.0,Administrative data
Tomas Morato Ave. - Sct. Limbaga St.,,Laging Handa,4.0,Bus stops,,,"Data_QC Caring Cities Tracker, QC Administrative Data - Bus stops",14.63347,121.03498,,,"6:30 AM - 9:00 AM (15 mins. interval)
9:00 AM - 4:00 PM (30 mins. interval)
4:00 PM - 8:00 PM (15 mins. interval)
",7:00 AM to 7:00 PM (1HR interval),8:00 AM to 8:00 PM (1HR interval),6.0,Administrative data
Tomas Morato Ave. - Sct. Lozano St.,,Laging Handa,4.0,Bus stops,,,"Data_QC Caring Cities Tracker, QC Administrative Data - Bus stops",14.6294,121.03403,,,"6:30 AM - 9:00 AM (15 mins. interval)
9:00 AM - 4:00 PM (30 mins. interval)
4:00 PM - 8:00 PM (15 mins. interval)
",7:00 AM to 7:00 PM (1HR interval),8:00 AM to 8:00 PM (1HR interval),6.0,Administrative data
Visayas Ave. - Central Ave,,Vasra,1.0,Bus stops,,,"Data_QC Caring Cities Tracker, QC Administrative Data - Bus stops",14.66208,121.04409,,,"6:00 AM - 9:00 AM (10 mins. interval)
9:00 AM - 4:30 PM (30 mins. interval)
4:30 PM - 8:00 PM (10 mins. interval)
8:00 PM - 9:00 PM (30 mins. interval)",6:30 AM to 8:30 PM (30 mins interval),8:00 AM to 8:00 PM (1HR interval),5.0,Administrative data
Visayas Ave. - Vargas St.,,Culiat,6.0,Bus stops,,,"Data_QC Caring Cities Tracker, QC Administrative Data - Bus stops",14.66706,121.04334,,,"6:00 AM - 9:00 AM (10 mins. interval)
9:00 AM - 4:30 PM (30 mins. interval)
4:30 PM - 8:00 PM (10 mins. interval)
8:00 PM - 9:00 PM (30 mins. interval)",6:30 AM to 8:30 PM (30 mins interval),8:00 AM to 8:00 PM (1HR interval),5.0,Administrative data
Welcome Rotonda Cor. E. Rodriguez Sr. Ave,,Doña Josefa,4.0,Bus stops,,,"Data_QC Caring Cities Tracker, QC Administrative Data - Bus stops",14.6180415,121.0024358,,,"6:40 AM - 9:00 AM (20 mins. interval)
9:00 AM - 5:00 PM (30 mins. interval)
5:00 PM - 7:00 PM (20 mins. interval)
",7:00 AM to 7:00 PM (1HR interval),8:00 AM to 8:00 PM (1HR interval),3.0,Administrative data
135-99 (Alma Nova),135-99 Sauyo Rd.,Sauyo,6.0,Childcare,Public,Child development center and supervised neighborhood play,"Data_QC Caring Cities Tracker, QC Administrative Data - Child",14.688214,121.031336,,,,,,,Administrative data
"Abiertas Radiance School, Inc.","21 Boni, Col. Bonny Serrano Ave, Bagong Lipunan Ng Crame, Quezon City",Santol,4.0,Schools,Private,Preschool,"Data_QC Caring Cities Tracker, QC Administrative Data - Private schools",14.6092572,121.0442504,,,,,,,Administrative data
"Abiertas Radiance School, Inc.","21 Boni, Col. Bonny Serrano Ave, Bagong Lipunan Ng Crame, Quezon City",Santol,4.0,Schools,Private,Elementary school,"Data_QC Caring Cities Tracker, QC Administrative Data - Private schools",14.6092572,121.0442504,,,,,,,Administrative data
"Abiertas Radiance School, Inc.","21 Boni, Col. Bonny Serrano Ave, Bagong Lipunan Ng Crame, Quezon City",Santol,4.0,Schools,Private,Junior high school,"Data_QC Caring Cities Tracker, QC Administrative Data - Private schools",14.6092572,121.0442504,,,,,,,Administrative data
Access Kaunlaran Computer and Technical Colleges Inc.,"22 Manga Road, cor Aurora Blvd, Kaunlaran, Quezon City",Mangga,3.0,Schools,Private,Senior high school,"Data_QC Caring Cities Tracker, QC Administrative Data - Private schools",14.6181658,121.042475,,,,,,,Administrative data
"AISAT COLLEGE - QUEZON CITY, INC.","Neopolitan Business Park, Aisat Bldg, Regalado Hwy, Novaliches, Quezon City, Metro Manila",Greater Lagro,5.0,Schools,Private,Senior high school,"Data_QC Caring Cities Tracker, QC Administrative Data - Private schools",14.7315812,121.0603413,,,,,,,Administrative data
Alicia,#2 Batangas St. Bago Bantay Quezon City,Alicia,1.0,Childcare,Public,Child development center and supervised neighborhood play,"Data_QC Caring Cities Tracker, QC Administrative Data - Child",14.660125,121.0257828,,,,,,,Administrative data
Amihan,"Bgy. Hall, Palosapis St., Brgy. Amihan Quezon City",Amihan,3.0,Childcare,Public,Child development center and supervised neighborhood play,"Data_QC Caring Cities Tracker, QC Administrative Data - Child",14.6338292,121.0665798,,,,,,,Administrative data
Another Home To Grow Lrng. Ctr.,"24 Adrian St., North Fairview Park, Q.C.",Fairview,5.0,Schools,Private,Preschool,"Data_QC Caring Cities Tracker, QC Administrative Data - Private schools",14.707371,121.064859,,,,,,,Administrative data
Bago Bantay Health Center,"84 Sto. Niño St., Brgy. Alicia",Alicia,1.0,Health centers,,Health center,"Data_QC Caring Cities Tracker, QC Administrative Data - Health",14.6600295,121.0257973,,,,,,,Administrative data
Balara Academy,"Balara Academy, 179 Road 2 Villa Balara, Old Balara, Quezon City",Commonwealth,2.0,Schools,Private,Elementary school,"Data_QC Caring Cities Tracker, QC Administrative Data - Private schools",14.6654792,121.0743536,,,,,,,Administrative data
Balara Academy,"Balara Academy, 179 Road 2 Villa Balara, Old Balara, Quezon City",Commonwealth,2.0,Schools,Private,Preschool,"Data_QC Caring Cities Tracker, QC Administrative Data - Private schools",14.6654792,121.0743536,,,,,,,Administrative data
Balon Bato,11 E Maximina Drive beside Brgy. Hall,Balong-Bato,6.0,Childcare,Public,Child development center and supervised neighborhood play,"Data_QC Caring Cities Tracker, QC Administrative Data - Child",14.6650893,121.0037895,,,,,,,Administrative data
Baluyot,"Del Rosario HOA Property, Baluyot 1, Brgy. Sauyo, Quezon City",Sauyo,6.0,Childcare,Public,Child development center and supervised neighborhood play,"Data_QC Caring Cities Tracker, QC Administrative Data - Child",14.7029305,121.0522162,,,,,,,Administrative data
"Bethel Christian School of Fairview, Inc.","#366 Chestnut St. Republic Avenue, West Fairview, Quezon City, Philippines, 1118",Fairview,5.0,Schools,Private,Senior high school,"Data_QC Caring Cities Tracker, QC Administrative Data - Private schools",14.6933666,121.0603167,,,,,,,Administrative data
"Bethel Christian School of Fairview, Inc.","#366 Chestnut St. Republic Avenue, West Fairview, Quezon City, Philippines, 1118",Fairview,5.0,Schools,Private,Junior high school,"Data_QC Caring Cities Tracker, QC Administrative Data - Private schools",14.6933666,121.0603167,,,,,,,Administrative data
"Bethel Christian School of Fairview, Inc.","#366 Chestnut St. Republic Avenue, West Fairview, Quezon City, Philippines, 1118",Fairview,5.0,Schools,Private,Elementary school,"Data_QC Caring Cities Tracker, QC Administrative Data - Private schools",14.6933666,121.0603167,,,,,,,Administrative data
"Bethel Christian School of Fairview, Inc.","#366 Chestnut St. Republic Avenue, West Fairview, Quezon City, Philippines, 1118",Fairview,5.0,Schools,Private,Preschool,"Data_QC Caring Cities Tracker, QC Administrative Data - Private schools",14.6933666,121.0603167,,,,,,,Administrative data
"Breakthrough Christian Academy, Inc.","#9006 Eagle St., Sitio Veterans, Bagong Silangan, QC",Bagong Silangan,2.0,Schools,Private,Preschool,"Data_QC Caring Cities Tracker, QC Administrative Data - Private schools",14.7092136,121.1057346,,,,,,,Administrative data
"Breakthrough Christian Academy, Inc.","#9006 Eagle St., Sitio Veterans, Bagong Silangan, QC",Bagong Silangan,2.0,Schools,Private,Elementary school,"Data_QC Caring Cities Tracker, QC Administrative Data - Private schools",14.7092136,121.1057346,,,,,,,Administrative data
"Bright Tree Kindercare,Inc.","125 Road 1,Bagong Pa g-asa QC",Bagong Pag-Asa,1.0,Schools,Private,Preschool,"Data_QC Caring Cities Tracker, QC Administrative Data - Private schools",14.6619789,121.035047,,,,,,,Administrative data
"Brilliant Juniors Academy, Inc","#Lot 8, P. Tuazon Blvd, Cor. C. Benitez St., San Martin Porres, QC",San Martin De Porres,4.0,Schools,Private,Preschool,"Data_QC Caring Cities Tracker, QC Administrative Data - Private schools",14.6149997,121.0472691,,,,,,,Administrative data
"Brilliant Juniors Academy, Inc","#Lot 8, P. Tuazon Blvd, Cor. C. Benitez St., San Martin Porres, QC",San Martin De Porres,4.0,Schools,Private,Elementary school,"Data_QC Caring Cities Tracker, QC Administrative Data - Private schools",14.6149997,121.0472691,,,,,,,Administrative data
"Britesparks International School, Inc.","15 Metropoli Drive, Bagumbayan, Libis, Quezon City",Bagumbayan,3.0,Schools,Private,Junior high school,"Data_QC Caring Cities Tracker, QC Administrative Data - Private schools",14.6019501,121.0818692,,,,,,,Administrative data
"Britesparks International School, Inc.","15 Metropoli Drive, Bagumbayan, Libis, Quezon City",Bagumbayan,3.0,Schools,Private,Senior high school,"Data_QC Caring Cities Tracker, QC Administrative Data - Private schools",14.6019501,121.0818692,,,,,,,Administrative data
"Britesparks International School, Inc.","15 Metropoli Drive, Bagumbayan, Libis, Quezon City",Bagumbayan,3.0,Schools,Private,Elementary school,"Data_QC Caring Cities Tracker, QC Administrative Data - Private schools",14.6019501,121.0818692,,,,,,,Administrative data
"Britesparks International School, Inc.","15 Metropoli Drive, Bagumbayan, Libis, Quezon City",Bagumbayan,3.0,Schools,Private,Preschool,"Data_QC Caring Cities Tracker, QC Administrative Data - Private schools",14.6019501,121.0818692,,,,,,,Administrative data
CANO,Cano concerned HOA Barangay Talipapa Quezon City,Talipapa,6.0,Childcare,Public,Child development center and supervised neighborhood play,"Data_QC Caring Cities Tracker, QC Administrative Data - Child",14.6903236,121.0302153,,,,,,,Administrative data
Catholic Filipino Academy (CFA) Inc.,"81 Pantabangan Street NIA Village Brgy. Sauyo, Quezon City",Sauyo,6.0,Schools,Private,Elementary school,"Data_QC Caring Cities Tracker, QC Administrative Data - Private schools",14.6867492,121.0465087,,,,,,,Administrative data
Catholic Filipino Academy (CFA) Inc.,"81 Pantabangan Street NIA Village Brgy. Sauyo, Quezon City",Sauyo,6.0,Schools,Private,Preschool,"Data_QC Caring Cities Tracker, QC Administrative Data - Private schools",14.6867492,121.0465087,,,,,,,Administrative data
Catholic Filipino Academy (CFA) Inc.,"81 Pantabangan Street NIA Village Brgy. Sauyo, Quezon City",Sauyo,6.0,Schools,Private,Junior high school,"Data_QC Caring Cities Tracker, QC Administrative Data - Private schools",14.6867492,121.0465087,,,,,,,Administrative data
"Center for Developmental Intervention Found., Inc.","Philippine Childrens Medical Ctr., Brgy. Pag-asa, QC",Bagong Pag-Asa,1.0,Schools,Private,Special Education Program,"Data_QC Caring Cities Tracker, QC Administrative Data - Private schools",14.647576,121.040966,,,,,,,Administrative data
Champaca,"Barangay Hall Building, Sampaguita St., Area 5",Capri,5.0,Childcare,Public,Child development center and supervised neighborhood play,"Data_QC Caring Cities Tracker, QC Administrative Data - Child",14.7172875,121.0286719,,,,,,,Administrative data
Colegio de Sta. Teresa de Avila Foundation Inc.,"6 Kingfisher cor. Skylart Sts., Zabarte Subd., Novaliches, Quezon City",Novaliches Proper,5.0,Schools,Private,Preschool,"Data_QC Caring Cities Tracker, QC Administrative Data - Private schools",14.7338288,121.0511969,,,,,,,Administrative data
Colegio de Sta. Teresa de Avila Foundation Inc.,"6 Kingfisher cor. Skylart Sts., Zabarte Subd., Novaliches, Quezon City",Novaliches Proper,5.0,Schools,Private,Junior high school,"Data_QC Caring Cities Tracker, QC Administrative Data - Private schools",14.7338288,121.0511969,,,,,,,Administrative data
Colegio de Sta. Teresa de Avila Foundation Inc.,"6 Kingfisher cor. Skylart Sts., Zabarte Subd., Novaliches, Quezon City",Novaliches Proper,5.0,Schools,Private,Elementary school,"Data_QC Caring Cities Tracker, QC Administrative Data - Private schools",14.7338288,121.0511969,,,,,,,Administrative data
Colegio de Sta. Teresa de Avila Foundation Inc.,"6 Kingfisher cor. Skylart Sts., Zabarte Subd., Novaliches, Quezon City",Novaliches Proper,5.0,Schools,Private,Senior high school,"Data_QC Caring Cities Tracker, QC Administrative Data - Private schools",14.7338288,121.0511969,,,,,,,Administrative data
"Covenant of Grace School ( Formerly Fairview Learning Center for Development, Inc)","6 Pearl St., Fairview Park Subd., QC",Fairview,5.0,Schools,Private,Preschool,"Data_QC Caring Cities Tracker, QC Administrative Data - Private schools",14.7066337,121.0738686,,,,,,,Administrative data
"Covenant of Grace School ( Formerly Fairview Learning Center for Development, Inc)","6 Pearl St., Fairview Park Subd., QC",Fairview,5.0,Schools,Private,Elementary school,"Data_QC Caring Cities Tracker, QC Administrative Data - Private schools",14.7066337,121.0738686,,,,,,,Administrative data
"Covenant of Grace School ( Formerly Fairview Learning Center for Development, Inc)","6 Pearl St., Fairview Park Subd., QC",Fairview,5.0,Schools,Private,Senior high school,"Data_QC Caring Cities Tracker, QC Administrative Data - Private schools",14.7066337,121.0738686,,,,,,,Administrative data
"Covenant of Grace School ( Formerly Fairview Learning Center for Development, Inc)","6 Pearl St., Fairview Park Subd., QC",Fairview,5.0,Schools,Private,Junior high school,"Data_QC Caring Cities Tracker, QC Administrative Data - Private schools",14.7066337,121.0738686,,,,,,,Administrative data
Daan Tubo Day Care Center,"Area II, across Dela Estrada Church, Brgy. Loyola Heights",Loyola Heights,3.0,Childcare,Public,Child development center and supervised neighborhood play,"Data_QC Caring Cities Tracker, QC Administrative Data - Child",14.6465609,121.0721071,,,,,,,Administrative data
Damayang Lagi,"La Felonia corner E. Rodriguez Street, Quezon City, Metro Manila, 21 La Felonila, Mariana, Quezon City, 1112 Metro Manila",Damayang Lagi,4.0,Childcare,Public,Child development center and supervised neighborhood play,"Data_QC Caring Cities Tracker, QC Administrative Data - Child",14.6192319,121.020685,,,,,,,Administrative data
Del Nacia,"Del Nacia Ville 3, Brgy. Talipapa",Talipapa,6.0,Childcare,Public,Child development center and supervised neighborhood play,"Data_QC Caring Cities Tracker, QC Administrative Data - Child",,,,,,,,,Administrative data
"Divine Grace Christian Academy of QC, Inc.","21 Everlasting St., Payatas A., QC.",Payatas,2.0,Schools,Private,Preschool,"Data_QC Caring Cities Tracker, QC Administrative Data - Private schools",14.700167,121.092087,,,,,,,Administrative data
"Divine Grace Christian Academy of QC, Inc.","21 Everlasting St., Payatas A., QC.",Payatas,2.0,Schools,Private,Elementary school,"Data_QC Caring Cities Tracker, QC Administrative Data - Private schools",14.700167,121.092087,,,,,,,Administrative data
Divine Grace School,"Ilang-Ilang St., Maligaya Park Subd., Novaliches, Quezon City",Novaliches Proper,5.0,Schools,Private,Preschool,"Data_QC Caring Cities Tracker, QC Administrative Data - Private schools",14.702366,121.017805,,,,,,,Administrative data
Divine Grace School,"Ilang-Ilang St., Maligaya Park Subd., Novaliches, Quezon City",Novaliches Proper,5.0,Schools,Private,Junior high school,"Data_QC Caring Cities Tracker, QC Administrative Data - Private schools",14.702366,121.017805,,,,,,,Administrative data
Divine Grace School,"Ilang-Ilang St., Maligaya Park Subd., Novaliches, Quezon City",Novaliches Proper,5.0,Schools,Private,Elementary school,"Data_QC Caring Cities Tracker, QC Administrative Data - Private schools",14.702366,121.017805,,,,,,,Administrative data
Escopa 2,"Mapagmahal St., Barangay Hall, Brgy. Escopa 2",Escopa 2,3.0,Childcare,Public,Child development center and supervised neighborhood play,"Data_QC Caring Cities Tracker, QC Administrative Data - Child",14.62575,121.073992,,,,,,,Administrative data
Escopa 3B,"P. Burgos PUD Site Bliss, Brgy. Hall Compound, Project 4, Brgy. Escopa 3",Escopa 4,3.0,Childcare,Public,Child development center and supervised neighborhood play,"Data_QC Caring Cities Tracker, QC Administrative Data - Child",14.6277065,121.0723165,,,,,,,Administrative data
Escopa Health Center,"P. Burgos St., Brgy. Escopa 1",Escopa 1,3.0,Health centers,,Health center,"Data_QC Caring Cities Tracker, QC Administrative Data - Health",14.6246179,121.0729851,,,,,,,Administrative data
Escopa Sentrong Sigla Health Center,"P. Burgos St., Brgy. Escopa 1",Escopa 1,3.0,Health centers,,Health center pharmacy,"Data_QC Caring Cities Tracker, QC Administrative Data - Health",14.6246179,121.0729851,,,,,,,Administrative data
Fairview,"Ground floor Vargas Hall, Barangay Hall Complex, Dahlia St., Brgy. Fairview",Fairview,5.0,Childcare,Public,Child development center and supervised neighborhood play,"Data_QC Caring Cities Tracker, QC Administrative Data - Child",14.6998397,121.0638646,,,,,,,Administrative data
Fairview,"Ground floor Vargas Hall, Barangay Hall Complex, Dahlia St., Brgy. Fairview",Fairview,5.0,Health centers,,Health center,"Data_QC Caring Cities Tracker, QC Administrative Data - Health",14.6998397,121.0638646,,,,,,,Administrative data
Fremont Learning Center,"20 Matino St., Brgy. Pinyahan, Diliman, QC",Pinyahan,4.0,Schools,Private,Preschool,"Data_QC Caring Cities Tracker, QC Administrative Data - Private schools",14.6390916,121.0545768,,,,,,,Administrative data
Fremont Learning Center,"20 Matino St., Brgy. Pinyahan, Diliman, QC",Pinyahan,4.0,Schools,Private,Elementary school,"Data_QC Caring Cities Tracker, QC Administrative Data - Private schools",14.6390916,121.0545768,,,,,,,Administrative data
Gateways Institute of Science & Technology,"2/F Herminia Bldg., Brgy Greater Fairview, Commonwealth Ave, Quezon City",Fairview,5.0,Schools,Private,Senior high school,"Data_QC Caring Cities Tracker, QC Administrative Data - Private schools",14.7273148,121.0612096,,,,,,,Administrative data
Golden Rock Preparatory School,"Mango St., Brgy. Commonwealth, Quezon City",Commonwealth,2.0,Schools,Private,Preschool,"Data_QC Caring Cities Tracker, QC Administrative Data - Private schools",14.699504,121.084444,,,,,,,Administrative data
Golden Rock Preparatory School,"Mango St., Brgy. Commonwealth, Quezon City",Commonwealth,2.0,Schools,Private,Elementary school,"Data_QC Caring Cities Tracker, QC Administrative Data - Private schools",14.699504,121.084444,,,,,,,Administrative data
"Goodwill Academy, Inc.","Blk. 8 Lot 12, Goodwill Homes 1, SB Novaliches, Quezon City",Novaliches Proper,5.0,Schools,Private,Preschool,"Data_QC Caring Cities Tracker, QC Administrative Data - Private schools",14.7051555,121.0218677,,,,,,,Administrative data
"Goodwill Academy, Inc.","Blk. 8 Lot 12, Goodwill Homes 1, SB Novaliches, Quezon City",Novaliches Proper,5.0,Schools,Private,Junior high school,"Data_QC Caring Cities Tracker, QC Administrative Data - Private schools",14.7051555,121.0218677,,,,,,,Administrative data
"Goodwill Academy, Inc.","Blk. 8 Lot 12, Goodwill Homes 1, SB Novaliches, Quezon City",Novaliches Proper,5.0,Schools,Private,Elementary school,"Data_QC Caring Cities Tracker, QC Administrative Data - Private schools",14.7051555,121.0218677,,,,,,,Administrative data
"Greencrest Learning Ctr., Inc.","# 4 A-Garcia Ave., Doña Faustino Subd., San Bartolome, Nova., QC",San Bartolome,5.0,Schools,Private,Preschool,"Data_QC Caring Cities Tracker, QC Administrative Data - Private schools",14.7073538,121.024991,,,,,,,Administrative data
"Greencrest Learning Ctr., Inc.","# 4 A-Garcia Ave., Doña Faustino Subd., San Bartolome, Nova., QC",San Bartolome,5.0,Schools,Private,Elementary school,"Data_QC Caring Cities Tracker, QC Administrative Data - Private schools",14.7073538,121.024991,,,,,,,Administrative data
Holy Spirit School,"29 Ilang-ilang St., Brgy. Mariana, Cubao, Quezon City",Mariana,4.0,Schools,Private,Senior high school,"Data_QC Caring Cities Tracker, QC Administrative Data - Private schools",14.6227229,121.0401356,,,,,,,Administrative data
Holy Spirit School,"29 Ilang-ilang St., Brgy. Mariana, Cubao, Quezon City",Mariana,4.0,Schools,Private,Elementary school,"Data_QC Caring Cities Tracker, QC Administrative Data - Private schools",14.6227229,121.0401356,,,,,,,Administrative data
Holy Spirit School,"29 Ilang-ilang St., Brgy. Mariana, Cubao, Quezon City",Mariana,4.0,Schools,Private,Junior high school,"Data_QC Caring Cities Tracker, QC Administrative Data - Private schools",14.6227229,121.0401356,,,,,,,Administrative data
Holy Spirit School,"29 Ilang-ilang St., Brgy. Mariana, Cubao, Quezon City",Mariana,4.0,Schools,Private,Preschool,"Data_QC Caring Cities Tracker, QC Administrative Data - Private schools",14.6227229,121.0401356,,,,,,,Administrative data
Howmart,Alley 2 Howmart Road,Baesa,6.0,Childcare,Public,Child development center and supervised neighborhood play,"Data_QC Caring Cities Tracker, QC Administrative Data - Child",14.6653351,121.0087584,,,,,,,Administrative data
Ibayo,"Ibayo 2 68 Pascual Road, Brgy. Bagbag",Bagbag,5.0,Childcare,Public,Child development center and supervised neighborhood play,"Data_QC Caring Cities Tracker, QC Administrative Data - Child",14.6931786,121.0349729,,,,,,,Administrative data
"Ina ng Buhay Catholic School, Inc.","Jordan Heights Subd., Damong Maliit, Nova., QC",Novaliches Proper,5.0,Schools,Private,Senior high school,"Data_QC Caring Cities Tracker, QC Administrative Data - Private schools",14.7249227,121.024702,,,,,,,Administrative data
"Ina ng Buhay Catholic School, Inc.","Jordan Heights Subd., Damong Maliit, Nova., QC",Novaliches Proper,5.0,Schools,Private,Elementary school,"Data_QC Caring Cities Tracker, QC Administrative Data - Private schools",14.7249227,121.024702,,,,,,,Administrative data
"Ina ng Buhay Catholic School, Inc.","Jordan Heights Subd., Damong Maliit, Nova., QC",Novaliches Proper,5.0,Schools,Private,Junior high school,"Data_QC Caring Cities Tracker, QC Administrative Data - Private schools",14.7249227,121.024702,,,,,,,Administrative data
"Ina ng Buhay Catholic School, Inc.","Jordan Heights Subd., Damong Maliit, Nova., QC",Novaliches Proper,5.0,Schools,Private,Preschool,"Data_QC Caring Cities Tracker, QC Administrative Data - Private schools",14.7249227,121.024702,,,,,,,Administrative data
Integrated Center for the Young Inc.,"5A Mercury St., Brgy T-Sora, Quezon City",Tandang Sora,6.0,Schools,Private,Elementary school,"Data_QC Caring Cities Tracker, QC Administrative Data - Private schools",14.6723157,121.035351,,,,,,,Administrative data
Integrated Center for the Young Inc.,"5A Mercury St., Brgy T-Sora, Quezon City",Tandang Sora,6.0,Schools,Private,Special Education Program,"Data_QC Caring Cities Tracker, QC Administrative Data - Private schools",14.6723157,121.035351,,,,,,,Administrative data
Integrated Center for the Young Inc.,"5A Mercury St., Brgy T-Sora, Quezon City",Tandang Sora,6.0,Schools,Private,Preschool,"Data_QC Caring Cities Tracker, QC Administrative Data - Private schools",14.6723157,121.035351,,,,,,,Administrative data
JALS Preparatory School Inc.,"#22 St. Anthony St., Brgy. Holy Spirit, Quezon City",Holy Spirit,2.0,Schools,Private,Preschool,"Data_QC Caring Cities Tracker, QC Administrative Data - Private schools",14.6939835,121.0706324,,,,,,,Administrative data
JALS Preparatory School Inc.,"#22 St. Anthony St., Brgy. Holy Spirit, Quezon City",Holy Spirit,2.0,Schools,Private,Elementary school,"Data_QC Caring Cities Tracker, QC Administrative Data - Private schools",14.6939835,121.0706324,,,,,,,Administrative data
"JLM Creative Learner's Home, Inc","The Redwoods Condominium Sales Pavilion, Quirino Highway, Fairview, Quezon City",Fairview,5.0,Schools,Private,Elementary school,"Data_QC Caring Cities Tracker, QC Administrative Data - Private schools",14.7356248,121.0614457,,,,,,,Administrative data
"JLM Creative Learner's Home, Inc","The Redwoods Condominium Sales Pavilion, Quirino Highway, Fairview, Quezon City",Fairview,5.0,Schools,Private,Preschool,"Data_QC Caring Cities Tracker, QC Administrative Data - Private schools",14.7356248,121.0614457,,,,,,,Administrative data
Joan of Arc,"2nd Floor HOA Bldg., Victoria St. Joan of Arc, Brgy. Gulod",Gulod,5.0,Childcare,Public,Child development center and supervised neighborhood play,"Data_QC Caring Cities Tracker, QC Administrative Data - Child",14.7143545,121.0449852,,,,,,,Administrative data
"John Mark Christian School of Novaliches, Inc.","#29 Petronia St., Buenamar Subd., Brgy San Bartolome, QC",San Bartolome,5.0,Schools,Private,Elementary school,"Data_QC Caring Cities Tracker, QC Administrative Data - Private schools",14.638234,120.993449,,,,,,,Administrative data
"John Mark Christian School of Novaliches, Inc.","#29 Petronia St., Buenamar Subd., Brgy San Bartolome, QC",San Bartolome,5.0,Schools,Private,Junior high school,"Data_QC Caring Cities Tracker, QC Administrative Data - Private schools",14.638234,120.993449,,,,,,,Administrative data
"John Mark Christian School of Novaliches, Inc.","#29 Petronia St., Buenamar Subd., Brgy San Bartolome, QC",San Bartolome,5.0,Schools,Private,Senior high school,"Data_QC Caring Cities Tracker, QC Administrative Data - Private schools",14.638234,120.993449,,,,,,,Administrative data
"John Mark Christian School of Novaliches, Inc.","#29 Petronia St., Buenamar Subd., Brgy San Bartolome, QC",San Bartolome,5.0,Schools,Private,Preschool,"Data_QC Caring Cities Tracker, QC Administrative Data - Private schools",14.638234,120.993449,,,,,,,Administrative data
"Jordan Woods Academy, Inc.","Block 7 Lot 34 Don Mariano Marcos Avenue, Jordan Plains, Nova. QC",Novaliches Proper,5.0,Schools,Private,Preschool,"Data_QC Caring Cities Tracker, QC Administrative Data - Private schools",14.7240538,121.0495323,,,,,,,Administrative data
"Jordan Woods Academy, Inc.","Block 7 Lot 34 Don Mariano Marcos Avenue, Jordan Plains, Nova. QC",Novaliches Proper,5.0,Schools,Private,Junior high school,"Data_QC Caring Cities Tracker, QC Administrative Data - Private schools",14.7240538,121.0495323,,,,,,,Administrative data
"Jordan Woods Academy, Inc.","Block 7 Lot 34 Don Mariano Marcos Avenue, Jordan Plains, Nova. QC",Novaliches Proper,5.0,Schools,Private,Elementary school,"Data_QC Caring Cities Tracker, QC Administrative Data - Private schools",14.7240538,121.0495323,,,,,,,Administrative data
"Jordan Woods Academy, Inc.","Block 7 Lot 34 Don Mariano Marcos Avenue, Jordan Plains, Nova. QC",Novaliches Proper,5.0,Schools,Private,Senior high school,"Data_QC Caring Cities Tracker, QC Administrative Data - Private schools",14.7240538,121.0495323,,,,,,,Administrative data
Kaligtasan,"120 Don Vicente Kaligtasan St., Brgy. Holy Spirit",Holy Spirit,2.0,Childcare,Public,Child development center and supervised neighborhood play,"Data_QC Caring Cities Tracker, QC Administrative Data - Child",14.6773517,121.0754373,,,,,,,Administrative data
Kampilan I,"Hona St., San Roque",Bagong Pag-Asa,1.0,Childcare,Public,Child development center and supervised neighborhood play,"Data_QC Caring Cities Tracker, QC Administrative Data - Child",14.651039,121.0365899,,,,,,,Administrative data
Kristong Hari,"Broadway, Brgy. Kristong Hari",Kristong Hari,4.0,Childcare,Public,Child development center and supervised neighborhood play,"Data_QC Caring Cities Tracker, QC Administrative Data - Child",14.626251,121.033271,,,,,,,Administrative data
"Learning Institute of St. Augustine, Inc","Mahogany St., Brgy. Payatas B, Q.C.",Payatas,2.0,Schools,Private,Senior high school,"Data_QC Caring Cities Tracker, QC Administrative Data - Private schools",14.6290284,121.0420713,,,,,,,Administrative data
"Learning Institute of St. Augustine, Inc","Mahogany St., Brgy. Payatas B, Q.C.",Payatas,2.0,Schools,Private,Elementary school,"Data_QC Caring Cities Tracker, QC Administrative Data - Private schools",14.6290284,121.0420713,,,,,,,Administrative data
"Learning Institute of St. Augustine, Inc","Mahogany St., Brgy. Payatas B, Q.C.",Payatas,2.0,Schools,Private,Junior high school,"Data_QC Caring Cities Tracker, QC Administrative Data - Private schools",14.6290284,121.0420713,,,,,,,Administrative data
"Learning Institute of St. Augustine, Inc","Mahogany St., Brgy. Payatas B, Q.C.",Payatas,2.0,Schools,Private,Preschool,"Data_QC Caring Cities Tracker, QC Administrative Data - Private schools",14.6290284,121.0420713,,,,,,,Administrative data
Libis Health Center,"E. Rodriguez Jr. Avenue cor. L. Pasco St., Brgy Libis",Libis,3.0,Childcare,Public,Child development center and supervised neighborhood play,"Data_QC Caring Cities Tracker, QC Administrative Data - Child",14.6150525,121.0750098,,,,,,,Administrative data
Libis Health Center,"E. Rodriguez Jr. Avenue cor. L. Pasco St., Brgy Libis",Libis,3.0,Health centers,,Health center,"Data_QC Caring Cities Tracker, QC Administrative Data - Health",14.6150525,121.0750098,,,,,,,Administrative data
"Little Stephanie Learning School, Inc","111 Pablo Dela Cruz st. corner Madre Cacao st., Quezon City",San Bartolome,5.0,Schools,Private,Elementary school,"Data_QC Caring Cities Tracker, QC Administrative Data - Private schools",14.7120408,121.0273607,,,,,,,Administrative data
"Little Stephanie Learning School, Inc","111 Pablo Dela Cruz st. corner Madre Cacao st., Quezon City",San Bartolome,5.0,Schools,Private,Preschool,"Data_QC Caring Cities Tracker, QC Administrative Data - Private schools",14.7120408,121.0273607,,,,,,,Administrative data
Lower Everlasting,"Lower Everlasting (Sto. Niño Gala), Brgy. Payatas",Payatas,2.0,Childcare,Public,Child development center and supervised neighborhood play,"Data_QC Caring Cities Tracker, QC Administrative Data - Child",14.7025641,121.0907268,,,,,,,Administrative data
Lower Nawasa,"Purok 6, Unit 7 Lower NAWASA, Brgy. Commonwealth",Commonwealth,2.0,Childcare,Public,Child development center and supervised neighborhood play,"Data_QC Caring Cities Tracker, QC Administrative Data - Child",14.69853,121.07255,,,,,,,Administrative data
Manila Center Adventist Elementary School,"D. Tuazon St., Brgy. Lourdes, Q.C.",Lourdes,1.0,Schools,Private,Elementary school,"Data_QC Caring Cities Tracker, QC Administrative Data - Private schools",14.6289278,121.0000897,,,,,,,Administrative data
Manila Center Adventist Elementary School,"D. Tuazon St., Brgy. Lourdes, Q.C.",Lourdes,1.0,Schools,Private,Preschool,"Data_QC Caring Cities Tracker, QC Administrative Data - Private schools",14.6289278,121.0000897,,,,,,,Administrative data
Manunggal I,Manunggal St. Brgy. Tatalon,Tatalon,4.0,Childcare,Public,Child development center and supervised neighborhood play,"Data_QC Caring Cities Tracker, QC Administrative Data - Child",14.6224105,121.0139074,,,,,,,Administrative data
"Mary & Child Academy of Sauyo, Inc.","#10 Old Cabuyao, Brgy Sauyo, QC.",Sauyo,6.0,Schools,Private,Preschool,"Data_QC Caring Cities Tracker, QC Administrative Data - Private schools",14.6930776,121.0566664,,,,,,,Administrative data
"Mary & Child Academy of Sauyo, Inc.","#10 Old Cabuyao, Brgy Sauyo, QC.",Sauyo,6.0,Schools,Private,Junior high school,"Data_QC Caring Cities Tracker, QC Administrative Data - Private schools",14.6930776,121.0566664,,,,,,,Administrative data
"Mary & Child Academy of Sauyo, Inc.","#10 Old Cabuyao, Brgy Sauyo, QC.",Sauyo,6.0,Schools,Private,Elementary school,"Data_QC Caring Cities Tracker, QC Administrative Data - Private schools",14.6930776,121.0566664,,,,,,,Administrative data
MMTC,"Basilio St., cor Republic Ave., Brgy. Fairview",Fairview,5.0,Childcare,Public,Child development center and supervised neighborhood play,"Data_QC Caring Cities Tracker, QC Administrative Data - Child",14.6936043,121.0681558,,,,,,,Administrative data
Most Holy Rosary of Pompie Pre-School,"#90 9th St. NMRHS, Damayang Lagi, QC",Damayan,1.0,Schools,Private,Preschool,"Data_QC Caring Cities Tracker, QC Administrative Data - Private schools",14.61584,121.025864,,,,,,,Administrative data
Mutya,"Mutya St., Brgy. Payatas",Payatas,2.0,Childcare,Public,Child development center and supervised neighborhood play,"Data_QC Caring Cities Tracker, QC Administrative Data - Child",14.7019655,121.1000601,,,,,,,Administrative data
N.S. Montessori Ctr.,"Salazar St., B.F. Homes, Brgy. Holy Spirit, QC",Holy Spirit,2.0,Schools,Private,Elementary school,"Data_QC Caring Cities Tracker, QC Administrative Data - Private schools",14.663353,121.002517,,,,,,,Administrative data
N.S. Montessori Ctr.,"Salazar St., B.F. Homes, Brgy. Holy Spirit, QC",Holy Spirit,2.0,Schools,Private,Junior high school,"Data_QC Caring Cities Tracker, QC Administrative Data - Private schools",14.663353,121.002517,,,,,,,Administrative data
N.S. Montessori Ctr.,"Salazar St., B.F. Homes, Brgy. Holy Spirit, QC",Holy Spirit,2.0,Schools,Private,Preschool,"Data_QC Caring Cities Tracker, QC Administrative Data - Private schools",14.663353,121.002517,,,,,,,Administrative data
Narra,"Barangay Hall Building, Sampaguita St., Area 5",Capri,5.0,Childcare,Public,Child development center and supervised neighborhood play,"Data_QC Caring Cities Tracker, QC Administrative Data - Child",14.7172875,121.0286719,,,,,,,Administrative data
National College of Business and Arts (NCBA),"994 Aurora Boulevard, Cubao, Brgy. Marilag, QC",Marilag,3.0,Schools,Private,Senior high school,"Data_QC Caring Cities Tracker, QC Administrative Data - Private schools",14.628481,121.067901,,,,,,,Administrative data
Nayong Kanluran,37 Sorsogon St.,Nayong Kanluran,1.0,Childcare,Public,Child development center and supervised neighborhood play,"Data_QC Caring Cities Tracker, QC Administrative Data - Child",14.6419009,121.0258767,,,,,,,Administrative data
"Nyongani School, Inc.","B12 Osmeña St., Intervill III, Nova., QC",Novaliches Proper,5.0,Schools,Private,Preschool,"Data_QC Caring Cities Tracker, QC Administrative Data - Private schools",14.7286422,121.0312157,,,,,,,Administrative data
"Nyongani School, Inc.","B12 Osmeña St., Intervill III, Nova., QC",Novaliches Proper,5.0,Schools,Private,Junior high school,"Data_QC Caring Cities Tracker, QC Administrative Data - Private schools",14.7286422,121.0312157,,,,,,,Administrative data
"Nyongani School, Inc.","B12 Osmeña St., Intervill III, Nova., QC",Novaliches Proper,5.0,Schools,Private,Elementary school,"Data_QC Caring Cities Tracker, QC Administrative Data - Private schools",14.7286422,121.0312157,,,,,,,Administrative data
Old Balara (Annex) Health Center,"99A Tandang Sora Ave, Brgy. Matandang Balara",Matandang Balara,3.0,Health centers,,Health center,"Data_QC Caring Cities Tracker, QC Administrative Data - Health",14.6630156,121.0746681,,,,,,,Administrative data
Old Cabuyao,15 Old Cabuyao,Sauyo,6.0,Childcare,Public,Child development center and supervised neighborhood play,"Data_QC Caring Cities Tracker, QC Administrative Data - Child",14.6929108,121.0588697,,,,,,,Administrative data
Old Capitol Site,Masaya St. Interior (near Bgy. Hall) Brgy. Old Capitol Site,Old Capitol Site,4.0,Childcare,Public,Child development center and supervised neighborhood play,"Data_QC Caring Cities Tracker, QC Administrative Data - Child",14.6520816,121.0550536,,,,,,,Administrative data
Olive Grove School,"52 Sampaguita St. San Pedro 9 Subd., Brgy. Bagbag, QC",Bagbag,5.0,Schools,Private,Preschool,"Data_QC Caring Cities Tracker, QC Administrative Data - Private schools",14.70069,121.019402,,,,,,,Administrative data
Olive Grove School,"52 Sampaguita St. San Pedro 9 Subd., Brgy. Bagbag, QC",Bagbag,5.0,Schools,Private,Elementary school,"Data_QC Caring Cities Tracker, QC Administrative Data - Private schools",14.70069,121.019402,,,,,,,Administrative data
Olive Grove School,"52 Sampaguita St. San Pedro 9 Subd., Brgy. Bagbag, QC",Bagbag,5.0,Schools,Private,Junior high school,"Data_QC Caring Cities Tracker, QC Administrative Data - Private schools",14.70069,121.019402,,,,,,,Administrative data
"Oriole Learning School, Inc.","Area 2. Oriole St. Sitio Veterans, Bagong Silangan, Quezon City, Quezon City, Philippines",Silangan,3.0,Schools,Private,Preschool,"Data_QC Caring Cities Tracker, QC Administrative Data - Private schools",14.7391774,121.0527774,,,,,,,Administrative data
"Oriole Learning School, Inc.","Area 2. Oriole St. Sitio Veterans, Bagong Silangan, Quezon City, Quezon City, Philippines",Silangan,3.0,Schools,Private,Junior high school,"Data_QC Caring Cities Tracker, QC Administrative Data - Private schools",14.7391774,121.0527774,,,,,,,Administrative data
"Oriole Learning School, Inc.","Area 2. Oriole St. Sitio Veterans, Bagong Silangan, Quezon City, Quezon City, Philippines",Silangan,3.0,Schools,Private,Elementary school,"Data_QC Caring Cities Tracker, QC Administrative Data - Private schools",14.7391774,121.0527774,,,,,,,Administrative data
"Our Lady of Grace Mediatrix School of QC., Inc.","85 Group 5 Legaspi St., Phase 1 Lupang Pangako Payatas B, Quezon City, Philippines, 1119",Payatas,2.0,Schools,Private,Elementary school,"Data_QC Caring Cities Tracker, QC Administrative Data - Private schools",14.7205161,121.1056007,,,,,,,Administrative data
"Our Lady of Grace Mediatrix School of QC., Inc.","85 Group 5 Legaspi St., Phase 1 Lupang Pangako Payatas B, Quezon City, Philippines, 1119",Payatas,2.0,Schools,Private,Preschool,"Data_QC Caring Cities Tracker, QC Administrative Data - Private schools",14.7205161,121.1056007,,,,,,,Administrative data
"Our Lady of Grace Mediatrix School of QC., Inc.","85 Group 5 Legaspi St., Phase 1 Lupang Pangako Payatas B, Quezon City, Philippines, 1119",Payatas,2.0,Schools,Private,Junior high school,"Data_QC Caring Cities Tracker, QC Administrative Data - Private schools",14.7205161,121.1056007,,,,,,,Administrative data
"Our Lady of Grace Mediatrix School of QC., Inc.","85 Group 5 Legaspi St., Phase 1 Lupang Pangako Payatas B, Quezon City, Philippines, 1119",Payatas,2.0,Schools,Private,Senior high school,"Data_QC Caring Cities Tracker, QC Administrative Data - Private schools",14.7205161,121.1056007,,,,,,,Administrative data
Our Lady of Lourdes Kindergarten School,"D. Tuazon St., Brgy. Lourdes, Quezon City",Lourdes,1.0,Schools,Private,Preschool,"Data_QC Caring Cities Tracker, QC Administrative Data - Private schools",14.626523,121.000839,,,,,,,Administrative data
Our Lady of Mercy School of Q.C.,"Comm. Ave., Cor. J.P Rizal, Brgy Batasan Hills, QC",Batasan Hills,2.0,Schools,Private,Senior high school,"Data_QC Caring Cities Tracker, QC Administrative Data - Private schools",14.68042,121.0849955,,,,,,,Administrative data
Our Lady of Mercy School of Q.C.,"Comm. Ave., Cor. J.P Rizal, Brgy Batasan Hills, QC",Batasan Hills,2.0,Schools,Private,Preschool,"Data_QC Caring Cities Tracker, QC Administrative Data - Private schools",14.68042,121.0849955,,,,,,,Administrative data
Our Lady of Mercy School of Q.C.,"Comm. Ave., Cor. J.P Rizal, Brgy Batasan Hills, QC",Batasan Hills,2.0,Schools,Private,Junior high school,"Data_QC Caring Cities Tracker, QC Administrative Data - Private schools",14.68042,121.0849955,,,,,,,Administrative data
Our Lady of Mercy School of Q.C.,"Comm. Ave., Cor. J.P Rizal, Brgy Batasan Hills, QC",Batasan Hills,2.0,Schools,Private,Elementary school,"Data_QC Caring Cities Tracker, QC Administrative Data - Private schools",14.68042,121.0849955,,,,,,,Administrative data
Our Lord Savior Academy,"120 Muñoz St., Talanay B., Batasan Hills, QC",Batasan Hills,2.0,Schools,Private,Junior high school,"Data_QC Caring Cities Tracker, QC Administrative Data - Private schools",14.6804821,121.098337,,,,,,,Administrative data
Our Lord Savior Academy,"120 Muñoz St., Talanay B., Batasan Hills, QC",Batasan Hills,2.0,Schools,Private,Elementary school,"Data_QC Caring Cities Tracker, QC Administrative Data - Private schools",14.6804821,121.098337,,,,,,,Administrative data
Our Lord Savior Academy,"120 Muñoz St., Talanay B., Batasan Hills, QC",Batasan Hills,2.0,Schools,Private,Preschool,"Data_QC Caring Cities Tracker, QC Administrative Data - Private schools",14.6804821,121.098337,,,,,,,Administrative data
Pag-ibig sa Nayon,23 J. Pineda St.,Pag-Ibig Sa Nayon,1.0,Childcare,Public,Child development center and supervised neighborhood play,"Data_QC Caring Cities Tracker, QC Administrative Data - Child",14.6462673,120.9969295,,,,,,,Administrative data
Paltok,"Brgy. Hall, Mendoza cor. Basa",Paltok,1.0,Health centers,,Health center,"Data_QC Caring Cities Tracker, QC Administrative Data - Health",14.6432915,121.0222886,,,,,,,Administrative data
Paltok,"Brgy. Hall, Mendoza cor. Basa",Paltok,1.0,Childcare,Public,Child development center and supervised neighborhood play,"Data_QC Caring Cities Tracker, QC Administrative Data - Child",14.6432915,121.0222886,,,,,,,Administrative data
Pechayan,Zone 1 Brgy. Old Capitol Site,Old Capitol Site,4.0,Childcare,Public,Child development center and supervised neighborhood play,"Data_QC Caring Cities Tracker, QC Administrative Data - Child",14.6520816,121.0550536,,,,,,,Administrative data
Pechayan,"Block 31 Lot 23 Ilang-Ilang St. Pechayan Kanan, Maligaya Park, Brgy. Pasong Putik",Pasong Putik Proper,5.0,Childcare,Public,Child development center and supervised neighborhood play,"Data_QC Caring Cities Tracker, QC Administrative Data - Child",14.7412299,121.0642816,,,,,,,Administrative data
Plainville,"St. Joseph St., Plainville Subdivision",Sta. Lucia,5.0,Childcare,Public,Child development center and supervised neighborhood play,"Data_QC Caring Cities Tracker, QC Administrative Data - Child",14.7099103,121.0502648,,,,,,,Administrative data
Planas Site,Planas Site III St. Brgy. Kaunlaran,Kaunlaran,4.0,Childcare,Public,Child development center and supervised neighborhood play,"Data_QC Caring Cities Tracker, QC Administrative Data - Child",14.6143638,121.0513333,,,,,,,Administrative data
Pook Pag-asa,"B1 L21 Pook Pagasa St., Brgy. Batasan Hills",Batasan Hills,2.0,Childcare,Public,Child development center and supervised neighborhood play,"Data_QC Caring Cities Tracker, QC Administrative Data - Child",14.6939221,121.0990477,,,,,,,Administrative data
"Promise Land Christian School of Payatas, Inc","37 Luzon St., Lupang Pangako, Ph. 4, Area B, Payatas, Quezon City",Payatas,2.0,Schools,Private,Senior high school,"Data_QC Caring Cities Tracker, QC Administrative Data - Private schools",14.7116883,121.1119677,,,,,,,Administrative data
"Promise Land Christian School of Payatas, Inc","37 Luzon St., Lupang Pangako, Ph. 4, Area B, Payatas, Quezon City",Payatas,2.0,Schools,Private,Junior high school,"Data_QC Caring Cities Tracker, QC Administrative Data - Private schools",14.7116883,121.1119677,,,,,,,Administrative data
"Promise Land Christian School of Payatas, Inc","37 Luzon St., Lupang Pangako, Ph. 4, Area B, Payatas, Quezon City",Payatas,2.0,Schools,Private,Elementary school,"Data_QC Caring Cities Tracker, QC Administrative Data - Private schools",14.7116883,121.1119677,,,,,,,Administrative data
"Promise Land Christian School of Payatas, Inc","37 Luzon St., Lupang Pangako, Ph. 4, Area B, Payatas, Quezon City",Payatas,2.0,Schools,Private,Preschool,"Data_QC Caring Cities Tracker, QC Administrative Data - Private schools",14.7116883,121.1119677,,,,,,,Administrative data
Purok I,"251 Purok I, Luzon Avenue",Culiat,6.0,Childcare,Public,Child development center and supervised neighborhood play,"Data_QC Caring Cities Tracker, QC Administrative Data - Child",14.683636,121.0698455,,,,,,,Administrative data
Queensland II,"Ground Floor Vargas Building, Blk 5 Lot 14 Ruby St. Queensland 2 Village, Brgy Nagkaisang Nayon",Nagkaisang Nayon,5.0,Childcare,Public,Child development center and supervised neighborhood play,"Data_QC Caring Cities Tracker, QC Administrative Data - Child",14.7279385,121.0250864,,,,,,,Administrative data
"Quezon City Christ is Lord Academy (QCLA), Inc.","#52 Roxas St. Pael Compd., Brgy. Culiat, QC",Culiat,6.0,Schools,Private,Elementary school,"Data_QC Caring Cities Tracker, QC Administrative Data - Private schools",14.6605368,121.0472223,,,,,,,Administrative data
"Quezon City Christ is Lord Academy (QCLA), Inc.","#52 Roxas St. Pael Compd., Brgy. Culiat, QC",Culiat,6.0,Schools,Private,Senior high school,"Data_QC Caring Cities Tracker, QC Administrative Data - Private schools",14.6605368,121.0472223,,,,,,,Administrative data
"Quezon City Christ is Lord Academy (QCLA), Inc.","#52 Roxas St. Pael Compd., Brgy. Culiat, QC",Culiat,6.0,Schools,Private,Junior high school,"Data_QC Caring Cities Tracker, QC Administrative Data - Private schools",14.6605368,121.0472223,,,,,,,Administrative data
"Quezon City Christ is Lord Academy (QCLA), Inc.","#52 Roxas St. Pael Compd., Brgy. Culiat, QC",Culiat,6.0,Schools,Private,Preschool,"Data_QC Caring Cities Tracker, QC Administrative Data - Private schools",14.6605368,121.0472223,,,,,,,Administrative data
Quirino 2C,"179 Bignay St., Project 2, Brgy. Quirino 2C",Quirino 2-C,3.0,Childcare,Public,Child development center and supervised neighborhood play,"Data_QC Caring Cities Tracker, QC Administrative Data - Child",14.6361138,121.0637087,,,,,,,Administrative data
Ramon Magsaysay I,Ilocos Sur St.,Ramon Magsaysay,1.0,Childcare,Public,Child development center and supervised neighborhood play,"Data_QC Caring Cities Tracker, QC Administrative Data - Child",14.6592026,121.0218854,,,,,,,Administrative data
Ramon Magsaysay II,Ilocos Sur St.,Ramon Magsaysay,1.0,Childcare,Public,Child development center and supervised neighborhood play,"Data_QC Caring Cities Tracker, QC Administrative Data - Child",14.6592026,121.0218854,,,,,,,Administrative data
Richland Montessori School,"L5 B5, Richland Subd., Brgy. Bagbag, Nova., QC",Bagbag,5.0,Schools,Private,Elementary school,"Data_QC Caring Cities Tracker, QC Administrative Data - Private schools",14.69124,121.031513,,,,,,,Administrative data
Richland Montessori School,"L5 B5, Richland Subd., Brgy. Bagbag, Nova., QC",Bagbag,5.0,Schools,Private,Preschool,"Data_QC Caring Cities Tracker, QC Administrative Data - Private schools",14.69124,121.031513,,,,,,,Administrative data
Richland Montessori School,"L5 B5, Richland Subd., Brgy. Bagbag, Nova., QC",Bagbag,5.0,Schools,Private,Junior high school,"Data_QC Caring Cities Tracker, QC Administrative Data - Private schools",14.69124,121.031513,,,,,,,Administrative data
Saint John Masambong I,4 Capoas St.,Masambong,1.0,Childcare,Public,Child development center and supervised neighborhood play,"Data_QC Caring Cities Tracker, QC Administrative Data - Child",14.6413634,121.0109476,,,,,,,Administrative data
Saint John Masambong II,4 Capoas St.,Masambong,1.0,Childcare,Public,Child development center and supervised neighborhood play,"Data_QC Caring Cities Tracker, QC Administrative Data - Child",14.6413634,121.0109476,,,,,,,Administrative data
Saint Pedro Poveda College,"Edsa cor. P. Poveda St., Brgy Ugong Norte, QC",Ugong Norte,3.0,Schools,Private,Preschool,"Data_QC Caring Cities Tracker, QC Administrative Data - Private schools",14.5901039,121.058413,,,,,,,Administrative data
Saint Pedro Poveda College,"Edsa cor. P. Poveda St., Brgy Ugong Norte, QC",Ugong Norte,3.0,Schools,Private,Junior high school,"Data_QC Caring Cities Tracker, QC Administrative Data - Private schools",14.5901039,121.058413,,,,,,,Administrative data
Saint Pedro Poveda College,"Edsa cor. P. Poveda St., Brgy Ugong Norte, QC",Ugong Norte,3.0,Schools,Private,Elementary school,"Data_QC Caring Cities Tracker, QC Administrative Data - Private schools",14.5901039,121.058413,,,,,,,Administrative data
Saint Pedro Poveda College,"Edsa cor. P. Poveda St., Brgy Ugong Norte, QC",Ugong Norte,3.0,Schools,Private,Senior high school,"Data_QC Caring Cities Tracker, QC Administrative Data - Private schools",14.5901039,121.058413,,,,,,,Administrative data
San Antonio II,47 Guerrero St.,San Antonio,1.0,Childcare,Public,Child development center and supervised neighborhood play,"Data_QC Caring Cities Tracker, QC Administrative Data - Child",14.65206,121.0163211,,,,,,,Administrative data
San Antonio III,"Multipurpose Hall, Brgy. San Antonio",San Antonio,1.0,Childcare,Public,Child development center and supervised neighborhood play,"Data_QC Caring Cities Tracker, QC Administrative Data - Child",14.6545878,121.0187723,,,,,,,Administrative data
San Isidro Labrador,#91 Halcon St.,San Isidro Labrador,1.0,Childcare,Public,Child development center and supervised neighborhood play,"Data_QC Caring Cities Tracker, QC Administrative Data - Child",14.621967,120.9955469,,,,,,,Administrative data
San Martin de Porres Annex,Conrado Benitez St. Brgy. San Martin de Porres,San Martin De Porres,4.0,Childcare,Public,Child development center and supervised neighborhood play,"Data_QC Caring Cities Tracker, QC Administrative Data - Child",14.6172102,121.0491643,,,,,,,Administrative data
San Martin de Porres I,Conrado Benitez St. Brgy. San Martin de Porres,San Martin De Porres,4.0,Childcare,Public,Child development center and supervised neighborhood play,"Data_QC Caring Cities Tracker, QC Administrative Data - Child",14.6172102,121.0491643,,,,,,,Administrative data
"Santa Rafaela Maria School Q.C., Inc. (Frmrly Sacred Heart Kindergarten Sch.)","53 Salvador St., Brgy. Loyola Hts., QC",Loyola Heights,3.0,Schools,Private,Elementary school,"Data_QC Caring Cities Tracker, QC Administrative Data - Private schools",14.6392245,121.0723201,,,,,,,Administrative data
"Santa Rafaela Maria School Q.C., Inc. (Frmrly Sacred Heart Kindergarten Sch.)","53 Salvador St., Brgy. Loyola Hts., QC",Loyola Heights,3.0,Schools,Private,Preschool,"Data_QC Caring Cities Tracker, QC Administrative Data - Private schools",14.6392245,121.0723201,,,,,,,Administrative data
"Santa Rafaela Maria School Q.C., Inc. (Frmrly Sacred Heart Kindergarten Sch.)","53 Salvador St., Brgy. Loyola Hts., QC",Loyola Heights,3.0,Schools,Private,Junior high school,"Data_QC Caring Cities Tracker, QC Administrative Data - Private schools",14.6392245,121.0723201,,,,,,,Administrative data
"School of the Corpus Christi (Quezon City), Inc.","L5B2, Atis Cor. Avocado Rds., Phase 1-A, Palmera, Sta. Monica, Nova",Sta. Monica,5.0,Schools,Private,Junior high school,"Data_QC Caring Cities Tracker, QC Administrative Data - Private schools",14.6760413,121.0437003,,,,,,,Administrative data
"School of the Corpus Christi (Quezon City), Inc.","L5B2, Atis Cor. Avocado Rds., Phase 1-A, Palmera, Sta. Monica, Nova",Sta. Monica,5.0,Schools,Private,Preschool,"Data_QC Caring Cities Tracker, QC Administrative Data - Private schools",14.6760413,121.0437003,,,,,,,Administrative data
"School of the Corpus Christi (Quezon City), Inc.","L5B2, Atis Cor. Avocado Rds., Phase 1-A, Palmera, Sta. Monica, Nova",Sta. Monica,5.0,Schools,Private,Senior high school,"Data_QC Caring Cities Tracker, QC Administrative Data - Private schools",14.6760413,121.0437003,,,,,,,Administrative data
"School of the Corpus Christi (Quezon City), Inc.","L5B2, Atis Cor. Avocado Rds., Phase 1-A, Palmera, Sta. Monica, Nova",Sta. Monica,5.0,Schools,Private,Elementary school,"Data_QC Caring Cities Tracker, QC Administrative Data - Private schools",14.6760413,121.0437003,,,,,,,Administrative data
Sitio Cabuyao II,"Area 6, Sauyo Road",Sauyo,6.0,Childcare,Public,Child development center and supervised neighborhood play,"Data_QC Caring Cities Tracker, QC Administrative Data - Child",14.6919672,121.0426539,,,,,,,Administrative data
Sitio Maligaya II,14 Bayanihan Drive,Bahay Toro,1.0,Childcare,Public,Child development center and supervised neighborhood play,"Data_QC Caring Cities Tracker, QC Administrative Data - Child",14.6681732,121.0238885,,,,,,,Administrative data
Sitio San Roque,Sitio San Roque Compound,Sangandaan,6.0,Childcare,Public,Child development center and supervised neighborhood play,"Data_QC Caring Cities Tracker, QC Administrative Data - Child",14.6738672,121.0177415,,,,,,,Administrative data
Soliven,"Commonwealth Heights, Soliven St. corner President Quezon St., Brgy. Commonwealth",Commonwealth,2.0,Childcare,Public,Child development center and supervised neighborhood play,"Data_QC Caring Cities Tracker, QC Administrative Data - Child",14.7030615,121.0867891,,,,,,,Administrative data
"Southeast Asian College, Inc.","290 Espana Blvd. Welcome Rotonda, 2 E Rodriguez Sr. Ave, Quezon City, 1113 Metro Manila",Don Manuel,4.0,Schools,Private,Senior high school,"Data_QC Caring Cities Tracker, QC Administrative Data - Private schools",14.6174507,121.0017844,,,,,,,Administrative data
Springfield,"Springfield St., Brgy. Payatas",Payatas,2.0,Childcare,Public,Child development center and supervised neighborhood play,"Data_QC Caring Cities Tracker, QC Administrative Data - Child",14.698201,121.0949156,,,,,,,Administrative data
St. Anne De Beaupré School,"7 Faith St., Teresa Vill., Brgy. Toro, Q.C.",Bahay Toro,1.0,Schools,Private,Senior high school,"Data_QC Caring Cities Tracker, QC Administrative Data - Private schools",14.6822676,121.0875764,,,,,,,Administrative data
St. Anne De Beaupré School,"7 Faith St., Teresa Vill., Brgy. Toro, Q.C.",Bahay Toro,1.0,Schools,Private,Preschool,"Data_QC Caring Cities Tracker, QC Administrative Data - Private schools",14.6822676,121.0875764,,,,,,,Administrative data
St. Anne De Beaupré School,"7 Faith St., Teresa Vill., Brgy. Toro, Q.C.",Bahay Toro,1.0,Schools,Private,Junior high school,"Data_QC Caring Cities Tracker, QC Administrative Data - Private schools",14.6822676,121.0875764,,,,,,,Administrative data
St. Anne De Beaupré School,"7 Faith St., Teresa Vill., Brgy. Toro, Q.C.",Bahay Toro,1.0,Schools,Private,Elementary school,"Data_QC Caring Cities Tracker, QC Administrative Data - Private schools",14.6822676,121.0875764,,,,,,,Administrative data
St. Anne De Beaupré School,"7 Faith St., Teresa Vill., Brgy. Toro, Q.C.",Bahay Toro,1.0,Schools,Private,Special Education Program,"Data_QC Caring Cities Tracker, QC Administrative Data - Private schools",14.6822676,121.0875764,,,,,,,Administrative data
St. Catherine,"St. Catherine St., Brgy. Holy Spirit",Holy Spirit,2.0,Childcare,Public,Child development center and supervised neighborhood play,"Data_QC Caring Cities Tracker, QC Administrative Data - Child",14.688665,121.082128,,,,,,,Administrative data
St. Francis Xavier Catholic School (Novaliches) Inc.,"#160 Champaca St., Brgy. Pasong Putik, Nova., Qc",Pasong Putik Proper,5.0,Schools,Private,Junior high school,"Data_QC Caring Cities Tracker, QC Administrative Data - Private schools",14.7418433,121.0592777,,,,,,,Administrative data
St. Francis Xavier Catholic School (Novaliches) Inc.,"#160 Champaca St., Brgy. Pasong Putik, Nova., Qc",Pasong Putik Proper,5.0,Schools,Private,Senior high school,"Data_QC Caring Cities Tracker, QC Administrative Data - Private schools",14.7418433,121.0592777,,,,,,,Administrative data
St. Francis Xavier Catholic School (Novaliches) Inc.,"#160 Champaca St., Brgy. Pasong Putik, Nova., Qc",Pasong Putik Proper,5.0,Schools,Private,Elementary school,"Data_QC Caring Cities Tracker, QC Administrative Data - Private schools",14.7418433,121.0592777,,,,,,,Administrative data
St. Francis Xavier Catholic School (Novaliches) Inc.,"#160 Champaca St., Brgy. Pasong Putik, Nova., Qc",Pasong Putik Proper,5.0,Schools,Private,Preschool,"Data_QC Caring Cities Tracker, QC Administrative Data - Private schools",14.7418433,121.0592777,,,,,,,Administrative data
St. Ignatius School of Camp Aguinaldo,"Capinpin Rd., Brgy. Camp Gen. Emilio Aguinaldo, QC",Camp Aguinaldo,3.0,Schools,Private,Elementary school,"Data_QC Caring Cities Tracker, QC Administrative Data - Private schools",14.6116238,121.060635,,,,,,,Administrative data
St. Ignatius School of Camp Aguinaldo,"Capinpin Rd., Brgy. Camp Gen. Emilio Aguinaldo, QC",Camp Aguinaldo,3.0,Schools,Private,Senior high school,"Data_QC Caring Cities Tracker, QC Administrative Data - Private schools",14.6116238,121.060635,,,,,,,Administrative data
St. Ignatius School of Camp Aguinaldo,"Capinpin Rd., Brgy. Camp Gen. Emilio Aguinaldo, QC",Camp Aguinaldo,3.0,Schools,Private,Preschool,"Data_QC Caring Cities Tracker, QC Administrative Data - Private schools",14.6116238,121.060635,,,,,,,Administrative data
St. Ignatius School of Camp Aguinaldo,"Capinpin Rd., Brgy. Camp Gen. Emilio Aguinaldo, QC",Camp Aguinaldo,3.0,Schools,Private,Junior high school,"Data_QC Caring Cities Tracker, QC Administrative Data - Private schools",14.6116238,121.060635,,,,,,,Administrative data
St. Jude Academy of Q.C.,"28 Aurora St. Brgy. Pasong Tamo, QC",Pasong Tamo,6.0,Schools,Private,Senior high school,"Data_QC Caring Cities Tracker, QC Administrative Data - Private schools",14.6849492,121.0683457,,,,,,,Administrative data
St. Jude Academy of Q.C.,"28 Aurora St. Brgy. Pasong Tamo, QC",Pasong Tamo,6.0,Schools,Private,Junior high school,"Data_QC Caring Cities Tracker, QC Administrative Data - Private schools",14.6849492,121.0683457,,,,,,,Administrative data
St. Jude Academy of Q.C.,"28 Aurora St. Brgy. Pasong Tamo, QC",Pasong Tamo,6.0,Schools,Private,Preschool,"Data_QC Caring Cities Tracker, QC Administrative Data - Private schools",14.6849492,121.0683457,,,,,,,Administrative data
St. Jude Academy of Q.C.,"28 Aurora St. Brgy. Pasong Tamo, QC",Pasong Tamo,6.0,Schools,Private,Elementary school,"Data_QC Caring Cities Tracker, QC Administrative Data - Private schools",14.6849492,121.0683457,,,,,,,Administrative data
St. Theresa's School of Nova.,"7 Kingfisher Zabarte, Nova, QC",Novaliches Proper,5.0,Schools,Private,Preschool,"Data_QC Caring Cities Tracker, QC Administrative Data - Private schools",14.7338658,121.0501687,,,,,,,Administrative data
St. Theresa's School of Nova.,"7 Kingfisher Zabarte, Nova, QC",Novaliches Proper,5.0,Schools,Private,Junior high school,"Data_QC Caring Cities Tracker, QC Administrative Data - Private schools",14.7338658,121.0501687,,,,,,,Administrative data
St. Theresa's School of Nova.,"7 Kingfisher Zabarte, Nova, QC",Novaliches Proper,5.0,Schools,Private,Elementary school,"Data_QC Caring Cities Tracker, QC Administrative Data - Private schools",14.7338658,121.0501687,,,,,,,Administrative data
St. Theresa's School of Nova.,"7 Kingfisher Zabarte, Nova, QC",Novaliches Proper,5.0,Schools,Private,Senior high school,"Data_QC Caring Cities Tracker, QC Administrative Data - Private schools",14.7338658,121.0501687,,,,,,,Administrative data
St. Vincent de Paul Academy of Nova.,"Atrium St., Zabarte Subd., Pasong Putik, Nova., QC",Pasong Putik Proper,5.0,Schools,Private,Senior high school,"Data_QC Caring Cities Tracker, QC Administrative Data - Private schools",14.7391823,121.0536101,,,,,,,Administrative data
St. Vincent de Paul Academy of Nova.,"Atrium St., Zabarte Subd., Pasong Putik, Nova., QC",Pasong Putik Proper,5.0,Schools,Private,Preschool,"Data_QC Caring Cities Tracker, QC Administrative Data - Private schools",14.7391823,121.0536101,,,,,,,Administrative data
St. Vincent de Paul Academy of Nova.,"Atrium St., Zabarte Subd., Pasong Putik, Nova., QC",Pasong Putik Proper,5.0,Schools,Private,Junior high school,"Data_QC Caring Cities Tracker, QC Administrative Data - Private schools",14.7391823,121.0536101,,,,,,,Administrative data
St. Vincent de Paul Academy of Nova.,"Atrium St., Zabarte Subd., Pasong Putik, Nova., QC",Pasong Putik Proper,5.0,Schools,Private,Elementary school,"Data_QC Caring Cities Tracker, QC Administrative Data - Private schools",14.7391823,121.0536101,,,,,,,Administrative data
Sta. Teresita,Mayon cor. Dapitan St. Barangay Hall Compd.,Sta. Teresita,1.0,Childcare,Public,Child development center and supervised neighborhood play,"Data_QC Caring Cities Tracker, QC Administrative Data - Child",15.1501959,120.585681,,,,,,,Administrative data
STI College - Fairview,"70 Regalado Ave. North Fairview, Quezon City",Fairview,5.0,Schools,Private,Senior high school,"Data_QC Caring Cities Tracker, QC Administrative Data - Private schools",14.7160003,121.0614864,,,,,,,Administrative data
Tagumpay,"2B P. Tuazon Blvd., Brgy. Tagumpay",Tagumpay,3.0,Childcare,Public,Child development center and supervised neighborhood play,"Data_QC Caring Cities Tracker, QC Administrative Data - Child",14.6221348,121.0651293,,,,,,,Administrative data
Tawid Sapa I,"Blk. 10 Phase 1, Kalinga Tawid Sapa, Brgy. Kaligayahan",Kaligayahan,5.0,Childcare,Public,Child development center and supervised neighborhood play,"Data_QC Caring Cities Tracker, QC Administrative Data - Child",14.7345337,121.0388581,,,,,,,Administrative data
Tawid Sapa II,"Zone 1 cor. Sampalucan St., Tawid Sapa, Brgy. Kaligayahan",Kaligayahan,5.0,Childcare,Public,Child development center and supervised neighborhood play,"Data_QC Caring Cities Tracker, QC Administrative Data - Child",14.7354091,121.0399067,,,,,,,Administrative data
"The Abbas's Orchard School , Inc.","#214 Katipunan Ave., Blue Ridge, QC",Katipunan,1.0,Schools,Private,Elementary school,"Data_QC Caring Cities Tracker, QC Administrative Data - Private schools",14.6194327,121.0725249,,,,,,,Administrative data
"The Abbas's Orchard School , Inc.","#214 Katipunan Ave., Blue Ridge, QC",Katipunan,1.0,Schools,Private,Preschool,"Data_QC Caring Cities Tracker, QC Administrative Data - Private schools",14.6194327,121.0725249,,,,,,,Administrative data
"The Abbas's Orchard School , Inc.","#214 Katipunan Ave., Blue Ridge, QC",Katipunan,1.0,Schools,Private,Junior high school,"Data_QC Caring Cities Tracker, QC Administrative Data - Private schools",14.6194327,121.0725249,,,,,,,Administrative data
"The Fountain of Life School of Quezon City, Inc.","#433 Drachma St., North Fairview, QC",Fairview,5.0,Schools,Private,Preschool,"Data_QC Caring Cities Tracker, QC Administrative Data - Private schools",14.7086739,121.055448,,,,,,,Administrative data
"The Fountain of Life School of Quezon City, Inc.","#433 Drachma St., North Fairview, QC",Fairview,5.0,Schools,Private,Junior high school,"Data_QC Caring Cities Tracker, QC Administrative Data - Private schools",14.7086739,121.055448,,,,,,,Administrative data
"The Fountain of Life School of Quezon City, Inc.","#433 Drachma St., North Fairview, QC",Fairview,5.0,Schools,Private,Senior high school,"Data_QC Caring Cities Tracker, QC Administrative Data - Private schools",14.7086739,121.055448,,,,,,,Administrative data
"The Fountain of Life School of Quezon City, Inc.","#433 Drachma St., North Fairview, QC",Fairview,5.0,Schools,Private,Elementary school,"Data_QC Caring Cities Tracker, QC Administrative Data - Private schools",14.7086739,121.055448,,,,,,,Administrative data
"The Lord of Grace Christian School, Inc.","30 Diamond St., East Fairview, QC",Fairview,5.0,Schools,Private,Preschool,"Data_QC Caring Cities Tracker, QC Administrative Data - Private schools",14.7084837,121.0688377,,,,,,,Administrative data
"The Lord of Grace Christian School, Inc.","30 Diamond St., East Fairview, QC",Fairview,5.0,Schools,Private,Junior high school,"Data_QC Caring Cities Tracker, QC Administrative Data - Private schools",14.7084837,121.0688377,,,,,,,Administrative data
"The Lord of Grace Christian School, Inc.","30 Diamond St., East Fairview, QC",Fairview,5.0,Schools,Private,Elementary school,"Data_QC Caring Cities Tracker, QC Administrative Data - Private schools",14.7084837,121.0688377,,,,,,,Administrative data
The Philippine Timothy Christian Academy of Quezon City Inc,"Lot 1 Blk. 3 Pearl St., cor. Regalado Ext., East Fairview , Quezon City",Fairview,5.0,Schools,Private,Junior high school,"Data_QC Caring Cities Tracker, QC Administrative Data - Private schools",14.7087878,121.069514,,,,,,,Administrative data
The Philippine Timothy Christian Academy of Quezon City Inc,"Lot 1 Blk. 3 Pearl St., cor. Regalado Ext., East Fairview , Quezon City",Fairview,5.0,Schools,Private,Elementary school,"Data_QC Caring Cities Tracker, QC Administrative Data - Private schools",14.7087878,121.069514,,,,,,,Administrative data
The Philippine Timothy Christian Academy of Quezon City Inc,"Lot 1 Blk. 3 Pearl St., cor. Regalado Ext., East Fairview , Quezon City",Fairview,5.0,Schools,Private,Senior high school,"Data_QC Caring Cities Tracker, QC Administrative Data - Private schools",14.7087878,121.069514,,,,,,,Administrative data
The Philippine Timothy Christian Academy of Quezon City Inc,"Lot 1 Blk. 3 Pearl St., cor. Regalado Ext., East Fairview , Quezon City",Fairview,5.0,Schools,Private,Preschool,"Data_QC Caring Cities Tracker, QC Administrative Data - Private schools",14.7087878,121.069514,,,,,,,Administrative data
"The RAYA School, Inc.","L3B8 Neopolitan Business Park, Greater Lagro, Novaliches, QC",Greater Lagro,5.0,Schools,Private,Elementary school,"Data_QC Caring Cities Tracker, QC Administrative Data - Private schools",14.7298728,121.0566303,,,,,,,Administrative data
"The RAYA School, Inc.","L3B8 Neopolitan Business Park, Greater Lagro, Novaliches, QC",Greater Lagro,5.0,Schools,Private,Senior high school,"Data_QC Caring Cities Tracker, QC Administrative Data - Private schools",14.7298728,121.0566303,,,,,,,Administrative data
"The RAYA School, Inc.","L3B8 Neopolitan Business Park, Greater Lagro, Novaliches, QC",Greater Lagro,5.0,Schools,Private,Junior high school,"Data_QC Caring Cities Tracker, QC Administrative Data - Private schools",14.7298728,121.0566303,,,,,,,Administrative data
"The RAYA School, Inc.","L3B8 Neopolitan Business Park, Greater Lagro, Novaliches, QC",Greater Lagro,5.0,Schools,Private,Preschool,"Data_QC Caring Cities Tracker, QC Administrative Data - Private schools",14.7298728,121.0566303,,,,,,,Administrative data
The Seed Mont. School,"4 Samonte St., Capitol District, Holy Spirit, QC",Holy Spirit,2.0,Schools,Private,Elementary school,"Data_QC Caring Cities Tracker, QC Administrative Data - Private schools",14.6758763,121.0777336,,,,,,,Administrative data
The Seed Mont. School,"4 Samonte St., Capitol District, Holy Spirit, QC",Holy Spirit,2.0,Schools,Private,Senior high school,"Data_QC Caring Cities Tracker, QC Administrative Data - Private schools",14.6758763,121.0777336,,,,,,,Administrative data
The Seed Mont. School,"4 Samonte St., Capitol District, Holy Spirit, QC",Holy Spirit,2.0,Schools,Private,Preschool,"Data_QC Caring Cities Tracker, QC Administrative Data - Private schools",14.6758763,121.0777336,,,,,,,Administrative data
The Seed Mont. School,"4 Samonte St., Capitol District, Holy Spirit, QC",Holy Spirit,2.0,Schools,Private,Junior high school,"Data_QC Caring Cities Tracker, QC Administrative Data - Private schools",14.6758763,121.0777336,,,,,,,Administrative data
"Trinity University of Asia, Inc. (Frmrly Trinity Coll. of Q.C.)","275 E. Rodriguez Sr., Damayang Lagi, QC",Damayan,1.0,Schools,Private,Senior high school,"Data_QC Caring Cities Tracker, QC Administrative Data - Private schools",14.6214655,121.0219862,,,,,,,Administrative data
Unit IV,"Unit IV, Plaza Riverside, Brgy. Commonwealth",Commonwealth,2.0,Childcare,Public,Child development center and supervised neighborhood play,"Data_QC Caring Cities Tracker, QC Administrative Data - Child",14.6937264,121.0822454,,,,,,,Administrative data
Upper Nawasa,"Unit VII Upper NAWASA, Brgy. Commonwealth",Commonwealth,2.0,Childcare,Public,Child development center and supervised neighborhood play,"Data_QC Caring Cities Tracker, QC Administrative Data - Child",14.7009591,121.0734797,,,,,,,Administrative data
Veterans Area II,"Area I, Freedom Park St. Veterans Village",Pasong Tamo,6.0,Childcare,Public,Child development center and supervised neighborhood play,"Data_QC Caring Cities Tracker, QC Administrative Data - Child",14.6837959,121.0654044,,,,,,,Administrative data
Villa Maria Clara,"Barangay Hall, Rajah Matanda, Brgy. Villa Maria Clara",Villa Maria Clara,3.0,Childcare,Public,Child development center and supervised neighborhood play,"Data_QC Caring Cities Tracker, QC Administrative Data - Child",14.6165599,121.0696131,,,,,,,Administrative data
"Virgen De Guadalupe De Nova. Sch., Inc.","#41 Sampaguita St. Maligaya Park Sub., Nova., QC",Novaliches Proper,5.0,Schools,Private,Junior high school,"Data_QC Caring Cities Tracker, QC Administrative Data - Private schools",14.7390004,121.0572288,,,,,,,Administrative data
"Virgen De Guadalupe De Nova. Sch., Inc.","#41 Sampaguita St. Maligaya Park Sub., Nova., QC",Novaliches Proper,5.0,Schools,Private,Elementary school,"Data_QC Caring Cities Tracker, QC Administrative Data - Private schools",14.7390004,121.0572288,,,,,,,Administrative data
"Virgen De Guadalupe De Nova. Sch., Inc.","#41 Sampaguita St. Maligaya Park Sub., Nova., QC",Novaliches Proper,5.0,Schools,Private,Senior high school,"Data_QC Caring Cities Tracker, QC Administrative Data - Private schools",14.7390004,121.0572288,,,,,,,Administrative data
"Virgen De Guadalupe De Nova. Sch., Inc.","#41 Sampaguita St. Maligaya Park Sub., Nova., QC",Novaliches Proper,5.0,Schools,Private,Preschool,"Data_QC Caring Cities Tracker, QC Administrative Data - Private schools",14.7390004,121.0572288,,,,,,,Administrative data
skdc neuro psychological testing and assessment center,"unit no.2 a-102, colton place apartment, 155, session road, talanay area b, batasan hills, quezon city, ncr, 1126",Batasan Hills,2.0,Long-term care and rehabilitation services,,Psychological clinic,"QC Future Ready dashboard, Long-term care and rehabilitation services",14.6805781,121.1019365,8:00AM,5:00PM,,,,,Administrative data
play avenue therapy center co.,"unit 405, elements at quezon ave. bldg.,, #560 quezon ave., tatalon, quezon city, ncr, 1113",Tatalon,4.0,Long-term care and rehabilitation services,,Physical/occupational therapy school,"QC Future Ready dashboard, Long-term care and rehabilitation services",14.6254358,121.0106242,9:00AM,5:00PM,,,,,Administrative data
physioworks physical therapy clinic,"il terrazzo, s- 08 sct. madrinan , south triangle, quezon city, ncr, 1103",South Triangle,4.0,Long-term care and rehabilitation services,,Physical therapy clinic,"QC Future Ready dashboard, Long-term care and rehabilitation services",14.636121,121.0354303,8:00AM,9:00PM,,,,,Administrative data
the oracle physical rehabilitation inc.,"unit 101, east side condominium corporation,, 77, malakas, pinyahan, quezon city, ncr, 1100",Pinyahan,4.0,Long-term care and rehabilitation services,,Physical therapy clinic,"QC Future Ready dashboard, Long-term care and rehabilitation services",14.638559,121.0482059,9:00AM,6:00PM,,,,,Administrative data
gestalt neuropsychological and psychological services,"unit 202 2nd flr., ccs bldg., blk. 10, lot 39, road 1 corner road 8, bagong pag-asa, quezon city, ncr, 1105",Bagong Pag-asa,1.0,Long-term care and rehabilitation services,,Psychological clinic,"QC Future Ready dashboard, Long-term care and rehabilitation services",14.661977,121.03184,8:00AM,5:00PM,,,,,Administrative data
cascades hiraya school inc.,"#74 unit 6-8 ground floor, creekside square building, tomas morato ave., kristong hari, quezon city, ncr, 1112",Kristong Hari,4.0,Childcare,Private,Child learning center,"QC Future Ready dashboard, Childcare",14.625775,121.0335014,8:00AM,5:00AM,,,,,Administrative data
connecting bridges child services inc.,"unit 21, 2nd flr. wilcon city center, no. 121 visayas ave., bahay toro, quezon city, ncr, 1106",Bahay Toro,1.0,Long-term care and rehabilitation services,,Therapeutic clinic,"QC Future Ready dashboard, Long-term care and rehabilitation services",14.6666138,121.0426125,8:00AM,5:00PM,,,,,Administrative data
walcher health and wellness corporation,"2nd flr. , unit 2h pos bldg., 305 tomas morato ave. , south triangle, quezon city, ncr, 1109",South Triangle,4.0,Long-term care and rehabilitation services,,Therapeutic clinic,"QC Future Ready dashboard, Long-term care and rehabilitation services",14.6362757,121.0352122,8:00AM,5:00PM,,,,,Administrative data
thinkerbel kids play and learning center inc.,"23 sf-11, congressional town center, congressional ave., bahay toro, quezon city, ncr, 1106",Bahay Toro,1.0,Childcare,Private,Child learning center,"QC Future Ready dashboard, Childcare",14.6713665,121.0399981,8:00AM,5:00PM,,,,,Administrative data
physio rehability services corporation,"unit s-08 , il terrazzo, tomas morato cor. scout madriñan, south triangle, quezon city, ncr, 1103",South Triangle,4.0,Long-term care and rehabilitation services,,Physical therapy clinic,"QC Future Ready dashboard, Long-term care and rehabilitation services",14.636121,121.0354303,9:00AM,6:00PM,,,,,Administrative data
buela physical therapy clinic corporation,"5r 6r 7r 8r g/f, manhattan parkway, aurora boulevard, socorro, quezon city, ncr, 1109",Socorro,3.0,Long-term care and rehabilitation services,,Physical therapy clinic,"QC Future Ready dashboard, Long-term care and rehabilitation services",14.6232867,121.0546428,8:00AM,5:00PM,,,,,Administrative data
bp performance inc.,"room 417-422 4th floor, p&s bldg, 717 aurora blvd, mariana, quezon city, ncr, 1112",Mariana,4.0,Long-term care and rehabilitation services,,Physical therapy clinic,"QC Future Ready dashboard, Long-term care and rehabilitation services",14.615657,121.0375554,8:00AM,5:00PM,,,,,Administrative data
exxcellent home care services,"26 , road 11, project 8, bahay toro, quezon city, ncr, 1106",Bahay Toro,1.0,Long-term care and rehabilitation services,,Psychiatric rehabilitation center,"QC Future Ready dashboard, Long-term care and rehabilitation services",14.6640784,121.021769,8:00AM,12:00AM,,,,,Administrative data
three g playhub and therapy center,"unit 3-b , no. 70 holy spirit drive cor. paraluman st., isidora hills, holy spirit, quezon city, ncr, 1127",Holy Spirit,2.0,Long-term care and rehabilitation services,,Physical therapy clinic,"QC Future Ready dashboard, Long-term care and rehabilitation services",14.6860022,121.0784832,8:00AM,6:00PM,,,,,Administrative data
active-pt cares physical therapy services,"g/f, northridge plaza, 12, congressional ave, bahay toro, quezon city, ncr, 1106",Bahay Toro,1.0,Long-term care and rehabilitation services,,Physical therapy clinic,"QC Future Ready dashboard, Long-term care and rehabilitation services",14.6706105,121.0389945,12:00AM,12:00AM,,,,,Administrative data
solid fundevmentals therapy center inc.,"unit a312 3rd flr., eastwood mall, orchard rd eastwood city, bagumbayan, quezon city, ncr, 1110",Bagumbayan,3.0,Long-term care and rehabilitation services,,Rehabilitation clinic,"QC Future Ready dashboard, Long-term care and rehabilitation services",14.6096628,121.0810099,8:00AM,5:00PM,,,,,Administrative data
KOLISKO WALDORF SCHOOL INC.,"#65, BALER ST., BUNGAD, QUEZON CITY, NCR, 1105",Bungad,1.0,Schools,Private,Parent-child class,BLPD,14.6477132,121.0251439,8:00AM,5:00PM,,,,,Administrative data
