Unnamed: 0,barangay,name_original,address,address_clean,major_division,sub_division,category,data_source,open_hours,close_hours,latitude,longitude,district
1,Alicia,Alicia,#2 Batangas St.,"#2 Batangas Street, Quezon City, Philippines",Childcare,Public,Child development centers,"Data_QC Caring Cities Tracker, QC Administrative Data - Child",,,,,1.0
2,Alicia,"sto. nino parochial school, inc.","ilocos sur st. cor. bukidnon st., alicia, quezon city, ncr, 1105","ilocos sur Street corner bukidnon Street, alicia, quezon city, ncr, 1105, Philippines",Schools,Private,Private school,"QC Future Ready dashboard, Schools",6:00AM,5:00PM,14.66004052,121.0263474,1.0
3,Alicia,Bago Bantay,"84 Sto. Niño St., Brgy. Alicia","84 Sto. Niño Street, Barangay Alicia, Quezon City, Philippines",Health centers,,Health centers,"Data_QC Caring Cities Tracker, QC Administrative Data - Health",,,,,1.0
4,Amihan,Amihan,"Bgy. Hall, Palosapis St., Brgy. Amihan Quezon City","Barangay Hall, Palosapis Street, Barangay Amihan Quezon City, Philippines",Childcare,Public,Child development centers,"Data_QC Caring Cities Tracker, QC Administrative Data - Child",,,14.63309806,121.0668921,3.0
5,Apolonio Samson,Apolonio Samson Health Center,"150 Kaingin Road, Brgy. Apolonio Samson, Balintawak","150 Kaingin Road, Barangay Apolonio Samson, Balintawak, Quezon City, Philippines",Health centers,,Health center pharmacy,"Data_QC Caring Cities Tracker, QC Administrative Data - Health",,,14.65468419,121.0113137,6.0
6,Apolonio Samson,Oliveros,26 M Oliveros Drive (Dulo),"26 M Oliveros Drive (Dulo), Quezon City, Philippines",Childcare,Public,Child development centers,"Data_QC Caring Cities Tracker, QC Administrative Data - Child",,,14.65942729,121.0065384,6.0
7,Apolonio Samson,Apolonio Samson,"150 Kaingin Road, Brgy. Apolonio Samson, Balintawak","150 Kaingin Road, Barangay Apolonio Samson, Balintawak, Quezon City, Philippines",Health centers,,Health centers,"Data_QC Caring Cities Tracker, QC Administrative Data - Health",,,14.65468419,121.0113137,6.0
8,Apolonio Samson,Apolonio Samson Annex,Bgy. Apolonio Samson,"Barangay Apolonio Samson, Quezon City, Philippines",Childcare,Public,Child development centers,"Data_QC Caring Cities Tracker, QC Administrative Data - Child",,,14.65531,121.011601,6.0
9,Apolonio Samson,Apolonio Samson,"Kaingin Rd., Bgy. Hall Apolonio Samson","Kaingin Road, Barangay Hall Apolonio Samson, Quezon City, Philippines",Childcare,Public,Child development centers,"Data_QC Caring Cities Tracker, QC Administrative Data - Child",,,14.65531,121.011601,6.0
10,Baesa,Howmart,Alley 2 Howmart St.,"Alley 2 Howmart Street, Quezon City, Philippines",Childcare,Public,Child development centers,"Data_QC Caring Cities Tracker, QC Administrative Data - Child",,,,,6.0
11,Baesa,Sitio Pajo,GK Sitio Pajo,"GK Sitio Pajo, Quezon City, Philippines",Childcare,Public,Child development centers,"Data_QC Caring Cities Tracker, QC Administrative Data - Child",,,,,6.0
12,Baesa,Baesa Health Center,"57 Baesa Road, Brgy. Baesa","57 Baesa Road, Barangay Baesa, Quezon City, Philippines",Health centers,,Health center pharmacy,"Data_QC Caring Cities Tracker, QC Administrative Data - Health",,,14.6691641,121.0064989,6.0
13,Baesa,F. Carlos,F. Carlos St. (near Basketball Court),"F. Carlos Street (near Basketball Court), Quezon City, Philippines",Childcare,Public,Child development centers,"Data_QC Caring Cities Tracker, QC Administrative Data - Child",,,14.66197998,121.0104632,6.0
14,Baesa,Baesa,"57 Baesa Road, Brgy. Baesa","57 Baesa Road, Barangay Baesa, Quezon City, Philippines",Health centers,,Health centers,"Data_QC Caring Cities Tracker, QC Administrative Data - Health",,,14.6691641,121.0064989,6.0
15,Baesa,Mendez,Mendez Road,"Mendez Road, Quezon City, Philippines",Childcare,Public,Child development centers,"Data_QC Caring Cities Tracker, QC Administrative Data - Child",,,14.66876763,121.0131722,6.0
16,Baesa,Asamba,Asamba Compound Sitio Compound,"Asamba Compound Sitio Compound, Quezon City, Philippines",Childcare,Public,Child development centers,"Data_QC Caring Cities Tracker, QC Administrative Data - Child",,,,,6.0
17,Bagbag,Goodwill Homes 2,"Mark St. cor. Ruth St., Goodwill Homes 2 Subd., Brgy. Bagbag","Mark Street corner Ruth Street, Goodwill Homes 2 Subdivision, Barangay Bagbag, Quezon City, Philippines",Childcare,Public,Child development centers,"Data_QC Caring Cities Tracker, QC Administrative Data - Child",,,14.6966932,121.0365573,5.0
18,Bagbag,Ibayo,"Ibayo 2 68 Pascual Road, Brgy. Bagbag","Ibayo 2 68 Pascual Road, Barangay Bagbag, Quezon City, Philippines",Childcare,Public,Child development centers,"Data_QC Caring Cities Tracker, QC Administrative Data - Child",,,14.69672359,121.0394513,5.0
19,Bagbag,Maligaya,"Mark St. cor. Ruth St., Goodwill Homes 2 Subd., Brgy. Bagbag","Mark Street corner Ruth Street, Goodwill Homes 2 Subdivision, Barangay Bagbag, Quezon City, Philippines",Childcare,Public,Child development centers,"Data_QC Caring Cities Tracker, QC Administrative Data - Child",,,14.6966932,121.0365573,5.0
20,Bagbag,San Pedro IX,Santan St. San Pedro IX Subd. Brgy. Bagbag,"Santan Street San Pedro IX Subdivision Barangay Bagbag, Quezon City, Philippines",Childcare,Public,Child development centers,"Data_QC Caring Cities Tracker, QC Administrative Data - Child",,,,,5.0
21,Bagbag,Remarville,"Asteroid St. cor. Pisces St., Remarville Subd., Brgy. Bagbag","Asteroid Street corner Pisces Street, Remarville Subdivision, Barangay Bagbag, Quezon City, Philippines",Childcare,Public,Child development centers,"Data_QC Caring Cities Tracker, QC Administrative Data - Child",,,14.695432,121.0389272,5.0
22,Bagbag,Bagbag,"18 Parokya ng Pagkabuhay Road, Brgy. Bagbag","18 Parokya ng Pagkabuhay Road, Barangay Bagbag, Quezon City, Philippines",Health centers,,Health centers,"Data_QC Caring Cities Tracker, QC Administrative Data - Health",,,14.69702447,121.0280886,5.0
23,Bagong Lipunan ng Crame,"joyful hands kiddie center of cubao, q.c., inc.","unit 4, corporate house bldg., 239 boni serrano road, bagong lipunan ng crame, quezon city, ncr, 1111","unit 4, corporate house Building, 239 boni serrano road, bagong lipunan ng crame, quezon city, ncr, 1111, Philippines",Childcare,Private,Child learning center,"QC Future Ready dashboard, Childcare",9:00AM,5:00PM,14.60944111,121.0436342,4.0
24,Bagong Lipunan ng Crame,wdc np assessment cntr psychiatric clinic,"room 503 unit j, camus bldg., edsa, bagong lipunan ng crame, quezon city, ncr, 1111","room 503 unit j, camus Building, edsa, bagong lipunan ng crame, quezon city, ncr, 1111, Philippines",Long-term care and rehabilitation services,,Psychological clinic,"QC Future Ready dashboard, Long-term care and rehabilitation services",8:00AM,5:00PM,14.61127632,121.0546532,4.0
25,Bagong Lipunan ng Crame,ram-ce psychological & diagnostic center inc.,"#1-b, medina bldg.  3rd ave. cor.,, b. serrano ave, bagong lipunan ng crame, quezon city, ncr, 1111","#1-b, medina Building 3rd Avenue corner, b. serrano ave, bagong lipunan ng crame, quezon city, ncr, 1111, Philippines",Long-term care and rehabilitation services,,Psychological clinic,"QC Future Ready dashboard, Long-term care and rehabilitation services",8:00AM,5:00PM,14.61041249,121.0531287,4.0
26,Bagong Lipunan ng Crame,"bridgesofhope (q.c.), inc.","#12, orestes lane, bagong lipunan ng crame, quezon city, ncr, 1111","#12, orestes lane, bagong lipunan ng crame, quezon city, ncr, 1111, Philippines",Long-term care and rehabilitation services,,Rehabilitation clinic,"QC Future Ready dashboard, Long-term care and rehabilitation services",8:00AM,5:00PM,14.61077538,121.0466161,4.0
27,Bagong Pag-asa,Kampilan I,"Hona St., San Roque","Hona Street, San Roque, Quezon City, Philippines",Childcare,Public,Child development centers,"Data_QC Caring Cities Tracker, QC Administrative Data - Child",,,,,1.0
28,Bagong Pag-asa,"ikigai wellness solutions, inc.","nb 311b - nb 312 3rd flr., sm city , north edsa, bagong pag-asa, quezon city, ncr, 1105","nb 311b - nb 312 3rd Floor, sm city , north edsa, bagong pag-asa, quezon city, ncr, 1105, Philippines",Long-term care and rehabilitation services,,Therapeutic clinic,"QC Future Ready dashboard, Long-term care and rehabilitation services",10:00AM,9:00PM,,,1.0
29,Bagong Pag-asa,friends therapy center inc.,"unit 105, vien plaza building, no 13, road 13, bagong pag-asa, quezon city, ncr, 1105","unit 105, vien plaza building, no 13, road 13, bagong pag-asa, quezon city, ncr, 1105, Philippines",Long-term care and rehabilitation services,,Physical/occupational therapy school,"QC Future Ready dashboard, Long-term care and rehabilitation services",9:00AM,5:00PM,14.66020009,121.0354568,1.0
30,Bagong Pag-asa,Bagong Pag-asa,"36 Road 9 cor. Road 10, Brgy. Bagong Pag-asa","36 Road 9 corner Road 10, Barangay Bagong Pag-asa, Quezon City, Philippines",Health centers,,Health centers,"Data_QC Caring Cities Tracker, QC Administrative Data - Health",,,14.6620891,121.0342136,1.0
31,Bagong Pag-asa,createch wellness corp.,"level 3 space # r3-l3-031, ayala vertis, north cor. north ave., bagong pag-asa, quezon city, ncr, 1105","level 3 space # r3-l3-031, ayala vertis, north corner north Avenue, bagong pag-asa, quezon city, ncr, 1105, Philippines",Long-term care and rehabilitation services,,Therapeutic clinic,"QC Future Ready dashboard, Long-term care and rehabilitation services",11:00AM,8:00PM,,,1.0
32,Bagong Pag-asa,gestalt neuropsychological and psychological services,"unit 202 2nd flr., ccs bldg., blk. 10, lot 39, road 1 corner road 8, bagong pag-asa, quezon city, ncr, 1105","unit 202 2nd Floor, ccs Building, blk. 10, lot 39, road 1 corner road 8, bagong pag-asa, quezon city, ncr, 1105, Philippines",Long-term care and rehabilitation services,,Psychological clinic,"QC Future Ready dashboard, Long-term care and rehabilitation services",8:00AM,5:00PM,14.66207711,121.0319526,1.0
33,Bagong Pag-asa,"saint paul educational center bago-bantay, inc.","38, palawan st., bagong pag-asa, quezon city, ncr, 1105","38, palawan Street, bagong pag-asa, quezon city, ncr, 1105, Philippines",Schools,Private,Private school,"QC Future Ready dashboard, Schools",8:00AM,5:00PM,,,1.0
34,Bagong Pag-asa,good grounds spa ventures corp.,"room 817 & 818, park inn by radisson hotel, sm city north edsa, bagong pag-asa, quezon city, ncr, 1105","room 817 & 818, park inn by radisson hotel, sm city north edsa, bagong pag-asa, quezon city, ncr, 1105, Philippines",Long-term care and rehabilitation services,,Therapeutic clinic,"QC Future Ready dashboard, Long-term care and rehabilitation services",12:00PM,9:00PM,,,1.0
35,Bagong Pag-asa,good grounds spa ventures corp.,"mu 262, north towers,, sm north edsa, bagong pag-asa, quezon city, ncr, 1105","mu 262, north towers, sm north edsa, bagong pag-asa, quezon city, ncr, 1105, Philippines",Long-term care and rehabilitation services,,Therapeutic clinic,"QC Future Ready dashboard, Long-term care and rehabilitation services",10:00AM,9:00PM,14.6608,121.033,1.0
36,Bagong Pag-asa,Philippine Children’s Medical Center,"Quezon Avenue cor. Sen. Miriam Defensor-Santiago Avenue, Bagong Pag-asa","Philippine Children’s Medical Center Quezon Avenue corner Sen. Miriam Defensor-Santiago Avenue, Bagong Pag-asa, Quezon City, Philippines",Health centers,,National government-owned hospitals,"Data_QC Caring Cities Tracker, QC Administrative Data - Health",,,,,1.0
37,Bagong Pag-asa,Bagong Pag-asa,Road 9 cor. Road 11,"Road 9 corner Road 11, Quezon City, Philippines",Childcare,Public,Child development centers,"Data_QC Caring Cities Tracker, QC Administrative Data - Child",,,14.66233419,121.0330115,1.0
38,Bagong Pag-asa,scottland inc.,"space 307293, trinoma edsa cor, bagong pag-asa, quezon city, ncr, 1105","space 307293, trinoma edsa corner, bagong pag-asa, quezon city, ncr, 1105, Philippines",Long-term care and rehabilitation services,,Therapeutic clinic,"QC Future Ready dashboard, Long-term care and rehabilitation services",8:00AM,8:00PM,14.6608,121.033,1.0
39,Bagong Pag-asa,"centris education solutions institute, inc.","16th floor, kmc sm north tower 1, edsa cor north avenue, bagong pag-asa, quezon city, ncr, 1105","16th floor, kmc sm north tower 1, edsa corner north avenue, bagong pag-asa, quezon city, ncr, 1105, Philippines",Schools,Private,Private school,"QC Future Ready dashboard, Schools",10:00AM,7:00PM,14.65529699,121.0303692,1.0
40,Bagong Silangan,Asprer,"Area 6, Bgy. Bagong Silangan, Brgy. Bagong Silangan","Area 6, Barangay Bagong Silangan, Barangay Bagong Silangan, Quezon City, Philippines",Childcare,Public,Child development centers,"Data_QC Caring Cities Tracker, QC Administrative Data - Child",,,14.698957,121.0982875,2.0
41,Bagong Silangan,Bagong Silangan,"Bonifacio St., Brgy. Bagong Silangan","Bonifacio Street, Barangay Bagong Silangan, Quezon City, Philippines",Health centers,,Health centers,"Data_QC Caring Cities Tracker, QC Administrative Data - Health",,,14.6977113,121.110502,2.0
42,Bagong Silangan,Sitio Veterans I,"Ground Floor, Sitio Veterans CDC, Lot 1 Block 18, Dove St., Area 1 Sitio Veterans, corner Don Vicente St., Brgy. Bagong Silangan","Ground Floor, Sitio Veterans CDC, Lot 1 Block 18, Dove Street, Area 1 Sitio Veterans, corner Don Vicente Street, Barangay Bagong Silangan, Quezon City, Philippines",Childcare,Public,Child development centers,"Data_QC Caring Cities Tracker, QC Administrative Data - Child",,,14.7015502,121.1034887,2.0
43,Bagong Silangan,Bagong Silangan Lying–In Clinic,"Bonifacio St., Brgy. Bagong Silangan","Bonifacio Street, Barangay Bagong Silangan, Quezon City, Philippines",Health centers,,LGU-run lying-in clinics,"Data_QC Caring Cities Tracker, QC Administrative Data - Health",,,14.6977113,121.110502,2.0
44,Bagong Silangan,Bagong Silangan,"Lot 1, Block 18, Bonifacio St., corner Geronimo St. (beside Brgy. Hall), Brgy. Bagong Silangan","Lot 1, Block 18, Bonifacio Street, corner Geronimo Street (beside Barangay Hall), Barangay Bagong Silangan, Quezon City, Philippines",Childcare,Public,Child development centers,"Data_QC Caring Cities Tracker, QC Administrative Data - Child",,,14.69783209,121.1102098,2.0
45,Bagong Silangan,Rolling Hills,"Purok 7, Sitio Rolling Hills (Boundary QC & Montalban)","Purok 7, Sitio Rolling Hills (Boundary QC & Montalban), Quezon City, Philippines",Childcare,Public,Child development centers,"Data_QC Caring Cities Tracker, QC Administrative Data - Child",,,,,2.0
46,Bagong Silangan,ezr learning institute inc.,"568, a. bonifacio street, bagong silangan, quezon city, ncr, 1119","568, a. bonifacio street, bagong silangan, quezon city, ncr, 1119, Philippines",Schools,Private,Private school,"QC Future Ready dashboard, Schools",6:31AM,4:00PM,14.69773617,121.1103265,2.0
47,Bagong Silangan,Covenant,"David St., Covenant Village, Brgy. Bagong Silangan","David Street, Covenant Village, Barangay Bagong Silangan, Quezon City, Philippines",Childcare,Public,Child development centers,"Data_QC Caring Cities Tracker, QC Administrative Data - Child",,,14.70217907,121.109508,2.0
48,Bagong Silangan,del carmen school of veterans quezon city inc.,"area 1, dove st., sitio veterans, bagong silangan, quezon city, ncr, 1119","area 1, dove Street, sitio veterans, bagong silangan, quezon city, ncr, 1119, Philippines",Schools,Private,Private school,"QC Future Ready dashboard, Schools",7:00AM,4:00PM,14.70606654,121.1061365,2.0
49,Bagong Silangan,Filside,"Lot Block 6, Filside Homes, Brgy. Bagong Silangan","Lot Block 6, Filside Homes, Barangay Bagong Silangan, Quezon City, Philippines",Childcare,Public,Child development centers,"Data_QC Caring Cities Tracker, QC Administrative Data - Child",,,14.698957,121.0982875,2.0
50,Bagong Silangan,Sitio Veterans II,"Second Floor, Sitio Veterans CDC, Lot 1 Block 18, Dove St., Area 1 Sitio Veterans, corner Don Vicente St., Brgy. Bagong Silangan","Second Floor, Sitio Veterans CDC, Lot 1 Block 18, Dove Street, Area 1 Sitio Veterans, corner Don Vicente Street, Barangay Bagong Silangan, Quezon City, Philippines",Childcare,Public,Child development centers,"Data_QC Caring Cities Tracker, QC Administrative Data - Child",,,14.7015502,121.1034887,2.0
51,Bagong Silangan,Bakas,"052A Bakas Compound, Brgy. Bagong Silangan","052A Bakas Compound, Barangay Bagong Silangan, Quezon City, Philippines",Childcare,Public,Child development centers,"Data_QC Caring Cities Tracker, QC Administrative Data - Child",,,14.7017153,121.110362,2.0
52,Bagong Silangan,Area 5,"Lot 1 Block 18, Baesang Pass St., Area 5, Sitio Veterans, Brgy. Bagong Silangan","Lot 1 Block 18, Baesang Pass Street, Area 5, Sitio Veterans, Barangay Bagong Silangan, Quezon City, Philippines",Childcare,Public,Child development centers,"Data_QC Caring Cities Tracker, QC Administrative Data - Child",,,14.7017153,121.110362,2.0
53,Bagumbayan,solid fundevmentals therapy center inc.,"unit a312 3rd flr., eastwood mall, orchard rd eastwood city, bagumbayan, quezon city, ncr, 1110","unit a312 3rd Floor, eastwood mall, orchard rd eastwood city, bagumbayan, quezon city, ncr, 1110, Philippines",Long-term care and rehabilitation services,,Rehabilitation clinic,"QC Future Ready dashboard, Long-term care and rehabilitation services",8:00AM,5:00PM,14.6109413,121.0802326,3.0
54,Bagumbayan,peak physical therapy & scoliosis center corp.,"space a , one orchard eastwood city cyberpark, 188, e. rodriguez jr. avenue, bagumbayan, quezon city, ncr, 1110","space a , one orchard eastwood city cyberpark, 188, e. rodriguez jr. avenue, bagumbayan, quezon city, ncr, 1110, Philippines",Long-term care and rehabilitation services,,Physical therapy clinic,"QC Future Ready dashboard, Long-term care and rehabilitation services",8:00AM,5:00PM,14.60621102,121.079558,3.0
55,Bagumbayan,all ways therapy center corp.,"unit i29-i30, the strip at circulo verde, calle industria, bagumbayan, quezon city, ncr, 1110","unit i29-i30, the strip at circulo verde, calle industria, bagumbayan, quezon city, ncr, 1110, Philippines",Long-term care and rehabilitation services,,Physical/occupational therapy school,"QC Future Ready dashboard, Long-term care and rehabilitation services",8:00AM,5:00PM,14.6068,121.08,3.0
56,Bagumbayan,thames international school inc.,"no. 27, calle industria st., bagumbayan, quezon city, ncr, 1110","27, calle industria Street, bagumbayan, quezon city, ncr, 1110, Philippines",Schools,Private,Private school,"QC Future Ready dashboard, Schools",6:00AM,6:00PM,14.60486485,121.0847506,3.0
57,Bagumbayan,Bagumbayan,"75 San Roque St., Brgy. Bagumbayan","75 San Roque Street, Barangay Bagumbayan, Quezon City, Philippines",Childcare,Public,Child development centers,"Data_QC Caring Cities Tracker, QC Administrative Data - Child",,,14.60863519,121.0823074,3.0
58,Bagumbuhay,Bagumbuhay,"Plaza Malvar, Malvar St., Brgy. Bagumbuhay","Plaza Malvar, Malvar Street, Barangay Bagumbuhay, Quezon City, Philippines",Childcare,Public,Child development centers,"Data_QC Caring Cities Tracker, QC Administrative Data - Child",,,14.6250583,121.0651218,3.0
59,Bagumbuhay,Project 4,"Kalantiaw st. cor. P. Tuazon, Brgy. Bagumbuhay","Kalantiaw Street corner P. Tuazon, Barangay Bagumbuhay, Quezon City, Philippines",Health centers,,Health centers,"Data_QC Caring Cities Tracker, QC Administrative Data - Health",,,14.62214091,121.0653726,3.0
60,Bahay Toro,grace gospel church north education foundation inc.,"3rd flr., northridge plaza, annex a,, 12, congressional ave., bahay toro, quezon city, ncr, 1106","3rd Floor, northridge plaza, annex a, 12, congressional Avenue, bahay toro, quezon city, ncr, 1106, Philippines",Childcare,Private,Child learning center,"QC Future Ready dashboard, Childcare",7:00AM,12:00PM,14.670708,121.039056,1.0
61,Bahay Toro,Pook Masagana,Alley 25 Pook Masagana,"Alley 25 Pook Masagana, Quezon City, Philippines",Childcare,Public,Child development centers,"Data_QC Caring Cities Tracker, QC Administrative Data - Child",,,,,1.0
62,Bahay Toro,active-pt cares physical therapy services,"g/f, northridge plaza, 12, congressional ave, bahay toro, quezon city, ncr, 1106","g/f, northridge plaza, 12, congressional ave, bahay toro, quezon city, ncr, 1106, Philippines",Long-term care and rehabilitation services,,Physical therapy clinic,"QC Future Ready dashboard, Long-term care and rehabilitation services",12:00AM,12:00AM,14.670708,121.039056,1.0
63,Bahay Toro,San Jose Seminary II,Road 19 Bahay Toro Proj. 8,"Road 19 Bahay Toro Proj. 8, Quezon City, Philippines",Childcare,Public,Child development centers,"Data_QC Caring Cities Tracker, QC Administrative Data - Child",,,14.66468785,121.0200075,1.0
64,Bahay Toro,connecting bridges child services inc.,"unit 21, 2nd flr. wilcon city center, no. 121 visayas ave., bahay toro, quezon city, ncr, 1106","unit 21, 2nd Floor wilcon city center, 121 visayas Avenue, bahay toro, quezon city, ncr, 1106, Philippines",Long-term care and rehabilitation services,,Therapeutic clinic,"QC Future Ready dashboard, Long-term care and rehabilitation services",8:00AM,5:00PM,14.666404,121.042691,1.0
65,Bahay Toro,horizons of hope therapy center inc.,"2, wisdom st. , teresa village, bahay toro, quezon city, ncr, 1106","2, wisdom Street , teresa village, bahay toro, quezon city, ncr, 1106, Philippines",Long-term care and rehabilitation services,,Physical/occupational therapy school,"QC Future Ready dashboard, Long-term care and rehabilitation services",8:00AM,5:00PM,14.66627898,121.0403604,1.0
66,Bahay Toro,"haven of opportunities for people with exceptionalities (hope), inc.","35b, shorthorn street, project 8, bahay toro, quezon city, ncr, 1106","35b, shorthorn street, project 8, bahay toro, quezon city, ncr, 1106, Philippines",Long-term care and rehabilitation services,,Physical/occupational therapy school,"QC Future Ready dashboard, Long-term care and rehabilitation services",8:00AM,5:00PM,14.6666763,121.0210931,1.0
67,Bahay Toro,exxcellent home care services,"26 , road 11, project 8, bahay toro, quezon city, ncr, 1106","26 , road 11, project 8, bahay toro, quezon city, ncr, 1106, Philippines",Older persons care,,Nursing care center,"QC Future Ready dashboard, Older persons care",8:00AM,12:00AM,14.6641365,121.0217462,1.0
68,Bahay Toro,San Jose Seminary I,"Road 19 Bahay Toro, Proj. 8","Road 19 Bahay Toro, Proj. 8, Quezon City, Philippines",Childcare,Public,Child development centers,"Data_QC Caring Cities Tracker, QC Administrative Data - Child",,,14.66468785,121.0200075,1.0
69,Bahay Toro,Sitio Maligaya II,14 Bayanihan Drive,"14 Bayanihan Drive, Quezon City, Philippines",Childcare,Public,Child development centers,"Data_QC Caring Cities Tracker, QC Administrative Data - Child",,,14.6683198,121.0237079,1.0
70,Bahay Toro,apo senior living corporation,"unit 310 & 312, 7 general avenue, project 8, bahay toro, quezon city, ncr, 1106","unit 310 & 312, 7 general avenue, project 8, bahay toro, quezon city, ncr, 1106, Philippines",Older persons care,,Nursing care center,"QC Future Ready dashboard, Older persons care",8:00AM,5:00PM,14.6710737,121.0245703,1.0
71,Bahay Toro,bricks developmental learning center,"#3-b, calla lily st., bahay toro, quezon city, ncr, 1106","#3-b, calla lily Street, bahay toro, quezon city, ncr, 1106, Philippines",Long-term care and rehabilitation services,,Therapeutic clinic,"QC Future Ready dashboard, Long-term care and rehabilitation services",8:00AM,5:00PM,14.6703104,121.033011,1.0
72,Bahay Toro,"ste. anne de beaupre school, inc.","faith st., 7 teresa village, bahay toro, quezon city, ncr, 1106","faith Street, 7 teresa village, bahay toro, quezon city, ncr, 1106, Philippines",Childcare,Private,Child learning center,"QC Future Ready dashboard, Childcare",8:00AM,5:00PM,14.6662007,121.0390028,1.0
73,Bahay Toro,thinkerbel kids play and learning center inc.,"23 sf-11, congressional town center, congressional ave., bahay toro, quezon city, ncr, 1106","23 sf-11, congressional town center, congressional Avenue, bahay toro, quezon city, ncr, 1106, Philippines",Childcare,Private,Child learning center,"QC Future Ready dashboard, Childcare",8:00AM,5:00PM,14.6713108,121.0400152,1.0
74,Bahay Toro,achieving independence and meaningful skill therapy center,"unit f, 3rd flr. , 38 general avenue, bahay toro, quezon city, ncr, 1106","unit f, 3rd Floor , 38 general avenue, bahay toro, quezon city, ncr, 1106, Philippines",Long-term care and rehabilitation services,,Physical therapy clinic,"QC Future Ready dashboard, Long-term care and rehabilitation services",9:00AM,6:00PM,14.67191209,121.0251722,1.0
75,Bahay Toro,kidswecare pediatric therapy center,"unit 104, no. 20 shorthorn st., project 8, bahay toro, quezon city, ncr, 1106","unit 104, 20 shorthorn Street, project 8, bahay toro, quezon city, ncr, 1106, Philippines",Long-term care and rehabilitation services,,Therapeutic clinic,"QC Future Ready dashboard, Long-term care and rehabilitation services",8:00AM,5:00PM,14.66535712,121.0220213,1.0
76,Bahay Toro,bricks developmental learning center,"#3-b, calla lily st., bahay toro, quezon city, ncr, 1106","#3-b, calla lily Street, bahay toro, quezon city, ncr, 1106, Philippines",Long-term care and rehabilitation services,,Therapeutic clinic,"QC Future Ready dashboard, Long-term care and rehabilitation services",8:00AM,5:00PM,14.6703104,121.033011,1.0
77,Bahay Toro,achieving independence and meaningful skill therapy center,"unit f, 3rd flr. , 38 general avenue, bahay toro, quezon city, ncr, 1106","unit f, 3rd Floor , 38 general avenue, bahay toro, quezon city, ncr, 1106, Philippines",Long-term care and rehabilitation services,,Physical therapy clinic,"QC Future Ready dashboard, Long-term care and rehabilitation services",9:00AM,6:00PM,14.67191209,121.0251722,1.0
78,Bahay Toro,Quezon City General Hospital,"Seminary Road, Barangay Bahay Toro, Project 8, QCGH","Seminary Road, Barangay Bahay Toro, Project 8, QCGH, Quezon City, Philippines",Health centers,,LGU-run hospitals,"Data_QC Caring Cities Tracker, QC Administrative Data - Health",,,14.6612375,121.0181698,1.0
79,Bahay Toro,Sitio Maligaya I,14 Bayanihan Drive,"14 Bayanihan Drive, Quezon City, Philippines",Childcare,Public,Child development centers,"Data_QC Caring Cities Tracker, QC Administrative Data - Child",,,14.6683198,121.0237079,1.0
80,Bahay Toro,Toro Hills,"Road 11, Brgy. Bahay Toro","Road 11, Barangay Bahay Toro, Quezon City, Philippines",Health centers,,Health centers,"Data_QC Caring Cities Tracker, QC Administrative Data - Health",,,14.66406412,121.0210466,1.0
81,Bahay Toro,synergy advanced rehabilitation and wound care corp.,"144, congressional ave. project 8, bahay toro, quezon city, ncr, 1106","144, congressional Avenue project 8, bahay toro, quezon city, ncr, 1106, Philippines",Long-term care and rehabilitation services,,Physical therapy clinic,"QC Future Ready dashboard, Long-term care and rehabilitation services",9:00AM,6:00PM,14.66325289,121.0210085,1.0
82,Balingasa,skills at play therapy center inc.,"27, j. aquino cruz, balingasa, quezon city, ncr, 1115","27, j. aquino cruz, balingasa, quezon city, ncr, 1115, Philippines",Long-term care and rehabilitation services,,Physical therapy clinic,"QC Future Ready dashboard, Long-term care and rehabilitation services",8:00AM,5:00PM,14.65024375,121.0043049,1.0
83,Balingasa,Balingasa,"26 J. Aquino Cruz St., Brgy. Balingasa","26 J. Aquino Cruz Street, Barangay Balingasa, Quezon City, Philippines",Health centers,,Health centers,"Data_QC Caring Cities Tracker, QC Administrative Data - Health",,,14.65024375,121.0043049,1.0
84,Balingasa,Tibagan,11 Road Harmony St.,"11 Road Harmony Street, Quezon City, Philippines",Childcare,Public,Child development centers,"Data_QC Caring Cities Tracker, QC Administrative Data - Child",,,14.65206841,121.0024084,1.0
85,Balong-bato,Balon Bato,11 E Maximina Drive beside Brgy. Hall,"11 E Maximina Drive beside Barangay Hall, Quezon City, Philippines",Childcare,Public,Child development centers,"Data_QC Caring Cities Tracker, QC Administrative Data - Child",,,,,6.0
86,Batasan Hills,Batasan Hills Lying–In Clinic,"2 IBP Road, Brgy. Batasan Hills","2 IBP Road, Barangay Batasan Hills, Quezon City, Philippines",Health centers,,LGU-run lying-in clinics,"Data_QC Caring Cities Tracker, QC Administrative Data - Health",,,,,2.0
87,Batasan Hills,Talanay,"31 Alton St., Sitio Talanay, Brgy. Batasan Hills","31 Alton Street, Sitio Talanay, Barangay Batasan Hills, Quezon City, Philippines",Childcare,Public,Child development centers,"Data_QC Caring Cities Tracker, QC Administrative Data - Child",,,14.68822199,121.108423,2.0
88,Batasan Hills,Kalayaan B1,"Lot No. 41-C-3, Kalayaan B St., Brgy. Batasan Hills","Lot 41-C-3, Kalayaan B Street, Barangay Batasan Hills, Quezon City, Philippines",Childcare,Public,Child development centers,"Data_QC Caring Cities Tracker, QC Administrative Data - Child",,,14.68877871,121.0929834,2.0
89,Batasan Hills,skyderm aesthetic and wellness services,"unit 214, royale place mall, don antonio drive, batasan hills, quezon city, ncr, 1119","unit 214, royale place mall, don antonio drive, batasan hills, quezon city, ncr, 1119, Philippines",Long-term care and rehabilitation services,,Therapeutic clinic,"QC Future Ready dashboard, Long-term care and rehabilitation services",11:00AM,7:00PM,,,2.0
90,Batasan Hills,rapha corporation,"lot 11 blk. 10, sunnyside hgts., batasan hills, quezon city, ncr, 1126","lot 11 blk. 10, sunnyside hgts., batasan hills, quezon city, ncr, 1126, Philippines",Older persons care,,Nursing care center,"QC Future Ready dashboard, Older persons care",8:00AM,5:00PM,14.68936121,121.1036536,2.0
91,Batasan Hills,Kalayaan B2,"Lot No. 41-C-3, Kalayaan B St., Brgy. Batasan Hills","Lot 41-C-3, Kalayaan B Street, Barangay Batasan Hills, Quezon City, Philippines",Childcare,Public,Child development centers,"Data_QC Caring Cities Tracker, QC Administrative Data - Child",,,14.68877871,121.0929834,2.0
92,Batasan Hills,Pook Pag-asa,"B1 L21 Pook Pagasa St., Brgy. Batasan Hills","B1 L21 Pook Pagasa Street, Barangay Batasan Hills, Quezon City, Philippines",Childcare,Public,Child development centers,"Data_QC Caring Cities Tracker, QC Administrative Data - Child",,,14.69295507,121.0981922,2.0
93,Batasan Hills,Batasan Hills Super Health Centers,"2 IBP Road, Brgy. Batasan Hills","2 IBP Road, Barangay Batasan Hills, Quezon City, Philippines",Health centers,,Super health care centers,"Data_QC Caring Cities Tracker, QC Administrative Data - Health",,,,,2.0
94,Batasan Hills,Freedom Park 5,"Jordan St., Freedom Park 5, Brgy. Batasan Hills","Jordan Street, Freedom Park 5, Barangay Batasan Hills, Quezon City, Philippines",Childcare,Public,Child development centers,"Data_QC Caring Cities Tracker, QC Administrative Data - Child",,,,,2.0
95,Batasan Hills,Batasan Hills Annex,"Bill cor. Saret St., Brgy. Batasan Hills","Bill corner Saret Street, Barangay Batasan Hills, Quezon City, Philippines",Health centers,,Health centers,"Data_QC Caring Cities Tracker, QC Administrative Data - Health",,,14.6861789,121.0993394,2.0
96,Batasan Hills,Jasmin,"Lot 35-A, Jasmin St., Brgy. Batasan Hills","Lot 35-A, Jasmin Street, Barangay Batasan Hills, Quezon City, Philippines",Childcare,Public,Child development centers,"Data_QC Caring Cities Tracker, QC Administrative Data - Child",,,,,2.0
97,Batasan Hills,gaya aesthetic and wellness center,"unit 204-a, blk 7, lots 2  and 3, batasan-san mateo road , batasan hills, quezon city, ncr, 1126","unit 204-a, blk 7, lots 2 and 3, batasan-san mateo road , batasan hills, quezon city, ncr, 1126, Philippines",Long-term care and rehabilitation services,,Physical therapy clinic,"QC Future Ready dashboard, Long-term care and rehabilitation services",11:00AM,8:00PM,14.68179684,121.1073353,2.0
98,Batasan Hills,Luzviminda,"Luzviminda Subd., Brgy. Batasan Hills","Luzviminda Subdivision, Barangay Batasan Hills, Quezon City, Philippines",Childcare,Public,Child development centers,"Data_QC Caring Cities Tracker, QC Administrative Data - Child",,,14.6865607,121.0949927,2.0
99,Batasan Hills,rapha corporation,"lot 11 blk. 10, sunnyside hgts., batasan hills, quezon city, ncr, 1126","lot 11 blk. 10, sunnyside hgts., batasan hills, quezon city, ncr, 1126, Philippines",Older persons care,,Nursing care center,"QC Future Ready dashboard, Older persons care",8:00AM,5:00PM,14.68936121,121.1036536,2.0
100,Batasan Hills,skdc neuro psychological testing and assessment center,"unit no.2 a-102, colton place apartment, 155, session road, talanay area b, batasan hills, quezon city, ncr, 1126","unit 2 a-102, colton place apartment, 155, session road, talanay area b, batasan hills, quezon city, ncr, 1126, Philippines",Long-term care and rehabilitation services,,Psychological clinic,"QC Future Ready dashboard, Long-term care and rehabilitation services",8:00AM,5:00PM,14.68051701,121.101791,2.0
101,Batasan Hills,Rosario Maclang Bautista General Hospital,IBP Road Batasan Hills,"IBP Road Barangay Batasan Hills, Quezon City, Philippines",Health centers,,LGU-run hospitals,"Data_QC Caring Cities Tracker, QC Administrative Data - Health",,,14.6860552,121.0890724,2.0
102,Batasan Hills,"bebu child care solutions, inc.","3, mt. morrison street, filinvest 1, batasan hills, quezon city, ncr, 1126","3, mt. morrison street, filinvest 1, batasan hills, quezon city, ncr, 1126, Philippines",Childcare,Private,Child learning center,"QC Future Ready dashboard, Childcare",7:30AM,5:30PM,14.68094408,121.0921462,2.0
103,Batasan Hills,Freedom Park 3 & 4,"Fortune St., Brgy. Batasan Hills","Fortune Street, Barangay Batasan Hills, Quezon City, Philippines",Childcare,Public,Child development centers,"Data_QC Caring Cities Tracker, QC Administrative Data - Child",,,14.6847203,121.0977359,2.0
104,Batasan Hills,san antonio de padua catholic school of batasan inc.,"lots 1-c & 1-d, blk 11, san mateo road, batasan hills, quezon city, ncr, 1126","lots 1-c & 1-d, blk 11, san mateo road, batasan hills, quezon city, ncr, 1126, Philippines",Schools,Private,Private school,"QC Future Ready dashboard, Schools",8:00AM,5:00PM,14.68697455,121.1008609,2.0
105,Batasan Hills,Batasan Hills Super,"2 IBP Road, Brgy. Batasan Hills","2 IBP Road, Barangay Batasan Hills, Quezon City, Philippines",Health centers,,Health centers,"Data_QC Caring Cities Tracker, QC Administrative Data - Health",,,,,2.0
106,Batasan Hills,Quezon City Kabahagi Center For Children With Disabilitites,"Serbisyong Bayan Park, Barangay Batasan Hills, Quezon City","Serbisyong Bayan Park, Barangay Batasan Hills, Quezon City, Philippines",Long-term care and rehabilitation services,,Quezon City Kabahagi Center For Children With Disabilitites,"Data_QC Caring Cities Tracker, QC LGU Services&Locations",,,14.6902313,121.0950281,2.0
107,Batasan Hills,blh play center,"41, mt. mickinley st., filinvest 1 subd., batasan hills, quezon city, ncr, 1126","41, mt. mickinley Street, filinvest 1 Subdivision, batasan hills, quezon city, ncr, 1126, Philippines",Childcare,Private,Child learning center,"QC Future Ready dashboard, Childcare",9:00AM,11:00AM,14.682023,121.09818,2.0
108,Batasan Hills,steven&hudson arts and play center,"unit 212, royale place, don antonio drive, batasan hills, quezon city, ncr, 1126","unit 212, royale place, don antonio drive, batasan hills, quezon city, ncr, 1126, Philippines",Long-term care and rehabilitation services,,Physical/occupational therapy school,"QC Future Ready dashboard, Long-term care and rehabilitation services",9:00AM,5:00PM,14.682023,121.09818,2.0
109,Batasan Hills,Kalayaan B3,"Lot No. 41-C-3, Kalayaan B St., Brgy. Batasan Hills","Lot 41-C-3, Kalayaan B Street, Barangay Batasan Hills, Quezon City, Philippines",Childcare,Public,Child development centers,"Data_QC Caring Cities Tracker, QC Administrative Data - Child",,,14.68877871,121.0929834,2.0
110,Batasan Hills,Area 3 Sitio Talanay,"Lot 16 Block 26 Ground Floor, Precious Complex, Area 3 Sitio Talanay, Brgy. Batasan Hills","Lot 16 Block 26 Ground Floor, Precious Complex, Area 3 Sitio Talanay, Barangay Batasan Hills, Quezon City, Philippines",Childcare,Public,Child development centers,"Data_QC Caring Cities Tracker, QC Administrative Data - Child",,,14.6847203,121.0977359,2.0
111,Batasan Hills,De Gloria,"De Gloria Taniman Ext. Talanay Area, Brgy. Batasan Hills","De Gloria Taniman Extension Talanay Area, Barangay Batasan Hills, Quezon City, Philippines",Childcare,Public,Child development centers,"Data_QC Caring Cities Tracker, QC Administrative Data - Child",,,14.6847203,121.0977359,2.0
112,Batasan Hills,kumdan jungang christian school inc.,"181, sitio 3, batasan hills, quezon city, ncr, 1126","181, sitio 3, batasan hills, quezon city, ncr, 1126, Philippines",Schools,Private,Private school,"QC Future Ready dashboard, Schools",8:00AM,5:00PM,14.682023,121.09818,2.0
113,Bayanihan,Bayanihan,"321 Pedro Martinez St. Project 4, Brgy. Bayanihan","321 Pedro Martinez Street Project 4, Barangay Bayanihan, Quezon City, Philippines",Childcare,Public,Child development centers,"Data_QC Caring Cities Tracker, QC Administrative Data - Child",,,14.6148139,121.0693191,3.0
114,Botocan,Botocan,"Brgy. Botocan Brgy. Hall, Makadios St.","Barangay Botocan Barangay Hall, Makadios Street, Quezon City, Philippines",Childcare,Public,Child development centers,"Data_QC Caring Cities Tracker, QC Administrative Data - Child",,,14.636646,121.0623611,4.0
115,Bungad,dmr psychological services inc.,"unit 3a 3rd floor, the west wing building, 107 west avenue, n/a, bungad, quezon city, ncr, 1105","unit 3a 3rd floor, the west wing building, 107 west avenue, n/a, bungad, quezon city, ncr, 1105, Philippines",Long-term care and rehabilitation services,,Psychological clinic,"QC Future Ready dashboard, Long-term care and rehabilitation services",8:00AM,5:00PM,14.65065522,121.0287362,1.0
116,Bungad,kolisko waldorf school inc.,"#65, baler st., bungad, quezon city, ncr, 1105","#65, baler Street, bungad, quezon city, ncr, 1105, Philippines",Schools,Private,Private school,"QC Future Ready dashboard, Schools",8:00AM,5:00PM,14.6475426,121.0250859,1.0
117,Bungad,Bungad I,Sanches St. cor. Supnet St.,"Sanches Street corner Supnet Street, Quezon City, Philippines",Childcare,Public,Child development centers,"Data_QC Caring Cities Tracker, QC Administrative Data - Child",,,14.65080978,121.0245226,1.0
118,Bungad,dmr psychological services,"unit 3b 3/f, west wing bldg, #107 west ave., bungad, quezon city, ncr, 1105","unit 3b 3/f, west wing bldg, #107 west Avenue, bungad, quezon city, ncr, 1105, Philippines",Long-term care and rehabilitation services,,Psychological clinic,"QC Future Ready dashboard, Long-term care and rehabilitation services",8:00AM,5:00PM,14.65065522,121.0287362,1.0
119,Bungad,Bungad II,Sanches.St.corner Supnet St.,"Sanches.Streetcorner Supnet Street, Quezon City, Philippines",Childcare,Public,Child development centers,"Data_QC Caring Cities Tracker, QC Administrative Data - Child",,,14.65113021,121.0245932,1.0
120,Bungad,"st. vincent school of quezon city, inc.","99, west ave., bungad, quezon city, ncr, 1105","99, west Avenue, bungad, quezon city, ncr, 1105, Philippines",Schools,Private,Private school,"QC Future Ready dashboard, Schools",8:00AM,5:00PM,14.64949998,121.02858,1.0
121,Bungad,tiny thinkers learning center inc.,"113, west avenue , bungad, quezon city, ncr, 1105","113, west avenue , bungad, quezon city, ncr, 1105, Philippines",Childcare,Private,Child learning center,"QC Future Ready dashboard, Childcare",8:00AM,5:00PM,14.65154198,121.0289256,1.0
122,Bungad,cms-asia sports therapy clinic,"#93, mpire center, west ave., bungad, quezon city, ncr, 1104","#93, mpire center, west Avenue, bungad, quezon city, ncr, 1104, Philippines",Long-term care and rehabilitation services,,Therapeutic clinic,"QC Future Ready dashboard, Long-term care and rehabilitation services",8:00AM,5:00PM,14.65140831,121.0291156,1.0
123,Bungad,dmr psychological services inc.,"unit 3a 3rd floor, the west wing building, 107 west avenue, n/a, bungad, quezon city, ncr, 1105","unit 3a 3rd floor, the west wing building, 107 west avenue, n/a, bungad, quezon city, ncr, 1105, Philippines",Long-term care and rehabilitation services,,Psychological clinic,"QC Future Ready dashboard, Long-term care and rehabilitation services",8:00AM,5:00PM,14.65065522,121.0287362,1.0
124,Camp Aguinaldo,Camp Aguinaldo,"General Lim St., Brgy. Camp Aguinaldo","General Lim Street, Barangay Camp Aguinaldo, Quezon City, Philippines",Childcare,Public,Child development centers,"Data_QC Caring Cities Tracker, QC Administrative Data - Child",,,,,3.0
125,Capri,Capri,"Narra St. Area 5, Brgy. Capri, Novaliches","Narra Street Area 5, Barangay Capri, Novaliches, Quezon City, Philippines",Health centers,,Health centers,"Data_QC Caring Cities Tracker, QC Administrative Data - Health",,,14.71659291,121.0291654,5.0
126,Capri,Champaca,"Barangay Hall Building, Sampaguita St., Area 5","Barangay Hall Building, Sampaguita Street, Area 5, Quezon City, Philippines",Childcare,Public,Child development centers,"Data_QC Caring Cities Tracker, QC Administrative Data - Child",,,,,5.0
127,Capri,Narra,"Barangay Hall Building, Sampaguita St., Area 5","Barangay Hall Building, Sampaguita Street, Area 5, Quezon City, Philippines",Childcare,Public,Child development centers,"Data_QC Caring Cities Tracker, QC Administrative Data - Child",,,,,5.0
128,Central,psych profile center for psychological assessment services,"unit 401a, balgan place 3, 140 kalayaan avenue, central, quezon city, ncr, 1100","unit 401a, balgan place 3, 140 kalayaan avenue, central, quezon city, ncr, 1100, Philippines",Long-term care and rehabilitation services,,Psychological clinic,"QC Future Ready dashboard, Long-term care and rehabilitation services",8:00AM,5:00PM,14.64428875,121.0538586,4.0
129,Central,Kalayaan,#81 Kalayaan Ave. Brgy. Central,"#81 Kalayaan Avenue Barangay Central, Quezon City, Philippines",Childcare,Public,Child development centers,"Data_QC Caring Cities Tracker, QC Administrative Data - Child",,,14.64428875,121.0538586,4.0
130,Central,healot biomekaniks inc.,"first floor, pitahc, matapang, east avenue medical center compound, central, quezon city, ncr, 1100","first floor, pitahc, matapang, east avenue medical center compound, central, quezon city, ncr, 1100, Philippines",Long-term care and rehabilitation services,,Physical therapy clinic,"QC Future Ready dashboard, Long-term care and rehabilitation services",8:00AM,5:00PM,14.64286712,121.0473656,4.0
131,Central,neung thai foot and body massage,"18, matalino, central, quezon city, ncr, 1100","18, matalino, central, quezon city, ncr, 1100, Philippines",Long-term care and rehabilitation services,,Therapeutic clinic,"QC Future Ready dashboard, Long-term care and rehabilitation services",12:00PM,10:00PM,,,4.0
132,Central,Quezon City Yakap,"QC Hall Compound, Brgy. Central (Back of QC Public Library)","QC Hall Compound, Barangay Central (Back of QC Public Library), Quezon City, Philippines",Childcare,Public,Child development centers,"Data_QC Caring Cities Tracker, QC Administrative Data - Child",,,,,4.0
133,Central,psych profile center for psychological assessment services,"unit 401a, balgan place 3, 140 kalayaan avenue, central, quezon city, ncr, 1100","unit 401a, balgan place 3, 140 kalayaan avenue, central, quezon city, ncr, 1100, Philippines",Long-term care and rehabilitation services,,Psychological clinic,"QC Future Ready dashboard, Long-term care and rehabilitation services",8:00AM,5:00PM,14.64428875,121.0538586,4.0
134,Central,Forestry,BFD Compound Brgy. Central,"BFD Compound Barangay Central, Quezon City, Philippines",Childcare,Public,Child development centers,"Data_QC Caring Cities Tracker, QC Administrative Data - Child",,,14.6426348,121.0511412,4.0
135,Central,Botanical,128 Orchid St. Brgy. Central,"128 Orchid Street Barangay Central, Quezon City, Philippines",Childcare,Public,Child development centers,"Data_QC Caring Cities Tracker, QC Administrative Data - Child",,,14.6426348,121.0511412,4.0
136,Central,Lung Center of the Philippines,"Quezon Avenue, Barangay Central, Diliman","Lung Center of the Philippines Quezon Avenue, Barangay Central, Diliman, Quezon City, Philippines",Health centers,,National government-owned hospitals,"Data_QC Caring Cities Tracker, QC Administrative Data - Health",,,14.6477279,121.0452136,4.0
137,Central,sisidlan institute inc.,"98, matatag st., central, quezon city, ncr, 1100","98, matatag Street, central, quezon city, ncr, 1100, Philippines",Schools,Private,Private school,"QC Future Ready dashboard, Schools",9:00AM,4:00PM,14.64064408,121.049577,4.0
138,Central,niño's reading and tutorial services,"room 306 , 3rd floor ,  37 matalino street , central, quezon city, ncr, 1100","room 306 , 3rd floor , 37 matalino street , central, quezon city, ncr, 1100, Philippines",Childcare,Private,Child learning center,"QC Future Ready dashboard, Childcare",8:00AM,5:00PM,14.64471419,121.0505745,4.0
139,Claro (Quirino 3-B),Claro,"20 Almon St., Brgy. Claro","20 Almon Street, Barangay Claro, Quezon City, Philippines",Childcare,Public,Child development centers,"Data_QC Caring Cities Tracker, QC Administrative Data - Child",,,14.63259525,121.0652036,3.0
140,Commonwealth,enhanced mobility physical therapy clinic,"unit 306 3rd flr., jocfer building, commonwealth avenue, holy spirit, quezon city, ncr, 1127","unit 306 3rd Floor, jocfer building, commonwealth avenue, holy spirit, quezon city, ncr, 1127, Philippines",Long-term care and rehabilitation services,,Physical therapy clinic,"QC Future Ready dashboard, Long-term care and rehabilitation services",9:00AM,6:00PM,,,2.0
141,Commonwealth,National Government Center Super,"MRB, Phase 1 Pilot Drive, Brgy. Commonwealth","MRB, Phase 1 Pilot Drive, Barangay Commonwealth, Quezon City, Philippines",Health centers,,Health centers,"Data_QC Caring Cities Tracker, QC Administrative Data - Health",,,14.7060131,121.0869798,2.0
142,Commonwealth,Pinadama,"Pinadama Pilot Drive, Brgy. Commonwealth","Pinadama Pilot Drive, Barangay Commonwealth, Quezon City, Philippines",Childcare,Public,Child development centers,"Data_QC Caring Cities Tracker, QC Administrative Data - Child",,,14.7060131,121.0869798,2.0
143,Commonwealth,diliman educational corporation,"l43 b4, commonwealth ave, matandang balara, quezon city, ncr, 1119","l43 b4, commonwealth ave, matandang balara, quezon city, ncr, 1119, Philippines",Childcare,Private,Child learning center,"QC Future Ready dashboard, Childcare",8:00AM,5:00PM,,,2.0
144,Commonwealth,Unit IV,"Unit IV, Plaza Riverside, Brgy. Commonwealth","Unit IV, Plaza Riverside, Barangay Commonwealth, Quezon City, Philippines",Childcare,Public,Child development centers,"Data_QC Caring Cities Tracker, QC Administrative Data - Child",,,14.7060131,121.0869798,2.0
145,Commonwealth,Don Fabian,"Don Fabian, Brgy. Commonwealth","Don Fabian, Barangay Commonwealth, Quezon City, Philippines",Childcare,Public,Child development centers,"Data_QC Caring Cities Tracker, QC Administrative Data - Child",,,14.70305817,121.0826236,2.0
146,Commonwealth,Upper Nawasa,"Unit VII Upper NAWASA, Brgy. Commonwealth","Unit VII Upper NAWASA, Barangay Commonwealth, Quezon City, Philippines",Childcare,Public,Child development centers,"Data_QC Caring Cities Tracker, QC Administrative Data - Child",,,14.7060131,121.0869798,2.0
147,Commonwealth,"immaculate mother school, quezon city inc.","872, immaculate mother school, quezon city inc., commonwealth avenue, commonwealth, quezon city, ncr, 1121","872, immaculate mother school, quezon city inc., commonwealth avenue, commonwealth, quezon city, ncr, 1121, Philippines",Schools,Private,Private school,"QC Future Ready dashboard, Schools",7:30AM,4:00PM,14.704434,121.084527,2.0
148,Commonwealth,Gravel Pit,"St. Paulia St., Gravel Pit, Brgy. Commonwealth","Street Paulia Street, Gravel Pit, Barangay Commonwealth, Quezon City, Philippines",Childcare,Public,Child development centers,"Data_QC Caring Cities Tracker, QC Administrative Data - Child",,,14.7060131,121.0869798,2.0
149,Commonwealth,Litex,"Payatas Road corner Bayanihan St., Brgy. Commonwealth","Payatas Road corner Bayanihan Street, Barangay Commonwealth, Quezon City, Philippines",Childcare,Public,Child development centers,"Data_QC Caring Cities Tracker, QC Administrative Data - Child",,,,,2.0
150,Commonwealth,National Government Center (NGC) Super Health Center,"MRB, Phase 1 Pilot Drive, Brgy. Commonwealth","MRB, Phase 1 Pilot Drive, Barangay Commonwealth, Quezon City, Philippines",Health centers,,Health center pharmacy,"Data_QC Caring Cities Tracker, QC Administrative Data - Health",,,14.7060131,121.0869798,2.0
151,Commonwealth,"estar castle integrated school, inc.","1817-a, ecols, commonwealth, quezon city, ncr, 1121","1817-a, ecols, commonwealth, quezon city, ncr, 1121, Philippines",Schools,Private,Private school,"QC Future Ready dashboard, Schools",8:00AM,5:00PM,14.69833896,121.0825353,2.0
152,Commonwealth,"dakila school foundation, inc.","322, don fabian , commonwealth, quezon city, ncr, 1121","322, don fabian , commonwealth, quezon city, ncr, 1121, Philippines",Schools,Private,Private school,"QC Future Ready dashboard, Schools",8:00AM,5:00PM,14.70305817,121.0826236,2.0
153,Commonwealth,"estar castle integrated school, inc.","1817-a, ecols, commonwealth, quezon city, ncr, 1121","1817-a, ecols, commonwealth, quezon city, ncr, 1121, Philippines",Schools,Private,Private school,"QC Future Ready dashboard, Schools",8:00AM,5:00PM,14.69833896,121.0825353,2.0
154,Commonwealth,Lower Nawasa,"Purok 6, Unit 7 Lower NAWASA, Brgy. Commonwealth","Purok 6, Unit 7 Lower NAWASA, Barangay Commonwealth, Quezon City, Philippines",Childcare,Public,Child development centers,"Data_QC Caring Cities Tracker, QC Administrative Data - Child",,,14.7060131,121.0869798,2.0
155,Commonwealth,E. Castillo,"E. Castillo St., Brgy. Commonwealth","E. Castillo Street, Barangay Commonwealth, Quezon City, Philippines",Childcare,Public,Child development centers,"Data_QC Caring Cities Tracker, QC Administrative Data - Child",,,14.70031471,121.0845014,2.0
156,Commonwealth,Gold,"Gold St., near Commonwealth Highschool, Brgy. Commonwealth","Gold Street, near Commonwealth Highschool, Barangay Commonwealth, Quezon City, Philippines",Childcare,Public,Child development centers,"Data_QC Caring Cities Tracker, QC Administrative Data - Child",,,,,2.0
157,Commonwealth,Kasunduan,"Ground floor, Kasunduan Multi-purpose Hall, Unit 2, Kasunduan Extension, Brgy. Commonwealth","Ground floor, Kasunduan Multi-purpose Hall, Unit 2, Kasunduan Extension, Barangay Commonwealth, Quezon City, Philippines",Childcare,Public,Child development centers,"Data_QC Caring Cities Tracker, QC Administrative Data - Child",,,14.69708145,121.0928213,2.0
158,Commonwealth,Purok 15,"Purok 15, Pinagnayon St., Brgy. Commonwealth","Purok 15, Pinagnayon Street, Barangay Commonwealth, Quezon City, Philippines",Childcare,Public,Child development centers,"Data_QC Caring Cities Tracker, QC Administrative Data - Child",,,,,2.0
159,Commonwealth,shining stars child development tutorial center,"2f - 1c  1d,  pearl drive commercial center , commonwealth ave corner pearl street, fairview, quezon city, ncr, 1118","2f - 1c 1d, pearl drive commercial center , commonwealth ave corner pearl street, fairview, quezon city, ncr, 1118, Philippines",Childcare,Private,Child learning center,"QC Future Ready dashboard, Childcare",8:00AM,5:00PM,,,2.0
160,Commonwealth,Purok 16,"Unit V, Purok 16, Brgy. Commonwealth","Unit V, Purok 16, Barangay Commonwealth, Quezon City, Philippines",Childcare,Public,Child development centers,"Data_QC Caring Cities Tracker, QC Administrative Data - Child",,,14.7060131,121.0869798,2.0
161,Commonwealth,National Government Center Lying-In Clinic,"MRB Compound, Pilot Drive, Brgy. Commonwealth","MRB Compound, Pilot Drive, Barangay Commonwealth, Quezon City, Philippines",Health centers,,LGU-run lying-in clinics,"Data_QC Caring Cities Tracker, QC Administrative Data - Health",,,14.7060131,121.0869798,2.0
162,Commonwealth,Soliven,"Commonwealth Heights, Soliven St. corner President Quezon St., Brgy. Commonwealth","Commonwealth Heights, Soliven Street corner President Quezon Street, Barangay Commonwealth, Quezon City, Philippines",Childcare,Public,Child development centers,"Data_QC Caring Cities Tracker, QC Administrative Data - Child",,,14.70203876,121.0871636,2.0
163,Commonwealth,high 10 therapy center,"2nd flr., berkeley square, 869 commonwealth ave., matandang balara, quezon city, ncr, 1119","2nd Floor, berkeley square, 869 commonwealth Avenue, matandang balara, quezon city, ncr, 1119, Philippines",Long-term care and rehabilitation services,,Therapeutic clinic,"QC Future Ready dashboard, Long-term care and rehabilitation services",8:00AM,6:30PM,,,2.0
164,Commonwealth,Unit V,"Ground floor, DCC Paulate Bldg., Bato bato St., Brgy. Commonwealth","Ground floor, DCC Paulate Building, Bato bato Street, Barangay Commonwealth, Quezon City, Philippines",Childcare,Public,Child development centers,"Data_QC Caring Cities Tracker, QC Administrative Data - Child",,,,,2.0
165,Commonwealth,Kaunlaran,"Lot 9A, Unit 2, Kaunlaran St., Brgy. Commonwealth","Lot 9A, Unit 2, Kaunlaran Street, Barangay Commonwealth, Quezon City, Philippines",Childcare,Public,Child development centers,"Data_QC Caring Cities Tracker, QC Administrative Data - Child",,,14.6989133,121.0897562,2.0
166,Commonwealth,Commonwealth,"Katuparan St., Brgy. Commonwealth","Katuparan Street, Barangay Commonwealth, Quezon City, Philippines",Health centers,,Health centers,"Data_QC Caring Cities Tracker, QC Administrative Data - Health",,,14.696917,121.088006,2.0
167,Commonwealth,Purok 12,"Purok 12, Adarna St., Brgy. Commonwealth","Purok 12, Adarna Street, Barangay Commonwealth, Quezon City, Philippines",Childcare,Public,Child development centers,"Data_QC Caring Cities Tracker, QC Administrative Data - Child",,,,,2.0
168,Commonwealth,Purok 20,"Unit V, Purok 20, Brgy. Commonwealth","Unit V, Purok 20, Barangay Commonwealth, Quezon City, Philippines",Childcare,Public,Child development centers,"Data_QC Caring Cities Tracker, QC Administrative Data - Child",,,14.7060131,121.0869798,2.0
169,Commonwealth,cambridge children's learning & development inc.,"l9 b176, commonwealth ave., north fairview, quezon city, ncr, 1121","l9 b176, commonwealth Avenue, north fairview, quezon city, ncr, 1121, Philippines",Childcare,Private,Child learning center,"QC Future Ready dashboard, Childcare",8:00AM,5:19AM,,,2.0
170,Commonwealth,common-wealth academy inc.,"#1412, adarna st. unit v , commonwealth, quezon city, ncr, 1121","#1412, adarna Street unit v , commonwealth, quezon city, ncr, 1121, Philippines",Schools,Private,Private school,"QC Future Ready dashboard, Schools",7:00AM,5:00PM,14.699689,121.0765454,2.0
171,Culiat,Wenceslao Dela Paz (Culiat),"Sta. Felicia St. , San Antonio Homes, Brgy. Culiat","Sta. Felicia Street , San Antonio Homes, Barangay Culiat, Quezon City, Philippines",Health centers,,Health centers,"Data_QC Caring Cities Tracker, QC Administrative Data - Health",,,14.66707415,121.0568763,6.0
172,Culiat,Metro Heights,"Adelfa Metro Heights, Visayas Ave.","Adelfa Metro Heights, Visayas Avenue, Quezon City, Philippines",Childcare,Public,Child development centers,"Data_QC Caring Cities Tracker, QC Administrative Data - Child",,,,,6.0
173,Culiat,"casa de carmel montessori, inc.","47, morning star drive, sanville subdivision, culiat, quezon city, ncr, 1128","47, morning star drive, sanville subdivision, culiat, quezon city, ncr, 1128, Philippines",Schools,Private,Private school,"QC Future Ready dashboard, Schools",7:00AM,7:00PM,14.66417261,121.0472983,6.0
174,Culiat,Purok I,"251 Purok I, Luzon Avenue","251 Purok I, Luzon Avenue, Quezon City, Philippines",Childcare,Public,Child development centers,"Data_QC Caring Cities Tracker, QC Administrative Data - Child",,,,,6.0
175,Culiat,Cenacle Drive,"5A Cenacle Drive, Sitio Mabilog","5A Cenacle Drive, Sitio Mabilog, Quezon City, Philippines",Childcare,Public,Child development centers,"Data_QC Caring Cities Tracker, QC Administrative Data - Child",,,14.66607499,121.0471357,6.0
176,Damayan,Damayan,30 San Vicente St.,"30 San Vicente Street, Quezon City, Philippines",Childcare,Public,Child development centers,"Data_QC Caring Cities Tracker, QC Administrative Data - Child",,,14.63880498,121.0142366,1.0
177,Damayan,San Francisco Super Health Centers,"H. San Francisco St. corner San Vicente St., Brgy. Damayan","H. San Francisco Street corner San Vicente Street, Barangay Damayan, Quezon City, Philippines",Health centers,,Super health care centers,"Data_QC Caring Cities Tracker, QC Administrative Data - Health",,,14.63937238,121.0146712,1.0
178,Damayan,San Francisco Super,H. Francisco cor. San Vicente St. Brgy Damayan,"H. Francisco corner San Vicente Street Barangay Damayan, Quezon City, Philippines",Health centers,,Health centers,"Data_QC Caring Cities Tracker, QC Administrative Data - Health",,,14.63880498,121.0142366,1.0
179,Damayan,San Francisco Lying–In Clinic,"H. Francisco St. corner San Vicente St., Brgy. Damayan","H. Francisco Street corner San Vicente Street, Barangay Damayan, Quezon City, Philippines",Health centers,,LGU-run lying-in clinics,"Data_QC Caring Cities Tracker, QC Administrative Data - Health",,,14.63937238,121.0146712,1.0
180,Damayang Lagi,Damayang Lagi,Block 4 (Chapel) E. Rodriguez Sr. Ave. Brgy. Damayang Lagi,"Block 4 (Chapel) E. Rodriguez Sr. Avenue Barangay Damayang Lagi, Quezon City, Philippines",Childcare,Public,Child development centers,"Data_QC Caring Cities Tracker, QC Administrative Data - Child",,,14.6164505,121.022814,4.0
181,Del Monte,Del Monte,"21 Florencia West SFDM
Multipurpose Hall","21 Florencia West SFDM
Multipurpose Hall, Quezon City, Philippines",Childcare,Public,Child development centers,"Data_QC Caring Cities Tracker, QC Administrative Data - Child",,,14.6418077,121.0136298,1.0
182,Del Monte,Bukal ng Pag-asa,"21 Florencia West SFDM
Multipurpose Hall","21 Florencia West SFDM
Multipurpose Hall, Quezon City, Philippines",Childcare,Public,Child development centers,"Data_QC Caring Cities Tracker, QC Administrative Data - Child",,,14.6418077,121.0136298,1.0
183,Del Monte,ace water health & spa center inc.,"399, del monte ave., manresa, quezon city, ncr, 1115","399, del monte Avenue, manresa, quezon city, ncr, 1115, Philippines",Long-term care and rehabilitation services,,Therapeutic clinic,"QC Future Ready dashboard, Long-term care and rehabilitation services",8:00AM,5:00PM,,,1.0
184,Del Monte,ab child developmental therapy center,"c4 , srf bldg, 1038, san francisco del monte ave., paraiso, quezon city, ncr, 1104","c4 , srf bldg, 1038, san francisco del monte Avenue, paraiso, quezon city, ncr, 1104, Philippines",Long-term care and rehabilitation services,,Physical/occupational therapy school,"QC Future Ready dashboard, Long-term care and rehabilitation services",8:00AM,5:00PM,14.64047855,121.0172814,1.0
185,Del Monte,ace water health & spa center inc.,"399, del monte ave., manresa, quezon city, ncr, 1115","399, del monte Avenue, manresa, quezon city, ncr, 1115, Philippines",Long-term care and rehabilitation services,,Therapeutic clinic,"QC Future Ready dashboard, Long-term care and rehabilitation services",8:00AM,5:00PM,,,1.0
186,Dioquino Zobel,Dioquino Zobel,"18 Lizardo St. 20th Ave., Brgy. Dioquino Zobel","18 Lizardo Street 20th Avenue, Barangay Dioquino Zobel, Quezon City, Philippines",Childcare,Public,Child development centers,"Data_QC Caring Cities Tracker, QC Administrative Data - Child",,,14.61939441,121.0643398,3.0
187,Don Manuel,Don Manuel,L. Castillo corner Matimyas St. Brgy. Don Manuel,"L. Castillo corner Matimyas Street Barangay Don Manuel, Quezon City, Philippines",Childcare,Public,Child development centers,"Data_QC Caring Cities Tracker, QC Administrative Data - Child",,,14.61651458,121.0044445,4.0
188,Don Manuel,mind specialists school inc.,"152-d, d. tuazon st. , don manuel, quezon city, ncr, 1113","152-d, d. tuazon Street , don manuel, quezon city, ncr, 1113, Philippines",Childcare,Private,Child learning center,"QC Future Ready dashboard, Childcare",6:00AM,7:00PM,14.61621448,121.0054485,4.0
189,Doña Aurora,Doña Aurora,E. Jacinto St. Brgy. Doña Aurora,"E. Jacinto Street Barangay Doña Aurora, Quezon City, Philippines",Childcare,Public,Child development centers,"Data_QC Caring Cities Tracker, QC Administrative Data - Child",,,14.61621067,121.0104831,4.0
190,Doña Imelda,Palanza,#38 Kapiligan St. Brgy. Doña Imelda,"#38 Kapiligan Street Barangay Doña Imelda, Quezon City, Philippines",Childcare,Public,Child development centers,"Data_QC Caring Cities Tracker, QC Administrative Data - Child",,,14.61023701,121.0194223,4.0
191,Doña Imelda,Kalayaan,"91 Guirayan St., Brgy. Doña Imelda","91 Guirayan Street, Barangay Doña Imelda, Quezon City, Philippines",Health centers,,Health centers,"Data_QC Caring Cities Tracker, QC Administrative Data - Health",,,14.61231666,121.0178328,4.0
192,Doña Imelda,enst therapeutic clinic,"1, lantawan st. , doña imelda, quezon city, ncr, 1113","1, lantawan Street , doña imelda, quezon city, ncr, 1113, Philippines",Long-term care and rehabilitation services,,Therapeutic clinic,"QC Future Ready dashboard, Long-term care and rehabilitation services",9:00AM,8:00PM,14.608149,121.0188215,4.0
193,Doña Imelda,Chamberette Doña Imelda,Chamberette Building Guirayan St. Brgy. Doña Imelda,"Chamberette Building Guirayan Street Barangay Doña Imelda, Quezon City, Philippines",Childcare,Public,Child development centers,"Data_QC Caring Cities Tracker, QC Administrative Data - Child",,,14.61231666,121.0178328,4.0
194,Doña Imelda,enst therapeutic clinic,"1, lantawan st. , doña imelda, quezon city, ncr, 1113","1, lantawan Street , doña imelda, quezon city, ncr, 1113, Philippines",Long-term care and rehabilitation services,,Therapeutic clinic,"QC Future Ready dashboard, Long-term care and rehabilitation services",9:00AM,8:00PM,14.608149,121.0188215,4.0
195,Doña Josefa,4ts psychological services,"18, kitanlad st, doña josefa, quezon city, ncr, 1113","18, kitanlad st, doña josefa, quezon city, ncr, 1113, Philippines",Long-term care and rehabilitation services,,Psychological clinic,"QC Future Ready dashboard, Long-term care and rehabilitation services",8:00AM,5:00PM,14.61905536,121.0065518,4.0
196,Doña Josefa,discovery den therapy and learning hub inc.,"unit 201, tc plaza no. 40, quezon ave., doña josefa, quezon city, ncr, 1113","unit 201, tc plaza 40, quezon Avenue, doña josefa, quezon city, ncr, 1113, Philippines",Long-term care and rehabilitation services,,Physical/occupational therapy school,"QC Future Ready dashboard, Long-term care and rehabilitation services",8:00AM,8:00PM,14.62195701,121.006657,4.0
197,Doña Josefa,Doña Josefa,Brgy. Doña Josefa Brgy. Hall Agno cor. Kitanlad St.,"Barangay Doña Josefa Barangay Hall Agno corner Kitanlad Street, Quezon City, Philippines",Childcare,Public,Child development centers,"Data_QC Caring Cities Tracker, QC Administrative Data - Child",,,14.61905536,121.0065518,4.0
198,Duyan-duyan,Duyan-duyan,"Kamagong St., cor. Kalanatas St., Brgy. Duyan-duyan","Kamagong Street, corner Kalanatas Street, Barangay Duyan-duyan, Quezon City, Philippines",Childcare,Public,Child development centers,"Data_QC Caring Cities Tracker, QC Administrative Data - Child",,,14.63025966,121.0666991,3.0
199,E. Rodriguez,E. Rodriguez Sr.,"181 Ermin Garcia St., Cubao, Brgy. E. Rodriguez Sr.","181 Ermin Garcia Street, Cubao, Barangay E. Rodriguez Sr., Quezon City, Philippines",Childcare,Public,Child development centers,"Data_QC Caring Cities Tracker, QC Administrative Data - Child",,,14.6286386,121.0552252,3.0
200,E. Rodriguez,corexpert physical therapy center,"#1237, e. rodriguez sr. , kristong hari, quezon city, ncr, 1112","#1237, e. rodriguez sr. , kristong hari, quezon city, ncr, 1112, Philippines",Long-term care and rehabilitation services,,Physical therapy clinic,"QC Future Ready dashboard, Long-term care and rehabilitation services",8:00AM,5:00PM,,,3.0
201,E. Rodriguez,k&m wellness corporation,"unit 101 1706, rimando building ii, e. rodriguez sr. ave., immaculate concepcion, cubao , ncr, 1109","unit 101 1706, rimando building ii, e. rodriguez sr. Avenue, immaculate concepcion, cubao , ncr, 1109, Quezon City, Philippines",Long-term care and rehabilitation services,,Physical therapy clinic,"QC Future Ready dashboard, Long-term care and rehabilitation services",10:00AM,8:00PM,,,3.0
202,E. Rodriguez,numberninjas co.,"5th flr.u-504, hemady square, 86, dona hemady street, corner e. rodriguez sr.avenue, kristong hari, quezon city, ncr, 1112","5th Flooru-504, hemady square, 86, dona hemady street, corner e. rodriguez sr.avenue, kristong hari, quezon city, ncr, 1112, Philippines",Childcare,Private,Child learning center,"QC Future Ready dashboard, Childcare",10:00AM,6:00PM,,,3.0
203,E. Rodriguez,National Children’s Hospital,"264 E. Rodriguez Sr. Avenue, Quezon City, Philippines","National Children’s Hospital 264 E. Rodriguez Sr. Avenue, Quezon City, Philippines",Health centers,,National government-owned hospitals,"Data_QC Caring Cities Tracker, QC Administrative Data - Health",,,,,3.0
204,E. Rodriguez,progressive minds learning and tutorial center inc.,"# 2, alabama st. cor e. rodriguez sr. ave, kristong hari, quezon city, ncr, 1112","# 2, alabama Street corner e. rodriguez sr. ave, kristong hari, quezon city, ncr, 1112, Philippines",Childcare,Private,Child learning center,"QC Future Ready dashboard, Childcare",8:00AM,5:00PM,,,3.0
205,East Kamias,East Kamias,"65 K 10th St., Brgy. East Kamias","65 K 10th Street, Barangay East Kamias, Quezon City, Philippines",Childcare,Public,Child development centers,"Data_QC Caring Cities Tracker, QC Administrative Data - Child",,,14.63200746,121.0579587,3.0
206,Escopa 1,Escopa,"P. Burgos St., Brgy. Escopa 1","P. Burgos Street, Barangay Escopa 1, Quezon City, Philippines",Health centers,,Health centers,"Data_QC Caring Cities Tracker, QC Administrative Data - Health",,,14.6245297,121.0730494,3.0
207,Escopa 1,Escopa Sentrong Sigla Health Center,"P. Burgos St., Brgy. Escopa 1","P. Burgos Street, Barangay Escopa 1, Quezon City, Philippines",Health centers,,Health center pharmacy,"Data_QC Caring Cities Tracker, QC Administrative Data - Health",,,14.6245297,121.0730494,3.0
208,Escopa 2,Escopa 2,"Mapagmahal St., Barangay Hall, Brgy. Escopa 2","Mapagmahal Street, Barangay Hall, Barangay Escopa 2, Quezon City, Philippines",Childcare,Public,Child development centers,"Data_QC Caring Cities Tracker, QC Administrative Data - Child",,,,,3.0
209,Escopa 3,Escopa 3A,"P. Burgos PUD Site Bliss, Brgy. Hall Compound, Project 4, Brgy. Escopa 3","P. Burgos PUD Site Bliss, Barangay Hall Compound, Project 4, Barangay Escopa 3, Quezon City, Philippines",Childcare,Public,Child development centers,"Data_QC Caring Cities Tracker, QC Administrative Data - Child",,,,,3.0
210,Escopa 4,Escopa 3B,"P. Burgos PUD Site Bliss, Brgy. Hall Compound, Project 4, Brgy. Escopa 3","P. Burgos PUD Site Bliss, Barangay Hall Compound, Project 4, Barangay Escopa 3, Quezon City, Philippines",Childcare,Public,Child development centers,"Data_QC Caring Cities Tracker, QC Administrative Data - Child",,,,,3.0
211,Escopa 4,Escopa 4,"Senior Citizen Bldg. Escopa 4 Ibaba, Brgy. Escopa 4","Senior Citizen Building Escopa 4 Ibaba, Barangay Escopa 4, Quezon City, Philippines",Childcare,Public,Child development centers,"Data_QC Caring Cities Tracker, QC Administrative Data - Child",,,,,3.0
212,Fairview,"fatima medical science foundation, inc.","block 87, lot 17 & 19, regalado ave., fairview, quezon city, ncr, 1121","block 87, lot 17 & 19, regalado Avenue, fairview, quezon city, ncr, 1121, Philippines",Long-term care and rehabilitation services,,Rehabilitation clinic,"QC Future Ready dashboard, Long-term care and rehabilitation services",8:00AM,5:00PM,14.70174359,121.0679922,5.0
213,Fairview,SAPAMANAI,"2nd Floor SAPAMANAI Bldg., Molave St. cor Mahogany St. Brgy Fairview","2nd Floor SAPAMANAI Building, Molave Street corner Mahogany Street Barangay Fairview, Quezon City, Philippines",Childcare,Public,Child development centers,"Data_QC Caring Cities Tracker, QC Administrative Data - Child",,,,,5.0
214,Fairview,altiora ability  therapy and education center inc.,"unit b, block 9, lot 1, camaro street corner pearl drive, camaro villa, fairview, quezon city, ncr, 1118","unit b, block 9, lot 1, camaro street corner pearl drive, camaro villa, fairview, quezon city, ncr, 1118, Philippines",Long-term care and rehabilitation services,,Physical/occupational therapy school,"QC Future Ready dashboard, Long-term care and rehabilitation services",8:00PM,5:00PM,14.7090107,121.0716066,5.0
215,Fairview,the philippine timothy christian academy of quezon city inc.,"blk 3, lot 1, pearl st., regalado ave., fairview, quezon city, ncr, 1118","blk 3, lot 1, pearl Street, regalado Avenue, fairview, quezon city, ncr, 1118, Philippines",Schools,Private,Private school,"QC Future Ready dashboard, Schools",7:00AM,7:00PM,14.709105,121.0670284,5.0
216,Fairview,discoveryplayschool day care center,"unit f, doc pau bldg.,, blk 27, lot 26, 73 pontiac st. , fairview, quezon city, ncr, 1118","unit f, doc pau Building, blk 27, lot 26, 73 pontiac Street , fairview, quezon city, ncr, 1118, Philippines",Childcare,Private,Child learning center,"QC Future Ready dashboard, Childcare",7:30AM,7:00PM,14.704475,121.0688301,5.0
217,Fairview,"eagle rock dialysis & wellness center, inc.","17, dart st. cor. camaro st., fairview park subd., fairview, quezon city, ncr, 1118","17, dart Street corner camaro Street, fairview park Subdivision, fairview, quezon city, ncr, 1118, Philippines",Long-term care and rehabilitation services,,Therapeutic clinic,"QC Future Ready dashboard, Long-term care and rehabilitation services",8:00AM,5:00PM,14.70524002,121.071575,5.0
218,Fairview,foot kingdom spa inc.,"ax3 250-252, sm city fairview, quirino highway, corner regalado ave., greater lagro, quezon city, ncr, 1100","ax3 250-252, sm city fairview, quirino highway, corner regalado Avenue, greater lagro, quezon city, ncr, 1100, Philippines",Long-term care and rehabilitation services,,Therapeutic clinic,"QC Future Ready dashboard, Long-term care and rehabilitation services",10:00AM,10:00PM,,,5.0
219,Fairview,"healing path foundation-hp, inc.","#11, jaguar st., fairview, quezon city, ncr, 1118","#11, jaguar Street, fairview, quezon city, ncr, 1118, Philippines",Long-term care and rehabilitation services,,Rehabilitation clinic,"QC Future Ready dashboard, Long-term care and rehabilitation services",8:00AM,5:00PM,14.70083642,121.0649416,5.0
220,Fairview,bethel christian school of  fairview inc.,"366, republic ave., west, fairview, quezon city, ncr, 1118","366, republic Avenue, west, fairview, quezon city, ncr, 1118, Philippines",Schools,Private,Private school,"QC Future Ready dashboard, Schools",8:00AM,5:00PM,,,5.0
221,Fairview,Sitio Urlina,Sitio Urlina Lilac St. Brgy. Fairview,"Sitio Urlina Lilac Street Barangay Fairview, Quezon City, Philippines",Childcare,Public,Child development centers,"Data_QC Caring Cities Tracker, QC Administrative Data - Child",,,,,5.0
222,Fairview,Fairview,"Ground floor Vargas Hall, Barangay Hall Complex, Dahlia St., Brgy. Fairview","Ground floor Vargas Hall, Barangay Hall Complex, Dahlia Street, Barangay Fairview, Quezon City, Philippines",Childcare,Public,Child development centers,"Data_QC Caring Cities Tracker, QC Administrative Data - Child",,,,,5.0
223,Fairview,Fairview,"Dahlia Avenue, Brgy. Fairview","Dahlia Avenue, Barangay Fairview, Quezon City, Philippines",Health centers,,Health centers,"Data_QC Caring Cities Tracker, QC Administrative Data - Health",,,14.6996186,121.0640358,5.0
224,Fairview,backinline posture clinics corporation,"ax3 234 upper groundfloor, sm city fairview, quirino hiway corner regalado avenue, greater lagro, quezon city, ncr, 1100","ax3 234 upper groundfloor, sm city fairview, quirino hiway corner regalado avenue, greater lagro, quezon city, ncr, 1100, Philippines",Long-term care and rehabilitation services,,Physical therapy clinic,"QC Future Ready dashboard, Long-term care and rehabilitation services",10:00AM,9:00PM,,,5.0
225,Fairview,Sitio Kislap,"Sitio Kislap Pearl St, Brgy. Fairview","Sitio Kislap Pearl St, Barangay Fairview, Quezon City, Philippines",Childcare,Public,Child development centers,"Data_QC Caring Cities Tracker, QC Administrative Data - Child",,,14.70901131,121.0717224,5.0
226,Fairview,Sitio Ruby,"Sitio Ruby St. SERNAI East Fairview, Brgy. Fairview","Sitio Ruby Street SERNAI East Fairview, Barangay Fairview, Quezon City, Philippines",Childcare,Public,Child development centers,"Data_QC Caring Cities Tracker, QC Administrative Data - Child",,,14.70957411,121.0698836,5.0
227,Fairview,khameon learning center,"unit 6, blk 4, lot 42, #43 chestnut st. cor. cypress st., fairview, quezon city, ncr, 1118","unit 6, blk 4, lot 42, #43 chestnut Street corner cypress Street, fairview, quezon city, ncr, 1118, Philippines",Childcare,Private,Child learning center,"QC Future Ready dashboard, Childcare",8:00AM,5:00PM,14.69871248,121.0598813,5.0
228,Fairview,"fatima medical science foundation, inc.","block 87, lot 17 & 19, regalado ave., fairview, quezon city, ncr, 1121","block 87, lot 17 & 19, regalado Avenue, fairview, quezon city, ncr, 1121, Philippines",Long-term care and rehabilitation services,,Rehabilitation clinic,"QC Future Ready dashboard, Long-term care and rehabilitation services",8:00AM,5:00PM,14.70174359,121.0679922,5.0
229,Fairview,holy child montessori school of fairview inc.,"b3, l3, paxton st., fairview, quezon city, ncr, 1118","b3, l3, paxton Street, fairview, quezon city, ncr, 1118, Philippines",Schools,Private,Private school,"QC Future Ready dashboard, Schools",8:00AM,4:00PM,14.70949601,121.075834,5.0
230,Fairview,Sitio RABOSNA,"14 Ruby St Sitio Rabosna, Brgy. Fairview","14 Ruby St Sitio Rabosna, Barangay Fairview, Quezon City, Philippines",Childcare,Public,Child development centers,"Data_QC Caring Cities Tracker, QC Administrative Data - Child",,,14.70957411,121.0698836,5.0
231,Fairview,MMTC,"Basilio St., cor Republic Ave., Brgy. Fairview","Basilio Street, corner Republic Avenue, Barangay Fairview, Quezon City, Philippines",Childcare,Public,Child development centers,"Data_QC Caring Cities Tracker, QC Administrative Data - Child",,,,,5.0
232,Fairview,ac biomechanics physical therapy clinic,"unit 210 2/f, regalado hive bldg., regalado ave., fairview, quezon city, ncr, 1118","unit 210 2/f, regalado hive Building, regalado Avenue, fairview, quezon city, ncr, 1118, Philippines",Long-term care and rehabilitation services,,Physical therapy clinic,"QC Future Ready dashboard, Long-term care and rehabilitation services",9:00AM,7:00PM,14.699643,121.067794,5.0
233,Greater Lagro,aces aba intervention learning and assessment center,"blk 50, lot 45, noche buena cor. pabasa st., greater lagro, quezon city, ncr, 1100","blk 50, lot 45, noche buena corner pabasa Street, greater lagro, quezon city, ncr, 1100, Philippines",Childcare,Private,Child learning center,"QC Future Ready dashboard, Childcare",8:00AM,5:00PM,,,5.0
234,Greater Lagro,sports health and wellness international inc.,"l38, b57, misa de gallo st, lagro subdivision, greater lagro, quezon city, ncr, 1100","l38, b57, misa de gallo st, lagro subdivision, greater lagro, quezon city, ncr, 1100, Philippines",Long-term care and rehabilitation services,,Physical therapy clinic,"QC Future Ready dashboard, Long-term care and rehabilitation services",9:00AM,4:00PM,14.727017,121.0654899,5.0
235,Greater Lagro,creative circle child development house inc.,"blk. 27 lot 17, salawikain st., greater lagro, quezon city, ncr","blk. 27 lot 17, salawikain Street, greater lagro, quezon city, ncr, Philippines",Childcare,Private,Day care center,"QC Future Ready dashboard, Childcare",8:00AM,5:00PM,14.72292231,121.0677252,5.0
236,Greater Lagro,prime montessori school inc.,"blk 76, lot 67, ascension  avenue, lagro subdivision novaliches, greater lagro, quezon city, ncr, 1100","blk 76, lot 67, ascension avenue, lagro subdivision novaliches, greater lagro, quezon city, ncr, 1100, Philippines",Childcare,Private,Child learning center,"QC Future Ready dashboard, Childcare",8:00AM,5:00PM,14.73243598,121.067502,5.0
237,Greater Lagro,Greater Lagro I,"1st floor Greater Largo Daycare Center Building, Ascension Rd., Greater Lagro Subd. Brgy. Greater Lagro","1st floor Greater Largo Daycare Center Building, Ascension Road, Greater Lagro Subdivision Barangay Greater Lagro, Quezon City, Philippines",Childcare,Public,Child development centers,"Data_QC Caring Cities Tracker, QC Administrative Data - Child",,,,,5.0
238,Greater Lagro,"school of st. anthony, inc.","blk 111 lot 10, 10, mindanao ave., neopolitan 1, greater lagro, quezon city, ncr, 1100","blk 111 lot 10, 10, mindanao Avenue, neopolitan 1, greater lagro, quezon city, ncr, 1100, Philippines",Schools,Private,Private school,"QC Future Ready dashboard, Schools",7:00AM,5:00PM,,,5.0
239,Greater Lagro,Greater Lagro II,"2nd floor Greater Largo Daycare Center Building, Ascension Rd., Greater Lagro Subd. Brgy. Greater Lagro","2nd floor Greater Largo Daycare Center Building, Ascension Road, Greater Lagro Subdivision Barangay Greater Lagro, Quezon City, Philippines",Childcare,Public,Child development centers,"Data_QC Caring Cities Tracker, QC Administrative Data - Child",,,,,5.0
240,Greater Lagro,Greater Lagro,"Blk, 47, Lot 1, Ascension Avenue, Brgy. Greater Lagro","Blk, 47, Lot 1, Ascension Avenue, Barangay Greater Lagro, Quezon City, Philippines",Health centers,,Health centers,"Data_QC Caring Cities Tracker, QC Administrative Data - Health",,,14.71452302,121.067183,5.0
241,Greater Lagro,prime montessori school inc.,"blk 76, lot 67, ascension  avenue, lagro subdivision novaliches, greater lagro, quezon city, ncr, 1100","blk 76, lot 67, ascension avenue, lagro subdivision novaliches, greater lagro, quezon city, ncr, 1100, Philippines",Childcare,Private,Child learning center,"QC Future Ready dashboard, Childcare",8:00AM,5:00PM,14.73243598,121.067502,5.0
242,Greater Lagro,Greater Lagro Health Center,"Blk, 47, Lot 1, Ascension Avenue, Brgy. Greater Lagro","Blk, 47, Lot 1, Ascension Avenue, Barangay Greater Lagro, Quezon City, Philippines",Health centers,,Health center pharmacy,"Data_QC Caring Cities Tracker, QC Administrative Data - Health",,,14.71452302,121.067183,5.0
243,Greater Lagro,aces aba intervention learning and assessment center,"blk 50, lot 45, noche buena cor. pabasa st., greater lagro, quezon city, ncr, 1100","blk 50, lot 45, noche buena corner pabasa Street, greater lagro, quezon city, ncr, 1100, Philippines",Childcare,Private,Child learning center,"QC Future Ready dashboard, Childcare",8:00AM,5:00PM,,,5.0
244,Gulod,vtr ventures inc.,"bldg 4 doors 1 & 16-17, del nacia bldg.,, forest hill drive, gulod, quezon city, ncr, 1117","bldg 4 doors 1 & 16-17, del nacia Building, forest hill drive, gulod, quezon city, ncr, 1117, Philippines",Long-term care and rehabilitation services,,Physical/occupational therapy school,"QC Future Ready dashboard, Long-term care and rehabilitation services",8:00AM,5:00PM,14.71633229,121.0421831,5.0
245,Gulod,prime care physiotherapy and rehabilitation center co.,"793, novaliches general hospital, quirino highway, gulod, quezon city, ncr, 1117","793, novaliches general hospital, quirino highway, gulod, quezon city, ncr, 1117, Philippines",Long-term care and rehabilitation services,,Physical therapy clinic,"QC Future Ready dashboard, Long-term care and rehabilitation services",9:00AM,5:00PM,14.709474,121.0390468,5.0
246,Gulod,Villareal,"3rd floor Old Barangay Hall Building, Quirino Highway, Brgy. Gulod","3rd floor Old Barangay Hall Building, Quirino Highway, Barangay Gulod, Quezon City, Philippines",Childcare,Public,Child development centers,"Data_QC Caring Cities Tracker, QC Administrative Data - Child",,,14.71350568,121.0401028,5.0
247,Gulod,Don Crispulo,"Bering St. cor Don Crispulo Street, Area V, Brgy. Gulod","Bering Street corner Don Crispulo Street, Area V, Barangay Gulod, Quezon City, Philippines",Childcare,Public,Child development centers,"Data_QC Caring Cities Tracker, QC Administrative Data - Child",,,14.71150515,121.045224,5.0
248,Gulod,Nitang,# 47 Nitang Avenue Brgy Gulod,"# 47 Nitang Avenue Barangay Gulod, Quezon City, Philippines",Childcare,Public,Child development centers,"Data_QC Caring Cities Tracker, QC Administrative Data - Child",,,14.71295602,121.042349,5.0
249,Gulod,POCC (Holy Trinity),"Nenita Extn. POCC Compound Area VI, Brgy. Gulod","Nenita Extension POCC Compound Area VI, Barangay Gulod, Quezon City, Philippines",Childcare,Public,Child development centers,"Data_QC Caring Cities Tracker, QC Administrative Data - Child",,,14.7134709,121.0402729,5.0
250,Gulod,"holy child academy, inc.","10, london drive, gulod, quezon city, ncr, 1117","10, london drive, gulod, quezon city, ncr, 1117, Philippines",Schools,Private,Private school,"QC Future Ready dashboard, Schools",6:00AM,5:00PM,14.7166679,121.0393972,5.0
251,Gulod,Joan of Arc,"2nd Floor HOA Bldg., Victoria St. Joan of Arc, Brgy. Gulod","2nd Floor HOA Building, Victoria Street Joan of Arc, Barangay Gulod, Quezon City, Philippines",Childcare,Public,Child development centers,"Data_QC Caring Cities Tracker, QC Administrative Data - Child",,,,,5.0
252,Gulod,Florentina,"Interior Florentina St. Castro Compound, Brgy. Gulod","Interior Florentina Street Castro Compound, Barangay Gulod, Quezon City, Philippines",Childcare,Public,Child development centers,"Data_QC Caring Cities Tracker, QC Administrative Data - Child",,,14.71014024,121.0433474,5.0
253,Gulod,Gulod,"#47 Villaflor Village, Brgy. Gulod","#47 Villaflor Village, Barangay Gulod, Quezon City, Philippines",Health centers,,Health centers,"Data_QC Caring Cities Tracker, QC Administrative Data - Health",,,14.7119571,121.0385017,5.0
254,Gulod,Golden HOA I,"Ground flr. Golden HOA Livelihood Center Building, Golden HOA Area, Brgy Gulod","Ground Floor Golden HOA Livelihood Center Building, Golden HOA Area, Barangay Gulod, Quezon City, Philippines",Childcare,Public,Child development centers,"Data_QC Caring Cities Tracker, QC Administrative Data - Child",,,14.7134709,121.0402729,5.0
255,Holy Spirit,Betty Go Belmonte Super,"2nd Flr. 12 Artillery Road, Brgy. Holy Spirit","2nd Floor 12 Artillery Road, Barangay Holy Spirit, Quezon City, Philippines",Health centers,,Health centers,"Data_QC Caring Cities Tracker, QC Administrative Data - Health",,,14.6821557,121.0785305,2.0
256,Holy Spirit,Kasiyahan,"Kasiyahan Covered Court, Brgy. Holy Spirit","Kasiyahan Covered Court, Barangay Holy Spirit, Quezon City, Philippines",Childcare,Public,Child development centers,"Data_QC Caring Cities Tracker, QC Administrative Data - Child",,,14.683899,121.076458,2.0
257,Holy Spirit,hoscomco academy inc.,"blk. 6, lot 20, faustino st., isidora hills, holy spirit, quezon city, ncr, 1127","blk. 6, lot 20, faustino Street, isidora hills, holy spirit, quezon city, ncr, 1127, Philippines",Schools,Private,Private school,"QC Future Ready dashboard, Schools",8:00AM,5:00PM,14.68360549,121.076752,2.0
258,Holy Spirit,Betty Go Belmonte Lying–In Clinic,"Artillery Road, Garcia Heights, Brgy. Holy Spirit","Artillery Road, Garcia Heights, Barangay Holy Spirit, Quezon City, Philippines",Health centers,,LGU-run lying-in clinics,"Data_QC Caring Cities Tracker, QC Administrative Data - Health",,,14.6821557,121.0785305,2.0
259,Holy Spirit,Bahay Aruga for Abandoned Elderly,"YWCA Building, Don Victorino Street in Don Antonio Heights, Barangay Holy Spirit, Quezon City","YWCA Building, Don Victorino Street in Don Antonio Heights, Barangay Holy Spirit, Quezon City, Philippines",Older persons care,,Bahay Aruga for Abandoned Elderly,"Data_QC Caring Cities Tracker, QC LGU Services&Locations",,,14.6821557,121.0785305,2.0
260,Holy Spirit,Sto. Niño,"Side of Sto. Niño Covered Court, Brgy. Holy Spirit","Side of Sto. Niño Covered Court, Barangay Holy Spirit, Quezon City, Philippines",Childcare,Public,Child development centers,"Data_QC Caring Cities Tracker, QC Administrative Data - Child",,,14.6915137,121.0798184,2.0
261,Holy Spirit,Veterans,"6 Faustino St., Brgy Holy Spirit","6 Faustino Street, Barangay Holy Spirit, Quezon City, Philippines",Health centers,,Health centers,"Data_QC Caring Cities Tracker, QC Administrative Data - Health",,,14.68381281,121.0764422,2.0
262,Holy Spirit,Mapayapa,"Area 7 Nawasa Line, Brgy. Holy Spirit","Area 7 Nawasa Line, Barangay Holy Spirit, Quezon City, Philippines",Childcare,Public,Child development centers,"Data_QC Caring Cities Tracker, QC Administrative Data - Child",,,14.6821557,121.0785305,2.0
263,Holy Spirit,Betty Go Belmonte Super Health Centers,"2nd Floor, 12 Artillery Road Brgy. Holy Spirit","2nd Floor, 12 Artillery Road Barangay Holy Spirit, Quezon City, Philippines",Health centers,,Super health care centers,"Data_QC Caring Cities Tracker, QC Administrative Data - Health",,,14.6821557,121.0785305,2.0
264,Holy Spirit,Zebra,"San Simon St. (back of Brgy. Annex), Brgy. Holy Spirit","San Simon Street (back of Barangay Annex), Barangay Holy Spirit, Quezon City, Philippines",Childcare,Public,Child development centers,"Data_QC Caring Cities Tracker, QC Administrative Data - Child",,,14.6898722,121.0849414,2.0
265,Holy Spirit,Betty Go-Belmonte Super Health Center,"2nd Flr. 12 Artillery Road, Brgy. Holy Spirit","2nd Floor 12 Artillery Road, Barangay Holy Spirit, Quezon City, Philippines",Health centers,,Health center pharmacy,"Data_QC Caring Cities Tracker, QC Administrative Data - Health",,,14.6821557,121.0785305,2.0
266,Holy Spirit,Sto. Domingo,"Republic Chapel (inside the gate), Brgy. Holy Spirit","Republic Chapel (inside the gate), Barangay Holy Spirit, Quezon City, Philippines",Childcare,Public,Child development centers,"Data_QC Caring Cities Tracker, QC Administrative Data - Child",,,14.6821557,121.0785305,2.0
267,Holy Spirit,St. Catherine,"St. Catherine St., Brgy. Holy Spirit","Street Catherine Street, Barangay Holy Spirit, Quezon City, Philippines",Childcare,Public,Child development centers,"Data_QC Caring Cities Tracker, QC Administrative Data - Child",,,,,2.0
268,Holy Spirit,Kaligtasan,"120 Don Vicente Kaligtasan St., Brgy. Holy Spirit","120 Don Vicente Kaligtasan Street, Barangay Holy Spirit, Quezon City, Philippines",Childcare,Public,Child development centers,"Data_QC Caring Cities Tracker, QC Administrative Data - Child",,,14.67707351,121.0775547,2.0
269,Holy Spirit,christian family centre school foundation inc.,"58, sto domingo, holy spirit, quezon city, ncr, 1127","58, sto domingo, holy spirit, quezon city, ncr, 1127, Philippines",Schools,Private,Private school,"QC Future Ready dashboard, Schools",8:00AM,5:00PM,14.68743899,121.085391,2.0
270,Holy Spirit,Barangay Complex,"Don Faustino St., (inside Barangay Hall compound) Brgy. Holy Spirit","Don Faustino Street, (inside Barangay Hall compound) Barangay Holy Spirit, Quezon City, Philippines",Childcare,Public,Child development centers,"Data_QC Caring Cities Tracker, QC Administrative Data - Child",,,14.6821557,121.0785305,2.0
271,Holy Spirit,three g playhub and therapy center,"unit 3-b , no. 70 holy spirit drive cor. paraluman st., isidora hills, holy spirit, quezon city, ncr, 1127","unit 3-b , 70 holy spirit drive corner paraluman Street, isidora hills, holy spirit, quezon city, ncr, 1127, Philippines",Long-term care and rehabilitation services,,Physical therapy clinic,"QC Future Ready dashboard, Long-term care and rehabilitation services",8:00AM,6:00PM,14.68348449,121.0781116,2.0
272,Holy Spirit,Holy Spirit,"373 Sta. Catalina St., Brgy. Holy Spirit","373 Sta. Catalina Street, Barangay Holy Spirit, Quezon City, Philippines",Health centers,,Health centers,"Data_QC Caring Cities Tracker, QC Administrative Data - Health",,,14.68943799,121.083765,2.0
273,Horseshoe,Horseshoe,"Brgy. Horsehoe Bgy. Hall, Sunset Drive","Barangay Horsehoe Barangay Hall, Sunset Drive, Quezon City, Philippines",Childcare,Public,Child development centers,"Data_QC Caring Cities Tracker, QC Administrative Data - Child",,,14.61102843,121.0433513,4.0
274,Immaculate Concepcion,F. Manalo,F. Manalo St. Brgy. Immaculate Concepcion,"F. Manalo Street Barangay Immaculate Concepcion, Quezon City, Philippines",Childcare,Public,Child development centers,"Data_QC Caring Cities Tracker, QC Administrative Data - Child",,,14.622284,121.048552,4.0
275,Immaculate Concepcion,Hillcrest,"Hillcrest St., Cubao (sidewalk) Brgy. Immaculate Concepcion","Hillcrest Street, Cubao (sidewalk) Barangay Immaculate Concepcion, Quezon City, Philippines",Childcare,Public,Child development centers,"Data_QC Caring Cities Tracker, QC Administrative Data - Child",,,14.62413548,121.0404923,4.0
276,Immaculate Concepcion,cubbie play and learning center,"unit 201, redgold building, 1840 e.rodriguez sr. ave., immaculate concepcion, quezon city, ncr, 1111","unit 201, redgold building, 1840 e.rodriguez sr. Avenue, immaculate concepcion, quezon city, ncr, 1111, Philippines",Childcare,Private,Child learning center,"QC Future Ready dashboard, Childcare",8:00AM,5:00PM,14.6222,121.045,4.0
277,Immaculate Concepcion,brain master diagnostic center,"unit 6 g/f, corner complex bldg. , 12 new york ave., cubao, immaculate concepcion, quezon city, ncr, 1111","unit 6 g/f, corner complex Building , 12 new york Avenue, cubao, immaculate concepcion, quezon city, ncr, 1111, Philippines",Long-term care and rehabilitation services,,Psychological clinic,"QC Future Ready dashboard, Long-term care and rehabilitation services",8:00AM,5:00PM,,,4.0
278,Kaligayahan,Mockingbird,"Barangay Kaligayahan Hall, Mockingbird St. Zabarte Subd., Brgy. Kaligayahan","Barangay Kaligayahan Hall, Mockingbird Street Zabarte Subdivision, Barangay Kaligayahan, Quezon City, Philippines",Childcare,Public,Child development centers,"Data_QC Caring Cities Tracker, QC Administrative Data - Child",,,14.73752546,121.0519651,5.0
279,Kaligayahan,Tawid Sapa II,"Zone 1 cor. Sampalucan St., Tawid Sapa, Brgy. Kaligayahan","Zone 1 corner Sampalucan Street, Tawid Sapa, Barangay Kaligayahan, Quezon City, Philippines",Childcare,Public,Child development centers,"Data_QC Caring Cities Tracker, QC Administrative Data - Child",,,14.7271887,121.0444338,5.0
280,Kaligayahan,Tawid Sapa I,"Blk. 10 Phase 1, Kalinga Tawid Sapa, Brgy. Kaligayahan","Blk. 10 Phase 1, Kalinga Tawid Sapa, Barangay Kaligayahan, Quezon City, Philippines",Childcare,Public,Child development centers,"Data_QC Caring Cities Tracker, QC Administrative Data - Child",,,14.7271887,121.0444338,5.0
281,Kaligayahan,Bistekville 2,"1st Flr Bistekville II Multi-Purpose Hall Building, Brgy. Kaligayahan","1st Flr Bistekville II Multi-Purpose Hall Building, Barangay Kaligayahan, Quezon City, Philippines",Childcare,Public,Child development centers,"Data_QC Caring Cities Tracker, QC Administrative Data - Child",,,14.7271887,121.0444338,5.0
282,Kaligayahan,mobilitypro physical therapy clinic,"4th floor rm. 4 and 5, tobit bldg, zabarte road, kaligayahan, quezon city, ncr, 1124","4th floor Room 4 and 5, tobit bldg, zabarte road, kaligayahan, quezon city, ncr, 1124, Philippines",Long-term care and rehabilitation services,,Physical therapy clinic,"QC Future Ready dashboard, Long-term care and rehabilitation services",9:00AM,6:00PM,14.73724348,121.0474823,5.0
283,Kaligayahan,mobilitypro physical therapy clinic,"4th floor rm. 4 and 5, tobit bldg, zabarte road, kaligayahan, quezon city, ncr, 1124","4th floor Room 4 and 5, tobit bldg, zabarte road, kaligayahan, quezon city, ncr, 1124, Philippines",Long-term care and rehabilitation services,,Physical therapy clinic,"QC Future Ready dashboard, Long-term care and rehabilitation services",9:00AM,6:00PM,14.73724348,121.0474823,5.0
284,Kaligayahan,cudiamat medical corp.,"jdc building, blk. 5, lot 9, zabarte road , hobart village, kaligayahan, quezon city, ncr, 1124","jdc building, blk. 5, lot 9, zabarte road , hobart village, kaligayahan, quezon city, ncr, 1124, Philippines",Long-term care and rehabilitation services,,Physical therapy clinic,"QC Future Ready dashboard, Long-term care and rehabilitation services",9:00AM,6:00PM,14.7360599,121.0476525,5.0
285,Kaligayahan,Kaligayahan,"58 Kingfisher St., Zabarte Subd.,, Brgy. Kaligayahan","58 Kingfisher Street, Zabarte Subdivision, Barangay Kaligayahan, Quezon City, Philippines",Health centers,,Health centers,"Data_QC Caring Cities Tracker, QC Administrative Data - Health",,,14.73453941,121.0500914,5.0
286,Kaligayahan,Junji,"Junji Street, Rolling Hills Western Village, Brgy. Kaligayahan","Junji Street, Rolling Hills Western Village, Barangay Kaligayahan, Quezon City, Philippines",Childcare,Public,Child development centers,"Data_QC Caring Cities Tracker, QC Administrative Data - Child",,,14.73240967,121.0506567,5.0
287,Kaligayahan,Kingfisher,Kingfisher St. Zabarte Subd. Brgy. Kaligayahan (beside Kaligayahan Health Center),"Kingfisher Street Zabarte Subdivision Barangay Kaligayahan (beside Kaligayahan Health Center), Quezon City, Philippines",Childcare,Public,Child development centers,"Data_QC Caring Cities Tracker, QC Administrative Data - Child",,,14.73453941,121.0500914,5.0
288,Kalusugan,"st. joseph's college of quezon city, inc.","295, e rodriguez sr. ave, kalusugan, quezon city, ncr, 1124","295, e rodriguez sr. ave, kalusugan, quezon city, ncr, 1124, Philippines",Schools,Private,Private school,"QC Future Ready dashboard, Schools",8:00AM,5:00PM,14.62228541,121.0256057,4.0
289,Kamuning,Kamuning,"Bgy. Hall, #113 Kamuning Rd. Brgy. Kamuning","Barangay Hall, #113 Kamuning Road Barangay Kamuning, Quezon City, Philippines",Childcare,Public,Child development centers,"Data_QC Caring Cities Tracker, QC Administrative Data - Child",,,14.63018301,121.043739,4.0
290,Kamuning,gcr psychometrics center,"unit 303, jp yambao bldg, #52 kamuning road, kamuning, quezon city, ncr, 1103","unit 303, jp yambao bldg, #52 kamuning road, kamuning, quezon city, ncr, 1103, Philippines",Long-term care and rehabilitation services,,Psychological clinic,"QC Future Ready dashboard, Long-term care and rehabilitation services",8:00AM,5:00PM,14.6283386,121.0379957,4.0
291,Kamuning,Kamuning Super Health Centers,"19 T. Gener St. corner K5th St., Brgy. Kamuning","19 T. Gener Street corner K5th Street, Barangay Kamuning, Quezon City, Philippines",Health centers,,Super health care centers,"Data_QC Caring Cities Tracker, QC Administrative Data - Health",,,14.62611929,121.0369858,4.0
292,Kamuning,Kamuning Super,"2nd Flr., 19 T. Gener St. cor. K-5th St., Brgy. Kamuning","2nd Floor, 19 T. Gener Street corner K-5th Street, Barangay Kamuning, Quezon City, Philippines",Health centers,,Health centers,"Data_QC Caring Cities Tracker, QC Administrative Data - Health",,,14.62637994,121.0368966,4.0
293,Kamuning,Kamuning Lying–In Clinic,"19 T. Gener St. corner K5th St., Brgy. Kamuning","19 T. Gener Street corner K5th Street, Barangay Kamuning, Quezon City, Philippines",Health centers,,LGU-run lying-in clinics,"Data_QC Caring Cities Tracker, QC Administrative Data - Health",,,14.62611929,121.0369858,4.0
294,Katipunan,"holy child academy, inc","blk. 20, lot 1, #21 king ferdinand st. cor. katipunan ave, kingspoint subd., bagbag, quezon city, ncr, 1116","blk. 20, lot 1, #21 king ferdinand Street corner katipunan ave, kingspoint Subdivision, bagbag, quezon city, ncr, 1116, Philippines",Schools,Private,Private school,"QC Future Ready dashboard, Schools",6:00AM,5:00PM,,,1.0
295,Katipunan,Katipunan,E. Beltran St.,"E. Beltran Street, Quezon City, Philippines",Childcare,Public,Child development centers,"Data_QC Caring Cities Tracker, QC Administrative Data - Child",,,14.65645531,121.018017,1.0
296,Katipunan,little lane therapy corp.,"134, katipunan ave., st. ignatius, quezon city, ncr, 1110","134, katipunan Avenue, Street ignatius, quezon city, ncr, 1110, Philippines",Long-term care and rehabilitation services,,Physical/occupational therapy school,"QC Future Ready dashboard, Long-term care and rehabilitation services",9:00AM,5:00PM,,,1.0
297,Katipunan,"holy child academy, inc","blk. 20, lot 1, #21 king ferdinand st. cor. katipunan ave, kingspoint subd., bagbag, quezon city, ncr, 1116","blk. 20, lot 1, #21 king ferdinand Street corner katipunan ave, kingspoint Subdivision, bagbag, quezon city, ncr, 1116, Philippines",Schools,Private,Private school,"QC Future Ready dashboard, Schools",6:00AM,5:00PM,,,1.0
298,Katipunan,os habitares corp.,"2nd flr linear bldg., no. 142 katipunan ave, st. ignatius, quezon city, ncr, 1110","2nd flr linear Building, 142 katipunan ave, Street ignatius, quezon city, ncr, 1110, Philippines",Long-term care and rehabilitation services,,Rehabilitation clinic | physical therapy clinic,"QC Future Ready dashboard, Long-term care and rehabilitation services",8:00AM,5:00PM,,,1.0
299,Katipunan,"miriam college foundation, inc.","katipunan ave., loyola heights, quezon city, ncr, 1108","katipunan Avenue, loyola heights, quezon city, ncr, 1108, Philippines",Schools,Private,Private school,"QC Future Ready dashboard, Schools",8:00AM,6:00PM,,,1.0
300,Katipunan,physioprime physiotherapy services,"b41 l1 elizabeth hall, katipunan avenue, loyola heights, quezon city, ncr, 1108","b41 l1 elizabeth hall, katipunan avenue, loyola heights, quezon city, ncr, 1108, Philippines",Long-term care and rehabilitation services,,Physical therapy clinic,"QC Future Ready dashboard, Long-term care and rehabilitation services",9:00AM,6:00PM,,,1.0
301,Katipunan,learning playcare corp.,"3-a  3rd floor , linear building, 142 katipunan avenue, st. ignatius, quezon city, ncr, 1110","3-a 3rd floor , linear building, 142 katipunan avenue, Street ignatius, quezon city, ncr, 1110, Philippines",Childcare,Private,Day care center,"QC Future Ready dashboard, Childcare",9:00AM,6:00PM,,,1.0
302,Katipunan,smartyville learning center,"unit 14  2nd floor , gtr bldg , no. 2 katipunan ave  corner king ferdinand st, kings point subdivision , bagbag, quezon city, ncr, 1116","unit 14 2nd floor , gtr bldg , 2 katipunan ave corner king ferdinand st, kings point subdivision , bagbag, quezon city, ncr, 1116, Philippines",Childcare,Private,Child learning center,"QC Future Ready dashboard, Childcare",8:00AM,5:00PM,,,1.0
303,Kaunlaran,Planas Site,Planas Site III St. Brgy. Kaunlaran,"Planas Site III Street Barangay Kaunlaran, Quezon City, Philippines",Childcare,Public,Child development centers,"Data_QC Caring Cities Tracker, QC Administrative Data - Child",,,,,4.0
304,Kaunlaran,Cubao,"22 Mayor Ignacio Diaz St., Brgy. Kaunlaran","22 Mayor Ignacio Diaz Street, Barangay Kaunlaran, Quezon City, Philippines",Health centers,,Health centers,"Data_QC Caring Cities Tracker, QC Administrative Data - Health",,,14.61691948,121.0458208,4.0
305,Kaunlaran,walkie talkie therapy center inc.,"762, aurora blvd. cor. manga road, kaunlaran, quezon city, ncr, 1111","762, aurora Boulevard corner manga road, kaunlaran, quezon city, ncr, 1111, Philippines",Long-term care and rehabilitation services,,Physical therapy clinic,"QC Future Ready dashboard, Long-term care and rehabilitation services",2:06PM,2:06PM,,,4.0
306,Kaunlaran,venus aesthetic inc.,"retail c7 c8 & c9, the magnolia residences, aurora blvd. cor. hemady st. cor. n. domingo st., kaunlaran, quezon city, ncr, 1111","retail c7 c8 & c9, the magnolia residences, aurora Boulevard corner hemady Street corner n. domingo Street, kaunlaran, quezon city, ncr, 1111, Philippines",Long-term care and rehabilitation services,,Therapeutic clinic,"QC Future Ready dashboard, Long-term care and rehabilitation services",9:00AM,9:00PM,,,4.0
307,Kristong Hari,Kristong Hari,"Broadway, Brgy. Kristong Hari","Broadway, Barangay Kristong Hari, Quezon City, Philippines",Childcare,Public,Child development centers,"Data_QC Caring Cities Tracker, QC Administrative Data - Child",,,14.624589,121.025335,4.0
308,Kristong Hari,cascades hiraya school inc.,"#74 unit 6-8 ground floor, creekside square building, tomas morato ave., kristong hari, quezon city, ncr, 1112","#74 unit 6-8 ground floor, creekside square building, tomas morato Avenue, kristong hari, quezon city, ncr, 1112, Philippines",Childcare,Private,Child learning center,"QC Future Ready dashboard, Childcare",8:00AM,5:00AM,14.6258863,121.0334166,4.0
309,Kristong Hari,p47 physiotherapy center,"unit 303-304 3rd flr., hemady square,  #86 doña hemady st. cor. e. rodriguez st. ave., kristong hari, quezon city, ncr, 1112","unit 303-304 3rd Floor, hemady square, #86 doña hemady Street corner e. rodriguez Street Avenue, kristong hari, quezon city, ncr, 1112, Philippines",Long-term care and rehabilitation services,,Physical therapy clinic,"QC Future Ready dashboard, Long-term care and rehabilitation services",10:00PM,7:00PM,14.62399008,121.031502,4.0
310,Krus na Ligas,Kabalitang,Kabalitang St. Brgy. Krus Na Ligas,"Kabalitang Street Barangay Krus Na Ligas, Quezon City, Philippines",Childcare,Public,Child development centers,"Data_QC Caring Cities Tracker, QC Administrative Data - Child",,,14.64290244,121.0616173,4.0
311,Krus na Ligas,Krus na Ligas,"89 Lt. J. Francisco, Brgy. Krus na Ligas","89 Lt. J. Francisco, Barangay Krus na Ligas, Quezon City, Philippines",Health centers,,Health centers,"Data_QC Caring Cities Tracker, QC Administrative Data - Health",,,14.6456416,121.0619637,4.0
312,Krus na Ligas,Krus na Ligas Health Center,"89 Lt. J. Francisco, Brgy. Krus na Ligas","89 Lt. J. Francisco, Barangay Krus na Ligas, Quezon City, Philippines",Health centers,,Health center pharmacy,"Data_QC Caring Cities Tracker, QC Administrative Data - Health",,,14.6456416,121.0619637,4.0
313,Krus na Ligas,KNL-CDO,V. Francisco St. (beside KNL High School) Brgy. Krus Na Ligas,"V. Francisco Street (beside KNL High School) Barangay Krus Na Ligas, Quezon City, Philippines",Childcare,Public,Child development centers,"Data_QC Caring Cities Tracker, QC Administrative Data - Child",,,14.6456416,121.0619637,4.0
314,Krus na Ligas,Sitio Lambak,Flores St. Brgy. Krus Na Ligas,"Flores Street Barangay Krus Na Ligas, Quezon City, Philippines",Childcare,Public,Child development centers,"Data_QC Caring Cities Tracker, QC Administrative Data - Child",,,14.64095458,121.0634213,4.0
315,Laging Handa,movement lab health and wellness center corporation,"2-2d 2nd floor  , torre venezia condominium, 170 timog avenue cor. sct santiago st, laging handa, quezon city, ncr, 1103","2-2d 2nd floor , torre venezia condominium, 170 timog avenue corner sct santiago st, laging handa, quezon city, ncr, 1103, Philippines",Long-term care and rehabilitation services,,Physical therapy clinic,"QC Future Ready dashboard, Long-term care and rehabilitation services",8:00AM,10:00PM,,,4.0
316,Laging Handa,primocare therapy center,"space 2 & 3 3/f, scout center bldg., 38 scout limbaga cor. 55 scout tobias, laging handa, quezon city, ncr, 1103","space 2 & 3 3/f, scout center Building, 38 scout limbaga corner 55 scout tobias, laging handa, quezon city, ncr, 1103, Philippines",Long-term care and rehabilitation services,,Physical therapy clinic,"QC Future Ready dashboard, Long-term care and rehabilitation services",8:00AM,5:00PM,14.6342308,121.0308413,4.0
317,Laging Handa,"bridges foundation, inc.","22, sct. limbaga, laging handa, quezon city, davao oriental, 1103","22, sct. limbaga, laging handa, quezon city, davao oriental, 1103, Philippines",Childcare,Private,Child learning center,"QC Future Ready dashboard, Childcare",8:00AM,4:00PM,14.6343877,121.0295599,4.0
318,Libis,Libis,"Brgy. Hall, E. Rodriguez Jr. Avenue, Brgy. Libis","Barangay Hall, E. Rodriguez Jr. Avenue, Barangay Libis, Quezon City, Philippines",Childcare,Public,Child development centers,"Data_QC Caring Cities Tracker, QC Administrative Data - Child",,,,,3.0
319,Libis,Libis,"E. Rodriguez Jr. Avenue cor. L. Pasco St., Brgy Libis","E. Rodriguez Jr. Avenue corner L. Pasco Street, Barangay Libis, Quezon City, Philippines",Health centers,,Health centers,"Data_QC Caring Cities Tracker, QC Administrative Data - Health",,,,,3.0
320,Lourdes,philippine orthopedic center-rehabilitation medicine specialists co. (poc-rms),"78a, department of rehab med, ma. clara cor. banawe sts., lourdes, quezon city, ncr, 1114","78a, department of rehab med, ma. clara corner banawe sts., lourdes, quezon city, ncr, 1114, Philippines",Long-term care and rehabilitation services,,Physical therapy clinic,"QC Future Ready dashboard, Long-term care and rehabilitation services",8:00AM,5:00PM,14.6274399,121.0042697,1.0
321,Lourdes,"wisdom light christian academy, inc.","no. 50, p florentino st., lourdes, quezon city, ncr, 1114","50, p florentino Street, lourdes, quezon city, ncr, 1114, Philippines",Schools,Private,Private school,"QC Future Ready dashboard, Schools",8:00AM,5:00PM,14.622934,121.005668,1.0
322,Lourdes,st. theresa's college of quezon city,"116, d. tuazon ave. , sta mesa heights, lourdes, quezon city, ncr, 1114","116, d. tuazon Avenue , sta mesa heights, lourdes, quezon city, ncr, 1114, Philippines",Schools,Private,Private school,"QC Future Ready dashboard, Schools",8:00AM,6:00PM,14.62791,121.000693,1.0
323,Loyola Heights,santa rafaela maria school quezon city inc.,"#55, salvador, loyola heights, quezon city, ncr, 1108","#55, salvador, loyola heights, quezon city, ncr, 1108, Philippines",Childcare,Private,Child learning center,"QC Future Ready dashboard, Childcare",8:00AM,4:00PM,14.646169,121.075747,3.0
324,Loyola Heights,Daan Tubo,"Area II, across Dela Estrada Church, Brgy. Loyola Heights","Area II, across Dela Estrada Church, Barangay Loyola Heights, Quezon City, Philippines",Childcare,Public,Child development centers,"Data_QC Caring Cities Tracker, QC Administrative Data - Child",,,14.6411122,121.0743978,3.0
325,Loyola Heights,Loyola Heights,"Loyola Heights Brgy. Hall Compound, E. Abada St., Katipunan, Brgy. Loyola Heights","Loyola Heights Barangay Hall Compound, E. Abada Street, Katipunan, Barangay Loyola Heights, Quezon City, Philippines",Childcare,Public,Child development centers,"Data_QC Caring Cities Tracker, QC Administrative Data - Child",,,14.6410206,121.0734249,3.0
326,Maharlika,rise and rehab incorporated,"3rd floor , 172, d. tuazon st, maharlika, quezon city, ncr, 1114","3rd floor , 172, d. tuazon st, maharlika, quezon city, ncr, 1114, Philippines",Long-term care and rehabilitation services,,Rehabilitation clinic,"QC Future Ready dashboard, Long-term care and rehabilitation services",8:00AM,5:00PM,14.63395536,120.9976695,1.0
327,Maharlika,aspire in motion play therapy center opc,"unit 2 2nd floor 172 , d. tuazon st , sta. mesa heights , maharlika, quezon city, ncr, 1114","unit 2 2nd floor 172 , d. tuazon st , sta. mesa heights , maharlika, quezon city, ncr, 1114, Philippines",Long-term care and rehabilitation services,,Rehabilitation clinic,"QC Future Ready dashboard, Long-term care and rehabilitation services",9:00AM,5:00PM,14.63395536,120.9976695,1.0
328,Maharlika,the learning canvas co.,"unit-b 2nd flr.  197, d. tuazon st., sta. mesa heights, maharlika, quezon city, ncr, 1114","unit-b 2nd Floor 197, d. tuazon Street, sta. mesa heights, maharlika, quezon city, ncr, 1114, Philippines",Long-term care and rehabilitation services,,Physical/occupational therapy school,"QC Future Ready dashboard, Long-term care and rehabilitation services",8:00AM,5:00PM,14.63391199,120.997558,1.0
329,Malaya,Malaya,"Brgy. Malaya Brgy. Hall, Matahimik St.","Barangay Malaya Barangay Hall, Matahimik Street, Quezon City, Philippines",Childcare,Public,Child development centers,"Data_QC Caring Cities Tracker, QC Administrative Data - Child",,,,,4.0
330,Malaya,forge lab inc.,"gf, aspirea residences, 5 malumanay st. , malaya, quezon city, ncr, 1101","gf, aspirea residences, 5 malumanay Street , malaya, quezon city, ncr, 1101, Philippines",Long-term care and rehabilitation services,,Physical therapy clinic,"QC Future Ready dashboard, Long-term care and rehabilitation services",9:00AM,6:00AM,,,4.0
331,Mangga,Mangga,"950 Int. Aurora Blvd., Cubao, Brgy. Mangga","950 Int. Aurora Boulevard, Cubao, Barangay Mangga, Quezon City, Philippines",Childcare,Public,Child development centers,"Data_QC Caring Cities Tracker, QC Administrative Data - Child",,,14.62690693,121.0614717,3.0
332,Manresa,Manresa,Biak na Bato cor. Makaturing,"Biak na Bato corner Makaturing, Quezon City, Philippines",Childcare,Public,Child development centers,"Data_QC Caring Cities Tracker, QC Administrative Data - Child",,,14.64128819,121.0030789,1.0
333,Manresa,the oracle physical rehabilitation inc.,"2nd flr. unit-1 , almar building, no. 60 mauban st. , manresa, quezon city, ncr, 1115","2nd Floor unit-1 , almar building, 60 mauban Street , manresa, quezon city, ncr, 1115, Philippines",Long-term care and rehabilitation services,,Physical therapy clinic,"QC Future Ready dashboard, Long-term care and rehabilitation services",9:00AM,6:00PM,14.64143102,121.000014,1.0
334,Manresa,Matutum,Multi-Purpose Hall,"Multi-Purpose Hall, Quezon City, Philippines",Childcare,Public,Child development centers,"Data_QC Caring Cities Tracker, QC Administrative Data - Child",,,,,1.0
335,Manresa,pace academy inc.,"77, sgt. e rivera st., manresa, quezon city, ncr, 1115","77, sgt. e rivera Street, manresa, quezon city, ncr, 1115, Philippines",Schools,Private,Private school,"QC Future Ready dashboard, Schools",7:00AM,4:00PM,14.6412,121.0,1.0
336,Manresa,the oracle physical rehabilitation inc.,"2nd flr. unit-1 , almar building, no. 60 mauban st. , manresa, quezon city, ncr, 1115","2nd Floor unit-1 , almar building, 60 mauban Street , manresa, quezon city, ncr, 1115, Philippines",Long-term care and rehabilitation services,,Physical therapy clinic,"QC Future Ready dashboard, Long-term care and rehabilitation services",9:00AM,6:00PM,14.64143102,121.000014,1.0
337,Mariana,msquare myotherapy & rehab clinic,"#110, 11th st., mariana, quezon city, ncr, 1112","#110, 11th Street, mariana, quezon city, ncr, 1112, Philippines",Long-term care and rehabilitation services,,Rehabilitation clinic,"QC Future Ready dashboard, Long-term care and rehabilitation services",8:00AM,5:00PM,14.62354261,121.0349095,4.0
338,Mariana,sunshine.com inc.,"95, 4th st., mariana, quezon city, ncr, 1112","95, 4th Street, mariana, quezon city, ncr, 1112, Philippines",Long-term care and rehabilitation services,,Psychiatric rehabilitation center,"QC Future Ready dashboard, Long-term care and rehabilitation services",8:00AM,5:00PM,14.6148453,121.0324411,4.0
339,Mariana,"saint martin de porres center, inc.","53, rosario dr. cor. cannon road, mariana, quezon city, ncr, 1112","53, rosario Drive corner cannon road, mariana, quezon city, ncr, 1112, Philippines",Childcare,Private,Day care center,"QC Future Ready dashboard, Childcare",8:00AM,5:00PM,14.62142681,121.0409602,4.0
340,Mariana,3haus learning hub and events corporation,"no. 84, ., dona hemady st. corner e. rodriguez avenue, mariana, quezon city, ncr, 1112","84, ., dona hemady Street corner e. rodriguez avenue, mariana, quezon city, ncr, 1112, Philippines",Childcare,Private,Child learning center,"QC Future Ready dashboard, Childcare",10:00AM,7:00PM,14.623725,121.031783,4.0
341,Mariana,bp performance inc.,"room 417-422 4th floor, p&s bldg, 717 aurora blvd, mariana, quezon city, ncr, 1112","room 417-422 4th floor, p&s bldg, 717 aurora blvd, mariana, quezon city, ncr, 1112, Philippines",Long-term care and rehabilitation services,,Physical therapy clinic,"QC Future Ready dashboard, Long-term care and rehabilitation services",8:00AM,5:00PM,14.61574522,121.037692,4.0
342,Mariblo,Mariblo,#1 Bernardo St. cor. San Pedro Bautista,"#1 Bernardo Street corner San Pedro Bautista, Quezon City, Philippines",Childcare,Public,Child development centers,"Data_QC Caring Cities Tracker, QC Administrative Data - Child",,,,,1.0
343,Marilag,national college of business and arts,"994, aurora blvd, marilag, quezon city, ncr, 1109","994, aurora blvd, marilag, quezon city, ncr, 1109, Philippines",Schools,Private,Private school,"QC Future Ready dashboard, Schools",8:00AM,5:00PM,,,3.0
344,Marilag,Marilag I,"Plaza Camerino, Camerino St., Brgy. Marilag","Plaza Camerino, Camerino Street, Barangay Marilag, Quezon City, Philippines",Childcare,Public,Child development centers,"Data_QC Caring Cities Tracker, QC Administrative Data - Child",,,14.62508812,121.0687314,3.0
345,Marilag,Marilag II,"Plaza Camerino, Camerino St., Brgy. Marilag","Plaza Camerino, Camerino Street, Barangay Marilag, Quezon City, Philippines",Childcare,Public,Child development centers,"Data_QC Caring Cities Tracker, QC Administrative Data - Child",,,14.62508812,121.0687314,3.0
346,Masagana,Masagana,"7 Conchu St., Project 4, Brgy. Masagana","7 Conchu Street, Project 4, Barangay Masagana, Quezon City, Philippines",Childcare,Public,Child development centers,"Data_QC Caring Cities Tracker, QC Administrative Data - Child",,,14.61804448,121.0665464,3.0
347,Masambong,Saint John Masambong II,4 Capuas St.,"4 Capuas Street, Quezon City, Philippines",Childcare,Public,Child development centers,"Data_QC Caring Cities Tracker, QC Administrative Data - Child",,,14.64341663,121.0100048,1.0
348,Masambong,Masambong,"8 Malac St., Brgy. Masambong","8 Malac Street, Barangay Masambong, Quezon City, Philippines",Health centers,,Health centers,"Data_QC Caring Cities Tracker, QC Administrative Data - Health",,,14.64020592,121.011993,1.0
349,Masambong,Saint John Masambong I,4 Capuas St.,"4 Capuas Street, Quezon City, Philippines",Childcare,Public,Child development centers,"Data_QC Caring Cities Tracker, QC Administrative Data - Child",,,14.64341663,121.0100048,1.0
350,Matandang Balara,Visayan Hills,"Visayan Hills, Brgy. Matandang Balara","Visayan Hills, Barangay Matandang Balara, Quezon City, Philippines",Childcare,Public,Child development centers,"Data_QC Caring Cities Tracker, QC Administrative Data - Child",,,,,3.0
351,Matandang Balara,Dupax I,"Road 44 Dupax St., Bgy. Satellite, Brgy. Matandang Balara","Road 44 Dupax Street, Barangay Satellite, Barangay Matandang Balara, Quezon City, Philippines",Childcare,Public,Child development centers,"Data_QC Caring Cities Tracker, QC Administrative Data - Child",,,14.67571148,121.0828202,3.0
352,Matandang Balara,Feria I,"Ground Flr., Feria CDC, Dao St., Feria Road, Brgy. Matandang Balara","Ground Floor, Feria CDC, Dao Street, Feria Road, Barangay Matandang Balara, Quezon City, Philippines",Childcare,Public,Child development centers,"Data_QC Caring Cities Tracker, QC Administrative Data - Child",,,14.67157251,121.0801894,3.0
353,Matandang Balara,Area VB,"2nd floor, Old Balara, Area 5 Luzon, Brgy. Matandang Balara","2nd floor, Old Balara, Area 5 Luzon, Barangay Matandang Balara, Quezon City, Philippines",Childcare,Public,Child development centers,"Data_QC Caring Cities Tracker, QC Administrative Data - Child",,,14.66699402,121.070374,3.0
354,Matandang Balara,Laura II,"Purok 3 Area 5 2nd Floor, Brgy. Matandang Balara","Purok 3 Area 5 2nd Floor, Barangay Matandang Balara, Quezon City, Philippines",Childcare,Public,Child development centers,"Data_QC Caring Cities Tracker, QC Administrative Data - Child",,,,,3.0
355,Matandang Balara,rehub physical therapy and recovery clinic opc,"2f, celebrity sports plaza ,, capitol hills drive, matandang balara, quezon city, ncr, 1119","2f, celebrity sports plaza , capitol hills drive, matandang balara, quezon city, ncr, 1119, Philippines",Long-term care and rehabilitation services,,Physical therapy clinic | rehabilitation clinic,"QC Future Ready dashboard, Long-term care and rehabilitation services",8:00AM,8:00PM,14.6653977,121.0798589,3.0
356,Matandang Balara,Old Balara (Main),"19 Doña Filomena St., Villa Beatriz, Brgy. Old Balara","19 Doña Filomena Street, Villa Beatriz, Barangay Old Balara, Quezon City, Philippines",Health centers,,Health centers,"Data_QC Caring Cities Tracker, QC Administrative Data - Health",,,14.67396623,121.0757394,3.0
357,Matandang Balara,Samadores,"Area 2, Luzon, Brgy. Matandang Balara","Area 2, Luzon, Barangay Matandang Balara, Quezon City, Philippines",Childcare,Public,Child development centers,"Data_QC Caring Cities Tracker, QC Administrative Data - Child",,,14.66699301,121.070284,3.0
358,Matandang Balara,Feria II,"2nd Flr., Feria CDC, Dao St., Feria Rd., Brgy. Matandang Balara","2nd Floor, Feria CDC, Dao Street, Feria Road, Barangay Matandang Balara, Quezon City, Philippines",Childcare,Public,Child development centers,"Data_QC Caring Cities Tracker, QC Administrative Data - Child",,,14.67157251,121.0801894,3.0
359,Matandang Balara,Laura I,"Purok 3 Area 5 Ground Floor, Brgy. Matandang Balara","Purok 3 Area 5 Ground Floor, Barangay Matandang Balara, Quezon City, Philippines",Childcare,Public,Child development centers,"Data_QC Caring Cities Tracker, QC Administrative Data - Child",,,,,3.0
360,Matandang Balara,Calderon,"251 Calderon St., Brgy. Matandang Balara","251 Calderon Street, Barangay Matandang Balara, Quezon City, Philippines",Childcare,Public,Child development centers,"Data_QC Caring Cities Tracker, QC Administrative Data - Child",,,14.66853097,121.076747,3.0
361,Matandang Balara,little makers playroof learning center,"2, romulo st, north susana exec. village, matandang balara, quezon city, ncr, 1119","2, romulo st, north susana exec. village, matandang balara, quezon city, ncr, 1119, Philippines",Childcare,Private,Child learning center,"QC Future Ready dashboard, Childcare",8:00AM,6:00PM,14.67571205,121.0717077,3.0
362,Matandang Balara,Old Balara (Annex),"99A Tandang Sora Ave, Brgy. Matandang Balara","99A Tandang Sora Ave, Barangay Matandang Balara, Quezon City, Philippines",Health centers,,Health centers,"Data_QC Caring Cities Tracker, QC Administrative Data - Health",,,,,3.0
363,Matandang Balara,rehub physical therapy and recovery clinic opc,"2f, celebrity sports plaza ,, capitol hills drive, matandang balara, quezon city, ncr, 1119","2f, celebrity sports plaza , capitol hills drive, matandang balara, quezon city, ncr, 1119, Philippines",Long-term care and rehabilitation services,,Physical therapy clinic | rehabilitation clinic,"QC Future Ready dashboard, Long-term care and rehabilitation services",8:00AM,8:00PM,14.6653977,121.0798589,3.0
364,Matandang Balara,Villa Beatriz,"Villa Beatriz Extension, Brgy. Matandang Balara","Villa Beatriz Extension, Barangay Matandang Balara, Quezon City, Philippines",Childcare,Public,Child development centers,"Data_QC Caring Cities Tracker, QC Administrative Data - Child",,,14.67396623,121.0757394,3.0
365,Matandang Balara,Bahay Bulilit,"Bgy.Hall Compound, Villa Beatriz, Brgy. Matandang Balara","BarangayHall Compound, Villa Beatriz, Barangay Matandang Balara, Quezon City, Philippines",Childcare,Public,Child development centers,"Data_QC Caring Cities Tracker, QC Administrative Data - Child",,,14.67396623,121.0757394,3.0
366,Matandang Balara,Sapang Kangkong,"168 Kilusan St., Brgy. Matandang Balara","168 Kilusan Street, Barangay Matandang Balara, Quezon City, Philippines",Childcare,Public,Child development centers,"Data_QC Caring Cities Tracker, QC Administrative Data - Child",,,,,3.0
367,Matandang Balara,Area I Luzon,"Mafran Area I, Brgy. Matandang Balara","Mafran Area I, Barangay Matandang Balara, Quezon City, Philippines",Childcare,Public,Child development centers,"Data_QC Caring Cities Tracker, QC Administrative Data - Child",,,,,3.0
368,Matandang Balara,Area VA,"Area 5 Luzon near INC Church, Brgy. Matandang Balara","Area 5 Luzon near INC Church, Barangay Matandang Balara, Quezon City, Philippines",Childcare,Public,Child development centers,"Data_QC Caring Cities Tracker, QC Administrative Data - Child",,,,,3.0
369,Milagrosa,Milagrosa,"5K Oval Belarmino St., Brgy. Milagrosa","5K Oval Belarmino Street, Barangay Milagrosa, Quezon City, Philippines",Childcare,Public,Child development centers,"Data_QC Caring Cities Tracker, QC Administrative Data - Child",,,14.62093484,121.0689756,3.0
370,Milagrosa,primefil psychological services,"unit 814, emerald square , j. p rizal st, milagrosa, quezon city, ncr, 1109","unit 814, emerald square , j. p rizal st, milagrosa, quezon city, ncr, 1109, Philippines",Long-term care and rehabilitation services,,Psychological clinic,"QC Future Ready dashboard, Long-term care and rehabilitation services",8:00AM,5:00PM,14.62040068,121.0716828,3.0
371,Milagrosa,"the builder's school building ideas, crafting solutions inc.","121, j.p. rizal, milagrosa, quezon city, ncr, 1109","121, j.p. rizal, milagrosa, quezon city, ncr, 1109, Philippines",Schools,Private,Private school,"QC Future Ready dashboard, Schools",8:00AM,4:30PM,14.62040068,121.0716828,3.0
372,N. S. Amoranto (Gintong Silahis),N.S. Amoranto,Barangay Hall Angelo St.,"Barangay Hall Angelo Street, Quezon City, Philippines",Childcare,Public,Child development centers,"Data_QC Caring Cities Tracker, QC Administrative Data - Child",,,14.63280252,120.9942065,1.0
373,Nagkaisang Nayon,Nagkaisang Nayon,"Terio St., FB de Jesus,Sitio Damong Maliit Bgy. Nagkaisang Nayon","Terio Street, FB de Jesus,Sitio Damong Maliit Barangay Nagkaisang Nayon, Quezon City, Philippines",Health centers,,Health centers,"Data_QC Caring Cities Tracker, QC Administrative Data - Health",,,14.72322303,121.0315711,5.0
374,Nagkaisang Nayon,Jonaville I,"St.Joseph St., Jonaville Subdivision, Brgy. Nagkaisang Nayon","StreetJoseph Street, Jonaville Subdivision, Barangay Nagkaisang Nayon, Quezon City, Philippines",Childcare,Public,Child development centers,"Data_QC Caring Cities Tracker, QC Administrative Data - Child",,,14.7235756,121.0251884,5.0
375,Nagkaisang Nayon,capstone highest achiever learning school inc.,"block 10, lot 2, north wind ave. queens rd. , north wind subd, nagkaisang nayon, quezon city, ncr, 1125","block 10, lot 2, north wind Avenue queens Road , north wind subd, nagkaisang nayon, quezon city, ncr, 1125, Philippines",Schools,Private,Private school,"QC Future Ready dashboard, Schools",8:00AM,5:00PM,14.71383,121.032595,5.0
376,Nagkaisang Nayon,Pasacola II,"Lot 158-B, Area C, Pasacola, Brgy. Nagkaisang Nayon","Lot 158-B, Area C, Pasacola, Barangay Nagkaisang Nayon, Quezon City, Philippines",Childcare,Public,Child development centers,"Data_QC Caring Cities Tracker, QC Administrative Data - Child",,,14.7180742,121.0320746,5.0
377,Nagkaisang Nayon,Pasacola I,"Blk 1, Dormitory Phase 1 (Nagkakaisang Lakas) , Brgy. Nagkaisang Nayon","Blk 1, Dormitory Phase 1 (Nagkakaisang Lakas) , Barangay Nagkaisang Nayon, Quezon City, Philippines",Childcare,Public,Child development centers,"Data_QC Caring Cities Tracker, QC Administrative Data - Child",,,14.7235756,121.0251884,5.0
378,Nagkaisang Nayon,Lazaro,"Lot 5 Blk 5, Damong Maliit, Lazaro Subd., Brgy. Nagkaisang Nayon","Lot 5 Blk 5, Damong Maliit, Lazaro Subdivision, Barangay Nagkaisang Nayon, Quezon City, Philippines",Childcare,Public,Child development centers,"Data_QC Caring Cities Tracker, QC Administrative Data - Child",,,14.72322303,121.0315711,5.0
379,Nagkaisang Nayon,Queensland II,"Ground Floor Vargas Building, Blk 5 Lot 14 Ruby St. Queensland 2 Village, Brgy Nagkaisang Nayon","Ground Floor Vargas Building, Blk 5 Lot 14 Ruby Street Queensland 2 Village, Barangay Nagkaisang Nayon, Quezon City, Philippines",Childcare,Public,Child development centers,"Data_QC Caring Cities Tracker, QC Administrative Data - Child",,,,,5.0
380,Nagkaisang Nayon,Nagkaisang Nayon I,"Barangay Hall Compound., #7 Banahaw St. Brgy. Nagkaisang Nayon","Barangay Hall Compound., #7 Banahaw Street Barangay Nagkaisang Nayon, Quezon City, Philippines",Childcare,Public,Child development centers,"Data_QC Caring Cities Tracker, QC Administrative Data - Child",,,14.71932957,121.0286675,5.0
381,Nagkaisang Nayon,Queensland I,"Princess Grace St., Queensland Phase I Subd., Damong Maliit, Brgy. Nagkaisang Nayon","Princess Grace Street, Queensland Phase I Subdivision, Damong Maliit, Barangay Nagkaisang Nayon, Quezon City, Philippines",Childcare,Public,Child development centers,"Data_QC Caring Cities Tracker, QC Administrative Data - Child",,,14.72322303,121.0315711,5.0
382,Nagkaisang Nayon,Robina,"Robina Rd. Sierra Vista Subd., Brgy. Nagkaisang Nayon","Robina Road Sierra Vista Subdivision, Barangay Nagkaisang Nayon, Quezon City, Philippines",Childcare,Public,Child development centers,"Data_QC Caring Cities Tracker, QC Administrative Data - Child",,,14.714443,121.020511,5.0
383,Nagkaisang Nayon,Nagkaisang Nayon II,"Barangay Hall Compound., #7 Banahaw St. Brgy. Nagkaisang Nayon","Barangay Hall Compound., #7 Banahaw Street Barangay Nagkaisang Nayon, Quezon City, Philippines",Childcare,Public,Child development centers,"Data_QC Caring Cities Tracker, QC Administrative Data - Child",,,14.71932957,121.0286675,5.0
384,Nagkaisang Nayon,St. Andrew,"Sampaguita St., Dantes Subd., Damong Maliit, Brgy. Nagkaisang Nayon","Sampaguita Street, Dantes Subdivision, Damong Maliit, Barangay Nagkaisang Nayon, Quezon City, Philippines",Childcare,Public,Child development centers,"Data_QC Caring Cities Tracker, QC Administrative Data - Child",,,,,5.0
385,Nagkaisang Nayon,Nagkaisang Nayon Health Center,"Terio St., FB de Jesus,Sitio Damong Maliit Bgy. Nagkaisang Nayon","Terio Street, FB de Jesus,Sitio Damong Maliit Barangay Nagkaisang Nayon, Quezon City, Philippines",Health centers,,Health center pharmacy,"Data_QC Caring Cities Tracker, QC Administrative Data - Health",,,14.72322303,121.0315711,5.0
386,Nagkaisang Nayon,Villa Nova,"St. Michael St. cor Francis St. Villanova Subd., Brgy. Nagkaisang Nayon","Street Michael Street corner Francis Street Villanova Subdivision, Barangay Nagkaisang Nayon, Quezon City, Philippines",Childcare,Public,Child development centers,"Data_QC Caring Cities Tracker, QC Administrative Data - Child",,,14.7235756,121.0251884,5.0
387,Nayong Kanluran,kg therapy recovery clinic,"13b, west avenue, nayong kanluran, quezon city, ncr, 1125","13b, west avenue, nayong kanluran, quezon city, ncr, 1125, Philippines",Long-term care and rehabilitation services,,Physical therapy clinic,"QC Future Ready dashboard, Long-term care and rehabilitation services",10:00AM,8:00PM,14.63873502,121.0259828,1.0
388,Nayong Kanluran,Nayong Kanluran,37 Sorsogon St.,"37 Sorsogon Street, Quezon City, Philippines",Childcare,Public,Child development centers,"Data_QC Caring Cities Tracker, QC Administrative Data - Child",,,14.64061471,121.0256299,1.0
389,North Fairview,first mile christian school of life in the light christian fellowship,"385, l1, riyal st. cor peseta st., north fairview, quezon city, ncr, 1121","385, l1, riyal Street corner peseta Street, north fairview, quezon city, ncr, 1121, Philippines",Schools,Private,Private school,"QC Future Ready dashboard, Schools",8:00AM,6:00PM,14.71073901,121.0586909,5.0
390,North Fairview,Milenyo,"Milenyo Daycare Center Building, Milenyo St. Phase 8-I, Brgy. North Fairview","Milenyo Daycare Center Building, Milenyo Street Phase 8-I, Barangay North Fairview, Quezon City, Philippines",Childcare,Public,Child development centers,"Data_QC Caring Cities Tracker, QC Administrative Data - Child",,,,,5.0
391,North Fairview,discovery house montessori of quezon city inc.,"b9 , l14, #59 adrian st. , north fairview, quezon city, ncr, 1121","b9 , l14, #59 adrian Street , north fairview, quezon city, ncr, 1121, Philippines",Schools,Private,Private school,"QC Future Ready dashboard, Schools",8:00AM,5:00PM,14.70991481,121.0624281,5.0
392,North Fairview,angel's elderly home care services,"14, bergen street, north fairview park subdivision, north fairview, quezon city, ncr, 1121","14, bergen street, north fairview park subdivision, north fairview, quezon city, ncr, 1121, Philippines",Older persons care,,Nursing care center,"QC Future Ready dashboard, Older persons care",6:00AM,6:00AM,,,5.0
393,North Fairview,NAMAPA,"NAMAPA Compound, Brgy. North Fairview","NAMAPA Compound, Barangay North Fairview, Quezon City, Philippines",Childcare,Public,Child development centers,"Data_QC Caring Cities Tracker, QC Administrative Data - Child",,,14.713,121.064,5.0
394,North Fairview,Avon,"13-A Avon St., North Fairview Subd., Brgy. North Fairview","13-A Avon Street, North Fairview Subdivision, Barangay North Fairview, Quezon City, Philippines",Childcare,Public,Child development centers,"Data_QC Caring Cities Tracker, QC Administrative Data - Child",,,,,5.0
395,North Fairview,little favored learning center,"block 51, lot 22 b, bristol st, north fairview, quezon city, ncr, 1121","block 51, lot 22 b, bristol st, north fairview, quezon city, ncr, 1121, Philippines",Childcare,Private,Child learning center,"QC Future Ready dashboard, Childcare",8:30AM,5:00PM,14.72012071,121.0630995,5.0
396,North Fairview,Phase 8-II,"2nd Floor Daycare and Livelihood Center Building, Peso St., United North Fairview Subd., Brgy. North Fairview","2nd Floor Daycare and Livelihood Center Building, Peso Street, United North Fairview Subdivision, Barangay North Fairview, Quezon City, Philippines",Childcare,Public,Child development centers,"Data_QC Caring Cities Tracker, QC Administrative Data - Child",,,,,5.0
397,North Fairview,tlg home care services,"# 39, burbank, north fairview park, north fairview, quezon city, ncr, 1121","# 39, burbank, north fairview park, north fairview, quezon city, ncr, 1121, Philippines",Older persons care,,Nursing care center,"QC Future Ready dashboard, Older persons care",6:00AM,6:00PM,,,5.0
398,North Fairview,Phase 8-I,"1st Floor Daycare and Livelihood Center Building, Peso St., United North Fairview Subd., Brgy. North Fairview","1st Floor Daycare and Livelihood Center Building, Peso Street, United North Fairview Subdivision, Barangay North Fairview, Quezon City, Philippines",Childcare,Public,Child development centers,"Data_QC Caring Cities Tracker, QC Administrative Data - Child",,,,,5.0
399,North Fairview,North Fairview,"Avon St., North Fairview Park Subd., Brgy. North Fairview","Avon Street, North Fairview Park Subdivision, Barangay North Fairview, Quezon City, Philippines",Health centers,,Health centers,"Data_QC Caring Cities Tracker, QC Administrative Data - Health",,,14.708786,121.0631239,5.0
400,North Fairview,the fountain of life school of quezon city inc.,"433, drachma st. phase 8, north fairview, quezon city, ncr, 1121","433, drachma Street phase 8, north fairview, quezon city, ncr, 1121, Philippines",Schools,Private,Private school,"QC Future Ready dashboard, Schools",8:00AM,5:00PM,14.70978162,121.0544651,5.0
401,Novaliches Proper,Arsenia De Jesus Maximo Super Health Center,"Quirino Highway, Brgy. Novaliches Proper","Quirino Highway, Barangay Novaliches Proper, Quezon City, Philippines",Health centers,,Super health care centers,"Data_QC Caring Cities Tracker, QC Administrative Data - Health",,,,,5.0
402,Novaliches Proper,physioprime physiotherapy  services,"45, petronia st., buenamar subd., novaliches proper, quezon city, ncr, 1121","45, petronia Street, buenamar Subdivision, novaliches proper, quezon city, ncr, 1121, Philippines",Long-term care and rehabilitation services,,Physical therapy clinic,"QC Future Ready dashboard, Long-term care and rehabilitation services",9:00AM,6:00PM,14.7190274,121.0386335,5.0
403,Novaliches Proper,Arsenia De Jesus Maximo Lying–In Clinic,"Quirino Hi–way, Brgy. Novaliches","Quirino Hi–way, Barangay Novaliches, Quezon City, Philippines",Health centers,,LGU-run lying-in clinics,"Data_QC Caring Cities Tracker, QC Administrative Data - Health",,,,,5.0
404,Novaliches Proper,Novaliches Proper II,"2nd Floor Multi-purpose Bldg., P. Tupaz St., Doña Rosario, Brgy. Novaliches Proper","2nd Floor Multi-purpose Building, P. Tupaz Street, Doña Rosario, Barangay Novaliches Proper, Quezon City, Philippines",Childcare,Public,Child development centers,"Data_QC Caring Cities Tracker, QC Administrative Data - Child",,,14.71886189,121.0352432,5.0
405,Novaliches Proper,Novaliches Proper I,"3rd Floor, Livelihood CHILD DEVELOPMENT CENTER Bldg., Nova Plaza, Buenamar St.,Brgy. Novaliches Proper","3rd Floor, Livelihood CHILD DEVELOPMENT CENTER Building, Nova Plaza, Buenamar Street,Barangay Novaliches Proper, Quezon City, Philippines",Childcare,Public,Child development centers,"Data_QC Caring Cities Tracker, QC Administrative Data - Child",,,14.71891743,121.0392507,5.0
406,Novaliches Proper,Doña Rosario,"Ground Floor Multi-purpose Bldg., P. Tupaz St., Doña Rosario, Brgy. Novaliches Proper","Ground Floor Multi-purpose Building, P. Tupaz Street, Doña Rosario, Barangay Novaliches Proper, Quezon City, Philippines",Childcare,Public,Child development centers,"Data_QC Caring Cities Tracker, QC Administrative Data - Child",,,14.71886189,121.0352432,5.0
407,Novaliches Proper,Arsenia de Jesus Maximo Super,"Quirino Highway, Brgy. Novaliches Proper","Quirino Highway, Barangay Novaliches Proper, Quezon City, Philippines",Health centers,,Health centers,"Data_QC Caring Cities Tracker, QC Administrative Data - Health",,,,,5.0
408,Obrero,jeenie beyond beauty inc.,"arcade 9, 68 roces, roces ave., obrero, quezon city, ncr, 1103","arcade 9, 68 roces, roces Avenue, obrero, quezon city, ncr, 1103, Philippines",Long-term care and rehabilitation services,,Therapeutic clinic,"QC Future Ready dashboard, Long-term care and rehabilitation services",9:00AM,9:00PM,14.6283,121.03,4.0
409,Obrero,Obrero,"Brgy. Obrero Bgy Hall, Parkway St. cor. Tomas Morato Ave.","Barangay Obrero Bgy Hall, Parkway Street corner Tomas Morato Avenue, Quezon City, Philippines",Childcare,Public,Child development centers,"Data_QC Caring Cities Tracker, QC Administrative Data - Child",,,14.62634518,121.0334249,4.0
410,Old Capitol Site,Old Capitol Site,Masaya St. Interior (near Bgy. Hall) Brgy. Old Capitol Site,"Masaya Street Interior (near Barangay Hall) Barangay Old Capitol Site, Quezon City, Philippines",Childcare,Public,Child development centers,"Data_QC Caring Cities Tracker, QC Administrative Data - Child",,,14.65156063,121.0535393,4.0
411,Old Capitol Site,Pechayan,Zone 1 Brgy. Old Capitol Site,"Zone 1 Barangay Old Capitol Site, Quezon City, Philippines",Childcare,Public,Child development centers,"Data_QC Caring Cities Tracker, QC Administrative Data - Child",,,14.6504202,121.0525881,4.0
412,Paang Bundok,cudiamat medical c0rp.,"165, labo st.  la loma, paang bundok, quezon city, ncr, 1114","165, labo Street la loma, paang bundok, quezon city, ncr, 1114, Philippines",Long-term care and rehabilitation services,,Therapeutic clinic,"QC Future Ready dashboard, Long-term care and rehabilitation services",8:00AM,5:00PM,14.629017,120.9914375,1.0
413,Paang Bundok,La Loma,"225 Mariveles St., Brgy. Paang Bundok","225 Mariveles Street, Barangay Paang Bundok, Quezon City, Philippines",Health centers,,Health centers,"Data_QC Caring Cities Tracker, QC Administrative Data - Health",,,14.626996,120.991853,1.0
414,Paang Bundok,Paang Bundok,"Barangay Hall 166 Iriga St., La Loma","Barangay Hall 166 Iriga Street, La Loma, Quezon City, Philippines",Childcare,Public,Child development centers,"Data_QC Caring Cities Tracker, QC Administrative Data - Child",,,14.62785301,120.993033,1.0
415,Pag-ibig sa Nayon,Pag-ibig sa Nayon,23 J. Pineda St.,"23 J. Pineda Street, Quezon City, Philippines",Childcare,Public,Child development centers,"Data_QC Caring Cities Tracker, QC Administrative Data - Child",,,14.64644032,120.9961432,1.0
416,Paligsahan,bridgeway educational and therapy center,"room 401 4th floor, vd & s building , 59-b panay avenue , paligsahan, quezon city, ncr, 1103","room 401 4th floor, vd & s building , 59-b panay avenue , paligsahan, quezon city, ncr, 1103, Philippines",Long-term care and rehabilitation services,,Physical/occupational therapy school,"QC Future Ready dashboard, Long-term care and rehabilitation services",8:00AM,5:00PM,14.63496601,121.024757,4.0
417,Paligsahan,Paligsahan,Roces Avenue Brgy. Paligsahan,"Roces Avenue Barangay Paligsahan, Quezon City, Philippines",Childcare,Public,Child development centers,"Data_QC Caring Cities Tracker, QC Administrative Data - Child",,,14.631862,121.02121,4.0
418,Paligsahan,stridephysio physiotherapy services,"unit m11 mezzanine floor, victoria towers, #78 timog avenue cor panay avenue, paligsahan, quezon city, ncr, 1103","unit m11 mezzanine floor, victoria towers, #78 timog avenue corner panay avenue, paligsahan, quezon city, ncr, 1103, Philippines",Long-term care and rehabilitation services,,Physical therapy clinic,"QC Future Ready dashboard, Long-term care and rehabilitation services",9:00AM,6:00PM,,,4.0
419,Paligsahan,pio preschool and tutorial center inc.,"ground floor unit 105  , no. 23 panay avenue, paligsahan, quezon city, ncr, 1103","ground floor unit 105 , 23 panay avenue, paligsahan, quezon city, ncr, 1103, Philippines",Childcare,Private,Child learning center,"QC Future Ready dashboard, Childcare",8:00AM,4:00PM,14.63168601,121.01954,4.0
420,Paligsahan,wunderkids health group corp.,"4th flr. unit 401, block s53, lot b, 3 sct. gandia, paligsahan, quezon city, ncr, 1103","4th Floor unit 401, block s53, lot b, 3 sct. gandia, paligsahan, quezon city, ncr, 1103, Philippines",Long-term care and rehabilitation services,,Therapeutic clinic,"QC Future Ready dashboard, Long-term care and rehabilitation services",8:00AM,7:00PM,,,4.0
421,Paltok,Paltok,"14 Matias St., Brgy. Paltok","14 Matias Street, Barangay Paltok, Quezon City, Philippines",Health centers,,Health centers,"Data_QC Caring Cities Tracker, QC Administrative Data - Health",,,14.64300872,121.0231876,1.0
422,Paltok,"therapies for life clinic, inc.","g/f unit 110, westria residences, 77 west ave., paltok, quezon city, ncr, 1105","g/f unit 110, westria residences, 77 west Avenue, paltok, quezon city, ncr, 1105, Philippines",Long-term care and rehabilitation services,,Therapeutic clinic,"QC Future Ready dashboard, Long-term care and rehabilitation services",8:00AM,8:00PM,14.646701,121.027865,1.0
423,Paltok,Barangay Paltok Health Center,"14 Matias St., Brgy. Paltok","14 Matias Street, Barangay Paltok, Quezon City, Philippines",Health centers,,Health center pharmacy,"Data_QC Caring Cities Tracker, QC Administrative Data - Health",,,14.64300872,121.0231876,1.0
424,Paltok,Paltok,"Brgy. Hall, Mendoza cor. Basa","Barangay Hall, Mendoza corner Basa, Quezon City, Philippines",Childcare,Public,Child development centers,"Data_QC Caring Cities Tracker, QC Administrative Data - Child",,,14.64323648,121.0224596,1.0
425,Paltok,East Anak Bayan,75 Anakbayan Dulo St.,"75 Anakbayan Dulo Street, Quezon City, Philippines",Childcare,Public,Child development centers,"Data_QC Caring Cities Tracker, QC Administrative Data - Child",,,,,1.0
426,Pansol,Kaingin II,"Bungad Kaingin II, near Bgy. Hall Extension, Brgy. Pansol","Bungad Kaingin II, near Barangay Hall Extension, Barangay Pansol, Quezon City, Philippines",Childcare,Public,Child development centers,"Data_QC Caring Cities Tracker, QC Administrative Data - Child",,,14.6522903,121.0810053,3.0
427,Pansol,Pansol Proper,"SK Building Plaza St., Barangay Hall, Brgy. Pansol","SK Building Plaza Street, Barangay Hall, Barangay Pansol, Quezon City, Philippines",Childcare,Public,Child development centers,"Data_QC Caring Cities Tracker, QC Administrative Data - Child",,,14.65134602,121.076455,3.0
428,Pansol,Kaingin I,"Block 1 Kaingin 1, Brgy. Pansol","Block 1 Kaingin 1, Barangay Pansol, Quezon City, Philippines",Childcare,Public,Child development centers,"Data_QC Caring Cities Tracker, QC Administrative Data - Child",,,,,3.0
429,Pansol,Pansol,"Plaza St., Brgy. Pansol","Plaza Street, Barangay Pansol, Quezon City, Philippines",Health centers,,Health centers,"Data_QC Caring Cities Tracker, QC Administrative Data - Health",,,14.65134602,121.076455,3.0
430,Pansol,Barangay Pansol Health Center,"Plaza St., Brgy. Pansol","Plaza Street, Barangay Pansol, Quezon City, Philippines",Health centers,,Health center pharmacy,"Data_QC Caring Cities Tracker, QC Administrative Data - Health",,,14.65134602,121.076455,3.0
431,Paraiso,"aba learning diversity therapy center, inc.","105, roosevelt avenue, sfdm, paraiso, quezon city, ncr, 1104","105, roosevelt avenue, sfdm, paraiso, quezon city, ncr, 1104, Philippines",Long-term care and rehabilitation services,,Physical/occupational therapy school,"QC Future Ready dashboard, Long-term care and rehabilitation services",8:00AM,6:00PM,14.63778485,121.0178423,1.0
432,Paraiso,"aba learning diversity therapy center, inc.","105, roosevelt avenue, sfdm, paraiso, quezon city, ncr, 1104","105, roosevelt avenue, sfdm, paraiso, quezon city, ncr, 1104, Philippines",Long-term care and rehabilitation services,,Physical/occupational therapy school,"QC Future Ready dashboard, Long-term care and rehabilitation services",8:00AM,6:00PM,14.63778485,121.0178423,1.0
433,Pasong Putik Proper,msa whiz kids academy inc.,"13, 15, 17, 19, bituin street, teresa heights subdivision, pasong putik proper, quezon city, ncr, 1118","13, 15, 17, 19, bituin street, teresa heights subdivision, pasong putik proper, quezon city, ncr, 1118, Philippines",Schools,Private,Private school,"QC Future Ready dashboard, Schools",8:00AM,5:00PM,14.7377845,121.0629676,5.0
434,Pasong Putik Proper,Pechayan,"Block 31 Lot 23 Ilang-Ilang St. Pechayan Kanan, Maligaya Park, Brgy. Pasong Putik","Block 31 Lot 23 Ilang-Ilang Street Pechayan Kanan, Maligaya Park, Barangay Pasong Putik, Quezon City, Philippines",Childcare,Public,Child development centers,"Data_QC Caring Cities Tracker, QC Administrative Data - Child",,,,,5.0
435,Pasong Putik Proper,physiofirst health care clinic,"unit 209 second floor, christopher plaza building,, quirino highway, novaliches, pasong putik proper, quezon city, ncr, 1118","unit 209 second floor, christopher plaza building, quirino highway, novaliches, pasong putik proper, quezon city, ncr, 1118, Philippines",Long-term care and rehabilitation services,,Physical therapy clinic,"QC Future Ready dashboard, Long-term care and rehabilitation services",8:00AM,5:00PM,14.735578,121.065449,5.0
436,Pasong Putik Proper,Maligaya,"Pechayan St., Maligaya Park Subd., Brgy. Pasong Putik","Pechayan Street, Maligaya Park Subdivision, Barangay Pasong Putik, Quezon City, Philippines",Health centers,,Health centers,"Data_QC Caring Cities Tracker, QC Administrative Data - Health",,,,,5.0
437,Pasong Putik Proper,msa whiz kids academy inc.,"13, 15, 17, 19, bituin street, teresa heights subdivision, pasong putik proper, quezon city, ncr, 1118","13, 15, 17, 19, bituin street, teresa heights subdivision, pasong putik proper, quezon city, ncr, 1118, Philippines",Schools,Private,Private school,"QC Future Ready dashboard, Schools",8:00AM,5:00PM,14.7377845,121.0629676,5.0
438,Pasong Putik Proper,physiofirst health care clinic,"unit 209 second floor, christopher plaza building,, quirino highway, novaliches, pasong putik proper, quezon city, ncr, 1118","unit 209 second floor, christopher plaza building, quirino highway, novaliches, pasong putik proper, quezon city, ncr, 1118, Philippines",Long-term care and rehabilitation services,,Physical therapy clinic,"QC Future Ready dashboard, Long-term care and rehabilitation services",8:00AM,5:00PM,14.735578,121.065449,5.0
439,Pasong Putik Proper,SAMAPINA,"Block 1 Lot 60 Sampaguita St. Maligaya Park, Brgy. Pasong Putik Proper","Block 1 Lot 60 Sampaguita Street Maligaya Park, Barangay Pasong Putik Proper, Quezon City, Philippines",Childcare,Public,Child development centers,"Data_QC Caring Cities Tracker, QC Administrative Data - Child",,,,,5.0
440,Pasong Putik Proper,Maligaya Health Center,"Pechayan St., Maligaya Park Subd., Brgy. Pasong Putik","Pechayan Street, Maligaya Park Subdivision, Barangay Pasong Putik, Quezon City, Philippines",Health centers,,Health center pharmacy,"Data_QC Caring Cities Tracker, QC Administrative Data - Health",,,,,5.0
441,Pasong Tamo,Veterans Area II,Corner Diego Silang St. Veterans Village,"Corner Diego Silang Street Veterans Village, Quezon City, Philippines",Childcare,Public,Child development centers,"Data_QC Caring Cities Tracker, QC Administrative Data - Child",,,,,6.0
442,Pasong Tamo,"gospel christian school gcs, inc.","blk. 7 , lot 17 , area 9-a luzon  ave. , pasong tamo, quezon city, ncr, 1107","blk. 7 , lot 17 , area 9-a luzon Avenue , pasong tamo, quezon city, ncr, 1107, Philippines",Schools,Private,Private school,"QC Future Ready dashboard, Schools",8:00AM,5:00PM,,,6.0
443,Pasong Tamo,angel care custodial service,"102 int 3, san miguel vill, pasong tamo, quezon city, ncr, 1107","102 int 3, san miguel vill, pasong tamo, quezon city, ncr, 1107, Philippines",Long-term care and rehabilitation services,,Psychiatric rehabilitation center,"QC Future Ready dashboard, Long-term care and rehabilitation services",10:00AM,5:00PM,14.6757682,121.0461044,6.0
444,Pasong Tamo,Magdaleno H. Pedro,"13 J.P. Eugenio St., Philand Subd., Brgy. Pasong Tamo","13 J.P. Eugenio Street, Philand Subdivision, Barangay Pasong Tamo, Quezon City, Philippines",Health centers,,Health centers,"Data_QC Caring Cities Tracker, QC Administrative Data - Health",,,,,6.0
445,Pasong Tamo,salt and light child care and development inc.,"3rd flr, pinnacle bldg, no. 8 congressional avenue ext. , pasong tamo, quezon city, ncr, 1107","3rd flr, pinnacle bldg, 8 congressional avenue Extension , pasong tamo, quezon city, ncr, 1107, Philippines",Childcare,Private,Child learning center,"QC Future Ready dashboard, Childcare",9:00AM,6:00PM,,,6.0
446,Pasong Tamo,"gospel christian school gcs, inc.","blk. 7 , lot 17 , area 9-a luzon  ave. , pasong tamo, quezon city, ncr, 1107","blk. 7 , lot 17 , area 9-a luzon Avenue , pasong tamo, quezon city, ncr, 1107, Philippines",Schools,Private,Private school,"QC Future Ready dashboard, Schools",8:00AM,5:00PM,,,6.0
447,Pasong Tamo,Pingkian 3 Zone 2,"Lily St. Pingkian 3, Zone 2","Lily Street Pingkian 3, Zone 2, Quezon City, Philippines",Childcare,Public,Child development centers,"Data_QC Caring Cities Tracker, QC Administrative Data - Child",,,14.68863765,121.059987,6.0
448,Pasong Tamo,Pingkian II,Pingkian II,"Pingkian II, Quezon City, Philippines",Childcare,Public,Child development centers,"Data_QC Caring Cities Tracker, QC Administrative Data - Child",,,,,6.0
449,Pasong Tamo,Veterans Area I,"Area I, Freedom Park St. Veterans Village","Area I, Freedom Park Street Veterans Village, Quezon City, Philippines",Childcare,Public,Child development centers,"Data_QC Caring Cities Tracker, QC Administrative Data - Child",,,,,6.0
450,Pasong Tamo,Pingkian 3 Zone 3,Santan St.,"Santan Street, Quezon City, Philippines",Childcare,Public,Child development centers,"Data_QC Caring Cities Tracker, QC Administrative Data - Child",,,14.68987685,121.0573185,6.0
451,Pasong Tamo,ozonmed wellness clinic inc.,"2nd flr, glory to god bldg., sampaguita ave. cor narra st. , mapayapa village iii, pasong tamo, quezon city, ncr, 1107","2nd flr, glory to god Building, sampaguita Avenue corner narra Street , mapayapa village iii, pasong tamo, quezon city, ncr, 1107, Philippines",Long-term care and rehabilitation services,,Physical therapy clinic,"QC Future Ready dashboard, Long-term care and rehabilitation services",8:00AM,8:00PM,14.682093,121.05884,6.0
452,Pasong Tamo,salt and light child care and development inc.,"3rd flr, pinnacle bldg, no. 8 congressional avenue ext. , pasong tamo, quezon city, ncr, 1107","3rd flr, pinnacle bldg, 8 congressional avenue Extension , pasong tamo, quezon city, ncr, 1107, Philippines",Childcare,Private,Child learning center,"QC Future Ready dashboard, Childcare",9:00AM,6:00PM,,,6.0
453,Pasong Tamo,ozonmed wellness clinic inc.,"2nd flr, glory to god bldg., sampaguita ave. cor narra st. , mapayapa village iii, pasong tamo, quezon city, ncr, 1107","2nd flr, glory to god Building, sampaguita Avenue corner narra Street , mapayapa village iii, pasong tamo, quezon city, ncr, 1107, Philippines",Long-term care and rehabilitation services,,Physical therapy clinic,"QC Future Ready dashboard, Long-term care and rehabilitation services",8:00AM,8:00PM,14.682093,121.05884,6.0
454,Pasong Tamo,Veterans Area III,7th Street Veterans Village Area 3,"7th Street Veterans Village Area 3, Quezon City, Philippines",Childcare,Public,Child development centers,"Data_QC Caring Cities Tracker, QC Administrative Data - Child",,,14.68362031,121.0654379,6.0
455,Pasong Tamo,little wonders playdates and learning center,"unit 3d beal square # 27, visayas avenue corner congressional avenue, pasong tamo, quezon city, ncr, 1107","unit 3d beal square # 27, visayas avenue corner congressional avenue, pasong tamo, quezon city, ncr, 1107, Philippines",Childcare,Private,Child learning center,"QC Future Ready dashboard, Childcare",7:00AM,10:00PM,14.67200929,121.0434804,6.0
456,Pasong Tamo,r and a learning center,"8, 22, shining hope phase 1 hoa roque 1b, napocor village, pasong tamo, quezon city, ncr, 1107","8, 22, shining hope phase 1 hoa roque 1b, napocor village, pasong tamo, quezon city, ncr, 1107, Philippines",Childcare,Private,Child learning center,"QC Future Ready dashboard, Childcare",8:00AM,12:00PM,14.682093,121.05884,6.0
457,Pasong Tamo,Centerville,Philand back of basketball court,"Philand back of basketball court, Quezon City, Philippines",Childcare,Public,Child development centers,"Data_QC Caring Cities Tracker, QC Administrative Data - Child",,,,,6.0
458,Payatas,Golden Shower,"Golden Shower St., Brgy. Payatas","Golden Shower Street, Barangay Payatas, Quezon City, Philippines",Childcare,Public,Child development centers,"Data_QC Caring Cities Tracker, QC Administrative Data - Child",,,,,2.0
459,Payatas,Bahay Pangarap,"48 Bulacan St., near brgy. hall, Brgy. Payatas","48 Bulacan Street, near Barangay hall, Barangay Payatas, Quezon City, Philippines",Childcare,Public,Child development centers,"Data_QC Caring Cities Tracker, QC Administrative Data - Child",,,14.71499982,121.1025251,2.0
460,Payatas,Payatas B,"Bulacan St., Brgy. Payatas","Bulacan Street, Barangay Payatas, Quezon City, Philippines",Health centers,,Health centers,"Data_QC Caring Cities Tracker, QC Administrative Data - Health",,,14.71610507,121.101749,2.0
461,Payatas,Banaba,"Banaba St., Brgy. Payatas","Banaba Street, Barangay Payatas, Quezon City, Philippines",Childcare,Public,Child development centers,"Data_QC Caring Cities Tracker, QC Administrative Data - Child",,,14.7186371,121.1075963,2.0
462,Payatas,Lower Everlasting,"Lower Everlasting (Sto. Niño Gala), Brgy. Payatas","Lower Everlasting (Sto. Niño Gala), Barangay Payatas, Quezon City, Philippines",Childcare,Public,Child development centers,"Data_QC Caring Cities Tracker, QC Administrative Data - Child",,,14.7186371,121.1075963,2.0
463,Payatas,Upper Everlasting,"Upper Everlasting, Brgy. Payatas","Upper Everlasting, Barangay Payatas, Quezon City, Philippines",Childcare,Public,Child development centers,"Data_QC Caring Cities Tracker, QC Administrative Data - Child",,,14.7186371,121.1075963,2.0
464,Payatas,breath of life christian community school inc.,"purok 5, road 7 phase 2 , lupang pangako, payatas, quezon city, ncr, 1119","purok 5, road 7 phase 2 , lupang pangako, payatas, quezon city, ncr, 1119, Philippines",Schools,Private,Private school,"QC Future Ready dashboard, Schools",7:00AM,4:00PM,14.72110157,121.109981,2.0
465,Payatas,Payatas Super Health Centers,"Diamond Hills St., Brgy. Payatas","Diamond Hills Street, Barangay Payatas, Quezon City, Philippines",Health centers,,Super health care centers,"Data_QC Caring Cities Tracker, QC Administrative Data - Health",,,14.7111163,121.0963829,2.0
466,Payatas,Payatas Super,"Molave St., Diamond Hills St., Brgy. Payatas","Molave Street, Diamond Hills Street, Barangay Payatas, Quezon City, Philippines",Health centers,,Health centers,"Data_QC Caring Cities Tracker, QC Administrative Data - Health",,,14.70979968,121.0965636,2.0
467,Payatas,blessed exodus christian academy inc.,"b2 l8 & 9, payatas b, amlacville subd, payatas, quezon city, ncr, 1119","b2 l8 & 9, payatas b, amlacville subd, payatas, quezon city, ncr, 1119, Philippines",Schools,Private,Private school,"QC Future Ready dashboard, Schools",8:00AM,1:20PM,14.7167,121.104,2.0
468,Payatas,Lupang Pangako,"Phase I, Lupang Pangako, Brgy. Payatas","Phase I, Lupang Pangako, Barangay Payatas, Quezon City, Philippines",Health centers,,Health centers,"Data_QC Caring Cities Tracker, QC Administrative Data - Health",,,14.72110157,121.109981,2.0
469,Payatas,Empire,"Empire St., Brgy. Payatas","Empire Street, Barangay Payatas, Quezon City, Philippines",Childcare,Public,Child development centers,"Data_QC Caring Cities Tracker, QC Administrative Data - Child",,,14.7186371,121.1075963,2.0
470,Payatas,Azucena,"Azucena St., Brgy. Payatas","Azucena Street, Barangay Payatas, Quezon City, Philippines",Childcare,Public,Child development centers,"Data_QC Caring Cities Tracker, QC Administrative Data - Child",,,14.7186371,121.1075963,2.0
471,Payatas,Sto. Niño De Payatas II,"Second floor, SÑDP CDC, Sto. Niño De Payatas St., Brgy. Payatas","Second floor, SÑDP CDC, Sto. Niño De Payatas Street, Barangay Payatas, Quezon City, Philippines",Childcare,Public,Child development centers,"Data_QC Caring Cities Tracker, QC Administrative Data - Child",,,14.7186371,121.1075963,2.0
472,Payatas,Sto. Niño De Payatas I,"Ground floor, SÑDP CDC, Sto. Niño De Payatas St., Brgy. Payatas","Ground floor, SÑDP CDC, Sto. Niño De Payatas Street, Barangay Payatas, Quezon City, Philippines",Childcare,Public,Child development centers,"Data_QC Caring Cities Tracker, QC Administrative Data - Child",,,14.7186371,121.1075963,2.0
473,Payatas,Mutya,"Mutya St., Brgy. Payatas","Mutya Street, Barangay Payatas, Quezon City, Philippines",Childcare,Public,Child development centers,"Data_QC Caring Cities Tracker, QC Administrative Data - Child",,,14.7186371,121.1075963,2.0
474,Payatas,Payatas A,"Ilang-Ilang St., Brgy. Payatas","Ilang-Ilang Street, Barangay Payatas, Quezon City, Philippines",Health centers,,Health centers,"Data_QC Caring Cities Tracker, QC Administrative Data - Health",,,14.69970178,121.0951694,2.0
475,Payatas,Phase IV-B,"2nd floor, Livelihood Center, Davao St., Phase IV, Brgy. Payatas","2nd floor, Livelihood Center, Davao Street, Phase IV, Barangay Payatas, Quezon City, Philippines",Childcare,Public,Child development centers,"Data_QC Caring Cities Tracker, QC Administrative Data - Child",,,14.7186371,121.1075963,2.0
476,Payatas,Lupang Pangako,"Phase 2, Park 13, Lupang Pangako, Brgy. Payatas","Phase 2, Park 13, Lupang Pangako, Barangay Payatas, Quezon City, Philippines",Childcare,Public,Child development centers,"Data_QC Caring Cities Tracker, QC Administrative Data - Child",,,14.72110157,121.109981,2.0
477,Payatas,Springfield,"Springfield St., Brgy. Payatas","Springfield Street, Barangay Payatas, Quezon City, Philippines",Childcare,Public,Child development centers,"Data_QC Caring Cities Tracker, QC Administrative Data - Child",,,14.7186371,121.1075963,2.0
478,Payatas,Narraville,"Lower Narra St., Brgy. Payatas","Lower Narra Street, Barangay Payatas, Quezon City, Philippines",Childcare,Public,Child development centers,"Data_QC Caring Cities Tracker, QC Administrative Data - Child",,,14.71230301,121.0931408,2.0
479,Payatas,Phase IV-A,"Ground floor, Livelihood Center, Davao St., Phase IV, Brgy. Payatas","Ground floor, Livelihood Center, Davao Street, Phase IV, Barangay Payatas, Quezon City, Philippines",Childcare,Public,Child development centers,"Data_QC Caring Cities Tracker, QC Administrative Data - Child",,,14.7186371,121.1075963,2.0
480,Payatas,de paul payatas day care center inc.,"phase 1 purok 3, lupang pangako, payatas, quezon city, ncr, 1119","phase 1 purok 3, lupang pangako, payatas, quezon city, ncr, 1119, Philippines",Childcare,Private,Day care center,"QC Future Ready dashboard, Childcare",8:00AM,5:00PM,14.72110157,121.109981,2.0
481,Payatas,Molave,"Molave St., near Tahanan, Brgy. Payatas","Molave Street, near Tahanan, Barangay Payatas, Quezon City, Philippines",Childcare,Public,Child development centers,"Data_QC Caring Cities Tracker, QC Administrative Data - Child",,,14.71231702,121.0962245,2.0
482,Payatas,"saint vincent institute of arts & sciences, inc.","137, legaspi st., payatas-b, payatas, quezon city, ncr, 1119","137, legaspi Street, payatas-b, payatas, quezon city, ncr, 1119, Philippines",Schools,Private,Private school,"QC Future Ready dashboard, Schools",8:00AM,5:00PM,,,2.0
483,Phil-Am,grey-gold home care services,"13, west maya drive, phil-am, quezon city, ncr, 1104","13, west maya drive, phil-am, quezon city, ncr, 1104, Philippines",Older persons care,,Nursing care center,"QC Future Ready dashboard, Older persons care",7:00AM,7:00AM,14.64784242,121.0290275,1.0
484,Phil-Am,springlife therapeutic community inc.,"122, west avenue, phil-am, quezon city, ncr, 1103","122, west avenue, phil-am, quezon city, ncr, 1103, Philippines",Long-term care and rehabilitation services,,Psychological clinic,"QC Future Ready dashboard, Long-term care and rehabilitation services",9:00AM,5:00PM,14.65030599,121.028995,1.0
485,Pinagkaisahan,Bernardo,"95 Ermin Garcia St., Brgy. Pinagkaisahan","95 Ermin Garcia Street, Barangay Pinagkaisahan, Quezon City, Philippines",Health centers,,Health centers,"Data_QC Caring Cities Tracker, QC Administrative Data - Health",,,14.62708493,121.0467375,4.0
486,Pinagkaisahan,Pinagkaisahan,Ermin Garcia St. (near Bernardo Park),"Ermin Garcia Street (near Bernardo Park), Quezon City, Philippines",Childcare,Public,Child development centers,"Data_QC Caring Cities Tracker, QC Administrative Data - Child",,,14.62708493,121.0467375,4.0
487,Pinyahan,marpe medical rehab center inc.,"rm 801 8th floor, malakas suites, 88 malakas st. diliman, pinyahan, quezon city, ncr, 1100","rm 801 8th floor, malakas suites, 88 malakas Street diliman, pinyahan, quezon city, ncr, 1100, Philippines",Long-term care and rehabilitation services,,Rehabilitation clinic,"QC Future Ready dashboard, Long-term care and rehabilitation services",8:00AM,6:00PM,14.63813357,121.0482163,4.0
488,Pinyahan,the oracle physical rehabilitation inc.,"unit 101, east side condominium corporation,, 77, malakas, pinyahan, quezon city, ncr, 1100","unit 101, east side condominium corporation, 77, malakas, pinyahan, quezon city, ncr, 1100, Philippines",Long-term care and rehabilitation services,,Physical therapy clinic,"QC Future Ready dashboard, Long-term care and rehabilitation services",9:00AM,6:00PM,14.63840402,121.048167,4.0
489,Pinyahan,brightsteps learning and development center,"unit 4 34, matapang, pinyahan, quezon city, ncr, 1100","unit 4 34, matapang, pinyahan, quezon city, ncr, 1100, Philippines",Long-term care and rehabilitation services,,Physical/occupational therapy school,"QC Future Ready dashboard, Long-term care and rehabilitation services",8:00AM,5:00PM,14.6401576,121.0500757,4.0
490,Pinyahan,Pinyahan,"37 Malakas St., Brgy. Pinyahan","37 Malakas Street, Barangay Pinyahan, Quezon City, Philippines",Health centers,,Health centers,"Data_QC Caring Cities Tracker, QC Administrative Data - Health",,,14.63813357,121.0482163,4.0
491,Pinyahan,marpe medical rehab center inc.,"rm 801 8th floor, malakas suites, 88 malakas st. diliman, pinyahan, quezon city, ncr, 1100","rm 801 8th floor, malakas suites, 88 malakas Street diliman, pinyahan, quezon city, ncr, 1100, Philippines",Long-term care and rehabilitation services,,Rehabilitation clinic,"QC Future Ready dashboard, Long-term care and rehabilitation services",8:00AM,6:00PM,14.63813357,121.0482163,4.0
492,Pinyahan,the oracle physical rehabilitation inc.,"unit 101, east side condominium corporation,, 77, malakas, pinyahan, quezon city, ncr, 1100","unit 101, east side condominium corporation, 77, malakas, pinyahan, quezon city, ncr, 1100, Philippines",Long-term care and rehabilitation services,,Physical therapy clinic,"QC Future Ready dashboard, Long-term care and rehabilitation services",9:00AM,6:00PM,14.63840402,121.048167,4.0
493,Pinyahan,"fremont learning academy, inc.","20, matino, pinyahan, quezon city, ncr, 1100","20, matino, pinyahan, quezon city, ncr, 1100, Philippines",Childcare,Private,Child learning center,"QC Future Ready dashboard, Childcare",7:00AM,6:00PM,,,4.0
494,Pinyahan,"fremont learning academy, inc.","20, matino, pinyahan, quezon city, ncr, 1100","20, matino, pinyahan, quezon city, ncr, 1100, Philippines",Childcare,Private,Child learning center,"QC Future Ready dashboard, Childcare",7:00AM,6:00PM,,,4.0
495,Pinyahan,Pinyahan Proper,"#35 Malakas St. Brgy. Hall Compd., Brgy. Pinyahan","#35 Malakas Street Barangay Hall Compd., Barangay Pinyahan, Quezon City, Philippines",Childcare,Public,Child development centers,"Data_QC Caring Cities Tracker, QC Administrative Data - Child",,,14.63496618,121.0473259,4.0
496,Project 6,"saint paul educational center bago- bantay,  inc.","8, road 1, project 6, quezon city, ncr, 1100","8, road 1, project 6, quezon city, ncr, 1100, Philippines",Schools,Private,Private school,"QC Future Ready dashboard, Schools",8:00AM,5:00PM,14.66082611,121.0373676,1.0
497,Project 6,Project 6,Alley 3 Project 6,"Alley 3 Project 6, Quezon City, Philippines",Childcare,Public,Child development centers,"Data_QC Caring Cities Tracker, QC Administrative Data - Child",,,14.66200495,121.0397192,1.0
498,Project 6,nexus' physical rehabilitation center,"82, one mckinson building, road 3, project 6, quezon city, ncr, 1100","82, one mckinson building, road 3, project 6, quezon city, ncr, 1100, Philippines",Long-term care and rehabilitation services,,Rehabilitation clinic,"QC Future Ready dashboard, Long-term care and rehabilitation services",9:00AM,8:00PM,14.66479093,121.0402952,1.0
499,Project 6,Project 6,"58 Alley 3, Brgy. Project 6","58 Alley 3, Barangay Project 6, Quezon City, Philippines",Health centers,,Health centers,"Data_QC Caring Cities Tracker, QC Administrative Data - Health",,,14.66176971,121.0404661,1.0
500,Quirino 2-A,"lord jesus learning institute, inc","17, bignay st, quirino 2a, quezon city, ncr, 1102","17, bignay st, quirino 2a, quezon city, ncr, 1102, Philippines",Schools,Private,Private school,"QC Future Ready dashboard, Schools",7:00AM,4:00PM,14.6321787,121.0591679,3.0
501,Quirino 2-A,Quirino 2A,"Anonas St., Brgy. Quirino 2A","Anonas Street, Barangay Quirino 2A, Quezon City, Philippines",Childcare,Public,Child development centers,"Data_QC Caring Cities Tracker, QC Administrative Data - Child",,,14.63172776,121.0606959,3.0
502,Quirino 2-B,jrt home care service,"07, langka st., quirino 2b, quezon city, ncr, 1102","07, langka Street, quirino 2b, quezon city, ncr, 1102, Philippines",Long-term care and rehabilitation services,,Psychiatric rehabilitation center,"QC Future Ready dashboard, Long-term care and rehabilitation services",8:00AM,5:00PM,14.634064,121.0621652,3.0
503,Quirino 2-B,Quirino 2B,"157B Pajo St., cor. Langka, Proj. 2, Brgy. Quirino 2B","157B Pajo Street, corner Langka, Proj. 2, Barangay Quirino 2B, Quezon City, Philippines",Childcare,Public,Child development centers,"Data_QC Caring Cities Tracker, QC Administrative Data - Child",,,14.63277021,121.063569,3.0
504,Quirino 2-B,E. Rodriguez,"150 Pajo St. Projec 2, Brgy. Quirino 2B","150 Pajo Street Projec 2, Barangay Quirino 2B, Quezon City, Philippines",Health centers,,Health centers,"Data_QC Caring Cities Tracker, QC Administrative Data - Health",,,14.63196102,121.063206,3.0
505,Quirino 2-B,jrt home care service,"07, langka st., quirino 2b, quezon city, ncr, 1102","07, langka Street, quirino 2b, quezon city, ncr, 1102, Philippines",Long-term care and rehabilitation services,,Psychiatric rehabilitation center,"QC Future Ready dashboard, Long-term care and rehabilitation services",8:00AM,5:00PM,14.634064,121.0621652,3.0
506,Quirino 2-C,Quirino 2C,"179 Bignay St., Project 2, Brgy. Quirino 2C","179 Bignay Street, Project 2, Barangay Quirino 2C, Quezon City, Philippines",Childcare,Public,Child development centers,"Data_QC Caring Cities Tracker, QC Administrative Data - Child",,,,,3.0
507,Ramon Magsaysay,Ramon Magsaysay I,Ilocos Sur St.,"Ilocos Sur Street, Quezon City, Philippines",Childcare,Public,Child development centers,"Data_QC Caring Cities Tracker, QC Administrative Data - Child",,,,,1.0
508,Ramon Magsaysay,potentials therapy center,"unit 2a 2nd flr., mic bldg., 72 bukidnon street, ramon magsaysay, quezon city, ncr, 1105","unit 2a 2nd Floor, mic Building, 72 bukidnon street, ramon magsaysay, quezon city, ncr, 1105, Philippines",Long-term care and rehabilitation services,,Therapeutic clinic,"QC Future Ready dashboard, Long-term care and rehabilitation services",8:00AM,6:00PM,14.6595977,121.025364,1.0
509,Ramon Magsaysay,kryptonite massage spa service,"space 203, 2nd flr., no. 2 congressional ave. , ramon magsaysay, quezon city, ncr, 1105","space 203, 2nd Floor, 2 congressional Avenue , ramon magsaysay, quezon city, ncr, 1105, Philippines",Long-term care and rehabilitation services,,Therapeutic clinic,"QC Future Ready dashboard, Long-term care and rehabilitation services",12:00AM,12:00AM,,,1.0
510,Ramon Magsaysay,Ramon Magsaysay II,Ilocos Sur St.,"Ilocos Sur Street, Quezon City, Philippines",Childcare,Public,Child development centers,"Data_QC Caring Cities Tracker, QC Administrative Data - Child",,,,,1.0
511,Roxas,li'l scouts therapy center,"244, sct. chuatoco, roxas, quezon city, ncr, 1103","244, sct. chuatoco, roxas, quezon city, ncr, 1103, Philippines",Long-term care and rehabilitation services,,Physical therapy clinic,"QC Future Ready dashboard, Long-term care and rehabilitation services",9:00AM,5:00PM,14.62767971,121.0282367,4.0
512,Roxas,Roxas,Champaca cor. Dahlia St. Brgy. Roxas,"Champaca corner Dahlia Street Barangay Roxas, Quezon City, Philippines",Childcare,Public,Child development centers,"Data_QC Caring Cities Tracker, QC Administrative Data - Child",,,14.62868051,121.0197983,4.0
513,Roxas,medical direct medical clinic,"unit 5  , indg bldg. , 77 nicanor roxas st, sto. domingo, quezon city, ncr, 1113","unit 5 , indg Building , 77 nicanor roxas st, sto. domingo, quezon city, ncr, 1113, Philippines",Long-term care and rehabilitation services,,Physical therapy clinic,"QC Future Ready dashboard, Long-term care and rehabilitation services",8:00AM,5:00PM,,,4.0
514,Roxas,Gen. Roxas,"Jasmin St. cor. Madre Silva St., Roxas District","Jasmin Street corner Madre Silva Street, Roxas District, Quezon City, Philippines",Health centers,,Health centers,"Data_QC Caring Cities Tracker, QC Administrative Data - Health",,,14.62824708,121.0217648,4.0
515,Roxas,Roxas Health Center,"Jasmin St. cor. Madre Silva St., Roxas District","Jasmin Street corner Madre Silva Street, Roxas District, Quezon City, Philippines",Health centers,,Health center pharmacy,"Data_QC Caring Cities Tracker, QC Administrative Data - Health",,,14.62824708,121.0217648,4.0
516,Sacred Heart,"childrens innovative therapeutic intervention specialists, inc.","5, tomas morato ave., sacred heart, quezon city, ncr, 1103","5, tomas morato Avenue, sacred heart, quezon city, ncr, 1103, Philippines",Long-term care and rehabilitation services,,Therapeutic clinic,"QC Future Ready dashboard, Long-term care and rehabilitation services",8:00AM,5:00PM,,,4.0
517,Sacred Heart,cradle of joy center for learning foundation inc.,"11th,  jamboree, sacred heart, quezon city, ncr, 1103","11th, jamboree, sacred heart, quezon city, ncr, 1103, Philippines",Schools,Private,Private school,"QC Future Ready dashboard, Schools",7:00AM,8:00PM,14.63159002,121.0412281,4.0
518,Sacred Heart,ccde centre for communication development and education,"unit c g/f, #39 scout ybardolaza st., sacred heart, quezon city, ncr, 1103","unit c g/f, #39 scout ybardolaza Street, sacred heart, quezon city, ncr, 1103, Philippines",Long-term care and rehabilitation services,,Physical/occupational therapy school,"QC Future Ready dashboard, Long-term care and rehabilitation services",5:00AM,8:00PM,14.63150151,121.0390316,4.0
519,Sacred Heart,"life change recovery center, inc.","105, scout rallos street, sacred heart, quezon city, ncr, 1103","105, scout rallos street, sacred heart, quezon city, ncr, 1103, Philippines",Long-term care and rehabilitation services,,Psychological clinic,"QC Future Ready dashboard, Long-term care and rehabilitation services",9:00AM,6:00PM,14.63306898,121.0400703,4.0
520,Salvacion,Salvacion,#74 Bulusan St.,"#74 Bulusan Street, Quezon City, Philippines",Childcare,Public,Child development centers,"Data_QC Caring Cities Tracker, QC Administrative Data - Child",,,14.62807701,120.994919,1.0
521,San Agustin,Nova Homes,"Narra St., Nova Homes Subd. Brgy. San Agustin","Narra Street, Nova Homes Subdivision Barangay San Agustin, Quezon City, Philippines",Childcare,Public,Child development centers,"Data_QC Caring Cities Tracker, QC Administrative Data - Child",,,14.73431774,121.036679,5.0
522,San Agustin,the b.u.g.s. learning and development center,"blk 23 , lot 8, paolo st., greenfields iii, san agustin, quezon city, ncr, 1117","blk 23 , lot 8, paolo Street, greenfields iii, san agustin, quezon city, ncr, 1117, Philippines",Childcare,Private,Child learning center,"QC Future Ready dashboard, Childcare",8:00AM,5:00PM,,,5.0
523,San Agustin,logm inc.,"g/f unit e, one susano prime, 188, susano road, san agustin, quezon city, ncr, 1117","g/f unit e, one susano prime, 188, susano road, san agustin, quezon city, ncr, 1117, Philippines",Long-term care and rehabilitation services,,Physical therapy clinic,"QC Future Ready dashboard, Long-term care and rehabilitation services",10:00AM,7:00PM,14.73475509,121.0339968,5.0
524,San Agustin,diliman educational corporation,"1, don raymundo st., san agustin village, talipapa, quezon city, ncr, 1116","1, don raymundo Street, san agustin village, talipapa, quezon city, ncr, 1116, Philippines",Childcare,Private,Child learning center,"QC Future Ready dashboard, Childcare",8:00AM,5:00PM,,,5.0
525,San Agustin,St. Francis,"Barangay Hall Compd., Patnubay Street, St. Francis Village","Barangay Hall Compd., Patnubay Street, Street Francis Village, Quezon City, Philippines",Childcare,Public,Child development centers,"Data_QC Caring Cities Tracker, QC Administrative Data - Child",,,14.728786,121.0383651,5.0
526,San Agustin,T.S. Cruz,"T.S. Cruz Day Care and Livelihood Center, Fidel St., T.S. Cruz Subdivision, Brgy. San Agustin","T.S. Cruz Day Care and Livelihood Center, Fidel Street, T.S. Cruz Subdivision, Barangay San Agustin, Quezon City, Philippines",Childcare,Public,Child development centers,"Data_QC Caring Cities Tracker, QC Administrative Data - Child",,,14.7277688,121.0353029,5.0
527,San Antonio,San Antonio I,173 West Riverside St.,"173 West Riverside Street, Quezon City, Philippines",Childcare,Public,Child development centers,"Data_QC Caring Cities Tracker, QC Administrative Data - Child",,,,,1.0
528,San Antonio,San Antonio III,"Lot 5 Alley 7, 31 San Jose St.","Lot 5 Alley 7, 31 San Jose Street, Quezon City, Philippines",Childcare,Public,Child development centers,"Data_QC Caring Cities Tracker, QC Administrative Data - Child",,,,,1.0
529,San Antonio,San Antonio II,47 Guerrero St.,"47 Guerrero Street, Quezon City, Philippines",Childcare,Public,Child development centers,"Data_QC Caring Cities Tracker, QC Administrative Data - Child",,,,,1.0
530,San Antonio,San Antonio Health Center,"38 San Jose, St. Brgy. San Antonio","38 San Jose, Street Barangay San Antonio, Quezon City, Philippines",Health centers,,Health center pharmacy,"Data_QC Caring Cities Tracker, QC Administrative Data - Health",,,14.64845807,121.0141993,1.0
531,San Antonio,"marriott school, inc.","162, tolentino st san francisco , ncr, san antonio, quezon city, ncr, 1105","162, tolentino st san francisco , ncr, san antonio, quezon city, ncr, 1105, Philippines",Schools,Private,Private school,"QC Future Ready dashboard, Schools",7:00AM,5:00PM,14.64757629,121.0146805,1.0
532,San Antonio,San Antonio,"38 San Jose, St. Brgy. San Antonio","38 San Jose, Street Barangay San Antonio, Quezon City, Philippines",Health centers,,Health centers,"Data_QC Caring Cities Tracker, QC Administrative Data - Health",,,14.64845807,121.0141993,1.0
533,San Bartolome,hiraya kinder tutorial center,"697, quirino highway, san bartolome, quezon city, ncr, 1116","697, quirino highway, san bartolome, quezon city, ncr, 1116, Philippines",Childcare,Private,Child learning center,"QC Future Ready dashboard, Childcare",9:00AM,6:00PM,14.70160998,121.03536,5.0
534,San Bartolome,Sampaguita,"Sampaguita Compound, Atlas Road, Brgy. San Bartolome","Sampaguita Compound, Atlas Road, Barangay San Bartolome, Quezon City, Philippines",Childcare,Public,Child development centers,"Data_QC Caring Cities Tracker, QC Administrative Data - Child",,,14.7119233,121.0288687,5.0
535,San Bartolome,Angela,"2nd flr. Vargas Hall, Marcos St., Doña Faustina","2nd Floor Vargas Hall, Marcos Street, Doña Faustina, Quezon City, Philippines",Childcare,Public,Child development centers,"Data_QC Caring Cities Tracker, QC Administrative Data - Child",,,14.70875034,121.0244441,5.0
536,San Bartolome,hiraya kinder tutorial center,"697, quirino highway, san bartolome, quezon city, ncr, 1116","697, quirino highway, san bartolome, quezon city, ncr, 1116, Philippines",Childcare,Private,Child learning center,"QC Future Ready dashboard, Childcare",9:00AM,6:00PM,14.70160998,121.03536,5.0
537,San Bartolome,San Bartolome,"Angela Covered Court, Marcus St. Doña Faustina Subd., Brgy. San Bartolome","Angela Covered Court, Marcus Street Doña Faustina Subdivision, Barangay San Bartolome, Quezon City, Philippines",Health centers,,Health centers,"Data_QC Caring Cities Tracker, QC Administrative Data - Health",,,14.7052265,121.0328273,5.0
538,San Bartolome,Nomar 2,"Santan St., Nomar Subd., Brgy. San Bartolome","Santan Street, Nomar Subdivision, Barangay San Bartolome, Quezon City, Philippines",Childcare,Public,Child development centers,"Data_QC Caring Cities Tracker, QC Administrative Data - Child",,,14.70100219,121.0410321,5.0
539,San Bartolome,"little shepherd child development center, inc.","b6 l 30-31, james st., san pedro subd., san bartolome, quezon city, ncr, 1116","b6 l 30-31, james Street, san pedro Subdivision, san bartolome, quezon city, ncr, 1116, Philippines",Schools,Private,Private school,"QC Future Ready dashboard, Schools",8:00AM,5:00PM,,,5.0
540,San Bartolome,st. john beverly school inc.,"749, quirino highway, san bartolome, quezon city, ncr, 1116","749, quirino highway, san bartolome, quezon city, ncr, 1116, Philippines",Schools,Private,Private school,"QC Future Ready dashboard, Schools",8:00AM,5:00PM,14.70567298,121.0381748,5.0
541,San Bartolome,Novaliches District Hospital,"683 Quirino Highway, Barangay San Bartolome, Novaliches","683 Quirino Highway, Barangay San Bartolome, Novaliches, Quezon City, Philippines",Health centers,,LGU-run hospitals,"Data_QC Caring Cities Tracker, QC Administrative Data - Health",,,14.70567298,121.0381748,5.0
542,San Isidro,Galas,"46 Bayani St. Brgy. San Isidro, Galas","46 Bayani Street Barangay San Isidro, Galas, Quezon City, Philippines",Health centers,,Health centers,"Data_QC Caring Cities Tracker, QC Administrative Data - Health",,,,,4.0
543,San Isidro,San Isidro Galas,"Brgy. San Isidro Galas Bgy. Hall Compound, Unang Hakbang St.","Barangay San Isidro Galas Barangay Hall Compound, Unang Hakbang Street, Quezon City, Philippines",Childcare,Public,Child development centers,"Data_QC Caring Cities Tracker, QC Administrative Data - Child",,,14.6116958,121.0092997,4.0
544,San Isidro Labrador,San Isidro Labrador,#91 Halcon St.,"#91 Halcon Street, Quezon City, Philippines",Childcare,Public,Child development centers,"Data_QC Caring Cities Tracker, QC Administrative Data - Child",,,,,1.0
545,San Isidro Labrador,siloam christian academy inc.,"2, san isidro labrador, payatas, quezon city, ncr, 1119","2, san isidro labrador, payatas, quezon city, ncr, 1119, Philippines",Schools,Private,Private school,"QC Future Ready dashboard, Schools",8:00AM,5:00PM,,,1.0
546,San Isidro Labrador,siloam christian academy inc.,"2, san isidro labrador, payatas, quezon city, ncr, 1119","2, san isidro labrador, payatas, quezon city, ncr, 1119, Philippines",Schools,Private,Private school,"QC Future Ready dashboard, Schools",8:00AM,5:00PM,,,1.0
547,San Jose,San Jose,"27 Tinagan St., Brgy. San Jose","27 Tinagan Street, Barangay San Jose, Quezon City, Philippines",Health centers,,Health centers,"Data_QC Caring Cities Tracker, QC Administrative Data - Health",,,14.64027869,120.994242,1.0
548,San Jose,San Jose,80 Tendido St.,"80 Tendido Street, Quezon City, Philippines",Childcare,Public,Child development centers,"Data_QC Caring Cities Tracker, QC Administrative Data - Child",,,14.64080162,120.9931693,1.0
549,San Jose,childcore therapy center,"c1, urban oasis residences, 431 a. bonifacio avenue, san jose , quezon city, ncr, 1115","c1, urban oasis residences, 431 a. bonifacio avenue, san jose , quezon city, ncr, 1115, Philippines",Long-term care and rehabilitation services,,Physical/occupational therapy school,"QC Future Ready dashboard, Long-term care and rehabilitation services",8:00AM,5:00PM,14.64055436,120.9923814,1.0
550,San Martin de Porres,San Martin de Porres I,Conrado Benitez St. Brgy. San Martin de Porres,"Conrado Benitez Street Barangay San Martin de Porres, Quezon City, Philippines",Childcare,Public,Child development centers,"Data_QC Caring Cities Tracker, QC Administrative Data - Child",,,14.6182804,121.0497587,4.0
551,San Martin de Porres,brilliant juniors academy inc.,"aysn sports centre, lot 8 p. tuazon blvd corner c. benitez street, san martin de porres, quezon city, ncr, 1111","aysn sports centre, lot 8 p. tuazon blvd corner c. benitez street, san martin de porres, quezon city, ncr, 1111, Philippines",Schools,Private,Private school,"QC Future Ready dashboard, Schools",8:00AM,5:00PM,,,4.0
552,San Martin de Porres,San Martin de Porres Annex,Conrado Benitez St. Brgy. San Martin de Porres,"Conrado Benitez Street Barangay San Martin de Porres, Quezon City, Philippines",Childcare,Public,Child development centers,"Data_QC Caring Cities Tracker, QC Administrative Data - Child",,,14.6182804,121.0497587,4.0
553,San Roque,Murphy Lying–In Clinic,"18th Avenue, Brgy. San Roque","18th Avenue, Barangay San Roque, Quezon City, Philippines",Health centers,,LGU-run lying-in clinics,"Data_QC Caring Cities Tracker, QC Administrative Data - Health",,,14.61769813,121.0625586,3.0
554,San Roque,malay counseling and psychosocial service,"18-d, 6th camarilla street, san roque, quezon city, ncr, 1109","18-d, 6th camarilla street, san roque, quezon city, ncr, 1109, Philippines",Long-term care and rehabilitation services,,Psychological clinic,"QC Future Ready dashboard, Long-term care and rehabilitation services",10:00AM,5:00PM,14.61418619,121.0636176,3.0
555,San Roque,Murphy Super,"37 18th Avenue, Brgy. San Roque","37 18th Avenue, Barangay San Roque, Quezon City, Philippines",Health centers,,Health centers,"Data_QC Caring Cities Tracker, QC Administrative Data - Health",,,14.61769813,121.0625586,3.0
556,San Roque,San Roque,"85 19th ave., Brgy. San Roque","85 19th Avenue, Barangay San Roque, Quezon City, Philippines",Childcare,Public,Child development centers,"Data_QC Caring Cities Tracker, QC Administrative Data - Child",,,14.61864699,121.063347,3.0
557,San Roque,Murphy Super Health Centers,"35 18th Avenue, Brgy. San Roque","35 18th Avenue, Barangay San Roque, Quezon City, Philippines",Health centers,,Super health care centers,"Data_QC Caring Cities Tracker, QC Administrative Data - Health",,,14.61769813,121.0625586,3.0
558,San Roque,a.c.e learning-bridge behavioral training and development services,"no. 70, 20th avenue, san roque, quezon city, ncr, 1109","70, 20th avenue, san roque, quezon city, ncr, 1109, Philippines",Childcare,Private,Child learning center,"QC Future Ready dashboard, Childcare",8:00AM,3:00PM,14.61777641,121.0645808,3.0
559,San Vicente,San Vicente,"#14 Maayusin Ext., Brgy. San Vicente","#14 Maayusin Extension, Barangay San Vicente, Quezon City, Philippines",Health centers,,Health centers,"Data_QC Caring Cities Tracker, QC Administrative Data - Health",,,14.65233446,121.0570022,4.0
560,San Vicente,San Vicente,Fatima St. cor. Maayusin Ext. Brgy. San Vicente,"Fatima Street corner Maayusin Extension Barangay San Vicente, Quezon City, Philippines",Childcare,Public,Child development centers,"Data_QC Caring Cities Tracker, QC Administrative Data - Child",,,14.6531219,121.0559879,4.0
561,San Vicente,San Vicente Sentrong Sigla Health Center,"#14 Maayusin Ext., Brgy. San Vicente","#14 Maayusin Extension, Barangay San Vicente, Quezon City, Philippines",Health centers,,Health center pharmacy,"Data_QC Caring Cities Tracker, QC Administrative Data - Health",,,14.65233446,121.0570022,4.0
562,Sangandaan,Sangandaan,"Premium St., Brgy. Sangandaan","Premium Street, Barangay Sangandaan, Quezon City, Philippines",Health centers,,Health centers,"Data_QC Caring Cities Tracker, QC Administrative Data - Health",,,14.67403558,121.0206566,6.0
563,Sangandaan,Redemption 1,Parklane Ext. Gertrudes St. Livelihood Building,"Parklane Extension Gertrudes Street Livelihood Building, Quezon City, Philippines",Childcare,Public,Child development centers,"Data_QC Caring Cities Tracker, QC Administrative Data - Child",,,,,6.0
564,Sangandaan,Insurance,72 Insurance St.,"72 Insurance Street, Quezon City, Philippines",Childcare,Public,Child development centers,"Data_QC Caring Cities Tracker, QC Administrative Data - Child",,,14.67274312,121.0185262,6.0
565,Sangandaan,allied international medical inc.,"lot 3-4 blk 2, vipra street, sangandaan, quezon city, ncr, 1116","lot 3-4 blk 2, vipra street, sangandaan, quezon city, ncr, 1116, Philippines",Long-term care and rehabilitation services,,Physical therapy clinic,"QC Future Ready dashboard, Long-term care and rehabilitation services",9:00AM,6:00PM,14.6787975,121.0182506,6.0
566,Sangandaan,Redemption 2,Parklane Ext. Gertrudes St. Livelihood Building,"Parklane Extension Gertrudes Street Livelihood Building, Quezon City, Philippines",Childcare,Public,Child development centers,"Data_QC Caring Cities Tracker, QC Administrative Data - Child",,,,,6.0
567,Sangandaan,Sitio San Roque,Sitio San Roque Compound,"Sitio San Roque Compound, Quezon City, Philippines",Childcare,Public,Child development centers,"Data_QC Caring Cities Tracker, QC Administrative Data - Child",,,,,6.0
568,Santol,Santol,"Brgy. Santol Brgy. Hall, Silencio cor. Baloy St.","Barangay Santol Barangay Hall, Silencio corner Baloy Street, Quezon City, Philippines",Childcare,Public,Child development centers,"Data_QC Caring Cities Tracker, QC Administrative Data - Child",,,14.6121625,121.0143531,4.0
569,Sauyo,Old Cabuyao,15 Old Cabuyao,"15 Old Cabuyao, Quezon City, Philippines",Childcare,Public,Child development centers,"Data_QC Caring Cities Tracker, QC Administrative Data - Child",,,,,6.0
570,Sauyo,Sauyo,"Greenville Drive, Brgy. Sauyo","Greenville Drive, Barangay Sauyo, Quezon City, Philippines",Health centers,,Health centers,"Data_QC Caring Cities Tracker, QC Administrative Data - Health",,,14.68800115,121.0377623,6.0
571,Sauyo,Sitio Cabuyao II,"Area 6, Sauyo Road","Area 6, Sauyo Road, Quezon City, Philippines",Childcare,Public,Child development centers,"Data_QC Caring Cities Tracker, QC Administrative Data - Child",,,,,6.0
572,Sauyo,"marian school of quezon city,inc.","199, sauyo road novaliches, sauyo, quezon city, ncr, 1116","199, sauyo road novaliches, sauyo, quezon city, ncr, 1116, Philippines",Schools,Private,Private school,"QC Future Ready dashboard, Schools",7:00AM,4:00PM,,,6.0
573,Sauyo,mary & child academy of sauyo inc.,"10, old cabuyao st., sauyo, quezon city, ncr, 1116","10, old cabuyao Street, sauyo, quezon city, ncr, 1116, Philippines",Schools,Private,Private school,"QC Future Ready dashboard, Schools",8:00AM,5:00PM,14.6938274,121.0426933,6.0
574,Sauyo,MASARNA,"201 Mabuhay Compd., Sauyo Rd.","201 Mabuhay Compd., Sauyo Road, Quezon City, Philippines",Childcare,Public,Child development centers,"Data_QC Caring Cities Tracker, QC Administrative Data - Child",,,,,6.0
575,Sauyo,Sitio Cabuyao I,"Area 5a, Sauyo Road","Area 5a, Sauyo Road, Quezon City, Philippines",Childcare,Public,Child development centers,"Data_QC Caring Cities Tracker, QC Administrative Data - Child",,,,,6.0
576,Sauyo,Baluyot,5 Baluyot I,"5 Baluyot I, Quezon City, Philippines",Childcare,Public,Child development centers,"Data_QC Caring Cities Tracker, QC Administrative Data - Child",,,14.7002214,121.0500803,6.0
577,Sauyo,135-99 (Alma Nova),135-99 Sauyo Rd.,"135-99 Sauyo Road, Quezon City, Philippines",Childcare,Public,Child development centers,"Data_QC Caring Cities Tracker, QC Administrative Data - Child",,,,,6.0
578,Sauyo,Lower Gulod,"135 Lower Gulod, Brgy. Sauyo","135 Lower Gulod, Barangay Sauyo, Quezon City, Philippines",Childcare,Public,Child development centers,"Data_QC Caring Cities Tracker, QC Administrative Data - Child",,,,,6.0
579,Sikatuna Village,travel aide and physical therapy services,"60, mahiyain st., sikatuna village, quezon city, ncr, 1101","60, mahiyain Street, sikatuna village, quezon city, ncr, 1101, Philippines",Long-term care and rehabilitation services,,Physical therapy clinic,"QC Future Ready dashboard, Long-term care and rehabilitation services",9:00AM,6:00PM,14.64077178,121.0601117,4.0
580,Silangan,Silangan,"193 Ermin Garcia St., Cubao, Brgy. Silangan","193 Ermin Garcia Street, Cubao, Barangay Silangan, Quezon City, Philippines",Childcare,Public,Child development centers,"Data_QC Caring Cities Tracker, QC Administrative Data - Child",,,14.6289644,121.0562046,3.0
581,Socorro,thriving minds learning center,"g-06-a, regalia park towers, 150 p. tuazon ave., cubao, socorro, quezon city, ncr, 1109","g-06-a, regalia park towers, 150 p. tuazon Avenue, cubao, socorro, quezon city, ncr, 1109, Philippines",Long-term care and rehabilitation services,,Physical/occupational therapy school,"QC Future Ready dashboard, Long-term care and rehabilitation services",8:00AM,5:00PM,14.615977,121.053503,3.0
582,Socorro,Socorro,"139 15th Avenue, Brgy. Socorro","139 15th Avenue, Barangay Socorro, Quezon City, Philippines",Health centers,,Health centers,"Data_QC Caring Cities Tracker, QC Administrative Data - Health",,,14.62166498,121.058609,3.0
583,Socorro,Socorro,"#1 15th ave. cor. Boni Serrano Rd., Brgy. Socorro","#1 15th Avenue corner Boni Serrano Road, Barangay Socorro, Quezon City, Philippines",Childcare,Public,Child development centers,"Data_QC Caring Cities Tracker, QC Administrative Data - Child",,,14.61270892,121.062744,3.0
584,Socorro,buela physical therapy clinic corporation,"5r 6r 7r 8r g/f, manhattan parkway, aurora boulevard, socorro, quezon city, ncr, 1109","5r 6r 7r 8r g/f, manhattan parkway, aurora boulevard, socorro, quezon city, ncr, 1109, Philippines",Long-term care and rehabilitation services,,Physical therapy clinic,"QC Future Ready dashboard, Long-term care and rehabilitation services",8:00AM,5:00PM,,,3.0
585,South Triangle,sanshaiwellnessspa massage service,"unit 107, unit bayo condotel, no.6 scout bayoran st. corner scout tuazon st., south triangle, quezon city, ncr, 1103","unit 107, unit bayo condotel, 6 scout bayoran Street corner scout tuazon Street, south triangle, quezon city, ncr, 1103, Philippines",Long-term care and rehabilitation services,,Therapeutic clinic,"QC Future Ready dashboard, Long-term care and rehabilitation services",9:00AM,9:00PM,14.63829828,121.0339461,4.0
586,South Triangle,paref pre-school inc,"142 g/f, m place mall, 116 panay avenue, south triangle, quezon city, ncr, 1103","142 g/f, m place mall, 116 panay avenue, south triangle, quezon city, ncr, 1103, Philippines",Schools,Private,Private school,"QC Future Ready dashboard, Schools",12:00AM,12:00AM,14.63966411,121.0325856,4.0
587,South Triangle,higher mind clinical institute incorporated,"unit 309a, south insula, timog ave, south triangle, quezon city, ncr, 1103","unit 309a, south insula, timog ave, south triangle, quezon city, ncr, 1103, Philippines",Long-term care and rehabilitation services,,Psychological clinic,"QC Future Ready dashboard, Long-term care and rehabilitation services",8:00AM,5:00PM,14.6348066,121.0362022,4.0
588,South Triangle,octarine physical therapy clinic,"37, scout borromeo , south triangle, quezon city, ncr, 1103","37, scout borromeo , south triangle, quezon city, ncr, 1103, Philippines",Long-term care and rehabilitation services,,Physical therapy clinic,"QC Future Ready dashboard, Long-term care and rehabilitation services",8:00AM,5:00PM,14.63720217,121.0341182,4.0
589,South Triangle,traumatology institute and psychological services,"unit a-c and f-g 11th floor, triumph square building, 1618 quezon avenue, south triangle, quezon city, ncr, 1103","unit a-c and f-g 11th floor, triumph square building, 1618 quezon avenue, south triangle, quezon city, ncr, 1103, Philippines",Long-term care and rehabilitation services,,Psychological clinic,"QC Future Ready dashboard, Long-term care and rehabilitation services",8:30AM,5:00PM,14.64061472,121.0319211,4.0
590,South Triangle,neuro psychological testing center,"03f-vir.24 , symphony tower 2, sgt. esguerra avenue, south triangle, quezon city, ncr, 1103","03f-vir.24 , symphony tower 2, sgt. esguerra avenue, south triangle, quezon city, ncr, 1103, Philippines",Long-term care and rehabilitation services,,Psychological clinic,"QC Future Ready dashboard, Long-term care and rehabilitation services",8:00PM,8:00PM,14.6342487,121.0388704,4.0
591,South Triangle,physio rehability services corporation,"unit s-08 , il terrazzo, tomas morato cor. scout madriñan, south triangle, quezon city, ncr, 1103","unit s-08 , il terrazzo, tomas morato corner scout madriñan, south triangle, quezon city, ncr, 1103, Philippines",Long-term care and rehabilitation services,,Physical therapy clinic,"QC Future Ready dashboard, Long-term care and rehabilitation services",9:00AM,6:00PM,14.63587608,121.0355996,4.0
592,South Triangle,cgnh nursing care facility services,"17 d, scout bayoran, south triangle, quezon city, ncr, 1103","17 d, scout bayoran, south triangle, quezon city, ncr, 1103, Philippines",Older persons care,,Nursing care center,"QC Future Ready dashboard, Older persons care",8:00AM,5:00PM,14.63783371,121.0360922,4.0
593,South Triangle,walcher health and wellness corporation,"2nd flr. , unit 2h pos bldg., 305 tomas morato ave. , south triangle, quezon city, ncr, 1109","2nd Floor , unit 2h pos Building, 305 tomas morato Avenue , south triangle, quezon city, ncr, 1109, Philippines",Long-term care and rehabilitation services,,Therapeutic clinic,"QC Future Ready dashboard, Long-term care and rehabilitation services",8:00AM,5:00PM,14.63573799,121.03526,4.0
594,South Triangle,physioworks physical therapy clinic,"il terrazzo, s- 08 sct. madrinan , south triangle, quezon city, ncr, 1103","il terrazzo, s- 08 sct. madrinan , south triangle, quezon city, ncr, 1103, Philippines",Long-term care and rehabilitation services,,Physical therapy clinic,"QC Future Ready dashboard, Long-term care and rehabilitation services",8:00AM,9:00PM,14.63661981,121.0316314,4.0
595,South Triangle,South Triangle,Brgy. South Triangle Barangay Hall Sct. Bayoran St.,"Barangay South Triangle Barangay Hall Sct. Bayoran Street, Quezon City, Philippines",Childcare,Public,Child development centers,"Data_QC Caring Cities Tracker, QC Administrative Data - Child",,,14.637723,121.037372,4.0
596,South Triangle,realign physiotherapy services,"7f, victoria sports tower station ii, edsa, south triangle, quezon city, ncr, 1103","7f, victoria sports tower station ii, edsa, south triangle, quezon city, ncr, 1103, Philippines",Long-term care and rehabilitation services,,Physical therapy clinic,"QC Future Ready dashboard, Long-term care and rehabilitation services",9:00AM,9:00PM,14.63475,121.04308,4.0
597,South Triangle,little stars therapy center,"commercial unit 1 and 2, future point plaza , panay ave, south triangle, quezon city, ncr, 1103","commercial unit 1 and 2, future point plaza , panay ave, south triangle, quezon city, ncr, 1103, Philippines",Long-term care and rehabilitation services,,Physical/occupational therapy school,"QC Future Ready dashboard, Long-term care and rehabilitation services",9:00AM,5:00PM,14.63916,121.03209,4.0
598,South Triangle,neuro psychological testing center,"03f-vir.24 , symphony tower 2, sgt. esguerra avenue, south triangle, quezon city, ncr, 1103","03f-vir.24 , symphony tower 2, sgt. esguerra avenue, south triangle, quezon city, ncr, 1103, Philippines",Long-term care and rehabilitation services,,Psychological clinic,"QC Future Ready dashboard, Long-term care and rehabilitation services",8:00PM,8:00PM,14.6342487,121.0388704,4.0
599,Sta. Cruz,Sta. Cruz,"2nd Flr. Multi-purpose Hall
23D Gen. Lim St.","2nd Floor Multi-purpose Hall
23D Gen. Lim Street, Quezon City, Philippines",Childcare,Public,Child development centers,"Data_QC Caring Cities Tracker, QC Administrative Data - Child",,,14.63516908,121.0215145,1.0
600,Sta. Lucia,Sta. Lucia Super Health Center,"Sta. Lucia Ave., Brgy. Sta. Lucia","Sta. Lucia Avenue, Barangay Sta. Lucia, Quezon City, Philippines",Health centers,,Health center pharmacy,"Data_QC Caring Cities Tracker, QC Administrative Data - Health",,,14.70728212,121.0534239,5.0
601,Sta. Lucia,Bonifacio,"2/F BPSO Building, Brgy. Hall Compound, A. Bonifacio St. Brgy. Sta. Lucia Ave.","2/F BPSO Building, Barangay Hall Compound, A. Bonifacio Street Barangay Sta. Lucia Avenue, Quezon City, Philippines",Childcare,Public,Child development centers,"Data_QC Caring Cities Tracker, QC Administrative Data - Child",,,,,5.0
602,Sta. Lucia,Sitio 6,"Lot 18 Blk 52, Abad Santos St, Sitio 6, Brgy. Sta Lucia","Lot 18 Blk 52, Abad Santos St, Sitio 6, Barangay Sta Lucia, Quezon City, Philippines",Childcare,Public,Child development centers,"Data_QC Caring Cities Tracker, QC Administrative Data - Child",,,14.70952329,121.0504179,5.0
603,Sta. Lucia,Balagtas,25 Balagtas St. cor. M. Aquino St. Brgy. Sta. Lucia,"25 Balagtas Street corner M. Aquino Street Barangay Sta. Lucia, Quezon City, Philippines",Childcare,Public,Child development centers,"Data_QC Caring Cities Tracker, QC Administrative Data - Child",,,14.70634588,121.0499308,5.0
604,Sta. Lucia,st. alexis community school of q.c. inc,"27, diego silang st., sta. lucia, quezon city, ncr, 1117","27, diego silang Street, sta. lucia, quezon city, ncr, 1117, Philippines",Schools,Private,Private school,"QC Future Ready dashboard, Schools",8:00AM,5:00PM,14.7034711,121.049255,5.0
605,Sta. Lucia,Tarhaville,"Blk 13 Lapu-lapu, Tarhaville Village, Brgy. Sta Lucia","Blk 13 Lapu-lapu, Tarhaville Village, Barangay Sta Lucia, Quezon City, Philippines",Childcare,Public,Child development centers,"Data_QC Caring Cities Tracker, QC Administrative Data - Child",,,14.70819835,121.0475115,5.0
606,Sta. Lucia,Sta. Lucia Super Health Centers,"Sta. Lucia Avenue, Brgy. Sta. Lucia","Sta. Lucia Avenue, Barangay Sta. Lucia, Quezon City, Philippines",Health centers,,Super health care centers,"Data_QC Caring Cities Tracker, QC Administrative Data - Health",,,14.70728212,121.0534239,5.0
607,Sta. Lucia,Sta. Lucia Super,"Sta. Lucia Ave., Brgy. Sta. Lucia","Sta. Lucia Avenue, Barangay Sta. Lucia, Quezon City, Philippines",Health centers,,Health centers,"Data_QC Caring Cities Tracker, QC Administrative Data - Health",,,14.70728212,121.0534239,5.0
608,Sta. Lucia,Sta. Lucia Lying-In Clinic,"Sta. Lucia Ave., Brgy. Sta Lucia","Sta. Lucia Avenue, Barangay Sta Lucia, Quezon City, Philippines",Health centers,,LGU-run lying-in clinics,"Data_QC Caring Cities Tracker, QC Administrative Data - Health",,,14.70728212,121.0534239,5.0
609,Sta. Lucia,Plainville,"St. Joseph St., Plainville Subdivision","Street Joseph Street, Plainville Subdivision, Quezon City, Philippines",Childcare,Public,Child development centers,"Data_QC Caring Cities Tracker, QC Administrative Data - Child",,,,,5.0
610,Sta. Monica,Palmera,"Multi-purpose Hall Mangga St. Phase I-A Palmera Homes, Brgy. Sta Monica","Multi-purpose Hall Mangga Street Phase I-A Palmera Homes, Barangay Sta Monica, Quezon City, Philippines",Childcare,Public,Child development centers,"Data_QC Caring Cities Tracker, QC Administrative Data - Child",,,14.7136546,121.0498761,5.0
611,Sta. Monica,Aguardiente,"1st floor Barangay Sta Monica Daycare Center Building, Pugong Ginto St., Aguardiente, Brgy. Sta Monica","1st floor Barangay Sta Monica Daycare Center Building, Pugong Ginto Street, Aguardiente, Barangay Sta Monica, Quezon City, Philippines",Childcare,Public,Child development centers,"Data_QC Caring Cities Tracker, QC Administrative Data - Child",,,14.71533924,121.0462435,5.0
612,Sta. Monica,tlc sped & therapy center,"1015 , unit d, salvador avenue, jordan plaines subdivision, sta. monica, quezon city, ncr, 1117","1015 , unit d, salvador avenue, jordan plaines subdivision, sta. monica, quezon city, ncr, 1117, Philippines",Childcare,Private,Child learning center,"QC Future Ready dashboard, Childcare",8:00AM,5:00PM,14.7250452,121.0481402,5.0
613,Sta. Monica,Sta. Monica,"Barangay Hall Compd., Moises St., Jordan Plains Subd., Brgy. Sta Monica","Barangay Hall Compd., Moises Street, Jordan Plains Subdivision, Barangay Sta Monica, Quezon City, Philippines",Childcare,Public,Child development centers,"Data_QC Caring Cities Tracker, QC Administrative Data - Child",,,14.7140514,121.0492105,5.0
614,Sta. Teresita,young abality therapy center,"ground floor mezzanine area ( bare type), mega one bldg, espana blvd. corner mayon st., sta. teresita, quezon city, ncr, 1114","ground floor mezzanine area ( bare type), mega one bldg, espana Boulevard corner mayon Street, sta. teresita, quezon city, ncr, 1114, Philippines",Long-term care and rehabilitation services,,Physical/occupational therapy school,"QC Future Ready dashboard, Long-term care and rehabilitation services",8:00AM,5:00PM,14.61800201,121.0016562,1.0
615,Sta. Teresita,bofill psychological services inc.,"sf01 one mayon place, mayon st., sta. teresita, quezon city, ncr, 1114","sf01 one mayon place, mayon Street, sta. teresita, quezon city, ncr, 1114, Philippines",Long-term care and rehabilitation services,,Psychological clinic,"QC Future Ready dashboard, Long-term care and rehabilitation services",8:00AM,5:00PM,,,1.0
616,Sta. Teresita,Sta. Teresita,Mayon cor. Dapitan St. Barangay Hall Compd.,"Mayon corner Dapitan Street Barangay Hall Compd., Quezon City, Philippines",Childcare,Public,Child development centers,"Data_QC Caring Cities Tracker, QC Administrative Data - Child",,,14.62197138,120.9996989,1.0
617,Sta. Teresita,fitness physical therapy corporation,"unit g 2/f 135, albealand corporation, mayon, sta. mesa heights, sta. teresita, quezon city, ncr, 1114","unit g 2/f 135, albealand corporation, mayon, sta. mesa heights, sta. teresita, quezon city, ncr, 1114, Philippines",Long-term care and rehabilitation services,,Physical therapy clinic,"QC Future Ready dashboard, Long-term care and rehabilitation services",8:00AM,5:00PM,14.6205,120.999,1.0
618,Sta. Teresita,playproject learning center,"ktc phase 2 retail 5 , kanlaon town center, 8 kanlaon street, sta. teresita, quezon city, ncr, 1114","ktc phase 2 retail 5 , kanlaon town center, 8 kanlaon street, sta. teresita, quezon city, ncr, 1114, Philippines",Childcare,Private,Child learning center,"QC Future Ready dashboard, Childcare",8:00AM,5:00PM,14.6205,120.999,1.0
619,Sta. Teresita,bridges - child dev't programme therapy center,"unit i j m 2nd & 3rd flr., 135, mayon st, sta. teresita, quezon city, ncr, 1114","unit i j m 2nd & 3rd Floor, 135, mayon st, sta. teresita, quezon city, ncr, 1114, Philippines",Long-term care and rehabilitation services,,Therapeutic clinic,"QC Future Ready dashboard, Long-term care and rehabilitation services",8:00AM,6:00PM,,,1.0
620,Sta. Teresita,Mercedes de Joya,"Dapitan cor. Mayon St., Brgy. Sta. Teresita","Dapitan corner Mayon Street, Barangay Sta. Teresita, Quezon City, Philippines",Health centers,,Health centers,"Data_QC Caring Cities Tracker, QC Administrative Data - Health",,,14.62197138,120.9996989,1.0
621,Sto. Cristo,posturecare chiropractic solutions corporation,"cc304 3/f, sm city north edsa, north avenue corner edsa avenue, sto. cristo, quezon city, ncr, 1105","cc304 3/f, sm city north edsa, north avenue corner edsa avenue, sto. cristo, quezon city, ncr, 1105, Philippines",Long-term care and rehabilitation services,,Physical therapy clinic,"QC Future Ready dashboard, Long-term care and rehabilitation services",10:00AM,9:00PM,14.6558256,121.0294998,1.0
622,Sto. Cristo,Bahay Bulilit,4 Misamis Ext. RSCC Compound,"4 Misamis Extension RSCC Compound, Quezon City, Philippines",Childcare,Public,Child development centers,"Data_QC Caring Cities Tracker, QC Administrative Data - Child",,,14.6581124,121.029042,1.0
623,Sto. Cristo,visionaries massage & accutherapy center inc.,"511, northlink, sm city north edsa, sto. cristo, quezon city, ncr, 1105","511, northlink, sm city north edsa, sto. cristo, quezon city, ncr, 1105, Philippines",Long-term care and rehabilitation services,,Therapeutic clinic,"QC Future Ready dashboard, Long-term care and rehabilitation services",10:00AM,10:00PM,14.656541,121.0302921,1.0
624,Sto. Cristo,Sto. Cristo,5 Romblon St.,"5 Romblon Street, Quezon City, Philippines",Childcare,Public,Child development centers,"Data_QC Caring Cities Tracker, QC Administrative Data - Child",,,14.66261402,121.02903,1.0
625,Sto. Domingo (Matalahib),asn physical therapy and wellness center  (opc),"4, sto domingo bldg. , santo domingo ave., sto. domingo, quezon city, ncr, 1114","4, sto domingo Building , santo domingo Avenue, sto. domingo, quezon city, ncr, 1114, Philippines",Long-term care and rehabilitation services,,Physical therapy clinic,"QC Future Ready dashboard, Long-term care and rehabilitation services",8:00AM,8:00PM,14.63030653,121.0081155,1.0
626,Sto. Domingo (Matalahib),Sto. Domingo,14 Maria Clara St.,"14 Maria Clara Street, Quezon City, Philippines",Childcare,Public,Child development centers,"Data_QC Caring Cities Tracker, QC Administrative Data - Child",,,,,1.0
627,Sto. Domingo (Matalahib),physiofirst health care clinic,"unit 204 2nd flr, jovita bldg, 426 banawe , cor tirad pass st., sta. mesa heights, sto. domingo, quezon city, ncr, 1114","unit 204 2nd flr, jovita bldg, 426 banawe , corner tirad pass Street, sta. mesa heights, sto. domingo, quezon city, ncr, 1114, Philippines",Long-term care and rehabilitation services,,Physical therapy clinic,"QC Future Ready dashboard, Long-term care and rehabilitation services",9:00PM,5:00PM,,,1.0
628,Sto. Domingo (Matalahib),l.a.r.o. therapy center,"unit 4 , sto. domingo bldg. , #4 sto. domingo st. , sto. domingo, quezon city, ncr, 1114","unit 4 , sto. domingo Building , #4 sto. domingo Street , sto. domingo, quezon city, ncr, 1114, Philippines",Long-term care and rehabilitation services,,Physical/occupational therapy school,"QC Future Ready dashboard, Long-term care and rehabilitation services",8:00AM,5:00PM,14.62692002,121.01099,1.0
629,Sto. Domingo (Matalahib),asn physical therapy and wellness center  (opc),"4, sto domingo bldg. , santo domingo ave., sto. domingo, quezon city, ncr, 1114","4, sto domingo Building , santo domingo Avenue, sto. domingo, quezon city, ncr, 1114, Philippines",Long-term care and rehabilitation services,,Physical therapy clinic,"QC Future Ready dashboard, Long-term care and rehabilitation services",8:00AM,8:00PM,14.63030653,121.0081155,1.0
630,Sto. Niño,Sto. Niño,Inocando St. Corner Santol St. Brgy. Sto. Niño,"Inocando Street Corner Santol Street Barangay Sto. Niño, Quezon City, Philippines",Childcare,Public,Child development centers,"Data_QC Caring Cities Tracker, QC Administrative Data - Child",,,14.6129509,121.012594,4.0
631,Tagumpay,Tagumpay,"2B P. Tuazon Blvd., Brgy. Tagumpay","2B P. Tuazon Boulevard, Barangay Tagumpay, Quezon City, Philippines",Childcare,Public,Child development centers,"Data_QC Caring Cities Tracker, QC Administrative Data - Child",,,14.6215976,121.0640723,3.0
632,Tagumpay,gprime physiotherapy services,"2f, metrolane complex, , p. tuazon cor. 20th ave., tagumpay, quezon city, ncr, 1109","2f, metrolane complex, p. tuazon corner 20th Avenue, tagumpay, quezon city, ncr, 1109, Philippines",Long-term care and rehabilitation services,,Physical therapy clinic,"QC Future Ready dashboard, Long-term care and rehabilitation services",9:00AM,5:00PM,,,3.0
633,Talayan,"pace academy talayan, inc.","126, talayan st., talayan, quezon city, ncr, 1104","126, talayan Street, talayan, quezon city, ncr, 1104, Philippines",Schools,Private,Private school,"QC Future Ready dashboard, Schools",7:00AM,4:00PM,14.63531707,121.011433,1.0
634,Talayan,Talayan Calamba,199 Calamba ext. Talayan Village,"199 Calamba Extension Talayan Village, Quezon City, Philippines",Childcare,Public,Child development centers,"Data_QC Caring Cities Tracker, QC Administrative Data - Child",,,14.63400735,121.0112701,1.0
635,Talipapa,Campo 2,"Campo 2, Tandang Sora","Campo 2, Tandang Sora, Quezon City, Philippines",Childcare,Public,Child development centers,"Data_QC Caring Cities Tracker, QC Administrative Data - Child",,,,,6.0
636,Talipapa,Tandang Sora,"506 Quirino Highway, Talipapa People Civic Center, Brgy. Talipapa","506 Quirino Highway, Talipapa People Civic Center, Barangay Talipapa, Quezon City, Philippines",Health centers,,Health centers,"Data_QC Caring Cities Tracker, QC Administrative Data - Health",,,14.68626553,121.0241216,6.0
637,Talipapa,Talipapa,Siklot St. Pleasantville Subd.,"Siklot Street Pleasantville Subdivision, Quezon City, Philippines",Childcare,Public,Child development centers,"Data_QC Caring Cities Tracker, QC Administrative Data - Child",,,14.68735409,121.0271243,6.0
638,Talipapa,eonsegen corp.,"unit d211 3rd floor,  q square lifestyle center, 375 quirino highway, talipapa, quezon city, ncr, 1116","unit d211 3rd floor, q square lifestyle center, 375 quirino highway, talipapa, quezon city, ncr, 1116, Philippines",Long-term care and rehabilitation services,,Therapeutic clinic,"QC Future Ready dashboard, Long-term care and rehabilitation services",9:00AM,3:00AM,14.680623,121.019119,6.0
639,Talipapa,CANO,Blk 5 Lot 1 Sto. Niño Village,"Blk 5 Lot 1 Sto. Niño Village, Quezon City, Philippines",Childcare,Public,Child development centers,"Data_QC Caring Cities Tracker, QC Administrative Data - Child",,,,,6.0
640,Talipapa,La Trinidad,La Trinidad Village Whole Court,"La Trinidad Village Whole Court, Quezon City, Philippines",Childcare,Public,Child development centers,"Data_QC Caring Cities Tracker, QC Administrative Data - Child",,,,,6.0
641,Talipapa,inner core psychiatric clinic,"441, quirino hi-way , talipapa, quezon city, ncr, 1116","441, quirino hi-way , talipapa, quezon city, ncr, 1116, Philippines",Long-term care and rehabilitation services,,Psychological clinic,"QC Future Ready dashboard, Long-term care and rehabilitation services",8:00AM,5:00PM,14.68626553,121.0241216,6.0
642,Talipapa,Gloria V,"Candido St. cor. Sampaguita, Gloria V Subd.","Candido Street corner Sampaguita, Gloria V Subdivision, Quezon City, Philippines",Childcare,Public,Child development centers,"Data_QC Caring Cities Tracker, QC Administrative Data - Child",,,14.68421275,121.0303113,6.0
643,Talipapa,Del Nacia,Dal Nacia 3 Subd.,"Dal Nacia 3 Subdivision, Quezon City, Philippines",Childcare,Public,Child development centers,"Data_QC Caring Cities Tracker, QC Administrative Data - Child",,,,,6.0
644,Tandang Sora,dr. carlos s. lanting college inc.,"21, tandang sora ave, talipapa, quezon city, ncr, 1116","21, tandang sora ave, talipapa, quezon city, ncr, 1116, Philippines",Schools,Private,Private school,"QC Future Ready dashboard, Schools",7:00AM,8:00PM,,,6.0
645,Tandang Sora,nextgen learning center,"712c, peace valley tandang sora, matandang balara, quezon city, ncr, 1119","712c, peace valley tandang sora, matandang balara, quezon city, ncr, 1119, Philippines",Long-term care and rehabilitation services,,Physical/occupational therapy school,"QC Future Ready dashboard, Long-term care and rehabilitation services",8:00AM,4:00PM,,,6.0
646,Tandang Sora,"aba learning & development therapy center, inc.","127 , jayvee commercial building, lot b, tandang sora avenue, pasong tamo, quezon city, ncr, 1107","127 , jayvee commercial building, lot b, tandang sora avenue, pasong tamo, quezon city, ncr, 1107, Philippines",Long-term care and rehabilitation services,,Physical/occupational therapy school,"QC Future Ready dashboard, Long-term care and rehabilitation services",8:00AM,5:00PM,,,6.0
647,Tandang Sora,Melchora Aquino,"Loboc St. Napocor Village, Brgy. Tandang Sora","Loboc Street Napocor Village, Barangay Tandang Sora, Quezon City, Philippines",Health centers,,Health centers,"Data_QC Caring Cities Tracker, QC Administrative Data - Health",,,14.68631246,121.0474689,6.0
648,Tandang Sora,childs kingdom of learning in q.c. inc.,"roque comp, 38 npc village , tandang sora, quezon city, ncr, 1116","roque comp, 38 npc village , tandang sora, quezon city, ncr, 1116, Philippines",Childcare,Private,Child learning center,"QC Future Ready dashboard, Childcare",8:00AM,5:00PM,,,6.0
649,Tandang Sora,"dr. carlos s. lanting college, incorporated","16, tandang sora ave., sangandaan, quezon city, ncr, 1116","16, tandang sora Avenue, sangandaan, quezon city, ncr, 1116, Philippines",Schools,Private,Private school,"QC Future Ready dashboard, Schools",6:00AM,9:00PM,,,6.0
650,Tandang Sora,catholic filipino academy (cfa) inc.,"81, pantabangan street, nia village, tandang sora, quezon city, ncr, 1116","81, pantabangan street, nia village, tandang sora, quezon city, ncr, 1116, Philippines",Schools,Private,Private school,"QC Future Ready dashboard, Schools",6:00AM,5:00PM,14.68860898,121.047244,6.0
651,Tandang Sora,dr. carlos s. lanting college inc.,"21, tandang sora ave, talipapa, quezon city, ncr, 1116","21, tandang sora ave, talipapa, quezon city, ncr, 1116, Philippines",Schools,Private,Private school,"QC Future Ready dashboard, Schools",7:00AM,8:00PM,,,6.0
652,Tandang Sora,Tandang Sora Shrine,228 Banlat Road,"228 Banlat Road, Quezon City, Philippines",Childcare,Public,Child development centers,"Data_QC Caring Cities Tracker, QC Administrative Data - Child",,,14.68283037,121.0401229,6.0
653,Tandang Sora,"aba learning & development therapy center, inc.","127 , jayvee commercial building, lot b, tandang sora avenue, pasong tamo, quezon city, ncr, 1107","127 , jayvee commercial building, lot b, tandang sora avenue, pasong tamo, quezon city, ncr, 1107, Philippines",Long-term care and rehabilitation services,,Physical/occupational therapy school,"QC Future Ready dashboard, Long-term care and rehabilitation services",8:00AM,5:00PM,,,6.0
654,Tandang Sora,st. mark integrated school inc.,"#3, gloria ii subd., tandang sora, quezon city, ncr, 1116","#3, gloria ii Subdivision, tandang sora, quezon city, ncr, 1116, Philippines",Childcare,Private,Child learning center,"QC Future Ready dashboard, Childcare",8:00AM,5:00PM,14.67661389,121.042736,6.0
655,Tandang Sora,brightkids speech and occupational rehabilitation center,"483-b, tandang sora avenue, tandang sora, quezon city, ncr, 1116","483-b, tandang sora avenue, tandang sora, quezon city, ncr, 1116, Philippines",Long-term care and rehabilitation services,,Physical/occupational therapy school,"QC Future Ready dashboard, Long-term care and rehabilitation services",8:00AM,5:00PM,14.67649233,121.03802,6.0
656,Tandang Sora,Banlat,"13 Daffodil St. cor. Daisy St., Del Nacia 1 Village, Brgy. Tandang Sora","13 Daffodil Street corner Daisy Street, Del Nacia 1 Village, Barangay Tandang Sora, Quezon City, Philippines",Health centers,,Health centers,"Data_QC Caring Cities Tracker, QC Administrative Data - Health",,,14.6793484,121.0339209,6.0
657,Tandang Sora,st. mark integrated school inc.,"#3, gloria ii subd., tandang sora, quezon city, ncr, 1116","#3, gloria ii Subdivision, tandang sora, quezon city, ncr, 1116, Philippines",Childcare,Private,Child learning center,"QC Future Ready dashboard, Childcare",8:00AM,5:00PM,14.67661389,121.042736,6.0
658,Tandang Sora,r.a.k therapeutic clinic,"unit e 3rd flr. , cayman square building , 195 tandang sora avenue , tandang sora, quezon city, ncr, 1116","unit e 3rd Floor , cayman square building , 195 tandang sora avenue , tandang sora, quezon city, ncr, 1116, Philippines",Long-term care and rehabilitation services,,Physical therapy clinic,"QC Future Ready dashboard, Long-term care and rehabilitation services",10:00AM,9:00PM,14.67658401,121.037975,6.0
659,Tandang Sora,Banlat Health Center,"13 Daffodil St. cor. Daisy St., Del Nacia 1 Village, Brgy. Tandang Sora","13 Daffodil Street corner Daisy Street, Del Nacia 1 Village, Barangay Tandang Sora, Quezon City, Philippines",Health centers,,Health center pharmacy,"Data_QC Caring Cities Tracker, QC Administrative Data - Health",,,14.6793484,121.0339209,6.0
660,Tandang Sora,Carmel V,"37 Taurus St., Carmel V","37 Taurus Street, Carmel V, Quezon City, Philippines",Childcare,Public,Child development centers,"Data_QC Caring Cities Tracker, QC Administrative Data - Child",,,,,6.0
661,Tandang Sora,Apo Ville,"Multi-Purpose Hall Delta Vill. Ext., Tandang Sora","Multi-Purpose Hall Delta Village Extension, Tandang Sora, Quezon City, Philippines",Childcare,Public,Child development centers,"Data_QC Caring Cities Tracker, QC Administrative Data - Child",,,14.6802544,121.0406533,6.0
662,Tandang Sora,catholic filipino academy (cfa) inc.,"81, pantabangan street, nia village, tandang sora, quezon city, ncr, 1116","81, pantabangan street, nia village, tandang sora, quezon city, ncr, 1116, Philippines",Schools,Private,Private school,"QC Future Ready dashboard, Schools",6:00AM,5:00PM,14.68860898,121.047244,6.0
663,Tatalon,Manunggal I,Manunggal St. Brgy. Tatalon,"Manunggal Street Barangay Tatalon, Quezon City, Philippines",Childcare,Public,Child development centers,"Data_QC Caring Cities Tracker, QC Administrative Data - Child",,,14.62203101,121.0141846,4.0
664,Tatalon,norwich brent cedric school inc.,"# 8, agno ext., tatalon, quezon city, ncr, 1113","# 8, agno Extension, tatalon, quezon city, ncr, 1113, Philippines",Schools,Private,Private school,"QC Future Ready dashboard, Schools",8:00AM,5:00PM,14.62674802,121.0130763,4.0
665,Tatalon,Tatalon,"33 Victory Ave., Brgy. Tatalon","33 Victory Avenue, Barangay Tatalon, Quezon City, Philippines",Health centers,,Health centers,"Data_QC Caring Cities Tracker, QC Administrative Data - Health",,,14.62180233,121.0124449,4.0
666,Tatalon,play avenue therapy center co.,"unit 405, elements at quezon ave. bldg.,, #560 quezon ave., tatalon, quezon city, ncr, 1113","unit 405, elements at quezon Avenue Building, #560 quezon Avenue, tatalon, quezon city, ncr, 1113, Philippines",Long-term care and rehabilitation services,,Physical/occupational therapy school,"QC Future Ready dashboard, Long-term care and rehabilitation services",9:00AM,5:00PM,,,4.0
667,Tatalon,Manunggal II,"#15 Senior Citizen Bldg., Manunggal St. Brgy. Tatalon","#15 Senior Citizen Building, Manunggal Street Barangay Tatalon, Quezon City, Philippines",Childcare,Public,Child development centers,"Data_QC Caring Cities Tracker, QC Administrative Data - Child",,,14.6238209,121.0140205,4.0
668,Teachers Village East,motion-line physical therapy clinic,"unit 3, 99 suite maginhawa bldg., maginhawa st., teachers village east, quezon city, ncr, 1101","unit 3, 99 suite maginhawa Building, maginhawa Street, teachers village east, quezon city, ncr, 1101, Philippines",Long-term care and rehabilitation services,,Physical therapy clinic,"QC Future Ready dashboard, Long-term care and rehabilitation services",9:00AM,9:00PM,,,4.0
669,U. P. Campus,Amorsolo II,"Barangay Hall Compd., Pook Amorsolo Brgy. UP Campus","Barangay Hall Compd., Pook Amorsolo Barangay UP Campus, Quezon City, Philippines",Childcare,Public,Child development centers,"Data_QC Caring Cities Tracker, QC Administrative Data - Child",,,,,4.0
670,U. P. Campus,Pook Daang Tubo,Pook Daang Tubo Brgy. UP Campus,"Pook Daang Tubo Barangay UP Campus, Quezon City, Philippines",Childcare,Public,Child development centers,"Data_QC Caring Cities Tracker, QC Administrative Data - Child",,,,,4.0
671,U. P. Campus,Pook Village B,Pook Village B Brgy. UP Campus,"Pook Village B Barangay UP Campus, Quezon City, Philippines",Childcare,Public,Child development centers,"Data_QC Caring Cities Tracker, QC Administrative Data - Child",,,,,4.0
672,U. P. Campus,Amorsolo,"Barangay Hall Compd., Pook Amorsolo Brgy. UP Campus","Barangay Hall Compd., Pook Amorsolo Barangay UP Campus, Quezon City, Philippines",Childcare,Public,Child development centers,"Data_QC Caring Cities Tracker, QC Administrative Data - Child",,,,,4.0
673,U. P. Campus,Pook Libis,Pook Libis Brgy. UP Campus,"Pook Libis Barangay UP Campus, Quezon City, Philippines",Childcare,Public,Child development centers,"Data_QC Caring Cities Tracker, QC Administrative Data - Child",,,,,4.0
674,Ugong Norte,whealthcare systems opc,"stall #3 and 4, greenmeadows park, lovebird street, greenmeadows i, ugong norte, quezon city, ncr, 1110","stall #3 and 4, greenmeadows park, lovebird street, greenmeadows i, ugong norte, quezon city, ncr, 1110, Philippines",Long-term care and rehabilitation services,,Physical therapy clinic,"QC Future Ready dashboard, Long-term care and rehabilitation services",8:00AM,10:00PM,14.596,121.067,3.0
675,Unang Sigaw,Unang Sigaw,3 North Diversion Rd. Balintawak,"3 North Diversion Road Balintawak, Quezon City, Philippines",Childcare,Public,Child development centers,"Data_QC Caring Cities Tracker, QC Administrative Data - Child",,,,,6.0
676,Valencia,acuholistic health center,"unit no. ug-08, winland tower residences , 39 granada street cor. valencia street, valencia, quezon city, ncr, 1112","unit ug-08, winland tower residences , 39 granada street corner valencia street, valencia, quezon city, ncr, 1112, Philippines",Long-term care and rehabilitation services,,Physical therapy clinic,"QC Future Ready dashboard, Long-term care and rehabilitation services",9:30AM,4:30AM,14.6124722,121.0354737,4.0
677,Vasra,Vasra I,40 Forestry St.,"40 Forestry Street, Quezon City, Philippines",Childcare,Public,Child development centers,"Data_QC Caring Cities Tracker, QC Administrative Data - Child",,,14.65977467,121.0455666,1.0
678,Vasra,bodylite center inc.,"g/f, jade palace, #33 visayas ave., vasra, quezon city, ncr, 1128","g/f, jade palace, #33 visayas Avenue, vasra, quezon city, ncr, 1128, Philippines",Long-term care and rehabilitation services,,Therapeutic clinic,"QC Future Ready dashboard, Long-term care and rehabilitation services",8:00AM,5:00PM,14.6600776,121.0444835,1.0
679,Vasra,Vasra II,40 Forestry St.,"40 Forestry Street, Quezon City, Philippines",Childcare,Public,Child development centers,"Data_QC Caring Cities Tracker, QC Administrative Data - Child",,,14.65977467,121.0455666,1.0
680,Veterans Village,Veterans Village,#3 Palomaria St. cor. Bansalangin St.,"#3 Palomaria Street corner Bansalangin Street, Quezon City, Philippines",Childcare,Public,Child development centers,"Data_QC Caring Cities Tracker, QC Administrative Data - Child",,,14.6533197,121.024622,1.0
681,Veterans Village,shepherd's hand learning center of quezon city inc.,"27, rose  st. area 9-b, veterans village, pasong tamo, quezon city, ncr, 1107","27, rose Street area 9-b, veterans village, pasong tamo, quezon city, ncr, 1107, Philippines",Schools,Private,Private school,"QC Future Ready dashboard, Schools",7:00AM,7:00PM,,,1.0
682,Veterans Village,Project 7,"39 Bansalangin St., Brgy Veterans Village","39 Bansalangin Street, Barangay Veterans Village, Quezon City, Philippines",Health centers,,Health centers,"Data_QC Caring Cities Tracker, QC Administrative Data - Health",,,14.65347,121.024564,1.0
683,Villa Maria Clara,Villa Maria Clara,"Barangay Hall, Rajah Matanda, Brgy. Villa Maria Clara","Barangay Hall, Rajah Matanda, Barangay Villa Maria Clara, Quezon City, Philippines",Childcare,Public,Child development centers,"Data_QC Caring Cities Tracker, QC Administrative Data - Child",,,,,3.0
684,West Kamias,West Kamias,"2nd Flr. Barangay Hall, 2 K 10th St., , Brgy. West Kamias","2nd Floor Barangay Hall, 2 K 10th Street, Barangay West Kamias, Quezon City, Philippines",Childcare,Public,Child development centers,"Data_QC Caring Cities Tracker, QC Administrative Data - Child",,,14.6288775,121.0483045,3.0
685,West Kamias,badges therapy center,"24-a, k-8th, west kamias, quezon city, ncr, 1102","24-a, k-8th, west kamias, quezon city, ncr, 1102, Philippines",Long-term care and rehabilitation services,,Physical therapy clinic,"QC Future Ready dashboard, Long-term care and rehabilitation services",8:00AM,5:00PM,14.63022852,121.0496115,3.0
686,West Triangle,les cheveux salon and spa,"# 68, west ave., west triangle, quezon city, ncr, 1104","# 68, west Avenue, west triangle, quezon city, ncr, 1104, Philippines",Long-term care and rehabilitation services,,Therapeutic clinic,"QC Future Ready dashboard, Long-term care and rehabilitation services",8:00AM,5:00PM,,,1.0
687,,Sitio Sto. Cristo,#25 Sitio Sto. Cristo,"#25 Sitio Sto. Cristo, Quezon City, Philippines",Childcare,Public,Child development centers,"Data_QC Caring Cities Tracker, QC Administrative Data - Child",,,,,
688,Baesa,Quezon City Human Milk Bank,"General Hospital, Seminary Rd, Project 8, Quezon City, Metro Manila","General Hospital, Seminary Rd, Project 8, Quezon City, Metro Manila, Philippines",Health centers,,Human milk bank,"Data_QC Caring Cities Tracker, QC Administrative Data - Health",,,14.66488756,121.0152911,6.0
689,Batasan Hills,,"SB Park Batasan Road, Barangay Batasan Hills, Quezon City","SB Park Batasan Road, Barangay Batasan Hills, Quezon City, Philippines",Quezon City satellite offices for services,,District 2,"Data_QC Caring Cities Tracker, QC LGU Services&Locations",,,14.69086675,121.0954236,2.0
690,Central,Doña Nicasia,"689 Matapang St., Doña Nicasia Subd.","689 Matapang Street, Doña Nicasia Subdivision, Quezon City, Philippines",Health centers,,Health centers,"Data_QC Caring Cities Tracker, QC Administrative Data - Health",,,14.64031314,121.0492598,4.0
691,Central,Philippine Heart Center,"East Avenue, Diliman","Philippine Heart Center East Avenue, Diliman, Quezon City, Philippines",Health centers,,National government-owned hospitals,"Data_QC Caring Cities Tracker, QC Administrative Data - Health",,,14.6441499,121.0459581,4.0
692,Central,National Kidney and Transplant Institute,"East Avenue, Diliman","National Kidney and Transplant Institute East Avenue, Diliman, Quezon City, Philippines",Health centers,,National government-owned hospitals,"Data_QC Caring Cities Tracker, QC Administrative Data - Health",,,14.6473447,121.0451401,4.0
693,Central,East Avenue Medical Center,"East Avenue, Diliman","East Avenue Medical Center East Avenue, Diliman, Quezon City, Philippines",Health centers,,National government-owned hospitals,"Data_QC Caring Cities Tracker, QC Administrative Data - Health",,,14.6421432,121.0479837,4.0
694,Central,QC Migrants Resource center,Quezon city Hall,"Quezon city Hall, Philippines",Trainings,,QC Migrants Resource Center,"Data_QC Caring Cities Tracker, QC Migrant Workers Training",,,14.64667,121.0498,4.0
695,E. Rodriguez,aba limitless' discovery' therapy center,"room 201, bbb property rental, #22 purdue st., e. rodriguez, quezon city, ncr, 1102","room 201, bbb property rental, #22 purdue Street, e. rodriguez, quezon city, ncr, 1102, Philippines",Long-term care and rehabilitation services,,Physical/occupational therapy school,"QC Future Ready dashboard, Long-term care and rehabilitation services",8:00AM,5:00PM,14.6271309,121.0527052,3.0
696,E. Rodriguez,Ermin Garcia,"53 Cambridge St., Cubao","53 Cambridge Street, Cubao, Quezon City, Philippines",Health centers,,Health centers,"Data_QC Caring Cities Tracker, QC Administrative Data - Health",,,14.62632201,121.052336,3.0
697,E. Rodriguez,aba limitless' discovery' therapy center,"room 201, bbb property rental, #22 purdue st., e. rodriguez, quezon city, ncr, 1102","room 201, bbb property rental, #22 purdue Street, e. rodriguez, quezon city, ncr, 1102, Philippines",Long-term care and rehabilitation services,,Physical/occupational therapy school,"QC Future Ready dashboard, Long-term care and rehabilitation services",8:00AM,5:00PM,14.6271309,121.0527052,3.0
698,E. Rodriguez,ls agile pt services opc,"unit 3c, st. martin building, 17 west point street, e. rodriguez, quezon city, ncr, 1102","unit 3c, Street martin building, 17 west point street, e. rodriguez, quezon city, ncr, 1102, Philippines",Long-term care and rehabilitation services,,Physical therapy clinic,"QC Future Ready dashboard, Long-term care and rehabilitation services",9:00AM,6:00PM,14.62575645,121.0512639,3.0
699,E. Rodriguez,"stella maris college, inc.","891, cambridge st., cubao, e. rodriguez, quezon city, ncr, 1102","891, cambridge Street, cubao, e. rodriguez, quezon city, ncr, 1102, Philippines",Schools,Private,Private school,"QC Future Ready dashboard, Schools",8:00AM,5:00PM,14.6267326,121.0522188,3.0
700,E. Rodriguez,spa meraki opc,"mezzanine flr., coronet commercial  theatre building, imperial st. cubao, e. rodriguez, quezon city, ncr, 1102","mezzanine Floor, coronet commercial theatre building, imperial Street cubao, e. rodriguez, quezon city, ncr, 1102, Philippines",Long-term care and rehabilitation services,,Therapeutic clinic,"QC Future Ready dashboard, Long-term care and rehabilitation services",8:00AM,5:00PM,14.62603887,121.0518412,3.0
701,Lourdes,Philippine Orthopedic Center,Maria Clara cor. Banawe Street,"Philippine Orthopedic Center Maria Clara corner Banawe Street, Quezon City, Philippines",Health centers,,National government-owned hospitals,"Data_QC Caring Cities Tracker, QC Administrative Data - Health",,,14.6276131,121.0031984,1.0
702,Marilag,,"25 Calderon St., Barangay Marilag Project 4","25 Calderon Street, Barangay Marilag Project 4, Quezon City, Philippines",Quezon City satellite offices for services,,District 3,"Data_QC Caring Cities Tracker, QC LGU Services&Locations",,,14.62865792,121.0707373,3.0
703,Milagrosa,Quirino Memorial Medical Center,"JP Rizal cor. P. Tuazon Sts, Project 4","Quirino Memorial Medical Center JP Rizal corner P. Tuazon Sts, Project 4, Quezon City, Philippines",Health centers,,National government-owned hospitals,"Data_QC Caring Cities Tracker, QC Administrative Data - Health",,,14.6222558,121.0706595,3.0
704,Paligsahan,,"#65 Scout Reyes Archival Building, Barangay Paligsahan","#65 Scout Reyes Archival Building, Barangay Paligsahan, Quezon City, Philippines",Quezon City satellite offices for services,,District 4,"Data_QC Caring Cities Tracker, QC LGU Services&Locations",,,14.6319589,121.0224652,4.0
705,Quirino 3-A,re-life physiotherapy services,"gf, anonas prime square building, 100 anonas street, project 3, quirino 3a, quezon city, ncr, 1102","gf, anonas prime square building, 100 anonas street, project 3, quirino 3a, quezon city, ncr, 1102, Philippines",Long-term care and rehabilitation services,,Physical therapy clinic,"QC Future Ready dashboard, Long-term care and rehabilitation services",10:00AM,7:00PM,14.6289,121.065,3.0
706,San Antonio,,"Capillan St. cor. Piopongco, Barangay San Antonio","Capillan Street corner Piopongco, Barangay San Antonio, Quezon City, Philippines",Quezon City satellite offices for services,,District 1,"Data_QC Caring Cities Tracker, QC LGU Services&Locations",,,14.6506826,121.0165848,1.0
707,Sauyo,Quezon City Kabahagi Center For Children With Disabilitites,"Greenville Dr, Quezon City, Metro Manila","Greenville Dr, Quezon City, Metro Manila, Philippines",Long-term care and rehabilitation services,,Quezon City Kabahagi Center For Children With Disabilitites,"Data_QC Caring Cities Tracker, QC LGU Services&Locations",,,14.68800115,121.0377623,6.0
708,Sta. Monica,,"Novaliches District Center, Jordan Plains, Barangay Sta. Monica","Novaliches District Center, Jordan Plains, Barangay Sta. Monica, Quezon City, Philippines",Quezon City satellite offices for services,,District 5,"Data_QC Caring Cities Tracker, QC LGU Services&Locations",,,14.7140514,121.0492105,5.0
709,Tandang Sora,,"SB Park Neptune St., Barangay Tandang Sora","SB Park Neptune Street, Barangay Tandang Sora, Quezon City, Philippines",Quezon City satellite offices for services,,District 6,"Data_QC Caring Cities Tracker, QC LGU Services&Locations",,,14.67274688,121.0376658,6.0
710,U. P. Village,growing abilities & bridging aspirations of youths therapy center,"unit 3b, g place, 30 maginhawa st, up village, quezon city, ncr, 1101","unit 3b, g place, 30 maginhawa st, up village, quezon city, ncr, 1101, Philippines",Long-term care and rehabilitation services,,Physical/occupational therapy school,"QC Future Ready dashboard, Long-term care and rehabilitation services",8:00AM,6:00PM,14.65053548,121.0565533,4.0
711,U. P. Village,headway school for giftedness inc.,"130-b, matahimik st., up village, quezon city, ncr, 1101","130-b, matahimik Street, up village, quezon city, ncr, 1101, Philippines",Childcare,Private,Child learning center,"QC Future Ready dashboard, Childcare",8:00AM,5:00PM,14.64651468,121.0536243,4.0
712,U. P. Village,growing abilities & bridging aspirations of youths therapy center,"unit 3b, g place, 30 maginhawa st, up village, quezon city, ncr, 1101","unit 3b, g place, 30 maginhawa st, up village, quezon city, ncr, 1101, Philippines",Long-term care and rehabilitation services,,Physical/occupational therapy school,"QC Future Ready dashboard, Long-term care and rehabilitation services",8:00AM,6:00PM,14.65053548,121.0565533,4.0
