,barangay,district,name_original,address,address_clean,major_division,sub_division,category,data_source,open_hours,close_hours,latitude,longitude
1,Alicia,1,Alicia,#2 Batangas St.,"#2 Batangas Street, Quezon City, Philippines",Childcare,Public,Child development centers,"Data_QC Caring Cities Tracker, QC Administrative Data - Child",#N/A,#N/A,#N/A,#N/A
2,Alicia,1,"sto. nino parochial school, inc.","ilocos sur st. cor. bukidnon st., alicia, quezon city, ncr, 1105","ilocos sur Street corner bukidnon Street, alicia, quezon city, ncr, 1105, Philippines",Schools,Private,Private school,"QC Future Ready dashboard, Schools",6:00AM,5:00PM,14.66004052,121.0263474
3,Alicia,1,Bago Bantay,"84 Sto. Niño St., Brgy. Alicia","84 Sto. Niño Street, Barangay Alicia, Quezon City, Philippines",Health centers,#N/A,Health centers,"Data_QC Caring Cities Tracker, QC Administrative Data - Health",#N/A,#N/A,#N/A,#N/A
4,Amihan,3,Amihan,"Bgy. Hall, Palosapis St., Brgy. Amihan Quezon City","Barangay Hall, Palosapis Street, Barangay Amihan Quezon City, Philippines",Childcare,Public,Child development centers,"Data_QC Caring Cities Tracker, QC Administrative Data - Child",#N/A,#N/A,14.63309806,121.0668921
5,Apolonio Samson,6,Apolonio Samson Health Center,"150 Kaingin Road, Brgy. Apolonio Samson, Balintawak","150 Kaingin Road, Barangay Apolonio Samson, Balintawak, Quezon City, Philippines",Health centers,#N/A,Health center pharmacy,"Data_QC Caring Cities Tracker, QC Administrative Data - Health",#N/A,#N/A,14.65468419,121.0113137
6,Apolonio Samson,6,Oliveros,26 M Oliveros Drive (Dulo),"26 M Oliveros Drive (Dulo), Quezon City, Philippines",Childcare,Public,Child development centers,"Data_QC Caring Cities Tracker, QC Administrative Data - Child",#N/A,#N/A,14.65942729,121.0065384
7,Apolonio Samson,6,Apolonio Samson,"150 Kaingin Road, Brgy. Apolonio Samson, Balintawak","150 Kaingin Road, Barangay Apolonio Samson, Balintawak, Quezon City, Philippines",Health centers,#N/A,Health centers,"Data_QC Caring Cities Tracker, QC Administrative Data - Health",#N/A,#N/A,14.65468419,121.0113137
8,Apolonio Samson,6,Apolonio Samson Annex,Bgy. Apolonio Samson,"Barangay Apolonio Samson, Quezon City, Philippines",Childcare,Public,Child development centers,"Data_QC Caring Cities Tracker, QC Administrative Data - Child",#N/A,#N/A,14.65531,121.011601
9,Apolonio Samson,6,Apolonio Samson,"Kaingin Rd., Bgy. Hall Apolonio Samson","Kaingin Road, Barangay Hall Apolonio Samson, Quezon City, Philippines",Childcare,Public,Child development centers,"Data_QC Caring Cities Tracker, QC Administrative Data - Child",#N/A,#N/A,14.65531,121.011601
10,Baesa,6,Howmart,Alley 2 Howmart St.,"Alley 2 Howmart Street, Quezon City, Philippines",Childcare,Public,Child development centers,"Data_QC Caring Cities Tracker, QC Administrative Data - Child",#N/A,#N/A,#N/A,#N/A
11,Baesa,6,Sitio Pajo,GK Sitio Pajo,"GK Sitio Pajo, Quezon City, Philippines",Childcare,Public,Child development centers,"Data_QC Caring Cities Tracker, QC Administrative Data - Child",#N/A,#N/A,#N/A,#N/A
12,Baesa,6,Baesa Health Center,"57 Baesa Road, Brgy. Baesa","57 Baesa Road, Barangay Baesa, Quezon City, Philippines",Health centers,#N/A,Health center pharmacy,"Data_QC Caring Cities Tracker, QC Administrative Data - Health",#N/A,#N/A,14.6691641,121.0064989
13,Baesa,6,F. Carlos,F. Carlos St. (near Basketball Court),"F. Carlos Street (near Basketball Court), Quezon City, Philippines",Childcare,Public,Child development centers,"Data_QC Caring Cities Tracker, QC Administrative Data - Child",#N/A,#N/A,14.66197998,121.0104632
14,Baesa,6,Baesa,"57 Baesa Road, Brgy. Baesa","57 Baesa Road, Barangay Baesa, Quezon City, Philippines",Health centers,#N/A,Health centers,"Data_QC Caring Cities Tracker, QC Administrative Data - Health",#N/A,#N/A,14.6691641,121.0064989
15,Baesa,6,Mendez,Mendez Road,"Mendez Road, Quezon City, Philippines",Childcare,Public,Child development centers,"Data_QC Caring Cities Tracker, QC Administrative Data - Child",#N/A,#N/A,14.66876763,121.0131722
16,Baesa,6,Asamba,Asamba Compound Sitio Compound,"Asamba Compound Sitio Compound, Quezon City, Philippines",Childcare,Public,Child development centers,"Data_QC Caring Cities Tracker, QC Administrative Data - Child",#N/A,#N/A,#N/A,#N/A
17,Bagbag,5,Goodwill Homes 2,"Mark St. cor. Ruth St., Goodwill Homes 2 Subd., Brgy. Bagbag","Mark Street corner Ruth Street, Goodwill Homes 2 Subdivision, Barangay Bagbag, Quezon City, Philippines",Childcare,Public,Child development centers,"Data_QC Caring Cities Tracker, QC Administrative Data - Child",#N/A,#N/A,14.6966932,121.0365573
18,Bagbag,5,Ibayo,"Ibayo 2 68 Pascual Road, Brgy. Bagbag","Ibayo 2 68 Pascual Road, Barangay Bagbag, Quezon City, Philippines",Childcare,Public,Child development centers,"Data_QC Caring Cities Tracker, QC Administrative Data - Child",#N/A,#N/A,14.69672359,121.0394513
19,Bagbag,5,Maligaya,"Mark St. cor. Ruth St., Goodwill Homes 2 Subd., Brgy. Bagbag","Mark Street corner Ruth Street, Goodwill Homes 2 Subdivision, Barangay Bagbag, Quezon City, Philippines",Childcare,Public,Child development centers,"Data_QC Caring Cities Tracker, QC Administrative Data - Child",#N/A,#N/A,14.6966932,121.0365573
20,Bagbag,5,San Pedro IX,Santan St. San Pedro IX Subd. Brgy. Bagbag,"Santan Street San Pedro IX Subdivision Barangay Bagbag, Quezon City, Philippines",Childcare,Public,Child development centers,"Data_QC Caring Cities Tracker, QC Administrative Data - Child",#N/A,#N/A,#N/A,#N/A
21,Bagbag,5,Remarville,"Asteroid St. cor. Pisces St., Remarville Subd., Brgy. Bagbag","Asteroid Street corner Pisces Street, Remarville Subdivision, Barangay Bagbag, Quezon City, Philippines",Childcare,Public,Child development centers,"Data_QC Caring Cities Tracker, QC Administrative Data - Child",#N/A,#N/A,14.695432,121.0389272
22,Bagbag,5,Bagbag,"18 Parokya ng Pagkabuhay Road, Brgy. Bagbag","18 Parokya ng Pagkabuhay Road, Barangay Bagbag, Quezon City, Philippines",Health centers,#N/A,Health centers,"Data_QC Caring Cities Tracker, QC Administrative Data - Health",#N/A,#N/A,14.69702447,121.0280886
23,Bagong Lipunan ng Crame,4,"joyful hands kiddie center of cubao, q.c., inc.","unit 4, corporate house bldg., 239 boni serrano road, bagong lipunan ng crame, quezon city, ncr, 1111","unit 4, corporate house Building, 239 boni serrano road, bagong lipunan ng crame, quezon city, ncr, 1111, Philippines",Childcare,Private,Child learning center,"QC Future Ready dashboard, Childcare",9:00AM,5:00PM,14.60944111,121.0436342
24,Bagong Lipunan ng Crame,4,wdc np assessment cntr psychiatric clinic,"room 503 unit j, camus bldg., edsa, bagong lipunan ng crame, quezon city, ncr, 1111","room 503 unit j, camus Building, edsa, bagong lipunan ng crame, quezon city, ncr, 1111, Philippines",Long-term care and rehabilitation services,#N/A,Psychological clinic,"QC Future Ready dashboard, Long-term care and rehabilitation services",8:00AM,5:00PM,14.61127632,121.0546532
25,Bagong Lipunan ng Crame,4,ram-ce psychological & diagnostic center inc.,"#1-b, medina bldg.  3rd ave. cor.,, b. serrano ave, bagong lipunan ng crame, quezon city, ncr, 1111","#1-b, medina Building 3rd Avenue corner, b. serrano ave, bagong lipunan ng crame, quezon city, ncr, 1111, Philippines",Long-term care and rehabilitation services,#N/A,Psychological clinic,"QC Future Ready dashboard, Long-term care and rehabilitation services",8:00AM,5:00PM,14.61041249,121.0531287
26,Bagong Lipunan ng Crame,4,"bridgesofhope (q.c.), inc.","#12, orestes lane, bagong lipunan ng crame, quezon city, ncr, 1111","#12, orestes lane, bagong lipunan ng crame, quezon city, ncr, 1111, Philippines",Long-term care and rehabilitation services,#N/A,Rehabilitation clinic,"QC Future Ready dashboard, Long-term care and rehabilitation services",8:00AM,5:00PM,14.61077538,121.0466161
27,Bagong Pag-asa,1,Kampilan I,"Hona St., San Roque","Hona Street, San Roque, Quezon City, Philippines",Childcare,Public,Child development centers,"Data_QC Caring Cities Tracker, QC Administrative Data - Child",#N/A,#N/A,#N/A,#N/A
28,Bagong Pag-asa,1,"ikigai wellness solutions, inc.","nb 311b - nb 312 3rd flr., sm city , north edsa, bagong pag-asa, quezon city, ncr, 1105","nb 311b - nb 312 3rd Floor, sm city , north edsa, bagong pag-asa, quezon city, ncr, 1105, Philippines",Long-term care and rehabilitation services,#N/A,Therapeutic clinic,"QC Future Ready dashboard, Long-term care and rehabilitation services",10:00AM,9:00PM,#N/A,#N/A
29,Bagong Pag-asa,1,friends therapy center inc.,"unit 105, vien plaza building, no 13, road 13, bagong pag-asa, quezon city, ncr, 1105","unit 105, vien plaza building, no 13, road 13, bagong pag-asa, quezon city, ncr, 1105, Philippines",Long-term care and rehabilitation services,#N/A,Physical/occupational therapy school,"QC Future Ready dashboard, Long-term care and rehabilitation services",9:00AM,5:00PM,14.66020009,121.0354568
30,Bagong Pag-asa,1,Bagong Pag-asa,"36 Road 9 cor. Road 10, Brgy. Bagong Pag-asa","36 Road 9 corner Road 10, Barangay Bagong Pag-asa, Quezon City, Philippines",Health centers,#N/A,Health centers,"Data_QC Caring Cities Tracker, QC Administrative Data - Health",#N/A,#N/A,14.6620891,121.0342136
31,Bagong Pag-asa,1,createch wellness corp.,"level 3 space # r3-l3-031, ayala vertis, north cor. north ave., bagong pag-asa, quezon city, ncr, 1105","level 3 space # r3-l3-031, ayala vertis, north corner north Avenue, bagong pag-asa, quezon city, ncr, 1105, Philippines",Long-term care and rehabilitation services,#N/A,Therapeutic clinic,"QC Future Ready dashboard, Long-term care and rehabilitation services",11:00AM,8:00PM,#N/A,#N/A
32,Bagong Pag-asa,1,gestalt neuropsychological and psychological services,"unit 202 2nd flr., ccs bldg., blk. 10, lot 39, road 1 corner road 8, bagong pag-asa, quezon city, ncr, 1105","unit 202 2nd Floor, ccs Building, blk. 10, lot 39, road 1 corner road 8, bagong pag-asa, quezon city, ncr, 1105, Philippines",Long-term care and rehabilitation services,#N/A,Psychological clinic,"QC Future Ready dashboard, Long-term care and rehabilitation services",8:00AM,5:00PM,14.66207711,121.0319526
33,Bagong Pag-asa,1,"saint paul educational center bago-bantay, inc.","38, palawan st., bagong pag-asa, quezon city, ncr, 1105","38, palawan Street, bagong pag-asa, quezon city, ncr, 1105, Philippines",Schools,Private,Private school,"QC Future Ready dashboard, Schools",8:00AM,5:00PM,#N/A,#N/A
34,Bagong Pag-asa,1,good grounds spa ventures corp.,"room 817 & 818, park inn by radisson hotel, sm city north edsa, bagong pag-asa, quezon city, ncr, 1105","room 817 & 818, park inn by radisson hotel, sm city north edsa, bagong pag-asa, quezon city, ncr, 1105, Philippines",Long-term care and rehabilitation services,#N/A,Therapeutic clinic,"QC Future Ready dashboard, Long-term care and rehabilitation services",12:00PM,9:00PM,#N/A,#N/A
35,Bagong Pag-asa,1,good grounds spa ventures corp.,"mu 262, north towers,, sm north edsa, bagong pag-asa, quezon city, ncr, 1105","mu 262, north towers, sm north edsa, bagong pag-asa, quezon city, ncr, 1105, Philippines",Long-term care and rehabilitation services,#N/A,Therapeutic clinic,"QC Future Ready dashboard, Long-term care and rehabilitation services",10:00AM,9:00PM,14.6608,121.033
36,Bagong Pag-asa,1,Philippine Children’s Medical Center,"Quezon Avenue cor. Sen. Miriam Defensor-Santiago Avenue, Bagong Pag-asa","Philippine Children’s Medical Center Quezon Avenue corner Sen. Miriam Defensor-Santiago Avenue, Bagong Pag-asa, Quezon City, Philippines",Health centers,#N/A,National government-owned hospitals,"Data_QC Caring Cities Tracker, QC Administrative Data - Health",#N/A,#N/A,#N/A,#N/A
37,Bagong Pag-asa,1,Bagong Pag-asa,Road 9 cor. Road 11,"Road 9 corner Road 11, Quezon City, Philippines",Childcare,Public,Child development centers,"Data_QC Caring Cities Tracker, QC Administrative Data - Child",#N/A,#N/A,14.66233419,121.0330115
38,Bagong Pag-asa,1,scottland inc.,"space 307293, trinoma edsa cor, bagong pag-asa, quezon city, ncr, 1105","space 307293, trinoma edsa corner, bagong pag-asa, quezon city, ncr, 1105, Philippines",Long-term care and rehabilitation services,#N/A,Therapeutic clinic,"QC Future Ready dashboard, Long-term care and rehabilitation services",8:00AM,8:00PM,14.6608,121.033
39,Bagong Pag-asa,1,"centris education solutions institute, inc.","16th floor, kmc sm north tower 1, edsa cor north avenue, bagong pag-asa, quezon city, ncr, 1105","16th floor, kmc sm north tower 1, edsa corner north avenue, bagong pag-asa, quezon city, ncr, 1105, Philippines",Schools,Private,Private school,"QC Future Ready dashboard, Schools",10:00AM,7:00PM,14.65529699,121.0303692
40,Bagong Silangan,2,Asprer,"Area 6, Bgy. Bagong Silangan, Brgy. Bagong Silangan","Area 6, Barangay Bagong Silangan, Barangay Bagong Silangan, Quezon City, Philippines",Childcare,Public,Child development centers,"Data_QC Caring Cities Tracker, QC Administrative Data - Child",#N/A,#N/A,14.698957,121.0982875
41,Bagong Silangan,2,Bagong Silangan,"Bonifacio St., Brgy. Bagong Silangan","Bonifacio Street, Barangay Bagong Silangan, Quezon City, Philippines",Health centers,#N/A,Health centers,"Data_QC Caring Cities Tracker, QC Administrative Data - Health",#N/A,#N/A,14.6977113,121.110502
42,Bagong Silangan,2,Sitio Veterans I,"Ground Floor, Sitio Veterans CDC, Lot 1 Block 18, Dove St., Area 1 Sitio Veterans, corner Don Vicente St., Brgy. Bagong Silangan","Ground Floor, Sitio Veterans CDC, Lot 1 Block 18, Dove Street, Area 1 Sitio Veterans, corner Don Vicente Street, Barangay Bagong Silangan, Quezon City, Philippines",Childcare,Public,Child development centers,"Data_QC Caring Cities Tracker, QC Administrative Data - Child",#N/A,#N/A,14.7015502,121.1034887
43,Bagong Silangan,2,Bagong Silangan Lying–In Clinic,"Bonifacio St., Brgy. Bagong Silangan","Bonifacio Street, Barangay Bagong Silangan, Quezon City, Philippines",Health centers,#N/A,LGU-run lying-in clinics,"Data_QC Caring Cities Tracker, QC Administrative Data - Health",#N/A,#N/A,14.6977113,121.110502
44,Bagong Silangan,2,Bagong Silangan,"Lot 1, Block 18, Bonifacio St., corner Geronimo St. (beside Brgy. Hall), Brgy. Bagong Silangan","Lot 1, Block 18, Bonifacio Street, corner Geronimo Street (beside Barangay Hall), Barangay Bagong Silangan, Quezon City, Philippines",Childcare,Public,Child development centers,"Data_QC Caring Cities Tracker, QC Administrative Data - Child",#N/A,#N/A,14.69783209,121.1102098
45,Bagong Silangan,2,Rolling Hills,"Purok 7, Sitio Rolling Hills (Boundary QC & Montalban)","Purok 7, Sitio Rolling Hills (Boundary QC & Montalban), Quezon City, Philippines",Childcare,Public,Child development centers,"Data_QC Caring Cities Tracker, QC Administrative Data - Child",#N/A,#N/A,#N/A,#N/A
46,Bagong Silangan,2,ezr learning institute inc.,"568, a. bonifacio street, bagong silangan, quezon city, ncr, 1119","568, a. bonifacio street, bagong silangan, quezon city, ncr, 1119, Philippines",Schools,Private,Private school,"QC Future Ready dashboard, Schools",6:31AM,4:00PM,14.69773617,121.1103265
47,Bagong Silangan,2,Covenant,"David St., Covenant Village, Brgy. Bagong Silangan","David Street, Covenant Village, Barangay Bagong Silangan, Quezon City, Philippines",Childcare,Public,Child development centers,"Data_QC Caring Cities Tracker, QC Administrative Data - Child",#N/A,#N/A,14.70217907,121.109508
48,Bagong Silangan,2,del carmen school of veterans quezon city inc.,"area 1, dove st., sitio veterans, bagong silangan, quezon city, ncr, 1119","area 1, dove Street, sitio veterans, bagong silangan, quezon city, ncr, 1119, Philippines",Schools,Private,Private school,"QC Future Ready dashboard, Schools",7:00AM,4:00PM,14.70606654,121.1061365
49,Bagong Silangan,2,Filside,"Lot Block 6, Filside Homes, Brgy. Bagong Silangan","Lot Block 6, Filside Homes, Barangay Bagong Silangan, Quezon City, Philippines",Childcare,Public,Child development centers,"Data_QC Caring Cities Tracker, QC Administrative Data - Child",#N/A,#N/A,14.698957,121.0982875
50,Bagong Silangan,2,Sitio Veterans II,"Second Floor, Sitio Veterans CDC, Lot 1 Block 18, Dove St., Area 1 Sitio Veterans, corner Don Vicente St., Brgy. Bagong Silangan","Second Floor, Sitio Veterans CDC, Lot 1 Block 18, Dove Street, Area 1 Sitio Veterans, corner Don Vicente Street, Barangay Bagong Silangan, Quezon City, Philippines",Childcare,Public,Child development centers,"Data_QC Caring Cities Tracker, QC Administrative Data - Child",#N/A,#N/A,14.7015502,121.1034887
51,Bagong Silangan,2,Bakas,"052A Bakas Compound, Brgy. Bagong Silangan","052A Bakas Compound, Barangay Bagong Silangan, Quezon City, Philippines",Childcare,Public,Child development centers,"Data_QC Caring Cities Tracker, QC Administrative Data - Child",#N/A,#N/A,14.7017153,121.110362
52,Bagong Silangan,2,Area 5,"Lot 1 Block 18, Baesang Pass St., Area 5, Sitio Veterans, Brgy. Bagong Silangan","Lot 1 Block 18, Baesang Pass Street, Area 5, Sitio Veterans, Barangay Bagong Silangan, Quezon City, Philippines",Childcare,Public,Child development centers,"Data_QC Caring Cities Tracker, QC Administrative Data - Child",#N/A,#N/A,14.7017153,121.110362
53,Bagumbayan,3,solid fundevmentals therapy center inc.,"unit a312 3rd flr., eastwood mall, orchard rd eastwood city, bagumbayan, quezon city, ncr, 1110","unit a312 3rd Floor, eastwood mall, orchard rd eastwood city, bagumbayan, quezon city, ncr, 1110, Philippines",Long-term care and rehabilitation services,#N/A,Rehabilitation clinic,"QC Future Ready dashboard, Long-term care and rehabilitation services",8:00AM,5:00PM,14.6109413,121.0802326
54,Bagumbayan,3,peak physical therapy & scoliosis center corp.,"space a , one orchard eastwood city cyberpark, 188, e. rodriguez jr. avenue, bagumbayan, quezon city, ncr, 1110","space a , one orchard eastwood city cyberpark, 188, e. rodriguez jr. avenue, bagumbayan, quezon city, ncr, 1110, Philippines",Long-term care and rehabilitation services,#N/A,Physical therapy clinic,"QC Future Ready dashboard, Long-term care and rehabilitation services",8:00AM,5:00PM,14.60621102,121.079558
55,Bagumbayan,3,all ways therapy center corp.,"unit i29-i30, the strip at circulo verde, calle industria, bagumbayan, quezon city, ncr, 1110","unit i29-i30, the strip at circulo verde, calle industria, bagumbayan, quezon city, ncr, 1110, Philippines",Long-term care and rehabilitation services,#N/A,Physical/occupational therapy school,"QC Future Ready dashboard, Long-term care and rehabilitation services",8:00AM,5:00PM,14.6068,121.08
56,Bagumbayan,3,thames international school inc.,"no. 27, calle industria st., bagumbayan, quezon city, ncr, 1110","27, calle industria Street, bagumbayan, quezon city, ncr, 1110, Philippines",Schools,Private,Private school,"QC Future Ready dashboard, Schools",6:00AM,6:00PM,14.60486485,121.0847506
57,Bagumbayan,3,Bagumbayan,"75 San Roque St., Brgy. Bagumbayan","75 San Roque Street, Barangay Bagumbayan, Quezon City, Philippines",Childcare,Public,Child development centers,"Data_QC Caring Cities Tracker, QC Administrative Data - Child",#N/A,#N/A,14.60863519,121.0823074
58,Bagumbuhay,3,Bagumbuhay,"Plaza Malvar, Malvar St., Brgy. Bagumbuhay","Plaza Malvar, Malvar Street, Barangay Bagumbuhay, Quezon City, Philippines",Childcare,Public,Child development centers,"Data_QC Caring Cities Tracker, QC Administrative Data - Child",#N/A,#N/A,14.6250583,121.0651218
59,Bagumbuhay,3,Project 4,"Kalantiaw st. cor. P. Tuazon, Brgy. Bagumbuhay","Kalantiaw Street corner P. Tuazon, Barangay Bagumbuhay, Quezon City, Philippines",Health centers,#N/A,Health centers,"Data_QC Caring Cities Tracker, QC Administrative Data - Health",#N/A,#N/A,14.62214091,121.0653726
60,Bahay Toro,1,grace gospel church north education foundation inc.,"3rd flr., northridge plaza, annex a,, 12, congressional ave., bahay toro, quezon city, ncr, 1106","3rd Floor, northridge plaza, annex a, 12, congressional Avenue, bahay toro, quezon city, ncr, 1106, Philippines",Childcare,Private,Child learning center,"QC Future Ready dashboard, Childcare",7:00AM,12:00PM,14.670708,121.039056
61,Bahay Toro,1,Pook Masagana,Alley 25 Pook Masagana,"Alley 25 Pook Masagana, Quezon City, Philippines",Childcare,Public,Child development centers,"Data_QC Caring Cities Tracker, QC Administrative Data - Child",#N/A,#N/A,#N/A,#N/A
62,Bahay Toro,1,active-pt cares physical therapy services,"g/f, northridge plaza, 12, congressional ave, bahay toro, quezon city, ncr, 1106","g/f, northridge plaza, 12, congressional ave, bahay toro, quezon city, ncr, 1106, Philippines",Long-term care and rehabilitation services,#N/A,Physical therapy clinic,"QC Future Ready dashboard, Long-term care and rehabilitation services",12:00AM,12:00AM,14.670708,121.039056
63,Bahay Toro,1,San Jose Seminary II,Road 19 Bahay Toro Proj. 8,"Road 19 Bahay Toro Proj. 8, Quezon City, Philippines",Childcare,Public,Child development centers,"Data_QC Caring Cities Tracker, QC Administrative Data - Child",#N/A,#N/A,14.66468785,121.0200075
64,Bahay Toro,1,connecting bridges child services inc.,"unit 21, 2nd flr. wilcon city center, no. 121 visayas ave., bahay toro, quezon city, ncr, 1106","unit 21, 2nd Floor wilcon city center, 121 visayas Avenue, bahay toro, quezon city, ncr, 1106, Philippines",Long-term care and rehabilitation services,#N/A,Therapeutic clinic,"QC Future Ready dashboard, Long-term care and rehabilitation services",8:00AM,5:00PM,14.666404,121.042691
65,Bahay Toro,1,horizons of hope therapy center inc.,"2, wisdom st. , teresa village, bahay toro, quezon city, ncr, 1106","2, wisdom Street , teresa village, bahay toro, quezon city, ncr, 1106, Philippines",Long-term care and rehabilitation services,#N/A,Physical/occupational therapy school,"QC Future Ready dashboard, Long-term care and rehabilitation services",8:00AM,5:00PM,14.66627898,121.0403604
66,Bahay Toro,1,"haven of opportunities for people with exceptionalities (hope), inc.","35b, shorthorn street, project 8, bahay toro, quezon city, ncr, 1106","35b, shorthorn street, project 8, bahay toro, quezon city, ncr, 1106, Philippines",Long-term care and rehabilitation services,#N/A,Physical/occupational therapy school,"QC Future Ready dashboard, Long-term care and rehabilitation services",8:00AM,5:00PM,14.6666763,121.0210931
67,Bahay Toro,1,exxcellent home care services,"26 , road 11, project 8, bahay toro, quezon city, ncr, 1106","26 , road 11, project 8, bahay toro, quezon city, ncr, 1106, Philippines",Older persons care,#N/A,Nursing care center,"QC Future Ready dashboard, Older persons care",8:00AM,12:00AM,14.6641365,121.0217462
68,Bahay Toro,1,San Jose Seminary I,"Road 19 Bahay Toro, Proj. 8","Road 19 Bahay Toro, Proj. 8, Quezon City, Philippines",Childcare,Public,Child development centers,"Data_QC Caring Cities Tracker, QC Administrative Data - Child",#N/A,#N/A,14.66468785,121.0200075
69,Bahay Toro,1,Sitio Maligaya II,14 Bayanihan Drive,"14 Bayanihan Drive, Quezon City, Philippines",Childcare,Public,Child development centers,"Data_QC Caring Cities Tracker, QC Administrative Data - Child",#N/A,#N/A,14.6683198,121.0237079
70,Bahay Toro,1,apo senior living corporation,"unit 310 & 312, 7 general avenue, project 8, bahay toro, quezon city, ncr, 1106","unit 310 & 312, 7 general avenue, project 8, bahay toro, quezon city, ncr, 1106, Philippines",Older persons care,#N/A,Nursing care center,"QC Future Ready dashboard, Older persons care",8:00AM,5:00PM,14.6710737,121.0245703
71,Bahay Toro,1,bricks developmental learning center,"#3-b, calla lily st., bahay toro, quezon city, ncr, 1106","#3-b, calla lily Street, bahay toro, quezon city, ncr, 1106, Philippines",Long-term care and rehabilitation services,#N/A,Therapeutic clinic,"QC Future Ready dashboard, Long-term care and rehabilitation services",8:00AM,5:00PM,14.6703104,121.033011
72,Bahay Toro,1,"ste. anne de beaupre school, inc.","faith st., 7 teresa village, bahay toro, quezon city, ncr, 1106","faith Street, 7 teresa village, bahay toro, quezon city, ncr, 1106, Philippines",Childcare,Private,Child learning center,"QC Future Ready dashboard, Childcare",8:00AM,5:00PM,14.6662007,121.0390028
73,Bahay Toro,1,thinkerbel kids play and learning center inc.,"23 sf-11, congressional town center, congressional ave., bahay toro, quezon city, ncr, 1106","23 sf-11, congressional town center, congressional Avenue, bahay toro, quezon city, ncr, 1106, Philippines",Childcare,Private,Child learning center,"QC Future Ready dashboard, Childcare",8:00AM,5:00PM,14.6713108,121.0400152
74,Bahay Toro,1,achieving independence and meaningful skill therapy center,"unit f, 3rd flr. , 38 general avenue, bahay toro, quezon city, ncr, 1106","unit f, 3rd Floor , 38 general avenue, bahay toro, quezon city, ncr, 1106, Philippines",Long-term care and rehabilitation services,#N/A,Physical therapy clinic,"QC Future Ready dashboard, Long-term care and rehabilitation services",9:00AM,6:00PM,14.67191209,121.0251722
75,Bahay Toro,1,kidswecare pediatric therapy center,"unit 104, no. 20 shorthorn st., project 8, bahay toro, quezon city, ncr, 1106","unit 104, 20 shorthorn Street, project 8, bahay toro, quezon city, ncr, 1106, Philippines",Long-term care and rehabilitation services,#N/A,Therapeutic clinic,"QC Future Ready dashboard, Long-term care and rehabilitation services",8:00AM,5:00PM,14.66535712,121.0220213
76,Bahay Toro,1,bricks developmental learning center,"#3-b, calla lily st., bahay toro, quezon city, ncr, 1106","#3-b, calla lily Street, bahay toro, quezon city, ncr, 1106, Philippines",Long-term care and rehabilitation services,#N/A,Therapeutic clinic,"QC Future Ready dashboard, Long-term care and rehabilitation services",8:00AM,5:00PM,14.6703104,121.033011
77,Bahay Toro,1,achieving independence and meaningful skill therapy center,"unit f, 3rd flr. , 38 general avenue, bahay toro, quezon city, ncr, 1106","unit f, 3rd Floor , 38 general avenue, bahay toro, quezon city, ncr, 1106, Philippines",Long-term care and rehabilitation services,#N/A,Physical therapy clinic,"QC Future Ready dashboard, Long-term care and rehabilitation services",9:00AM,6:00PM,14.67191209,121.0251722
78,Bahay Toro,1,Quezon City General Hospital,"Seminary Road, Barangay Bahay Toro, Project 8, QCGH","Seminary Road, Barangay Bahay Toro, Project 8, QCGH, Quezon City, Philippines",Health centers,#N/A,LGU-run hospitals,"Data_QC Caring Cities Tracker, QC Administrative Data - Health",#N/A,#N/A,14.6612375,121.0181698
79,Bahay Toro,1,Sitio Maligaya I,14 Bayanihan Drive,"14 Bayanihan Drive, Quezon City, Philippines",Childcare,Public,Child development centers,"Data_QC Caring Cities Tracker, QC Administrative Data - Child",#N/A,#N/A,14.6683198,121.0237079
80,Bahay Toro,1,Toro Hills,"Road 11, Brgy. Bahay Toro","Road 11, Barangay Bahay Toro, Quezon City, Philippines",Health centers,#N/A,Health centers,"Data_QC Caring Cities Tracker, QC Administrative Data - Health",#N/A,#N/A,14.66406412,121.0210466
81,Bahay Toro,1,synergy advanced rehabilitation and wound care corp.,"144, congressional ave. project 8, bahay toro, quezon city, ncr, 1106","144, congressional Avenue project 8, bahay toro, quezon city, ncr, 1106, Philippines",Long-term care and rehabilitation services,#N/A,Physical therapy clinic,"QC Future Ready dashboard, Long-term care and rehabilitation services",9:00AM,6:00PM,14.66325289,121.0210085
82,Balingasa,1,skills at play therapy center inc.,"27, j. aquino cruz, balingasa, quezon city, ncr, 1115","27, j. aquino cruz, balingasa, quezon city, ncr, 1115, Philippines",Long-term care and rehabilitation services,#N/A,Physical therapy clinic,"QC Future Ready dashboard, Long-term care and rehabilitation services",8:00AM,5:00PM,14.65024375,121.0043049
83,Balingasa,1,Balingasa,"26 J. Aquino Cruz St., Brgy. Balingasa","26 J. Aquino Cruz Street, Barangay Balingasa, Quezon City, Philippines",Health centers,#N/A,Health centers,"Data_QC Caring Cities Tracker, QC Administrative Data - Health",#N/A,#N/A,14.65024375,121.0043049
84,Balingasa,1,Tibagan,11 Road Harmony St.,"11 Road Harmony Street, Quezon City, Philippines",Childcare,Public,Child development centers,"Data_QC Caring Cities Tracker, QC Administrative Data - Child",#N/A,#N/A,14.65206841,121.0024084
85,Balong-bato,6,Balon Bato,11 E Maximina Drive beside Brgy. Hall,"11 E Maximina Drive beside Barangay Hall, Quezon City, Philippines",Childcare,Public,Child development centers,"Data_QC Caring Cities Tracker, QC Administrative Data - Child",#N/A,#N/A,#N/A,#N/A
86,Batasan Hills,2,Batasan Hills Lying–In Clinic,"2 IBP Road, Brgy. Batasan Hills","2 IBP Road, Barangay Batasan Hills, Quezon City, Philippines",Health centers,#N/A,LGU-run lying-in clinics,"Data_QC Caring Cities Tracker, QC Administrative Data - Health",#N/A,#N/A,#N/A,#N/A
87,Batasan Hills,2,Talanay,"31 Alton St., Sitio Talanay, Brgy. Batasan Hills","31 Alton Street, Sitio Talanay, Barangay Batasan Hills, Quezon City, Philippines",Childcare,Public,Child development centers,"Data_QC Caring Cities Tracker, QC Administrative Data - Child",#N/A,#N/A,14.68822199,121.108423
88,Batasan Hills,2,Kalayaan B1,"Lot No. 41-C-3, Kalayaan B St., Brgy. Batasan Hills","Lot 41-C-3, Kalayaan B Street, Barangay Batasan Hills, Quezon City, Philippines",Childcare,Public,Child development centers,"Data_QC Caring Cities Tracker, QC Administrative Data - Child",#N/A,#N/A,14.68877871,121.0929834
89,Batasan Hills,2,skyderm aesthetic and wellness services,"unit 214, royale place mall, don antonio drive, batasan hills, quezon city, ncr, 1119","unit 214, royale place mall, don antonio drive, batasan hills, quezon city, ncr, 1119, Philippines",Long-term care and rehabilitation services,#N/A,Therapeutic clinic,"QC Future Ready dashboard, Long-term care and rehabilitation services",11:00AM,7:00PM,#N/A,#N/A
90,Batasan Hills,2,rapha corporation,"lot 11 blk. 10, sunnyside hgts., batasan hills, quezon city, ncr, 1126","lot 11 blk. 10, sunnyside hgts., batasan hills, quezon city, ncr, 1126, Philippines",Older persons care,#N/A,Nursing care center,"QC Future Ready dashboard, Older persons care",8:00AM,5:00PM,14.68936121,121.1036536
91,Batasan Hills,2,Kalayaan B2,"Lot No. 41-C-3, Kalayaan B St., Brgy. Batasan Hills","Lot 41-C-3, Kalayaan B Street, Barangay Batasan Hills, Quezon City, Philippines",Childcare,Public,Child development centers,"Data_QC Caring Cities Tracker, QC Administrative Data - Child",#N/A,#N/A,14.68877871,121.0929834
92,Batasan Hills,2,Pook Pag-asa,"B1 L21 Pook Pagasa St., Brgy. Batasan Hills","B1 L21 Pook Pagasa Street, Barangay Batasan Hills, Quezon City, Philippines",Childcare,Public,Child development centers,"Data_QC Caring Cities Tracker, QC Administrative Data - Child",#N/A,#N/A,14.69295507,121.0981922
93,Batasan Hills,2,Batasan Hills Super Health Centers,"2 IBP Road, Brgy. Batasan Hills","2 IBP Road, Barangay Batasan Hills, Quezon City, Philippines",Health centers,#N/A,Super health care centers,"Data_QC Caring Cities Tracker, QC Administrative Data - Health",#N/A,#N/A,#N/A,#N/A
94,Batasan Hills,2,Freedom Park 5,"Jordan St., Freedom Park 5, Brgy. Batasan Hills","Jordan Street, Freedom Park 5, Barangay Batasan Hills, Quezon City, Philippines",Childcare,Public,Child development centers,"Data_QC Caring Cities Tracker, QC Administrative Data - Child",#N/A,#N/A,#N/A,#N/A
95,Batasan Hills,2,Batasan Hills Annex,"Bill cor. Saret St., Brgy. Batasan Hills","Bill corner Saret Street, Barangay Batasan Hills, Quezon City, Philippines",Health centers,#N/A,Health centers,"Data_QC Caring Cities Tracker, QC Administrative Data - Health",#N/A,#N/A,14.6861789,121.0993394
96,Batasan Hills,2,Jasmin,"Lot 35-A, Jasmin St., Brgy. Batasan Hills","Lot 35-A, Jasmin Street, Barangay Batasan Hills, Quezon City, Philippines",Childcare,Public,Child development centers,"Data_QC Caring Cities Tracker, QC Administrative Data - Child",#N/A,#N/A,#N/A,#N/A
97,Batasan Hills,2,gaya aesthetic and wellness center,"unit 204-a, blk 7, lots 2  and 3, batasan-san mateo road , batasan hills, quezon city, ncr, 1126","unit 204-a, blk 7, lots 2 and 3, batasan-san mateo road , batasan hills, quezon city, ncr, 1126, Philippines",Long-term care and rehabilitation services,#N/A,Physical therapy clinic,"QC Future Ready dashboard, Long-term care and rehabilitation services",11:00AM,8:00PM,14.68179684,121.1073353
98,Batasan Hills,2,Luzviminda,"Luzviminda Subd., Brgy. Batasan Hills","Luzviminda Subdivision, Barangay Batasan Hills, Quezon City, Philippines",Childcare,Public,Child development centers,"Data_QC Caring Cities Tracker, QC Administrative Data - Child",#N/A,#N/A,14.6865607,121.0949927
99,Batasan Hills,2,rapha corporation,"lot 11 blk. 10, sunnyside hgts., batasan hills, quezon city, ncr, 1126","lot 11 blk. 10, sunnyside hgts., batasan hills, quezon city, ncr, 1126, Philippines",Older persons care,#N/A,Nursing care center,"QC Future Ready dashboard, Older persons care",8:00AM,5:00PM,14.68936121,121.1036536
100,Batasan Hills,2,skdc neuro psychological testing and assessment center,"unit no.2 a-102, colton place apartment, 155, session road, talanay area b, batasan hills, quezon city, ncr, 1126","unit 2 a-102, colton place apartment, 155, session road, talanay area b, batasan hills, quezon city, ncr, 1126, Philippines",Long-term care and rehabilitation services,#N/A,Psychological clinic,"QC Future Ready dashboard, Long-term care and rehabilitation services",8:00AM,5:00PM,14.68051701,121.101791
101,Batasan Hills,2,Rosario Maclang Bautista General Hospital,IBP Road Batasan Hills,"IBP Road Barangay Batasan Hills, Quezon City, Philippines",Health centers,#N/A,LGU-run hospitals,"Data_QC Caring Cities Tracker, QC Administrative Data - Health",#N/A,#N/A,14.6860552,121.0890724
102,Batasan Hills,2,"bebu child care solutions, inc.","3, mt. morrison street, filinvest 1, batasan hills, quezon city, ncr, 1126","3, mt. morrison street, filinvest 1, batasan hills, quezon city, ncr, 1126, Philippines",Childcare,Private,Child learning center,"QC Future Ready dashboard, Childcare",7:30AM,5:30PM,14.68094408,121.0921462
103,Batasan Hills,2,Freedom Park 3 & 4,"Fortune St., Brgy. Batasan Hills","Fortune Street, Barangay Batasan Hills, Quezon City, Philippines",Childcare,Public,Child development centers,"Data_QC Caring Cities Tracker, QC Administrative Data - Child",#N/A,#N/A,14.6847203,121.0977359
104,Batasan Hills,2,san antonio de padua catholic school of batasan inc.,"lots 1-c & 1-d, blk 11, san mateo road, batasan hills, quezon city, ncr, 1126","lots 1-c & 1-d, blk 11, san mateo road, batasan hills, quezon city, ncr, 1126, Philippines",Schools,Private,Private school,"QC Future Ready dashboard, Schools",8:00AM,5:00PM,14.68697455,121.1008609
105,Batasan Hills,2,Batasan Hills Super,"2 IBP Road, Brgy. Batasan Hills","2 IBP Road, Barangay Batasan Hills, Quezon City, Philippines",Health centers,#N/A,Health centers,"Data_QC Caring Cities Tracker, QC Administrative Data - Health",#N/A,#N/A,#N/A,#N/A
106,Batasan Hills,2,Quezon City Kabahagi Center For Children With Disabilitites,"Serbisyong Bayan Park, Barangay Batasan Hills, Quezon City","Serbisyong Bayan Park, Barangay Batasan Hills, Quezon City, Philippines",Long-term care and rehabilitation services,#N/A,Quezon City Kabahagi Center For Children With Disabilitites,"Data_QC Caring Cities Tracker, QC LGU Services&Locations",#N/A,#N/A,14.6902313,121.0950281
107,Batasan Hills,2,blh play center,"41, mt. mickinley st., filinvest 1 subd., batasan hills, quezon city, ncr, 1126","41, mt. mickinley Street, filinvest 1 Subdivision, batasan hills, quezon city, ncr, 1126, Philippines",Childcare,Private,Child learning center,"QC Future Ready dashboard, Childcare",9:00AM,11:00AM,14.682023,121.09818
108,Batasan Hills,2,steven&hudson arts and play center,"unit 212, royale place, don antonio drive, batasan hills, quezon city, ncr, 1126","unit 212, royale place, don antonio drive, batasan hills, quezon city, ncr, 1126, Philippines",Long-term care and rehabilitation services,#N/A,Physical/occupational therapy school,"QC Future Ready dashboard, Long-term care and rehabilitation services",9:00AM,5:00PM,14.682023,121.09818
109,Batasan Hills,2,Kalayaan B3,"Lot No. 41-C-3, Kalayaan B St., Brgy. Batasan Hills","Lot 41-C-3, Kalayaan B Street, Barangay Batasan Hills, Quezon City, Philippines",Childcare,Public,Child development centers,"Data_QC Caring Cities Tracker, QC Administrative Data - Child",#N/A,#N/A,14.68877871,121.0929834
110,Batasan Hills,2,Area 3 Sitio Talanay,"Lot 16 Block 26 Ground Floor, Precious Complex, Area 3 Sitio Talanay, Brgy. Batasan Hills","Lot 16 Block 26 Ground Floor, Precious Complex, Area 3 Sitio Talanay, Barangay Batasan Hills, Quezon City, Philippines",Childcare,Public,Child development centers,"Data_QC Caring Cities Tracker, QC Administrative Data - Child",#N/A,#N/A,14.6847203,121.0977359
111,Batasan Hills,2,De Gloria,"De Gloria Taniman Ext. Talanay Area, Brgy. Batasan Hills","De Gloria Taniman Extension Talanay Area, Barangay Batasan Hills, Quezon City, Philippines",Childcare,Public,Child development centers,"Data_QC Caring Cities Tracker, QC Administrative Data - Child",#N/A,#N/A,14.6847203,121.0977359
112,Batasan Hills,2,kumdan jungang christian school inc.,"181, sitio 3, batasan hills, quezon city, ncr, 1126","181, sitio 3, batasan hills, quezon city, ncr, 1126, Philippines",Schools,Private,Private school,"QC Future Ready dashboard, Schools",8:00AM,5:00PM,14.682023,121.09818
113,Bayanihan,3,Bayanihan,"321 Pedro Martinez St. Project 4, Brgy. Bayanihan","321 Pedro Martinez Street Project 4, Barangay Bayanihan, Quezon City, Philippines",Childcare,Public,Child development centers,"Data_QC Caring Cities Tracker, QC Administrative Data - Child",#N/A,#N/A,14.6148139,121.0693191
114,Botocan,4,Botocan,"Brgy. Botocan Brgy. Hall, Makadios St.","Barangay Botocan Barangay Hall, Makadios Street, Quezon City, Philippines",Childcare,Public,Child development centers,"Data_QC Caring Cities Tracker, QC Administrative Data - Child",#N/A,#N/A,14.636646,121.0623611
115,Bungad,1,dmr psychological services inc.,"unit 3a 3rd floor, the west wing building, 107 west avenue, n/a, bungad, quezon city, ncr, 1105","unit 3a 3rd floor, the west wing building, 107 west avenue, n/a, bungad, quezon city, ncr, 1105, Philippines",Long-term care and rehabilitation services,#N/A,Psychological clinic,"QC Future Ready dashboard, Long-term care and rehabilitation services",8:00AM,5:00PM,14.65065522,121.0287362
116,Bungad,1,kolisko waldorf school inc.,"#65, baler st., bungad, quezon city, ncr, 1105","#65, baler Street, bungad, quezon city, ncr, 1105, Philippines",Schools,Private,Private school,"QC Future Ready dashboard, Schools",8:00AM,5:00PM,14.6475426,121.0250859
117,Bungad,1,Bungad I,Sanches St. cor. Supnet St.,"Sanches Street corner Supnet Street, Quezon City, Philippines",Childcare,Public,Child development centers,"Data_QC Caring Cities Tracker, QC Administrative Data - Child",#N/A,#N/A,14.65080978,121.0245226
118,Bungad,1,dmr psychological services,"unit 3b 3/f, west wing bldg, #107 west ave., bungad, quezon city, ncr, 1105","unit 3b 3/f, west wing bldg, #107 west Avenue, bungad, quezon city, ncr, 1105, Philippines",Long-term care and rehabilitation services,#N/A,Psychological clinic,"QC Future Ready dashboard, Long-term care and rehabilitation services",8:00AM,5:00PM,14.65065522,121.0287362
119,Bungad,1,Bungad II,Sanches.St.corner Supnet St.,"Sanches.Streetcorner Supnet Street, Quezon City, Philippines",Childcare,Public,Child development centers,"Data_QC Caring Cities Tracker, QC Administrative Data - Child",#N/A,#N/A,14.65113021,121.0245932
120,Bungad,1,"st. vincent school of quezon city, inc.","99, west ave., bungad, quezon city, ncr, 1105","99, west Avenue, bungad, quezon city, ncr, 1105, Philippines",Schools,Private,Private school,"QC Future Ready dashboard, Schools",8:00AM,5:00PM,14.64949998,121.02858
121,Bungad,1,tiny thinkers learning center inc.,"113, west avenue , bungad, quezon city, ncr, 1105","113, west avenue , bungad, quezon city, ncr, 1105, Philippines",Childcare,Private,Child learning center,"QC Future Ready dashboard, Childcare",8:00AM,5:00PM,14.65154198,121.0289256
122,Bungad,1,cms-asia sports therapy clinic,"#93, mpire center, west ave., bungad, quezon city, ncr, 1104","#93, mpire center, west Avenue, bungad, quezon city, ncr, 1104, Philippines",Long-term care and rehabilitation services,#N/A,Therapeutic clinic,"QC Future Ready dashboard, Long-term care and rehabilitation services",8:00AM,5:00PM,14.65140831,121.0291156
123,Bungad,1,dmr psychological services inc.,"unit 3a 3rd floor, the west wing building, 107 west avenue, n/a, bungad, quezon city, ncr, 1105","unit 3a 3rd floor, the west wing building, 107 west avenue, n/a, bungad, quezon city, ncr, 1105, Philippines",Long-term care and rehabilitation services,#N/A,Psychological clinic,"QC Future Ready dashboard, Long-term care and rehabilitation services",8:00AM,5:00PM,14.65065522,121.0287362
124,Camp Aguinaldo,3,Camp Aguinaldo,"General Lim St., Brgy. Camp Aguinaldo","General Lim Street, Barangay Camp Aguinaldo, Quezon City, Philippines",Childcare,Public,Child development centers,"Data_QC Caring Cities Tracker, QC Administrative Data - Child",#N/A,#N/A,#N/A,#N/A
125,Capri,5,Capri,"Narra St. Area 5, Brgy. Capri, Novaliches","Narra Street Area 5, Barangay Capri, Novaliches, Quezon City, Philippines",Health centers,#N/A,Health centers,"Data_QC Caring Cities Tracker, QC Administrative Data - Health",#N/A,#N/A,14.71659291,121.0291654
126,Capri,5,Champaca,"Barangay Hall Building, Sampaguita St., Area 5","Barangay Hall Building, Sampaguita Street, Area 5, Quezon City, Philippines",Childcare,Public,Child development centers,"Data_QC Caring Cities Tracker, QC Administrative Data - Child",#N/A,#N/A,#N/A,#N/A
127,Capri,5,Narra,"Barangay Hall Building, Sampaguita St., Area 5","Barangay Hall Building, Sampaguita Street, Area 5, Quezon City, Philippines",Childcare,Public,Child development centers,"Data_QC Caring Cities Tracker, QC Administrative Data - Child",#N/A,#N/A,#N/A,#N/A
128,Central,4,psych profile center for psychological assessment services,"unit 401a, balgan place 3, 140 kalayaan avenue, central, quezon city, ncr, 1100","unit 401a, balgan place 3, 140 kalayaan avenue, central, quezon city, ncr, 1100, Philippines",Long-term care and rehabilitation services,#N/A,Psychological clinic,"QC Future Ready dashboard, Long-term care and rehabilitation services",8:00AM,5:00PM,14.64428875,121.0538586
129,Central,4,Kalayaan,#81 Kalayaan Ave. Brgy. Central,"#81 Kalayaan Avenue Barangay Central, Quezon City, Philippines",Childcare,Public,Child development centers,"Data_QC Caring Cities Tracker, QC Administrative Data - Child",#N/A,#N/A,14.64428875,121.0538586
130,Central,4,healot biomekaniks inc.,"first floor, pitahc, matapang, east avenue medical center compound, central, quezon city, ncr, 1100","first floor, pitahc, matapang, east avenue medical center compound, central, quezon city, ncr, 1100, Philippines",Long-term care and rehabilitation services,#N/A,Physical therapy clinic,"QC Future Ready dashboard, Long-term care and rehabilitation services",8:00AM,5:00PM,14.64286712,121.0473656
131,Central,4,neung thai foot and body massage,"18, matalino, central, quezon city, ncr, 1100","18, matalino, central, quezon city, ncr, 1100, Philippines",Long-term care and rehabilitation services,#N/A,Therapeutic clinic,"QC Future Ready dashboard, Long-term care and rehabilitation services",12:00PM,10:00PM,#N/A,#N/A
132,Central,4,Quezon City Yakap,"QC Hall Compound, Brgy. Central (Back of QC Public Library)","QC Hall Compound, Barangay Central (Back of QC Public Library), Quezon City, Philippines",Childcare,Public,Child development centers,"Data_QC Caring Cities Tracker, QC Administrative Data - Child",#N/A,#N/A,#N/A,#N/A
133,Central,4,psych profile center for psychological assessment services,"unit 401a, balgan place 3, 140 kalayaan avenue, central, quezon city, ncr, 1100","unit 401a, balgan place 3, 140 kalayaan avenue, central, quezon city, ncr, 1100, Philippines",Long-term care and rehabilitation services,#N/A,Psychological clinic,"QC Future Ready dashboard, Long-term care and rehabilitation services",8:00AM,5:00PM,14.64428875,121.0538586
134,Central,4,Forestry,BFD Compound Brgy. Central,"BFD Compound Barangay Central, Quezon City, Philippines",Childcare,Public,Child development centers,"Data_QC Caring Cities Tracker, QC Administrative Data - Child",#N/A,#N/A,14.6426348,121.0511412
135,Central,4,Botanical,128 Orchid St. Brgy. Central,"128 Orchid Street Barangay Central, Quezon City, Philippines",Childcare,Public,Child development centers,"Data_QC Caring Cities Tracker, QC Administrative Data - Child",#N/A,#N/A,14.6426348,121.0511412
136,Central,4,Lung Center of the Philippines,"Quezon Avenue, Barangay Central, Diliman","Lung Center of the Philippines Quezon Avenue, Barangay Central, Diliman, Quezon City, Philippines",Health centers,#N/A,National government-owned hospitals,"Data_QC Caring Cities Tracker, QC Administrative Data - Health",#N/A,#N/A,14.6477279,121.0452136
137,Central,4,sisidlan institute inc.,"98, matatag st., central, quezon city, ncr, 1100","98, matatag Street, central, quezon city, ncr, 1100, Philippines",Schools,Private,Private school,"QC Future Ready dashboard, Schools",9:00AM,4:00PM,14.64064408,121.049577
138,Central,4,niño's reading and tutorial services,"room 306 , 3rd floor ,  37 matalino street , central, quezon city, ncr, 1100","room 306 , 3rd floor , 37 matalino street , central, quezon city, ncr, 1100, Philippines",Childcare,Private,Child learning center,"QC Future Ready dashboard, Childcare",8:00AM,5:00PM,14.64471419,121.0505745
139,Claro (Quirino 3-B),3,Claro,"20 Almon St., Brgy. Claro","20 Almon Street, Barangay Claro, Quezon City, Philippines",Childcare,Public,Child development centers,"Data_QC Caring Cities Tracker, QC Administrative Data - Child",#N/A,#N/A,14.63259525,121.0652036
140,Commonwealth,2,enhanced mobility physical therapy clinic,"unit 306 3rd flr., jocfer building, commonwealth avenue, holy spirit, quezon city, ncr, 1127","unit 306 3rd Floor, jocfer building, commonwealth avenue, holy spirit, quezon city, ncr, 1127, Philippines",Long-term care and rehabilitation services,#N/A,Physical therapy clinic,"QC Future Ready dashboard, Long-term care and rehabilitation services",9:00AM,6:00PM,#N/A,#N/A
141,Commonwealth,2,National Government Center Super,"MRB, Phase 1 Pilot Drive, Brgy. Commonwealth","MRB, Phase 1 Pilot Drive, Barangay Commonwealth, Quezon City, Philippines",Health centers,#N/A,Health centers,"Data_QC Caring Cities Tracker, QC Administrative Data - Health",#N/A,#N/A,14.7060131,121.0869798
142,Commonwealth,2,Pinadama,"Pinadama Pilot Drive, Brgy. Commonwealth","Pinadama Pilot Drive, Barangay Commonwealth, Quezon City, Philippines",Childcare,Public,Child development centers,"Data_QC Caring Cities Tracker, QC Administrative Data - Child",#N/A,#N/A,14.7060131,121.0869798
143,Commonwealth,2,diliman educational corporation,"l43 b4, commonwealth ave, matandang balara, quezon city, ncr, 1119","l43 b4, commonwealth ave, matandang balara, quezon city, ncr, 1119, Philippines",Childcare,Private,Child learning center,"QC Future Ready dashboard, Childcare",8:00AM,5:00PM,#N/A,#N/A
144,Commonwealth,2,Unit IV,"Unit IV, Plaza Riverside, Brgy. Commonwealth","Unit IV, Plaza Riverside, Barangay Commonwealth, Quezon City, Philippines",Childcare,Public,Child development centers,"Data_QC Caring Cities Tracker, QC Administrative Data - Child",#N/A,#N/A,14.7060131,121.0869798
145,Commonwealth,2,Don Fabian,"Don Fabian, Brgy. Commonwealth","Don Fabian, Barangay Commonwealth, Quezon City, Philippines",Childcare,Public,Child development centers,"Data_QC Caring Cities Tracker, QC Administrative Data - Child",#N/A,#N/A,14.70305817,121.0826236
146,Commonwealth,2,Upper Nawasa,"Unit VII Upper NAWASA, Brgy. Commonwealth","Unit VII Upper NAWASA, Barangay Commonwealth, Quezon City, Philippines",Childcare,Public,Child development centers,"Data_QC Caring Cities Tracker, QC Administrative Data - Child",#N/A,#N/A,14.7060131,121.0869798
147,Commonwealth,2,"immaculate mother school, quezon city inc.","872, immaculate mother school, quezon city inc., commonwealth avenue, commonwealth, quezon city, ncr, 1121","872, immaculate mother school, quezon city inc., commonwealth avenue, commonwealth, quezon city, ncr, 1121, Philippines",Schools,Private,Private school,"QC Future Ready dashboard, Schools",7:30AM,4:00PM,14.704434,121.084527
148,Commonwealth,2,Gravel Pit,"St. Paulia St., Gravel Pit, Brgy. Commonwealth","Street Paulia Street, Gravel Pit, Barangay Commonwealth, Quezon City, Philippines",Childcare,Public,Child development centers,"Data_QC Caring Cities Tracker, QC Administrative Data - Child",#N/A,#N/A,14.7060131,121.0869798
149,Commonwealth,2,Litex,"Payatas Road corner Bayanihan St., Brgy. Commonwealth","Payatas Road corner Bayanihan Street, Barangay Commonwealth, Quezon City, Philippines",Childcare,Public,Child development centers,"Data_QC Caring Cities Tracker, QC Administrative Data - Child",#N/A,#N/A,#N/A,#N/A
150,Commonwealth,2,National Government Center (NGC) Super Health Center,"MRB, Phase 1 Pilot Drive, Brgy. Commonwealth","MRB, Phase 1 Pilot Drive, Barangay Commonwealth, Quezon City, Philippines",Health centers,#N/A,Health center pharmacy,"Data_QC Caring Cities Tracker, QC Administrative Data - Health",#N/A,#N/A,14.7060131,121.0869798
151,Commonwealth,2,"estar castle integrated school, inc.","1817-a, ecols, commonwealth, quezon city, ncr, 1121","1817-a, ecols, commonwealth, quezon city, ncr, 1121, Philippines",Schools,Private,Private school,"QC Future Ready dashboard, Schools",8:00AM,5:00PM,14.69833896,121.0825353
152,Commonwealth,2,"dakila school foundation, inc.","322, don fabian , commonwealth, quezon city, ncr, 1121","322, don fabian , commonwealth, quezon city, ncr, 1121, Philippines",Schools,Private,Private school,"QC Future Ready dashboard, Schools",8:00AM,5:00PM,14.70305817,121.0826236
153,Commonwealth,2,"estar castle integrated school, inc.","1817-a, ecols, commonwealth, quezon city, ncr, 1121","1817-a, ecols, commonwealth, quezon city, ncr, 1121, Philippines",Schools,Private,Private school,"QC Future Ready dashboard, Schools",8:00AM,5:00PM,14.69833896,121.0825353
154,Commonwealth,2,Lower Nawasa,"Purok 6, Unit 7 Lower NAWASA, Brgy. Commonwealth","Purok 6, Unit 7 Lower NAWASA, Barangay Commonwealth, Quezon City, Philippines",Childcare,Public,Child development centers,"Data_QC Caring Cities Tracker, QC Administrative Data - Child",#N/A,#N/A,14.7060131,121.0869798
155,Commonwealth,2,E. Castillo,"E. Castillo St., Brgy. Commonwealth","E. Castillo Street, Barangay Commonwealth, Quezon City, Philippines",Childcare,Public,Child development centers,"Data_QC Caring Cities Tracker, QC Administrative Data - Child",#N/A,#N/A,14.70031471,121.0845014
156,Commonwealth,2,Gold,"Gold St., near Commonwealth Highschool, Brgy. Commonwealth","Gold Street, near Commonwealth Highschool, Barangay Commonwealth, Quezon City, Philippines",Childcare,Public,Child development centers,"Data_QC Caring Cities Tracker, QC Administrative Data - Child",#N/A,#N/A,#N/A,#N/A
157,Commonwealth,2,Kasunduan,"Ground floor, Kasunduan Multi-purpose Hall, Unit 2, Kasunduan Extension, Brgy. Commonwealth","Ground floor, Kasunduan Multi-purpose Hall, Unit 2, Kasunduan Extension, Barangay Commonwealth, Quezon City, Philippines",Childcare,Public,Child development centers,"Data_QC Caring Cities Tracker, QC Administrative Data - Child",#N/A,#N/A,14.69708145,121.0928213
158,Commonwealth,2,Purok 15,"Purok 15, Pinagnayon St., Brgy. Commonwealth","Purok 15, Pinagnayon Street, Barangay Commonwealth, Quezon City, Philippines",Childcare,Public,Child development centers,"Data_QC Caring Cities Tracker, QC Administrative Data - Child",#N/A,#N/A,#N/A,#N/A
159,Commonwealth,2,shining stars child development tutorial center,"2f - 1c  1d,  pearl drive commercial center , commonwealth ave corner pearl street, fairview, quezon city, ncr, 1118","2f - 1c 1d, pearl drive commercial center , commonwealth ave corner pearl street, fairview, quezon city, ncr, 1118, Philippines",Childcare,Private,Child learning center,"QC Future Ready dashboard, Childcare",8:00AM,5:00PM,#N/A,#N/A
160,Commonwealth,2,Purok 16,"Unit V, Purok 16, Brgy. Commonwealth","Unit V, Purok 16, Barangay Commonwealth, Quezon City, Philippines",Childcare,Public,Child development centers,"Data_QC Caring Cities Tracker, QC Administrative Data - Child",#N/A,#N/A,14.7060131,121.0869798
161,Commonwealth,2,National Government Center Lying-In Clinic,"MRB Compound, Pilot Drive, Brgy. Commonwealth","MRB Compound, Pilot Drive, Barangay Commonwealth, Quezon City, Philippines",Health centers,#N/A,LGU-run lying-in clinics,"Data_QC Caring Cities Tracker, QC Administrative Data - Health",#N/A,#N/A,14.7060131,121.0869798
162,Commonwealth,2,Soliven,"Commonwealth Heights, Soliven St. corner President Quezon St., Brgy. Commonwealth","Commonwealth Heights, Soliven Street corner President Quezon Street, Barangay Commonwealth, Quezon City, Philippines",Childcare,Public,Child development centers,"Data_QC Caring Cities Tracker, QC Administrative Data - Child",#N/A,#N/A,14.70203876,121.0871636
163,Commonwealth,2,high 10 therapy center,"2nd flr., berkeley square, 869 commonwealth ave., matandang balara, quezon city, ncr, 1119","2nd Floor, berkeley square, 869 commonwealth Avenue, matandang balara, quezon city, ncr, 1119, Philippines",Long-term care and rehabilitation services,#N/A,Therapeutic clinic,"QC Future Ready dashboard, Long-term care and rehabilitation services",8:00AM,6:30PM,#N/A,#N/A
164,Commonwealth,2,Unit V,"Ground floor, DCC Paulate Bldg., Bato bato St., Brgy. Commonwealth","Ground floor, DCC Paulate Building, Bato bato Street, Barangay Commonwealth, Quezon City, Philippines",Childcare,Public,Child development centers,"Data_QC Caring Cities Tracker, QC Administrative Data - Child",#N/A,#N/A,#N/A,#N/A
165,Commonwealth,2,Kaunlaran,"Lot 9A, Unit 2, Kaunlaran St., Brgy. Commonwealth","Lot 9A, Unit 2, Kaunlaran Street, Barangay Commonwealth, Quezon City, Philippines",Childcare,Public,Child development centers,"Data_QC Caring Cities Tracker, QC Administrative Data - Child",#N/A,#N/A,14.6989133,121.0897562
166,Commonwealth,2,Commonwealth,"Katuparan St., Brgy. Commonwealth","Katuparan Street, Barangay Commonwealth, Quezon City, Philippines",Health centers,#N/A,Health centers,"Data_QC Caring Cities Tracker, QC Administrative Data - Health",#N/A,#N/A,14.696917,121.088006
167,Commonwealth,2,Purok 12,"Purok 12, Adarna St., Brgy. Commonwealth","Purok 12, Adarna Street, Barangay Commonwealth, Quezon City, Philippines",Childcare,Public,Child development centers,"Data_QC Caring Cities Tracker, QC Administrative Data - Child",#N/A,#N/A,#N/A,#N/A
168,Commonwealth,2,Purok 20,"Unit V, Purok 20, Brgy. Commonwealth","Unit V, Purok 20, Barangay Commonwealth, Quezon City, Philippines",Childcare,Public,Child development centers,"Data_QC Caring Cities Tracker, QC Administrative Data - Child",#N/A,#N/A,14.7060131,121.0869798
169,Commonwealth,2,cambridge children's learning & development inc.,"l9 b176, commonwealth ave., north fairview, quezon city, ncr, 1121","l9 b176, commonwealth Avenue, north fairview, quezon city, ncr, 1121, Philippines",Childcare,Private,Child learning center,"QC Future Ready dashboard, Childcare",8:00AM,5:19AM,#N/A,#N/A
170,Commonwealth,2,common-wealth academy inc.,"#1412, adarna st. unit v , commonwealth, quezon city, ncr, 1121","#1412, adarna Street unit v , commonwealth, quezon city, ncr, 1121, Philippines",Schools,Private,Private school,"QC Future Ready dashboard, Schools",7:00AM,5:00PM,14.699689,121.0765454
171,Culiat,6,Wenceslao Dela Paz (Culiat),"Sta. Felicia St. , San Antonio Homes, Brgy. Culiat","Sta. Felicia Street , San Antonio Homes, Barangay Culiat, Quezon City, Philippines",Health centers,#N/A,Health centers,"Data_QC Caring Cities Tracker, QC Administrative Data - Health",#N/A,#N/A,14.66707415,121.0568763
172,Culiat,6,Metro Heights,"Adelfa Metro Heights, Visayas Ave.","Adelfa Metro Heights, Visayas Avenue, Quezon City, Philippines",Childcare,Public,Child development centers,"Data_QC Caring Cities Tracker, QC Administrative Data - Child",#N/A,#N/A,#N/A,#N/A
173,Culiat,6,"casa de carmel montessori, inc.","47, morning star drive, sanville subdivision, culiat, quezon city, ncr, 1128","47, morning star drive, sanville subdivision, culiat, quezon city, ncr, 1128, Philippines",Schools,Private,Private school,"QC Future Ready dashboard, Schools",7:00AM,7:00PM,14.66417261,121.0472983
174,Culiat,6,Purok I,"251 Purok I, Luzon Avenue","251 Purok I, Luzon Avenue, Quezon City, Philippines",Childcare,Public,Child development centers,"Data_QC Caring Cities Tracker, QC Administrative Data - Child",#N/A,#N/A,#N/A,#N/A
175,Culiat,6,Cenacle Drive,"5A Cenacle Drive, Sitio Mabilog","5A Cenacle Drive, Sitio Mabilog, Quezon City, Philippines",Childcare,Public,Child development centers,"Data_QC Caring Cities Tracker, QC Administrative Data - Child",#N/A,#N/A,14.66607499,121.0471357
176,Damayan,1,Damayan,30 San Vicente St.,"30 San Vicente Street, Quezon City, Philippines",Childcare,Public,Child development centers,"Data_QC Caring Cities Tracker, QC Administrative Data - Child",#N/A,#N/A,14.63880498,121.0142366
177,Damayan,1,San Francisco Super Health Centers,"H. San Francisco St. corner San Vicente St., Brgy. Damayan","H. San Francisco Street corner San Vicente Street, Barangay Damayan, Quezon City, Philippines",Health centers,#N/A,Super health care centers,"Data_QC Caring Cities Tracker, QC Administrative Data - Health",#N/A,#N/A,14.63937238,121.0146712
178,Damayan,1,San Francisco Super,H. Francisco cor. San Vicente St. Brgy Damayan,"H. Francisco corner San Vicente Street Barangay Damayan, Quezon City, Philippines",Health centers,#N/A,Health centers,"Data_QC Caring Cities Tracker, QC Administrative Data - Health",#N/A,#N/A,14.63880498,121.0142366
179,Damayan,1,San Francisco Lying–In Clinic,"H. Francisco St. corner San Vicente St., Brgy. Damayan","H. Francisco Street corner San Vicente Street, Barangay Damayan, Quezon City, Philippines",Health centers,#N/A,LGU-run lying-in clinics,"Data_QC Caring Cities Tracker, QC Administrative Data - Health",#N/A,#N/A,14.63937238,121.0146712
180,Damayang Lagi,4,Damayang Lagi,Block 4 (Chapel) E. Rodriguez Sr. Ave. Brgy. Damayang Lagi,"Block 4 (Chapel) E. Rodriguez Sr. Avenue Barangay Damayang Lagi, Quezon City, Philippines",Childcare,Public,Child development centers,"Data_QC Caring Cities Tracker, QC Administrative Data - Child",#N/A,#N/A,14.6164505,121.022814
181,Del Monte,1,Del Monte,"21 Florencia West SFDM
Multipurpose Hall","21 Florencia West SFDM
Multipurpose Hall, Quezon City, Philippines",Childcare,Public,Child development centers,"Data_QC Caring Cities Tracker, QC Administrative Data - Child",#N/A,#N/A,14.6418077,121.0136298
182,Del Monte,1,Bukal ng Pag-asa,"21 Florencia West SFDM
Multipurpose Hall","21 Florencia West SFDM
Multipurpose Hall, Quezon City, Philippines",Childcare,Public,Child development centers,"Data_QC Caring Cities Tracker, QC Administrative Data - Child",#N/A,#N/A,14.6418077,121.0136298
183,Del Monte,1,ace water health & spa center inc.,"399, del monte ave., manresa, quezon city, ncr, 1115","399, del monte Avenue, manresa, quezon city, ncr, 1115, Philippines",Long-term care and rehabilitation services,#N/A,Therapeutic clinic,"QC Future Ready dashboard, Long-term care and rehabilitation services",8:00AM,5:00PM,#N/A,#N/A
184,Del Monte,1,ab child developmental therapy center,"c4 , srf bldg, 1038, san francisco del monte ave., paraiso, quezon city, ncr, 1104","c4 , srf bldg, 1038, san francisco del monte Avenue, paraiso, quezon city, ncr, 1104, Philippines",Long-term care and rehabilitation services,#N/A,Physical/occupational therapy school,"QC Future Ready dashboard, Long-term care and rehabilitation services",8:00AM,5:00PM,14.64047855,121.0172814
185,Del Monte,1,ace water health & spa center inc.,"399, del monte ave., manresa, quezon city, ncr, 1115","399, del monte Avenue, manresa, quezon city, ncr, 1115, Philippines",Long-term care and rehabilitation services,#N/A,Therapeutic clinic,"QC Future Ready dashboard, Long-term care and rehabilitation services",8:00AM,5:00PM,#N/A,#N/A
186,Dioquino Zobel,3,Dioquino Zobel,"18 Lizardo St. 20th Ave., Brgy. Dioquino Zobel","18 Lizardo Street 20th Avenue, Barangay Dioquino Zobel, Quezon City, Philippines",Childcare,Public,Child development centers,"Data_QC Caring Cities Tracker, QC Administrative Data - Child",#N/A,#N/A,14.61939441,121.0643398
187,Don Manuel,4,Don Manuel,L. Castillo corner Matimyas St. Brgy. Don Manuel,"L. Castillo corner Matimyas Street Barangay Don Manuel, Quezon City, Philippines",Childcare,Public,Child development centers,"Data_QC Caring Cities Tracker, QC Administrative Data - Child",#N/A,#N/A,14.61651458,121.0044445
188,Don Manuel,4,mind specialists school inc.,"152-d, d. tuazon st. , don manuel, quezon city, ncr, 1113","152-d, d. tuazon Street , don manuel, quezon city, ncr, 1113, Philippines",Childcare,Private,Child learning center,"QC Future Ready dashboard, Childcare",6:00AM,7:00PM,14.61621448,121.0054485
189,Doña Aurora,4,Doña Aurora,E. Jacinto St. Brgy. Doña Aurora,"E. Jacinto Street Barangay Doña Aurora, Quezon City, Philippines",Childcare,Public,Child development centers,"Data_QC Caring Cities Tracker, QC Administrative Data - Child",#N/A,#N/A,14.61621067,121.0104831
190,Doña Imelda,4,Palanza,#38 Kapiligan St. Brgy. Doña Imelda,"#38 Kapiligan Street Barangay Doña Imelda, Quezon City, Philippines",Childcare,Public,Child development centers,"Data_QC Caring Cities Tracker, QC Administrative Data - Child",#N/A,#N/A,14.61023701,121.0194223
191,Doña Imelda,4,Kalayaan,"91 Guirayan St., Brgy. Doña Imelda","91 Guirayan Street, Barangay Doña Imelda, Quezon City, Philippines",Health centers,#N/A,Health centers,"Data_QC Caring Cities Tracker, QC Administrative Data - Health",#N/A,#N/A,14.61231666,121.0178328
192,Doña Imelda,4,enst therapeutic clinic,"1, lantawan st. , doña imelda, quezon city, ncr, 1113","1, lantawan Street , doña imelda, quezon city, ncr, 1113, Philippines",Long-term care and rehabilitation services,#N/A,Therapeutic clinic,"QC Future Ready dashboard, Long-term care and rehabilitation services",9:00AM,8:00PM,14.608149,121.0188215
193,Doña Imelda,4,Chamberette Doña Imelda,Chamberette Building Guirayan St. Brgy. Doña Imelda,"Chamberette Building Guirayan Street Barangay Doña Imelda, Quezon City, Philippines",Childcare,Public,Child development centers,"Data_QC Caring Cities Tracker, QC Administrative Data - Child",#N/A,#N/A,14.61231666,121.0178328
194,Doña Imelda,4,enst therapeutic clinic,"1, lantawan st. , doña imelda, quezon city, ncr, 1113","1, lantawan Street , doña imelda, quezon city, ncr, 1113, Philippines",Long-term care and rehabilitation services,#N/A,Therapeutic clinic,"QC Future Ready dashboard, Long-term care and rehabilitation services",9:00AM,8:00PM,14.608149,121.0188215
195,Doña Josefa,4,4ts psychological services,"18, kitanlad st, doña josefa, quezon city, ncr, 1113","18, kitanlad st, doña josefa, quezon city, ncr, 1113, Philippines",Long-term care and rehabilitation services,#N/A,Psychological clinic,"QC Future Ready dashboard, Long-term care and rehabilitation services",8:00AM,5:00PM,14.61905536,121.0065518
196,Doña Josefa,4,discovery den therapy and learning hub inc.,"unit 201, tc plaza no. 40, quezon ave., doña josefa, quezon city, ncr, 1113","unit 201, tc plaza 40, quezon Avenue, doña josefa, quezon city, ncr, 1113, Philippines",Long-term care and rehabilitation services,#N/A,Physical/occupational therapy school,"QC Future Ready dashboard, Long-term care and rehabilitation services",8:00AM,8:00PM,14.62195701,121.006657
197,Doña Josefa,4,Doña Josefa,Brgy. Doña Josefa Brgy. Hall Agno cor. Kitanlad St.,"Barangay Doña Josefa Barangay Hall Agno corner Kitanlad Street, Quezon City, Philippines",Childcare,Public,Child development centers,"Data_QC Caring Cities Tracker, QC Administrative Data - Child",#N/A,#N/A,14.61905536,121.0065518
198,Duyan-duyan,3,Duyan-duyan,"Kamagong St., cor. Kalanatas St., Brgy. Duyan-duyan","Kamagong Street, corner Kalanatas Street, Barangay Duyan-duyan, Quezon City, Philippines",Childcare,Public,Child development centers,"Data_QC Caring Cities Tracker, QC Administrative Data - Child",#N/A,#N/A,14.63025966,121.0666991
199,E. Rodriguez,3,E. Rodriguez Sr.,"181 Ermin Garcia St., Cubao, Brgy. E. Rodriguez Sr.","181 Ermin Garcia Street, Cubao, Barangay E. Rodriguez Sr., Quezon City, Philippines",Childcare,Public,Child development centers,"Data_QC Caring Cities Tracker, QC Administrative Data - Child",#N/A,#N/A,14.6286386,121.0552252
200,E. Rodriguez,3,corexpert physical therapy center,"#1237, e. rodriguez sr. , kristong hari, quezon city, ncr, 1112","#1237, e. rodriguez sr. , kristong hari, quezon city, ncr, 1112, Philippines",Long-term care and rehabilitation services,#N/A,Physical therapy clinic,"QC Future Ready dashboard, Long-term care and rehabilitation services",8:00AM,5:00PM,#N/A,#N/A
201,E. Rodriguez,3,k&m wellness corporation,"unit 101 1706, rimando building ii, e. rodriguez sr. ave., immaculate concepcion, cubao , ncr, 1109","unit 101 1706, rimando building ii, e. rodriguez sr. Avenue, immaculate concepcion, cubao , ncr, 1109, Quezon City, Philippines",Long-term care and rehabilitation services,#N/A,Physical therapy clinic,"QC Future Ready dashboard, Long-term care and rehabilitation services",10:00AM,8:00PM,#N/A,#N/A
202,E. Rodriguez,3,numberninjas co.,"5th flr.u-504, hemady square, 86, dona hemady street, corner e. rodriguez sr.avenue, kristong hari, quezon city, ncr, 1112","5th Flooru-504, hemady square, 86, dona hemady street, corner e. rodriguez sr.avenue, kristong hari, quezon city, ncr, 1112, Philippines",Childcare,Private,Child learning center,"QC Future Ready dashboard, Childcare",10:00AM,6:00PM,#N/A,#N/A
203,E. Rodriguez,3,National Children’s Hospital,"264 E. Rodriguez Sr. Avenue, Quezon City, Philippines","National Children’s Hospital 264 E. Rodriguez Sr. Avenue, Quezon City, Philippines",Health centers,#N/A,National government-owned hospitals,"Data_QC Caring Cities Tracker, QC Administrative Data - Health",#N/A,#N/A,#N/A,#N/A
204,E. Rodriguez,3,progressive minds learning and tutorial center inc.,"# 2, alabama st. cor e. rodriguez sr. ave, kristong hari, quezon city, ncr, 1112","# 2, alabama Street corner e. rodriguez sr. ave, kristong hari, quezon city, ncr, 1112, Philippines",Childcare,Private,Child learning center,"QC Future Ready dashboard, Childcare",8:00AM,5:00PM,#N/A,#N/A
205,East Kamias,3,East Kamias,"65 K 10th St., Brgy. East Kamias","65 K 10th Street, Barangay East Kamias, Quezon City, Philippines",Childcare,Public,Child development centers,"Data_QC Caring Cities Tracker, QC Administrative Data - Child",#N/A,#N/A,14.63200746,121.0579587
206,Escopa 1,3,Escopa,"P. Burgos St., Brgy. Escopa 1","P. Burgos Street, Barangay Escopa 1, Quezon City, Philippines",Health centers,#N/A,Health centers,"Data_QC Caring Cities Tracker, QC Administrative Data - Health",#N/A,#N/A,14.6245297,121.0730494
207,Escopa 1,3,Escopa Sentrong Sigla Health Center,"P. Burgos St., Brgy. Escopa 1","P. Burgos Street, Barangay Escopa 1, Quezon City, Philippines",Health centers,#N/A,Health center pharmacy,"Data_QC Caring Cities Tracker, QC Administrative Data - Health",#N/A,#N/A,14.6245297,121.0730494
208,Escopa 2,3,Escopa 2,"Mapagmahal St., Barangay Hall, Brgy. Escopa 2","Mapagmahal Street, Barangay Hall, Barangay Escopa 2, Quezon City, Philippines",Childcare,Public,Child development centers,"Data_QC Caring Cities Tracker, QC Administrative Data - Child",#N/A,#N/A,#N/A,#N/A
209,Escopa 3,3,Escopa 3A,"P. Burgos PUD Site Bliss, Brgy. Hall Compound, Project 4, Brgy. Escopa 3","P. Burgos PUD Site Bliss, Barangay Hall Compound, Project 4, Barangay Escopa 3, Quezon City, Philippines",Childcare,Public,Child development centers,"Data_QC Caring Cities Tracker, QC Administrative Data - Child",#N/A,#N/A,#N/A,#N/A
210,Escopa 4,3,Escopa 3B,"P. Burgos PUD Site Bliss, Brgy. Hall Compound, Project 4, Brgy. Escopa 3","P. Burgos PUD Site Bliss, Barangay Hall Compound, Project 4, Barangay Escopa 3, Quezon City, Philippines",Childcare,Public,Child development centers,"Data_QC Caring Cities Tracker, QC Administrative Data - Child",#N/A,#N/A,#N/A,#N/A
211,Escopa 4,3,Escopa 4,"Senior Citizen Bldg. Escopa 4 Ibaba, Brgy. Escopa 4","Senior Citizen Building Escopa 4 Ibaba, Barangay Escopa 4, Quezon City, Philippines",Childcare,Public,Child development centers,"Data_QC Caring Cities Tracker, QC Administrative Data - Child",#N/A,#N/A,#N/A,#N/A
212,Fairview,5,"fatima medical science foundation, inc.","block 87, lot 17 & 19, regalado ave., fairview, quezon city, ncr, 1121","block 87, lot 17 & 19, regalado Avenue, fairview, quezon city, ncr, 1121, Philippines",Long-term care and rehabilitation services,#N/A,Rehabilitation clinic,"QC Future Ready dashboard, Long-term care and rehabilitation services",8:00AM,5:00PM,14.70174359,121.0679922
213,Fairview,5,SAPAMANAI,"2nd Floor SAPAMANAI Bldg., Molave St. cor Mahogany St. Brgy Fairview","2nd Floor SAPAMANAI Building, Molave Street corner Mahogany Street Barangay Fairview, Quezon City, Philippines",Childcare,Public,Child development centers,"Data_QC Caring Cities Tracker, QC Administrative Data - Child",#N/A,#N/A,#N/A,#N/A
214,Fairview,5,altiora ability  therapy and education center inc.,"unit b, block 9, lot 1, camaro street corner pearl drive, camaro villa, fairview, quezon city, ncr, 1118","unit b, block 9, lot 1, camaro street corner pearl drive, camaro villa, fairview, quezon city, ncr, 1118, Philippines",Long-term care and rehabilitation services,#N/A,Physical/occupational therapy school,"QC Future Ready dashboard, Long-term care and rehabilitation services",8:00PM,5:00PM,14.7090107,121.0716066
215,Fairview,5,the philippine timothy christian academy of quezon city inc.,"blk 3, lot 1, pearl st., regalado ave., fairview, quezon city, ncr, 1118","blk 3, lot 1, pearl Street, regalado Avenue, fairview, quezon city, ncr, 1118, Philippines",Schools,Private,Private school,"QC Future Ready dashboard, Schools",7:00AM,7:00PM,14.709105,121.0670284
216,Fairview,5,discoveryplayschool day care center,"unit f, doc pau bldg.,, blk 27, lot 26, 73 pontiac st. , fairview, quezon city, ncr, 1118","unit f, doc pau Building, blk 27, lot 26, 73 pontiac Street , fairview, quezon city, ncr, 1118, Philippines",Childcare,Private,Child learning center,"QC Future Ready dashboard, Childcare",7:30AM,7:00PM,14.704475,121.0688301
217,Fairview,5,"eagle rock dialysis & wellness center, inc.","17, dart st. cor. camaro st., fairview park subd., fairview, quezon city, ncr, 1118","17, dart Street corner camaro Street, fairview park Subdivision, fairview, quezon city, ncr, 1118, Philippines",Long-term care and rehabilitation services,#N/A,Therapeutic clinic,"QC Future Ready dashboard, Long-term care and rehabilitation services",8:00AM,5:00PM,14.70524002,121.071575
218,Fairview,5,foot kingdom spa inc.,"ax3 250-252, sm city fairview, quirino highway, corner regalado ave., greater lagro, quezon city, ncr, 1100","ax3 250-252, sm city fairview, quirino highway, corner regalado Avenue, greater lagro, quezon city, ncr, 1100, Philippines",Long-term care and rehabilitation services,#N/A,Therapeutic clinic,"QC Future Ready dashboard, Long-term care and rehabilitation services",10:00AM,10:00PM,#N/A,#N/A
219,Fairview,5,"healing path foundation-hp, inc.","#11, jaguar st., fairview, quezon city, ncr, 1118","#11, jaguar Street, fairview, quezon city, ncr, 1118, Philippines",Long-term care and rehabilitation services,#N/A,Rehabilitation clinic,"QC Future Ready dashboard, Long-term care and rehabilitation services",8:00AM,5:00PM,14.70083642,121.0649416
220,Fairview,5,bethel christian school of  fairview inc.,"366, republic ave., west, fairview, quezon city, ncr, 1118","366, republic Avenue, west, fairview, quezon city, ncr, 1118, Philippines",Schools,Private,Private school,"QC Future Ready dashboard, Schools",8:00AM,5:00PM,#N/A,#N/A
221,Fairview,5,Sitio Urlina,Sitio Urlina Lilac St. Brgy. Fairview,"Sitio Urlina Lilac Street Barangay Fairview, Quezon City, Philippines",Childcare,Public,Child development centers,"Data_QC Caring Cities Tracker, QC Administrative Data - Child",#N/A,#N/A,#N/A,#N/A
222,Fairview,5,Fairview,"Ground floor Vargas Hall, Barangay Hall Complex, Dahlia St., Brgy. Fairview","Ground floor Vargas Hall, Barangay Hall Complex, Dahlia Street, Barangay Fairview, Quezon City, Philippines",Childcare,Public,Child development centers,"Data_QC Caring Cities Tracker, QC Administrative Data - Child",#N/A,#N/A,#N/A,#N/A
223,Fairview,5,Fairview,"Dahlia Avenue, Brgy. Fairview","Dahlia Avenue, Barangay Fairview, Quezon City, Philippines",Health centers,#N/A,Health centers,"Data_QC Caring Cities Tracker, QC Administrative Data - Health",#N/A,#N/A,14.6996186,121.0640358
224,Fairview,5,backinline posture clinics corporation,"ax3 234 upper groundfloor, sm city fairview, quirino hiway corner regalado avenue, greater lagro, quezon city, ncr, 1100","ax3 234 upper groundfloor, sm city fairview, quirino hiway corner regalado avenue, greater lagro, quezon city, ncr, 1100, Philippines",Long-term care and rehabilitation services,#N/A,Physical therapy clinic,"QC Future Ready dashboard, Long-term care and rehabilitation services",10:00AM,9:00PM,#N/A,#N/A
225,Fairview,5,Sitio Kislap,"Sitio Kislap Pearl St, Brgy. Fairview","Sitio Kislap Pearl St, Barangay Fairview, Quezon City, Philippines",Childcare,Public,Child development centers,"Data_QC Caring Cities Tracker, QC Administrative Data - Child",#N/A,#N/A,14.70901131,121.0717224
226,Fairview,5,Sitio Ruby,"Sitio Ruby St. SERNAI East Fairview, Brgy. Fairview","Sitio Ruby Street SERNAI East Fairview, Barangay Fairview, Quezon City, Philippines",Childcare,Public,Child development centers,"Data_QC Caring Cities Tracker, QC Administrative Data - Child",#N/A,#N/A,14.70957411,121.0698836
227,Fairview,5,khameon learning center,"unit 6, blk 4, lot 42, #43 chestnut st. cor. cypress st., fairview, quezon city, ncr, 1118","unit 6, blk 4, lot 42, #43 chestnut Street corner cypress Street, fairview, quezon city, ncr, 1118, Philippines",Childcare,Private,Child learning center,"QC Future Ready dashboard, Childcare",8:00AM,5:00PM,14.69871248,121.0598813
228,Fairview,5,"fatima medical science foundation, inc.","block 87, lot 17 & 19, regalado ave., fairview, quezon city, ncr, 1121","block 87, lot 17 & 19, regalado Avenue, fairview, quezon city, ncr, 1121, Philippines",Long-term care and rehabilitation services,#N/A,Rehabilitation clinic,"QC Future Ready dashboard, Long-term care and rehabilitation services",8:00AM,5:00PM,14.70174359,121.0679922
229,Fairview,5,holy child montessori school of fairview inc.,"b3, l3, paxton st., fairview, quezon city, ncr, 1118","b3, l3, paxton Street, fairview, quezon city, ncr, 1118, Philippines",Schools,Private,Private school,"QC Future Ready dashboard, Schools",8:00AM,4:00PM,14.70949601,121.075834
230,Fairview,5,Sitio RABOSNA,"14 Ruby St Sitio Rabosna, Brgy. Fairview","14 Ruby St Sitio Rabosna, Barangay Fairview, Quezon City, Philippines",Childcare,Public,Child development centers,"Data_QC Caring Cities Tracker, QC Administrative Data - Child",#N/A,#N/A,14.70957411,121.0698836
231,Fairview,5,MMTC,"Basilio St., cor Republic Ave., Brgy. Fairview","Basilio Street, corner Republic Avenue, Barangay Fairview, Quezon City, Philippines",Childcare,Public,Child development centers,"Data_QC Caring Cities Tracker, QC Administrative Data - Child",#N/A,#N/A,#N/A,#N/A
232,Fairview,5,ac biomechanics physical therapy clinic,"unit 210 2/f, regalado hive bldg., regalado ave., fairview, quezon city, ncr, 1118","unit 210 2/f, regalado hive Building, regalado Avenue, fairview, quezon city, ncr, 1118, Philippines",Long-term care and rehabilitation services,#N/A,Physical therapy clinic,"QC Future Ready dashboard, Long-term care and rehabilitation services",9:00AM,7:00PM,14.699643,121.067794
233,Greater Lagro,5,aces aba intervention learning and assessment center,"blk 50, lot 45, noche buena cor. pabasa st., greater lagro, quezon city, ncr, 1100","blk 50, lot 45, noche buena corner pabasa Street, greater lagro, quezon city, ncr, 1100, Philippines",Childcare,Private,Child learning center,"QC Future Ready dashboard, Childcare",8:00AM,5:00PM,#N/A,#N/A
234,Greater Lagro,5,sports health and wellness international inc.,"l38, b57, misa de gallo st, lagro subdivision, greater lagro, quezon city, ncr, 1100","l38, b57, misa de gallo st, lagro subdivision, greater lagro, quezon city, ncr, 1100, Philippines",Long-term care and rehabilitation services,#N/A,Physical therapy clinic,"QC Future Ready dashboard, Long-term care and rehabilitation services",9:00AM,4:00PM,14.727017,121.0654899
235,Greater Lagro,5,creative circle child development house inc.,"blk. 27 lot 17, salawikain st., greater lagro, quezon city, ncr","blk. 27 lot 17, salawikain Street, greater lagro, quezon city, ncr, Philippines",Childcare,Private,Day care center,"QC Future Ready dashboard, Childcare",8:00AM,5:00PM,14.72292231,121.0677252
236,Greater Lagro,5,prime montessori school inc.,"blk 76, lot 67, ascension  avenue, lagro subdivision novaliches, greater lagro, quezon city, ncr, 1100","blk 76, lot 67, ascension avenue, lagro subdivision novaliches, greater lagro, quezon city, ncr, 1100, Philippines",Childcare,Private,Child learning center,"QC Future Ready dashboard, Childcare",8:00AM,5:00PM,14.73243598,121.067502
237,Greater Lagro,5,Greater Lagro I,"1st floor Greater Largo Daycare Center Building, Ascension Rd., Greater Lagro Subd. Brgy. Greater Lagro","1st floor Greater Largo Daycare Center Building, Ascension Road, Greater Lagro Subdivision Barangay Greater Lagro, Quezon City, Philippines",Childcare,Public,Child development centers,"Data_QC Caring Cities Tracker, QC Administrative Data - Child",#N/A,#N/A,#N/A,#N/A
238,Greater Lagro,5,"school of st. anthony, inc.","blk 111 lot 10, 10, mindanao ave., neopolitan 1, greater lagro, quezon city, ncr, 1100","blk 111 lot 10, 10, mindanao Avenue, neopolitan 1, greater lagro, quezon city, ncr, 1100, Philippines",Schools,Private,Private school,"QC Future Ready dashboard, Schools",7:00AM,5:00PM,#N/A,#N/A
239,Greater Lagro,5,Greater Lagro II,"2nd floor Greater Largo Daycare Center Building, Ascension Rd., Greater Lagro Subd. Brgy. Greater Lagro","2nd floor Greater Largo Daycare Center Building, Ascension Road, Greater Lagro Subdivision Barangay Greater Lagro, Quezon City, Philippines",Childcare,Public,Child development centers,"Data_QC Caring Cities Tracker, QC Administrative Data - Child",#N/A,#N/A,#N/A,#N/A
240,Greater Lagro,5,Greater Lagro,"Blk, 47, Lot 1, Ascension Avenue, Brgy. Greater Lagro","Blk, 47, Lot 1, Ascension Avenue, Barangay Greater Lagro, Quezon City, Philippines",Health centers,#N/A,Health centers,"Data_QC Caring Cities Tracker, QC Administrative Data - Health",#N/A,#N/A,14.71452302,121.067183
241,Greater Lagro,5,prime montessori school inc.,"blk 76, lot 67, ascension  avenue, lagro subdivision novaliches, greater lagro, quezon city, ncr, 1100","blk 76, lot 67, ascension avenue, lagro subdivision novaliches, greater lagro, quezon city, ncr, 1100, Philippines",Childcare,Private,Child learning center,"QC Future Ready dashboard, Childcare",8:00AM,5:00PM,14.73243598,121.067502
242,Greater Lagro,5,Greater Lagro Health Center,"Blk, 47, Lot 1, Ascension Avenue, Brgy. Greater Lagro","Blk, 47, Lot 1, Ascension Avenue, Barangay Greater Lagro, Quezon City, Philippines",Health centers,#N/A,Health center pharmacy,"Data_QC Caring Cities Tracker, QC Administrative Data - Health",#N/A,#N/A,14.71452302,121.067183
243,Greater Lagro,5,aces aba intervention learning and assessment center,"blk 50, lot 45, noche buena cor. pabasa st., greater lagro, quezon city, ncr, 1100","blk 50, lot 45, noche buena corner pabasa Street, greater lagro, quezon city, ncr, 1100, Philippines",Childcare,Private,Child learning center,"QC Future Ready dashboard, Childcare",8:00AM,5:00PM,#N/A,#N/A
244,Gulod,5,vtr ventures inc.,"bldg 4 doors 1 & 16-17, del nacia bldg.,, forest hill drive, gulod, quezon city, ncr, 1117","bldg 4 doors 1 & 16-17, del nacia Building, forest hill drive, gulod, quezon city, ncr, 1117, Philippines",Long-term care and rehabilitation services,#N/A,Physical/occupational therapy school,"QC Future Ready dashboard, Long-term care and rehabilitation services",8:00AM,5:00PM,14.71633229,121.0421831
245,Gulod,5,prime care physiotherapy and rehabilitation center co.,"793, novaliches general hospital, quirino highway, gulod, quezon city, ncr, 1117","793, novaliches general hospital, quirino highway, gulod, quezon city, ncr, 1117, Philippines",Long-term care and rehabilitation services,#N/A,Physical therapy clinic,"QC Future Ready dashboard, Long-term care and rehabilitation services",9:00AM,5:00PM,14.709474,121.0390468
246,Gulod,5,Villareal,"3rd floor Old Barangay Hall Building, Quirino Highway, Brgy. Gulod","3rd floor Old Barangay Hall Building, Quirino Highway, Barangay Gulod, Quezon City, Philippines",Childcare,Public,Child development centers,"Data_QC Caring Cities Tracker, QC Administrative Data - Child",#N/A,#N/A,14.71350568,121.0401028
247,Gulod,5,Don Crispulo,"Bering St. cor Don Crispulo Street, Area V, Brgy. Gulod","Bering Street corner Don Crispulo Street, Area V, Barangay Gulod, Quezon City, Philippines",Childcare,Public,Child development centers,"Data_QC Caring Cities Tracker, QC Administrative Data - Child",#N/A,#N/A,14.71150515,121.045224
248,Gulod,5,Nitang,# 47 Nitang Avenue Brgy Gulod,"# 47 Nitang Avenue Barangay Gulod, Quezon City, Philippines",Childcare,Public,Child development centers,"Data_QC Caring Cities Tracker, QC Administrative Data - Child",#N/A,#N/A,14.71295602,121.042349
249,Gulod,5,POCC (Holy Trinity),"Nenita Extn. POCC Compound Area VI, Brgy. Gulod","Nenita Extension POCC Compound Area VI, Barangay Gulod, Quezon City, Philippines",Childcare,Public,Child development centers,"Data_QC Caring Cities Tracker, QC Administrative Data - Child",#N/A,#N/A,14.7134709,121.0402729
250,Gulod,5,"holy child academy, inc.","10, london drive, gulod, quezon city, ncr, 1117","10, london drive, gulod, quezon city, ncr, 1117, Philippines",Schools,Private,Private school,"QC Future Ready dashboard, Schools",6:00AM,5:00PM,14.7166679,121.0393972
251,Gulod,5,Joan of Arc,"2nd Floor HOA Bldg., Victoria St. Joan of Arc, Brgy. Gulod","2nd Floor HOA Building, Victoria Street Joan of Arc, Barangay Gulod, Quezon City, Philippines",Childcare,Public,Child development centers,"Data_QC Caring Cities Tracker, QC Administrative Data - Child",#N/A,#N/A,#N/A,#N/A
252,Gulod,5,Florentina,"Interior Florentina St. Castro Compound, Brgy. Gulod","Interior Florentina Street Castro Compound, Barangay Gulod, Quezon City, Philippines",Childcare,Public,Child development centers,"Data_QC Caring Cities Tracker, QC Administrative Data - Child",#N/A,#N/A,14.71014024,121.0433474
253,Gulod,5,Gulod,"#47 Villaflor Village, Brgy. Gulod","#47 Villaflor Village, Barangay Gulod, Quezon City, Philippines",Health centers,#N/A,Health centers,"Data_QC Caring Cities Tracker, QC Administrative Data - Health",#N/A,#N/A,14.7119571,121.0385017
254,Gulod,5,Golden HOA I,"Ground flr. Golden HOA Livelihood Center Building, Golden HOA Area, Brgy Gulod","Ground Floor Golden HOA Livelihood Center Building, Golden HOA Area, Barangay Gulod, Quezon City, Philippines",Childcare,Public,Child development centers,"Data_QC Caring Cities Tracker, QC Administrative Data - Child",#N/A,#N/A,14.7134709,121.0402729
255,Holy Spirit,2,Betty Go Belmonte Super,"2nd Flr. 12 Artillery Road, Brgy. Holy Spirit","2nd Floor 12 Artillery Road, Barangay Holy Spirit, Quezon City, Philippines",Health centers,#N/A,Health centers,"Data_QC Caring Cities Tracker, QC Administrative Data - Health",#N/A,#N/A,14.6821557,121.0785305
256,Holy Spirit,2,Kasiyahan,"Kasiyahan Covered Court, Brgy. Holy Spirit","Kasiyahan Covered Court, Barangay Holy Spirit, Quezon City, Philippines",Childcare,Public,Child development centers,"Data_QC Caring Cities Tracker, QC Administrative Data - Child",#N/A,#N/A,14.683899,121.076458
257,Holy Spirit,2,hoscomco academy inc.,"blk. 6, lot 20, faustino st., isidora hills, holy spirit, quezon city, ncr, 1127","blk. 6, lot 20, faustino Street, isidora hills, holy spirit, quezon city, ncr, 1127, Philippines",Schools,Private,Private school,"QC Future Ready dashboard, Schools",8:00AM,5:00PM,14.68360549,121.076752
258,Holy Spirit,2,Betty Go Belmonte Lying–In Clinic,"Artillery Road, Garcia Heights, Brgy. Holy Spirit","Artillery Road, Garcia Heights, Barangay Holy Spirit, Quezon City, Philippines",Health centers,#N/A,LGU-run lying-in clinics,"Data_QC Caring Cities Tracker, QC Administrative Data - Health",#N/A,#N/A,14.6821557,121.0785305
259,Holy Spirit,2,Bahay Aruga for Abandoned Elderly,"YWCA Building, Don Victorino Street in Don Antonio Heights, Barangay Holy Spirit, Quezon City","YWCA Building, Don Victorino Street in Don Antonio Heights, Barangay Holy Spirit, Quezon City, Philippines",Older persons care,#N/A,Bahay Aruga for Abandoned Elderly,"Data_QC Caring Cities Tracker, QC LGU Services&Locations",#N/A,#N/A,14.6821557,121.0785305
260,Holy Spirit,2,Sto. Niño,"Side of Sto. Niño Covered Court, Brgy. Holy Spirit","Side of Sto. Niño Covered Court, Barangay Holy Spirit, Quezon City, Philippines",Childcare,Public,Child development centers,"Data_QC Caring Cities Tracker, QC Administrative Data - Child",#N/A,#N/A,14.6915137,121.0798184
261,Holy Spirit,2,Veterans,"6 Faustino St., Brgy Holy Spirit","6 Faustino Street, Barangay Holy Spirit, Quezon City, Philippines",Health centers,#N/A,Health centers,"Data_QC Caring Cities Tracker, QC Administrative Data - Health",#N/A,#N/A,14.68381281,121.0764422
262,Holy Spirit,2,Mapayapa,"Area 7 Nawasa Line, Brgy. Holy Spirit","Area 7 Nawasa Line, Barangay Holy Spirit, Quezon City, Philippines",Childcare,Public,Child development centers,"Data_QC Caring Cities Tracker, QC Administrative Data - Child",#N/A,#N/A,14.6821557,121.0785305
263,Holy Spirit,2,Betty Go Belmonte Super Health Centers,"2nd Floor, 12 Artillery Road Brgy. Holy Spirit","2nd Floor, 12 Artillery Road Barangay Holy Spirit, Quezon City, Philippines",Health centers,#N/A,Super health care centers,"Data_QC Caring Cities Tracker, QC Administrative Data - Health",#N/A,#N/A,14.6821557,121.0785305
264,Holy Spirit,2,Zebra,"San Simon St. (back of Brgy. Annex), Brgy. Holy Spirit","San Simon Street (back of Barangay Annex), Barangay Holy Spirit, Quezon City, Philippines",Childcare,Public,Child development centers,"Data_QC Caring Cities Tracker, QC Administrative Data - Child",#N/A,#N/A,14.6898722,121.0849414
265,Holy Spirit,2,Betty Go-Belmonte Super Health Center,"2nd Flr. 12 Artillery Road, Brgy. Holy Spirit","2nd Floor 12 Artillery Road, Barangay Holy Spirit, Quezon City, Philippines",Health centers,#N/A,Health center pharmacy,"Data_QC Caring Cities Tracker, QC Administrative Data - Health",#N/A,#N/A,14.6821557,121.0785305
266,Holy Spirit,2,Sto. Domingo,"Republic Chapel (inside the gate), Brgy. Holy Spirit","Republic Chapel (inside the gate), Barangay Holy Spirit, Quezon City, Philippines",Childcare,Public,Child development centers,"Data_QC Caring Cities Tracker, QC Administrative Data - Child",#N/A,#N/A,14.6821557,121.0785305
267,Holy Spirit,2,St. Catherine,"St. Catherine St., Brgy. Holy Spirit","Street Catherine Street, Barangay Holy Spirit, Quezon City, Philippines",Childcare,Public,Child development centers,"Data_QC Caring Cities Tracker, QC Administrative Data - Child",#N/A,#N/A,#N/A,#N/A
268,Holy Spirit,2,Kaligtasan,"120 Don Vicente Kaligtasan St., Brgy. Holy Spirit","120 Don Vicente Kaligtasan Street, Barangay Holy Spirit, Quezon City, Philippines",Childcare,Public,Child development centers,"Data_QC Caring Cities Tracker, QC Administrative Data - Child",#N/A,#N/A,14.67707351,121.0775547
269,Holy Spirit,2,christian family centre school foundation inc.,"58, sto domingo, holy spirit, quezon city, ncr, 1127","58, sto domingo, holy spirit, quezon city, ncr, 1127, Philippines",Schools,Private,Private school,"QC Future Ready dashboard, Schools",8:00AM,5:00PM,14.68743899,121.085391
270,Holy Spirit,2,Barangay Complex,"Don Faustino St., (inside Barangay Hall compound) Brgy. Holy Spirit","Don Faustino Street, (inside Barangay Hall compound) Barangay Holy Spirit, Quezon City, Philippines",Childcare,Public,Child development centers,"Data_QC Caring Cities Tracker, QC Administrative Data - Child",#N/A,#N/A,14.6821557,121.0785305
271,Holy Spirit,2,three g playhub and therapy center,"unit 3-b , no. 70 holy spirit drive cor. paraluman st., isidora hills, holy spirit, quezon city, ncr, 1127","unit 3-b , 70 holy spirit drive corner paraluman Street, isidora hills, holy spirit, quezon city, ncr, 1127, Philippines",Long-term care and rehabilitation services,#N/A,Physical therapy clinic,"QC Future Ready dashboard, Long-term care and rehabilitation services",8:00AM,6:00PM,14.68348449,121.0781116
272,Holy Spirit,2,Holy Spirit,"373 Sta. Catalina St., Brgy. Holy Spirit","373 Sta. Catalina Street, Barangay Holy Spirit, Quezon City, Philippines",Health centers,#N/A,Health centers,"Data_QC Caring Cities Tracker, QC Administrative Data - Health",#N/A,#N/A,14.68943799,121.083765
273,Horseshoe,4,Horseshoe,"Brgy. Horsehoe Bgy. Hall, Sunset Drive","Barangay Horsehoe Barangay Hall, Sunset Drive, Quezon City, Philippines",Childcare,Public,Child development centers,"Data_QC Caring Cities Tracker, QC Administrative Data - Child",#N/A,#N/A,14.61102843,121.0433513
274,Immaculate Concepcion,4,F. Manalo,F. Manalo St. Brgy. Immaculate Concepcion,"F. Manalo Street Barangay Immaculate Concepcion, Quezon City, Philippines",Childcare,Public,Child development centers,"Data_QC Caring Cities Tracker, QC Administrative Data - Child",#N/A,#N/A,14.622284,121.048552
275,Immaculate Concepcion,4,Hillcrest,"Hillcrest St., Cubao (sidewalk) Brgy. Immaculate Concepcion","Hillcrest Street, Cubao (sidewalk) Barangay Immaculate Concepcion, Quezon City, Philippines",Childcare,Public,Child development centers,"Data_QC Caring Cities Tracker, QC Administrative Data - Child",#N/A,#N/A,14.62413548,121.0404923
276,Immaculate Concepcion,4,cubbie play and learning center,"unit 201, redgold building, 1840 e.rodriguez sr. ave., immaculate concepcion, quezon city, ncr, 1111","unit 201, redgold building, 1840 e.rodriguez sr. Avenue, immaculate concepcion, quezon city, ncr, 1111, Philippines",Childcare,Private,Child learning center,"QC Future Ready dashboard, Childcare",8:00AM,5:00PM,14.6222,121.045
277,Immaculate Concepcion,4,brain master diagnostic center,"unit 6 g/f, corner complex bldg. , 12 new york ave., cubao, immaculate concepcion, quezon city, ncr, 1111","unit 6 g/f, corner complex Building , 12 new york Avenue, cubao, immaculate concepcion, quezon city, ncr, 1111, Philippines",Long-term care and rehabilitation services,#N/A,Psychological clinic,"QC Future Ready dashboard, Long-term care and rehabilitation services",8:00AM,5:00PM,#N/A,#N/A
278,Kaligayahan,5,Mockingbird,"Barangay Kaligayahan Hall, Mockingbird St. Zabarte Subd., Brgy. Kaligayahan","Barangay Kaligayahan Hall, Mockingbird Street Zabarte Subdivision, Barangay Kaligayahan, Quezon City, Philippines",Childcare,Public,Child development centers,"Data_QC Caring Cities Tracker, QC Administrative Data - Child",#N/A,#N/A,14.73752546,121.0519651
279,Kaligayahan,5,Tawid Sapa II,"Zone 1 cor. Sampalucan St., Tawid Sapa, Brgy. Kaligayahan","Zone 1 corner Sampalucan Street, Tawid Sapa, Barangay Kaligayahan, Quezon City, Philippines",Childcare,Public,Child development centers,"Data_QC Caring Cities Tracker, QC Administrative Data - Child",#N/A,#N/A,14.7271887,121.0444338
280,Kaligayahan,5,Tawid Sapa I,"Blk. 10 Phase 1, Kalinga Tawid Sapa, Brgy. Kaligayahan","Blk. 10 Phase 1, Kalinga Tawid Sapa, Barangay Kaligayahan, Quezon City, Philippines",Childcare,Public,Child development centers,"Data_QC Caring Cities Tracker, QC Administrative Data - Child",#N/A,#N/A,14.7271887,121.0444338
281,Kaligayahan,5,Bistekville 2,"1st Flr Bistekville II Multi-Purpose Hall Building, Brgy. Kaligayahan","1st Flr Bistekville II Multi-Purpose Hall Building, Barangay Kaligayahan, Quezon City, Philippines",Childcare,Public,Child development centers,"Data_QC Caring Cities Tracker, QC Administrative Data - Child",#N/A,#N/A,14.7271887,121.0444338
282,Kaligayahan,5,mobilitypro physical therapy clinic,"4th floor rm. 4 and 5, tobit bldg, zabarte road, kaligayahan, quezon city, ncr, 1124","4th floor Room 4 and 5, tobit bldg, zabarte road, kaligayahan, quezon city, ncr, 1124, Philippines",Long-term care and rehabilitation services,#N/A,Physical therapy clinic,"QC Future Ready dashboard, Long-term care and rehabilitation services",9:00AM,6:00PM,14.73724348,121.0474823
283,Kaligayahan,5,mobilitypro physical therapy clinic,"4th floor rm. 4 and 5, tobit bldg, zabarte road, kaligayahan, quezon city, ncr, 1124","4th floor Room 4 and 5, tobit bldg, zabarte road, kaligayahan, quezon city, ncr, 1124, Philippines",Long-term care and rehabilitation services,#N/A,Physical therapy clinic,"QC Future Ready dashboard, Long-term care and rehabilitation services",9:00AM,6:00PM,14.73724348,121.0474823
284,Kaligayahan,5,cudiamat medical corp.,"jdc building, blk. 5, lot 9, zabarte road , hobart village, kaligayahan, quezon city, ncr, 1124","jdc building, blk. 5, lot 9, zabarte road , hobart village, kaligayahan, quezon city, ncr, 1124, Philippines",Long-term care and rehabilitation services,#N/A,Physical therapy clinic,"QC Future Ready dashboard, Long-term care and rehabilitation services",9:00AM,6:00PM,14.7360599,121.0476525
285,Kaligayahan,5,Kaligayahan,"58 Kingfisher St., Zabarte Subd.,, Brgy. Kaligayahan","58 Kingfisher Street, Zabarte Subdivision, Barangay Kaligayahan, Quezon City, Philippines",Health centers,#N/A,Health centers,"Data_QC Caring Cities Tracker, QC Administrative Data - Health",#N/A,#N/A,14.73453941,121.0500914
286,Kaligayahan,5,Junji,"Junji Street, Rolling Hills Western Village, Brgy. Kaligayahan","Junji Street, Rolling Hills Western Village, Barangay Kaligayahan, Quezon City, Philippines",Childcare,Public,Child development centers,"Data_QC Caring Cities Tracker, QC Administrative Data - Child",#N/A,#N/A,14.73240967,121.0506567
287,Kaligayahan,5,Kingfisher,Kingfisher St. Zabarte Subd. Brgy. Kaligayahan (beside Kaligayahan Health Center),"Kingfisher Street Zabarte Subdivision Barangay Kaligayahan (beside Kaligayahan Health Center), Quezon City, Philippines",Childcare,Public,Child development centers,"Data_QC Caring Cities Tracker, QC Administrative Data - Child",#N/A,#N/A,14.73453941,121.0500914
288,Kalusugan,4,"st. joseph's college of quezon city, inc.","295, e rodriguez sr. ave, kalusugan, quezon city, ncr, 1124","295, e rodriguez sr. ave, kalusugan, quezon city, ncr, 1124, Philippines",Schools,Private,Private school,"QC Future Ready dashboard, Schools",8:00AM,5:00PM,14.62228541,121.0256057
289,Kamuning,4,Kamuning,"Bgy. Hall, #113 Kamuning Rd. Brgy. Kamuning","Barangay Hall, #113 Kamuning Road Barangay Kamuning, Quezon City, Philippines",Childcare,Public,Child development centers,"Data_QC Caring Cities Tracker, QC Administrative Data - Child",#N/A,#N/A,14.63018301,121.043739
290,Kamuning,4,gcr psychometrics center,"unit 303, jp yambao bldg, #52 kamuning road, kamuning, quezon city, ncr, 1103","unit 303, jp yambao bldg, #52 kamuning road, kamuning, quezon city, ncr, 1103, Philippines",Long-term care and rehabilitation services,#N/A,Psychological clinic,"QC Future Ready dashboard, Long-term care and rehabilitation services",8:00AM,5:00PM,14.6283386,121.0379957
291,Kamuning,4,Kamuning Super Health Centers,"19 T. Gener St. corner K5th St., Brgy. Kamuning","19 T. Gener Street corner K5th Street, Barangay Kamuning, Quezon City, Philippines",Health centers,#N/A,Super health care centers,"Data_QC Caring Cities Tracker, QC Administrative Data - Health",#N/A,#N/A,14.62611929,121.0369858
292,Kamuning,4,Kamuning Super,"2nd Flr., 19 T. Gener St. cor. K-5th St., Brgy. Kamuning","2nd Floor, 19 T. Gener Street corner K-5th Street, Barangay Kamuning, Quezon City, Philippines",Health centers,#N/A,Health centers,"Data_QC Caring Cities Tracker, QC Administrative Data - Health",#N/A,#N/A,14.62637994,121.0368966
293,Kamuning,4,Kamuning Lying–In Clinic,"19 T. Gener St. corner K5th St., Brgy. Kamuning","19 T. Gener Street corner K5th Street, Barangay Kamuning, Quezon City, Philippines",Health centers,#N/A,LGU-run lying-in clinics,"Data_QC Caring Cities Tracker, QC Administrative Data - Health",#N/A,#N/A,14.62611929,121.0369858
294,Katipunan,1,"holy child academy, inc","blk. 20, lot 1, #21 king ferdinand st. cor. katipunan ave, kingspoint subd., bagbag, quezon city, ncr, 1116","blk. 20, lot 1, #21 king ferdinand Street corner katipunan ave, kingspoint Subdivision, bagbag, quezon city, ncr, 1116, Philippines",Schools,Private,Private school,"QC Future Ready dashboard, Schools",6:00AM,5:00PM,#N/A,#N/A
295,Katipunan,1,Katipunan,E. Beltran St.,"E. Beltran Street, Quezon City, Philippines",Childcare,Public,Child development centers,"Data_QC Caring Cities Tracker, QC Administrative Data - Child",#N/A,#N/A,14.65645531,121.018017
296,Katipunan,1,little lane therapy corp.,"134, katipunan ave., st. ignatius, quezon city, ncr, 1110","134, katipunan Avenue, Street ignatius, quezon city, ncr, 1110, Philippines",Long-term care and rehabilitation services,#N/A,Physical/occupational therapy school,"QC Future Ready dashboard, Long-term care and rehabilitation services",9:00AM,5:00PM,#N/A,#N/A
297,Katipunan,1,"holy child academy, inc","blk. 20, lot 1, #21 king ferdinand st. cor. katipunan ave, kingspoint subd., bagbag, quezon city, ncr, 1116","blk. 20, lot 1, #21 king ferdinand Street corner katipunan ave, kingspoint Subdivision, bagbag, quezon city, ncr, 1116, Philippines",Schools,Private,Private school,"QC Future Ready dashboard, Schools",6:00AM,5:00PM,#N/A,#N/A
298,Katipunan,1,os habitares corp.,"2nd flr linear bldg., no. 142 katipunan ave, st. ignatius, quezon city, ncr, 1110","2nd flr linear Building, 142 katipunan ave, Street ignatius, quezon city, ncr, 1110, Philippines",Long-term care and rehabilitation services,#N/A,Rehabilitation clinic | physical therapy clinic,"QC Future Ready dashboard, Long-term care and rehabilitation services",8:00AM,5:00PM,#N/A,#N/A
299,Katipunan,1,"miriam college foundation, inc.","katipunan ave., loyola heights, quezon city, ncr, 1108","katipunan Avenue, loyola heights, quezon city, ncr, 1108, Philippines",Schools,Private,Private school,"QC Future Ready dashboard, Schools",8:00AM,6:00PM,#N/A,#N/A
300,Katipunan,1,physioprime physiotherapy services,"b41 l1 elizabeth hall, katipunan avenue, loyola heights, quezon city, ncr, 1108","b41 l1 elizabeth hall, katipunan avenue, loyola heights, quezon city, ncr, 1108, Philippines",Long-term care and rehabilitation services,#N/A,Physical therapy clinic,"QC Future Ready dashboard, Long-term care and rehabilitation services",9:00AM,6:00PM,#N/A,#N/A
301,Katipunan,1,learning playcare corp.,"3-a  3rd floor , linear building, 142 katipunan avenue, st. ignatius, quezon city, ncr, 1110","3-a 3rd floor , linear building, 142 katipunan avenue, Street ignatius, quezon city, ncr, 1110, Philippines",Childcare,Private,Day care center,"QC Future Ready dashboard, Childcare",9:00AM,6:00PM,#N/A,#N/A
302,Katipunan,1,smartyville learning center,"unit 14  2nd floor , gtr bldg , no. 2 katipunan ave  corner king ferdinand st, kings point subdivision , bagbag, quezon city, ncr, 1116","unit 14 2nd floor , gtr bldg , 2 katipunan ave corner king ferdinand st, kings point subdivision , bagbag, quezon city, ncr, 1116, Philippines",Childcare,Private,Child learning center,"QC Future Ready dashboard, Childcare",8:00AM,5:00PM,#N/A,#N/A
303,Kaunlaran,4,Planas Site,Planas Site III St. Brgy. Kaunlaran,"Planas Site III Street Barangay Kaunlaran, Quezon City, Philippines",Childcare,Public,Child development centers,"Data_QC Caring Cities Tracker, QC Administrative Data - Child",#N/A,#N/A,#N/A,#N/A
304,Kaunlaran,4,Cubao,"22 Mayor Ignacio Diaz St., Brgy. Kaunlaran","22 Mayor Ignacio Diaz Street, Barangay Kaunlaran, Quezon City, Philippines",Health centers,#N/A,Health centers,"Data_QC Caring Cities Tracker, QC Administrative Data - Health",#N/A,#N/A,14.61691948,121.0458208
305,Kaunlaran,4,walkie talkie therapy center inc.,"762, aurora blvd. cor. manga road, kaunlaran, quezon city, ncr, 1111","762, aurora Boulevard corner manga road, kaunlaran, quezon city, ncr, 1111, Philippines",Long-term care and rehabilitation services,#N/A,Physical therapy clinic,"QC Future Ready dashboard, Long-term care and rehabilitation services",2:06PM,2:06PM,#N/A,#N/A
306,Kaunlaran,4,venus aesthetic inc.,"retail c7 c8 & c9, the magnolia residences, aurora blvd. cor. hemady st. cor. n. domingo st., kaunlaran, quezon city, ncr, 1111","retail c7 c8 & c9, the magnolia residences, aurora Boulevard corner hemady Street corner n. domingo Street, kaunlaran, quezon city, ncr, 1111, Philippines",Long-term care and rehabilitation services,#N/A,Therapeutic clinic,"QC Future Ready dashboard, Long-term care and rehabilitation services",9:00AM,9:00PM,#N/A,#N/A
307,Kristong Hari,4,Kristong Hari,"Broadway, Brgy. Kristong Hari","Broadway, Barangay Kristong Hari, Quezon City, Philippines",Childcare,Public,Child development centers,"Data_QC Caring Cities Tracker, QC Administrative Data - Child",#N/A,#N/A,14.624589,121.025335
308,Kristong Hari,4,cascades hiraya school inc.,"#74 unit 6-8 ground floor, creekside square building, tomas morato ave., kristong hari, quezon city, ncr, 1112","#74 unit 6-8 ground floor, creekside square building, tomas morato Avenue, kristong hari, quezon city, ncr, 1112, Philippines",Childcare,Private,Child learning center,"QC Future Ready dashboard, Childcare",8:00AM,5:00AM,14.6258863,121.0334166
309,Kristong Hari,4,p47 physiotherapy center,"unit 303-304 3rd flr., hemady square,  #86 doña hemady st. cor. e. rodriguez st. ave., kristong hari, quezon city, ncr, 1112","unit 303-304 3rd Floor, hemady square, #86 doña hemady Street corner e. rodriguez Street Avenue, kristong hari, quezon city, ncr, 1112, Philippines",Long-term care and rehabilitation services,#N/A,Physical therapy clinic,"QC Future Ready dashboard, Long-term care and rehabilitation services",10:00PM,7:00PM,14.62399008,121.031502
310,Krus na Ligas,4,Kabalitang,Kabalitang St. Brgy. Krus Na Ligas,"Kabalitang Street Barangay Krus Na Ligas, Quezon City, Philippines",Childcare,Public,Child development centers,"Data_QC Caring Cities Tracker, QC Administrative Data - Child",#N/A,#N/A,14.64290244,121.0616173
311,Krus na Ligas,4,Krus na Ligas,"89 Lt. J. Francisco, Brgy. Krus na Ligas","89 Lt. J. Francisco, Barangay Krus na Ligas, Quezon City, Philippines",Health centers,#N/A,Health centers,"Data_QC Caring Cities Tracker, QC Administrative Data - Health",#N/A,#N/A,14.6456416,121.0619637
312,Krus na Ligas,4,Krus na Ligas Health Center,"89 Lt. J. Francisco, Brgy. Krus na Ligas","89 Lt. J. Francisco, Barangay Krus na Ligas, Quezon City, Philippines",Health centers,#N/A,Health center pharmacy,"Data_QC Caring Cities Tracker, QC Administrative Data - Health",#N/A,#N/A,14.6456416,121.0619637
313,Krus na Ligas,4,KNL-CDO,V. Francisco St. (beside KNL High School) Brgy. Krus Na Ligas,"V. Francisco Street (beside KNL High School) Barangay Krus Na Ligas, Quezon City, Philippines",Childcare,Public,Child development centers,"Data_QC Caring Cities Tracker, QC Administrative Data - Child",#N/A,#N/A,14.6456416,121.0619637
314,Krus na Ligas,4,Sitio Lambak,Flores St. Brgy. Krus Na Ligas,"Flores Street Barangay Krus Na Ligas, Quezon City, Philippines",Childcare,Public,Child development centers,"Data_QC Caring Cities Tracker, QC Administrative Data - Child",#N/A,#N/A,14.64095458,121.0634213
315,Laging Handa,4,movement lab health and wellness center corporation,"2-2d 2nd floor  , torre venezia condominium, 170 timog avenue cor. sct santiago st, laging handa, quezon city, ncr, 1103","2-2d 2nd floor , torre venezia condominium, 170 timog avenue corner sct santiago st, laging handa, quezon city, ncr, 1103, Philippines",Long-term care and rehabilitation services,#N/A,Physical therapy clinic,"QC Future Ready dashboard, Long-term care and rehabilitation services",8:00AM,10:00PM,#N/A,#N/A
316,Laging Handa,4,primocare therapy center,"space 2 & 3 3/f, scout center bldg., 38 scout limbaga cor. 55 scout tobias, laging handa, quezon city, ncr, 1103","space 2 & 3 3/f, scout center Building, 38 scout limbaga corner 55 scout tobias, laging handa, quezon city, ncr, 1103, Philippines",Long-term care and rehabilitation services,#N/A,Physical therapy clinic,"QC Future Ready dashboard, Long-term care and rehabilitation services",8:00AM,5:00PM,14.6342308,121.0308413
317,Laging Handa,4,"bridges foundation, inc.","22, sct. limbaga, laging handa, quezon city, davao oriental, 1103","22, sct. limbaga, laging handa, quezon city, davao oriental, 1103, Philippines",Childcare,Private,Child learning center,"QC Future Ready dashboard, Childcare",8:00AM,4:00PM,14.6343877,121.0295599
318,Libis,3,Libis,"Brgy. Hall, E. Rodriguez Jr. Avenue, Brgy. Libis","Barangay Hall, E. Rodriguez Jr. Avenue, Barangay Libis, Quezon City, Philippines",Childcare,Public,Child development centers,"Data_QC Caring Cities Tracker, QC Administrative Data - Child",#N/A,#N/A,#N/A,#N/A
319,Libis,3,Libis,"E. Rodriguez Jr. Avenue cor. L. Pasco St., Brgy Libis","E. Rodriguez Jr. Avenue corner L. Pasco Street, Barangay Libis, Quezon City, Philippines",Health centers,#N/A,Health centers,"Data_QC Caring Cities Tracker, QC Administrative Data - Health",#N/A,#N/A,#N/A,#N/A
320,Lourdes,1,philippine orthopedic center-rehabilitation medicine specialists co. (poc-rms),"78a, department of rehab med, ma. clara cor. banawe sts., lourdes, quezon city, ncr, 1114","78a, department of rehab med, ma. clara corner banawe sts., lourdes, quezon city, ncr, 1114, Philippines",Long-term care and rehabilitation services,#N/A,Physical therapy clinic,"QC Future Ready dashboard, Long-term care and rehabilitation services",8:00AM,5:00PM,14.6274399,121.0042697
321,Lourdes,1,"wisdom light christian academy, inc.","no. 50, p florentino st., lourdes, quezon city, ncr, 1114","50, p florentino Street, lourdes, quezon city, ncr, 1114, Philippines",Schools,Private,Private school,"QC Future Ready dashboard, Schools",8:00AM,5:00PM,14.622934,121.005668
322,Lourdes,1,st. theresa's college of quezon city,"116, d. tuazon ave. , sta mesa heights, lourdes, quezon city, ncr, 1114","116, d. tuazon Avenue , sta mesa heights, lourdes, quezon city, ncr, 1114, Philippines",Schools,Private,Private school,"QC Future Ready dashboard, Schools",8:00AM,6:00PM,14.62791,121.000693
323,Loyola Heights,3,santa rafaela maria school quezon city inc.,"#55, salvador, loyola heights, quezon city, ncr, 1108","#55, salvador, loyola heights, quezon city, ncr, 1108, Philippines",Childcare,Private,Child learning center,"QC Future Ready dashboard, Childcare",8:00AM,4:00PM,14.646169,121.075747
324,Loyola Heights,3,Daan Tubo,"Area II, across Dela Estrada Church, Brgy. Loyola Heights","Area II, across Dela Estrada Church, Barangay Loyola Heights, Quezon City, Philippines",Childcare,Public,Child development centers,"Data_QC Caring Cities Tracker, QC Administrative Data - Child",#N/A,#N/A,14.6411122,121.0743978
325,Loyola Heights,3,Loyola Heights,"Loyola Heights Brgy. Hall Compound, E. Abada St., Katipunan, Brgy. Loyola Heights","Loyola Heights Barangay Hall Compound, E. Abada Street, Katipunan, Barangay Loyola Heights, Quezon City, Philippines",Childcare,Public,Child development centers,"Data_QC Caring Cities Tracker, QC Administrative Data - Child",#N/A,#N/A,14.6410206,121.0734249
326,Maharlika,1,rise and rehab incorporated,"3rd floor , 172, d. tuazon st, maharlika, quezon city, ncr, 1114","3rd floor , 172, d. tuazon st, maharlika, quezon city, ncr, 1114, Philippines",Long-term care and rehabilitation services,#N/A,Rehabilitation clinic,"QC Future Ready dashboard, Long-term care and rehabilitation services",8:00AM,5:00PM,14.63395536,120.9976695
327,Maharlika,1,aspire in motion play therapy center opc,"unit 2 2nd floor 172 , d. tuazon st , sta. mesa heights , maharlika, quezon city, ncr, 1114","unit 2 2nd floor 172 , d. tuazon st , sta. mesa heights , maharlika, quezon city, ncr, 1114, Philippines",Long-term care and rehabilitation services,#N/A,Rehabilitation clinic,"QC Future Ready dashboard, Long-term care and rehabilitation services",9:00AM,5:00PM,14.63395536,120.9976695
328,Maharlika,1,the learning canvas co.,"unit-b 2nd flr.  197, d. tuazon st., sta. mesa heights, maharlika, quezon city, ncr, 1114","unit-b 2nd Floor 197, d. tuazon Street, sta. mesa heights, maharlika, quezon city, ncr, 1114, Philippines",Long-term care and rehabilitation services,#N/A,Physical/occupational therapy school,"QC Future Ready dashboard, Long-term care and rehabilitation services",8:00AM,5:00PM,14.63391199,120.997558
329,Malaya,4,Malaya,"Brgy. Malaya Brgy. Hall, Matahimik St.","Barangay Malaya Barangay Hall, Matahimik Street, Quezon City, Philippines",Childcare,Public,Child development centers,"Data_QC Caring Cities Tracker, QC Administrative Data - Child",#N/A,#N/A,#N/A,#N/A
330,Malaya,4,forge lab inc.,"gf, aspirea residences, 5 malumanay st. , malaya, quezon city, ncr, 1101","gf, aspirea residences, 5 malumanay Street , malaya, quezon city, ncr, 1101, Philippines",Long-term care and rehabilitation services,#N/A,Physical therapy clinic,"QC Future Ready dashboard, Long-term care and rehabilitation services",9:00AM,6:00AM,#N/A,#N/A
331,Mangga,3,Mangga,"950 Int. Aurora Blvd., Cubao, Brgy. Mangga","950 Int. Aurora Boulevard, Cubao, Barangay Mangga, Quezon City, Philippines",Childcare,Public,Child development centers,"Data_QC Caring Cities Tracker, QC Administrative Data - Child",#N/A,#N/A,14.62690693,121.0614717
332,Manresa,1,Manresa,Biak na Bato cor. Makaturing,"Biak na Bato corner Makaturing, Quezon City, Philippines",Childcare,Public,Child development centers,"Data_QC Caring Cities Tracker, QC Administrative Data - Child",#N/A,#N/A,14.64128819,121.0030789
333,Manresa,1,the oracle physical rehabilitation inc.,"2nd flr. unit-1 , almar building, no. 60 mauban st. , manresa, quezon city, ncr, 1115","2nd Floor unit-1 , almar building, 60 mauban Street , manresa, quezon city, ncr, 1115, Philippines",Long-term care and rehabilitation services,#N/A,Physical therapy clinic,"QC Future Ready dashboard, Long-term care and rehabilitation services",9:00AM,6:00PM,14.64143102,121.000014
334,Manresa,1,Matutum,Multi-Purpose Hall,"Multi-Purpose Hall, Quezon City, Philippines",Childcare,Public,Child development centers,"Data_QC Caring Cities Tracker, QC Administrative Data - Child",#N/A,#N/A,#N/A,#N/A
335,Manresa,1,pace academy inc.,"77, sgt. e rivera st., manresa, quezon city, ncr, 1115","77, sgt. e rivera Street, manresa, quezon city, ncr, 1115, Philippines",Schools,Private,Private school,"QC Future Ready dashboard, Schools",7:00AM,4:00PM,14.6412,121
336,Manresa,1,the oracle physical rehabilitation inc.,"2nd flr. unit-1 , almar building, no. 60 mauban st. , manresa, quezon city, ncr, 1115","2nd Floor unit-1 , almar building, 60 mauban Street , manresa, quezon city, ncr, 1115, Philippines",Long-term care and rehabilitation services,#N/A,Physical therapy clinic,"QC Future Ready dashboard, Long-term care and rehabilitation services",9:00AM,6:00PM,14.64143102,121.000014
337,Mariana,4,msquare myotherapy & rehab clinic,"#110, 11th st., mariana, quezon city, ncr, 1112","#110, 11th Street, mariana, quezon city, ncr, 1112, Philippines",Long-term care and rehabilitation services,#N/A,Rehabilitation clinic,"QC Future Ready dashboard, Long-term care and rehabilitation services",8:00AM,5:00PM,14.62354261,121.0349095
338,Mariana,4,sunshine.com inc.,"95, 4th st., mariana, quezon city, ncr, 1112","95, 4th Street, mariana, quezon city, ncr, 1112, Philippines",Long-term care and rehabilitation services,#N/A,Psychiatric rehabilitation center,"QC Future Ready dashboard, Long-term care and rehabilitation services",8:00AM,5:00PM,14.6148453,121.0324411
339,Mariana,4,"saint martin de porres center, inc.","53, rosario dr. cor. cannon road, mariana, quezon city, ncr, 1112","53, rosario Drive corner cannon road, mariana, quezon city, ncr, 1112, Philippines",Childcare,Private,Day care center,"QC Future Ready dashboard, Childcare",8:00AM,5:00PM,14.62142681,121.0409602
340,Mariana,4,3haus learning hub and events corporation,"no. 84, ., dona hemady st. corner e. rodriguez avenue, mariana, quezon city, ncr, 1112","84, ., dona hemady Street corner e. rodriguez avenue, mariana, quezon city, ncr, 1112, Philippines",Childcare,Private,Child learning center,"QC Future Ready dashboard, Childcare",10:00AM,7:00PM,14.623725,121.031783
341,Mariana,4,bp performance inc.,"room 417-422 4th floor, p&s bldg, 717 aurora blvd, mariana, quezon city, ncr, 1112","room 417-422 4th floor, p&s bldg, 717 aurora blvd, mariana, quezon city, ncr, 1112, Philippines",Long-term care and rehabilitation services,#N/A,Physical therapy clinic,"QC Future Ready dashboard, Long-term care and rehabilitation services",8:00AM,5:00PM,14.61574522,121.037692
342,Mariblo,1,Mariblo,#1 Bernardo St. cor. San Pedro Bautista,"#1 Bernardo Street corner San Pedro Bautista, Quezon City, Philippines",Childcare,Public,Child development centers,"Data_QC Caring Cities Tracker, QC Administrative Data - Child",#N/A,#N/A,#N/A,#N/A
343,Marilag,3,national college of business and arts,"994, aurora blvd, marilag, quezon city, ncr, 1109","994, aurora blvd, marilag, quezon city, ncr, 1109, Philippines",Schools,Private,Private school,"QC Future Ready dashboard, Schools",8:00AM,5:00PM,#N/A,#N/A
344,Marilag,3,Marilag I,"Plaza Camerino, Camerino St., Brgy. Marilag","Plaza Camerino, Camerino Street, Barangay Marilag, Quezon City, Philippines",Childcare,Public,Child development centers,"Data_QC Caring Cities Tracker, QC Administrative Data - Child",#N/A,#N/A,14.62508812,121.0687314
345,Marilag,3,Marilag II,"Plaza Camerino, Camerino St., Brgy. Marilag","Plaza Camerino, Camerino Street, Barangay Marilag, Quezon City, Philippines",Childcare,Public,Child development centers,"Data_QC Caring Cities Tracker, QC Administrative Data - Child",#N/A,#N/A,14.62508812,121.0687314
346,Masagana,3,Masagana,"7 Conchu St., Project 4, Brgy. Masagana","7 Conchu Street, Project 4, Barangay Masagana, Quezon City, Philippines",Childcare,Public,Child development centers,"Data_QC Caring Cities Tracker, QC Administrative Data - Child",#N/A,#N/A,14.61804448,121.0665464
347,Masambong,1,Saint John Masambong II,4 Capuas St.,"4 Capuas Street, Quezon City, Philippines",Childcare,Public,Child development centers,"Data_QC Caring Cities Tracker, QC Administrative Data - Child",#N/A,#N/A,14.64341663,121.0100048
348,Masambong,1,Masambong,"8 Malac St., Brgy. Masambong","8 Malac Street, Barangay Masambong, Quezon City, Philippines",Health centers,#N/A,Health centers,"Data_QC Caring Cities Tracker, QC Administrative Data - Health",#N/A,#N/A,14.64020592,121.011993
349,Masambong,1,Saint John Masambong I,4 Capuas St.,"4 Capuas Street, Quezon City, Philippines",Childcare,Public,Child development centers,"Data_QC Caring Cities Tracker, QC Administrative Data - Child",#N/A,#N/A,14.64341663,121.0100048
350,Matandang Balara,3,Visayan Hills,"Visayan Hills, Brgy. Matandang Balara","Visayan Hills, Barangay Matandang Balara, Quezon City, Philippines",Childcare,Public,Child development centers,"Data_QC Caring Cities Tracker, QC Administrative Data - Child",#N/A,#N/A,#N/A,#N/A
351,Matandang Balara,3,Dupax I,"Road 44 Dupax St., Bgy. Satellite, Brgy. Matandang Balara","Road 44 Dupax Street, Barangay Satellite, Barangay Matandang Balara, Quezon City, Philippines",Childcare,Public,Child development centers,"Data_QC Caring Cities Tracker, QC Administrative Data - Child",#N/A,#N/A,14.67571148,121.0828202
352,Matandang Balara,3,Feria I,"Ground Flr., Feria CDC, Dao St., Feria Road, Brgy. Matandang Balara","Ground Floor, Feria CDC, Dao Street, Feria Road, Barangay Matandang Balara, Quezon City, Philippines",Childcare,Public,Child development centers,"Data_QC Caring Cities Tracker, QC Administrative Data - Child",#N/A,#N/A,14.67157251,121.0801894
353,Matandang Balara,3,Area VB,"2nd floor, Old Balara, Area 5 Luzon, Brgy. Matandang Balara","2nd floor, Old Balara, Area 5 Luzon, Barangay Matandang Balara, Quezon City, Philippines",Childcare,Public,Child development centers,"Data_QC Caring Cities Tracker, QC Administrative Data - Child",#N/A,#N/A,14.66699402,121.070374
354,Matandang Balara,3,Laura II,"Purok 3 Area 5 2nd Floor, Brgy. Matandang Balara","Purok 3 Area 5 2nd Floor, Barangay Matandang Balara, Quezon City, Philippines",Childcare,Public,Child development centers,"Data_QC Caring Cities Tracker, QC Administrative Data - Child",#N/A,#N/A,#N/A,#N/A
355,Matandang Balara,3,rehub physical therapy and recovery clinic opc,"2f, celebrity sports plaza ,, capitol hills drive, matandang balara, quezon city, ncr, 1119","2f, celebrity sports plaza , capitol hills drive, matandang balara, quezon city, ncr, 1119, Philippines",Long-term care and rehabilitation services,#N/A,Physical therapy clinic | rehabilitation clinic,"QC Future Ready dashboard, Long-term care and rehabilitation services",8:00AM,8:00PM,14.6653977,121.0798589
356,Matandang Balara,3,Old Balara (Main),"19 Doña Filomena St., Villa Beatriz, Brgy. Old Balara","19 Doña Filomena Street, Villa Beatriz, Barangay Old Balara, Quezon City, Philippines",Health centers,#N/A,Health centers,"Data_QC Caring Cities Tracker, QC Administrative Data - Health",#N/A,#N/A,14.67396623,121.0757394
357,Matandang Balara,3,Samadores,"Area 2, Luzon, Brgy. Matandang Balara","Area 2, Luzon, Barangay Matandang Balara, Quezon City, Philippines",Childcare,Public,Child development centers,"Data_QC Caring Cities Tracker, QC Administrative Data - Child",#N/A,#N/A,14.66699301,121.070284
358,Matandang Balara,3,Feria II,"2nd Flr., Feria CDC, Dao St., Feria Rd., Brgy. Matandang Balara","2nd Floor, Feria CDC, Dao Street, Feria Road, Barangay Matandang Balara, Quezon City, Philippines",Childcare,Public,Child development centers,"Data_QC Caring Cities Tracker, QC Administrative Data - Child",#N/A,#N/A,14.67157251,121.0801894
359,Matandang Balara,3,Laura I,"Purok 3 Area 5 Ground Floor, Brgy. Matandang Balara","Purok 3 Area 5 Ground Floor, Barangay Matandang Balara, Quezon City, Philippines",Childcare,Public,Child development centers,"Data_QC Caring Cities Tracker, QC Administrative Data - Child",#N/A,#N/A,#N/A,#N/A
360,Matandang Balara,3,Calderon,"251 Calderon St., Brgy. Matandang Balara","251 Calderon Street, Barangay Matandang Balara, Quezon City, Philippines",Childcare,Public,Child development centers,"Data_QC Caring Cities Tracker, QC Administrative Data - Child",#N/A,#N/A,14.66853097,121.076747
361,Matandang Balara,3,little makers playroof learning center,"2, romulo st, north susana exec. village, matandang balara, quezon city, ncr, 1119","2, romulo st, north susana exec. village, matandang balara, quezon city, ncr, 1119, Philippines",Childcare,Private,Child learning center,"QC Future Ready dashboard, Childcare",8:00AM,6:00PM,14.67571205,121.0717077
362,Matandang Balara,3,Old Balara (Annex),"99A Tandang Sora Ave, Brgy. Matandang Balara","99A Tandang Sora Ave, Barangay Matandang Balara, Quezon City, Philippines",Health centers,#N/A,Health centers,"Data_QC Caring Cities Tracker, QC Administrative Data - Health",#N/A,#N/A,#N/A,#N/A
363,Matandang Balara,3,rehub physical therapy and recovery clinic opc,"2f, celebrity sports plaza ,, capitol hills drive, matandang balara, quezon city, ncr, 1119","2f, celebrity sports plaza , capitol hills drive, matandang balara, quezon city, ncr, 1119, Philippines",Long-term care and rehabilitation services,#N/A,Physical therapy clinic | rehabilitation clinic,"QC Future Ready dashboard, Long-term care and rehabilitation services",8:00AM,8:00PM,14.6653977,121.0798589
364,Matandang Balara,3,Villa Beatriz,"Villa Beatriz Extension, Brgy. Matandang Balara","Villa Beatriz Extension, Barangay Matandang Balara, Quezon City, Philippines",Childcare,Public,Child development centers,"Data_QC Caring Cities Tracker, QC Administrative Data - Child",#N/A,#N/A,14.67396623,121.0757394
365,Matandang Balara,3,Bahay Bulilit,"Bgy.Hall Compound, Villa Beatriz, Brgy. Matandang Balara","BarangayHall Compound, Villa Beatriz, Barangay Matandang Balara, Quezon City, Philippines",Childcare,Public,Child development centers,"Data_QC Caring Cities Tracker, QC Administrative Data - Child",#N/A,#N/A,14.67396623,121.0757394
366,Matandang Balara,3,Sapang Kangkong,"168 Kilusan St., Brgy. Matandang Balara","168 Kilusan Street, Barangay Matandang Balara, Quezon City, Philippines",Childcare,Public,Child development centers,"Data_QC Caring Cities Tracker, QC Administrative Data - Child",#N/A,#N/A,#N/A,#N/A
367,Matandang Balara,3,Area I Luzon,"Mafran Area I, Brgy. Matandang Balara","Mafran Area I, Barangay Matandang Balara, Quezon City, Philippines",Childcare,Public,Child development centers,"Data_QC Caring Cities Tracker, QC Administrative Data - Child",#N/A,#N/A,#N/A,#N/A
368,Matandang Balara,3,Area VA,"Area 5 Luzon near INC Church, Brgy. Matandang Balara","Area 5 Luzon near INC Church, Barangay Matandang Balara, Quezon City, Philippines",Childcare,Public,Child development centers,"Data_QC Caring Cities Tracker, QC Administrative Data - Child",#N/A,#N/A,#N/A,#N/A
369,Milagrosa,3,Milagrosa,"5K Oval Belarmino St., Brgy. Milagrosa","5K Oval Belarmino Street, Barangay Milagrosa, Quezon City, Philippines",Childcare,Public,Child development centers,"Data_QC Caring Cities Tracker, QC Administrative Data - Child",#N/A,#N/A,14.62093484,121.0689756
370,Milagrosa,3,primefil psychological services,"unit 814, emerald square , j. p rizal st, milagrosa, quezon city, ncr, 1109","unit 814, emerald square , j. p rizal st, milagrosa, quezon city, ncr, 1109, Philippines",Long-term care and rehabilitation services,#N/A,Psychological clinic,"QC Future Ready dashboard, Long-term care and rehabilitation services",8:00AM,5:00PM,14.62040068,121.0716828
371,Milagrosa,3,"the builder's school building ideas, crafting solutions inc.","121, j.p. rizal, milagrosa, quezon city, ncr, 1109","121, j.p. rizal, milagrosa, quezon city, ncr, 1109, Philippines",Schools,Private,Private school,"QC Future Ready dashboard, Schools",8:00AM,4:30PM,14.62040068,121.0716828
372,N. S. Amoranto (Gintong Silahis),1,N.S. Amoranto,Barangay Hall Angelo St.,"Barangay Hall Angelo Street, Quezon City, Philippines",Childcare,Public,Child development centers,"Data_QC Caring Cities Tracker, QC Administrative Data - Child",#N/A,#N/A,14.63280252,120.9942065
373,Nagkaisang Nayon,5,Nagkaisang Nayon,"Terio St., FB de Jesus,Sitio Damong Maliit Bgy. Nagkaisang Nayon","Terio Street, FB de Jesus,Sitio Damong Maliit Barangay Nagkaisang Nayon, Quezon City, Philippines",Health centers,#N/A,Health centers,"Data_QC Caring Cities Tracker, QC Administrative Data - Health",#N/A,#N/A,14.72322303,121.0315711
374,Nagkaisang Nayon,5,Jonaville I,"St.Joseph St., Jonaville Subdivision, Brgy. Nagkaisang Nayon","StreetJoseph Street, Jonaville Subdivision, Barangay Nagkaisang Nayon, Quezon City, Philippines",Childcare,Public,Child development centers,"Data_QC Caring Cities Tracker, QC Administrative Data - Child",#N/A,#N/A,14.7235756,121.0251884
375,Nagkaisang Nayon,5,capstone highest achiever learning school inc.,"block 10, lot 2, north wind ave. queens rd. , north wind subd, nagkaisang nayon, quezon city, ncr, 1125","block 10, lot 2, north wind Avenue queens Road , north wind subd, nagkaisang nayon, quezon city, ncr, 1125, Philippines",Schools,Private,Private school,"QC Future Ready dashboard, Schools",8:00AM,5:00PM,14.71383,121.032595
376,Nagkaisang Nayon,5,Pasacola II,"Lot 158-B, Area C, Pasacola, Brgy. Nagkaisang Nayon","Lot 158-B, Area C, Pasacola, Barangay Nagkaisang Nayon, Quezon City, Philippines",Childcare,Public,Child development centers,"Data_QC Caring Cities Tracker, QC Administrative Data - Child",#N/A,#N/A,14.7180742,121.0320746
377,Nagkaisang Nayon,5,Pasacola I,"Blk 1, Dormitory Phase 1 (Nagkakaisang Lakas) , Brgy. Nagkaisang Nayon","Blk 1, Dormitory Phase 1 (Nagkakaisang Lakas) , Barangay Nagkaisang Nayon, Quezon City, Philippines",Childcare,Public,Child development centers,"Data_QC Caring Cities Tracker, QC Administrative Data - Child",#N/A,#N/A,14.7235756,121.0251884
378,Nagkaisang Nayon,5,Lazaro,"Lot 5 Blk 5, Damong Maliit, Lazaro Subd., Brgy. Nagkaisang Nayon","Lot 5 Blk 5, Damong Maliit, Lazaro Subdivision, Barangay Nagkaisang Nayon, Quezon City, Philippines",Childcare,Public,Child development centers,"Data_QC Caring Cities Tracker, QC Administrative Data - Child",#N/A,#N/A,14.72322303,121.0315711
379,Nagkaisang Nayon,5,Queensland II,"Ground Floor Vargas Building, Blk 5 Lot 14 Ruby St. Queensland 2 Village, Brgy Nagkaisang Nayon","Ground Floor Vargas Building, Blk 5 Lot 14 Ruby Street Queensland 2 Village, Barangay Nagkaisang Nayon, Quezon City, Philippines",Childcare,Public,Child development centers,"Data_QC Caring Cities Tracker, QC Administrative Data - Child",#N/A,#N/A,#N/A,#N/A
380,Nagkaisang Nayon,5,Nagkaisang Nayon I,"Barangay Hall Compound., #7 Banahaw St. Brgy. Nagkaisang Nayon","Barangay Hall Compound., #7 Banahaw Street Barangay Nagkaisang Nayon, Quezon City, Philippines",Childcare,Public,Child development centers,"Data_QC Caring Cities Tracker, QC Administrative Data - Child",#N/A,#N/A,14.71932957,121.0286675
381,Nagkaisang Nayon,5,Queensland I,"Princess Grace St., Queensland Phase I Subd., Damong Maliit, Brgy. Nagkaisang Nayon","Princess Grace Street, Queensland Phase I Subdivision, Damong Maliit, Barangay Nagkaisang Nayon, Quezon City, Philippines",Childcare,Public,Child development centers,"Data_QC Caring Cities Tracker, QC Administrative Data - Child",#N/A,#N/A,14.72322303,121.0315711
382,Nagkaisang Nayon,5,Robina,"Robina Rd. Sierra Vista Subd., Brgy. Nagkaisang Nayon","Robina Road Sierra Vista Subdivision, Barangay Nagkaisang Nayon, Quezon City, Philippines",Childcare,Public,Child development centers,"Data_QC Caring Cities Tracker, QC Administrative Data - Child",#N/A,#N/A,14.714443,121.020511
383,Nagkaisang Nayon,5,Nagkaisang Nayon II,"Barangay Hall Compound., #7 Banahaw St. Brgy. Nagkaisang Nayon","Barangay Hall Compound., #7 Banahaw Street Barangay Nagkaisang Nayon, Quezon City, Philippines",Childcare,Public,Child development centers,"Data_QC Caring Cities Tracker, QC Administrative Data - Child",#N/A,#N/A,14.71932957,121.0286675
384,Nagkaisang Nayon,5,St. Andrew,"Sampaguita St., Dantes Subd., Damong Maliit, Brgy. Nagkaisang Nayon","Sampaguita Street, Dantes Subdivision, Damong Maliit, Barangay Nagkaisang Nayon, Quezon City, Philippines",Childcare,Public,Child development centers,"Data_QC Caring Cities Tracker, QC Administrative Data - Child",#N/A,#N/A,#N/A,#N/A
385,Nagkaisang Nayon,5,Nagkaisang Nayon Health Center,"Terio St., FB de Jesus,Sitio Damong Maliit Bgy. Nagkaisang Nayon","Terio Street, FB de Jesus,Sitio Damong Maliit Barangay Nagkaisang Nayon, Quezon City, Philippines",Health centers,#N/A,Health center pharmacy,"Data_QC Caring Cities Tracker, QC Administrative Data - Health",#N/A,#N/A,14.72322303,121.0315711
386,Nagkaisang Nayon,5,Villa Nova,"St. Michael St. cor Francis St. Villanova Subd., Brgy. Nagkaisang Nayon","Street Michael Street corner Francis Street Villanova Subdivision, Barangay Nagkaisang Nayon, Quezon City, Philippines",Childcare,Public,Child development centers,"Data_QC Caring Cities Tracker, QC Administrative Data - Child",#N/A,#N/A,14.7235756,121.0251884
387,Nayong Kanluran,1,kg therapy recovery clinic,"13b, west avenue, nayong kanluran, quezon city, ncr, 1125","13b, west avenue, nayong kanluran, quezon city, ncr, 1125, Philippines",Long-term care and rehabilitation services,#N/A,Physical therapy clinic,"QC Future Ready dashboard, Long-term care and rehabilitation services",10:00AM,8:00PM,14.63873502,121.0259828
388,Nayong Kanluran,1,Nayong Kanluran,37 Sorsogon St.,"37 Sorsogon Street, Quezon City, Philippines",Childcare,Public,Child development centers,"Data_QC Caring Cities Tracker, QC Administrative Data - Child",#N/A,#N/A,14.64061471,121.0256299
389,North Fairview,5,first mile christian school of life in the light christian fellowship,"385, l1, riyal st. cor peseta st., north fairview, quezon city, ncr, 1121","385, l1, riyal Street corner peseta Street, north fairview, quezon city, ncr, 1121, Philippines",Schools,Private,Private school,"QC Future Ready dashboard, Schools",8:00AM,6:00PM,14.71073901,121.0586909
390,North Fairview,5,Milenyo,"Milenyo Daycare Center Building, Milenyo St. Phase 8-I, Brgy. North Fairview","Milenyo Daycare Center Building, Milenyo Street Phase 8-I, Barangay North Fairview, Quezon City, Philippines",Childcare,Public,Child development centers,"Data_QC Caring Cities Tracker, QC Administrative Data - Child",#N/A,#N/A,#N/A,#N/A
391,North Fairview,5,discovery house montessori of quezon city inc.,"b9 , l14, #59 adrian st. , north fairview, quezon city, ncr, 1121","b9 , l14, #59 adrian Street , north fairview, quezon city, ncr, 1121, Philippines",Schools,Private,Private school,"QC Future Ready dashboard, Schools",8:00AM,5:00PM,14.70991481,121.0624281
392,North Fairview,5,angel's elderly home care services,"14, bergen street, north fairview park subdivision, north fairview, quezon city, ncr, 1121","14, bergen street, north fairview park subdivision, north fairview, quezon city, ncr, 1121, Philippines",Older persons care,#N/A,Nursing care center,"QC Future Ready dashboard, Older persons care",6:00AM,6:00AM,#N/A,#N/A
393,North Fairview,5,NAMAPA,"NAMAPA Compound, Brgy. North Fairview","NAMAPA Compound, Barangay North Fairview, Quezon City, Philippines",Childcare,Public,Child development centers,"Data_QC Caring Cities Tracker, QC Administrative Data - Child",#N/A,#N/A,14.713,121.064
394,North Fairview,5,Avon,"13-A Avon St., North Fairview Subd., Brgy. North Fairview","13-A Avon Street, North Fairview Subdivision, Barangay North Fairview, Quezon City, Philippines",Childcare,Public,Child development centers,"Data_QC Caring Cities Tracker, QC Administrative Data - Child",#N/A,#N/A,#N/A,#N/A
395,North Fairview,5,little favored learning center,"block 51, lot 22 b, bristol st, north fairview, quezon city, ncr, 1121","block 51, lot 22 b, bristol st, north fairview, quezon city, ncr, 1121, Philippines",Childcare,Private,Child learning center,"QC Future Ready dashboard, Childcare",8:30AM,5:00PM,14.72012071,121.0630995
396,North Fairview,5,Phase 8-II,"2nd Floor Daycare and Livelihood Center Building, Peso St., United North Fairview Subd., Brgy. North Fairview","2nd Floor Daycare and Livelihood Center Building, Peso Street, United North Fairview Subdivision, Barangay North Fairview, Quezon City, Philippines",Childcare,Public,Child development centers,"Data_QC Caring Cities Tracker, QC Administrative Data - Child",#N/A,#N/A,#N/A,#N/A
397,North Fairview,5,tlg home care services,"# 39, burbank, north fairview park, north fairview, quezon city, ncr, 1121","# 39, burbank, north fairview park, north fairview, quezon city, ncr, 1121, Philippines",Older persons care,#N/A,Nursing care center,"QC Future Ready dashboard, Older persons care",6:00AM,6:00PM,#N/A,#N/A
398,North Fairview,5,Phase 8-I,"1st Floor Daycare and Livelihood Center Building, Peso St., United North Fairview Subd., Brgy. North Fairview","1st Floor Daycare and Livelihood Center Building, Peso Street, United North Fairview Subdivision, Barangay North Fairview, Quezon City, Philippines",Childcare,Public,Child development centers,"Data_QC Caring Cities Tracker, QC Administrative Data - Child",#N/A,#N/A,#N/A,#N/A
399,North Fairview,5,North Fairview,"Avon St., North Fairview Park Subd., Brgy. North Fairview","Avon Street, North Fairview Park Subdivision, Barangay North Fairview, Quezon City, Philippines",Health centers,#N/A,Health centers,"Data_QC Caring Cities Tracker, QC Administrative Data - Health",#N/A,#N/A,14.708786,121.0631239
400,North Fairview,5,the fountain of life school of quezon city inc.,"433, drachma st. phase 8, north fairview, quezon city, ncr, 1121","433, drachma Street phase 8, north fairview, quezon city, ncr, 1121, Philippines",Schools,Private,Private school,"QC Future Ready dashboard, Schools",8:00AM,5:00PM,14.70978162,121.0544651
401,Novaliches Proper,5,Arsenia De Jesus Maximo Super Health Center,"Quirino Highway, Brgy. Novaliches Proper","Quirino Highway, Barangay Novaliches Proper, Quezon City, Philippines",Health centers,#N/A,Super health care centers,"Data_QC Caring Cities Tracker, QC Administrative Data - Health",#N/A,#N/A,#N/A,#N/A
402,Novaliches Proper,5,physioprime physiotherapy  services,"45, petronia st., buenamar subd., novaliches proper, quezon city, ncr, 1121","45, petronia Street, buenamar Subdivision, novaliches proper, quezon city, ncr, 1121, Philippines",Long-term care and rehabilitation services,#N/A,Physical therapy clinic,"QC Future Ready dashboard, Long-term care and rehabilitation services",9:00AM,6:00PM,14.7190274,121.0386335
403,Novaliches Proper,5,Arsenia De Jesus Maximo Lying–In Clinic,"Quirino Hi–way, Brgy. Novaliches","Quirino Hi–way, Barangay Novaliches, Quezon City, Philippines",Health centers,#N/A,LGU-run lying-in clinics,"Data_QC Caring Cities Tracker, QC Administrative Data - Health",#N/A,#N/A,#N/A,#N/A
404,Novaliches Proper,5,Novaliches Proper II,"2nd Floor Multi-purpose Bldg., P. Tupaz St., Doña Rosario, Brgy. Novaliches Proper","2nd Floor Multi-purpose Building, P. Tupaz Street, Doña Rosario, Barangay Novaliches Proper, Quezon City, Philippines",Childcare,Public,Child development centers,"Data_QC Caring Cities Tracker, QC Administrative Data - Child",#N/A,#N/A,14.71886189,121.0352432
405,Novaliches Proper,5,Novaliches Proper I,"3rd Floor, Livelihood CHILD DEVELOPMENT CENTER Bldg., Nova Plaza, Buenamar St.,Brgy. Novaliches Proper","3rd Floor, Livelihood CHILD DEVELOPMENT CENTER Building, Nova Plaza, Buenamar Street,Barangay Novaliches Proper, Quezon City, Philippines",Childcare,Public,Child development centers,"Data_QC Caring Cities Tracker, QC Administrative Data - Child",#N/A,#N/A,14.71891743,121.0392507
406,Novaliches Proper,5,Doña Rosario,"Ground Floor Multi-purpose Bldg., P. Tupaz St., Doña Rosario, Brgy. Novaliches Proper","Ground Floor Multi-purpose Building, P. Tupaz Street, Doña Rosario, Barangay Novaliches Proper, Quezon City, Philippines",Childcare,Public,Child development centers,"Data_QC Caring Cities Tracker, QC Administrative Data - Child",#N/A,#N/A,14.71886189,121.0352432
407,Novaliches Proper,5,Arsenia de Jesus Maximo Super,"Quirino Highway, Brgy. Novaliches Proper","Quirino Highway, Barangay Novaliches Proper, Quezon City, Philippines",Health centers,#N/A,Health centers,"Data_QC Caring Cities Tracker, QC Administrative Data - Health",#N/A,#N/A,#N/A,#N/A
408,Obrero,4,jeenie beyond beauty inc.,"arcade 9, 68 roces, roces ave., obrero, quezon city, ncr, 1103","arcade 9, 68 roces, roces Avenue, obrero, quezon city, ncr, 1103, Philippines",Long-term care and rehabilitation services,#N/A,Therapeutic clinic,"QC Future Ready dashboard, Long-term care and rehabilitation services",9:00AM,9:00PM,14.6283,121.03
409,Obrero,4,Obrero,"Brgy. Obrero Bgy Hall, Parkway St. cor. Tomas Morato Ave.","Barangay Obrero Bgy Hall, Parkway Street corner Tomas Morato Avenue, Quezon City, Philippines",Childcare,Public,Child development centers,"Data_QC Caring Cities Tracker, QC Administrative Data - Child",#N/A,#N/A,14.62634518,121.0334249
410,Old Capitol Site,4,Old Capitol Site,Masaya St. Interior (near Bgy. Hall) Brgy. Old Capitol Site,"Masaya Street Interior (near Barangay Hall) Barangay Old Capitol Site, Quezon City, Philippines",Childcare,Public,Child development centers,"Data_QC Caring Cities Tracker, QC Administrative Data - Child",#N/A,#N/A,14.65156063,121.0535393
411,Old Capitol Site,4,Pechayan,Zone 1 Brgy. Old Capitol Site,"Zone 1 Barangay Old Capitol Site, Quezon City, Philippines",Childcare,Public,Child development centers,"Data_QC Caring Cities Tracker, QC Administrative Data - Child",#N/A,#N/A,14.6504202,121.0525881
412,Paang Bundok,1,cudiamat medical c0rp.,"165, labo st.  la loma, paang bundok, quezon city, ncr, 1114","165, labo Street la loma, paang bundok, quezon city, ncr, 1114, Philippines",Long-term care and rehabilitation services,#N/A,Therapeutic clinic,"QC Future Ready dashboard, Long-term care and rehabilitation services",8:00AM,5:00PM,14.629017,120.9914375
413,Paang Bundok,1,La Loma,"225 Mariveles St., Brgy. Paang Bundok","225 Mariveles Street, Barangay Paang Bundok, Quezon City, Philippines",Health centers,#N/A,Health centers,"Data_QC Caring Cities Tracker, QC Administrative Data - Health",#N/A,#N/A,14.626996,120.991853
414,Paang Bundok,1,Paang Bundok,"Barangay Hall 166 Iriga St., La Loma","Barangay Hall 166 Iriga Street, La Loma, Quezon City, Philippines",Childcare,Public,Child development centers,"Data_QC Caring Cities Tracker, QC Administrative Data - Child",#N/A,#N/A,14.62785301,120.993033
415,Pag-ibig sa Nayon,1,Pag-ibig sa Nayon,23 J. Pineda St.,"23 J. Pineda Street, Quezon City, Philippines",Childcare,Public,Child development centers,"Data_QC Caring Cities Tracker, QC Administrative Data - Child",#N/A,#N/A,14.64644032,120.9961432
416,Paligsahan,4,bridgeway educational and therapy center,"room 401 4th floor, vd & s building , 59-b panay avenue , paligsahan, quezon city, ncr, 1103","room 401 4th floor, vd & s building , 59-b panay avenue , paligsahan, quezon city, ncr, 1103, Philippines",Long-term care and rehabilitation services,#N/A,Physical/occupational therapy school,"QC Future Ready dashboard, Long-term care and rehabilitation services",8:00AM,5:00PM,14.63496601,121.024757
417,Paligsahan,4,Paligsahan,Roces Avenue Brgy. Paligsahan,"Roces Avenue Barangay Paligsahan, Quezon City, Philippines",Childcare,Public,Child development centers,"Data_QC Caring Cities Tracker, QC Administrative Data - Child",#N/A,#N/A,14.631862,121.02121
418,Paligsahan,4,stridephysio physiotherapy services,"unit m11 mezzanine floor, victoria towers, #78 timog avenue cor panay avenue, paligsahan, quezon city, ncr, 1103","unit m11 mezzanine floor, victoria towers, #78 timog avenue corner panay avenue, paligsahan, quezon city, ncr, 1103, Philippines",Long-term care and rehabilitation services,#N/A,Physical therapy clinic,"QC Future Ready dashboard, Long-term care and rehabilitation services",9:00AM,6:00PM,#N/A,#N/A
419,Paligsahan,4,pio preschool and tutorial center inc.,"ground floor unit 105  , no. 23 panay avenue, paligsahan, quezon city, ncr, 1103","ground floor unit 105 , 23 panay avenue, paligsahan, quezon city, ncr, 1103, Philippines",Childcare,Private,Child learning center,"QC Future Ready dashboard, Childcare",8:00AM,4:00PM,14.63168601,121.01954
420,Paligsahan,4,wunderkids health group corp.,"4th flr. unit 401, block s53, lot b, 3 sct. gandia, paligsahan, quezon city, ncr, 1103","4th Floor unit 401, block s53, lot b, 3 sct. gandia, paligsahan, quezon city, ncr, 1103, Philippines",Long-term care and rehabilitation services,#N/A,Therapeutic clinic,"QC Future Ready dashboard, Long-term care and rehabilitation services",8:00AM,7:00PM,#N/A,#N/A
421,Paltok,1,Paltok,"14 Matias St., Brgy. Paltok","14 Matias Street, Barangay Paltok, Quezon City, Philippines",Health centers,#N/A,Health centers,"Data_QC Caring Cities Tracker, QC Administrative Data - Health",#N/A,#N/A,14.64300872,121.0231876
422,Paltok,1,"therapies for life clinic, inc.","g/f unit 110, westria residences, 77 west ave., paltok, quezon city, ncr, 1105","g/f unit 110, westria residences, 77 west Avenue, paltok, quezon city, ncr, 1105, Philippines",Long-term care and rehabilitation services,#N/A,Therapeutic clinic,"QC Future Ready dashboard, Long-term care and rehabilitation services",8:00AM,8:00PM,14.646701,121.027865
423,Paltok,1,Barangay Paltok Health Center,"14 Matias St., Brgy. Paltok","14 Matias Street, Barangay Paltok, Quezon City, Philippines",Health centers,#N/A,Health center pharmacy,"Data_QC Caring Cities Tracker, QC Administrative Data - Health",#N/A,#N/A,14.64300872,121.0231876
424,Paltok,1,Paltok,"Brgy. Hall, Mendoza cor. Basa","Barangay Hall, Mendoza corner Basa, Quezon City, Philippines",Childcare,Public,Child development centers,"Data_QC Caring Cities Tracker, QC Administrative Data - Child",#N/A,#N/A,14.64323648,121.0224596
425,Paltok,1,East Anak Bayan,75 Anakbayan Dulo St.,"75 Anakbayan Dulo Street, Quezon City, Philippines",Childcare,Public,Child development centers,"Data_QC Caring Cities Tracker, QC Administrative Data - Child",#N/A,#N/A,#N/A,#N/A
426,Pansol,3,Kaingin II,"Bungad Kaingin II, near Bgy. Hall Extension, Brgy. Pansol","Bungad Kaingin II, near Barangay Hall Extension, Barangay Pansol, Quezon City, Philippines",Childcare,Public,Child development centers,"Data_QC Caring Cities Tracker, QC Administrative Data - Child",#N/A,#N/A,14.6522903,121.0810053
427,Pansol,3,Pansol Proper,"SK Building Plaza St., Barangay Hall, Brgy. Pansol","SK Building Plaza Street, Barangay Hall, Barangay Pansol, Quezon City, Philippines",Childcare,Public,Child development centers,"Data_QC Caring Cities Tracker, QC Administrative Data - Child",#N/A,#N/A,14.65134602,121.076455
428,Pansol,3,Kaingin I,"Block 1 Kaingin 1, Brgy. Pansol","Block 1 Kaingin 1, Barangay Pansol, Quezon City, Philippines",Childcare,Public,Child development centers,"Data_QC Caring Cities Tracker, QC Administrative Data - Child",#N/A,#N/A,#N/A,#N/A
429,Pansol,3,Pansol,"Plaza St., Brgy. Pansol","Plaza Street, Barangay Pansol, Quezon City, Philippines",Health centers,#N/A,Health centers,"Data_QC Caring Cities Tracker, QC Administrative Data - Health",#N/A,#N/A,14.65134602,121.076455
430,Pansol,3,Barangay Pansol Health Center,"Plaza St., Brgy. Pansol","Plaza Street, Barangay Pansol, Quezon City, Philippines",Health centers,#N/A,Health center pharmacy,"Data_QC Caring Cities Tracker, QC Administrative Data - Health",#N/A,#N/A,14.65134602,121.076455
431,Paraiso,1,"aba learning diversity therapy center, inc.","105, roosevelt avenue, sfdm, paraiso, quezon city, ncr, 1104","105, roosevelt avenue, sfdm, paraiso, quezon city, ncr, 1104, Philippines",Long-term care and rehabilitation services,#N/A,Physical/occupational therapy school,"QC Future Ready dashboard, Long-term care and rehabilitation services",8:00AM,6:00PM,14.63778485,121.0178423
432,Paraiso,1,"aba learning diversity therapy center, inc.","105, roosevelt avenue, sfdm, paraiso, quezon city, ncr, 1104","105, roosevelt avenue, sfdm, paraiso, quezon city, ncr, 1104, Philippines",Long-term care and rehabilitation services,#N/A,Physical/occupational therapy school,"QC Future Ready dashboard, Long-term care and rehabilitation services",8:00AM,6:00PM,14.63778485,121.0178423
433,Pasong Putik Proper,5,msa whiz kids academy inc.,"13, 15, 17, 19, bituin street, teresa heights subdivision, pasong putik proper, quezon city, ncr, 1118","13, 15, 17, 19, bituin street, teresa heights subdivision, pasong putik proper, quezon city, ncr, 1118, Philippines",Schools,Private,Private school,"QC Future Ready dashboard, Schools",8:00AM,5:00PM,14.7377845,121.0629676
434,Pasong Putik Proper,5,Pechayan,"Block 31 Lot 23 Ilang-Ilang St. Pechayan Kanan, Maligaya Park, Brgy. Pasong Putik","Block 31 Lot 23 Ilang-Ilang Street Pechayan Kanan, Maligaya Park, Barangay Pasong Putik, Quezon City, Philippines",Childcare,Public,Child development centers,"Data_QC Caring Cities Tracker, QC Administrative Data - Child",#N/A,#N/A,#N/A,#N/A
435,Pasong Putik Proper,5,physiofirst health care clinic,"unit 209 second floor, christopher plaza building,, quirino highway, novaliches, pasong putik proper, quezon city, ncr, 1118","unit 209 second floor, christopher plaza building, quirino highway, novaliches, pasong putik proper, quezon city, ncr, 1118, Philippines",Long-term care and rehabilitation services,#N/A,Physical therapy clinic,"QC Future Ready dashboard, Long-term care and rehabilitation services",8:00AM,5:00PM,14.735578,121.065449
436,Pasong Putik Proper,5,Maligaya,"Pechayan St., Maligaya Park Subd., Brgy. Pasong Putik","Pechayan Street, Maligaya Park Subdivision, Barangay Pasong Putik, Quezon City, Philippines",Health centers,#N/A,Health centers,"Data_QC Caring Cities Tracker, QC Administrative Data - Health",#N/A,#N/A,#N/A,#N/A
437,Pasong Putik Proper,5,msa whiz kids academy inc.,"13, 15, 17, 19, bituin street, teresa heights subdivision, pasong putik proper, quezon city, ncr, 1118","13, 15, 17, 19, bituin street, teresa heights subdivision, pasong putik proper, quezon city, ncr, 1118, Philippines",Schools,Private,Private school,"QC Future Ready dashboard, Schools",8:00AM,5:00PM,14.7377845,121.0629676
438,Pasong Putik Proper,5,physiofirst health care clinic,"unit 209 second floor, christopher plaza building,, quirino highway, novaliches, pasong putik proper, quezon city, ncr, 1118","unit 209 second floor, christopher plaza building, quirino highway, novaliches, pasong putik proper, quezon city, ncr, 1118, Philippines",Long-term care and rehabilitation services,#N/A,Physical therapy clinic,"QC Future Ready dashboard, Long-term care and rehabilitation services",8:00AM,5:00PM,14.735578,121.065449
439,Pasong Putik Proper,5,SAMAPINA,"Block 1 Lot 60 Sampaguita St. Maligaya Park, Brgy. Pasong Putik Proper","Block 1 Lot 60 Sampaguita Street Maligaya Park, Barangay Pasong Putik Proper, Quezon City, Philippines",Childcare,Public,Child development centers,"Data_QC Caring Cities Tracker, QC Administrative Data - Child",#N/A,#N/A,#N/A,#N/A
440,Pasong Putik Proper,5,Maligaya Health Center,"Pechayan St., Maligaya Park Subd., Brgy. Pasong Putik","Pechayan Street, Maligaya Park Subdivision, Barangay Pasong Putik, Quezon City, Philippines",Health centers,#N/A,Health center pharmacy,"Data_QC Caring Cities Tracker, QC Administrative Data - Health",#N/A,#N/A,#N/A,#N/A
441,Pasong Tamo,6,Veterans Area II,Corner Diego Silang St. Veterans Village,"Corner Diego Silang Street Veterans Village, Quezon City, Philippines",Childcare,Public,Child development centers,"Data_QC Caring Cities Tracker, QC Administrative Data - Child",#N/A,#N/A,#N/A,#N/A
442,Pasong Tamo,6,"gospel christian school gcs, inc.","blk. 7 , lot 17 , area 9-a luzon  ave. , pasong tamo, quezon city, ncr, 1107","blk. 7 , lot 17 , area 9-a luzon Avenue , pasong tamo, quezon city, ncr, 1107, Philippines",Schools,Private,Private school,"QC Future Ready dashboard, Schools",8:00AM,5:00PM,#N/A,#N/A
443,Pasong Tamo,6,angel care custodial service,"102 int 3, san miguel vill, pasong tamo, quezon city, ncr, 1107","102 int 3, san miguel vill, pasong tamo, quezon city, ncr, 1107, Philippines",Long-term care and rehabilitation services,#N/A,Psychiatric rehabilitation center,"QC Future Ready dashboard, Long-term care and rehabilitation services",10:00AM,5:00PM,14.6757682,121.0461044
444,Pasong Tamo,6,Magdaleno H. Pedro,"13 J.P. Eugenio St., Philand Subd., Brgy. Pasong Tamo","13 J.P. Eugenio Street, Philand Subdivision, Barangay Pasong Tamo, Quezon City, Philippines",Health centers,#N/A,Health centers,"Data_QC Caring Cities Tracker, QC Administrative Data - Health",#N/A,#N/A,#N/A,#N/A
445,Pasong Tamo,6,salt and light child care and development inc.,"3rd flr, pinnacle bldg, no. 8 congressional avenue ext. , pasong tamo, quezon city, ncr, 1107","3rd flr, pinnacle bldg, 8 congressional avenue Extension , pasong tamo, quezon city, ncr, 1107, Philippines",Childcare,Private,Child learning center,"QC Future Ready dashboard, Childcare",9:00AM,6:00PM,#N/A,#N/A
446,Pasong Tamo,6,"gospel christian school gcs, inc.","blk. 7 , lot 17 , area 9-a luzon  ave. , pasong tamo, quezon city, ncr, 1107","blk. 7 , lot 17 , area 9-a luzon Avenue , pasong tamo, quezon city, ncr, 1107, Philippines",Schools,Private,Private school,"QC Future Ready dashboard, Schools",8:00AM,5:00PM,#N/A,#N/A
447,Pasong Tamo,6,Pingkian 3 Zone 2,"Lily St. Pingkian 3, Zone 2","Lily Street Pingkian 3, Zone 2, Quezon City, Philippines",Childcare,Public,Child development centers,"Data_QC Caring Cities Tracker, QC Administrative Data - Child",#N/A,#N/A,14.68863765,121.059987
448,Pasong Tamo,6,Pingkian II,Pingkian II,"Pingkian II, Quezon City, Philippines",Childcare,Public,Child development centers,"Data_QC Caring Cities Tracker, QC Administrative Data - Child",#N/A,#N/A,#N/A,#N/A
449,Pasong Tamo,6,Veterans Area I,"Area I, Freedom Park St. Veterans Village","Area I, Freedom Park Street Veterans Village, Quezon City, Philippines",Childcare,Public,Child development centers,"Data_QC Caring Cities Tracker, QC Administrative Data - Child",#N/A,#N/A,#N/A,#N/A
450,Pasong Tamo,6,Pingkian 3 Zone 3,Santan St.,"Santan Street, Quezon City, Philippines",Childcare,Public,Child development centers,"Data_QC Caring Cities Tracker, QC Administrative Data - Child",#N/A,#N/A,14.68987685,121.0573185
451,Pasong Tamo,6,ozonmed wellness clinic inc.,"2nd flr, glory to god bldg., sampaguita ave. cor narra st. , mapayapa village iii, pasong tamo, quezon city, ncr, 1107","2nd flr, glory to god Building, sampaguita Avenue corner narra Street , mapayapa village iii, pasong tamo, quezon city, ncr, 1107, Philippines",Long-term care and rehabilitation services,#N/A,Physical therapy clinic,"QC Future Ready dashboard, Long-term care and rehabilitation services",8:00AM,8:00PM,14.682093,121.05884
452,Pasong Tamo,6,salt and light child care and development inc.,"3rd flr, pinnacle bldg, no. 8 congressional avenue ext. , pasong tamo, quezon city, ncr, 1107","3rd flr, pinnacle bldg, 8 congressional avenue Extension , pasong tamo, quezon city, ncr, 1107, Philippines",Childcare,Private,Child learning center,"QC Future Ready dashboard, Childcare",9:00AM,6:00PM,#N/A,#N/A
453,Pasong Tamo,6,ozonmed wellness clinic inc.,"2nd flr, glory to god bldg., sampaguita ave. cor narra st. , mapayapa village iii, pasong tamo, quezon city, ncr, 1107","2nd flr, glory to god Building, sampaguita Avenue corner narra Street , mapayapa village iii, pasong tamo, quezon city, ncr, 1107, Philippines",Long-term care and rehabilitation services,#N/A,Physical therapy clinic,"QC Future Ready dashboard, Long-term care and rehabilitation services",8:00AM,8:00PM,14.682093,121.05884
454,Pasong Tamo,6,Veterans Area III,7th Street Veterans Village Area 3,"7th Street Veterans Village Area 3, Quezon City, Philippines",Childcare,Public,Child development centers,"Data_QC Caring Cities Tracker, QC Administrative Data - Child",#N/A,#N/A,14.68362031,121.0654379
455,Pasong Tamo,6,little wonders playdates and learning center,"unit 3d beal square # 27, visayas avenue corner congressional avenue, pasong tamo, quezon city, ncr, 1107","unit 3d beal square # 27, visayas avenue corner congressional avenue, pasong tamo, quezon city, ncr, 1107, Philippines",Childcare,Private,Child learning center,"QC Future Ready dashboard, Childcare",7:00AM,10:00PM,14.67200929,121.0434804
456,Pasong Tamo,6,r and a learning center,"8, 22, shining hope phase 1 hoa roque 1b, napocor village, pasong tamo, quezon city, ncr, 1107","8, 22, shining hope phase 1 hoa roque 1b, napocor village, pasong tamo, quezon city, ncr, 1107, Philippines",Childcare,Private,Child learning center,"QC Future Ready dashboard, Childcare",8:00AM,12:00PM,14.682093,121.05884
457,Pasong Tamo,6,Centerville,Philand back of basketball court,"Philand back of basketball court, Quezon City, Philippines",Childcare,Public,Child development centers,"Data_QC Caring Cities Tracker, QC Administrative Data - Child",#N/A,#N/A,#N/A,#N/A
458,Payatas,2,Golden Shower,"Golden Shower St., Brgy. Payatas","Golden Shower Street, Barangay Payatas, Quezon City, Philippines",Childcare,Public,Child development centers,"Data_QC Caring Cities Tracker, QC Administrative Data - Child",#N/A,#N/A,#N/A,#N/A
459,Payatas,2,Bahay Pangarap,"48 Bulacan St., near brgy. hall, Brgy. Payatas","48 Bulacan Street, near Barangay hall, Barangay Payatas, Quezon City, Philippines",Childcare,Public,Child development centers,"Data_QC Caring Cities Tracker, QC Administrative Data - Child",#N/A,#N/A,14.71499982,121.1025251
460,Payatas,2,Payatas B,"Bulacan St., Brgy. Payatas","Bulacan Street, Barangay Payatas, Quezon City, Philippines",Health centers,#N/A,Health centers,"Data_QC Caring Cities Tracker, QC Administrative Data - Health",#N/A,#N/A,14.71610507,121.101749
461,Payatas,2,Banaba,"Banaba St., Brgy. Payatas","Banaba Street, Barangay Payatas, Quezon City, Philippines",Childcare,Public,Child development centers,"Data_QC Caring Cities Tracker, QC Administrative Data - Child",#N/A,#N/A,14.7186371,121.1075963
462,Payatas,2,Lower Everlasting,"Lower Everlasting (Sto. Niño Gala), Brgy. Payatas","Lower Everlasting (Sto. Niño Gala), Barangay Payatas, Quezon City, Philippines",Childcare,Public,Child development centers,"Data_QC Caring Cities Tracker, QC Administrative Data - Child",#N/A,#N/A,14.7186371,121.1075963
463,Payatas,2,Upper Everlasting,"Upper Everlasting, Brgy. Payatas","Upper Everlasting, Barangay Payatas, Quezon City, Philippines",Childcare,Public,Child development centers,"Data_QC Caring Cities Tracker, QC Administrative Data - Child",#N/A,#N/A,14.7186371,121.1075963
464,Payatas,2,breath of life christian community school inc.,"purok 5, road 7 phase 2 , lupang pangako, payatas, quezon city, ncr, 1119","purok 5, road 7 phase 2 , lupang pangako, payatas, quezon city, ncr, 1119, Philippines",Schools,Private,Private school,"QC Future Ready dashboard, Schools",7:00AM,4:00PM,14.72110157,121.109981
465,Payatas,2,Payatas Super Health Centers,"Diamond Hills St., Brgy. Payatas","Diamond Hills Street, Barangay Payatas, Quezon City, Philippines",Health centers,#N/A,Super health care centers,"Data_QC Caring Cities Tracker, QC Administrative Data - Health",#N/A,#N/A,14.7111163,121.0963829
466,Payatas,2,Payatas Super,"Molave St., Diamond Hills St., Brgy. Payatas","Molave Street, Diamond Hills Street, Barangay Payatas, Quezon City, Philippines",Health centers,#N/A,Health centers,"Data_QC Caring Cities Tracker, QC Administrative Data - Health",#N/A,#N/A,14.70979968,121.0965636
467,Payatas,2,blessed exodus christian academy inc.,"b2 l8 & 9, payatas b, amlacville subd, payatas, quezon city, ncr, 1119","b2 l8 & 9, payatas b, amlacville subd, payatas, quezon city, ncr, 1119, Philippines",Schools,Private,Private school,"QC Future Ready dashboard, Schools",8:00AM,1:20PM,14.7167,121.104
468,Payatas,2,Lupang Pangako,"Phase I, Lupang Pangako, Brgy. Payatas","Phase I, Lupang Pangako, Barangay Payatas, Quezon City, Philippines",Health centers,#N/A,Health centers,"Data_QC Caring Cities Tracker, QC Administrative Data - Health",#N/A,#N/A,14.72110157,121.109981
469,Payatas,2,Empire,"Empire St., Brgy. Payatas","Empire Street, Barangay Payatas, Quezon City, Philippines",Childcare,Public,Child development centers,"Data_QC Caring Cities Tracker, QC Administrative Data - Child",#N/A,#N/A,14.7186371,121.1075963
470,Payatas,2,Azucena,"Azucena St., Brgy. Payatas","Azucena Street, Barangay Payatas, Quezon City, Philippines",Childcare,Public,Child development centers,"Data_QC Caring Cities Tracker, QC Administrative Data - Child",#N/A,#N/A,14.7186371,121.1075963
471,Payatas,2,Sto. Niño De Payatas II,"Second floor, SÑDP CDC, Sto. Niño De Payatas St., Brgy. Payatas","Second floor, SÑDP CDC, Sto. Niño De Payatas Street, Barangay Payatas, Quezon City, Philippines",Childcare,Public,Child development centers,"Data_QC Caring Cities Tracker, QC Administrative Data - Child",#N/A,#N/A,14.7186371,121.1075963
472,Payatas,2,Sto. Niño De Payatas I,"Ground floor, SÑDP CDC, Sto. Niño De Payatas St., Brgy. Payatas","Ground floor, SÑDP CDC, Sto. Niño De Payatas Street, Barangay Payatas, Quezon City, Philippines",Childcare,Public,Child development centers,"Data_QC Caring Cities Tracker, QC Administrative Data - Child",#N/A,#N/A,14.7186371,121.1075963
473,Payatas,2,Mutya,"Mutya St., Brgy. Payatas","Mutya Street, Barangay Payatas, Quezon City, Philippines",Childcare,Public,Child development centers,"Data_QC Caring Cities Tracker, QC Administrative Data - Child",#N/A,#N/A,14.7186371,121.1075963
474,Payatas,2,Payatas A,"Ilang-Ilang St., Brgy. Payatas","Ilang-Ilang Street, Barangay Payatas, Quezon City, Philippines",Health centers,#N/A,Health centers,"Data_QC Caring Cities Tracker, QC Administrative Data - Health",#N/A,#N/A,14.69970178,121.0951694
475,Payatas,2,Phase IV-B,"2nd floor, Livelihood Center, Davao St., Phase IV, Brgy. Payatas","2nd floor, Livelihood Center, Davao Street, Phase IV, Barangay Payatas, Quezon City, Philippines",Childcare,Public,Child development centers,"Data_QC Caring Cities Tracker, QC Administrative Data - Child",#N/A,#N/A,14.7186371,121.1075963
476,Payatas,2,Lupang Pangako,"Phase 2, Park 13, Lupang Pangako, Brgy. Payatas","Phase 2, Park 13, Lupang Pangako, Barangay Payatas, Quezon City, Philippines",Childcare,Public,Child development centers,"Data_QC Caring Cities Tracker, QC Administrative Data - Child",#N/A,#N/A,14.72110157,121.109981
477,Payatas,2,Springfield,"Springfield St., Brgy. Payatas","Springfield Street, Barangay Payatas, Quezon City, Philippines",Childcare,Public,Child development centers,"Data_QC Caring Cities Tracker, QC Administrative Data - Child",#N/A,#N/A,14.7186371,121.1075963
478,Payatas,2,Narraville,"Lower Narra St., Brgy. Payatas","Lower Narra Street, Barangay Payatas, Quezon City, Philippines",Childcare,Public,Child development centers,"Data_QC Caring Cities Tracker, QC Administrative Data - Child",#N/A,#N/A,14.71230301,121.0931408
479,Payatas,2,Phase IV-A,"Ground floor, Livelihood Center, Davao St., Phase IV, Brgy. Payatas","Ground floor, Livelihood Center, Davao Street, Phase IV, Barangay Payatas, Quezon City, Philippines",Childcare,Public,Child development centers,"Data_QC Caring Cities Tracker, QC Administrative Data - Child",#N/A,#N/A,14.7186371,121.1075963
480,Payatas,2,de paul payatas day care center inc.,"phase 1 purok 3, lupang pangako, payatas, quezon city, ncr, 1119","phase 1 purok 3, lupang pangako, payatas, quezon city, ncr, 1119, Philippines",Childcare,Private,Day care center,"QC Future Ready dashboard, Childcare",8:00AM,5:00PM,14.72110157,121.109981
481,Payatas,2,Molave,"Molave St., near Tahanan, Brgy. Payatas","Molave Street, near Tahanan, Barangay Payatas, Quezon City, Philippines",Childcare,Public,Child development centers,"Data_QC Caring Cities Tracker, QC Administrative Data - Child",#N/A,#N/A,14.71231702,121.0962245
482,Payatas,2,"saint vincent institute of arts & sciences, inc.","137, legaspi st., payatas-b, payatas, quezon city, ncr, 1119","137, legaspi Street, payatas-b, payatas, quezon city, ncr, 1119, Philippines",Schools,Private,Private school,"QC Future Ready dashboard, Schools",8:00AM,5:00PM,#N/A,#N/A
483,Phil-Am,1,grey-gold home care services,"13, west maya drive, phil-am, quezon city, ncr, 1104","13, west maya drive, phil-am, quezon city, ncr, 1104, Philippines",Older persons care,#N/A,Nursing care center,"QC Future Ready dashboard, Older persons care",7:00AM,7:00AM,14.64784242,121.0290275
484,Phil-Am,1,springlife therapeutic community inc.,"122, west avenue, phil-am, quezon city, ncr, 1103","122, west avenue, phil-am, quezon city, ncr, 1103, Philippines",Long-term care and rehabilitation services,#N/A,Psychological clinic,"QC Future Ready dashboard, Long-term care and rehabilitation services",9:00AM,5:00PM,14.65030599,121.028995
485,Pinagkaisahan,4,Bernardo,"95 Ermin Garcia St., Brgy. Pinagkaisahan","95 Ermin Garcia Street, Barangay Pinagkaisahan, Quezon City, Philippines",Health centers,#N/A,Health centers,"Data_QC Caring Cities Tracker, QC Administrative Data - Health",#N/A,#N/A,14.62708493,121.0467375
486,Pinagkaisahan,4,Pinagkaisahan,Ermin Garcia St. (near Bernardo Park),"Ermin Garcia Street (near Bernardo Park), Quezon City, Philippines",Childcare,Public,Child development centers,"Data_QC Caring Cities Tracker, QC Administrative Data - Child",#N/A,#N/A,14.62708493,121.0467375
487,Pinyahan,4,marpe medical rehab center inc.,"rm 801 8th floor, malakas suites, 88 malakas st. diliman, pinyahan, quezon city, ncr, 1100","rm 801 8th floor, malakas suites, 88 malakas Street diliman, pinyahan, quezon city, ncr, 1100, Philippines",Long-term care and rehabilitation services,#N/A,Rehabilitation clinic,"QC Future Ready dashboard, Long-term care and rehabilitation services",8:00AM,6:00PM,14.63813357,121.0482163
488,Pinyahan,4,the oracle physical rehabilitation inc.,"unit 101, east side condominium corporation,, 77, malakas, pinyahan, quezon city, ncr, 1100","unit 101, east side condominium corporation, 77, malakas, pinyahan, quezon city, ncr, 1100, Philippines",Long-term care and rehabilitation services,#N/A,Physical therapy clinic,"QC Future Ready dashboard, Long-term care and rehabilitation services",9:00AM,6:00PM,14.63840402,121.048167
489,Pinyahan,4,brightsteps learning and development center,"unit 4 34, matapang, pinyahan, quezon city, ncr, 1100","unit 4 34, matapang, pinyahan, quezon city, ncr, 1100, Philippines",Long-term care and rehabilitation services,#N/A,Physical/occupational therapy school,"QC Future Ready dashboard, Long-term care and rehabilitation services",8:00AM,5:00PM,14.6401576,121.0500757
490,Pinyahan,4,Pinyahan,"37 Malakas St., Brgy. Pinyahan","37 Malakas Street, Barangay Pinyahan, Quezon City, Philippines",Health centers,#N/A,Health centers,"Data_QC Caring Cities Tracker, QC Administrative Data - Health",#N/A,#N/A,14.63813357,121.0482163
491,Pinyahan,4,marpe medical rehab center inc.,"rm 801 8th floor, malakas suites, 88 malakas st. diliman, pinyahan, quezon city, ncr, 1100","rm 801 8th floor, malakas suites, 88 malakas Street diliman, pinyahan, quezon city, ncr, 1100, Philippines",Long-term care and rehabilitation services,#N/A,Rehabilitation clinic,"QC Future Ready dashboard, Long-term care and rehabilitation services",8:00AM,6:00PM,14.63813357,121.0482163
492,Pinyahan,4,the oracle physical rehabilitation inc.,"unit 101, east side condominium corporation,, 77, malakas, pinyahan, quezon city, ncr, 1100","unit 101, east side condominium corporation, 77, malakas, pinyahan, quezon city, ncr, 1100, Philippines",Long-term care and rehabilitation services,#N/A,Physical therapy clinic,"QC Future Ready dashboard, Long-term care and rehabilitation services",9:00AM,6:00PM,14.63840402,121.048167
493,Pinyahan,4,"fremont learning academy, inc.","20, matino, pinyahan, quezon city, ncr, 1100","20, matino, pinyahan, quezon city, ncr, 1100, Philippines",Childcare,Private,Child learning center,"QC Future Ready dashboard, Childcare",7:00AM,6:00PM,#N/A,#N/A
494,Pinyahan,4,"fremont learning academy, inc.","20, matino, pinyahan, quezon city, ncr, 1100","20, matino, pinyahan, quezon city, ncr, 1100, Philippines",Childcare,Private,Child learning center,"QC Future Ready dashboard, Childcare",7:00AM,6:00PM,#N/A,#N/A
495,Pinyahan,4,Pinyahan Proper,"#35 Malakas St. Brgy. Hall Compd., Brgy. Pinyahan","#35 Malakas Street Barangay Hall Compd., Barangay Pinyahan, Quezon City, Philippines",Childcare,Public,Child development centers,"Data_QC Caring Cities Tracker, QC Administrative Data - Child",#N/A,#N/A,14.63496618,121.0473259
496,Project 6,1,"saint paul educational center bago- bantay,  inc.","8, road 1, project 6, quezon city, ncr, 1100","8, road 1, project 6, quezon city, ncr, 1100, Philippines",Schools,Private,Private school,"QC Future Ready dashboard, Schools",8:00AM,5:00PM,14.66082611,121.0373676
497,Project 6,1,Project 6,Alley 3 Project 6,"Alley 3 Project 6, Quezon City, Philippines",Childcare,Public,Child development centers,"Data_QC Caring Cities Tracker, QC Administrative Data - Child",#N/A,#N/A,14.66200495,121.0397192
498,Project 6,1,nexus' physical rehabilitation center,"82, one mckinson building, road 3, project 6, quezon city, ncr, 1100","82, one mckinson building, road 3, project 6, quezon city, ncr, 1100, Philippines",Long-term care and rehabilitation services,#N/A,Rehabilitation clinic,"QC Future Ready dashboard, Long-term care and rehabilitation services",9:00AM,8:00PM,14.66479093,121.0402952
499,Project 6,1,Project 6,"58 Alley 3, Brgy. Project 6","58 Alley 3, Barangay Project 6, Quezon City, Philippines",Health centers,#N/A,Health centers,"Data_QC Caring Cities Tracker, QC Administrative Data - Health",#N/A,#N/A,14.66176971,121.0404661
500,Quirino 2-A,3,"lord jesus learning institute, inc","17, bignay st, quirino 2a, quezon city, ncr, 1102","17, bignay st, quirino 2a, quezon city, ncr, 1102, Philippines",Schools,Private,Private school,"QC Future Ready dashboard, Schools",7:00AM,4:00PM,14.6321787,121.0591679
501,Quirino 2-A,3,Quirino 2A,"Anonas St., Brgy. Quirino 2A","Anonas Street, Barangay Quirino 2A, Quezon City, Philippines",Childcare,Public,Child development centers,"Data_QC Caring Cities Tracker, QC Administrative Data - Child",#N/A,#N/A,14.63172776,121.0606959
502,Quirino 2-B,3,jrt home care service,"07, langka st., quirino 2b, quezon city, ncr, 1102","07, langka Street, quirino 2b, quezon city, ncr, 1102, Philippines",Long-term care and rehabilitation services,#N/A,Psychiatric rehabilitation center,"QC Future Ready dashboard, Long-term care and rehabilitation services",8:00AM,5:00PM,14.634064,121.0621652
503,Quirino 2-B,3,Quirino 2B,"157B Pajo St., cor. Langka, Proj. 2, Brgy. Quirino 2B","157B Pajo Street, corner Langka, Proj. 2, Barangay Quirino 2B, Quezon City, Philippines",Childcare,Public,Child development centers,"Data_QC Caring Cities Tracker, QC Administrative Data - Child",#N/A,#N/A,14.63277021,121.063569
504,Quirino 2-B,3,E. Rodriguez,"150 Pajo St. Projec 2, Brgy. Quirino 2B","150 Pajo Street Projec 2, Barangay Quirino 2B, Quezon City, Philippines",Health centers,#N/A,Health centers,"Data_QC Caring Cities Tracker, QC Administrative Data - Health",#N/A,#N/A,14.63196102,121.063206
505,Quirino 2-B,3,jrt home care service,"07, langka st., quirino 2b, quezon city, ncr, 1102","07, langka Street, quirino 2b, quezon city, ncr, 1102, Philippines",Long-term care and rehabilitation services,#N/A,Psychiatric rehabilitation center,"QC Future Ready dashboard, Long-term care and rehabilitation services",8:00AM,5:00PM,14.634064,121.0621652
506,Quirino 2-C,3,Quirino 2C,"179 Bignay St., Project 2, Brgy. Quirino 2C","179 Bignay Street, Project 2, Barangay Quirino 2C, Quezon City, Philippines",Childcare,Public,Child development centers,"Data_QC Caring Cities Tracker, QC Administrative Data - Child",#N/A,#N/A,#N/A,#N/A
507,Ramon Magsaysay,1,Ramon Magsaysay I,Ilocos Sur St.,"Ilocos Sur Street, Quezon City, Philippines",Childcare,Public,Child development centers,"Data_QC Caring Cities Tracker, QC Administrative Data - Child",#N/A,#N/A,#N/A,#N/A
508,Ramon Magsaysay,1,potentials therapy center,"unit 2a 2nd flr., mic bldg., 72 bukidnon street, ramon magsaysay, quezon city, ncr, 1105","unit 2a 2nd Floor, mic Building, 72 bukidnon street, ramon magsaysay, quezon city, ncr, 1105, Philippines",Long-term care and rehabilitation services,#N/A,Therapeutic clinic,"QC Future Ready dashboard, Long-term care and rehabilitation services",8:00AM,6:00PM,14.6595977,121.025364
509,Ramon Magsaysay,1,kryptonite massage spa service,"space 203, 2nd flr., no. 2 congressional ave. , ramon magsaysay, quezon city, ncr, 1105","space 203, 2nd Floor, 2 congressional Avenue , ramon magsaysay, quezon city, ncr, 1105, Philippines",Long-term care and rehabilitation services,#N/A,Therapeutic clinic,"QC Future Ready dashboard, Long-term care and rehabilitation services",12:00AM,12:00AM,#N/A,#N/A
510,Ramon Magsaysay,1,Ramon Magsaysay II,Ilocos Sur St.,"Ilocos Sur Street, Quezon City, Philippines",Childcare,Public,Child development centers,"Data_QC Caring Cities Tracker, QC Administrative Data - Child",#N/A,#N/A,#N/A,#N/A
511,Roxas,4,li'l scouts therapy center,"244, sct. chuatoco, roxas, quezon city, ncr, 1103","244, sct. chuatoco, roxas, quezon city, ncr, 1103, Philippines",Long-term care and rehabilitation services,#N/A,Physical therapy clinic,"QC Future Ready dashboard, Long-term care and rehabilitation services",9:00AM,5:00PM,14.62767971,121.0282367
512,Roxas,4,Roxas,Champaca cor. Dahlia St. Brgy. Roxas,"Champaca corner Dahlia Street Barangay Roxas, Quezon City, Philippines",Childcare,Public,Child development centers,"Data_QC Caring Cities Tracker, QC Administrative Data - Child",#N/A,#N/A,14.62868051,121.0197983
513,Roxas,4,medical direct medical clinic,"unit 5  , indg bldg. , 77 nicanor roxas st, sto. domingo, quezon city, ncr, 1113","unit 5 , indg Building , 77 nicanor roxas st, sto. domingo, quezon city, ncr, 1113, Philippines",Long-term care and rehabilitation services,#N/A,Physical therapy clinic,"QC Future Ready dashboard, Long-term care and rehabilitation services",8:00AM,5:00PM,#N/A,#N/A
514,Roxas,4,Gen. Roxas,"Jasmin St. cor. Madre Silva St., Roxas District","Jasmin Street corner Madre Silva Street, Roxas District, Quezon City, Philippines",Health centers,#N/A,Health centers,"Data_QC Caring Cities Tracker, QC Administrative Data - Health",#N/A,#N/A,14.62824708,121.0217648
515,Roxas,4,Roxas Health Center,"Jasmin St. cor. Madre Silva St., Roxas District","Jasmin Street corner Madre Silva Street, Roxas District, Quezon City, Philippines",Health centers,#N/A,Health center pharmacy,"Data_QC Caring Cities Tracker, QC Administrative Data - Health",#N/A,#N/A,14.62824708,121.0217648
516,Sacred Heart,4,"childrens innovative therapeutic intervention specialists, inc.","5, tomas morato ave., sacred heart, quezon city, ncr, 1103","5, tomas morato Avenue, sacred heart, quezon city, ncr, 1103, Philippines",Long-term care and rehabilitation services,#N/A,Therapeutic clinic,"QC Future Ready dashboard, Long-term care and rehabilitation services",8:00AM,5:00PM,#N/A,#N/A
517,Sacred Heart,4,cradle of joy center for learning foundation inc.,"11th,  jamboree, sacred heart, quezon city, ncr, 1103","11th, jamboree, sacred heart, quezon city, ncr, 1103, Philippines",Schools,Private,Private school,"QC Future Ready dashboard, Schools",7:00AM,8:00PM,14.63159002,121.0412281
518,Sacred Heart,4,ccde centre for communication development and education,"unit c g/f, #39 scout ybardolaza st., sacred heart, quezon city, ncr, 1103","unit c g/f, #39 scout ybardolaza Street, sacred heart, quezon city, ncr, 1103, Philippines",Long-term care and rehabilitation services,#N/A,Physical/occupational therapy school,"QC Future Ready dashboard, Long-term care and rehabilitation services",5:00AM,8:00PM,14.63150151,121.0390316
519,Sacred Heart,4,"life change recovery center, inc.","105, scout rallos street, sacred heart, quezon city, ncr, 1103","105, scout rallos street, sacred heart, quezon city, ncr, 1103, Philippines",Long-term care and rehabilitation services,#N/A,Psychological clinic,"QC Future Ready dashboard, Long-term care and rehabilitation services",9:00AM,6:00PM,14.63306898,121.0400703
520,Salvacion,1,Salvacion,#74 Bulusan St.,"#74 Bulusan Street, Quezon City, Philippines",Childcare,Public,Child development centers,"Data_QC Caring Cities Tracker, QC Administrative Data - Child",#N/A,#N/A,14.62807701,120.994919
521,San Agustin,5,Nova Homes,"Narra St., Nova Homes Subd. Brgy. San Agustin","Narra Street, Nova Homes Subdivision Barangay San Agustin, Quezon City, Philippines",Childcare,Public,Child development centers,"Data_QC Caring Cities Tracker, QC Administrative Data - Child",#N/A,#N/A,14.73431774,121.036679
522,San Agustin,5,the b.u.g.s. learning and development center,"blk 23 , lot 8, paolo st., greenfields iii, san agustin, quezon city, ncr, 1117","blk 23 , lot 8, paolo Street, greenfields iii, san agustin, quezon city, ncr, 1117, Philippines",Childcare,Private,Child learning center,"QC Future Ready dashboard, Childcare",8:00AM,5:00PM,#N/A,#N/A
523,San Agustin,5,logm inc.,"g/f unit e, one susano prime, 188, susano road, san agustin, quezon city, ncr, 1117","g/f unit e, one susano prime, 188, susano road, san agustin, quezon city, ncr, 1117, Philippines",Long-term care and rehabilitation services,#N/A,Physical therapy clinic,"QC Future Ready dashboard, Long-term care and rehabilitation services",10:00AM,7:00PM,14.73475509,121.0339968
524,San Agustin,5,diliman educational corporation,"1, don raymundo st., san agustin village, talipapa, quezon city, ncr, 1116","1, don raymundo Street, san agustin village, talipapa, quezon city, ncr, 1116, Philippines",Childcare,Private,Child learning center,"QC Future Ready dashboard, Childcare",8:00AM,5:00PM,#N/A,#N/A
525,San Agustin,5,St. Francis,"Barangay Hall Compd., Patnubay Street, St. Francis Village","Barangay Hall Compd., Patnubay Street, Street Francis Village, Quezon City, Philippines",Childcare,Public,Child development centers,"Data_QC Caring Cities Tracker, QC Administrative Data - Child",#N/A,#N/A,14.728786,121.0383651
526,San Agustin,5,T.S. Cruz,"T.S. Cruz Day Care and Livelihood Center, Fidel St., T.S. Cruz Subdivision, Brgy. San Agustin","T.S. Cruz Day Care and Livelihood Center, Fidel Street, T.S. Cruz Subdivision, Barangay San Agustin, Quezon City, Philippines",Childcare,Public,Child development centers,"Data_QC Caring Cities Tracker, QC Administrative Data - Child",#N/A,#N/A,14.7277688,121.0353029
527,San Antonio,1,San Antonio I,173 West Riverside St.,"173 West Riverside Street, Quezon City, Philippines",Childcare,Public,Child development centers,"Data_QC Caring Cities Tracker, QC Administrative Data - Child",#N/A,#N/A,#N/A,#N/A
528,San Antonio,1,San Antonio III,"Lot 5 Alley 7, 31 San Jose St.","Lot 5 Alley 7, 31 San Jose Street, Quezon City, Philippines",Childcare,Public,Child development centers,"Data_QC Caring Cities Tracker, QC Administrative Data - Child",#N/A,#N/A,#N/A,#N/A
529,San Antonio,1,San Antonio II,47 Guerrero St.,"47 Guerrero Street, Quezon City, Philippines",Childcare,Public,Child development centers,"Data_QC Caring Cities Tracker, QC Administrative Data - Child",#N/A,#N/A,#N/A,#N/A
530,San Antonio,1,San Antonio Health Center,"38 San Jose, St. Brgy. San Antonio","38 San Jose, Street Barangay San Antonio, Quezon City, Philippines",Health centers,#N/A,Health center pharmacy,"Data_QC Caring Cities Tracker, QC Administrative Data - Health",#N/A,#N/A,14.64845807,121.0141993
531,San Antonio,1,"marriott school, inc.","162, tolentino st san francisco , ncr, san antonio, quezon city, ncr, 1105","162, tolentino st san francisco , ncr, san antonio, quezon city, ncr, 1105, Philippines",Schools,Private,Private school,"QC Future Ready dashboard, Schools",7:00AM,5:00PM,14.64757629,121.0146805
532,San Antonio,1,San Antonio,"38 San Jose, St. Brgy. San Antonio","38 San Jose, Street Barangay San Antonio, Quezon City, Philippines",Health centers,#N/A,Health centers,"Data_QC Caring Cities Tracker, QC Administrative Data - Health",#N/A,#N/A,14.64845807,121.0141993
533,San Bartolome,5,hiraya kinder tutorial center,"697, quirino highway, san bartolome, quezon city, ncr, 1116","697, quirino highway, san bartolome, quezon city, ncr, 1116, Philippines",Childcare,Private,Child learning center,"QC Future Ready dashboard, Childcare",9:00AM,6:00PM,14.70160998,121.03536
534,San Bartolome,5,Sampaguita,"Sampaguita Compound, Atlas Road, Brgy. San Bartolome","Sampaguita Compound, Atlas Road, Barangay San Bartolome, Quezon City, Philippines",Childcare,Public,Child development centers,"Data_QC Caring Cities Tracker, QC Administrative Data - Child",#N/A,#N/A,14.7119233,121.0288687
535,San Bartolome,5,Angela,"2nd flr. Vargas Hall, Marcos St., Doña Faustina","2nd Floor Vargas Hall, Marcos Street, Doña Faustina, Quezon City, Philippines",Childcare,Public,Child development centers,"Data_QC Caring Cities Tracker, QC Administrative Data - Child",#N/A,#N/A,14.70875034,121.0244441
536,San Bartolome,5,hiraya kinder tutorial center,"697, quirino highway, san bartolome, quezon city, ncr, 1116","697, quirino highway, san bartolome, quezon city, ncr, 1116, Philippines",Childcare,Private,Child learning center,"QC Future Ready dashboard, Childcare",9:00AM,6:00PM,14.70160998,121.03536
537,San Bartolome,5,San Bartolome,"Angela Covered Court, Marcus St. Doña Faustina Subd., Brgy. San Bartolome","Angela Covered Court, Marcus Street Doña Faustina Subdivision, Barangay San Bartolome, Quezon City, Philippines",Health centers,#N/A,Health centers,"Data_QC Caring Cities Tracker, QC Administrative Data - Health",#N/A,#N/A,14.7052265,121.0328273
538,San Bartolome,5,Nomar 2,"Santan St., Nomar Subd., Brgy. San Bartolome","Santan Street, Nomar Subdivision, Barangay San Bartolome, Quezon City, Philippines",Childcare,Public,Child development centers,"Data_QC Caring Cities Tracker, QC Administrative Data - Child",#N/A,#N/A,14.70100219,121.0410321
539,San Bartolome,5,"little shepherd child development center, inc.","b6 l 30-31, james st., san pedro subd., san bartolome, quezon city, ncr, 1116","b6 l 30-31, james Street, san pedro Subdivision, san bartolome, quezon city, ncr, 1116, Philippines",Schools,Private,Private school,"QC Future Ready dashboard, Schools",8:00AM,5:00PM,#N/A,#N/A
540,San Bartolome,5,st. john beverly school inc.,"749, quirino highway, san bartolome, quezon city, ncr, 1116","749, quirino highway, san bartolome, quezon city, ncr, 1116, Philippines",Schools,Private,Private school,"QC Future Ready dashboard, Schools",8:00AM,5:00PM,14.70567298,121.0381748
541,San Bartolome,5,Novaliches District Hospital,"683 Quirino Highway, Barangay San Bartolome, Novaliches","683 Quirino Highway, Barangay San Bartolome, Novaliches, Quezon City, Philippines",Health centers,#N/A,LGU-run hospitals,"Data_QC Caring Cities Tracker, QC Administrative Data - Health",#N/A,#N/A,14.70567298,121.0381748
542,San Isidro,4,Galas,"46 Bayani St. Brgy. San Isidro, Galas","46 Bayani Street Barangay San Isidro, Galas, Quezon City, Philippines",Health centers,#N/A,Health centers,"Data_QC Caring Cities Tracker, QC Administrative Data - Health",#N/A,#N/A,#N/A,#N/A
543,San Isidro,4,San Isidro Galas,"Brgy. San Isidro Galas Bgy. Hall Compound, Unang Hakbang St.","Barangay San Isidro Galas Barangay Hall Compound, Unang Hakbang Street, Quezon City, Philippines",Childcare,Public,Child development centers,"Data_QC Caring Cities Tracker, QC Administrative Data - Child",#N/A,#N/A,14.6116958,121.0092997
544,San Isidro Labrador,1,San Isidro Labrador,#91 Halcon St.,"#91 Halcon Street, Quezon City, Philippines",Childcare,Public,Child development centers,"Data_QC Caring Cities Tracker, QC Administrative Data - Child",#N/A,#N/A,#N/A,#N/A
545,San Isidro Labrador,1,siloam christian academy inc.,"2, san isidro labrador, payatas, quezon city, ncr, 1119","2, san isidro labrador, payatas, quezon city, ncr, 1119, Philippines",Schools,Private,Private school,"QC Future Ready dashboard, Schools",8:00AM,5:00PM,#N/A,#N/A
546,San Isidro Labrador,1,siloam christian academy inc.,"2, san isidro labrador, payatas, quezon city, ncr, 1119","2, san isidro labrador, payatas, quezon city, ncr, 1119, Philippines",Schools,Private,Private school,"QC Future Ready dashboard, Schools",8:00AM,5:00PM,#N/A,#N/A
547,San Jose,1,San Jose,"27 Tinagan St., Brgy. San Jose","27 Tinagan Street, Barangay San Jose, Quezon City, Philippines",Health centers,#N/A,Health centers,"Data_QC Caring Cities Tracker, QC Administrative Data - Health",#N/A,#N/A,14.64027869,120.994242
548,San Jose,1,San Jose,80 Tendido St.,"80 Tendido Street, Quezon City, Philippines",Childcare,Public,Child development centers,"Data_QC Caring Cities Tracker, QC Administrative Data - Child",#N/A,#N/A,14.64080162,120.9931693
549,San Jose,1,childcore therapy center,"c1, urban oasis residences, 431 a. bonifacio avenue, san jose , quezon city, ncr, 1115","c1, urban oasis residences, 431 a. bonifacio avenue, san jose , quezon city, ncr, 1115, Philippines",Long-term care and rehabilitation services,#N/A,Physical/occupational therapy school,"QC Future Ready dashboard, Long-term care and rehabilitation services",8:00AM,5:00PM,14.64055436,120.9923814
550,San Martin de Porres,4,San Martin de Porres I,Conrado Benitez St. Brgy. San Martin de Porres,"Conrado Benitez Street Barangay San Martin de Porres, Quezon City, Philippines",Childcare,Public,Child development centers,"Data_QC Caring Cities Tracker, QC Administrative Data - Child",#N/A,#N/A,14.6182804,121.0497587
551,San Martin de Porres,4,brilliant juniors academy inc.,"aysn sports centre, lot 8 p. tuazon blvd corner c. benitez street, san martin de porres, quezon city, ncr, 1111","aysn sports centre, lot 8 p. tuazon blvd corner c. benitez street, san martin de porres, quezon city, ncr, 1111, Philippines",Schools,Private,Private school,"QC Future Ready dashboard, Schools",8:00AM,5:00PM,#N/A,#N/A
552,San Martin de Porres,4,San Martin de Porres Annex,Conrado Benitez St. Brgy. San Martin de Porres,"Conrado Benitez Street Barangay San Martin de Porres, Quezon City, Philippines",Childcare,Public,Child development centers,"Data_QC Caring Cities Tracker, QC Administrative Data - Child",#N/A,#N/A,14.6182804,121.0497587
553,San Roque,3,Murphy Lying–In Clinic,"18th Avenue, Brgy. San Roque","18th Avenue, Barangay San Roque, Quezon City, Philippines",Health centers,#N/A,LGU-run lying-in clinics,"Data_QC Caring Cities Tracker, QC Administrative Data - Health",#N/A,#N/A,14.61769813,121.0625586
554,San Roque,3,malay counseling and psychosocial service,"18-d, 6th camarilla street, san roque, quezon city, ncr, 1109","18-d, 6th camarilla street, san roque, quezon city, ncr, 1109, Philippines",Long-term care and rehabilitation services,#N/A,Psychological clinic,"QC Future Ready dashboard, Long-term care and rehabilitation services",10:00AM,5:00PM,14.61418619,121.0636176
555,San Roque,3,Murphy Super,"37 18th Avenue, Brgy. San Roque","37 18th Avenue, Barangay San Roque, Quezon City, Philippines",Health centers,#N/A,Health centers,"Data_QC Caring Cities Tracker, QC Administrative Data - Health",#N/A,#N/A,14.61769813,121.0625586
556,San Roque,3,San Roque,"85 19th ave., Brgy. San Roque","85 19th Avenue, Barangay San Roque, Quezon City, Philippines",Childcare,Public,Child development centers,"Data_QC Caring Cities Tracker, QC Administrative Data - Child",#N/A,#N/A,14.61864699,121.063347
557,San Roque,3,Murphy Super Health Centers,"35 18th Avenue, Brgy. San Roque","35 18th Avenue, Barangay San Roque, Quezon City, Philippines",Health centers,#N/A,Super health care centers,"Data_QC Caring Cities Tracker, QC Administrative Data - Health",#N/A,#N/A,14.61769813,121.0625586
558,San Roque,3,a.c.e learning-bridge behavioral training and development services,"no. 70, 20th avenue, san roque, quezon city, ncr, 1109","70, 20th avenue, san roque, quezon city, ncr, 1109, Philippines",Childcare,Private,Child learning center,"QC Future Ready dashboard, Childcare",8:00AM,3:00PM,14.61777641,121.0645808
559,San Vicente,4,San Vicente,"#14 Maayusin Ext., Brgy. San Vicente","#14 Maayusin Extension, Barangay San Vicente, Quezon City, Philippines",Health centers,#N/A,Health centers,"Data_QC Caring Cities Tracker, QC Administrative Data - Health",#N/A,#N/A,14.65233446,121.0570022
560,San Vicente,4,San Vicente,Fatima St. cor. Maayusin Ext. Brgy. San Vicente,"Fatima Street corner Maayusin Extension Barangay San Vicente, Quezon City, Philippines",Childcare,Public,Child development centers,"Data_QC Caring Cities Tracker, QC Administrative Data - Child",#N/A,#N/A,14.6531219,121.0559879
561,San Vicente,4,San Vicente Sentrong Sigla Health Center,"#14 Maayusin Ext., Brgy. San Vicente","#14 Maayusin Extension, Barangay San Vicente, Quezon City, Philippines",Health centers,#N/A,Health center pharmacy,"Data_QC Caring Cities Tracker, QC Administrative Data - Health",#N/A,#N/A,14.65233446,121.0570022
562,Sangandaan,6,Sangandaan,"Premium St., Brgy. Sangandaan","Premium Street, Barangay Sangandaan, Quezon City, Philippines",Health centers,#N/A,Health centers,"Data_QC Caring Cities Tracker, QC Administrative Data - Health",#N/A,#N/A,14.67403558,121.0206566
563,Sangandaan,6,Redemption 1,Parklane Ext. Gertrudes St. Livelihood Building,"Parklane Extension Gertrudes Street Livelihood Building, Quezon City, Philippines",Childcare,Public,Child development centers,"Data_QC Caring Cities Tracker, QC Administrative Data - Child",#N/A,#N/A,#N/A,#N/A
564,Sangandaan,6,Insurance,72 Insurance St.,"72 Insurance Street, Quezon City, Philippines",Childcare,Public,Child development centers,"Data_QC Caring Cities Tracker, QC Administrative Data - Child",#N/A,#N/A,14.67274312,121.0185262
565,Sangandaan,6,allied international medical inc.,"lot 3-4 blk 2, vipra street, sangandaan, quezon city, ncr, 1116","lot 3-4 blk 2, vipra street, sangandaan, quezon city, ncr, 1116, Philippines",Long-term care and rehabilitation services,#N/A,Physical therapy clinic,"QC Future Ready dashboard, Long-term care and rehabilitation services",9:00AM,6:00PM,14.6787975,121.0182506
566,Sangandaan,6,Redemption 2,Parklane Ext. Gertrudes St. Livelihood Building,"Parklane Extension Gertrudes Street Livelihood Building, Quezon City, Philippines",Childcare,Public,Child development centers,"Data_QC Caring Cities Tracker, QC Administrative Data - Child",#N/A,#N/A,#N/A,#N/A
567,Sangandaan,6,Sitio San Roque,Sitio San Roque Compound,"Sitio San Roque Compound, Quezon City, Philippines",Childcare,Public,Child development centers,"Data_QC Caring Cities Tracker, QC Administrative Data - Child",#N/A,#N/A,#N/A,#N/A
568,Santol,4,Santol,"Brgy. Santol Brgy. Hall, Silencio cor. Baloy St.","Barangay Santol Barangay Hall, Silencio corner Baloy Street, Quezon City, Philippines",Childcare,Public,Child development centers,"Data_QC Caring Cities Tracker, QC Administrative Data - Child",#N/A,#N/A,14.6121625,121.0143531
569,Sauyo,6,Old Cabuyao,15 Old Cabuyao,"15 Old Cabuyao, Quezon City, Philippines",Childcare,Public,Child development centers,"Data_QC Caring Cities Tracker, QC Administrative Data - Child",#N/A,#N/A,#N/A,#N/A
570,Sauyo,6,Sauyo,"Greenville Drive, Brgy. Sauyo","Greenville Drive, Barangay Sauyo, Quezon City, Philippines",Health centers,#N/A,Health centers,"Data_QC Caring Cities Tracker, QC Administrative Data - Health",#N/A,#N/A,14.68800115,121.0377623
571,Sauyo,6,Sitio Cabuyao II,"Area 6, Sauyo Road","Area 6, Sauyo Road, Quezon City, Philippines",Childcare,Public,Child development centers,"Data_QC Caring Cities Tracker, QC Administrative Data - Child",#N/A,#N/A,#N/A,#N/A
572,Sauyo,6,"marian school of quezon city,inc.","199, sauyo road novaliches, sauyo, quezon city, ncr, 1116","199, sauyo road novaliches, sauyo, quezon city, ncr, 1116, Philippines",Schools,Private,Private school,"QC Future Ready dashboard, Schools",7:00AM,4:00PM,#N/A,#N/A
573,Sauyo,6,mary & child academy of sauyo inc.,"10, old cabuyao st., sauyo, quezon city, ncr, 1116","10, old cabuyao Street, sauyo, quezon city, ncr, 1116, Philippines",Schools,Private,Private school,"QC Future Ready dashboard, Schools",8:00AM,5:00PM,14.6938274,121.0426933
574,Sauyo,6,MASARNA,"201 Mabuhay Compd., Sauyo Rd.","201 Mabuhay Compd., Sauyo Road, Quezon City, Philippines",Childcare,Public,Child development centers,"Data_QC Caring Cities Tracker, QC Administrative Data - Child",#N/A,#N/A,#N/A,#N/A
575,Sauyo,6,Sitio Cabuyao I,"Area 5a, Sauyo Road","Area 5a, Sauyo Road, Quezon City, Philippines",Childcare,Public,Child development centers,"Data_QC Caring Cities Tracker, QC Administrative Data - Child",#N/A,#N/A,#N/A,#N/A
576,Sauyo,6,Baluyot,5 Baluyot I,"5 Baluyot I, Quezon City, Philippines",Childcare,Public,Child development centers,"Data_QC Caring Cities Tracker, QC Administrative Data - Child",#N/A,#N/A,14.7002214,121.0500803
577,Sauyo,6,135-99 (Alma Nova),135-99 Sauyo Rd.,"135-99 Sauyo Road, Quezon City, Philippines",Childcare,Public,Child development centers,"Data_QC Caring Cities Tracker, QC Administrative Data - Child",#N/A,#N/A,#N/A,#N/A
578,Sauyo,6,Lower Gulod,"135 Lower Gulod, Brgy. Sauyo","135 Lower Gulod, Barangay Sauyo, Quezon City, Philippines",Childcare,Public,Child development centers,"Data_QC Caring Cities Tracker, QC Administrative Data - Child",#N/A,#N/A,#N/A,#N/A
579,Sikatuna Village,4,travel aide and physical therapy services,"60, mahiyain st., sikatuna village, quezon city, ncr, 1101","60, mahiyain Street, sikatuna village, quezon city, ncr, 1101, Philippines",Long-term care and rehabilitation services,#N/A,Physical therapy clinic,"QC Future Ready dashboard, Long-term care and rehabilitation services",9:00AM,6:00PM,14.64077178,121.0601117
580,Silangan,3,Silangan,"193 Ermin Garcia St., Cubao, Brgy. Silangan","193 Ermin Garcia Street, Cubao, Barangay Silangan, Quezon City, Philippines",Childcare,Public,Child development centers,"Data_QC Caring Cities Tracker, QC Administrative Data - Child",#N/A,#N/A,14.6289644,121.0562046
581,Socorro,3,thriving minds learning center,"g-06-a, regalia park towers, 150 p. tuazon ave., cubao, socorro, quezon city, ncr, 1109","g-06-a, regalia park towers, 150 p. tuazon Avenue, cubao, socorro, quezon city, ncr, 1109, Philippines",Long-term care and rehabilitation services,#N/A,Physical/occupational therapy school,"QC Future Ready dashboard, Long-term care and rehabilitation services",8:00AM,5:00PM,14.615977,121.053503
582,Socorro,3,Socorro,"139 15th Avenue, Brgy. Socorro","139 15th Avenue, Barangay Socorro, Quezon City, Philippines",Health centers,#N/A,Health centers,"Data_QC Caring Cities Tracker, QC Administrative Data - Health",#N/A,#N/A,14.62166498,121.058609
583,Socorro,3,Socorro,"#1 15th ave. cor. Boni Serrano Rd., Brgy. Socorro","#1 15th Avenue corner Boni Serrano Road, Barangay Socorro, Quezon City, Philippines",Childcare,Public,Child development centers,"Data_QC Caring Cities Tracker, QC Administrative Data - Child",#N/A,#N/A,14.61270892,121.062744
584,Socorro,3,buela physical therapy clinic corporation,"5r 6r 7r 8r g/f, manhattan parkway, aurora boulevard, socorro, quezon city, ncr, 1109","5r 6r 7r 8r g/f, manhattan parkway, aurora boulevard, socorro, quezon city, ncr, 1109, Philippines",Long-term care and rehabilitation services,#N/A,Physical therapy clinic,"QC Future Ready dashboard, Long-term care and rehabilitation services",8:00AM,5:00PM,#N/A,#N/A
585,South Triangle,4,sanshaiwellnessspa massage service,"unit 107, unit bayo condotel, no.6 scout bayoran st. corner scout tuazon st., south triangle, quezon city, ncr, 1103","unit 107, unit bayo condotel, 6 scout bayoran Street corner scout tuazon Street, south triangle, quezon city, ncr, 1103, Philippines",Long-term care and rehabilitation services,#N/A,Therapeutic clinic,"QC Future Ready dashboard, Long-term care and rehabilitation services",9:00AM,9:00PM,14.63829828,121.0339461
586,South Triangle,4,paref pre-school inc,"142 g/f, m place mall, 116 panay avenue, south triangle, quezon city, ncr, 1103","142 g/f, m place mall, 116 panay avenue, south triangle, quezon city, ncr, 1103, Philippines",Schools,Private,Private school,"QC Future Ready dashboard, Schools",12:00AM,12:00AM,14.63966411,121.0325856
587,South Triangle,4,higher mind clinical institute incorporated,"unit 309a, south insula, timog ave, south triangle, quezon city, ncr, 1103","unit 309a, south insula, timog ave, south triangle, quezon city, ncr, 1103, Philippines",Long-term care and rehabilitation services,#N/A,Psychological clinic,"QC Future Ready dashboard, Long-term care and rehabilitation services",8:00AM,5:00PM,14.6348066,121.0362022
588,South Triangle,4,octarine physical therapy clinic,"37, scout borromeo , south triangle, quezon city, ncr, 1103","37, scout borromeo , south triangle, quezon city, ncr, 1103, Philippines",Long-term care and rehabilitation services,#N/A,Physical therapy clinic,"QC Future Ready dashboard, Long-term care and rehabilitation services",8:00AM,5:00PM,14.63720217,121.0341182
589,South Triangle,4,traumatology institute and psychological services,"unit a-c and f-g 11th floor, triumph square building, 1618 quezon avenue, south triangle, quezon city, ncr, 1103","unit a-c and f-g 11th floor, triumph square building, 1618 quezon avenue, south triangle, quezon city, ncr, 1103, Philippines",Long-term care and rehabilitation services,#N/A,Psychological clinic,"QC Future Ready dashboard, Long-term care and rehabilitation services",8:30AM,5:00PM,14.64061472,121.0319211
590,South Triangle,4,neuro psychological testing center,"03f-vir.24 , symphony tower 2, sgt. esguerra avenue, south triangle, quezon city, ncr, 1103","03f-vir.24 , symphony tower 2, sgt. esguerra avenue, south triangle, quezon city, ncr, 1103, Philippines",Long-term care and rehabilitation services,#N/A,Psychological clinic,"QC Future Ready dashboard, Long-term care and rehabilitation services",8:00PM,8:00PM,14.6342487,121.0388704
591,South Triangle,4,physio rehability services corporation,"unit s-08 , il terrazzo, tomas morato cor. scout madriñan, south triangle, quezon city, ncr, 1103","unit s-08 , il terrazzo, tomas morato corner scout madriñan, south triangle, quezon city, ncr, 1103, Philippines",Long-term care and rehabilitation services,#N/A,Physical therapy clinic,"QC Future Ready dashboard, Long-term care and rehabilitation services",9:00AM,6:00PM,14.63587608,121.0355996
592,South Triangle,4,cgnh nursing care facility services,"17 d, scout bayoran, south triangle, quezon city, ncr, 1103","17 d, scout bayoran, south triangle, quezon city, ncr, 1103, Philippines",Older persons care,#N/A,Nursing care center,"QC Future Ready dashboard, Older persons care",8:00AM,5:00PM,14.63783371,121.0360922
593,South Triangle,4,walcher health and wellness corporation,"2nd flr. , unit 2h pos bldg., 305 tomas morato ave. , south triangle, quezon city, ncr, 1109","2nd Floor , unit 2h pos Building, 305 tomas morato Avenue , south triangle, quezon city, ncr, 1109, Philippines",Long-term care and rehabilitation services,#N/A,Therapeutic clinic,"QC Future Ready dashboard, Long-term care and rehabilitation services",8:00AM,5:00PM,14.63573799,121.03526
594,South Triangle,4,physioworks physical therapy clinic,"il terrazzo, s- 08 sct. madrinan , south triangle, quezon city, ncr, 1103","il terrazzo, s- 08 sct. madrinan , south triangle, quezon city, ncr, 1103, Philippines",Long-term care and rehabilitation services,#N/A,Physical therapy clinic,"QC Future Ready dashboard, Long-term care and rehabilitation services",8:00AM,9:00PM,14.63661981,121.0316314
595,South Triangle,4,South Triangle,Brgy. South Triangle Barangay Hall Sct. Bayoran St.,"Barangay South Triangle Barangay Hall Sct. Bayoran Street, Quezon City, Philippines",Childcare,Public,Child development centers,"Data_QC Caring Cities Tracker, QC Administrative Data - Child",#N/A,#N/A,14.637723,121.037372
596,South Triangle,4,realign physiotherapy services,"7f, victoria sports tower station ii, edsa, south triangle, quezon city, ncr, 1103","7f, victoria sports tower station ii, edsa, south triangle, quezon city, ncr, 1103, Philippines",Long-term care and rehabilitation services,#N/A,Physical therapy clinic,"QC Future Ready dashboard, Long-term care and rehabilitation services",9:00AM,9:00PM,14.63475,121.04308
597,South Triangle,4,little stars therapy center,"commercial unit 1 and 2, future point plaza , panay ave, south triangle, quezon city, ncr, 1103","commercial unit 1 and 2, future point plaza , panay ave, south triangle, quezon city, ncr, 1103, Philippines",Long-term care and rehabilitation services,#N/A,Physical/occupational therapy school,"QC Future Ready dashboard, Long-term care and rehabilitation services",9:00AM,5:00PM,14.63916,121.03209
598,South Triangle,4,neuro psychological testing center,"03f-vir.24 , symphony tower 2, sgt. esguerra avenue, south triangle, quezon city, ncr, 1103","03f-vir.24 , symphony tower 2, sgt. esguerra avenue, south triangle, quezon city, ncr, 1103, Philippines",Long-term care and rehabilitation services,#N/A,Psychological clinic,"QC Future Ready dashboard, Long-term care and rehabilitation services",8:00PM,8:00PM,14.6342487,121.0388704
599,Sta. Cruz,1,Sta. Cruz,"2nd Flr. Multi-purpose Hall
23D Gen. Lim St.","2nd Floor Multi-purpose Hall
23D Gen. Lim Street, Quezon City, Philippines",Childcare,Public,Child development centers,"Data_QC Caring Cities Tracker, QC Administrative Data - Child",#N/A,#N/A,14.63516908,121.0215145
600,Sta. Lucia,5,Sta. Lucia Super Health Center,"Sta. Lucia Ave., Brgy. Sta. Lucia","Sta. Lucia Avenue, Barangay Sta. Lucia, Quezon City, Philippines",Health centers,#N/A,Health center pharmacy,"Data_QC Caring Cities Tracker, QC Administrative Data - Health",#N/A,#N/A,14.70728212,121.0534239
601,Sta. Lucia,5,Bonifacio,"2/F BPSO Building, Brgy. Hall Compound, A. Bonifacio St. Brgy. Sta. Lucia Ave.","2/F BPSO Building, Barangay Hall Compound, A. Bonifacio Street Barangay Sta. Lucia Avenue, Quezon City, Philippines",Childcare,Public,Child development centers,"Data_QC Caring Cities Tracker, QC Administrative Data - Child",#N/A,#N/A,#N/A,#N/A
602,Sta. Lucia,5,Sitio 6,"Lot 18 Blk 52, Abad Santos St, Sitio 6, Brgy. Sta Lucia","Lot 18 Blk 52, Abad Santos St, Sitio 6, Barangay Sta Lucia, Quezon City, Philippines",Childcare,Public,Child development centers,"Data_QC Caring Cities Tracker, QC Administrative Data - Child",#N/A,#N/A,14.70952329,121.0504179
603,Sta. Lucia,5,Balagtas,25 Balagtas St. cor. M. Aquino St. Brgy. Sta. Lucia,"25 Balagtas Street corner M. Aquino Street Barangay Sta. Lucia, Quezon City, Philippines",Childcare,Public,Child development centers,"Data_QC Caring Cities Tracker, QC Administrative Data - Child",#N/A,#N/A,14.70634588,121.0499308
604,Sta. Lucia,5,st. alexis community school of q.c. inc,"27, diego silang st., sta. lucia, quezon city, ncr, 1117","27, diego silang Street, sta. lucia, quezon city, ncr, 1117, Philippines",Schools,Private,Private school,"QC Future Ready dashboard, Schools",8:00AM,5:00PM,14.7034711,121.049255
605,Sta. Lucia,5,Tarhaville,"Blk 13 Lapu-lapu, Tarhaville Village, Brgy. Sta Lucia","Blk 13 Lapu-lapu, Tarhaville Village, Barangay Sta Lucia, Quezon City, Philippines",Childcare,Public,Child development centers,"Data_QC Caring Cities Tracker, QC Administrative Data - Child",#N/A,#N/A,14.70819835,121.0475115
606,Sta. Lucia,5,Sta. Lucia Super Health Centers,"Sta. Lucia Avenue, Brgy. Sta. Lucia","Sta. Lucia Avenue, Barangay Sta. Lucia, Quezon City, Philippines",Health centers,#N/A,Super health care centers,"Data_QC Caring Cities Tracker, QC Administrative Data - Health",#N/A,#N/A,14.70728212,121.0534239
607,Sta. Lucia,5,Sta. Lucia Super,"Sta. Lucia Ave., Brgy. Sta. Lucia","Sta. Lucia Avenue, Barangay Sta. Lucia, Quezon City, Philippines",Health centers,#N/A,Health centers,"Data_QC Caring Cities Tracker, QC Administrative Data - Health",#N/A,#N/A,14.70728212,121.0534239
608,Sta. Lucia,5,Sta. Lucia Lying-In Clinic,"Sta. Lucia Ave., Brgy. Sta Lucia","Sta. Lucia Avenue, Barangay Sta Lucia, Quezon City, Philippines",Health centers,#N/A,LGU-run lying-in clinics,"Data_QC Caring Cities Tracker, QC Administrative Data - Health",#N/A,#N/A,14.70728212,121.0534239
609,Sta. Lucia,5,Plainville,"St. Joseph St., Plainville Subdivision","Street Joseph Street, Plainville Subdivision, Quezon City, Philippines",Childcare,Public,Child development centers,"Data_QC Caring Cities Tracker, QC Administrative Data - Child",#N/A,#N/A,#N/A,#N/A
610,Sta. Monica,5,Palmera,"Multi-purpose Hall Mangga St. Phase I-A Palmera Homes, Brgy. Sta Monica","Multi-purpose Hall Mangga Street Phase I-A Palmera Homes, Barangay Sta Monica, Quezon City, Philippines",Childcare,Public,Child development centers,"Data_QC Caring Cities Tracker, QC Administrative Data - Child",#N/A,#N/A,14.7136546,121.0498761
611,Sta. Monica,5,Aguardiente,"1st floor Barangay Sta Monica Daycare Center Building, Pugong Ginto St., Aguardiente, Brgy. Sta Monica","1st floor Barangay Sta Monica Daycare Center Building, Pugong Ginto Street, Aguardiente, Barangay Sta Monica, Quezon City, Philippines",Childcare,Public,Child development centers,"Data_QC Caring Cities Tracker, QC Administrative Data - Child",#N/A,#N/A,14.71533924,121.0462435
612,Sta. Monica,5,tlc sped & therapy center,"1015 , unit d, salvador avenue, jordan plaines subdivision, sta. monica, quezon city, ncr, 1117","1015 , unit d, salvador avenue, jordan plaines subdivision, sta. monica, quezon city, ncr, 1117, Philippines",Childcare,Private,Child learning center,"QC Future Ready dashboard, Childcare",8:00AM,5:00PM,14.7250452,121.0481402
613,Sta. Monica,5,Sta. Monica,"Barangay Hall Compd., Moises St., Jordan Plains Subd., Brgy. Sta Monica","Barangay Hall Compd., Moises Street, Jordan Plains Subdivision, Barangay Sta Monica, Quezon City, Philippines",Childcare,Public,Child development centers,"Data_QC Caring Cities Tracker, QC Administrative Data - Child",#N/A,#N/A,14.7140514,121.0492105
614,Sta. Teresita,1,young abality therapy center,"ground floor mezzanine area ( bare type), mega one bldg, espana blvd. corner mayon st., sta. teresita, quezon city, ncr, 1114","ground floor mezzanine area ( bare type), mega one bldg, espana Boulevard corner mayon Street, sta. teresita, quezon city, ncr, 1114, Philippines",Long-term care and rehabilitation services,#N/A,Physical/occupational therapy school,"QC Future Ready dashboard, Long-term care and rehabilitation services",8:00AM,5:00PM,14.61800201,121.0016562
615,Sta. Teresita,1,bofill psychological services inc.,"sf01 one mayon place, mayon st., sta. teresita, quezon city, ncr, 1114","sf01 one mayon place, mayon Street, sta. teresita, quezon city, ncr, 1114, Philippines",Long-term care and rehabilitation services,#N/A,Psychological clinic,"QC Future Ready dashboard, Long-term care and rehabilitation services",8:00AM,5:00PM,#N/A,#N/A
616,Sta. Teresita,1,Sta. Teresita,Mayon cor. Dapitan St. Barangay Hall Compd.,"Mayon corner Dapitan Street Barangay Hall Compd., Quezon City, Philippines",Childcare,Public,Child development centers,"Data_QC Caring Cities Tracker, QC Administrative Data - Child",#N/A,#N/A,14.62197138,120.9996989
617,Sta. Teresita,1,fitness physical therapy corporation,"unit g 2/f 135, albealand corporation, mayon, sta. mesa heights, sta. teresita, quezon city, ncr, 1114","unit g 2/f 135, albealand corporation, mayon, sta. mesa heights, sta. teresita, quezon city, ncr, 1114, Philippines",Long-term care and rehabilitation services,#N/A,Physical therapy clinic,"QC Future Ready dashboard, Long-term care and rehabilitation services",8:00AM,5:00PM,14.6205,120.999
618,Sta. Teresita,1,playproject learning center,"ktc phase 2 retail 5 , kanlaon town center, 8 kanlaon street, sta. teresita, quezon city, ncr, 1114","ktc phase 2 retail 5 , kanlaon town center, 8 kanlaon street, sta. teresita, quezon city, ncr, 1114, Philippines",Childcare,Private,Child learning center,"QC Future Ready dashboard, Childcare",8:00AM,5:00PM,14.6205,120.999
619,Sta. Teresita,1,bridges - child dev't programme therapy center,"unit i j m 2nd & 3rd flr., 135, mayon st, sta. teresita, quezon city, ncr, 1114","unit i j m 2nd & 3rd Floor, 135, mayon st, sta. teresita, quezon city, ncr, 1114, Philippines",Long-term care and rehabilitation services,#N/A,Therapeutic clinic,"QC Future Ready dashboard, Long-term care and rehabilitation services",8:00AM,6:00PM,#N/A,#N/A
620,Sta. Teresita,1,Mercedes de Joya,"Dapitan cor. Mayon St., Brgy. Sta. Teresita","Dapitan corner Mayon Street, Barangay Sta. Teresita, Quezon City, Philippines",Health centers,#N/A,Health centers,"Data_QC Caring Cities Tracker, QC Administrative Data - Health",#N/A,#N/A,14.62197138,120.9996989
621,Sto. Cristo,1,posturecare chiropractic solutions corporation,"cc304 3/f, sm city north edsa, north avenue corner edsa avenue, sto. cristo, quezon city, ncr, 1105","cc304 3/f, sm city north edsa, north avenue corner edsa avenue, sto. cristo, quezon city, ncr, 1105, Philippines",Long-term care and rehabilitation services,#N/A,Physical therapy clinic,"QC Future Ready dashboard, Long-term care and rehabilitation services",10:00AM,9:00PM,14.6558256,121.0294998
622,Sto. Cristo,1,Bahay Bulilit,4 Misamis Ext. RSCC Compound,"4 Misamis Extension RSCC Compound, Quezon City, Philippines",Childcare,Public,Child development centers,"Data_QC Caring Cities Tracker, QC Administrative Data - Child",#N/A,#N/A,14.6581124,121.029042
623,Sto. Cristo,1,visionaries massage & accutherapy center inc.,"511, northlink, sm city north edsa, sto. cristo, quezon city, ncr, 1105","511, northlink, sm city north edsa, sto. cristo, quezon city, ncr, 1105, Philippines",Long-term care and rehabilitation services,#N/A,Therapeutic clinic,"QC Future Ready dashboard, Long-term care and rehabilitation services",10:00AM,10:00PM,14.656541,121.0302921
624,Sto. Cristo,1,Sto. Cristo,5 Romblon St.,"5 Romblon Street, Quezon City, Philippines",Childcare,Public,Child development centers,"Data_QC Caring Cities Tracker, QC Administrative Data - Child",#N/A,#N/A,14.66261402,121.02903
625,Sto. Domingo (Matalahib),1,asn physical therapy and wellness center  (opc),"4, sto domingo bldg. , santo domingo ave., sto. domingo, quezon city, ncr, 1114","4, sto domingo Building , santo domingo Avenue, sto. domingo, quezon city, ncr, 1114, Philippines",Long-term care and rehabilitation services,#N/A,Physical therapy clinic,"QC Future Ready dashboard, Long-term care and rehabilitation services",8:00AM,8:00PM,14.63030653,121.0081155
626,Sto. Domingo (Matalahib),1,Sto. Domingo,14 Maria Clara St.,"14 Maria Clara Street, Quezon City, Philippines",Childcare,Public,Child development centers,"Data_QC Caring Cities Tracker, QC Administrative Data - Child",#N/A,#N/A,#N/A,#N/A
627,Sto. Domingo (Matalahib),1,physiofirst health care clinic,"unit 204 2nd flr, jovita bldg, 426 banawe , cor tirad pass st., sta. mesa heights, sto. domingo, quezon city, ncr, 1114","unit 204 2nd flr, jovita bldg, 426 banawe , corner tirad pass Street, sta. mesa heights, sto. domingo, quezon city, ncr, 1114, Philippines",Long-term care and rehabilitation services,#N/A,Physical therapy clinic,"QC Future Ready dashboard, Long-term care and rehabilitation services",9:00PM,5:00PM,#N/A,#N/A
628,Sto. Domingo (Matalahib),1,l.a.r.o. therapy center,"unit 4 , sto. domingo bldg. , #4 sto. domingo st. , sto. domingo, quezon city, ncr, 1114","unit 4 , sto. domingo Building , #4 sto. domingo Street , sto. domingo, quezon city, ncr, 1114, Philippines",Long-term care and rehabilitation services,#N/A,Physical/occupational therapy school,"QC Future Ready dashboard, Long-term care and rehabilitation services",8:00AM,5:00PM,14.62692002,121.01099
629,Sto. Domingo (Matalahib),1,asn physical therapy and wellness center  (opc),"4, sto domingo bldg. , santo domingo ave., sto. domingo, quezon city, ncr, 1114","4, sto domingo Building , santo domingo Avenue, sto. domingo, quezon city, ncr, 1114, Philippines",Long-term care and rehabilitation services,#N/A,Physical therapy clinic,"QC Future Ready dashboard, Long-term care and rehabilitation services",8:00AM,8:00PM,14.63030653,121.0081155
630,Sto. Niño,4,Sto. Niño,Inocando St. Corner Santol St. Brgy. Sto. Niño,"Inocando Street Corner Santol Street Barangay Sto. Niño, Quezon City, Philippines",Childcare,Public,Child development centers,"Data_QC Caring Cities Tracker, QC Administrative Data - Child",#N/A,#N/A,14.6129509,121.012594
631,Tagumpay,3,Tagumpay,"2B P. Tuazon Blvd., Brgy. Tagumpay","2B P. Tuazon Boulevard, Barangay Tagumpay, Quezon City, Philippines",Childcare,Public,Child development centers,"Data_QC Caring Cities Tracker, QC Administrative Data - Child",#N/A,#N/A,14.6215976,121.0640723
632,Tagumpay,3,gprime physiotherapy services,"2f, metrolane complex, , p. tuazon cor. 20th ave., tagumpay, quezon city, ncr, 1109","2f, metrolane complex, p. tuazon corner 20th Avenue, tagumpay, quezon city, ncr, 1109, Philippines",Long-term care and rehabilitation services,#N/A,Physical therapy clinic,"QC Future Ready dashboard, Long-term care and rehabilitation services",9:00AM,5:00PM,#N/A,#N/A
633,Talayan,1,"pace academy talayan, inc.","126, talayan st., talayan, quezon city, ncr, 1104","126, talayan Street, talayan, quezon city, ncr, 1104, Philippines",Schools,Private,Private school,"QC Future Ready dashboard, Schools",7:00AM,4:00PM,14.63531707,121.011433
634,Talayan,1,Talayan Calamba,199 Calamba ext. Talayan Village,"199 Calamba Extension Talayan Village, Quezon City, Philippines",Childcare,Public,Child development centers,"Data_QC Caring Cities Tracker, QC Administrative Data - Child",#N/A,#N/A,14.63400735,121.0112701
635,Talipapa,6,Campo 2,"Campo 2, Tandang Sora","Campo 2, Tandang Sora, Quezon City, Philippines",Childcare,Public,Child development centers,"Data_QC Caring Cities Tracker, QC Administrative Data - Child",#N/A,#N/A,#N/A,#N/A
636,Talipapa,6,Tandang Sora,"506 Quirino Highway, Talipapa People Civic Center, Brgy. Talipapa","506 Quirino Highway, Talipapa People Civic Center, Barangay Talipapa, Quezon City, Philippines",Health centers,#N/A,Health centers,"Data_QC Caring Cities Tracker, QC Administrative Data - Health",#N/A,#N/A,14.68626553,121.0241216
637,Talipapa,6,Talipapa,Siklot St. Pleasantville Subd.,"Siklot Street Pleasantville Subdivision, Quezon City, Philippines",Childcare,Public,Child development centers,"Data_QC Caring Cities Tracker, QC Administrative Data - Child",#N/A,#N/A,14.68735409,121.0271243
638,Talipapa,6,eonsegen corp.,"unit d211 3rd floor,  q square lifestyle center, 375 quirino highway, talipapa, quezon city, ncr, 1116","unit d211 3rd floor, q square lifestyle center, 375 quirino highway, talipapa, quezon city, ncr, 1116, Philippines",Long-term care and rehabilitation services,#N/A,Therapeutic clinic,"QC Future Ready dashboard, Long-term care and rehabilitation services",9:00AM,3:00AM,14.680623,121.019119
639,Talipapa,6,CANO,Blk 5 Lot 1 Sto. Niño Village,"Blk 5 Lot 1 Sto. Niño Village, Quezon City, Philippines",Childcare,Public,Child development centers,"Data_QC Caring Cities Tracker, QC Administrative Data - Child",#N/A,#N/A,#N/A,#N/A
640,Talipapa,6,La Trinidad,La Trinidad Village Whole Court,"La Trinidad Village Whole Court, Quezon City, Philippines",Childcare,Public,Child development centers,"Data_QC Caring Cities Tracker, QC Administrative Data - Child",#N/A,#N/A,#N/A,#N/A
641,Talipapa,6,inner core psychiatric clinic,"441, quirino hi-way , talipapa, quezon city, ncr, 1116","441, quirino hi-way , talipapa, quezon city, ncr, 1116, Philippines",Long-term care and rehabilitation services,#N/A,Psychological clinic,"QC Future Ready dashboard, Long-term care and rehabilitation services",8:00AM,5:00PM,14.68626553,121.0241216
642,Talipapa,6,Gloria V,"Candido St. cor. Sampaguita, Gloria V Subd.","Candido Street corner Sampaguita, Gloria V Subdivision, Quezon City, Philippines",Childcare,Public,Child development centers,"Data_QC Caring Cities Tracker, QC Administrative Data - Child",#N/A,#N/A,14.68421275,121.0303113
643,Talipapa,6,Del Nacia,Dal Nacia 3 Subd.,"Dal Nacia 3 Subdivision, Quezon City, Philippines",Childcare,Public,Child development centers,"Data_QC Caring Cities Tracker, QC Administrative Data - Child",#N/A,#N/A,#N/A,#N/A
644,Tandang Sora,6,dr. carlos s. lanting college inc.,"21, tandang sora ave, talipapa, quezon city, ncr, 1116","21, tandang sora ave, talipapa, quezon city, ncr, 1116, Philippines",Schools,Private,Private school,"QC Future Ready dashboard, Schools",7:00AM,8:00PM,#N/A,#N/A
645,Tandang Sora,6,nextgen learning center,"712c, peace valley tandang sora, matandang balara, quezon city, ncr, 1119","712c, peace valley tandang sora, matandang balara, quezon city, ncr, 1119, Philippines",Long-term care and rehabilitation services,#N/A,Physical/occupational therapy school,"QC Future Ready dashboard, Long-term care and rehabilitation services",8:00AM,4:00PM,#N/A,#N/A
646,Tandang Sora,6,"aba learning & development therapy center, inc.","127 , jayvee commercial building, lot b, tandang sora avenue, pasong tamo, quezon city, ncr, 1107","127 , jayvee commercial building, lot b, tandang sora avenue, pasong tamo, quezon city, ncr, 1107, Philippines",Long-term care and rehabilitation services,#N/A,Physical/occupational therapy school,"QC Future Ready dashboard, Long-term care and rehabilitation services",8:00AM,5:00PM,#N/A,#N/A
647,Tandang Sora,6,Melchora Aquino,"Loboc St. Napocor Village, Brgy. Tandang Sora","Loboc Street Napocor Village, Barangay Tandang Sora, Quezon City, Philippines",Health centers,#N/A,Health centers,"Data_QC Caring Cities Tracker, QC Administrative Data - Health",#N/A,#N/A,14.68631246,121.0474689
648,Tandang Sora,6,childs kingdom of learning in q.c. inc.,"roque comp, 38 npc village , tandang sora, quezon city, ncr, 1116","roque comp, 38 npc village , tandang sora, quezon city, ncr, 1116, Philippines",Childcare,Private,Child learning center,"QC Future Ready dashboard, Childcare",8:00AM,5:00PM,#N/A,#N/A
649,Tandang Sora,6,"dr. carlos s. lanting college, incorporated","16, tandang sora ave., sangandaan, quezon city, ncr, 1116","16, tandang sora Avenue, sangandaan, quezon city, ncr, 1116, Philippines",Schools,Private,Private school,"QC Future Ready dashboard, Schools",6:00AM,9:00PM,#N/A,#N/A
650,Tandang Sora,6,catholic filipino academy (cfa) inc.,"81, pantabangan street, nia village, tandang sora, quezon city, ncr, 1116","81, pantabangan street, nia village, tandang sora, quezon city, ncr, 1116, Philippines",Schools,Private,Private school,"QC Future Ready dashboard, Schools",6:00AM,5:00PM,14.68860898,121.047244
651,Tandang Sora,6,dr. carlos s. lanting college inc.,"21, tandang sora ave, talipapa, quezon city, ncr, 1116","21, tandang sora ave, talipapa, quezon city, ncr, 1116, Philippines",Schools,Private,Private school,"QC Future Ready dashboard, Schools",7:00AM,8:00PM,#N/A,#N/A
652,Tandang Sora,6,Tandang Sora Shrine,228 Banlat Road,"228 Banlat Road, Quezon City, Philippines",Childcare,Public,Child development centers,"Data_QC Caring Cities Tracker, QC Administrative Data - Child",#N/A,#N/A,14.68283037,121.0401229
653,Tandang Sora,6,"aba learning & development therapy center, inc.","127 , jayvee commercial building, lot b, tandang sora avenue, pasong tamo, quezon city, ncr, 1107","127 , jayvee commercial building, lot b, tandang sora avenue, pasong tamo, quezon city, ncr, 1107, Philippines",Long-term care and rehabilitation services,#N/A,Physical/occupational therapy school,"QC Future Ready dashboard, Long-term care and rehabilitation services",8:00AM,5:00PM,#N/A,#N/A
654,Tandang Sora,6,st. mark integrated school inc.,"#3, gloria ii subd., tandang sora, quezon city, ncr, 1116","#3, gloria ii Subdivision, tandang sora, quezon city, ncr, 1116, Philippines",Childcare,Private,Child learning center,"QC Future Ready dashboard, Childcare",8:00AM,5:00PM,14.67661389,121.042736
655,Tandang Sora,6,brightkids speech and occupational rehabilitation center,"483-b, tandang sora avenue, tandang sora, quezon city, ncr, 1116","483-b, tandang sora avenue, tandang sora, quezon city, ncr, 1116, Philippines",Long-term care and rehabilitation services,#N/A,Physical/occupational therapy school,"QC Future Ready dashboard, Long-term care and rehabilitation services",8:00AM,5:00PM,14.67649233,121.03802
656,Tandang Sora,6,Banlat,"13 Daffodil St. cor. Daisy St., Del Nacia 1 Village, Brgy. Tandang Sora","13 Daffodil Street corner Daisy Street, Del Nacia 1 Village, Barangay Tandang Sora, Quezon City, Philippines",Health centers,#N/A,Health centers,"Data_QC Caring Cities Tracker, QC Administrative Data - Health",#N/A,#N/A,14.6793484,121.0339209
657,Tandang Sora,6,st. mark integrated school inc.,"#3, gloria ii subd., tandang sora, quezon city, ncr, 1116","#3, gloria ii Subdivision, tandang sora, quezon city, ncr, 1116, Philippines",Childcare,Private,Child learning center,"QC Future Ready dashboard, Childcare",8:00AM,5:00PM,14.67661389,121.042736
658,Tandang Sora,6,r.a.k therapeutic clinic,"unit e 3rd flr. , cayman square building , 195 tandang sora avenue , tandang sora, quezon city, ncr, 1116","unit e 3rd Floor , cayman square building , 195 tandang sora avenue , tandang sora, quezon city, ncr, 1116, Philippines",Long-term care and rehabilitation services,#N/A,Physical therapy clinic,"QC Future Ready dashboard, Long-term care and rehabilitation services",10:00AM,9:00PM,14.67658401,121.037975
659,Tandang Sora,6,Banlat Health Center,"13 Daffodil St. cor. Daisy St., Del Nacia 1 Village, Brgy. Tandang Sora","13 Daffodil Street corner Daisy Street, Del Nacia 1 Village, Barangay Tandang Sora, Quezon City, Philippines",Health centers,#N/A,Health center pharmacy,"Data_QC Caring Cities Tracker, QC Administrative Data - Health",#N/A,#N/A,14.6793484,121.0339209
660,Tandang Sora,6,Carmel V,"37 Taurus St., Carmel V","37 Taurus Street, Carmel V, Quezon City, Philippines",Childcare,Public,Child development centers,"Data_QC Caring Cities Tracker, QC Administrative Data - Child",#N/A,#N/A,#N/A,#N/A
661,Tandang Sora,6,Apo Ville,"Multi-Purpose Hall Delta Vill. Ext., Tandang Sora","Multi-Purpose Hall Delta Village Extension, Tandang Sora, Quezon City, Philippines",Childcare,Public,Child development centers,"Data_QC Caring Cities Tracker, QC Administrative Data - Child",#N/A,#N/A,14.6802544,121.0406533
662,Tandang Sora,6,catholic filipino academy (cfa) inc.,"81, pantabangan street, nia village, tandang sora, quezon city, ncr, 1116","81, pantabangan street, nia village, tandang sora, quezon city, ncr, 1116, Philippines",Schools,Private,Private school,"QC Future Ready dashboard, Schools",6:00AM,5:00PM,14.68860898,121.047244
663,Tatalon,4,Manunggal I,Manunggal St. Brgy. Tatalon,"Manunggal Street Barangay Tatalon, Quezon City, Philippines",Childcare,Public,Child development centers,"Data_QC Caring Cities Tracker, QC Administrative Data - Child",#N/A,#N/A,14.62203101,121.0141846
664,Tatalon,4,norwich brent cedric school inc.,"# 8, agno ext., tatalon, quezon city, ncr, 1113","# 8, agno Extension, tatalon, quezon city, ncr, 1113, Philippines",Schools,Private,Private school,"QC Future Ready dashboard, Schools",8:00AM,5:00PM,14.62674802,121.0130763
665,Tatalon,4,Tatalon,"33 Victory Ave., Brgy. Tatalon","33 Victory Avenue, Barangay Tatalon, Quezon City, Philippines",Health centers,#N/A,Health centers,"Data_QC Caring Cities Tracker, QC Administrative Data - Health",#N/A,#N/A,14.62180233,121.0124449
666,Tatalon,4,play avenue therapy center co.,"unit 405, elements at quezon ave. bldg.,, #560 quezon ave., tatalon, quezon city, ncr, 1113","unit 405, elements at quezon Avenue Building, #560 quezon Avenue, tatalon, quezon city, ncr, 1113, Philippines",Long-term care and rehabilitation services,#N/A,Physical/occupational therapy school,"QC Future Ready dashboard, Long-term care and rehabilitation services",9:00AM,5:00PM,#N/A,#N/A
667,Tatalon,4,Manunggal II,"#15 Senior Citizen Bldg., Manunggal St. Brgy. Tatalon","#15 Senior Citizen Building, Manunggal Street Barangay Tatalon, Quezon City, Philippines",Childcare,Public,Child development centers,"Data_QC Caring Cities Tracker, QC Administrative Data - Child",#N/A,#N/A,14.6238209,121.0140205
668,Teachers Village East,4,motion-line physical therapy clinic,"unit 3, 99 suite maginhawa bldg., maginhawa st., teachers village east, quezon city, ncr, 1101","unit 3, 99 suite maginhawa Building, maginhawa Street, teachers village east, quezon city, ncr, 1101, Philippines",Long-term care and rehabilitation services,#N/A,Physical therapy clinic,"QC Future Ready dashboard, Long-term care and rehabilitation services",9:00AM,9:00PM,#N/A,#N/A
669,U. P. Campus,4,Amorsolo II,"Barangay Hall Compd., Pook Amorsolo Brgy. UP Campus","Barangay Hall Compd., Pook Amorsolo Barangay UP Campus, Quezon City, Philippines",Childcare,Public,Child development centers,"Data_QC Caring Cities Tracker, QC Administrative Data - Child",#N/A,#N/A,#N/A,#N/A
670,U. P. Campus,4,Pook Daang Tubo,Pook Daang Tubo Brgy. UP Campus,"Pook Daang Tubo Barangay UP Campus, Quezon City, Philippines",Childcare,Public,Child development centers,"Data_QC Caring Cities Tracker, QC Administrative Data - Child",#N/A,#N/A,#N/A,#N/A
671,U. P. Campus,4,Pook Village B,Pook Village B Brgy. UP Campus,"Pook Village B Barangay UP Campus, Quezon City, Philippines",Childcare,Public,Child development centers,"Data_QC Caring Cities Tracker, QC Administrative Data - Child",#N/A,#N/A,#N/A,#N/A
672,U. P. Campus,4,Amorsolo,"Barangay Hall Compd., Pook Amorsolo Brgy. UP Campus","Barangay Hall Compd., Pook Amorsolo Barangay UP Campus, Quezon City, Philippines",Childcare,Public,Child development centers,"Data_QC Caring Cities Tracker, QC Administrative Data - Child",#N/A,#N/A,#N/A,#N/A
673,U. P. Campus,4,Pook Libis,Pook Libis Brgy. UP Campus,"Pook Libis Barangay UP Campus, Quezon City, Philippines",Childcare,Public,Child development centers,"Data_QC Caring Cities Tracker, QC Administrative Data - Child",#N/A,#N/A,#N/A,#N/A
674,Ugong Norte,3,whealthcare systems opc,"stall #3 and 4, greenmeadows park, lovebird street, greenmeadows i, ugong norte, quezon city, ncr, 1110","stall #3 and 4, greenmeadows park, lovebird street, greenmeadows i, ugong norte, quezon city, ncr, 1110, Philippines",Long-term care and rehabilitation services,#N/A,Physical therapy clinic,"QC Future Ready dashboard, Long-term care and rehabilitation services",8:00AM,10:00PM,14.596,121.067
675,Unang Sigaw,6,Unang Sigaw,3 North Diversion Rd. Balintawak,"3 North Diversion Road Balintawak, Quezon City, Philippines",Childcare,Public,Child development centers,"Data_QC Caring Cities Tracker, QC Administrative Data - Child",#N/A,#N/A,#N/A,#N/A
676,Valencia,4,acuholistic health center,"unit no. ug-08, winland tower residences , 39 granada street cor. valencia street, valencia, quezon city, ncr, 1112","unit ug-08, winland tower residences , 39 granada street corner valencia street, valencia, quezon city, ncr, 1112, Philippines",Long-term care and rehabilitation services,#N/A,Physical therapy clinic,"QC Future Ready dashboard, Long-term care and rehabilitation services",9:30AM,4:30AM,14.6124722,121.0354737
677,Vasra,1,Vasra I,40 Forestry St.,"40 Forestry Street, Quezon City, Philippines",Childcare,Public,Child development centers,"Data_QC Caring Cities Tracker, QC Administrative Data - Child",#N/A,#N/A,14.65977467,121.0455666
678,Vasra,1,bodylite center inc.,"g/f, jade palace, #33 visayas ave., vasra, quezon city, ncr, 1128","g/f, jade palace, #33 visayas Avenue, vasra, quezon city, ncr, 1128, Philippines",Long-term care and rehabilitation services,#N/A,Therapeutic clinic,"QC Future Ready dashboard, Long-term care and rehabilitation services",8:00AM,5:00PM,14.6600776,121.0444835
679,Vasra,1,Vasra II,40 Forestry St.,"40 Forestry Street, Quezon City, Philippines",Childcare,Public,Child development centers,"Data_QC Caring Cities Tracker, QC Administrative Data - Child",#N/A,#N/A,14.65977467,121.0455666
680,Veterans Village,1,Veterans Village,#3 Palomaria St. cor. Bansalangin St.,"#3 Palomaria Street corner Bansalangin Street, Quezon City, Philippines",Childcare,Public,Child development centers,"Data_QC Caring Cities Tracker, QC Administrative Data - Child",#N/A,#N/A,14.6533197,121.024622
681,Veterans Village,1,shepherd's hand learning center of quezon city inc.,"27, rose  st. area 9-b, veterans village, pasong tamo, quezon city, ncr, 1107","27, rose Street area 9-b, veterans village, pasong tamo, quezon city, ncr, 1107, Philippines",Schools,Private,Private school,"QC Future Ready dashboard, Schools",7:00AM,7:00PM,#N/A,#N/A
682,Veterans Village,1,Project 7,"39 Bansalangin St., Brgy Veterans Village","39 Bansalangin Street, Barangay Veterans Village, Quezon City, Philippines",Health centers,#N/A,Health centers,"Data_QC Caring Cities Tracker, QC Administrative Data - Health",#N/A,#N/A,14.65347,121.024564
683,Villa Maria Clara,3,Villa Maria Clara,"Barangay Hall, Rajah Matanda, Brgy. Villa Maria Clara","Barangay Hall, Rajah Matanda, Barangay Villa Maria Clara, Quezon City, Philippines",Childcare,Public,Child development centers,"Data_QC Caring Cities Tracker, QC Administrative Data - Child",#N/A,#N/A,#N/A,#N/A
684,West Kamias,3,West Kamias,"2nd Flr. Barangay Hall, 2 K 10th St., , Brgy. West Kamias","2nd Floor Barangay Hall, 2 K 10th Street, Barangay West Kamias, Quezon City, Philippines",Childcare,Public,Child development centers,"Data_QC Caring Cities Tracker, QC Administrative Data - Child",#N/A,#N/A,14.6288775,121.0483045
685,West Kamias,3,badges therapy center,"24-a, k-8th, west kamias, quezon city, ncr, 1102","24-a, k-8th, west kamias, quezon city, ncr, 1102, Philippines",Long-term care and rehabilitation services,#N/A,Physical therapy clinic,"QC Future Ready dashboard, Long-term care and rehabilitation services",8:00AM,5:00PM,14.63022852,121.0496115
686,West Triangle,1,les cheveux salon and spa,"# 68, west ave., west triangle, quezon city, ncr, 1104","# 68, west Avenue, west triangle, quezon city, ncr, 1104, Philippines",Long-term care and rehabilitation services,#N/A,Therapeutic clinic,"QC Future Ready dashboard, Long-term care and rehabilitation services",8:00AM,5:00PM,#N/A,#N/A
687,#N/A,1,Sitio Sto. Cristo,#25 Sitio Sto. Cristo,"#25 Sitio Sto. Cristo, Quezon City, Philippines",Childcare,Public,Child development centers,"Data_QC Caring Cities Tracker, QC Administrative Data - Child",#N/A,#N/A,#N/A,#N/A
688,Baesa,6,Quezon City Human Milk Bank,"General Hospital, Seminary Rd, Project 8, Quezon City, Metro Manila","General Hospital, Seminary Rd, Project 8, Quezon City, Metro Manila, Philippines",Health centers,#N/A,Human milk bank,"Data_QC Caring Cities Tracker, QC Administrative Data - Health",#N/A,#N/A,14.66488756,121.0152911
689,Batasan Hills,2,#N/A,"SB Park Batasan Road, Barangay Batasan Hills, Quezon City","SB Park Batasan Road, Barangay Batasan Hills, Quezon City, Philippines",Quezon City satellite offices for services,#N/A,District 2,"Data_QC Caring Cities Tracker, QC LGU Services&Locations",#N/A,#N/A,14.69086675,121.0954236
690,Central,4,Doña Nicasia,"689 Matapang St., Doña Nicasia Subd.","689 Matapang Street, Doña Nicasia Subdivision, Quezon City, Philippines",Health centers,#N/A,Health centers,"Data_QC Caring Cities Tracker, QC Administrative Data - Health",#N/A,#N/A,14.64031314,121.0492598
691,Central,4,Philippine Heart Center,"East Avenue, Diliman","Philippine Heart Center East Avenue, Diliman, Quezon City, Philippines",Health centers,#N/A,National government-owned hospitals,"Data_QC Caring Cities Tracker, QC Administrative Data - Health",#N/A,#N/A,14.6441499,121.0459581
692,Central,4,National Kidney and Transplant Institute,"East Avenue, Diliman","National Kidney and Transplant Institute East Avenue, Diliman, Quezon City, Philippines",Health centers,#N/A,National government-owned hospitals,"Data_QC Caring Cities Tracker, QC Administrative Data - Health",#N/A,#N/A,14.6473447,121.0451401
693,Central,4,East Avenue Medical Center,"East Avenue, Diliman","East Avenue Medical Center East Avenue, Diliman, Quezon City, Philippines",Health centers,#N/A,National government-owned hospitals,"Data_QC Caring Cities Tracker, QC Administrative Data - Health",#N/A,#N/A,14.6421432,121.0479837
694,Central,4,QC Migrants Resource center,Quezon city Hall,"Quezon city Hall, Philippines",Trainings,#N/A,QC Migrants Resource Center,"Data_QC Caring Cities Tracker, QC Migrant Workers Training",#N/A,#N/A,14.64667,121.0498
695,E. Rodriguez,3,aba limitless' discovery' therapy center,"room 201, bbb property rental, #22 purdue st., e. rodriguez, quezon city, ncr, 1102","room 201, bbb property rental, #22 purdue Street, e. rodriguez, quezon city, ncr, 1102, Philippines",Long-term care and rehabilitation services,#N/A,Physical/occupational therapy school,"QC Future Ready dashboard, Long-term care and rehabilitation services",8:00AM,5:00PM,14.6271309,121.0527052
696,E. Rodriguez,3,Ermin Garcia,"53 Cambridge St., Cubao","53 Cambridge Street, Cubao, Quezon City, Philippines",Health centers,#N/A,Health centers,"Data_QC Caring Cities Tracker, QC Administrative Data - Health",#N/A,#N/A,14.62632201,121.052336
697,E. Rodriguez,3,aba limitless' discovery' therapy center,"room 201, bbb property rental, #22 purdue st., e. rodriguez, quezon city, ncr, 1102","room 201, bbb property rental, #22 purdue Street, e. rodriguez, quezon city, ncr, 1102, Philippines",Long-term care and rehabilitation services,#N/A,Physical/occupational therapy school,"QC Future Ready dashboard, Long-term care and rehabilitation services",8:00AM,5:00PM,14.6271309,121.0527052
698,E. Rodriguez,3,ls agile pt services opc,"unit 3c, st. martin building, 17 west point street, e. rodriguez, quezon city, ncr, 1102","unit 3c, Street martin building, 17 west point street, e. rodriguez, quezon city, ncr, 1102, Philippines",Long-term care and rehabilitation services,#N/A,Physical therapy clinic,"QC Future Ready dashboard, Long-term care and rehabilitation services",9:00AM,6:00PM,14.62575645,121.0512639
699,E. Rodriguez,3,"stella maris college, inc.","891, cambridge st., cubao, e. rodriguez, quezon city, ncr, 1102","891, cambridge Street, cubao, e. rodriguez, quezon city, ncr, 1102, Philippines",Schools,Private,Private school,"QC Future Ready dashboard, Schools",8:00AM,5:00PM,14.6267326,121.0522188
700,E. Rodriguez,3,spa meraki opc,"mezzanine flr., coronet commercial  theatre building, imperial st. cubao, e. rodriguez, quezon city, ncr, 1102","mezzanine Floor, coronet commercial theatre building, imperial Street cubao, e. rodriguez, quezon city, ncr, 1102, Philippines",Long-term care and rehabilitation services,#N/A,Therapeutic clinic,"QC Future Ready dashboard, Long-term care and rehabilitation services",8:00AM,5:00PM,14.62603887,121.0518412
701,Lourdes,1,Philippine Orthopedic Center,Maria Clara cor. Banawe Street,"Philippine Orthopedic Center Maria Clara corner Banawe Street, Quezon City, Philippines",Health centers,#N/A,National government-owned hospitals,"Data_QC Caring Cities Tracker, QC Administrative Data - Health",#N/A,#N/A,14.6276131,121.0031984
702,Marilag,3,#N/A,"25 Calderon St., Barangay Marilag Project 4","25 Calderon Street, Barangay Marilag Project 4, Quezon City, Philippines",Quezon City satellite offices for services,#N/A,District 3,"Data_QC Caring Cities Tracker, QC LGU Services&Locations",#N/A,#N/A,14.62865792,121.0707373
703,Milagrosa,3,Quirino Memorial Medical Center,"JP Rizal cor. P. Tuazon Sts, Project 4","Quirino Memorial Medical Center JP Rizal corner P. Tuazon Sts, Project 4, Quezon City, Philippines",Health centers,#N/A,National government-owned hospitals,"Data_QC Caring Cities Tracker, QC Administrative Data - Health",#N/A,#N/A,14.6222558,121.0706595
704,Paligsahan,4,#N/A,"#65 Scout Reyes Archival Building, Barangay Paligsahan","#65 Scout Reyes Archival Building, Barangay Paligsahan, Quezon City, Philippines",Quezon City satellite offices for services,#N/A,District 4,"Data_QC Caring Cities Tracker, QC LGU Services&Locations",#N/A,#N/A,14.6319589,121.0224652
705,Quirino 3-A,3,re-life physiotherapy services,"gf, anonas prime square building, 100 anonas street, project 3, quirino 3a, quezon city, ncr, 1102","gf, anonas prime square building, 100 anonas street, project 3, quirino 3a, quezon city, ncr, 1102, Philippines",Long-term care and rehabilitation services,#N/A,Physical therapy clinic,"QC Future Ready dashboard, Long-term care and rehabilitation services",10:00AM,7:00PM,14.6289,121.065
706,San Antonio,1,#N/A,"Capillan St. cor. Piopongco, Barangay San Antonio","Capillan Street corner Piopongco, Barangay San Antonio, Quezon City, Philippines",Quezon City satellite offices for services,#N/A,District 1,"Data_QC Caring Cities Tracker, QC LGU Services&Locations",#N/A,#N/A,14.6506826,121.0165848
707,Sauyo,6,Quezon City Kabahagi Center For Children With Disabilitites,"Greenville Dr, Quezon City, Metro Manila","Greenville Dr, Quezon City, Metro Manila, Philippines",Long-term care and rehabilitation services,#N/A,Quezon City Kabahagi Center For Children With Disabilitites,"Data_QC Caring Cities Tracker, QC LGU Services&Locations",#N/A,#N/A,14.68800115,121.0377623
708,Sta. Monica,5,#N/A,"Novaliches District Center, Jordan Plains, Barangay Sta. Monica","Novaliches District Center, Jordan Plains, Barangay Sta. Monica, Quezon City, Philippines",Quezon City satellite offices for services,#N/A,District 5,"Data_QC Caring Cities Tracker, QC LGU Services&Locations",#N/A,#N/A,14.7140514,121.0492105
709,Tandang Sora,6,#N/A,"SB Park Neptune St., Barangay Tandang Sora","SB Park Neptune Street, Barangay Tandang Sora, Quezon City, Philippines",Quezon City satellite offices for services,#N/A,District 6,"Data_QC Caring Cities Tracker, QC LGU Services&Locations",#N/A,#N/A,14.67274688,121.0376658
710,U. P. Village,4,growing abilities & bridging aspirations of youths therapy center,"unit 3b, g place, 30 maginhawa st, up village, quezon city, ncr, 1101","unit 3b, g place, 30 maginhawa st, up village, quezon city, ncr, 1101, Philippines",Long-term care and rehabilitation services,#N/A,Physical/occupational therapy school,"QC Future Ready dashboard, Long-term care and rehabilitation services",8:00AM,6:00PM,14.65053548,121.0565533
711,U. P. Village,4,headway school for giftedness inc.,"130-b, matahimik st., up village, quezon city, ncr, 1101","130-b, matahimik Street, up village, quezon city, ncr, 1101, Philippines",Childcare,Private,Child learning center,"QC Future Ready dashboard, Childcare",8:00AM,5:00PM,14.64651468,121.0536243
712,U. P. Village,4,growing abilities & bridging aspirations of youths therapy center,"unit 3b, g place, 30 maginhawa st, up village, quezon city, ncr, 1101","unit 3b, g place, 30 maginhawa st, up village, quezon city, ncr, 1101, Philippines",Long-term care and rehabilitation services,#N/A,Physical/occupational therapy school,"QC Future Ready dashboard, Long-term care and rehabilitation services",8:00AM,6:00PM,14.65053548,121.0565533