,barangay,name_original,address,district,major_division,sub_division,category,data_source,address_clean,latitude,longitude,open_hours,close_hours
1,Vasra,Vasra I,40 Forestry St.,1,Childcare,Public,Child development centers,"Data_QC Caring Cities Tracker, QC Administrative Data - Child","40 Forestry Street, Quezon City, Philippines",14.65977467,121.0455666,#N/A,#N/A
2,Vasra,Vasra II,40 Forestry St.,1,Childcare,Public,Child development centers,"Data_QC Caring Cities Tracker, QC Administrative Data - Child","40 Forestry Street, Quezon City, Philippines",14.65977467,121.0455666,#N/A,#N/A
3,Bagong Pag-asa,Bagong Pag-asa,Road 9 cor. Road 11,1,Childcare,Public,Child development centers,"Data_QC Caring Cities Tracker, QC Administrative Data - Child","Road 9 corner Road 11, Quezon City, Philippines",14.66233419,121.0330115,#N/A,#N/A
4,Bagong Pag-asa,Kampilan I,"Hona St., San Roque",1,Childcare,Public,Child development centers,"Data_QC Caring Cities Tracker, QC Administrative Data - Child","Hona Street, San Roque, Quezon City, Philippines",14.6076542,121.0834362,#N/A,#N/A
5,Sto. Cristo,Sto. Cristo,5 Romblon St.,1,Childcare,Public,Child development centers,"Data_QC Caring Cities Tracker, QC Administrative Data - Child","5 Romblon Street, Quezon City, Philippines",14.66261402,121.02903,#N/A,#N/A
6,Sto. Cristo,Bahay Bulilit,4 Misamis Ext. RSCC Compound,1,Childcare,Public,Child development centers,"Data_QC Caring Cities Tracker, QC Administrative Data - Child","4 Misamis Extension RSCC Compound, Quezon City, Philippines",14.6581124,121.029042,#N/A,#N/A
7,Ramon Magsaysay,Ramon Magsaysay I,Ilocos Sur St.,1,Childcare,Public,Child development centers,"Data_QC Caring Cities Tracker, QC Administrative Data - Child","Ilocos Sur Street, Quezon City, Philippines",14.6606578,121.0265132,#N/A,#N/A
8,Ramon Magsaysay,Ramon Magsaysay II,Ilocos Sur St.,1,Childcare,Public,Child development centers,"Data_QC Caring Cities Tracker, QC Administrative Data - Child","Ilocos Sur Street, Quezon City, Philippines",14.6606578,121.0265132,#N/A,#N/A
9,Alicia,Alicia,#2 Batangas St.,1,Childcare,Public,Child development centers,"Data_QC Caring Cities Tracker, QC Administrative Data - Child","#2 Batangas Street, Quezon City, Philippines",14.67801002,121.062232,#N/A,#N/A
10,Project 6,Project 6,Alley 3 Project 6,1,Childcare,Public,Child development centers,"Data_QC Caring Cities Tracker, QC Administrative Data - Child","Alley 3 Project 6, Quezon City, Philippines",14.66200495,121.0397192,#N/A,#N/A
11,Bahay Toro,Sitio Maligaya I,14 Bayanihan Drive,1,Childcare,Public,Child development centers,"Data_QC Caring Cities Tracker, QC Administrative Data - Child","14 Bayanihan Drive, Quezon City, Philippines",14.6683198,121.0237079,#N/A,#N/A
12,Bahay Toro,Sitio Maligaya II,14 Bayanihan Drive,1,Childcare,Public,Child development centers,"Data_QC Caring Cities Tracker, QC Administrative Data - Child","14 Bayanihan Drive, Quezon City, Philippines",14.6683198,121.0237079,#N/A,#N/A
13,Bahay Toro,San Jose Seminary I,"Road 19 Bahay Toro, Proj. 8",1,Childcare,Public,Child development centers,"Data_QC Caring Cities Tracker, QC Administrative Data - Child","Road 19 Bahay Toro, Proj. 8, Quezon City, Philippines",14.66468785,121.0200075,#N/A,#N/A
14,Bahay Toro,San Jose Seminary II,Road 19 Bahay Toro Proj. 8,1,Childcare,Public,Child development centers,"Data_QC Caring Cities Tracker, QC Administrative Data - Child","Road 19 Bahay Toro Proj. 8, Quezon City, Philippines",14.66468785,121.0200075,#N/A,#N/A
15,Bahay Toro,Pook Masagana,Alley 25 Pook Masagana,1,Childcare,Public,Child development centers,"Data_QC Caring Cities Tracker, QC Administrative Data - Child","Alley 25 Pook Masagana, Quezon City, Philippines",14.6181251,121.0668505,#N/A,#N/A
16,Katipunan,Katipunan,E. Beltran St.,1,Childcare,Public,Child development centers,"Data_QC Caring Cities Tracker, QC Administrative Data - Child","E. Beltran Street, Quezon City, Philippines",14.65645531,121.018017,#N/A,#N/A
17,San Antonio,San Antonio I,173 West Riverside St.,1,Childcare,Public,Child development centers,"Data_QC Caring Cities Tracker, QC Administrative Data - Child","173 West Riverside Street, Quezon City, Philippines",14.63913475,121.0129173,#N/A,#N/A
18,San Antonio,San Antonio II,47 Guerrero St.,1,Childcare,Public,Child development centers,"Data_QC Caring Cities Tracker, QC Administrative Data - Child","47 Guerrero Street, Quezon City, Philippines",14.63471739,121.0679595,#N/A,#N/A
19,San Antonio,San Antonio III,"Lot 5 Alley 7, 31 San Jose St.",1,Childcare,Public,Child development centers,"Data_QC Caring Cities Tracker, QC Administrative Data - Child","Lot 5 Alley 7, 31 San Jose Street, Quezon City, Philippines",14.66199602,121.041492,#N/A,#N/A
20,Veterans Village,Veterans Village,#3 Palomaria St. cor. Bansalangin St.,1,Childcare,Public,Child development centers,"Data_QC Caring Cities Tracker, QC Administrative Data - Child","#3 Palomaria Street corner Bansalangin Street, Quezon City, Philippines",14.6533197,121.024622,#N/A,#N/A
21,Nayong Kanluran,Nayong Kanluran,37 Sorsogon St.,1,Childcare,Public,Child development centers,"Data_QC Caring Cities Tracker, QC Administrative Data - Child","37 Sorsogon Street, Quezon City, Philippines",14.64061471,121.0256299,#N/A,#N/A
22,Bungad,Bungad I,Sanches St. cor. Supnet St.,1,Childcare,Public,Child development centers,"Data_QC Caring Cities Tracker, QC Administrative Data - Child","Sanches Street corner Supnet Street, Quezon City, Philippines",14.65080978,121.0245226,#N/A,#N/A
23,Bungad,Bungad II,Sanches.St.corner Supnet St.,1,Childcare,Public,Child development centers,"Data_QC Caring Cities Tracker, QC Administrative Data - Child","Sanches.Streetcorner Supnet Street, Quezon City, Philippines",14.65113021,121.0245932,#N/A,#N/A
24,Paltok,Paltok,"Brgy. Hall, Mendoza cor. Basa",1,Childcare,Public,Child development centers,"Data_QC Caring Cities Tracker, QC Administrative Data - Child","Barangay Hall, Mendoza corner Basa, Quezon City, Philippines",14.64323648,121.0224596,#N/A,#N/A
25,Paltok,East Anak Bayan,75 Anakbayan Dulo St.,1,Childcare,Public,Child development centers,"Data_QC Caring Cities Tracker, QC Administrative Data - Child","75 Anakbayan Dulo Street, Quezon City, Philippines",14.6884313,121.0745333,#N/A,#N/A
26,Sta. Cruz,Sta. Cruz,"2nd Flr. Multi-purpose Hall
23D Gen. Lim St.",1,Childcare,Public,Child development centers,"Data_QC Caring Cities Tracker, QC Administrative Data - Child","2nd Floor Multi-purpose Hall
23D Gen. Lim Street, Quezon City, Philippines",14.63516908,121.0215145,#N/A,#N/A
27,Mariblo,Mariblo,#1 Bernardo St. cor. San Pedro Bautista,1,Childcare,Public,Child development centers,"Data_QC Caring Cities Tracker, QC Administrative Data - Child","#1 Bernardo Street corner San Pedro Bautista, Quezon City, Philippines",14.6347221,121.0144516,#N/A,#N/A
28,Del Monte,Bukal ng Pag-asa,"21 Florencia West SFDM
Multipurpose Hall",1,Childcare,Public,Child development centers,"Data_QC Caring Cities Tracker, QC Administrative Data - Child","21 Florencia West SFDM
Multipurpose Hall, Quezon City, Philippines",14.6418077,121.0136298,#N/A,#N/A
29,Del Monte,Del Monte,"21 Florencia West SFDM
Multipurpose Hall",1,Childcare,Public,Child development centers,"Data_QC Caring Cities Tracker, QC Administrative Data - Child","21 Florencia West SFDM
Multipurpose Hall, Quezon City, Philippines",14.6418077,121.0136298,#N/A,#N/A
30,Damayan,Damayan,30 San Vicente St.,1,Childcare,Public,Child development centers,"Data_QC Caring Cities Tracker, QC Administrative Data - Child","30 San Vicente Street, Quezon City, Philippines",14.63880498,121.0142366,#N/A,#N/A
31,Masambong,Saint John Masambong I,4 Capuas St.,1,Childcare,Public,Child development centers,"Data_QC Caring Cities Tracker, QC Administrative Data - Child","4 Capuas Street, Quezon City, Philippines",14.64341663,121.0100048,#N/A,#N/A
32,Masambong,Saint John Masambong II,4 Capuas St.,1,Childcare,Public,Child development centers,"Data_QC Caring Cities Tracker, QC Administrative Data - Child","4 Capuas Street, Quezon City, Philippines",14.64341663,121.0100048,#N/A,#N/A
33,Talayan,Talayan Calamba,199 Calamba ext. Talayan Village,1,Childcare,Public,Child development centers,"Data_QC Caring Cities Tracker, QC Administrative Data - Child","199 Calamba Extension Talayan Village, Quezon City, Philippines",14.63400735,121.0112701,#N/A,#N/A
34,Sto. Domingo,Sto. Domingo,14 Maria Clara St.,1,Childcare,Public,Child development centers,"Data_QC Caring Cities Tracker, QC Administrative Data - Child","14 Maria Clara Street, Quezon City, Philippines",14.62250489,120.9960056,#N/A,#N/A
35,Manresa,Manresa,Biak na Bato cor. Makaturing,1,Childcare,Public,Child development centers,"Data_QC Caring Cities Tracker, QC Administrative Data - Child","Biak na Bato corner Makaturing, Quezon City, Philippines",14.64128819,121.0030789,#N/A,#N/A
36,Manresa,Matutum,Multi-Purpose Hall,1,Childcare,Public,Child development centers,"Data_QC Caring Cities Tracker, QC Administrative Data - Child","Multi-Purpose Hall, Quezon City, Philippines",17.794018,120.462237,#N/A,#N/A
37,San Jose,San Jose,80 Tendido St.,1,Childcare,Public,Child development centers,"Data_QC Caring Cities Tracker, QC Administrative Data - Child","80 Tendido Street, Quezon City, Philippines",14.64080162,120.9931693,#N/A,#N/A
38,Pag-ibig sa Nayon,Pag-ibig sa Nayon,23 J. Pineda St.,1,Childcare,Public,Child development centers,"Data_QC Caring Cities Tracker, QC Administrative Data - Child","23 J. Pineda Street, Quezon City, Philippines",14.64644032,120.9961432,#N/A,#N/A
39,Balingasa,Tibagan,11 Road Harmony St.,1,Childcare,Public,Child development centers,"Data_QC Caring Cities Tracker, QC Administrative Data - Child","11 Road Harmony Street, Quezon City, Philippines",14.65206841,121.0024084,#N/A,#N/A
40,#N/A,Sitio Sto. Cristo,#25 Sitio Sto. Cristo,1,Childcare,Public,Child development centers,"Data_QC Caring Cities Tracker, QC Administrative Data - Child","#25 Sitio Sto. Cristo, Quezon City, Philippines",15.5348237,120.8189332,#N/A,#N/A
41,N.S. Amoranto,N.S. Amoranto,Barangay Hall Angelo St.,1,Childcare,Public,Child development centers,"Data_QC Caring Cities Tracker, QC Administrative Data - Child","Barangay Hall Angelo Street, Quezon City, Philippines",14.63280252,120.9942065,#N/A,#N/A
42,Salvacion,Salvacion,#74 Bulusan St.,1,Childcare,Public,Child development centers,"Data_QC Caring Cities Tracker, QC Administrative Data - Child","#74 Bulusan Street, Quezon City, Philippines",14.62807701,120.994919,#N/A,#N/A
43,Paang Bundok,Paang Bundok,"Barangay Hall 166 Iriga St., La Loma",1,Childcare,Public,Child development centers,"Data_QC Caring Cities Tracker, QC Administrative Data - Child","Barangay Hall 166 Iriga Street, La Loma, Quezon City, Philippines",14.62785301,120.993033,#N/A,#N/A
44,Sta. Teresita,Sta. Teresita,Mayon cor. Dapitan St. Barangay Hall Compd.,1,Childcare,Public,Child development centers,"Data_QC Caring Cities Tracker, QC Administrative Data - Child","Mayon corner Dapitan Street Barangay Hall Compd., Quezon City, Philippines",14.62197138,120.9996989,#N/A,#N/A
45,San Isidro Labrador,San Isidro Labrador,#91 Halcon St.,1,Childcare,Public,Child development centers,"Data_QC Caring Cities Tracker, QC Administrative Data - Child","#91 Halcon Street, Quezon City, Philippines",14.70885583,121.1010868,#N/A,#N/A
46,Holy Spirit,Kaligtasan,"120 Don Vicente Kaligtasan St., Brgy. Holy Spirit",2,Childcare,Public,Child development centers,"Data_QC Caring Cities Tracker, QC Administrative Data - Child","120 Don Vicente Kaligtasan Street, Barangay Holy Spirit, Quezon City, Philippines",14.67707351,121.0775547,#N/A,#N/A
47,Holy Spirit,Barangay Complex,"Don Faustino St., (inside Barangay Hall compound) Brgy. Holy Spirit",2,Childcare,Public,Child development centers,"Data_QC Caring Cities Tracker, QC Administrative Data - Child","Don Faustino Street, (inside Barangay Hall compound) Barangay Holy Spirit, Quezon City, Philippines",14.6821557,121.0785305,#N/A,#N/A
48,Holy Spirit,Kasiyahan,"Kasiyahan Covered Court, Brgy. Holy Spirit",2,Childcare,Public,Child development centers,"Data_QC Caring Cities Tracker, QC Administrative Data - Child","Kasiyahan Covered Court, Barangay Holy Spirit, Quezon City, Philippines",14.683899,121.076458,#N/A,#N/A
49,Holy Spirit,Sto. Niño,"Side of Sto. Niño Covered Court, Brgy. Holy Spirit",2,Childcare,Public,Child development centers,"Data_QC Caring Cities Tracker, QC Administrative Data - Child","Side of Sto. Niño Covered Court, Barangay Holy Spirit, Quezon City, Philippines",14.6915137,121.0798184,#N/A,#N/A
50,Holy Spirit,Mapayapa,"Area 7 Nawasa Line, Brgy. Holy Spirit",2,Childcare,Public,Child development centers,"Data_QC Caring Cities Tracker, QC Administrative Data - Child","Area 7 Nawasa Line, Barangay Holy Spirit, Quezon City, Philippines",14.6821557,121.0785305,#N/A,#N/A
51,Holy Spirit,Sto. Domingo,"Republic Chapel (inside the gate), Brgy. Holy Spirit",2,Childcare,Public,Child development centers,"Data_QC Caring Cities Tracker, QC Administrative Data - Child","Republic Chapel (inside the gate), Barangay Holy Spirit, Quezon City, Philippines",14.6821557,121.0785305,#N/A,#N/A
52,Holy Spirit,St. Catherine,"St. Catherine St., Brgy. Holy Spirit",2,Childcare,Public,Child development centers,"Data_QC Caring Cities Tracker, QC Administrative Data - Child","Street Catherine Street, Barangay Holy Spirit, Quezon City, Philippines",14.65497911,121.0131523,#N/A,#N/A
53,Holy Spirit,Zebra,"San Simon St. (back of Brgy. Annex), Brgy. Holy Spirit",2,Childcare,Public,Child development centers,"Data_QC Caring Cities Tracker, QC Administrative Data - Child","San Simon Street (back of Barangay Annex), Barangay Holy Spirit, Quezon City, Philippines",14.6898722,121.0849414,#N/A,#N/A
54,Batasan Hills,Jasmin,"Lot 35-A, Jasmin St., Brgy. Batasan Hills",2,Childcare,Public,Child development centers,"Data_QC Caring Cities Tracker, QC Administrative Data - Child","Lot 35-A, Jasmin Street, Barangay Batasan Hills, Quezon City, Philippines",14.6868313,121.0718489,#N/A,#N/A
55,Batasan Hills,Luzviminda,"Luzviminda Subd., Brgy. Batasan Hills",2,Childcare,Public,Child development centers,"Data_QC Caring Cities Tracker, QC Administrative Data - Child","Luzviminda Subdivision, Barangay Batasan Hills, Quezon City, Philippines",14.6865607,121.0949927,#N/A,#N/A
56,Batasan Hills,Talanay,"31 Alton St., Sitio Talanay, Brgy. Batasan Hills",2,Childcare,Public,Child development centers,"Data_QC Caring Cities Tracker, QC Administrative Data - Child","31 Alton Street, Sitio Talanay, Barangay Batasan Hills, Quezon City, Philippines",14.68822199,121.108423,#N/A,#N/A
57,Batasan Hills,Area 3 Sitio Talanay,"Lot 16 Block 26 Ground Floor, Precious Complex, Area 3 Sitio Talanay, Brgy. Batasan Hills",2,Childcare,Public,Child development centers,"Data_QC Caring Cities Tracker, QC Administrative Data - Child","Lot 16 Block 26 Ground Floor, Precious Complex, Area 3 Sitio Talanay, Barangay Batasan Hills, Quezon City, Philippines",14.6847203,121.0977359,#N/A,#N/A
58,Batasan Hills,Pook Pag-asa,"B1 L21 Pook Pagasa St., Brgy. Batasan Hills",2,Childcare,Public,Child development centers,"Data_QC Caring Cities Tracker, QC Administrative Data - Child","B1 L21 Pook Pagasa Street, Barangay Batasan Hills, Quezon City, Philippines",14.69295507,121.0981922,#N/A,#N/A
59,Batasan Hills,Kalayaan B1,"Lot No. 41-C-3, Kalayaan B St., Brgy. Batasan Hills",2,Childcare,Public,Child development centers,"Data_QC Caring Cities Tracker, QC Administrative Data - Child","Lot 41-C-3, Kalayaan B Street, Barangay Batasan Hills, Quezon City, Philippines",14.68877871,121.0929834,#N/A,#N/A
60,Batasan Hills,Kalayaan B2,"Lot No. 41-C-3, Kalayaan B St., Brgy. Batasan Hills",2,Childcare,Public,Child development centers,"Data_QC Caring Cities Tracker, QC Administrative Data - Child","Lot 41-C-3, Kalayaan B Street, Barangay Batasan Hills, Quezon City, Philippines",14.68877871,121.0929834,#N/A,#N/A
61,Batasan Hills,Kalayaan B3,"Lot No. 41-C-3, Kalayaan B St., Brgy. Batasan Hills",2,Childcare,Public,Child development centers,"Data_QC Caring Cities Tracker, QC Administrative Data - Child","Lot 41-C-3, Kalayaan B Street, Barangay Batasan Hills, Quezon City, Philippines",14.68877871,121.0929834,#N/A,#N/A
62,Batasan Hills,Freedom Park 3 & 4,"Fortune St., Brgy. Batasan Hills",2,Childcare,Public,Child development centers,"Data_QC Caring Cities Tracker, QC Administrative Data - Child","Fortune Street, Barangay Batasan Hills, Quezon City, Philippines",14.6847203,121.0977359,#N/A,#N/A
63,Batasan Hills,Freedom Park 5,"Jordan St., Freedom Park 5, Brgy. Batasan Hills",2,Childcare,Public,Child development centers,"Data_QC Caring Cities Tracker, QC Administrative Data - Child","Jordan Street, Freedom Park 5, Barangay Batasan Hills, Quezon City, Philippines",14.69346482,121.0903964,#N/A,#N/A
64,Batasan Hills,De Gloria,"De Gloria Taniman Ext. Talanay Area, Brgy. Batasan Hills",2,Childcare,Public,Child development centers,"Data_QC Caring Cities Tracker, QC Administrative Data - Child","De Gloria Taniman Extension Talanay Area, Barangay Batasan Hills, Quezon City, Philippines",14.6847203,121.0977359,#N/A,#N/A
65,Commonwealth,Kasunduan,"Ground floor, Kasunduan Multi-purpose Hall, Unit 2, Kasunduan Extension, Brgy. Commonwealth",2,Childcare,Public,Child development centers,"Data_QC Caring Cities Tracker, QC Administrative Data - Child","Ground floor, Kasunduan Multi-purpose Hall, Unit 2, Kasunduan Extension, Barangay Commonwealth, Quezon City, Philippines",14.69708145,121.0928213,#N/A,#N/A
66,Commonwealth,Kaunlaran,"Lot 9A, Unit 2, Kaunlaran St., Brgy. Commonwealth",2,Childcare,Public,Child development centers,"Data_QC Caring Cities Tracker, QC Administrative Data - Child","Lot 9A, Unit 2, Kaunlaran Street, Barangay Commonwealth, Quezon City, Philippines",14.6989133,121.0897562,#N/A,#N/A
67,Commonwealth,Litex,"Payatas Road corner Bayanihan St., Brgy. Commonwealth",2,Childcare,Public,Child development centers,"Data_QC Caring Cities Tracker, QC Administrative Data - Child","Payatas Road corner Bayanihan Street, Barangay Commonwealth, Quezon City, Philippines",14.71257145,121.0904331,#N/A,#N/A
68,Commonwealth,Soliven,"Commonwealth Heights, Soliven St. corner President Quezon St., Brgy. Commonwealth",2,Childcare,Public,Child development centers,"Data_QC Caring Cities Tracker, QC Administrative Data - Child","Commonwealth Heights, Soliven Street corner President Quezon Street, Barangay Commonwealth, Quezon City, Philippines",14.70203876,121.0871636,#N/A,#N/A
69,Commonwealth,E. Castillo,"E. Castillo St., Brgy. Commonwealth",2,Childcare,Public,Child development centers,"Data_QC Caring Cities Tracker, QC Administrative Data - Child","E. Castillo Street, Barangay Commonwealth, Quezon City, Philippines",14.70031471,121.0845014,#N/A,#N/A
70,Commonwealth,Don Fabian,"Don Fabian, Brgy. Commonwealth",2,Childcare,Public,Child development centers,"Data_QC Caring Cities Tracker, QC Administrative Data - Child","Don Fabian, Barangay Commonwealth, Quezon City, Philippines",14.70305817,121.0826236,#N/A,#N/A
71,Commonwealth,Gold,"Gold St., near Commonwealth Highschool, Brgy. Commonwealth",2,Childcare,Public,Child development centers,"Data_QC Caring Cities Tracker, QC Administrative Data - Child","Gold Street, near Commonwealth Highschool, Barangay Commonwealth, Quezon City, Philippines",14.68314122,121.1072695,#N/A,#N/A
72,Commonwealth,Unit IV,"Unit IV, Plaza Riverside, Brgy. Commonwealth",2,Childcare,Public,Child development centers,"Data_QC Caring Cities Tracker, QC Administrative Data - Child","Unit IV, Plaza Riverside, Barangay Commonwealth, Quezon City, Philippines",14.7060131,121.0869798,#N/A,#N/A
73,Commonwealth,Unit V,"Ground floor, DCC Paulate Bldg., Bato bato St., Brgy. Commonwealth",2,Childcare,Public,Child development centers,"Data_QC Caring Cities Tracker, QC Administrative Data - Child","Ground floor, DCC Paulate Building, Bato bato Street, Barangay Commonwealth, Quezon City, Philippines",14.67432778,121.0622776,#N/A,#N/A
74,Commonwealth,Upper Nawasa,"Unit VII Upper NAWASA, Brgy. Commonwealth",2,Childcare,Public,Child development centers,"Data_QC Caring Cities Tracker, QC Administrative Data - Child","Unit VII Upper NAWASA, Barangay Commonwealth, Quezon City, Philippines",14.7060131,121.0869798,#N/A,#N/A
75,Commonwealth,Pinadama,"Pinadama Pilot Drive, Brgy. Commonwealth",2,Childcare,Public,Child development centers,"Data_QC Caring Cities Tracker, QC Administrative Data - Child","Pinadama Pilot Drive, Barangay Commonwealth, Quezon City, Philippines",14.7060131,121.0869798,#N/A,#N/A
76,Commonwealth,Purok 12,"Purok 12, Adarna St., Brgy. Commonwealth",2,Childcare,Public,Child development centers,"Data_QC Caring Cities Tracker, QC Administrative Data - Child","Purok 12, Adarna Street, Barangay Commonwealth, Quezon City, Philippines",14.67720498,121.063943,#N/A,#N/A
77,Commonwealth,Purok 15,"Purok 15, Pinagnayon St., Brgy. Commonwealth",2,Childcare,Public,Child development centers,"Data_QC Caring Cities Tracker, QC Administrative Data - Child","Purok 15, Pinagnayon Street, Barangay Commonwealth, Quezon City, Philippines",14.67720498,121.0643996,#N/A,#N/A
78,Commonwealth,Purok 16,"Unit V, Purok 16, Brgy. Commonwealth",2,Childcare,Public,Child development centers,"Data_QC Caring Cities Tracker, QC Administrative Data - Child","Unit V, Purok 16, Barangay Commonwealth, Quezon City, Philippines",14.7060131,121.0869798,#N/A,#N/A
79,Commonwealth,Purok 20,"Unit V, Purok 20, Brgy. Commonwealth",2,Childcare,Public,Child development centers,"Data_QC Caring Cities Tracker, QC Administrative Data - Child","Unit V, Purok 20, Barangay Commonwealth, Quezon City, Philippines",14.7060131,121.0869798,#N/A,#N/A
80,Commonwealth,Lower Nawasa,"Purok 6, Unit 7 Lower NAWASA, Brgy. Commonwealth",2,Childcare,Public,Child development centers,"Data_QC Caring Cities Tracker, QC Administrative Data - Child","Purok 6, Unit 7 Lower NAWASA, Barangay Commonwealth, Quezon City, Philippines",14.7060131,121.0869798,#N/A,#N/A
81,Commonwealth,Gravel Pit,"St. Paulia St., Gravel Pit, Brgy. Commonwealth",2,Childcare,Public,Child development centers,"Data_QC Caring Cities Tracker, QC Administrative Data - Child","Street Paulia Street, Gravel Pit, Barangay Commonwealth, Quezon City, Philippines",14.7060131,121.0869798,#N/A,#N/A
82,Bagong Silangan,Bagong Silangan,"Lot 1, Block 18, Bonifacio St., corner Geronimo St. (beside Brgy. Hall), Brgy. Bagong Silangan",2,Childcare,Public,Child development centers,"Data_QC Caring Cities Tracker, QC Administrative Data - Child","Lot 1, Block 18, Bonifacio Street, corner Geronimo Street (beside Barangay Hall), Barangay Bagong Silangan, Quezon City, Philippines",14.69783209,121.1102098,#N/A,#N/A
83,Bagong Silangan,Sitio Veterans I,"Ground Floor, Sitio Veterans CDC, Lot 1 Block 18, Dove St., Area 1 Sitio Veterans, corner Don Vicente St., Brgy. Bagong Silangan",2,Childcare,Public,Child development centers,"Data_QC Caring Cities Tracker, QC Administrative Data - Child","Ground Floor, Sitio Veterans CDC, Lot 1 Block 18, Dove Street, Area 1 Sitio Veterans, corner Don Vicente Street, Barangay Bagong Silangan, Quezon City, Philippines",14.7015502,121.1034887,#N/A,#N/A
84,Bagong Silangan,Sitio Veterans II,"Second Floor, Sitio Veterans CDC, Lot 1 Block 18, Dove St., Area 1 Sitio Veterans, corner Don Vicente St., Brgy. Bagong Silangan",2,Childcare,Public,Child development centers,"Data_QC Caring Cities Tracker, QC Administrative Data - Child","Second Floor, Sitio Veterans CDC, Lot 1 Block 18, Dove Street, Area 1 Sitio Veterans, corner Don Vicente Street, Barangay Bagong Silangan, Quezon City, Philippines",14.7015502,121.1034887,#N/A,#N/A
85,Bagong Silangan,Asprer,"Area 6, Bgy. Bagong Silangan, Brgy. Bagong Silangan",2,Childcare,Public,Child development centers,"Data_QC Caring Cities Tracker, QC Administrative Data - Child","Area 6, Barangay Bagong Silangan, Barangay Bagong Silangan, Quezon City, Philippines",14.698957,121.0982875,#N/A,#N/A
86,Bagong Silangan,Covenant,"David St., Covenant Village, Brgy. Bagong Silangan",2,Childcare,Public,Child development centers,"Data_QC Caring Cities Tracker, QC Administrative Data - Child","David Street, Covenant Village, Barangay Bagong Silangan, Quezon City, Philippines",14.70217907,121.109508,#N/A,#N/A
87,Bagong Silangan,Area 5,"Lot 1 Block 18, Baesang Pass St., Area 5, Sitio Veterans, Brgy. Bagong Silangan",2,Childcare,Public,Child development centers,"Data_QC Caring Cities Tracker, QC Administrative Data - Child","Lot 1 Block 18, Baesang Pass Street, Area 5, Sitio Veterans, Barangay Bagong Silangan, Quezon City, Philippines",14.7017153,121.110362,#N/A,#N/A
88,Bagong Silangan,Bakas,"052A Bakas Compound, Brgy. Bagong Silangan",2,Childcare,Public,Child development centers,"Data_QC Caring Cities Tracker, QC Administrative Data - Child","052A Bakas Compound, Barangay Bagong Silangan, Quezon City, Philippines",14.7017153,121.110362,#N/A,#N/A
89,Bagong Silangan,Filside,"Lot Block 6, Filside Homes, Brgy. Bagong Silangan",2,Childcare,Public,Child development centers,"Data_QC Caring Cities Tracker, QC Administrative Data - Child","Lot Block 6, Filside Homes, Barangay Bagong Silangan, Quezon City, Philippines",14.698957,121.0982875,#N/A,#N/A
90,Bagong Silangan,Rolling Hills,"Purok 7, Sitio Rolling Hills (Boundary QC & Montalban)",2,Childcare,Public,Child development centers,"Data_QC Caring Cities Tracker, QC Administrative Data - Child","Purok 7, Sitio Rolling Hills (Boundary QC & Montalban), Quezon City, Philippines",14.6884313,121.0745333,#N/A,#N/A
91,Payatas A,Springfield,"Springfield St., Brgy. Payatas",2,Childcare,Public,Child development centers,"Data_QC Caring Cities Tracker, QC Administrative Data - Child","Springfield Street, Barangay Payatas, Quezon City, Philippines",14.7186371,121.1075963,#N/A,#N/A
92,Payatas A,Sto. Niño De Payatas I,"Ground floor, SÑDP CDC, Sto. Niño De Payatas St., Brgy. Payatas",2,Childcare,Public,Child development centers,"Data_QC Caring Cities Tracker, QC Administrative Data - Child","Ground floor, SÑDP CDC, Sto. Niño De Payatas Street, Barangay Payatas, Quezon City, Philippines",14.7186371,121.1075963,#N/A,#N/A
93,Payatas A,Sto. Niño De Payatas II,"Second floor, SÑDP CDC, Sto. Niño De Payatas St., Brgy. Payatas",2,Childcare,Public,Child development centers,"Data_QC Caring Cities Tracker, QC Administrative Data - Child","Second floor, SÑDP CDC, Sto. Niño De Payatas Street, Barangay Payatas, Quezon City, Philippines",14.7186371,121.1075963,#N/A,#N/A
94,Payatas A,Azucena,"Azucena St., Brgy. Payatas",2,Childcare,Public,Child development centers,"Data_QC Caring Cities Tracker, QC Administrative Data - Child","Azucena Street, Barangay Payatas, Quezon City, Philippines",14.7186371,121.1075963,#N/A,#N/A
95,Payatas A,Upper Everlasting,"Upper Everlasting, Brgy. Payatas",2,Childcare,Public,Child development centers,"Data_QC Caring Cities Tracker, QC Administrative Data - Child","Upper Everlasting, Barangay Payatas, Quezon City, Philippines",14.7186371,121.1075963,#N/A,#N/A
96,Payatas A,Lower Everlasting,"Lower Everlasting (Sto. Niño Gala), Brgy. Payatas",2,Childcare,Public,Child development centers,"Data_QC Caring Cities Tracker, QC Administrative Data - Child","Lower Everlasting (Sto. Niño Gala), Barangay Payatas, Quezon City, Philippines",14.7186371,121.1075963,#N/A,#N/A
97,Payatas A,Banaba,"Banaba St., Brgy. Payatas",2,Childcare,Public,Child development centers,"Data_QC Caring Cities Tracker, QC Administrative Data - Child","Banaba Street, Barangay Payatas, Quezon City, Philippines",14.7186371,121.1075963,#N/A,#N/A
98,Payatas B,Empire,"Empire St., Brgy. Payatas",2,Childcare,Public,Child development centers,"Data_QC Caring Cities Tracker, QC Administrative Data - Child","Empire Street, Barangay Payatas, Quezon City, Philippines",14.7186371,121.1075963,#N/A,#N/A
99,Payatas B,Bahay Pangarap,"48 Bulacan St., near brgy. hall, Brgy. Payatas",2,Childcare,Public,Child development centers,"Data_QC Caring Cities Tracker, QC Administrative Data - Child","48 Bulacan Street, near Barangay hall, Barangay Payatas, Quezon City, Philippines",14.71499982,121.1025251,#N/A,#N/A
100,Payatas B,Golden Shower,"Golden Shower St., Brgy. Payatas",2,Childcare,Public,Child development centers,"Data_QC Caring Cities Tracker, QC Administrative Data - Child","Golden Shower Street, Barangay Payatas, Quezon City, Philippines",14.72484261,121.1145896,#N/A,#N/A
101,Payatas B,Narraville,"Lower Narra St., Brgy. Payatas",2,Childcare,Public,Child development centers,"Data_QC Caring Cities Tracker, QC Administrative Data - Child","Lower Narra Street, Barangay Payatas, Quezon City, Philippines",14.71230301,121.0931408,#N/A,#N/A
102,Payatas B,Molave,"Molave St., near Tahanan, Brgy. Payatas",2,Childcare,Public,Child development centers,"Data_QC Caring Cities Tracker, QC Administrative Data - Child","Molave Street, near Tahanan, Barangay Payatas, Quezon City, Philippines",14.71231702,121.0962245,#N/A,#N/A
103,Payatas B,Mutya,"Mutya St., Brgy. Payatas",2,Childcare,Public,Child development centers,"Data_QC Caring Cities Tracker, QC Administrative Data - Child","Mutya Street, Barangay Payatas, Quezon City, Philippines",14.7186371,121.1075963,#N/A,#N/A
104,Payatas B,Lupang Pangako,"Phase 2, Park 13, Lupang Pangako, Brgy. Payatas",2,Childcare,Public,Child development centers,"Data_QC Caring Cities Tracker, QC Administrative Data - Child","Phase 2, Park 13, Lupang Pangako, Barangay Payatas, Quezon City, Philippines",14.72110157,121.109981,#N/A,#N/A
105,Payatas B,Phase IV-A,"Ground floor, Livelihood Center, Davao St., Phase IV, Brgy. Payatas",2,Childcare,Public,Child development centers,"Data_QC Caring Cities Tracker, QC Administrative Data - Child","Ground floor, Livelihood Center, Davao Street, Phase IV, Barangay Payatas, Quezon City, Philippines",14.7186371,121.1075963,#N/A,#N/A
106,Payatas B,Phase IV-B,"2nd floor, Livelihood Center, Davao St., Phase IV, Brgy. Payatas",2,Childcare,Public,Child development centers,"Data_QC Caring Cities Tracker, QC Administrative Data - Child","2nd floor, Livelihood Center, Davao Street, Phase IV, Barangay Payatas, Quezon City, Philippines",14.7186371,121.1075963,#N/A,#N/A
107,Silangan,Silangan,"193 Ermin Garcia St., Cubao, Brgy. Silangan",3,Childcare,Public,Child development centers,"Data_QC Caring Cities Tracker, QC Administrative Data - Child","193 Ermin Garcia Street, Cubao, Barangay Silangan, Quezon City, Philippines",14.6289644,121.0562046,#N/A,#N/A
108,Socorro,Socorro,"#1 15th ave. cor. Boni Serrano Rd., Brgy. Socorro",3,Childcare,Public,Child development centers,"Data_QC Caring Cities Tracker, QC Administrative Data - Child","#1 15th Avenue corner Boni Serrano Road, Barangay Socorro, Quezon City, Philippines",14.61270892,121.062744,#N/A,#N/A
109,E. Rodriguez Sr.,E. Rodriguez Sr.,"181 Ermin Garcia St., Cubao, Brgy. E. Rodriguez Sr.",3,Childcare,Public,Child development centers,"Data_QC Caring Cities Tracker, QC Administrative Data - Child","181 Ermin Garcia Street, Cubao, Barangay E. Rodriguez Sr., Quezon City, Philippines",14.6286386,121.0552252,#N/A,#N/A
110,West Kamias,West Kamias,"2nd Flr. Barangay Hall, 2 K 10th St., , Brgy. West Kamias",3,Childcare,Public,Child development centers,"Data_QC Caring Cities Tracker, QC Administrative Data - Child","2nd Floor Barangay Hall, 2 K 10th Street, Barangay West Kamias, Quezon City, Philippines",14.6288775,121.0483045,#N/A,#N/A
111,East Kamias,East Kamias,"65 K 10th St., Brgy. East Kamias",3,Childcare,Public,Child development centers,"Data_QC Caring Cities Tracker, QC Administrative Data - Child","65 K 10th Street, Barangay East Kamias, Quezon City, Philippines",14.63200746,121.0579587,#N/A,#N/A
112,Quirino 2A,Quirino 2A,"Anonas St., Brgy. Quirino 2A",3,Childcare,Public,Child development centers,"Data_QC Caring Cities Tracker, QC Administrative Data - Child","Anonas Street, Barangay Quirino 2A, Quezon City, Philippines",14.63172776,121.0606959,#N/A,#N/A
113,Quirino 2B,Quirino 2B,"157B Pajo St., cor. Langka, Proj. 2, Brgy. Quirino 2B",3,Childcare,Public,Child development centers,"Data_QC Caring Cities Tracker, QC Administrative Data - Child","157B Pajo Street, corner Langka, Proj. 2, Barangay Quirino 2B, Quezon City, Philippines",14.63277021,121.063569,#N/A,#N/A
114,Quirino 2C,Quirino 2C,"179 Bignay St., Project 2, Brgy. Quirino 2C",3,Childcare,Public,Child development centers,"Data_QC Caring Cities Tracker, QC Administrative Data - Child","179 Bignay Street, Project 2, Barangay Quirino 2C, Quezon City, Philippines",14.63608722,121.0631364,#N/A,#N/A
115,Quirino 3B/ Claro,Claro,"20 Almon St., Brgy. Claro",3,Childcare,Public,Child development centers,"Data_QC Caring Cities Tracker, QC Administrative Data - Child","20 Almon Street, Barangay Claro, Quezon City, Philippines",14.63259525,121.0652036,#N/A,#N/A
116,Duyan-duyan,Duyan-duyan,"Kamagong St., cor. Kalanatas St., Brgy. Duyan-duyan",3,Childcare,Public,Child development centers,"Data_QC Caring Cities Tracker, QC Administrative Data - Child","Kamagong Street, corner Kalanatas Street, Barangay Duyan-duyan, Quezon City, Philippines",14.63025966,121.0666991,#N/A,#N/A
117,Amihan,Amihan,"Bgy. Hall, Palosapis St., Brgy. Amihan Quezon City",3,Childcare,Public,Child development centers,"Data_QC Caring Cities Tracker, QC Administrative Data - Child","Barangay Hall, Palosapis Street, Barangay Amihan Quezon City, Philippines",14.63309806,121.0668921,#N/A,#N/A
118,Old Balara,Area I Luzon,"Mafran Area I, Brgy. Matandang Balara",3,Childcare,Public,Child development centers,"Data_QC Caring Cities Tracker, QC Administrative Data - Child","Mafran Area I, Barangay Matandang Balara, Quezon City, Philippines",14.6646093,121.0848694,#N/A,#N/A
119,Old Balara,Area VA,"Area 5 Luzon near INC Church, Brgy. Matandang Balara",3,Childcare,Public,Child development centers,"Data_QC Caring Cities Tracker, QC Administrative Data - Child","Area 5 Luzon near INC Church, Barangay Matandang Balara, Quezon City, Philippines",#N/A,#N/A,#N/A,#N/A
120,Old Balara,Area VB,"2nd floor, Old Balara, Area 5 Luzon, Brgy. Matandang Balara",3,Childcare,Public,Child development centers,"Data_QC Caring Cities Tracker, QC Administrative Data - Child","2nd floor, Old Balara, Area 5 Luzon, Barangay Matandang Balara, Quezon City, Philippines",14.66699402,121.070374,#N/A,#N/A
121,Old Balara,Feria I,"Ground Flr., Feria CDC, Dao St., Feria Road, Brgy. Matandang Balara",3,Childcare,Public,Child development centers,"Data_QC Caring Cities Tracker, QC Administrative Data - Child","Ground Floor, Feria CDC, Dao Street, Feria Road, Barangay Matandang Balara, Quezon City, Philippines",14.67157251,121.0801894,#N/A,#N/A
122,Old Balara,Feria II,"2nd Flr., Feria CDC, Dao St., Feria Rd., Brgy. Matandang Balara",3,Childcare,Public,Child development centers,"Data_QC Caring Cities Tracker, QC Administrative Data - Child","2nd Floor, Feria CDC, Dao Street, Feria Road, Barangay Matandang Balara, Quezon City, Philippines",14.67157251,121.0801894,#N/A,#N/A
123,Old Balara,Visayan Hills,"Visayan Hills, Brgy. Matandang Balara",3,Childcare,Public,Child development centers,"Data_QC Caring Cities Tracker, QC Administrative Data - Child","Visayan Hills, Barangay Matandang Balara, Quezon City, Philippines",14.6646093,121.0848694,#N/A,#N/A
124,Old Balara,Calderon,"251 Calderon St., Brgy. Matandang Balara",3,Childcare,Public,Child development centers,"Data_QC Caring Cities Tracker, QC Administrative Data - Child","251 Calderon Street, Barangay Matandang Balara, Quezon City, Philippines",14.66853097,121.076747,#N/A,#N/A
125,Old Balara,Dupax I,"Road 44 Dupax St., Bgy. Satellite, Brgy. Matandang Balara",3,Childcare,Public,Child development centers,"Data_QC Caring Cities Tracker, QC Administrative Data - Child","Road 44 Dupax Street, Barangay Satellite, Barangay Matandang Balara, Quezon City, Philippines",14.67571148,121.0828202,#N/A,#N/A
126,Old Balara,Laura I,"Purok 3 Area 5 Ground Floor, Brgy. Matandang Balara",3,Childcare,Public,Child development centers,"Data_QC Caring Cities Tracker, QC Administrative Data - Child","Purok 3 Area 5 Ground Floor, Barangay Matandang Balara, Quezon City, Philippines",#N/A,#N/A,#N/A,#N/A
127,Old Balara,Laura II,"Purok 3 Area 5 2nd Floor, Brgy. Matandang Balara",3,Childcare,Public,Child development centers,"Data_QC Caring Cities Tracker, QC Administrative Data - Child","Purok 3 Area 5 2nd Floor, Barangay Matandang Balara, Quezon City, Philippines",#N/A,#N/A,#N/A,#N/A
128,Old Balara,Bahay Bulilit,"Bgy.Hall Compound, Villa Beatriz, Brgy. Matandang Balara",3,Childcare,Public,Child development centers,"Data_QC Caring Cities Tracker, QC Administrative Data - Child","BarangayHall Compound, Villa Beatriz, Barangay Matandang Balara, Quezon City, Philippines",14.67396623,121.0757394,#N/A,#N/A
129,Old Balara,Sapang Kangkong,"168 Kilusan St., Brgy. Matandang Balara",3,Childcare,Public,Child development centers,"Data_QC Caring Cities Tracker, QC Administrative Data - Child","168 Kilusan Street, Barangay Matandang Balara, Quezon City, Philippines",14.6646093,121.0848694,#N/A,#N/A
130,Old Balara,Villa Beatriz,"Villa Beatriz Extension, Brgy. Matandang Balara",3,Childcare,Public,Child development centers,"Data_QC Caring Cities Tracker, QC Administrative Data - Child","Villa Beatriz Extension, Barangay Matandang Balara, Quezon City, Philippines",14.67396623,121.0757394,#N/A,#N/A
131,Old Balara,Samadores,"Area 2, Luzon, Brgy. Matandang Balara",3,Childcare,Public,Child development centers,"Data_QC Caring Cities Tracker, QC Administrative Data - Child","Area 2, Luzon, Barangay Matandang Balara, Quezon City, Philippines",14.66699301,121.070284,#N/A,#N/A
132,Pansol,Pansol Proper,"SK Building Plaza St., Barangay Hall, Brgy. Pansol",3,Childcare,Public,Child development centers,"Data_QC Caring Cities Tracker, QC Administrative Data - Child","SK Building Plaza Street, Barangay Hall, Barangay Pansol, Quezon City, Philippines",14.65134602,121.076455,#N/A,#N/A
133,Pansol,Kaingin I,"Block 1 Kaingin 1, Brgy. Pansol",3,Childcare,Public,Child development centers,"Data_QC Caring Cities Tracker, QC Administrative Data - Child","Block 1 Kaingin 1, Barangay Pansol, Quezon City, Philippines",13.96148172,121.3197001,#N/A,#N/A
134,Pansol,Kaingin II,"Bungad Kaingin II, near Bgy. Hall Extension, Brgy. Pansol",3,Childcare,Public,Child development centers,"Data_QC Caring Cities Tracker, QC Administrative Data - Child","Bungad Kaingin II, near Barangay Hall Extension, Barangay Pansol, Quezon City, Philippines",14.6522903,121.0810053,#N/A,#N/A
135,Loyola Heights,Loyola Heights,"Loyola Heights Brgy. Hall Compound, E. Abada St., Katipunan, Brgy. Loyola Heights",3,Childcare,Public,Child development centers,"Data_QC Caring Cities Tracker, QC Administrative Data - Child","Loyola Heights Barangay Hall Compound, E. Abada Street, Katipunan, Barangay Loyola Heights, Quezon City, Philippines",14.6410206,121.0734249,#N/A,#N/A
136,Loyola Heights,Daan Tubo,"Area II, across Dela Estrada Church, Brgy. Loyola Heights",3,Childcare,Public,Child development centers,"Data_QC Caring Cities Tracker, QC Administrative Data - Child","Area II, across Dela Estrada Church, Barangay Loyola Heights, Quezon City, Philippines",14.6411122,121.0743978,#N/A,#N/A
137,San Roque,San Roque,"85 19th ave., Brgy. San Roque",3,Childcare,Public,Child development centers,"Data_QC Caring Cities Tracker, QC Administrative Data - Child","85 19th Avenue, Barangay San Roque, Quezon City, Philippines",14.61864699,121.063347,#N/A,#N/A
138,Villa Maria Clara,Villa Maria Clara,"Barangay Hall, Rajah Matanda, Brgy. Villa Maria Clara",3,Childcare,Public,Child development centers,"Data_QC Caring Cities Tracker, QC Administrative Data - Child","Barangay Hall, Rajah Matanda, Barangay Villa Maria Clara, Quezon City, Philippines",14.61711725,121.0718761,#N/A,#N/A
139,Bayanihan,Bayanihan,"321 Pedro Martinez St. Project 4, Brgy. Bayanihan",3,Childcare,Public,Child development centers,"Data_QC Caring Cities Tracker, QC Administrative Data - Child","321 Pedro Martinez Street Project 4, Barangay Bayanihan, Quezon City, Philippines",14.6148139,121.0693191,#N/A,#N/A
140,Masagana,Masagana,"7 Conchu St., Project 4, Brgy. Masagana",3,Childcare,Public,Child development centers,"Data_QC Caring Cities Tracker, QC Administrative Data - Child","7 Conchu Street, Project 4, Barangay Masagana, Quezon City, Philippines",14.61804448,121.0665464,#N/A,#N/A
141,Mangga,Mangga,"950 Int. Aurora Blvd., Cubao, Brgy. Mangga",3,Childcare,Public,Child development centers,"Data_QC Caring Cities Tracker, QC Administrative Data - Child","950 Int. Aurora Boulevard, Cubao, Barangay Mangga, Quezon City, Philippines",14.62690693,121.0614717,#N/A,#N/A
142,Camp Aguinaldo,Camp Aguinaldo,"General Lim St., Brgy. Camp Aguinaldo",3,Childcare,Public,Child development centers,"Data_QC Caring Cities Tracker, QC Administrative Data - Child","General Lim Street, Barangay Camp Aguinaldo, Quezon City, Philippines",14.62194282,121.0537081,#N/A,#N/A
143,Libis,Libis,"Brgy. Hall, E. Rodriguez Jr. Avenue, Brgy. Libis",3,Childcare,Public,Child development centers,"Data_QC Caring Cities Tracker, QC Administrative Data - Child","Barangay Hall, E. Rodriguez Jr. Avenue, Barangay Libis, Quezon City, Philippines",14.60597907,121.0789441,#N/A,#N/A
144,Milagrosa,Milagrosa,"5K Oval Belarmino St., Brgy. Milagrosa",3,Childcare,Public,Child development centers,"Data_QC Caring Cities Tracker, QC Administrative Data - Child","5K Oval Belarmino Street, Barangay Milagrosa, Quezon City, Philippines",14.62093484,121.0689756,#N/A,#N/A
145,Bagumbayan,Bagumbayan,"75 San Roque St., Brgy. Bagumbayan",3,Childcare,Public,Child development centers,"Data_QC Caring Cities Tracker, QC Administrative Data - Child","75 San Roque Street, Barangay Bagumbayan, Quezon City, Philippines",14.60863519,121.0823074,#N/A,#N/A
146,Escopa 2,Escopa 2,"Mapagmahal St., Barangay Hall, Brgy. Escopa 2",3,Childcare,Public,Child development centers,"Data_QC Caring Cities Tracker, QC Administrative Data - Child","Mapagmahal Street, Barangay Hall, Barangay Escopa 2, Quezon City, Philippines",14.62582771,121.0730328,#N/A,#N/A
147,Escopa 3,Escopa 3A,"P. Burgos PUD Site Bliss, Brgy. Hall Compound, Project 4, Brgy. Escopa 3",3,Childcare,Public,Child development centers,"Data_QC Caring Cities Tracker, QC Administrative Data - Child","P. Burgos PUD Site Bliss, Barangay Hall Compound, Project 4, Barangay Escopa 3, Quezon City, Philippines",14.67587252,121.0206153,#N/A,#N/A
148,Escopa 4,Escopa 3B,"P. Burgos PUD Site Bliss, Brgy. Hall Compound, Project 4, Brgy. Escopa 3",3,Childcare,Public,Child development centers,"Data_QC Caring Cities Tracker, QC Administrative Data - Child","P. Burgos PUD Site Bliss, Barangay Hall Compound, Project 4, Barangay Escopa 3, Quezon City, Philippines",14.67587252,121.0206153,#N/A,#N/A
149,Escopa 4,Escopa 4,"Senior Citizen Bldg. Escopa 4 Ibaba, Brgy. Escopa 4",3,Childcare,Public,Child development centers,"Data_QC Caring Cities Tracker, QC Administrative Data - Child","Senior Citizen Building Escopa 4 Ibaba, Barangay Escopa 4, Quezon City, Philippines",14.6259164,121.0731417,#N/A,#N/A
150,Dioquino Zobel,Dioquino Zobel,"18 Lizardo St. 20th Ave., Brgy. Dioquino Zobel",3,Childcare,Public,Child development centers,"Data_QC Caring Cities Tracker, QC Administrative Data - Child","18 Lizardo Street 20th Avenue, Barangay Dioquino Zobel, Quezon City, Philippines",14.61939441,121.0643398,#N/A,#N/A
151,Bagumbuhay,Bagumbuhay,"Plaza Malvar, Malvar St., Brgy. Bagumbuhay",3,Childcare,Public,Child development centers,"Data_QC Caring Cities Tracker, QC Administrative Data - Child","Plaza Malvar, Malvar Street, Barangay Bagumbuhay, Quezon City, Philippines",14.6250583,121.0651218,#N/A,#N/A
152,Marilag,Marilag I,"Plaza Camerino, Camerino St., Brgy. Marilag",3,Childcare,Public,Child development centers,"Data_QC Caring Cities Tracker, QC Administrative Data - Child","Plaza Camerino, Camerino Street, Barangay Marilag, Quezon City, Philippines",14.62508812,121.0687314,#N/A,#N/A
153,Marilag,Marilag II,"Plaza Camerino, Camerino St., Brgy. Marilag",3,Childcare,Public,Child development centers,"Data_QC Caring Cities Tracker, QC Administrative Data - Child","Plaza Camerino, Camerino Street, Barangay Marilag, Quezon City, Philippines",14.62508812,121.0687314,#N/A,#N/A
154,Tagumpay,Tagumpay,"2B P. Tuazon Blvd., Brgy. Tagumpay",3,Childcare,Public,Child development centers,"Data_QC Caring Cities Tracker, QC Administrative Data - Child","2B P. Tuazon Boulevard, Barangay Tagumpay, Quezon City, Philippines",14.6215976,121.0640723,#N/A,#N/A
155,Obrero,Obrero,"Brgy. Obrero Bgy Hall, Parkway St. cor. Tomas Morato Ave.",4,Childcare,Public,Child development centers,"Data_QC Caring Cities Tracker, QC Administrative Data - Child","Barangay Obrero Bgy Hall, Parkway Street corner Tomas Morato Avenue, Quezon City, Philippines",14.62634518,121.0334249,#N/A,#N/A
156,Paligsahan,Paligsahan,Roces Avenue Brgy. Paligsahan,4,Childcare,Public,Child development centers,"Data_QC Caring Cities Tracker, QC Administrative Data - Child","Roces Avenue Barangay Paligsahan, Quezon City, Philippines",14.631862,121.02121,#N/A,#N/A
157,Kamuning,Kamuning,"Bgy. Hall, #113 Kamuning Rd. Brgy. Kamuning",4,Childcare,Public,Child development centers,"Data_QC Caring Cities Tracker, QC Administrative Data - Child","Barangay Hall, #113 Kamuning Road Barangay Kamuning, Quezon City, Philippines",14.63018301,121.043739,#N/A,#N/A
158,South Triangle,South Triangle,Brgy. South Triangle Barangay Hall Sct. Bayoran St.,4,Childcare,Public,Child development centers,"Data_QC Caring Cities Tracker, QC Administrative Data - Child","Barangay South Triangle Barangay Hall Sct. Bayoran Street, Quezon City, Philippines",14.637723,121.037372,#N/A,#N/A
159,Roxas,Roxas,Champaca cor. Dahlia St. Brgy. Roxas,4,Childcare,Public,Child development centers,"Data_QC Caring Cities Tracker, QC Administrative Data - Child","Champaca corner Dahlia Street Barangay Roxas, Quezon City, Philippines",14.62868051,121.0197983,#N/A,#N/A
160,Pinagkaisahan,Pinagkaisahan,Ermin Garcia St. (near Bernardo Park),4,Childcare,Public,Child development centers,"Data_QC Caring Cities Tracker, QC Administrative Data - Child","Ermin Garcia Street (near Bernardo Park), Quezon City, Philippines",14.62708493,121.0467375,#N/A,#N/A
161,Immaculate Concepcion,Hillcrest,"Hillcrest St., Cubao (sidewalk) Brgy. Immaculate Concepcion",4,Childcare,Public,Child development centers,"Data_QC Caring Cities Tracker, QC Administrative Data - Child","Hillcrest Street, Cubao (sidewalk) Barangay Immaculate Concepcion, Quezon City, Philippines",14.62413548,121.0404923,#N/A,#N/A
162,Immaculate Concepcion,F. Manalo,F. Manalo St. Brgy. Immaculate Concepcion,4,Childcare,Public,Child development centers,"Data_QC Caring Cities Tracker, QC Administrative Data - Child","F. Manalo Street Barangay Immaculate Concepcion, Quezon City, Philippines",14.622284,121.048552,#N/A,#N/A
163,Kaunlaran,Planas Site,Planas Site III St. Brgy. Kaunlaran,4,Childcare,Public,Child development centers,"Data_QC Caring Cities Tracker, QC Administrative Data - Child","Planas Site III Street Barangay Kaunlaran, Quezon City, Philippines",14.61464844,121.0505882,#N/A,#N/A
164,San Martin de Porres,San Martin de Porres I,Conrado Benitez St. Brgy. San Martin de Porres,4,Childcare,Public,Child development centers,"Data_QC Caring Cities Tracker, QC Administrative Data - Child","Conrado Benitez Street Barangay San Martin de Porres, Quezon City, Philippines",14.6182804,121.0497587,#N/A,#N/A
165,San Martin de Porres,San Martin de Porres Annex,Conrado Benitez St. Brgy. San Martin de Porres,4,Childcare,Public,Child development centers,"Data_QC Caring Cities Tracker, QC Administrative Data - Child","Conrado Benitez Street Barangay San Martin de Porres, Quezon City, Philippines",14.6182804,121.0497587,#N/A,#N/A
166,Horseshoe,Horseshoe,"Brgy. Horsehoe Bgy. Hall, Sunset Drive",4,Childcare,Public,Child development centers,"Data_QC Caring Cities Tracker, QC Administrative Data - Child","Barangay Horsehoe Barangay Hall, Sunset Drive, Quezon City, Philippines",14.61102843,121.0433513,#N/A,#N/A
167,Tatalon,Manunggal I,Manunggal St. Brgy. Tatalon,4,Childcare,Public,Child development centers,"Data_QC Caring Cities Tracker, QC Administrative Data - Child","Manunggal Street Barangay Tatalon, Quezon City, Philippines",14.62203101,121.0141846,#N/A,#N/A
168,Tatalon,Manunggal II,"#15 Senior Citizen Bldg., Manunggal St. Brgy. Tatalon",4,Childcare,Public,Child development centers,"Data_QC Caring Cities Tracker, QC Administrative Data - Child","#15 Senior Citizen Building, Manunggal Street Barangay Tatalon, Quezon City, Philippines",14.6238209,121.0140205,#N/A,#N/A
169,Kristong Hari,Kristong Hari,"Broadway, Brgy. Kristong Hari",4,Childcare,Public,Child development centers,"Data_QC Caring Cities Tracker, QC Administrative Data - Child","Broadway, Barangay Kristong Hari, Quezon City, Philippines",14.624589,121.025335,#N/A,#N/A
170,Damayang Lagi,Damayang Lagi,Block 4 (Chapel) E. Rodriguez Sr. Ave. Brgy. Damayang Lagi,4,Childcare,Public,Child development centers,"Data_QC Caring Cities Tracker, QC Administrative Data - Child","Block 4 (Chapel) E. Rodriguez Sr. Avenue Barangay Damayang Lagi, Quezon City, Philippines",14.6164505,121.022814,#N/A,#N/A
171,San Isidro Galas,San Isidro Galas,"Brgy. San Isidro Galas Bgy. Hall Compound, Unang Hakbang St.",4,Childcare,Public,Child development centers,"Data_QC Caring Cities Tracker, QC Administrative Data - Child","Barangay San Isidro Galas Barangay Hall Compound, Unang Hakbang Street, Quezon City, Philippines",14.6116958,121.0092997,#N/A,#N/A
172,Sto Niño,Sto. Niño,Inocando St. Corner Santol St. Brgy. Sto. Niño,4,Childcare,Public,Child development centers,"Data_QC Caring Cities Tracker, QC Administrative Data - Child","Inocando Street Corner Santol Street Barangay Sto. Niño, Quezon City, Philippines",14.6129509,121.012594,#N/A,#N/A
173,Santol,Santol,"Brgy. Santol Brgy. Hall, Silencio cor. Baloy St.",4,Childcare,Public,Child development centers,"Data_QC Caring Cities Tracker, QC Administrative Data - Child","Barangay Santol Barangay Hall, Silencio corner Baloy Street, Quezon City, Philippines",14.6121625,121.0143531,#N/A,#N/A
174,Doña Imelda,Chamberette Doña Imelda,Chamberette Building Guirayan St. Brgy. Doña Imelda,4,Childcare,Public,Child development centers,"Data_QC Caring Cities Tracker, QC Administrative Data - Child","Chamberette Building Guirayan Street Barangay Doña Imelda, Quezon City, Philippines",14.61231666,121.0178328,#N/A,#N/A
175,Doña Imelda,Palanza,#38 Kapiligan St. Brgy. Doña Imelda,4,Childcare,Public,Child development centers,"Data_QC Caring Cities Tracker, QC Administrative Data - Child","#38 Kapiligan Street Barangay Doña Imelda, Quezon City, Philippines",14.61023701,121.0194223,#N/A,#N/A
176,Doña Josefa,Doña Josefa,Brgy. Doña Josefa Brgy. Hall Agno cor. Kitanlad St.,4,Childcare,Public,Child development centers,"Data_QC Caring Cities Tracker, QC Administrative Data - Child","Barangay Doña Josefa Barangay Hall Agno corner Kitanlad Street, Quezon City, Philippines",14.61905536,121.0065518,#N/A,#N/A
177,Don Manuel,Don Manuel,L. Castillo corner Matimyas St. Brgy. Don Manuel,4,Childcare,Public,Child development centers,"Data_QC Caring Cities Tracker, QC Administrative Data - Child","L. Castillo corner Matimyas Street Barangay Don Manuel, Quezon City, Philippines",14.61651458,121.0044445,#N/A,#N/A
178,Doña Aurora,Doña Aurora,E. Jacinto St. Brgy. Doña Aurora,4,Childcare,Public,Child development centers,"Data_QC Caring Cities Tracker, QC Administrative Data - Child","E. Jacinto Street Barangay Doña Aurora, Quezon City, Philippines",14.61621067,121.0104831,#N/A,#N/A
179,Old Capitol Site,Old Capitol Site,Masaya St. Interior (near Bgy. Hall) Brgy. Old Capitol Site,4,Childcare,Public,Child development centers,"Data_QC Caring Cities Tracker, QC Administrative Data - Child","Masaya Street Interior (near Barangay Hall) Barangay Old Capitol Site, Quezon City, Philippines",14.65156063,121.0535393,#N/A,#N/A
180,Old Capitol Site,Pechayan,Zone 1 Brgy. Old Capitol Site,4,Childcare,Public,Child development centers,"Data_QC Caring Cities Tracker, QC Administrative Data - Child","Zone 1 Barangay Old Capitol Site, Quezon City, Philippines",14.6504202,121.0525881,#N/A,#N/A
181,San Vicente,San Vicente,Fatima St. cor. Maayusin Ext. Brgy. San Vicente,4,Childcare,Public,Child development centers,"Data_QC Caring Cities Tracker, QC Administrative Data - Child","Fatima Street corner Maayusin Extension Barangay San Vicente, Quezon City, Philippines",14.6531219,121.0559879,#N/A,#N/A
182,U.P. Campus,Amorsolo,"Barangay Hall Compd., Pook Amorsolo Brgy. UP Campus",4,Childcare,Public,Child development centers,"Data_QC Caring Cities Tracker, QC Administrative Data - Child","Barangay Hall Compd., Pook Amorsolo Barangay UP Campus, Quezon City, Philippines",14.67587252,121.0206153,#N/A,#N/A
183,U.P. Campus,Amorsolo II,#N/A,4,Childcare,Public,Child development centers,"Data_QC Caring Cities Tracker, QC Administrative Data - Child",#N/A,#N/A,#N/A,#N/A,#N/A
184,U.P. Campus,Pook Village B,Pook Village B Brgy. UP Campus,4,Childcare,Public,Child development centers,"Data_QC Caring Cities Tracker, QC Administrative Data - Child","Pook Village B Barangay UP Campus, Quezon City, Philippines",14.0458782,121.5962726,#N/A,#N/A
185,U.P. Campus,Pook Libis,Pook Libis Brgy. UP Campus,4,Childcare,Public,Child development centers,"Data_QC Caring Cities Tracker, QC Administrative Data - Child","Pook Libis Barangay UP Campus, Quezon City, Philippines",14.615454,121.07498,#N/A,#N/A
186,U.P. Campus,Pook Daang Tubo,Pook Daang Tubo Brgy. UP Campus,4,Childcare,Public,Child development centers,"Data_QC Caring Cities Tracker, QC Administrative Data - Child","Pook Daang Tubo Barangay UP Campus, Quezon City, Philippines",14.6884313,121.0745333,#N/A,#N/A
187,Central,Forestry,BFD Compound Brgy. Central,4,Childcare,Public,Child development centers,"Data_QC Caring Cities Tracker, QC Administrative Data - Child","BFD Compound Barangay Central, Quezon City, Philippines",14.6426348,121.0511412,#N/A,#N/A
188,Central,Kalayaan,#81 Kalayaan Ave. Brgy. Central,4,Childcare,Public,Child development centers,"Data_QC Caring Cities Tracker, QC Administrative Data - Child","#81 Kalayaan Avenue Barangay Central, Quezon City, Philippines",14.64428875,121.0538586,#N/A,#N/A
189,Central,Botanical,128 Orchid St. Brgy. Central,4,Childcare,Public,Child development centers,"Data_QC Caring Cities Tracker, QC Administrative Data - Child","128 Orchid Street Barangay Central, Quezon City, Philippines",14.6426348,121.0511412,#N/A,#N/A
190,Central,Quezon City Yakap,"QC Hall Compound, Brgy. Central (Back of QC Public Library)",4,Childcare,Public,Child development centers,"Data_QC Caring Cities Tracker, QC Administrative Data - Child","QC Hall Compound, Barangay Central (Back of QC Public Library), Quezon City, Philippines",14.67587252,121.0206153,#N/A,#N/A
191,Krus na Ligas,KNL-CDO,V. Francisco St. (beside KNL High School) Brgy. Krus Na Ligas,4,Childcare,Public,Child development centers,"Data_QC Caring Cities Tracker, QC Administrative Data - Child","V. Francisco Street (beside KNL High School) Barangay Krus Na Ligas, Quezon City, Philippines",14.6456416,121.0619637,#N/A,#N/A
192,Krus na Ligas,Sitio Lambak,Flores St. Brgy. Krus Na Ligas,4,Childcare,Public,Child development centers,"Data_QC Caring Cities Tracker, QC Administrative Data - Child","Flores Street Barangay Krus Na Ligas, Quezon City, Philippines",14.64095458,121.0634213,#N/A,#N/A
193,Krus na Ligas,Kabalitang,Kabalitang St. Brgy. Krus Na Ligas,4,Childcare,Public,Child development centers,"Data_QC Caring Cities Tracker, QC Administrative Data - Child","Kabalitang Street Barangay Krus Na Ligas, Quezon City, Philippines",14.64290244,121.0616173,#N/A,#N/A
194,Botocan,Botocan,"Brgy. Botocan Brgy. Hall, Makadios St.",4,Childcare,Public,Child development centers,"Data_QC Caring Cities Tracker, QC Administrative Data - Child","Barangay Botocan Barangay Hall, Makadios Street, Quezon City, Philippines",14.636646,121.0623611,#N/A,#N/A
195,Malaya,Malaya,"Brgy. Malaya Brgy. Hall, Matahimik St.",4,Childcare,Public,Child development centers,"Data_QC Caring Cities Tracker, QC Administrative Data - Child","Barangay Malaya Barangay Hall, Matahimik Street, Quezon City, Philippines",14.64500943,121.0543666,#N/A,#N/A
196,Pinyahan,Pinyahan Proper,"#35 Malakas St. Brgy. Hall Compd., Brgy. Pinyahan",4,Childcare,Public,Child development centers,"Data_QC Caring Cities Tracker, QC Administrative Data - Child","#35 Malakas Street Barangay Hall Compd., Barangay Pinyahan, Quezon City, Philippines",14.63496618,121.0473259,#N/A,#N/A
197,Greater Lagro,Greater Lagro I,"1st floor Greater Largo Daycare Center Building, Ascension Rd., Greater Lagro Subd. Brgy. Greater Lagro",5,Childcare,Public,Child development centers,"Data_QC Caring Cities Tracker, QC Administrative Data - Child","1st floor Greater Largo Daycare Center Building, Ascension Road, Greater Lagro Subdivision Barangay Greater Lagro, Quezon City, Philippines",14.6884313,121.0745333,#N/A,#N/A
198,Greater Lagro,Greater Lagro II,"2nd floor Greater Largo Daycare Center Building, Ascension Rd., Greater Lagro Subd. Brgy. Greater Lagro",5,Childcare,Public,Child development centers,"Data_QC Caring Cities Tracker, QC Administrative Data - Child","2nd floor Greater Largo Daycare Center Building, Ascension Road, Greater Lagro Subdivision Barangay Greater Lagro, Quezon City, Philippines",14.6884313,121.0745333,#N/A,#N/A
199,Pasong Putik Proper,SAMAPINA,"Block 1 Lot 60 Sampaguita St. Maligaya Park, Brgy. Pasong Putik Proper",5,Childcare,Public,Child development centers,"Data_QC Caring Cities Tracker, QC Administrative Data - Child","Block 1 Lot 60 Sampaguita Street Maligaya Park, Barangay Pasong Putik Proper, Quezon City, Philippines",14.6768643,121.0656362,#N/A,#N/A
200,Pasong Putik Proper,Pechayan,"Block 31 Lot 23 Ilang-Ilang St. Pechayan Kanan, Maligaya Park, Brgy. Pasong Putik",5,Childcare,Public,Child development centers,"Data_QC Caring Cities Tracker, QC Administrative Data - Child","Block 31 Lot 23 Ilang-Ilang Street Pechayan Kanan, Maligaya Park, Barangay Pasong Putik, Quezon City, Philippines",14.69185009,121.059892,#N/A,#N/A
201,North Fairview,Milenyo,"Milenyo Daycare Center Building, Milenyo St. Phase 8-I, Brgy. North Fairview",5,Childcare,Public,Child development centers,"Data_QC Caring Cities Tracker, QC Administrative Data - Child","Milenyo Daycare Center Building, Milenyo Street Phase 8-I, Barangay North Fairview, Quezon City, Philippines",14.7032559,121.070728,#N/A,#N/A
202,North Fairview,Avon,"13-A Avon St., North Fairview Subd., Brgy. North Fairview",5,Childcare,Public,Child development centers,"Data_QC Caring Cities Tracker, QC Administrative Data - Child","13-A Avon Street, North Fairview Subdivision, Barangay North Fairview, Quezon City, Philippines",14.7032559,121.070728,#N/A,#N/A
203,North Fairview,NAMAPA,"NAMAPA Compound, Brgy. North Fairview",5,Childcare,Public,Child development centers,"Data_QC Caring Cities Tracker, QC Administrative Data - Child","NAMAPA Compound, Barangay North Fairview, Quezon City, Philippines",14.713,121.064,#N/A,#N/A
204,North Fairview,Phase 8-I,"1st Floor Daycare and Livelihood Center Building, Peso St., United North Fairview Subd., Brgy. North Fairview",5,Childcare,Public,Child development centers,"Data_QC Caring Cities Tracker, QC Administrative Data - Child","1st Floor Daycare and Livelihood Center Building, Peso Street, United North Fairview Subdivision, Barangay North Fairview, Quezon City, Philippines",14.7032559,121.070728,#N/A,#N/A
205,North Fairview,Phase 8-II,"2nd Floor Daycare and Livelihood Center Building, Peso St., United North Fairview Subd., Brgy. North Fairview",5,Childcare,Public,Child development centers,"Data_QC Caring Cities Tracker, QC Administrative Data - Child","2nd Floor Daycare and Livelihood Center Building, Peso Street, United North Fairview Subdivision, Barangay North Fairview, Quezon City, Philippines",14.7032559,121.070728,#N/A,#N/A
206,Fairview,Fairview,"Ground floor Vargas Hall, Barangay Hall Complex, Dahlia St., Brgy. Fairview",5,Childcare,Public,Child development centers,"Data_QC Caring Cities Tracker, QC Administrative Data - Child","Ground floor Vargas Hall, Barangay Hall Complex, Dahlia Street, Barangay Fairview, Quezon City, Philippines",14.71102448,121.0489876,#N/A,#N/A
207,Fairview,Sitio Ruby,"Sitio Ruby St. SERNAI East Fairview, Brgy. Fairview",5,Childcare,Public,Child development centers,"Data_QC Caring Cities Tracker, QC Administrative Data - Child","Sitio Ruby Street SERNAI East Fairview, Barangay Fairview, Quezon City, Philippines",14.70957411,121.0698836,#N/A,#N/A
208,Fairview,MMTC,"Basilio St., cor Republic Ave., Brgy. Fairview",5,Childcare,Public,Child development centers,"Data_QC Caring Cities Tracker, QC Administrative Data - Child","Basilio Street, corner Republic Avenue, Barangay Fairview, Quezon City, Philippines",14.69301682,121.0638452,#N/A,#N/A
209,Fairview,Sitio Kislap,"Sitio Kislap Pearl St, Brgy. Fairview",5,Childcare,Public,Child development centers,"Data_QC Caring Cities Tracker, QC Administrative Data - Child","Sitio Kislap Pearl St, Barangay Fairview, Quezon City, Philippines",14.70901131,121.0717224,#N/A,#N/A
210,Fairview,Sitio Urlina,Sitio Urlina Lilac St. Brgy. Fairview,5,Childcare,Public,Child development centers,"Data_QC Caring Cities Tracker, QC Administrative Data - Child","Sitio Urlina Lilac Street Barangay Fairview, Quezon City, Philippines",14.69901915,121.0451947,#N/A,#N/A
211,Fairview,SAPAMANAI,"2nd Floor SAPAMANAI Bldg., Molave St. cor Mahogany St. Brgy Fairview",5,Childcare,Public,Child development centers,"Data_QC Caring Cities Tracker, QC Administrative Data - Child","2nd Floor SAPAMANAI Building, Molave Street corner Mahogany Street Barangay Fairview, Quezon City, Philippines",14.73063199,121.038522,#N/A,#N/A
212,Fairview,Sitio RABOSNA,"14 Ruby St Sitio Rabosna, Brgy. Fairview",5,Childcare,Public,Child development centers,"Data_QC Caring Cities Tracker, QC Administrative Data - Child","14 Ruby St Sitio Rabosna, Barangay Fairview, Quezon City, Philippines",14.70957411,121.0698836,#N/A,#N/A
213,Kaligayahan,Kingfisher,Kingfisher St. Zabarte Subd. Brgy. Kaligayahan (beside Kaligayahan Health Center),5,Childcare,Public,Child development centers,"Data_QC Caring Cities Tracker, QC Administrative Data - Child","Kingfisher Street Zabarte Subdivision Barangay Kaligayahan (beside Kaligayahan Health Center), Quezon City, Philippines",14.73453941,121.0500914,#N/A,#N/A
214,Kaligayahan,Junji,"Junji Street, Rolling Hills Western Village, Brgy. Kaligayahan",5,Childcare,Public,Child development centers,"Data_QC Caring Cities Tracker, QC Administrative Data - Child","Junji Street, Rolling Hills Western Village, Barangay Kaligayahan, Quezon City, Philippines",14.73240967,121.0506567,#N/A,#N/A
215,Kaligayahan,Mockingbird,"Barangay Kaligayahan Hall, Mockingbird St. Zabarte Subd., Brgy. Kaligayahan",5,Childcare,Public,Child development centers,"Data_QC Caring Cities Tracker, QC Administrative Data - Child","Barangay Kaligayahan Hall, Mockingbird Street Zabarte Subdivision, Barangay Kaligayahan, Quezon City, Philippines",14.73752546,121.0519651,#N/A,#N/A
216,Kaligayahan,Tawid Sapa I,"Blk. 10 Phase 1, Kalinga Tawid Sapa, Brgy. Kaligayahan",5,Childcare,Public,Child development centers,"Data_QC Caring Cities Tracker, QC Administrative Data - Child","Blk. 10 Phase 1, Kalinga Tawid Sapa, Barangay Kaligayahan, Quezon City, Philippines",14.7271887,121.0444338,#N/A,#N/A
217,Kaligayahan,Tawid Sapa II,"Zone 1 cor. Sampalucan St., Tawid Sapa, Brgy. Kaligayahan",5,Childcare,Public,Child development centers,"Data_QC Caring Cities Tracker, QC Administrative Data - Child","Zone 1 corner Sampalucan Street, Tawid Sapa, Barangay Kaligayahan, Quezon City, Philippines",14.7271887,121.0444338,#N/A,#N/A
218,Kaligayahan,Bistekville 2,"1st Flr Bistekville II Multi-Purpose Hall Building, Brgy. Kaligayahan",5,Childcare,Public,Child development centers,"Data_QC Caring Cities Tracker, QC Administrative Data - Child","1st Flr Bistekville II Multi-Purpose Hall Building, Barangay Kaligayahan, Quezon City, Philippines",14.7271887,121.0444338,#N/A,#N/A
219,Sta. Lucia,Bonifacio,"2/F BPSO Building, Brgy. Hall Compound, A. Bonifacio St. Brgy. Sta. Lucia Ave.",5,Childcare,Public,Child development centers,"Data_QC Caring Cities Tracker, QC Administrative Data - Child","2/F BPSO Building, Barangay Hall Compound, A. Bonifacio Street Barangay Sta. Lucia Avenue, Quezon City, Philippines",14.69773617,121.1103265,#N/A,#N/A
220,Sta. Lucia,Balagtas,25 Balagtas St. cor. M. Aquino St. Brgy. Sta. Lucia,5,Childcare,Public,Child development centers,"Data_QC Caring Cities Tracker, QC Administrative Data - Child","25 Balagtas Street corner M. Aquino Street Barangay Sta. Lucia, Quezon City, Philippines",14.70634588,121.0499308,#N/A,#N/A
221,Sta. Lucia,Sitio 6,"Lot 18 Blk 52, Abad Santos St, Sitio 6, Brgy. Sta Lucia",5,Childcare,Public,Child development centers,"Data_QC Caring Cities Tracker, QC Administrative Data - Child","Lot 18 Blk 52, Abad Santos St, Sitio 6, Barangay Sta Lucia, Quezon City, Philippines",14.70952329,121.0504179,#N/A,#N/A
222,Sta. Lucia,Tarhaville,"Blk 13 Lapu-lapu, Tarhaville Village, Brgy. Sta Lucia",5,Childcare,Public,Child development centers,"Data_QC Caring Cities Tracker, QC Administrative Data - Child","Blk 13 Lapu-lapu, Tarhaville Village, Barangay Sta Lucia, Quezon City, Philippines",14.70819835,121.0475115,#N/A,#N/A
223,Sta. Lucia,Plainville,"St. Joseph St., Plainville Subdivision",5,Childcare,Public,Child development centers,"Data_QC Caring Cities Tracker, QC Administrative Data - Child","Street Joseph Street, Plainville Subdivision, Quezon City, Philippines",14.6800042,121.042988,#N/A,#N/A
224,San Agustin,St. Francis,"Barangay Hall Compd., Patnubay Street, St. Francis Village",5,Childcare,Public,Child development centers,"Data_QC Caring Cities Tracker, QC Administrative Data - Child","Barangay Hall Compd., Patnubay Street, Street Francis Village, Quezon City, Philippines",14.728786,121.0383651,#N/A,#N/A
225,San Agustin,T.S. Cruz,"T.S. Cruz Day Care and Livelihood Center, Fidel St., T.S. Cruz Subdivision, Brgy. San Agustin",5,Childcare,Public,Child development centers,"Data_QC Caring Cities Tracker, QC Administrative Data - Child","T.S. Cruz Day Care and Livelihood Center, Fidel Street, T.S. Cruz Subdivision, Barangay San Agustin, Quezon City, Philippines",14.7277688,121.0353029,#N/A,#N/A
226,San Agustin,Nova Homes,"Narra St., Nova Homes Subd. Brgy. San Agustin",5,Childcare,Public,Child development centers,"Data_QC Caring Cities Tracker, QC Administrative Data - Child","Narra Street, Nova Homes Subdivision Barangay San Agustin, Quezon City, Philippines",14.73431774,121.036679,#N/A,#N/A
227,Novaliches Proper,Novaliches Proper I,"3rd Floor, Livelihood CHILD DEVELOPMENT CENTER Bldg., Nova Plaza, Buenamar St.,Brgy. Novaliches Proper",5,Childcare,Public,Child development centers,"Data_QC Caring Cities Tracker, QC Administrative Data - Child","3rd Floor, Livelihood CHILD DEVELOPMENT CENTER Building, Nova Plaza, Buenamar Street,Barangay Novaliches Proper, Quezon City, Philippines",14.71891743,121.0392507,#N/A,#N/A
228,Novaliches Proper,Novaliches Proper II,"2nd Floor Multi-purpose Bldg., P. Tupaz St., Doña Rosario, Brgy. Novaliches Proper",5,Childcare,Public,Child development centers,"Data_QC Caring Cities Tracker, QC Administrative Data - Child","2nd Floor Multi-purpose Building, P. Tupaz Street, Doña Rosario, Barangay Novaliches Proper, Quezon City, Philippines",14.71886189,121.0352432,#N/A,#N/A
229,Novaliches Proper,Doña Rosario,"Ground Floor Multi-purpose Bldg., P. Tupaz St., Doña Rosario, Brgy. Novaliches Proper",5,Childcare,Public,Child development centers,"Data_QC Caring Cities Tracker, QC Administrative Data - Child","Ground Floor Multi-purpose Building, P. Tupaz Street, Doña Rosario, Barangay Novaliches Proper, Quezon City, Philippines",14.71886189,121.0352432,#N/A,#N/A
230,Nagkaisang Nayon,Nagkaisang Nayon I,"Barangay Hall Compound., #7 Banahaw St. Brgy. Nagkaisang Nayon",5,Childcare,Public,Child development centers,"Data_QC Caring Cities Tracker, QC Administrative Data - Child","Barangay Hall Compound., #7 Banahaw Street Barangay Nagkaisang Nayon, Quezon City, Philippines",14.71932957,121.0286675,#N/A,#N/A
231,Nagkaisang Nayon,Nagkaisang Nayon II,"Barangay Hall Compound., #7 Banahaw St. Brgy. Nagkaisang Nayon",5,Childcare,Public,Child development centers,"Data_QC Caring Cities Tracker, QC Administrative Data - Child","Barangay Hall Compound., #7 Banahaw Street Barangay Nagkaisang Nayon, Quezon City, Philippines",14.71932957,121.0286675,#N/A,#N/A
232,Nagkaisang Nayon,Jonaville I,"St.Joseph St., Jonaville Subdivision, Brgy. Nagkaisang Nayon",5,Childcare,Public,Child development centers,"Data_QC Caring Cities Tracker, QC Administrative Data - Child","StreetJoseph Street, Jonaville Subdivision, Barangay Nagkaisang Nayon, Quezon City, Philippines",14.7235756,121.0251884,#N/A,#N/A
233,Nagkaisang Nayon,Villa Nova,"St. Michael St. cor Francis St. Villanova Subd., Brgy. Nagkaisang Nayon",5,Childcare,Public,Child development centers,"Data_QC Caring Cities Tracker, QC Administrative Data - Child","Street Michael Street corner Francis Street Villanova Subdivision, Barangay Nagkaisang Nayon, Quezon City, Philippines",14.7235756,121.0251884,#N/A,#N/A
234,Nagkaisang Nayon,Lazaro,"Lot 5 Blk 5, Damong Maliit, Lazaro Subd., Brgy. Nagkaisang Nayon",5,Childcare,Public,Child development centers,"Data_QC Caring Cities Tracker, QC Administrative Data - Child","Lot 5 Blk 5, Damong Maliit, Lazaro Subdivision, Barangay Nagkaisang Nayon, Quezon City, Philippines",14.72322303,121.0315711,#N/A,#N/A
235,Nagkaisang Nayon,Pasacola I,"Blk 1, Dormitory Phase 1 (Nagkakaisang Lakas) , Brgy. Nagkaisang Nayon",5,Childcare,Public,Child development centers,"Data_QC Caring Cities Tracker, QC Administrative Data - Child","Blk 1, Dormitory Phase 1 (Nagkakaisang Lakas) , Barangay Nagkaisang Nayon, Quezon City, Philippines",14.7235756,121.0251884,#N/A,#N/A
236,Nagkaisang Nayon,Pasacola II,"Lot 158-B, Area C, Pasacola, Brgy. Nagkaisang Nayon",5,Childcare,Public,Child development centers,"Data_QC Caring Cities Tracker, QC Administrative Data - Child","Lot 158-B, Area C, Pasacola, Barangay Nagkaisang Nayon, Quezon City, Philippines",14.7180742,121.0320746,#N/A,#N/A
237,Nagkaisang Nayon,Robina,"Robina Rd. Sierra Vista Subd., Brgy. Nagkaisang Nayon",5,Childcare,Public,Child development centers,"Data_QC Caring Cities Tracker, QC Administrative Data - Child","Robina Road Sierra Vista Subdivision, Barangay Nagkaisang Nayon, Quezon City, Philippines",14.714443,121.020511,#N/A,#N/A
238,Nagkaisang Nayon,St. Andrew,"Sampaguita St., Dantes Subd., Damong Maliit, Brgy. Nagkaisang Nayon",5,Childcare,Public,Child development centers,"Data_QC Caring Cities Tracker, QC Administrative Data - Child","Sampaguita Street, Dantes Subdivision, Damong Maliit, Barangay Nagkaisang Nayon, Quezon City, Philippines",14.72896479,121.0255848,#N/A,#N/A
239,Nagkaisang Nayon,Queensland I,"Princess Grace St., Queensland Phase I Subd., Damong Maliit, Brgy. Nagkaisang Nayon",5,Childcare,Public,Child development centers,"Data_QC Caring Cities Tracker, QC Administrative Data - Child","Princess Grace Street, Queensland Phase I Subdivision, Damong Maliit, Barangay Nagkaisang Nayon, Quezon City, Philippines",14.72322303,121.0315711,#N/A,#N/A
240,Nagkaisang Nayon,Queensland II,"Ground Floor Vargas Building, Blk 5 Lot 14 Ruby St. Queensland 2 Village, Brgy Nagkaisang Nayon",5,Childcare,Public,Child development centers,"Data_QC Caring Cities Tracker, QC Administrative Data - Child","Ground Floor Vargas Building, Blk 5 Lot 14 Ruby Street Queensland 2 Village, Barangay Nagkaisang Nayon, Quezon City, Philippines",14.72802002,121.025479,#N/A,#N/A
241,Capri,Champaca,"Barangay Hall Building, Sampaguita St., Area 5",5,Childcare,Public,Child development centers,"Data_QC Caring Cities Tracker, QC Administrative Data - Child","Barangay Hall Building, Sampaguita Street, Area 5, Quezon City, Philippines",14.67676725,121.0665614,#N/A,#N/A
242,Capri,Narra,"Barangay Hall Building, Sampaguita St., Area 5",5,Childcare,Public,Child development centers,"Data_QC Caring Cities Tracker, QC Administrative Data - Child","Barangay Hall Building, Sampaguita Street, Area 5, Quezon City, Philippines",14.67676725,121.0665614,#N/A,#N/A
243,Sta. Monica,Aguardiente,"1st floor Barangay Sta Monica Daycare Center Building, Pugong Ginto St., Aguardiente, Brgy. Sta Monica",5,Childcare,Public,Child development centers,"Data_QC Caring Cities Tracker, QC Administrative Data - Child","1st floor Barangay Sta Monica Daycare Center Building, Pugong Ginto Street, Aguardiente, Barangay Sta Monica, Quezon City, Philippines",14.71533924,121.0462435,#N/A,#N/A
244,Sta. Monica,Sta. Monica,"Barangay Hall Compd., Moises St., Jordan Plains Subd., Brgy. Sta Monica",5,Childcare,Public,Child development centers,"Data_QC Caring Cities Tracker, QC Administrative Data - Child","Barangay Hall Compd., Moises Street, Jordan Plains Subdivision, Barangay Sta Monica, Quezon City, Philippines",14.7140514,121.0492105,#N/A,#N/A
245,Sta. Monica,Palmera,"Multi-purpose Hall Mangga St. Phase I-A Palmera Homes, Brgy. Sta Monica",5,Childcare,Public,Child development centers,"Data_QC Caring Cities Tracker, QC Administrative Data - Child","Multi-purpose Hall Mangga Street Phase I-A Palmera Homes, Barangay Sta Monica, Quezon City, Philippines",14.7136546,121.0498761,#N/A,#N/A
246,Gulod,Joan of Arc,"2nd Floor HOA Bldg., Victoria St. Joan of Arc, Brgy. Gulod",5,Childcare,Public,Child development centers,"Data_QC Caring Cities Tracker, QC Administrative Data - Child","2nd Floor HOA Building, Victoria Street Joan of Arc, Barangay Gulod, Quezon City, Philippines",14.71965918,121.0449055,#N/A,#N/A
247,Gulod,Villareal,"3rd floor Old Barangay Hall Building, Quirino Highway, Brgy. Gulod",5,Childcare,Public,Child development centers,"Data_QC Caring Cities Tracker, QC Administrative Data - Child","3rd floor Old Barangay Hall Building, Quirino Highway, Barangay Gulod, Quezon City, Philippines",14.71350568,121.0401028,#N/A,#N/A
248,Gulod,POCC (Holy Trinity),"Nenita Extn. POCC Compound Area VI, Brgy. Gulod",5,Childcare,Public,Child development centers,"Data_QC Caring Cities Tracker, QC Administrative Data - Child","Nenita Extension POCC Compound Area VI, Barangay Gulod, Quezon City, Philippines",14.7134709,121.0402729,#N/A,#N/A
249,Gulod,Nitang,# 47 Nitang Avenue Brgy Gulod,5,Childcare,Public,Child development centers,"Data_QC Caring Cities Tracker, QC Administrative Data - Child","# 47 Nitang Avenue Barangay Gulod, Quezon City, Philippines",14.71295602,121.042349,#N/A,#N/A
250,Gulod,Don Crispulo,"Bering St. cor Don Crispulo Street, Area V, Brgy. Gulod",5,Childcare,Public,Child development centers,"Data_QC Caring Cities Tracker, QC Administrative Data - Child","Bering Street corner Don Crispulo Street, Area V, Barangay Gulod, Quezon City, Philippines",14.71150515,121.045224,#N/A,#N/A
251,Gulod,Florentina,"Interior Florentina St. Castro Compound, Brgy. Gulod",5,Childcare,Public,Child development centers,"Data_QC Caring Cities Tracker, QC Administrative Data - Child","Interior Florentina Street Castro Compound, Barangay Gulod, Quezon City, Philippines",14.71014024,121.0433474,#N/A,#N/A
252,Gulod,Golden HOA I,"Ground flr. Golden HOA Livelihood Center Building, Golden HOA Area, Brgy Gulod",5,Childcare,Public,Child development centers,"Data_QC Caring Cities Tracker, QC Administrative Data - Child","Ground Floor Golden HOA Livelihood Center Building, Golden HOA Area, Barangay Gulod, Quezon City, Philippines",14.7134709,121.0402729,#N/A,#N/A
253,San Bartolome,Nomar 2,"Santan St., Nomar Subd., Brgy. San Bartolome",5,Childcare,Public,Child development centers,"Data_QC Caring Cities Tracker, QC Administrative Data - Child","Santan Street, Nomar Subdivision, Barangay San Bartolome, Quezon City, Philippines",14.70100219,121.0410321,#N/A,#N/A
254,San Bartolome,Angela,"2nd flr. Vargas Hall, Marcos St., Doña Faustina",5,Childcare,Public,Child development centers,"Data_QC Caring Cities Tracker, QC Administrative Data - Child","2nd Floor Vargas Hall, Marcos Street, Doña Faustina, Quezon City, Philippines",14.70875034,121.0244441,#N/A,#N/A
255,San Bartolome,Sampaguita,"Sampaguita Compound, Atlas Road, Brgy. San Bartolome",5,Childcare,Public,Child development centers,"Data_QC Caring Cities Tracker, QC Administrative Data - Child","Sampaguita Compound, Atlas Road, Barangay San Bartolome, Quezon City, Philippines",14.7119233,121.0288687,#N/A,#N/A
256,Bagbag,Goodwill Homes 2,"Mark St. cor. Ruth St., Goodwill Homes 2 Subd., Brgy. Bagbag",5,Childcare,Public,Child development centers,"Data_QC Caring Cities Tracker, QC Administrative Data - Child","Mark Street corner Ruth Street, Goodwill Homes 2 Subdivision, Barangay Bagbag, Quezon City, Philippines",14.6966932,121.0365573,#N/A,#N/A
257,Bagbag,Maligaya,"Mark St. cor. Ruth St., Goodwill Homes 2 Subd., Brgy. Bagbag",5,Childcare,Public,Child development centers,"Data_QC Caring Cities Tracker, QC Administrative Data - Child","Mark Street corner Ruth Street, Goodwill Homes 2 Subdivision, Barangay Bagbag, Quezon City, Philippines",14.6966932,121.0365573,#N/A,#N/A
258,Bagbag,Remarville,"Asteroid St. cor. Pisces St., Remarville Subd., Brgy. Bagbag",5,Childcare,Public,Child development centers,"Data_QC Caring Cities Tracker, QC Administrative Data - Child","Asteroid Street corner Pisces Street, Remarville Subdivision, Barangay Bagbag, Quezon City, Philippines",14.695432,121.0389272,#N/A,#N/A
259,Bagbag,Ibayo,"Ibayo 2 68 Pascual Road, Brgy. Bagbag",5,Childcare,Public,Child development centers,"Data_QC Caring Cities Tracker, QC Administrative Data - Child","Ibayo 2 68 Pascual Road, Barangay Bagbag, Quezon City, Philippines",14.69672359,121.0394513,#N/A,#N/A
260,Bagbag,San Pedro IX,Santan St. San Pedro IX Subd. Brgy. Bagbag,5,Childcare,Public,Child development centers,"Data_QC Caring Cities Tracker, QC Administrative Data - Child","Santan Street San Pedro IX Subdivision Barangay Bagbag, Quezon City, Philippines",14.70774017,121.0423132,#N/A,#N/A
261,Sauyo,Old Cabuyao,15 Old Cabuyao,6,Childcare,Public,Child development centers,"Data_QC Caring Cities Tracker, QC Administrative Data - Child","15 Old Cabuyao, Quezon City, Philippines",14.6884313,121.0745333,#N/A,#N/A
262,Sauyo,135-99 (Alma Nova),135-99 Sauyo Rd.,6,Childcare,Public,Child development centers,"Data_QC Caring Cities Tracker, QC Administrative Data - Child","135-99 Sauyo Road, Quezon City, Philippines",14.69432905,121.0434245,#N/A,#N/A
263,Sauyo,Sitio Cabuyao I,"Area 5a, Sauyo Road",6,Childcare,Public,Child development centers,"Data_QC Caring Cities Tracker, QC Administrative Data - Child","Area 5a, Sauyo Road, Quezon City, Philippines",14.69432905,121.0434245,#N/A,#N/A
264,Sauyo,Sitio Cabuyao II,"Area 6, Sauyo Road",6,Childcare,Public,Child development centers,"Data_QC Caring Cities Tracker, QC Administrative Data - Child","Area 6, Sauyo Road, Quezon City, Philippines",14.69432905,121.0434245,#N/A,#N/A
265,Sauyo,Baluyot,5 Baluyot I,6,Childcare,Public,Child development centers,"Data_QC Caring Cities Tracker, QC Administrative Data - Child","5 Baluyot I, Quezon City, Philippines",14.7002214,121.0500803,#N/A,#N/A
266,Sauyo,MASARNA,"201 Mabuhay Compd., Sauyo Rd.",6,Childcare,Public,Child development centers,"Data_QC Caring Cities Tracker, QC Administrative Data - Child","201 Mabuhay Compd., Sauyo Road, Quezon City, Philippines",14.69432905,121.0434245,#N/A,#N/A
267,Sauyo,Lower Gulod,"135 Lower Gulod, Brgy. Sauyo",6,Childcare,Public,Child development centers,"Data_QC Caring Cities Tracker, QC Administrative Data - Child","135 Lower Gulod, Barangay Sauyo, Quezon City, Philippines",14.6911472,121.0449379,#N/A,#N/A
268,Talipapa,Talipapa,Siklot St. Pleasantville Subd.,6,Childcare,Public,Child development centers,"Data_QC Caring Cities Tracker, QC Administrative Data - Child","Siklot Street Pleasantville Subdivision, Quezon City, Philippines",14.68735409,121.0271243,#N/A,#N/A
269,Talipapa,Gloria V,"Candido St. cor. Sampaguita, Gloria V Subd.",6,Childcare,Public,Child development centers,"Data_QC Caring Cities Tracker, QC Administrative Data - Child","Candido Street corner Sampaguita, Gloria V Subdivision, Quezon City, Philippines",14.68421275,121.0303113,#N/A,#N/A
270,Talipapa,La Trinidad,La Trinidad Village Whole Court,6,Childcare,Public,Child development centers,"Data_QC Caring Cities Tracker, QC Administrative Data - Child","La Trinidad Village Whole Court, Quezon City, Philippines",14.68518,121.01959,#N/A,#N/A
271,Talipapa,CANO,Blk 5 Lot 1 Sto. Niño Village,6,Childcare,Public,Child development centers,"Data_QC Caring Cities Tracker, QC Administrative Data - Child","Blk 5 Lot 1 Sto. Niño Village, Quezon City, Philippines",14.7035905,121.0972529,#N/A,#N/A
272,Talipapa,Campo 2,"Campo 2, Tandang Sora",6,Childcare,Public,Child development centers,"Data_QC Caring Cities Tracker, QC Administrative Data - Child","Campo 2, Tandang Sora, Quezon City, Philippines",14.6802544,121.0406533,#N/A,#N/A
273,Talipapa,Del Nacia,Dal Nacia 3 Subd.,6,Childcare,Public,Child development centers,"Data_QC Caring Cities Tracker, QC Administrative Data - Child","Dal Nacia 3 Subdivision, Quezon City, Philippines",14.6884313,121.0745333,#N/A,#N/A
274,Baesa,Asamba,Asamba Compound Sitio Compound,6,Childcare,Public,Child development centers,"Data_QC Caring Cities Tracker, QC Administrative Data - Child","Asamba Compound Sitio Compound, Quezon City, Philippines",14.67587252,121.0206153,#N/A,#N/A
275,Baesa,Sitio Pajo,GK Sitio Pajo,6,Childcare,Public,Child development centers,"Data_QC Caring Cities Tracker, QC Administrative Data - Child","GK Sitio Pajo, Quezon City, Philippines",14.6884313,121.0745333,#N/A,#N/A
276,Baesa,Howmart,Alley 2 Howmart St.,6,Childcare,Public,Child development centers,"Data_QC Caring Cities Tracker, QC Administrative Data - Child","Alley 2 Howmart Street, Quezon City, Philippines",14.662229,121.042211,#N/A,#N/A
277,Baesa,F. Carlos,F. Carlos St. (near Basketball Court),6,Childcare,Public,Child development centers,"Data_QC Caring Cities Tracker, QC Administrative Data - Child","F. Carlos Street (near Basketball Court), Quezon City, Philippines",14.66197998,121.0104632,#N/A,#N/A
278,Baesa,Mendez,Mendez Road,6,Childcare,Public,Child development centers,"Data_QC Caring Cities Tracker, QC Administrative Data - Child","Mendez Road, Quezon City, Philippines",14.66876763,121.0131722,#N/A,#N/A
279,Sangandaan,Redemption 1,Parklane Ext. Gertrudes St. Livelihood Building,6,Childcare,Public,Child development centers,"Data_QC Caring Cities Tracker, QC Administrative Data - Child","Parklane Extension Gertrudes Street Livelihood Building, Quezon City, Philippines",14.68081347,121.0990321,#N/A,#N/A
280,Sangandaan,Redemption 2,Parklane Ext. Gertrudes St. Livelihood Building,6,Childcare,Public,Child development centers,"Data_QC Caring Cities Tracker, QC Administrative Data - Child","Parklane Extension Gertrudes Street Livelihood Building, Quezon City, Philippines",14.68081347,121.0990321,#N/A,#N/A
281,Sangandaan,Sitio San Roque,Sitio San Roque Compound,6,Childcare,Public,Child development centers,"Data_QC Caring Cities Tracker, QC Administrative Data - Child","Sitio San Roque Compound, Quezon City, Philippines",14.69750795,121.0835352,#N/A,#N/A
282,Sangandaan,Insurance,72 Insurance St.,6,Childcare,Public,Child development centers,"Data_QC Caring Cities Tracker, QC Administrative Data - Child","72 Insurance Street, Quezon City, Philippines",14.67274312,121.0185262,#N/A,#N/A
283,Balon Bato,Balon Bato,11 E Maximina Drive beside Brgy. Hall,6,Childcare,Public,Child development centers,"Data_QC Caring Cities Tracker, QC Administrative Data - Child","11 E Maximina Drive beside Barangay Hall, Quezon City, Philippines",14.71053822,121.0362644,#N/A,#N/A
284,Unang Sigaw,Unang Sigaw,3 North Diversion Rd. Balintawak,6,Childcare,Public,Child development centers,"Data_QC Caring Cities Tracker, QC Administrative Data - Child","3 North Diversion Road Balintawak, Quezon City, Philippines",14.63859648,121.074724,#N/A,#N/A
285,Apolonio Samson,Apolonio Samson,"Kaingin Rd., Bgy. Hall Apolonio Samson",6,Childcare,Public,Child development centers,"Data_QC Caring Cities Tracker, QC Administrative Data - Child","Kaingin Road, Barangay Hall Apolonio Samson, Quezon City, Philippines",14.65531,121.011601,#N/A,#N/A
286,Apolonio Samson,Apolonio Samson Annex,Bgy. Apolonio Samson,6,Childcare,Public,Child development centers,"Data_QC Caring Cities Tracker, QC Administrative Data - Child","Barangay Apolonio Samson, Quezon City, Philippines",14.65531,121.011601,#N/A,#N/A
287,Apolonio Samson,Oliveros,26 M Oliveros Drive (Dulo),6,Childcare,Public,Child development centers,"Data_QC Caring Cities Tracker, QC Administrative Data - Child","26 M Oliveros Drive (Dulo), Quezon City, Philippines",14.65942729,121.0065384,#N/A,#N/A
288,Pasong Tamo,Veterans Area I,"Area I, Freedom Park St. Veterans Village",6,Childcare,Public,Child development centers,"Data_QC Caring Cities Tracker, QC Administrative Data - Child","Area I, Freedom Park Street Veterans Village, Quezon City, Philippines",14.65466,121.0238001,#N/A,#N/A
289,Pasong Tamo,Veterans Area II,Corner Diego Silang St. Veterans Village,6,Childcare,Public,Child development centers,"Data_QC Caring Cities Tracker, QC Administrative Data - Child","Corner Diego Silang Street Veterans Village, Quezon City, Philippines",14.65466,121.0238001,#N/A,#N/A
290,Pasong Tamo,Veterans Area III,7th Street Veterans Village Area 3,6,Childcare,Public,Child development centers,"Data_QC Caring Cities Tracker, QC Administrative Data - Child","7th Street Veterans Village Area 3, Quezon City, Philippines",14.68362031,121.0654379,#N/A,#N/A
291,Pasong Tamo,Pingkian II,Pingkian II,6,Childcare,Public,Child development centers,"Data_QC Caring Cities Tracker, QC Administrative Data - Child","Pingkian II, Quezon City, Philippines",14.6884313,121.0745333,#N/A,#N/A
292,Pasong Tamo,Pingkian 3 Zone 2,"Lily St. Pingkian 3, Zone 2",6,Childcare,Public,Child development centers,"Data_QC Caring Cities Tracker, QC Administrative Data - Child","Lily Street Pingkian 3, Zone 2, Quezon City, Philippines",14.68863765,121.059987,#N/A,#N/A
293,Pasong Tamo,Pingkian 3 Zone 3,Santan St.,6,Childcare,Public,Child development centers,"Data_QC Caring Cities Tracker, QC Administrative Data - Child","Santan Street, Quezon City, Philippines",14.68987685,121.0573185,#N/A,#N/A
294,Pasong Tamo,Centerville,Philand back of basketball court,6,Childcare,Public,Child development centers,"Data_QC Caring Cities Tracker, QC Administrative Data - Child","Philand back of basketball court, Quezon City, Philippines",14.6884313,121.0745333,#N/A,#N/A
295,Tandang Sora,Carmel V,"37 Taurus St., Carmel V",6,Childcare,Public,Child development centers,"Data_QC Caring Cities Tracker, QC Administrative Data - Child","37 Taurus Street, Carmel V, Quezon City, Philippines",14.74127461,121.0402111,#N/A,#N/A
296,Tandang Sora,Tandang Sora Shrine,228 Banlat Road,6,Childcare,Public,Child development centers,"Data_QC Caring Cities Tracker, QC Administrative Data - Child","228 Banlat Road, Quezon City, Philippines",14.68283037,121.0401229,#N/A,#N/A
297,Tandang Sora,Apo Ville,"Multi-Purpose Hall Delta Vill. Ext., Tandang Sora",6,Childcare,Public,Child development centers,"Data_QC Caring Cities Tracker, QC Administrative Data - Child","Multi-Purpose Hall Delta Village Extension, Tandang Sora, Quezon City, Philippines",14.6802544,121.0406533,#N/A,#N/A
298,Culiat,Purok I,"251 Purok I, Luzon Avenue",6,Childcare,Public,Child development centers,"Data_QC Caring Cities Tracker, QC Administrative Data - Child","251 Purok I, Luzon Avenue, Quezon City, Philippines",14.67683431,121.0692458,#N/A,#N/A
299,Culiat,Metro Heights,"Adelfa Metro Heights, Visayas Ave.",6,Childcare,Public,Child development centers,"Data_QC Caring Cities Tracker, QC Administrative Data - Child","Adelfa Metro Heights, Visayas Avenue, Quezon City, Philippines",14.67404341,121.0436203,#N/A,#N/A
300,Culiat,Cenacle Drive,"5A Cenacle Drive, Sitio Mabilog",6,Childcare,Public,Child development centers,"Data_QC Caring Cities Tracker, QC Administrative Data - Child","5A Cenacle Drive, Sitio Mabilog, Quezon City, Philippines",14.66607499,121.0471357,#N/A,#N/A
301,pasong tamo,r and a learning center,"8, 22, shining hope phase 1 hoa roque 1b, napocor village, pasong tamo, quezon city, ncr, 1107",6,Childcare,Private,Child learning center,"QC Future Ready dashboard, Childcare","8, 22, shining hope phase 1 hoa roque 1b, napocor village, pasong tamo, quezon city, ncr, 1107, Philippines",14.682093,121.05884,8:00AM,12:00PM
302,tandang sora,st. mark integrated school inc.,"#3, gloria ii subd., tandang sora, quezon city, ncr, 1116",6,Childcare,Private,Child learning center,"QC Future Ready dashboard, Childcare","#3, gloria ii Subdivision, tandang sora, quezon city, ncr, 1116, Philippines",14.67661389,121.042736,8:00AM,5:00PM
303,e. rodriguez sr.,numberninjas co.,"5th flr.u-504, hemady square, 86, dona hemady street, corner e. rodriguez sr.avenue, kristong hari, quezon city, ncr, 1112",4,Childcare,Private,Child learning center,"QC Future Ready dashboard, Childcare","5th Flooru-504, hemady square, 86, dona hemady street, corner e. rodriguez sr.avenue, kristong hari, quezon city, ncr, 1112, Philippines",14.62399008,121.031502,10:00AM,6:00PM
304,san roque,a.c.e learning-bridge behavioral training and development services,"no. 70, 20th avenue, san roque, quezon city, ncr, 1109",3,Childcare,Private,Child learning center,"QC Future Ready dashboard, Childcare","70, 20th avenue, san roque, quezon city, ncr, 1109, Philippines",14.61777641,121.0645808,8:00AM,3:00PM
305,san agustin,the b.u.g.s. learning and development center,"blk 23 , lot 8, paolo st., greenfields iii, san agustin, quezon city, ncr, 1117",5,Childcare,Private,Child learning center,"QC Future Ready dashboard, Childcare","blk 23 , lot 8, paolo Street, greenfields iii, san agustin, quezon city, ncr, 1117, Philippines",14.69204032,121.0534305,8:00AM,5:00PM
306,e. rodriguez sr.,progressive minds learning and tutorial center inc.,"# 2, alabama st. cor e. rodriguez sr. ave, kristong hari, quezon city, ncr, 1112",4,Childcare,Private,Child learning center,"QC Future Ready dashboard, Childcare","# 2, alabama Street corner e. rodriguez sr. ave, kristong hari, quezon city, ncr, 1112, Philippines",14.6247214,121.0320639,8:00AM,5:00PM
307,pasong tamo,salt and light child care and development inc.,"3rd flr, pinnacle bldg, no. 8 congressional avenue ext. , pasong tamo, quezon city, ncr, 1107",6,Childcare,Private,Child learning center,"QC Future Ready dashboard, Childcare","3rd flr, pinnacle bldg, 8 congressional avenue Extension , pasong tamo, quezon city, ncr, 1107, Philippines",14.668852,121.0346434,9:00AM,6:00PM
308,fairview,discoveryplayschool day care center,"unit f, doc pau bldg.,, blk 27, lot 26, 73 pontiac st. , fairview, quezon city, ncr, 1118",5,Childcare,Private,Child learning center,"QC Future Ready dashboard, Childcare","unit f, doc pau Building, blk 27, lot 26, 73 pontiac Street , fairview, quezon city, ncr, 1118, Philippines",14.704475,121.0688301,7:30AM,7:00PM
309,paligsahan,pio preschool and tutorial center inc.,"ground floor unit 105  , no. 23 panay avenue, paligsahan, quezon city, ncr, 1103",4,Childcare,Private,Child learning center,"QC Future Ready dashboard, Childcare","ground floor unit 105 , 23 panay avenue, paligsahan, quezon city, ncr, 1103, Philippines",14.63168601,121.01954,8:00AM,4:00PM
310,north fairview,little favored learning center,"block 51, lot 22 b, bristol st, north fairview, quezon city, ncr, 1121",5,Childcare,Private,Child learning center,"QC Future Ready dashboard, Childcare","block 51, lot 22 b, bristol st, north fairview, quezon city, ncr, 1121, Philippines",14.72012071,121.0630995,8:30AM,5:00PM
311,tandang sora,st. mark integrated school inc.,"#3, gloria ii subd., tandang sora, quezon city, ncr, 1116",6,Childcare,Private,Child learning center,"QC Future Ready dashboard, Childcare","#3, gloria ii Subdivision, tandang sora, quezon city, ncr, 1116, Philippines",14.67661389,121.042736,8:00AM,5:00PM
312,fairview,khameon learning center,"unit 6, blk 4, lot 42, #43 chestnut st. cor. cypress st., fairview, quezon city, ncr, 1118",5,Childcare,Private,Child learning center,"QC Future Ready dashboard, Childcare","unit 6, blk 4, lot 42, #43 chestnut Street corner cypress Street, fairview, quezon city, ncr, 1118, Philippines",14.69871248,121.0598813,8:00AM,5:00PM
313,kristong hari,cascades hiraya school inc.,"#74 unit 6-8 ground floor, creekside square building, tomas morato ave., kristong hari, quezon city, ncr, 1112",4,Childcare,Private,Child learning center,"QC Future Ready dashboard, Childcare","#74 unit 6-8 ground floor, creekside square building, tomas morato Avenue, kristong hari, quezon city, ncr, 1112, Philippines",14.6258863,121.0334166,8:00AM,5:00AM
314,greater lagro,prime montessori school inc.,"blk 76, lot 67, ascension  avenue, lagro subdivision novaliches, greater lagro, quezon city, ncr, 1100",5,Childcare,Private,Child learning center,"QC Future Ready dashboard, Childcare","blk 76, lot 67, ascension avenue, lagro subdivision novaliches, greater lagro, quezon city, ncr, 1100, Philippines",14.73243598,121.067502,8:00AM,5:00PM
315,san bartolome,hiraya kinder tutorial center,"697, quirino highway, san bartolome, quezon city, ncr, 1116",5,Childcare,Private,Child learning center,"QC Future Ready dashboard, Childcare","697, quirino highway, san bartolome, quezon city, ncr, 1116, Philippines",14.70160998,121.03536,9:00AM,6:00PM
316,central,niño's reading and tutorial services,"room 306 , 3rd floor ,  37 matalino street , central, quezon city, ncr, 1100",4,Childcare,Private,Child learning center,"QC Future Ready dashboard, Childcare","room 306 , 3rd floor , 37 matalino street , central, quezon city, ncr, 1100, Philippines",14.64471419,121.0505745,8:00AM,5:00PM
317,immaculate concepcion,cubbie play and learning center,"unit 201, redgold building, 1840 e.rodriguez sr. ave., immaculate concepcion, quezon city, ncr, 1111",4,Childcare,Private,Child learning center,"QC Future Ready dashboard, Childcare","unit 201, redgold building, 1840 e.rodriguez sr. Avenue, immaculate concepcion, quezon city, ncr, 1111, Philippines",14.6222,121.045,8:00AM,5:00PM
318,katipunan,smartyville learning center,"unit 14  2nd floor , gtr bldg , no. 2 katipunan ave  corner king ferdinand st, kings point subdivision , bagbag, quezon city, ncr, 1116",5,Childcare,Private,Child learning center,"QC Future Ready dashboard, Childcare","unit 14 2nd floor , gtr bldg , 2 katipunan ave corner king ferdinand st, kings point subdivision , bagbag, quezon city, ncr, 1116, Philippines",14.69889802,121.0235245,8:00AM,5:00PM
319,bahay toro,grace gospel church north education foundation inc.,"3rd flr., northridge plaza, annex a,, 12, congressional ave., bahay toro, quezon city, ncr, 1106",1,Childcare,Private,Child learning center,"QC Future Ready dashboard, Childcare","3rd Floor, northridge plaza, annex a, 12, congressional Avenue, bahay toro, quezon city, ncr, 1106, Philippines",14.670708,121.039056,7:00AM,12:00PM
320,batasan hills,blh play center,"41, mt. mickinley st., filinvest 1 subd., batasan hills, quezon city, ncr, 1126",2,Childcare,Private,Child learning center,"QC Future Ready dashboard, Childcare","41, mt. mickinley Street, filinvest 1 Subdivision, batasan hills, quezon city, ncr, 1126, Philippines",14.682023,121.09818,9:00AM,11:00AM
321,pasong tamo,little wonders playdates and learning center,"unit 3d beal square # 27, visayas avenue corner congressional avenue, pasong tamo, quezon city, ncr, 1107",6,Childcare,Private,Child learning center,"QC Future Ready dashboard, Childcare","unit 3d beal square # 27, visayas avenue corner congressional avenue, pasong tamo, quezon city, ncr, 1107, Philippines",14.67200929,121.0434804,7:00AM,10:00PM
322,#N/A,headway school for giftedness inc.,"130-b, matahimik st., up village, quezon city, ncr, 1101",4,Childcare,Private,Child learning center,"QC Future Ready dashboard, Childcare","130-b, matahimik Street, up village, quezon city, ncr, 1101, Philippines",14.64651468,121.0536243,8:00AM,5:00PM
323,commonwealth,diliman educational corporation,"l43 b4, commonwealth ave, matandang balara, quezon city, ncr, 1119",3,Childcare,Private,Child learning center,"QC Future Ready dashboard, Childcare","l43 b4, commonwealth ave, matandang balara, quezon city, ncr, 1119, Philippines",14.66987863,121.0771209,8:00AM,5:00PM
324,loyola heights,santa rafaela maria school quezon city inc.,"#55, salvador, loyola heights, quezon city, ncr, 1108",3,Childcare,Private,Child learning center,"QC Future Ready dashboard, Childcare","#55, salvador, loyola heights, quezon city, ncr, 1108, Philippines",14.646169,121.075747,8:00AM,4:00PM
325,bagong lipunan ng crame,"joyful hands kiddie center of cubao, q.c., inc.","unit 4, corporate house bldg., 239 boni serrano road, bagong lipunan ng crame, quezon city, ncr, 1111",4,Childcare,Private,Child learning center,"QC Future Ready dashboard, Childcare","unit 4, corporate house Building, 239 boni serrano road, bagong lipunan ng crame, quezon city, ncr, 1111, Philippines",14.60944111,121.0436342,9:00AM,5:00PM
326,san bartolome,hiraya kinder tutorial center,"697, quirino highway, san bartolome, quezon city, ncr, 1116",5,Childcare,Private,Child learning center,"QC Future Ready dashboard, Childcare","697, quirino highway, san bartolome, quezon city, ncr, 1116, Philippines",14.70160998,121.03536,9:00AM,6:00PM
327,pinyahan,"fremont learning academy, inc.","20, matino, pinyahan, quezon city, ncr, 1100",4,Childcare,Private,Child learning center,"QC Future Ready dashboard, Childcare","20, matino, pinyahan, quezon city, ncr, 1100, Philippines",#N/A,#N/A,7:00AM,6:00PM
328,pinyahan,"fremont learning academy, inc.","20, matino, pinyahan, quezon city, ncr, 1100",4,Childcare,Private,Child learning center,"QC Future Ready dashboard, Childcare","20, matino, pinyahan, quezon city, ncr, 1100, Philippines",#N/A,#N/A,7:00AM,6:00PM
329,bahay toro,thinkerbel kids play and learning center inc.,"23 sf-11, congressional town center, congressional ave., bahay toro, quezon city, ncr, 1106",1,Childcare,Private,Child learning center,"QC Future Ready dashboard, Childcare","23 sf-11, congressional town center, congressional Avenue, bahay toro, quezon city, ncr, 1106, Philippines",14.6713108,121.0400152,8:00AM,5:00PM
330,commonwealth,shining stars child development tutorial center,"2f - 1c  1d,  pearl drive commercial center , commonwealth ave corner pearl street, fairview, quezon city, ncr, 1118",5,Childcare,Private,Child learning center,"QC Future Ready dashboard, Childcare","2f - 1c 1d, pearl drive commercial center , commonwealth ave corner pearl street, fairview, quezon city, ncr, 1118, Philippines",14.7054512,121.0737458,8:00AM,5:00PM
331,matandang balara,little makers playroof learning center,"2, romulo st, north susana exec. village, matandang balara, quezon city, ncr, 1119",3,Childcare,Private,Child learning center,"QC Future Ready dashboard, Childcare","2, romulo st, north susana exec. village, matandang balara, quezon city, ncr, 1119, Philippines",14.67571205,121.0717077,8:00AM,6:00PM
332,mariana,3haus learning hub and events corporation,"no. 84, ., dona hemady st. corner e. rodriguez avenue, mariana, quezon city, ncr, 1112",4,Childcare,Private,Child learning center,"QC Future Ready dashboard, Childcare","84, ., dona hemady Street corner e. rodriguez avenue, mariana, quezon city, ncr, 1112, Philippines",14.623725,121.031783,10:00AM,7:00PM
333,commonwealth,cambridge children's learning & development inc.,"l9 b176, commonwealth ave., north fairview, quezon city, ncr, 1121",5,Childcare,Private,Child learning center,"QC Future Ready dashboard, Childcare","l9 b176, commonwealth Avenue, north fairview, quezon city, ncr, 1121, Philippines",14.70528456,121.0738349,8:00AM,5:19AM
334,sta. teresita,playproject learning center,"ktc phase 2 retail 5 , kanlaon town center, 8 kanlaon street, sta. teresita, quezon city, ncr, 1114",1,Childcare,Private,Child learning center,"QC Future Ready dashboard, Childcare","ktc phase 2 retail 5 , kanlaon town center, 8 kanlaon street, sta. teresita, quezon city, ncr, 1114, Philippines",14.6205,120.999,8:00AM,5:00PM
335,sta. monica,tlc sped & therapy center,"1015 , unit d, salvador avenue, jordan plaines subdivision, sta. monica, quezon city, ncr, 1117",5,Childcare,Private,Child learning center,"QC Future Ready dashboard, Childcare","1015 , unit d, salvador avenue, jordan plaines subdivision, sta. monica, quezon city, ncr, 1117, Philippines",14.7250452,121.0481402,8:00AM,5:00PM
336,greater lagro,aces aba intervention learning and assessment center,"blk 50, lot 45, noche buena cor. pabasa st., greater lagro, quezon city, ncr, 1100",5,Childcare,Private,Child learning center,"QC Future Ready dashboard, Childcare","blk 50, lot 45, noche buena corner pabasa Street, greater lagro, quezon city, ncr, 1100, Philippines",14.646592,121.045238,8:00AM,5:00PM
337,pasong tamo,salt and light child care and development inc.,"3rd flr, pinnacle bldg, no. 8 congressional avenue ext. , pasong tamo, quezon city, ncr, 1107",6,Childcare,Private,Child learning center,"QC Future Ready dashboard, Childcare","3rd flr, pinnacle bldg, 8 congressional avenue Extension , pasong tamo, quezon city, ncr, 1107, Philippines",14.668852,121.0346434,9:00AM,6:00PM
338,tandang sora,childs kingdom of learning in q.c. inc.,"roque comp, 38 npc village , tandang sora, quezon city, ncr, 1116",6,Childcare,Private,Child learning center,"QC Future Ready dashboard, Childcare","roque comp, 38 npc village , tandang sora, quezon city, ncr, 1116, Philippines",14.67587252,121.0206153,8:00AM,5:00PM
339,bahay toro,"ste. anne de beaupre school, inc.","faith st., 7 teresa village, bahay toro, quezon city, ncr, 1106",1,Childcare,Private,Child learning center,"QC Future Ready dashboard, Childcare","faith Street, 7 teresa village, bahay toro, quezon city, ncr, 1106, Philippines",14.6662007,121.0390028,8:00AM,5:00PM
340,batasan hills," bebu child care solutions, inc.","3, mt. morrison street, filinvest 1, batasan hills, quezon city, ncr, 1126",2,Childcare,Private,Child learning center,"QC Future Ready dashboard, Childcare","3, mt. morrison street, filinvest 1, batasan hills, quezon city, ncr, 1126, Philippines",14.68094408,121.0921462,7:30AM,5:30PM
341,greater lagro,prime montessori school inc.,"blk 76, lot 67, ascension  avenue, lagro subdivision novaliches, greater lagro, quezon city, ncr, 1100",5,Childcare,Private,Child learning center,"QC Future Ready dashboard, Childcare","blk 76, lot 67, ascension avenue, lagro subdivision novaliches, greater lagro, quezon city, ncr, 1100, Philippines",14.73243598,121.067502,8:00AM,5:00PM
342,laging handa,"bridges foundation, inc.","22, sct. limbaga, laging handa, quezon city, davao oriental, 1103",4,Childcare,Private,Child learning center,"QC Future Ready dashboard, Childcare","22, sct. limbaga, laging handa, quezon city, davao oriental, 1103, Philippines",14.6343877,121.0295599,8:00AM,4:00PM
343,don manuel,mind specialists school inc.,"152-d, d. tuazon st. , don manuel, quezon city, ncr, 1113",4,Childcare,Private,Child learning center,"QC Future Ready dashboard, Childcare","152-d, d. tuazon Street , don manuel, quezon city, ncr, 1113, Philippines",14.61621448,121.0054485,6:00AM,7:00PM
344,greater lagro,aces aba intervention learning and assessment center,"blk 50, lot 45, noche buena cor. pabasa st., greater lagro, quezon city, ncr, 1100",5,Childcare,Private,Child learning center,"QC Future Ready dashboard, Childcare","blk 50, lot 45, noche buena corner pabasa Street, greater lagro, quezon city, ncr, 1100, Philippines",14.646592,121.045238,8:00AM,5:00PM
345,bungad,tiny thinkers learning center inc.,"113, west avenue , bungad, quezon city, ncr, 1105",1,Childcare,Private,Child learning center,"QC Future Ready dashboard, Childcare","113, west avenue , bungad, quezon city, ncr, 1105, Philippines",14.65154198,121.0289256,8:00AM,5:00PM
346,san agustin,diliman educational corporation,"1, don raymundo st., san agustin village, talipapa, quezon city, ncr, 1116",6,Childcare,Private,Child learning center,"QC Future Ready dashboard, Childcare","1, don raymundo Street, san agustin village, talipapa, quezon city, ncr, 1116, Philippines",14.66818946,121.0717614,8:00AM,5:00PM
347,payatas,de paul payatas day care center inc.,"phase 1 purok 3, lupang pangako, payatas, quezon city, ncr, 1119",2,Childcare,Private,Day care center,"QC Future Ready dashboard, Childcare","phase 1 purok 3, lupang pangako, payatas, quezon city, ncr, 1119, Philippines",14.72110157,121.109981,8:00AM,5:00PM
348,greater lagro,creative circle child development house inc.,"blk. 27 lot 17, salawikain st., greater lagro, quezon city, ncr",5,Childcare,Private,Day care center,"QC Future Ready dashboard, Childcare","blk. 27 lot 17, salawikain Street, greater lagro, quezon city, ncr, Philippines",14.72292231,121.0677252,8:00AM,5:00PM
349,katipunan,learning playcare corp.,"3-a  3rd floor , linear building, 142 katipunan avenue, st. ignatius, quezon city, ncr, 1110",3,Childcare,Private,Day care center,"QC Future Ready dashboard, Childcare","3-a 3rd floor , linear building, 142 katipunan avenue, Street ignatius, quezon city, ncr, 1110, Philippines",14.7060907,121.0213671,9:00AM,6:00PM
350,mariana,"saint martin de porres center, inc.","53, rosario dr. cor. cannon road, mariana, quezon city, ncr, 1112",4,Childcare,Private,Day care center,"QC Future Ready dashboard, Childcare","53, rosario Drive corner cannon road, mariana, quezon city, ncr, 1112, Philippines",14.62142681,121.0409602,8:00AM,5:00PM
351,katipunan,"holy child academy, inc","blk. 20, lot 1, #21 king ferdinand st. cor. katipunan ave, kingspoint subd., bagbag, quezon city, ncr, 1116",5,Schools,Private,Private school,"QC Future Ready dashboard, Schools","blk. 20, lot 1, #21 king ferdinand Street corner katipunan ave, kingspoint Subdivision, bagbag, quezon city, ncr, 1116, Philippines",14.69889802,121.0235245,6:00AM,5:00PM
352,holy spirit,hoscomco academy inc.,"blk. 6, lot 20, faustino st., isidora hills, holy spirit, quezon city, ncr, 1127",2,Schools,Private,Private school,"QC Future Ready dashboard, Schools","blk. 6, lot 20, faustino Street, isidora hills, holy spirit, quezon city, ncr, 1127, Philippines",14.68360549,121.076752,8:00AM,5:00PM
353,tandang sora,dr. carlos s. lanting college inc.,"21, tandang sora ave, talipapa, quezon city, ncr, 1116",6,Schools,Private,Private school,"QC Future Ready dashboard, Schools","21, tandang sora ave, talipapa, quezon city, ncr, 1116, Philippines",14.67985411,121.020358,7:00AM,8:00PM
354,holy spirit,christian family centre school foundation inc.,"58, sto domingo, holy spirit, quezon city, ncr, 1127",2,Schools,Private,Private school,"QC Future Ready dashboard, Schools","58, sto domingo, holy spirit, quezon city, ncr, 1127, Philippines",14.68743899,121.085391,8:00AM,5:00PM
355,south triangle,paref pre-school inc,"142 g/f, m place mall, 116 panay avenue, south triangle, quezon city, ncr, 1103",4,Schools,Private,Private school,"QC Future Ready dashboard, Schools","142 g/f, m place mall, 116 panay avenue, south triangle, quezon city, ncr, 1103, Philippines",14.63966411,121.0325856,12:00AM,12:00AM
356,sauyo,mary & child academy of sauyo inc.,"10, old cabuyao st., sauyo, quezon city, ncr, 1116",6,Schools,Private,Private school,"QC Future Ready dashboard, Schools","10, old cabuyao Street, sauyo, quezon city, ncr, 1116, Philippines",14.6938274,121.0426933,8:00AM,5:00PM
357,lourdes,"wisdom light christian academy, inc.","no. 50, p florentino st., lourdes, quezon city, ncr, 1114",1,Schools,Private,Private school,"QC Future Ready dashboard, Schools","50, p florentino Street, lourdes, quezon city, ncr, 1114, Philippines",14.622934,121.005668,8:00AM,5:00PM
358,gulod,"holy child academy, inc.","10, london drive, gulod, quezon city, ncr, 1117",5,Schools,Private,Private school,"QC Future Ready dashboard, Schools","10, london drive, gulod, quezon city, ncr, 1117, Philippines",14.7166679,121.0393972,6:00AM,5:00PM
359,payatas,breath of life christian community school inc.,"purok 5, road 7 phase 2 , lupang pangako, payatas, quezon city, ncr, 1119",2,Schools,Private,Private school,"QC Future Ready dashboard, Schools","purok 5, road 7 phase 2 , lupang pangako, payatas, quezon city, ncr, 1119, Philippines",14.72110157,121.109981,7:00AM,4:00PM
360,#N/A,"stella maris college, inc.","891, cambridge st., cubao, e. rodriguez, quezon city, ncr, 1102",3,Schools,Private,Private school,"QC Future Ready dashboard, Schools","891, cambridge Street, cubao, e. rodriguez, quezon city, ncr, 1102, Philippines",14.6267326,121.0522188,8:00AM,5:00PM
361,kalusugan,"st. joseph's college of quezon city, inc.","295, e rodriguez sr. ave, kalusugan, quezon city, ncr, 1124",4,Schools,Private,Private school,"QC Future Ready dashboard, Schools","295, e rodriguez sr. ave, kalusugan, quezon city, ncr, 1124, Philippines",14.62228541,121.0256057,8:00AM,5:00PM
362,greater lagro,"school of st. anthony, inc.","blk 111 lot 10, 10, mindanao ave., neopolitan 1, greater lagro, quezon city, ncr, 1100",5,Schools,Private,Private school,"QC Future Ready dashboard, Schools","blk 111 lot 10, 10, mindanao Avenue, neopolitan 1, greater lagro, quezon city, ncr, 1100, Philippines",14.72614597,121.056297,7:00AM,5:00PM
363,san bartolome,st. john beverly school inc.,"749, quirino highway, san bartolome, quezon city, ncr, 1116",5,Schools,Private,Private school,"QC Future Ready dashboard, Schools","749, quirino highway, san bartolome, quezon city, ncr, 1116, Philippines",14.70567298,121.0381748,8:00AM,5:00PM
364,commonwealth,"estar castle integrated school, inc.","1817-a, ecols, commonwealth, quezon city, ncr, 1121",2,Schools,Private,Private school,"QC Future Ready dashboard, Schools","1817-a, ecols, commonwealth, quezon city, ncr, 1121, Philippines",14.69833896,121.0825353,8:00AM,5:00PM
365,payatas,blessed exodus christian academy inc.,"b2 l8 & 9, payatas b, amlacville subd, payatas, quezon city, ncr, 1119",2,Schools,Private,Private school,"QC Future Ready dashboard, Schools","b2 l8 & 9, payatas b, amlacville subd, payatas, quezon city, ncr, 1119, Philippines",14.7167,121.104,8:00AM,1:20PM
366,manresa,pace academy inc.,"77, sgt. e rivera st., manresa, quezon city, ncr, 1115",1,Schools,Private,Private school,"QC Future Ready dashboard, Schools","77, sgt. e rivera Street, manresa, quezon city, ncr, 1115, Philippines",14.6412,121,7:00AM,4:00PM
367,commonwealth,"dakila school foundation, inc.","322, don fabian , commonwealth, quezon city, ncr, 1121",2,Schools,Private,Private school,"QC Future Ready dashboard, Schools","322, don fabian , commonwealth, quezon city, ncr, 1121, Philippines",14.70305817,121.0826236,8:00AM,5:00PM
368,pasong tamo,"gospel christian school gcs, inc.","blk. 7 , lot 17 , area 9-a luzon  ave. , pasong tamo, quezon city, ncr, 1107",6,Schools,Private,Private school,"QC Future Ready dashboard, Schools","blk. 7 , lot 17 , area 9-a luzon Avenue , pasong tamo, quezon city, ncr, 1107, Philippines",14.66741102,121.070848,8:00AM,5:00PM
369,central,sisidlan institute inc.,"98, matatag st., central, quezon city, ncr, 1100",4,Schools,Private,Private school,"QC Future Ready dashboard, Schools","98, matatag Street, central, quezon city, ncr, 1100, Philippines",14.64064408,121.049577,9:00AM,4:00PM
370,culiat,"casa de carmel montessori, inc.","47, morning star drive, sanville subdivision, culiat, quezon city, ncr, 1128",6,Schools,Private,Private school,"QC Future Ready dashboard, Schools","47, morning star drive, sanville subdivision, culiat, quezon city, ncr, 1128, Philippines",14.66417261,121.0472983,7:00AM,7:00PM
371,bagong silangan,ezr learning institute inc.,"568, a. bonifacio street, bagong silangan, quezon city, ncr, 1119",2,Schools,Private,Private school,"QC Future Ready dashboard, Schools","568, a. bonifacio street, bagong silangan, quezon city, ncr, 1119, Philippines",14.69773617,121.1103265,6:31AM,4:00PM
372,commonwealth,"immaculate mother school, quezon city inc.","872, immaculate mother school, quezon city inc., commonwealth avenue, commonwealth, quezon city, ncr, 1121",2,Schools,Private,Private school,"QC Future Ready dashboard, Schools","872, immaculate mother school, quezon city inc., commonwealth avenue, commonwealth, quezon city, ncr, 1121, Philippines",14.704434,121.084527,7:30AM,4:00PM
373,tandang sora,dr. carlos s. lanting college inc.,"21, tandang sora ave, talipapa, quezon city, ncr, 1116",6,Schools,Private,Private school,"QC Future Ready dashboard, Schools","21, tandang sora ave, talipapa, quezon city, ncr, 1116, Philippines",14.67985411,121.020358,7:00AM,8:00PM
374,bagong pag-asa,"centris education solutions institute, inc.","16th floor, kmc sm north tower 1, edsa cor north avenue, bagong pag-asa, quezon city, ncr, 1105",1,Schools,Private,Private school,"QC Future Ready dashboard, Schools","16th floor, kmc sm north tower 1, edsa corner north avenue, bagong pag-asa, quezon city, ncr, 1105, Philippines",14.65529699,121.0303692,10:00AM,7:00PM
375,batasan hills,kumdan jungang christian school inc.,"181, sitio 3, batasan hills, quezon city, ncr, 1126",2,Schools,Private,Private school,"QC Future Ready dashboard, Schools","181, sitio 3, batasan hills, quezon city, ncr, 1126, Philippines",14.682023,121.09818,8:00AM,5:00PM
376,bagong silangan,del carmen school of veterans quezon city inc.,"area 1, dove st., sitio veterans, bagong silangan, quezon city, ncr, 1119",2,Schools,Private,Private school,"QC Future Ready dashboard, Schools","area 1, dove Street, sitio veterans, bagong silangan, quezon city, ncr, 1119, Philippines",14.70606654,121.1061365,7:00AM,4:00PM
377,katipunan,"miriam college foundation, inc.","katipunan ave., loyola heights, quezon city, ncr, 1108",3,Schools,Private,Private school,"QC Future Ready dashboard, Schools","katipunan Avenue, loyola heights, quezon city, ncr, 1108, Philippines",14.64150086,121.0746674,8:00AM,6:00PM
378,project 6,"saint paul educational center bago- bantay,  inc.","8, road 1, project 6, quezon city, ncr, 1100",1,Schools,Private,Private school,"QC Future Ready dashboard, Schools","8, road 1, project 6, quezon city, ncr, 1100, Philippines",14.66082611,121.0373676,8:00AM,5:00PM
379,north fairview,discovery house montessori of quezon city inc.,"b9 , l14, #59 adrian st. , north fairview, quezon city, ncr, 1121",5,Schools,Private,Private school,"QC Future Ready dashboard, Schools","b9 , l14, #59 adrian Street , north fairview, quezon city, ncr, 1121, Philippines",14.70991481,121.0624281,8:00AM,5:00PM
380,tatalon,norwich brent cedric school inc.,"# 8, agno ext., tatalon, quezon city, ncr, 1113",4,Schools,Private,Private school,"QC Future Ready dashboard, Schools","# 8, agno Extension, tatalon, quezon city, ncr, 1113, Philippines",14.62674802,121.0130763,8:00AM,5:00PM
381,bagumbayan,thames international school inc.,"no. 27, calle industria st., bagumbayan, quezon city, ncr, 1110",3,Schools,Private,Private school,"QC Future Ready dashboard, Schools","27, calle industria Street, bagumbayan, quezon city, ncr, 1110, Philippines",14.60486485,121.0847506,6:00AM,6:00PM
382,milagrosa,"the builder's school building ideas, crafting solutions inc.","121, j.p. rizal, milagrosa, quezon city, ncr, 1109",3,Schools,Private,Private school,"QC Future Ready dashboard, Schools","121, j.p. rizal, milagrosa, quezon city, ncr, 1109, Philippines",14.62040068,121.0716828,8:00AM,4:30PM
383,pasong tamo,"gospel christian school gcs, inc.","blk. 7 , lot 17 , area 9-a luzon  ave. , pasong tamo, quezon city, ncr, 1107",6,Schools,Private,Private school,"QC Future Ready dashboard, Schools","blk. 7 , lot 17 , area 9-a luzon Avenue , pasong tamo, quezon city, ncr, 1107, Philippines",14.66741102,121.070848,8:00AM,5:00PM
384,commonwealth,common-wealth academy inc.,"#1412, adarna st. unit v , commonwealth, quezon city, ncr, 1121",2,Schools,Private,Private school,"QC Future Ready dashboard, Schools","#1412, adarna Street unit v , commonwealth, quezon city, ncr, 1121, Philippines",14.699689,121.0765454,7:00AM,5:00PM
385,pasong putik proper,msa whiz kids academy inc.,"13, 15, 17, 19, bituin street, teresa heights subdivision, pasong putik proper, quezon city, ncr, 1118",5,Schools,Private,Private school,"QC Future Ready dashboard, Schools","13, 15, 17, 19, bituin street, teresa heights subdivision, pasong putik proper, quezon city, ncr, 1118, Philippines",14.7377845,121.0629676,8:00AM,5:00PM
386,fairview,holy child montessori school of fairview inc.,"b3, l3, paxton st., fairview, quezon city, ncr, 1118",5,Schools,Private,Private school,"QC Future Ready dashboard, Schools","b3, l3, paxton Street, fairview, quezon city, ncr, 1118, Philippines",14.70949601,121.075834,8:00AM,4:00PM
387,north fairview,the fountain of life school of quezon city inc.,"433, drachma st. phase 8, north fairview, quezon city, ncr, 1121",5,Schools,Private,Private school,"QC Future Ready dashboard, Schools","433, drachma Street phase 8, north fairview, quezon city, ncr, 1121, Philippines",14.70978162,121.0544651,8:00AM,5:00PM
388,batasan hills,san antonio de padua catholic school of batasan inc.,"lots 1-c & 1-d, blk 11, san mateo road, batasan hills, quezon city, ncr, 1126",2,Schools,Private,Private school,"QC Future Ready dashboard, Schools","lots 1-c & 1-d, blk 11, san mateo road, batasan hills, quezon city, ncr, 1126, Philippines",14.68697455,121.1008609,8:00AM,5:00PM
389,veterans village,shepherd's hand learning center of quezon city inc.,"27, rose  st. area 9-b, veterans village, pasong tamo, quezon city, ncr, 1107",6,Schools,Private,Private school,"QC Future Ready dashboard, Schools","27, rose Street area 9-b, veterans village, pasong tamo, quezon city, ncr, 1107, Philippines",14.68907128,121.0595145,7:00AM,7:00PM
390,san bartolome,"little shepherd child development center, inc.","b6 l 30-31, james st., san pedro subd., san bartolome, quezon city, ncr, 1116",5,Schools,Private,Private school,"QC Future Ready dashboard, Schools","b6 l 30-31, james Street, san pedro Subdivision, san bartolome, quezon city, ncr, 1116, Philippines",14.70822892,121.0422536,8:00AM,5:00PM
391,nagkaisang nayon,capstone highest achiever learning school inc.,"block 10, lot 2, north wind ave. queens rd. , north wind subd, nagkaisang nayon, quezon city, ncr, 1125",5,Schools,Private,Private school,"QC Future Ready dashboard, Schools","block 10, lot 2, north wind Avenue queens Road , north wind subd, nagkaisang nayon, quezon city, ncr, 1125, Philippines",14.71383,121.032595,8:00AM,5:00PM
392,talayan,"pace academy talayan, inc.","126, talayan st., talayan, quezon city, ncr, 1104",1,Schools,Private,Private school,"QC Future Ready dashboard, Schools","126, talayan Street, talayan, quezon city, ncr, 1104, Philippines",14.63531707,121.011433,7:00AM,4:00PM
393,fairview,bethel christian school of  fairview inc.,"366, republic ave., west, fairview, quezon city, ncr, 1118",5,Schools,Private,Private school,"QC Future Ready dashboard, Schools","366, republic Avenue, west, fairview, quezon city, ncr, 1118, Philippines",14.69301682,121.0638452,8:00AM,5:00PM
394,katipunan,"holy child academy, inc","blk. 20, lot 1, #21 king ferdinand st. cor. katipunan ave, kingspoint subd., bagbag, quezon city, ncr, 1116",5,Schools,Private,Private school,"QC Future Ready dashboard, Schools","blk. 20, lot 1, #21 king ferdinand Street corner katipunan ave, kingspoint Subdivision, bagbag, quezon city, ncr, 1116, Philippines",14.69889802,121.0235245,6:00AM,5:00PM
395,bungad,kolisko waldorf school inc.,"#65, baler st., bungad, quezon city, ncr, 1105",1,Schools,Private,Private school,"QC Future Ready dashboard, Schools","#65, baler Street, bungad, quezon city, ncr, 1105, Philippines",14.6475426,121.0250859,8:00AM,5:00PM
396,tandang sora,"dr. carlos s. lanting college, incorporated","16, tandang sora ave., sangandaan, quezon city, ncr, 1116",6,Schools,Private,Private school,"QC Future Ready dashboard, Schools","16, tandang sora Avenue, sangandaan, quezon city, ncr, 1116, Philippines",14.67965141,121.0207259,6:00AM,9:00PM
397,sta. lucia,st. alexis community school of q.c. inc,"27, diego silang st., sta. lucia, quezon city, ncr, 1117",5,Schools,Private,Private school,"QC Future Ready dashboard, Schools","27, diego silang Street, sta. lucia, quezon city, ncr, 1117, Philippines",14.7034711,121.049255,8:00AM,5:00PM
398,pasong putik proper,msa whiz kids academy inc.,"13, 15, 17, 19, bituin street, teresa heights subdivision, pasong putik proper, quezon city, ncr, 1118",5,Schools,Private,Private school,"QC Future Ready dashboard, Schools","13, 15, 17, 19, bituin street, teresa heights subdivision, pasong putik proper, quezon city, ncr, 1118, Philippines",14.7377845,121.0629676,8:00AM,5:00PM
399,tandang sora,catholic filipino academy (cfa) inc.,"81, pantabangan street, nia village, tandang sora, quezon city, ncr, 1116",6,Schools,Private,Private school,"QC Future Ready dashboard, Schools","81, pantabangan street, nia village, tandang sora, quezon city, ncr, 1116, Philippines",14.68860898,121.047244,6:00AM,5:00PM
400,payatas,"saint vincent institute of arts & sciences, inc.","137, legaspi st., payatas-b, payatas, quezon city, ncr, 1119",2,Schools,Private,Private school,"QC Future Ready dashboard, Schools","137, legaspi Street, payatas-b, payatas, quezon city, ncr, 1119, Philippines",14.626277,121.069728,8:00AM,5:00PM
401,bungad,"st. vincent school of quezon city, inc.","99, west ave., bungad, quezon city, ncr, 1105",1,Schools,Private,Private school,"QC Future Ready dashboard, Schools","99, west Avenue, bungad, quezon city, ncr, 1105, Philippines",14.64949998,121.02858,8:00AM,5:00PM
402,lourdes,st. theresa's college of quezon city,"116, d. tuazon ave. , sta mesa heights, lourdes, quezon city, ncr, 1114",1,Schools,Private,Private school,"QC Future Ready dashboard, Schools","116, d. tuazon Avenue , sta mesa heights, lourdes, quezon city, ncr, 1114, Philippines",14.62791,121.000693,8:00AM,6:00PM
403,tandang sora,catholic filipino academy (cfa) inc.,"81, pantabangan street, nia village, tandang sora, quezon city, ncr, 1116",6,Schools,Private,Private school,"QC Future Ready dashboard, Schools","81, pantabangan street, nia village, tandang sora, quezon city, ncr, 1116, Philippines",14.68860898,121.047244,6:00AM,5:00PM
404,san martin de porres,brilliant juniors academy inc.,"aysn sports centre, lot 8 p. tuazon blvd corner c. benitez street, san martin de porres, quezon city, ncr, 1111",4,Schools,Private,Private school,"QC Future Ready dashboard, Schools","aysn sports centre, lot 8 p. tuazon blvd corner c. benitez street, san martin de porres, quezon city, ncr, 1111, Philippines",14.6164778,121.0442342,8:00AM,5:00PM
405,fairview,the philippine timothy christian academy of quezon city inc.,"blk 3, lot 1, pearl st., regalado ave., fairview, quezon city, ncr, 1118",5,Schools,Private,Private school,"QC Future Ready dashboard, Schools","blk 3, lot 1, pearl Street, regalado Avenue, fairview, quezon city, ncr, 1118, Philippines",14.709105,121.0670284,7:00AM,7:00PM
406,sauyo,"marian school of quezon city,inc.","199, sauyo road novaliches, sauyo, quezon city, ncr, 1116",6,Schools,Private,Private school,"QC Future Ready dashboard, Schools","199, sauyo road novaliches, sauyo, quezon city, ncr, 1116, Philippines",14.69429922,121.0448518,7:00AM,4:00PM
407,commonwealth,"estar castle integrated school, inc.","1817-a, ecols, commonwealth, quezon city, ncr, 1121",2,Schools,Private,Private school,"QC Future Ready dashboard, Schools","1817-a, ecols, commonwealth, quezon city, ncr, 1121, Philippines",14.69833896,121.0825353,8:00AM,5:00PM
408,san isidro labrador,siloam christian academy inc.,"2, san isidro labrador, payatas, quezon city, ncr, 1119",2,Schools,Private,Private school,"QC Future Ready dashboard, Schools","2, san isidro labrador, payatas, quezon city, ncr, 1119, Philippines",14.69129657,121.0855432,8:00AM,5:00PM
409,quirino 2a,"lord jesus learning institute, inc","17, bignay st, quirino 2a, quezon city, ncr, 1102",3,Schools,Private,Private school,"QC Future Ready dashboard, Schools","17, bignay st, quirino 2a, quezon city, ncr, 1102, Philippines",14.6321787,121.0591679,7:00AM,4:00PM
410,san isidro labrador,siloam christian academy inc.,"2, san isidro labrador, payatas, quezon city, ncr, 1119",2,Schools,Private,Private school,"QC Future Ready dashboard, Schools","2, san isidro labrador, payatas, quezon city, ncr, 1119, Philippines",14.69129657,121.0855432,8:00AM,5:00PM
411,sacred heart,cradle of joy center for learning foundation inc.,"11th,  jamboree, sacred heart, quezon city, ncr, 1103",4,Schools,Private,Private school,"QC Future Ready dashboard, Schools","11th, jamboree, sacred heart, quezon city, ncr, 1103, Philippines",14.63159002,121.0412281,7:00AM,8:00PM
412,san antonio,"marriott school, inc.","162, tolentino st san francisco , ncr, san antonio, quezon city, ncr, 1105",1,Schools,Private,Private school,"QC Future Ready dashboard, Schools","162, tolentino st san francisco , ncr, san antonio, quezon city, ncr, 1105, Philippines",14.64757629,121.0146805,7:00AM,5:00PM
413,north fairview,first mile christian school of life in the light christian fellowship,"385, l1, riyal st. cor peseta st., north fairview, quezon city, ncr, 1121",5,Schools,Private,Private school,"QC Future Ready dashboard, Schools","385, l1, riyal Street corner peseta Street, north fairview, quezon city, ncr, 1121, Philippines",14.71073901,121.0586909,8:00AM,6:00PM
414,alicia,"sto. nino parochial school, inc.","ilocos sur st. cor. bukidnon st., alicia, quezon city, ncr, 1105",1,Schools,Private,Private school,"QC Future Ready dashboard, Schools","ilocos sur Street corner bukidnon Street, alicia, quezon city, ncr, 1105, Philippines",14.66004052,121.0263474,6:00AM,5:00PM
415,bagong pag-asa,"saint paul educational center bago-bantay, inc.","38, palawan st., bagong pag-asa, quezon city, ncr, 1105",1,Schools,Private,Private school,"QC Future Ready dashboard, Schools","38, palawan Street, bagong pag-asa, quezon city, ncr, 1105, Philippines",14.66309688,121.0316744,8:00AM,5:00PM
416,marilag,national college of business and arts,"994, aurora blvd, marilag, quezon city, ncr, 1109",3,Schools,Private,Private school,"QC Future Ready dashboard, Schools","994, aurora blvd, marilag, quezon city, ncr, 1109, Philippines",14.62829,121.06638,8:00AM,5:00PM
417,Damayan,San Francisco Lying–In Clinic,"H. Francisco St. corner San Vicente St., Brgy. Damayan",1,Health centers,#N/A,LGU-run lying-in clinics,QC Administrative Data - Health,"H. Francisco Street corner San Vicente Street, Barangay Damayan, Quezon City, Philippines",14.63937238,121.0146712,#N/A,#N/A
418,Bagong Silangan,Bagong Silangan Lying–In Clinic,"Bonifacio St., Brgy. Bagong Silangan",2,Health centers,#N/A,LGU-run lying-in clinics,QC Administrative Data - Health,"Bonifacio Street, Barangay Bagong Silangan, Quezon City, Philippines",14.6977113,121.110502,#N/A,#N/A
419,Batasan Hills,Batasan Hills Lying–In Clinic,"2 IBP Road, Brgy. Batasan Hills",2,Health centers,#N/A,LGU-run lying-in clinics,QC Administrative Data - Health,"2 IBP Road, Barangay Batasan Hills, Quezon City, Philippines",14.69922751,121.0920809,#N/A,#N/A
420,Holy Spirit,Betty Go Belmonte Lying–In Clinic,"Artillery Road, Garcia Heights, Brgy. Holy Spirit",2,Health centers,#N/A,LGU-run lying-in clinics,QC Administrative Data - Health,"Artillery Road, Garcia Heights, Barangay Holy Spirit, Quezon City, Philippines",14.6821557,121.0785305,#N/A,#N/A
421,Commonwealth,National Government Center Lying-In Clinic,"MRB Compound, Pilot Drive, Brgy. Commonwealth",2,Health centers,#N/A,LGU-run lying-in clinics,QC Administrative Data - Health,"MRB Compound, Pilot Drive, Barangay Commonwealth, Quezon City, Philippines",14.7060131,121.0869798,#N/A,#N/A
422,San Roque,Murphy Lying–In Clinic,"18th Avenue, Brgy. San Roque",3,Health centers,#N/A,LGU-run lying-in clinics,QC Administrative Data - Health,"18th Avenue, Barangay San Roque, Quezon City, Philippines",14.61769813,121.0625586,#N/A,#N/A
423,Kamuning,Kamuning Lying–In Clinic,"19 T. Gener St. corner K5th St., Brgy. Kamuning",4,Health centers,#N/A,LGU-run lying-in clinics,QC Administrative Data - Health,"19 T. Gener Street corner K5th Street, Barangay Kamuning, Quezon City, Philippines",14.62611929,121.0369858,#N/A,#N/A
424,Sta Lucia,Sta. Lucia Lying-In Clinic,"Sta. Lucia Ave., Brgy. Sta Lucia",5,Health centers,#N/A,LGU-run lying-in clinics,QC Administrative Data - Health,"Sta. Lucia Avenue, Barangay Sta Lucia, Quezon City, Philippines",14.70728212,121.0534239,#N/A,#N/A
425,Novaliches,Arsenia De Jesus Maximo Lying–In Clinic,"Quirino Hi–way, Brgy. Novaliches",5,Health centers,#N/A,LGU-run lying-in clinics,QC Administrative Data - Health,"Quirino Hi–way, Barangay Novaliches, Quezon City, Philippines",14.69683598,121.0326293,#N/A,#N/A
426,San Bartolome,Novaliches District Hospital,"683 Quirino Highway, Barangay San Bartolome, Novaliches",5,Health centers,#N/A,LGU-run hospitals,QC Administrative Data - Health,"683 Quirino Highway, Barangay San Bartolome, Novaliches, Quezon City, Philippines",14.70567298,121.0381748,#N/A,#N/A
427,Bahay Toro,Quezon City General Hospital,"Seminary Road, Barangay Bahay Toro, Project 8, QCGH",1,Health centers,#N/A,LGU-run hospitals,QC Administrative Data - Health,"Seminary Road, Barangay Bahay Toro, Project 8, QCGH, Quezon City, Philippines",14.6612375,121.0181698,#N/A,#N/A
428,Batasan Hills,Rosario Maclang Bautista General Hospital,IBP Road Batasan Hills,2,Health centers,#N/A,LGU-run hospitals,QC Administrative Data - Health,"IBP Road Barangay Batasan Hills, Quezon City, Philippines",14.6860552,121.0890724,#N/A,#N/A
429,E. Rodriguez Sr.,National Children’s Hospital,"264 E. Rodriguez Sr. Avenue, Quezon City, Philippines",4,Health centers,#N/A,National government-owned hospitals,QC Administrative Data - Health,"National Children’s Hospital 264 E. Rodriguez Sr. Avenue, Quezon City, Philippines",14.6204405,121.0208118,#N/A,#N/A
430,#N/A,Philippine Orthopedic Center,Maria Clara cor. Banawe Street,1,Health centers,#N/A,National government-owned hospitals,QC Administrative Data - Health,"Philippine Orthopedic Center Maria Clara corner Banawe Street, Quezon City, Philippines",14.6276131,121.0031984,#N/A,#N/A
431,#N/A,Quirino Memorial Medical Center,"JP Rizal cor. P. Tuazon Sts, Project 4",3,Health centers,#N/A,National government-owned hospitals,QC Administrative Data - Health,"Quirino Memorial Medical Center JP Rizal corner P. Tuazon Sts, Project 4, Quezon City, Philippines",14.6222558,121.0706595,#N/A,#N/A
432,Central,Lung Center of the Philippines,"Quezon Avenue, Barangay Central, Diliman",4,Health centers,#N/A,National government-owned hospitals,QC Administrative Data - Health,"Lung Center of the Philippines Quezon Avenue, Barangay Central, Diliman, Quezon City, Philippines",14.6477279,121.0452136,#N/A,#N/A
433,Bagong Pag-asa,Philippine Children’s Medical Center,"Quezon Avenue cor. Sen. Miriam Defensor-Santiago Avenue, Bagong Pag-asa",1,Health centers,#N/A,National government-owned hospitals,QC Administrative Data - Health,"Philippine Children’s Medical Center Quezon Avenue corner Sen. Miriam Defensor-Santiago Avenue, Bagong Pag-asa, Quezon City, Philippines",14.6476963,121.0411248,#N/A,#N/A
434,#N/A,National Kidney and Transplant Institute,"East Avenue, Diliman",4,Health centers,#N/A,National government-owned hospitals,QC Administrative Data - Health,"National Kidney and Transplant Institute East Avenue, Diliman, Quezon City, Philippines",14.6473447,121.0451401,#N/A,#N/A
435,#N/A,Philippine Heart Center,"East Avenue, Diliman",4,Health centers,#N/A,National government-owned hospitals,QC Administrative Data - Health,"Philippine Heart Center East Avenue, Diliman, Quezon City, Philippines",14.6441499,121.0459581,#N/A,#N/A
436,#N/A,East Avenue Medical Center,"East Avenue, Diliman",4,Health centers,#N/A,National government-owned hospitals,QC Administrative Data - Health,"East Avenue Medical Center East Avenue, Diliman, Quezon City, Philippines",14.6421432,121.0479837,#N/A,#N/A
437,Alicia,Bago Bantay,"84 Sto. Niño St., Brgy. Alicia",1,Health centers,#N/A,Health centers,QC Administrative Data - Health,"84 Sto. Niño Street, Barangay Alicia, Quezon City, Philippines",14.7055952,121.097806,#N/A,#N/A
438,Bagong Pag-asa,Bagong Pag-asa,"36 Road 9 cor. Road 10, Brgy. Bagong Pag-asa",1,Health centers,#N/A,Health centers,QC Administrative Data - Health,"36 Road 9 corner Road 10, Barangay Bagong Pag-asa, Quezon City, Philippines",14.6620891,121.0342136,#N/A,#N/A
439,Balingasa,Balingasa,"26 J. Aquino Cruz St., Brgy. Balingasa",1,Health centers,#N/A,Health centers,QC Administrative Data - Health,"26 J. Aquino Cruz Street, Barangay Balingasa, Quezon City, Philippines",14.65024375,121.0043049,#N/A,#N/A
440,Paang Bundok,La Loma,"225 Mariveles St., Brgy. Paang Bundok",1,Health centers,#N/A,Health centers,QC Administrative Data - Health,"225 Mariveles Street, Barangay Paang Bundok, Quezon City, Philippines",14.626996,120.991853,#N/A,#N/A
441,Masambong,Masambong,"8 Malac St., Brgy. Masambong",1,Health centers,#N/A,Health centers,QC Administrative Data - Health,"8 Malac Street, Barangay Masambong, Quezon City, Philippines",14.64020592,121.011993,#N/A,#N/A
442,Paltok,Paltok,"14 Matias St., Brgy. Paltok",1,Health centers,#N/A,Health centers,QC Administrative Data - Health,"14 Matias Street, Barangay Paltok, Quezon City, Philippines",14.64300872,121.0231876,#N/A,#N/A
443,Sta. Teresita,Mercedes de Joya,"Dapitan cor. Mayon St., Brgy. Sta. Teresita",1,Health centers,#N/A,Health centers,QC Administrative Data - Health,"Dapitan corner Mayon Street, Barangay Sta. Teresita, Quezon City, Philippines",14.62197138,120.9996989,#N/A,#N/A
444,Project 6,Project 6,"58 Alley 3, Brgy. Project 6",1,Health centers,#N/A,Health centers,QC Administrative Data - Health,"58 Alley 3, Barangay Project 6, Quezon City, Philippines",14.66176971,121.0404661,#N/A,#N/A
445,Veterans Village,Project 7,"39 Bansalangin St., Brgy Veterans Village",1,Health centers,#N/A,Health centers,QC Administrative Data - Health,"39 Bansalangin Street, Barangay Veterans Village, Quezon City, Philippines",14.65347,121.024564,#N/A,#N/A
446,San Antonio,San Antonio,"38 San Jose, St. Brgy. San Antonio",1,Health centers,#N/A,Health centers,QC Administrative Data - Health,"38 San Jose, Street Barangay San Antonio, Quezon City, Philippines",14.64845807,121.0141993,#N/A,#N/A
447,Damayan,San Francisco Super,H. Francisco cor. San Vicente St. Brgy Damayan,1,Health centers,#N/A,Health centers,QC Administrative Data - Health,"H. Francisco corner San Vicente Street Barangay Damayan, Quezon City, Philippines",14.63880498,121.0142366,#N/A,#N/A
448,San Jose,San Jose,"27 Tinagan St., Brgy. San Jose",1,Health centers,#N/A,Health centers,QC Administrative Data - Health,"27 Tinagan Street, Barangay San Jose, Quezon City, Philippines",14.64027869,120.994242,#N/A,#N/A
449,Bahay Toro,Toro Hills,"Road 11, Brgy. Bahay Toro",1,Health centers,#N/A,Health centers,QC Administrative Data - Health,"Road 11, Barangay Bahay Toro, Quezon City, Philippines",14.66406412,121.0210466,#N/A,#N/A
450,Bagong Silangan,Bagong Silangan,"Bonifacio St., Brgy. Bagong Silangan",2,Health centers,#N/A,Health centers,QC Administrative Data - Health,"Bonifacio Street, Barangay Bagong Silangan, Quezon City, Philippines",14.6977113,121.110502,#N/A,#N/A
451,Batasan Hills,Batasan Hills Annex,"Bill cor. Saret St., Brgy. Batasan Hills",2,Health centers,#N/A,Health centers,QC Administrative Data - Health,"Bill corner Saret Street, Barangay Batasan Hills, Quezon City, Philippines",14.6861789,121.0993394,#N/A,#N/A
452,Batasan Hills,Batasan Hills Super,"2 IBP Road, Brgy. Batasan Hills",2,Health centers,#N/A,Health centers,QC Administrative Data - Health,"2 IBP Road, Barangay Batasan Hills, Quezon City, Philippines",14.69922751,121.0920809,#N/A,#N/A
453,Holy Spirit,Betty Go Belmonte Super,"2nd Flr. 12 Artillery Road, Brgy. Holy Spirit",2,Health centers,#N/A,Health centers,QC Administrative Data - Health,"2nd Floor 12 Artillery Road, Barangay Holy Spirit, Quezon City, Philippines",14.6821557,121.0785305,#N/A,#N/A
454,Commonwealth,Commonwealth,"Katuparan St., Brgy. Commonwealth",2,Health centers,#N/A,Health centers,QC Administrative Data - Health,"Katuparan Street, Barangay Commonwealth, Quezon City, Philippines",14.696917,121.088006,#N/A,#N/A
455,#N/A,Doña Nicasia,"689 Matapang St., Doña Nicasia Subd.",2,Health centers,#N/A,Health centers,QC Administrative Data - Health,"689 Matapang Street, Doña Nicasia Subdivision, Quezon City, Philippines",14.64031314,121.0492598,#N/A,#N/A
456,Holy Spirit,Holy Spirit,"373 Sta. Catalina St., Brgy. Holy Spirit",2,Health centers,#N/A,Health centers,QC Administrative Data - Health,"373 Sta. Catalina Street, Barangay Holy Spirit, Quezon City, Philippines",14.68943799,121.083765,#N/A,#N/A
457,Payatas,Lupang Pangako,"Phase I, Lupang Pangako, Brgy. Payatas",2,Health centers,#N/A,Health centers,QC Administrative Data - Health,"Phase I, Lupang Pangako, Barangay Payatas, Quezon City, Philippines",14.72110157,121.109981,#N/A,#N/A
458,Commonwealth,National Government Center Super,"MRB, Phase 1 Pilot Drive, Brgy. Commonwealth",2,Health centers,#N/A,Health centers,QC Administrative Data - Health,"MRB, Phase 1 Pilot Drive, Barangay Commonwealth, Quezon City, Philippines",14.7060131,121.0869798,#N/A,#N/A
459,Payatas,Payatas A,"Ilang-Ilang St., Brgy. Payatas",2,Health centers,#N/A,Health centers,QC Administrative Data - Health,"Ilang-Ilang Street, Barangay Payatas, Quezon City, Philippines",14.69970178,121.0951694,#N/A,#N/A
460,Payatas,Payatas Super,"Molave St., Diamond Hills St., Brgy. Payatas",2,Health centers,#N/A,Health centers,QC Administrative Data - Health,"Molave Street, Diamond Hills Street, Barangay Payatas, Quezon City, Philippines",14.70979968,121.0965636,#N/A,#N/A
461,Payatas,Payatas B,"Bulacan St., Brgy. Payatas",2,Health centers,#N/A,Health centers,QC Administrative Data - Health,"Bulacan Street, Barangay Payatas, Quezon City, Philippines",14.71610507,121.101749,#N/A,#N/A
462,Holy Spirit,Veterans,"6 Faustino St., Brgy Holy Spirit",2,Health centers,#N/A,Health centers,QC Administrative Data - Health,"6 Faustino Street, Barangay Holy Spirit, Quezon City, Philippines",14.68381281,121.0764422,#N/A,#N/A
463,Quirino 2B,E. Rodriguez,"150 Pajo St. Projec 2, Brgy. Quirino 2B",3,Health centers,#N/A,Health centers,QC Administrative Data - Health,"150 Pajo Street Projec 2, Barangay Quirino 2B, Quezon City, Philippines",14.63196102,121.063206,#N/A,#N/A
464,#N/A,Ermin Garcia,"53 Cambridge St., Cubao",3,Health centers,#N/A,Health centers,QC Administrative Data - Health,"53 Cambridge Street, Cubao, Quezon City, Philippines",14.62632201,121.052336,#N/A,#N/A
465,Escopa 1,Escopa,"P. Burgos St., Brgy. Escopa 1",3,Health centers,#N/A,Health centers,QC Administrative Data - Health,"P. Burgos Street, Barangay Escopa 1, Quezon City, Philippines",14.6245297,121.0730494,#N/A,#N/A
466,Libis,Libis,"E. Rodriguez Jr. Avenue cor. L. Pasco St., Brgy Libis",3,Health centers,#N/A,Health centers,QC Administrative Data - Health,"E. Rodriguez Jr. Avenue corner L. Pasco Street, Barangay Libis, Quezon City, Philippines",14.61506629,121.0748675,#N/A,#N/A
467,San Roque,Murphy Super,"37 18th Avenue, Brgy. San Roque",3,Health centers,#N/A,Health centers,QC Administrative Data - Health,"37 18th Avenue, Barangay San Roque, Quezon City, Philippines",14.61769813,121.0625586,#N/A,#N/A
468,Old Balara,Old Balara (Main),"19 Doña Filomena St., Villa Beatriz, Brgy. Old Balara",3,Health centers,#N/A,Health centers,QC Administrative Data - Health,"19 Doña Filomena Street, Villa Beatriz, Barangay Old Balara, Quezon City, Philippines",14.67396623,121.0757394,#N/A,#N/A
469,Matandang Balara,Old Balara (Annex),"99A Tandang Sora Ave, Brgy. Matandang Balara",3,Health centers,#N/A,Health centers,QC Administrative Data - Health,"99A Tandang Sora Ave, Barangay Matandang Balara, Quezon City, Philippines",14.66302965,121.0745099,#N/A,#N/A
470,Pansol,Pansol,"Plaza St., Brgy. Pansol",3,Health centers,#N/A,Health centers,QC Administrative Data - Health,"Plaza Street, Barangay Pansol, Quezon City, Philippines",14.65134602,121.076455,#N/A,#N/A
471,Bagumbuhay,Project 4,"Kalantiaw st. cor. P. Tuazon, Brgy. Bagumbuhay",3,Health centers,#N/A,Health centers,QC Administrative Data - Health,"Kalantiaw Street corner P. Tuazon, Barangay Bagumbuhay, Quezon City, Philippines",14.62214091,121.0653726,#N/A,#N/A
472,Socorro,Socorro,"139 15th Avenue, Brgy. Socorro",3,Health centers,#N/A,Health centers,QC Administrative Data - Health,"139 15th Avenue, Barangay Socorro, Quezon City, Philippines",14.62166498,121.058609,#N/A,#N/A
473,Pinagkaisahan,Bernardo,"95 Ermin Garcia St., Brgy. Pinagkaisahan",4,Health centers,#N/A,Health centers,QC Administrative Data - Health,"95 Ermin Garcia Street, Barangay Pinagkaisahan, Quezon City, Philippines",14.62708493,121.0467375,#N/A,#N/A
474,Kaunlaran,Cubao,"22 Mayor Ignacio Diaz St., Brgy. Kaunlaran",4,Health centers,#N/A,Health centers,QC Administrative Data - Health,"22 Mayor Ignacio Diaz Street, Barangay Kaunlaran, Quezon City, Philippines",14.61691948,121.0458208,#N/A,#N/A
475,San Isidro,Galas,"46 Bayani St. Brgy. San Isidro, Galas",4,Health centers,#N/A,Health centers,QC Administrative Data - Health,"46 Bayani Street Barangay San Isidro, Galas, Quezon City, Philippines",14.61394693,121.0083257,#N/A,#N/A
476,Roxas,Gen. Roxas,"Jasmin St. cor. Madre Silva St., Roxas District",4,Health centers,#N/A,Health centers,QC Administrative Data - Health,"Jasmin Street corner Madre Silva Street, Roxas District, Quezon City, Philippines",14.62824708,121.0217648,#N/A,#N/A
477,Doña Imelda,Kalayaan,"91 Guirayan St., Brgy. Doña Imelda",4,Health centers,#N/A,Health centers,QC Administrative Data - Health,"91 Guirayan Street, Barangay Doña Imelda, Quezon City, Philippines",14.61231666,121.0178328,#N/A,#N/A
478,Kamuning,Kamuning Super,"2nd Flr., 19 T. Gener St. cor. K-5th St., Brgy. Kamuning",4,Health centers,#N/A,Health centers,QC Administrative Data - Health,"2nd Floor, 19 T. Gener Street corner K-5th Street, Barangay Kamuning, Quezon City, Philippines",14.62637994,121.0368966,#N/A,#N/A
479,Krus na Ligas,Krus na Ligas,"89 Lt. J. Francisco, Brgy. Krus na Ligas",4,Health centers,#N/A,Health centers,QC Administrative Data - Health,"89 Lt. J. Francisco, Barangay Krus na Ligas, Quezon City, Philippines",14.6456416,121.0619637,#N/A,#N/A
480,Pinyahan,Pinyahan,"37 Malakas St., Brgy. Pinyahan",4,Health centers,#N/A,Health centers,QC Administrative Data - Health,"37 Malakas Street, Barangay Pinyahan, Quezon City, Philippines",14.63813357,121.0482163,#N/A,#N/A
481,San Vicente,San Vicente,"#14 Maayusin Ext., Brgy. San Vicente",4,Health centers,#N/A,Health centers,QC Administrative Data - Health,"#14 Maayusin Extension, Barangay San Vicente, Quezon City, Philippines",14.65233446,121.0570022,#N/A,#N/A
482,Tatalon,Tatalon,"33 Victory Ave., Brgy. Tatalon",4,Health centers,#N/A,Health centers,QC Administrative Data - Health,"33 Victory Avenue, Barangay Tatalon, Quezon City, Philippines",14.62180233,121.0124449,#N/A,#N/A
483,Novaliches Proper,Arsenia de Jesus Maximo Super,"Quirino Highway, Brgy. Novaliches Proper",5,Health centers,#N/A,Health centers,QC Administrative Data - Health,"Quirino Highway, Barangay Novaliches Proper, Quezon City, Philippines",14.7219738,121.0408339,#N/A,#N/A
484,Bagbag,Bagbag,"18 Parokya ng Pagkabuhay Road, Brgy. Bagbag",5,Health centers,#N/A,Health centers,QC Administrative Data - Health,"18 Parokya ng Pagkabuhay Road, Barangay Bagbag, Quezon City, Philippines",14.69702447,121.0280886,#N/A,#N/A
485,Capri,Capri,"Narra St. Area 5, Brgy. Capri, Novaliches",5,Health centers,#N/A,Health centers,QC Administrative Data - Health,"Narra Street Area 5, Barangay Capri, Novaliches, Quezon City, Philippines",14.71659291,121.0291654,#N/A,#N/A
486,Fairview,Fairview,"Dahlia Avenue, Brgy. Fairview",5,Health centers,#N/A,Health centers,QC Administrative Data - Health,"Dahlia Avenue, Barangay Fairview, Quezon City, Philippines",14.6996186,121.0640358,#N/A,#N/A
487,Greater Lagro,Greater Lagro,"Blk, 47, Lot 1, Ascension Avenue, Brgy. Greater Lagro",5,Health centers,#N/A,Health centers,QC Administrative Data - Health,"Blk, 47, Lot 1, Ascension Avenue, Barangay Greater Lagro, Quezon City, Philippines",14.71452302,121.067183,#N/A,#N/A
488,Gulod,Gulod,"#47 Villaflor Village, Brgy. Gulod",5,Health centers,#N/A,Health centers,QC Administrative Data - Health,"#47 Villaflor Village, Barangay Gulod, Quezon City, Philippines",14.7119571,121.0385017,#N/A,#N/A
489,Kaligayahan,Kaligayahan,"58 Kingfisher St., Zabarte Subd.,, Brgy. Kaligayahan",5,Health centers,#N/A,Health centers,QC Administrative Data - Health,"58 Kingfisher Street, Zabarte Subdivision, Barangay Kaligayahan, Quezon City, Philippines",14.73453941,121.0500914,#N/A,#N/A
490,Pasong Putik,Maligaya,"Pechayan St., Maligaya Park Subd., Brgy. Pasong Putik",5,Health centers,#N/A,Health centers,QC Administrative Data - Health,"Pechayan Street, Maligaya Park Subdivision, Barangay Pasong Putik, Quezon City, Philippines",14.71352995,121.0412989,#N/A,#N/A
491,Nagkaisang Nayon,Nagkaisang Nayon,"Terio St., FB de Jesus,Sitio Damong Maliit Bgy. Nagkaisang Nayon",5,Health centers,#N/A,Health centers,QC Administrative Data - Health,"Terio Street, FB de Jesus,Sitio Damong Maliit Barangay Nagkaisang Nayon, Quezon City, Philippines",14.72322303,121.0315711,#N/A,#N/A
492,North Fairview,North Fairview,"Avon St., North Fairview Park Subd., Brgy. North Fairview",5,Health centers,#N/A,Health centers,QC Administrative Data - Health,"Avon Street, North Fairview Park Subdivision, Barangay North Fairview, Quezon City, Philippines",14.708786,121.0631239,#N/A,#N/A
493,San Bartolome,San Bartolome,"Angela Covered Court, Marcus St. Doña Faustina Subd., Brgy. San Bartolome",5,Health centers,#N/A,Health centers,QC Administrative Data - Health,"Angela Covered Court, Marcus Street Doña Faustina Subdivision, Barangay San Bartolome, Quezon City, Philippines",14.7052265,121.0328273,#N/A,#N/A
494,Sta. Lucia,Sta. Lucia Super,"Sta. Lucia Ave., Brgy. Sta. Lucia",5,Health centers,#N/A,Health centers,QC Administrative Data - Health,"Sta. Lucia Avenue, Barangay Sta. Lucia, Quezon City, Philippines",14.70728212,121.0534239,#N/A,#N/A
495,Apolonio Samson,Apolonio Samson,"150 Kaingin Road, Brgy. Apolonio Samson, Balintawak",6,Health centers,#N/A,Health centers,QC Administrative Data - Health,"150 Kaingin Road, Barangay Apolonio Samson, Balintawak, Quezon City, Philippines",14.65468419,121.0113137,#N/A,#N/A
496,Baesa,Baesa,"57 Baesa Road, Brgy. Baesa",6,Health centers,#N/A,Health centers,QC Administrative Data - Health,"57 Baesa Road, Barangay Baesa, Quezon City, Philippines",14.6691641,121.0064989,#N/A,#N/A
497,Tandang Sora,Banlat,"13 Daffodil St. cor. Daisy St., Del Nacia 1 Village, Brgy. Tandang Sora",6,Health centers,#N/A,Health centers,QC Administrative Data - Health,"13 Daffodil Street corner Daisy Street, Del Nacia 1 Village, Barangay Tandang Sora, Quezon City, Philippines",14.6793484,121.0339209,#N/A,#N/A
498,Tandang Sora,Melchora Aquino,"Loboc St. Napocor Village, Brgy. Tandang Sora",6,Health centers,#N/A,Health centers,QC Administrative Data - Health,"Loboc Street Napocor Village, Barangay Tandang Sora, Quezon City, Philippines",14.68631246,121.0474689,#N/A,#N/A
499,Pasong Tamo,Magdaleno H. Pedro,"13 J.P. Eugenio St., Philand Subd., Brgy. Pasong Tamo",6,Health centers,#N/A,Health centers,QC Administrative Data - Health,"13 J.P. Eugenio Street, Philand Subdivision, Barangay Pasong Tamo, Quezon City, Philippines",14.67911293,121.0400962,#N/A,#N/A
500,Sangandaan,Sangandaan,"Premium St., Brgy. Sangandaan",6,Health centers,#N/A,Health centers,QC Administrative Data - Health,"Premium Street, Barangay Sangandaan, Quezon City, Philippines",14.67403558,121.0206566,#N/A,#N/A
501,Sauyo,Sauyo,"Greenville Drive, Brgy. Sauyo",6,Health centers,#N/A,Health centers,QC Administrative Data - Health,"Greenville Drive, Barangay Sauyo, Quezon City, Philippines",14.68800115,121.0377623,#N/A,#N/A
502,Talipapa,Tandang Sora,"506 Quirino Highway, Talipapa People Civic Center, Brgy. Talipapa",6,Health centers,#N/A,Health centers,QC Administrative Data - Health,"506 Quirino Highway, Talipapa People Civic Center, Barangay Talipapa, Quezon City, Philippines",14.68626553,121.0241216,#N/A,#N/A
503,Culiat,Wenceslao Dela Paz (Culiat),"Sta. Felicia St. , San Antonio Homes, Brgy. Culiat",6,Health centers,#N/A,Health centers,QC Administrative Data - Health,"Sta. Felicia Street , San Antonio Homes, Barangay Culiat, Quezon City, Philippines",14.66707415,121.0568763,#N/A,#N/A
504,Damayan,San Francisco Super Health Centers,"H. San Francisco St. corner San Vicente St., Brgy. Damayan",1,Health centers,#N/A,Super health care centers,QC Administrative Data - Health,"H. San Francisco Street corner San Vicente Street, Barangay Damayan, Quezon City, Philippines",14.63937238,121.0146712,#N/A,#N/A
505,Batasan Hills,Batasan Hills Super Health Centers,"2 IBP Road, Brgy. Batasan Hills",2,Health centers,#N/A,Super health care centers,QC Administrative Data - Health,"2 IBP Road, Barangay Batasan Hills, Quezon City, Philippines",14.69922751,121.0920809,#N/A,#N/A
506,Holy Spirit,Betty Go Belmonte Super Health Centers,"2nd Floor, 12 Artillery Road Brgy. Holy Spirit",2,Health centers,#N/A,Super health care centers,QC Administrative Data - Health,"2nd Floor, 12 Artillery Road Barangay Holy Spirit, Quezon City, Philippines",14.6821557,121.0785305,#N/A,#N/A
507,Payatas,Payatas Super Health Centers,"Diamond Hills St., Brgy. Payatas",2,Health centers,#N/A,Super health care centers,QC Administrative Data - Health,"Diamond Hills Street, Barangay Payatas, Quezon City, Philippines",14.7111163,121.0963829,#N/A,#N/A
508,San Roque,Murphy Super Health Centers,"35 18th Avenue, Brgy. San Roque",3,Health centers,#N/A,Super health care centers,QC Administrative Data - Health,"35 18th Avenue, Barangay San Roque, Quezon City, Philippines",14.61769813,121.0625586,#N/A,#N/A
509,Kamuning,Kamuning Super Health Centers,"19 T. Gener St. corner K5th St., Brgy. Kamuning",4,Health centers,#N/A,Super health care centers,QC Administrative Data - Health,"19 T. Gener Street corner K5th Street, Barangay Kamuning, Quezon City, Philippines",14.62611929,121.0369858,#N/A,#N/A
510,Sta. Lucia,Sta. Lucia Super Health Centers,"Sta. Lucia Avenue, Brgy. Sta. Lucia",5,Health centers,#N/A,Super health care centers,QC Administrative Data - Health,"Sta. Lucia Avenue, Barangay Sta. Lucia, Quezon City, Philippines",14.70728212,121.0534239,#N/A,#N/A
511,Novaliches Proper,Arsenia De Jesus Maximo Super Health Center,"Quirino Highway, Brgy. Novaliches Proper",5,Health centers,#N/A,Super health care centers,QC Administrative Data - Health,"Quirino Highway, Barangay Novaliches Proper, Quezon City, Philippines",14.7219738,121.0408339,#N/A,#N/A
512,Apolonio Samson,Apolonio Samson Health Center,"150 Kaingin Road, Brgy. Apolonio Samson, Balintawak",6,Health centers,#N/A,Health center pharmacy,QC Administrative Data - Health,"150 Kaingin Road, Barangay Apolonio Samson, Balintawak, Quezon City, Philippines",14.65468419,121.0113137,#N/A,#N/A
513,Baesa,Baesa Health Center,"57 Baesa Road, Brgy. Baesa",6,Health centers,#N/A,Health center pharmacy,QC Administrative Data - Health,"57 Baesa Road, Barangay Baesa, Quezon City, Philippines",14.6691641,121.0064989,#N/A,#N/A
514,Tandang Sora,Banlat Health Center,"13 Daffodil St. cor. Daisy St., Del Nacia 1 Village, Brgy. Tandang Sora",6,Health centers,#N/A,Health center pharmacy,QC Administrative Data - Health,"13 Daffodil Street corner Daisy Street, Del Nacia 1 Village, Barangay Tandang Sora, Quezon City, Philippines",14.6793484,121.0339209,#N/A,#N/A
515,Holy Spirit,Betty Go-Belmonte Super Health Center,"2nd Flr. 12 Artillery Road, Brgy. Holy Spirit",2,Health centers,#N/A,Health center pharmacy,QC Administrative Data - Health,"2nd Floor 12 Artillery Road, Barangay Holy Spirit, Quezon City, Philippines",14.6821557,121.0785305,#N/A,#N/A
516,Escopa 1,Escopa Sentrong Sigla Health Center,"P. Burgos St., Brgy. Escopa 1",3,Health centers,#N/A,Health center pharmacy,QC Administrative Data - Health,"P. Burgos Street, Barangay Escopa 1, Quezon City, Philippines",14.6245297,121.0730494,#N/A,#N/A
517,Greater Lagro,Greater Lagro Health Center,"Blk, 47, Lot 1, Ascension Avenue, Brgy. Greater Lagro",5,Health centers,#N/A,Health center pharmacy,QC Administrative Data - Health,"Blk, 47, Lot 1, Ascension Avenue, Barangay Greater Lagro, Quezon City, Philippines",14.71452302,121.067183,#N/A,#N/A
518,Krus na Ligas,Krus na Ligas Health Center,"89 Lt. J. Francisco, Brgy. Krus na Ligas",4,Health centers,#N/A,Health center pharmacy,QC Administrative Data - Health,"89 Lt. J. Francisco, Barangay Krus na Ligas, Quezon City, Philippines",14.6456416,121.0619637,#N/A,#N/A
519,Pasong Putik,Maligaya Health Center,"Pechayan St., Maligaya Park Subd., Brgy. Pasong Putik",5,Health centers,#N/A,Health center pharmacy,QC Administrative Data - Health,"Pechayan Street, Maligaya Park Subdivision, Barangay Pasong Putik, Quezon City, Philippines",14.71352995,121.0412989,#N/A,#N/A
520,Nagkaisang Nayon,Nagkaisang Nayon Health Center,"Terio St., FB de Jesus,Sitio Damong Maliit Bgy. Nagkaisang Nayon",5,Health centers,#N/A,Health center pharmacy,QC Administrative Data - Health,"Terio Street, FB de Jesus,Sitio Damong Maliit Barangay Nagkaisang Nayon, Quezon City, Philippines",14.72322303,121.0315711,#N/A,#N/A
521,Commonwealth,National Government Center (NGC) Super Health Center,"MRB, Phase 1 Pilot Drive, Brgy. Commonwealth",2,Health centers,#N/A,Health center pharmacy,QC Administrative Data - Health,"MRB, Phase 1 Pilot Drive, Barangay Commonwealth, Quezon City, Philippines",14.7060131,121.0869798,#N/A,#N/A
522,Paltok,Barangay Paltok Health Center,"14 Matias St., Brgy. Paltok",1,Health centers,#N/A,Health center pharmacy,QC Administrative Data - Health,"14 Matias Street, Barangay Paltok, Quezon City, Philippines",14.64300872,121.0231876,#N/A,#N/A
523,Pansol,Barangay Pansol Health Center,"Plaza St., Brgy. Pansol",3,Health centers,#N/A,Health center pharmacy,QC Administrative Data - Health,"Plaza Street, Barangay Pansol, Quezon City, Philippines",14.65134602,121.076455,#N/A,#N/A
524,Roxas,Roxas Health Center,"Jasmin St. cor. Madre Silva St., Roxas District",4,Health centers,#N/A,Health center pharmacy,QC Administrative Data - Health,"Jasmin Street corner Madre Silva Street, Roxas District, Quezon City, Philippines",14.62824708,121.0217648,#N/A,#N/A
525,San Antonio,San Antonio Health Center,"38 San Jose, St. Brgy. San Antonio",1,Health centers,#N/A,Health center pharmacy,QC Administrative Data - Health,"38 San Jose, Street Barangay San Antonio, Quezon City, Philippines",14.64845807,121.0141993,#N/A,#N/A
526,San Vicente,San Vicente Sentrong Sigla Health Center,"#14 Maayusin Ext., Brgy. San Vicente",4,Health centers,#N/A,Health center pharmacy,QC Administrative Data - Health,"#14 Maayusin Extension, Barangay San Vicente, Quezon City, Philippines",14.65233446,121.0570022,#N/A,#N/A
527,Sta. Lucia,Sta. Lucia Super Health Center,"Sta. Lucia Ave., Brgy. Sta. Lucia",5,Health centers,#N/A,Health center pharmacy,QC Administrative Data - Health,"Sta. Lucia Avenue, Barangay Sta. Lucia, Quezon City, Philippines",14.70728212,121.0534239,#N/A,#N/A
528,#N/A,Quezon City Human Milk Bank,"General Hospital, Seminary Rd, Project 8, Quezon City, Metro Manila",1,Health centers,#N/A,Human milk bank,QC Administrative Data - Health,"General Hospital, Seminary Rd, Project 8, Quezon City, Metro Manila, Philippines",14.66488756,121.0152911,#N/A,#N/A
529,batasan hills,skdc neuro psychological testing and assessment center,"unit no.2 a-102, colton place apartment, 155, session road, talanay area b, batasan hills, quezon city, ncr, 1126",2,Long-term care and rehabilitation services,#N/A,Psychological clinic,"QC Future Ready dashboard, Long-term care and rehabilitation services","unit 2 a-102, colton place apartment, 155, session road, talanay area b, batasan hills, quezon city, ncr, 1126, Philippines",14.68051701,121.101791,8:00AM,5:00PM
530,bagong pag-asa,"ikigai wellness solutions, inc.","nb 311b - nb 312 3rd flr., sm city , north edsa, bagong pag-asa, quezon city, ncr, 1105",1,Long-term care and rehabilitation services,#N/A,Therapeutic clinic,"QC Future Ready dashboard, Long-term care and rehabilitation services","nb 311b - nb 312 3rd Floor, sm city , north edsa, bagong pag-asa, quezon city, ncr, 1105, Philippines",14.6558887,121.0323006,10:00AM,9:00PM
531,#N/A,growing abilities & bridging aspirations of youths therapy center,"unit 3b, g place, 30 maginhawa st, up village, quezon city, ncr, 1101",4,Long-term care and rehabilitation services,#N/A,Physical/occupational therapy school,"QC Future Ready dashboard, Long-term care and rehabilitation services","unit 3b, g place, 30 maginhawa st, up village, quezon city, ncr, 1101, Philippines",14.65053548,121.0565533,8:00AM,6:00PM
532,tatalon,play avenue therapy center co.,"unit 405, elements at quezon ave. bldg.,, #560 quezon ave., tatalon, quezon city, ncr, 1113",4,Long-term care and rehabilitation services,#N/A,Physical/occupational therapy school,"QC Future Ready dashboard, Long-term care and rehabilitation services","unit 405, elements at quezon Avenue Building, #560 quezon Avenue, tatalon, quezon city, ncr, 1113, Philippines",14.62331001,121.0076,9:00AM,5:00PM
533,san agustin,logm inc.,"g/f unit e, one susano prime, 188, susano road, san agustin, quezon city, ncr, 1117",5,Long-term care and rehabilitation services,#N/A,Physical therapy clinic,"QC Future Ready dashboard, Long-term care and rehabilitation services","g/f unit e, one susano prime, 188, susano road, san agustin, quezon city, ncr, 1117, Philippines",14.73475509,121.0339968,10:00AM,7:00PM
534,south triangle,physioworks physical therapy clinic,"il terrazzo, s- 08 sct. madrinan , south triangle, quezon city, ncr, 1103",4,Long-term care and rehabilitation services,#N/A,Physical therapy clinic,"QC Future Ready dashboard, Long-term care and rehabilitation services","il terrazzo, s- 08 sct. madrinan , south triangle, quezon city, ncr, 1103, Philippines",14.63661981,121.0316314,8:00AM,9:00PM
535,pinyahan,the oracle physical rehabilitation inc. ,"unit 101, east side condominium corporation,, 77, malakas, pinyahan, quezon city, ncr, 1100",4,Long-term care and rehabilitation services,#N/A,Physical therapy clinic,"QC Future Ready dashboard, Long-term care and rehabilitation services","unit 101, east side condominium corporation, 77, malakas, pinyahan, quezon city, ncr, 1100, Philippines",14.63840402,121.048167,9:00AM,6:00PM
536,del monte,ace water health & spa center inc.,"399, del monte ave., manresa, quezon city, ncr, 1115",1,Long-term care and rehabilitation services,#N/A,Therapeutic clinic,"QC Future Ready dashboard, Long-term care and rehabilitation services","399, del monte Avenue, manresa, quezon city, ncr, 1115, Philippines",14.63860502,121.0018926,8:00AM,5:00PM
537,bagong pag-asa,gestalt neuropsychological and psychological services,"unit 202 2nd flr., ccs bldg., blk. 10, lot 39, road 1 corner road 8, bagong pag-asa, quezon city, ncr, 1105",1,Long-term care and rehabilitation services,#N/A,Psychological clinic,"QC Future Ready dashboard, Long-term care and rehabilitation services","unit 202 2nd Floor, ccs Building, blk. 10, lot 39, road 1 corner road 8, bagong pag-asa, quezon city, ncr, 1105, Philippines",14.66207711,121.0319526,8:00AM,5:00PM
538,bahay toro,achieving independence and meaningful skill therapy center,"unit f, 3rd flr. , 38 general avenue, bahay toro, quezon city, ncr, 1106",1,Long-term care and rehabilitation services,#N/A,Physical therapy clinic,"QC Future Ready dashboard, Long-term care and rehabilitation services","unit f, 3rd Floor , 38 general avenue, bahay toro, quezon city, ncr, 1106, Philippines",14.67191209,121.0251722,9:00AM,6:00PM
539,fairview,foot kingdom spa inc.,"ax3 250-252, sm city fairview, quirino highway, corner regalado ave., greater lagro, quezon city, ncr, 1100",5,Long-term care and rehabilitation services,#N/A,Therapeutic clinic,"QC Future Ready dashboard, Long-term care and rehabilitation services","ax3 250-252, sm city fairview, quirino highway, corner regalado Avenue, greater lagro, quezon city, ncr, 1100, Philippines",14.73536219,121.0609478,10:00AM,10:00PM
540,novaliches proper,physioprime physiotherapy  services,"45, petronia st., buenamar subd., novaliches proper, quezon city, ncr, 1121",5,Long-term care and rehabilitation services,#N/A,Physical therapy clinic,"QC Future Ready dashboard, Long-term care and rehabilitation services","45, petronia Street, buenamar Subdivision, novaliches proper, quezon city, ncr, 1121, Philippines",14.7190274,121.0386335,9:00AM,6:00PM
541,west kamias,badges therapy center,"24-a, k-8th, west kamias, quezon city, ncr, 1102",3,Long-term care and rehabilitation services,#N/A,Physical therapy clinic,"QC Future Ready dashboard, Long-term care and rehabilitation services","24-a, k-8th, west kamias, quezon city, ncr, 1102, Philippines",14.63022852,121.0496115,8:00AM,5:00PM
542,south triangle,neuro psychological testing center,"03f-vir.24 , symphony tower 2, sgt. esguerra avenue, south triangle, quezon city, ncr, 1103",4,Long-term care and rehabilitation services,#N/A,Psychological clinic,"QC Future Ready dashboard, Long-term care and rehabilitation services","03f-vir.24 , symphony tower 2, sgt. esguerra avenue, south triangle, quezon city, ncr, 1103, Philippines",14.6342487,121.0388704,8:00PM,8:00PM
543,malaya,forge lab inc.,"gf, aspirea residences, 5 malumanay st. , malaya, quezon city, ncr, 1101",4,Long-term care and rehabilitation services,#N/A,Physical therapy clinic,"QC Future Ready dashboard, Long-term care and rehabilitation services","gf, aspirea residences, 5 malumanay Street , malaya, quezon city, ncr, 1101, Philippines",14.6475685,121.0536959,9:00AM,6:00AM
544,kaligayahan,cudiamat medical corp.,"jdc building, blk. 5, lot 9, zabarte road , hobart village, kaligayahan, quezon city, ncr, 1124",5,Long-term care and rehabilitation services,#N/A,Physical therapy clinic,"QC Future Ready dashboard, Long-term care and rehabilitation services","jdc building, blk. 5, lot 9, zabarte road , hobart village, kaligayahan, quezon city, ncr, 1124, Philippines",14.7360599,121.0476525,9:00AM,6:00PM
545,bungad,dmr psychological services inc.,"unit 3a 3rd floor, the west wing building, 107 west avenue, n/a, bungad, quezon city, ncr, 1105",1,Long-term care and rehabilitation services,#N/A,Psychological clinic,"QC Future Ready dashboard, Long-term care and rehabilitation services","unit 3a 3rd floor, the west wing building, 107 west avenue, n/a, bungad, quezon city, ncr, 1105, Philippines",14.65065522,121.0287362,8:00AM,5:00PM
546,sta. teresita,bridges - child dev't programme therapy center,"unit i j m 2nd & 3rd flr., 135, mayon st, sta. teresita, quezon city, ncr, 1114",1,Long-term care and rehabilitation services,#N/A,Therapeutic clinic,"QC Future Ready dashboard, Long-term care and rehabilitation services","unit i j m 2nd & 3rd Floor, 135, mayon st, sta. teresita, quezon city, ncr, 1114, Philippines",#N/A,#N/A,8:00AM,6:00PM
547,del monte,ab child developmental therapy center,"c4 , srf bldg, 1038, san francisco del monte ave., paraiso, quezon city, ncr, 1104",1,Long-term care and rehabilitation services,#N/A,Physical/occupational therapy school,"QC Future Ready dashboard, Long-term care and rehabilitation services","c4 , srf bldg, 1038, san francisco del monte Avenue, paraiso, quezon city, ncr, 1104, Philippines",14.64047855,121.0172814,8:00AM,5:00PM
548,bagong pag-asa,good grounds spa ventures corp.,"room 817 & 818, park inn by radisson hotel, sm city north edsa, bagong pag-asa, quezon city, ncr, 1105",1,Long-term care and rehabilitation services,#N/A,Therapeutic clinic,"QC Future Ready dashboard, Long-term care and rehabilitation services","room 817 & 818, park inn by radisson hotel, sm city north edsa, bagong pag-asa, quezon city, ncr, 1105, Philippines",14.655935,121.032992,12:00PM,9:00PM
549,obrero,jeenie beyond beauty inc.,"arcade 9, 68 roces, roces ave., obrero, quezon city, ncr, 1103",4,Long-term care and rehabilitation services,#N/A,Therapeutic clinic,"QC Future Ready dashboard, Long-term care and rehabilitation services","arcade 9, 68 roces, roces Avenue, obrero, quezon city, ncr, 1103, Philippines",14.6283,121.03,9:00AM,9:00PM
550,ramon magsaysay,kryptonite massage spa service,"space 203, 2nd flr., no. 2 congressional ave. , ramon magsaysay, quezon city, ncr, 1105",1,Long-term care and rehabilitation services,#N/A,Therapeutic clinic,"QC Future Ready dashboard, Long-term care and rehabilitation services","space 203, 2nd Floor, 2 congressional Avenue , ramon magsaysay, quezon city, ncr, 1105, Philippines",14.66986281,121.036088,12:00AM,12:00AM
551,west triangle,les cheveux salon and spa,"# 68, west ave., west triangle, quezon city, ncr, 1104",1,Long-term care and rehabilitation services,#N/A,Therapeutic clinic,"QC Future Ready dashboard, Long-term care and rehabilitation services","# 68, west Avenue, west triangle, quezon city, ncr, 1104, Philippines",14.64260457,121.0270928,8:00AM,5:00PM
552,katipunan,little lane therapy corp. ,"134, katipunan ave., st. ignatius, quezon city, ncr, 1110",3,Long-term care and rehabilitation services,#N/A,Physical/occupational therapy school,"QC Future Ready dashboard, Long-term care and rehabilitation services","134, katipunan Avenue, Street ignatius, quezon city, ncr, 1110, Philippines",14.61289178,121.0705055,9:00AM,5:00PM
553,sto. domingo,l.a.r.o. therapy center,"unit 4 , sto. domingo bldg. , #4 sto. domingo st. , sto. domingo, quezon city, ncr, 1114",1,Long-term care and rehabilitation services,#N/A,Physical/occupational therapy school,"QC Future Ready dashboard, Long-term care and rehabilitation services","unit 4 , sto. domingo Building , #4 sto. domingo Street , sto. domingo, quezon city, ncr, 1114, Philippines",14.62692002,121.01099,8:00AM,5:00PM
554,bagong pag-asa,createch wellness corp.,"level 3 space # r3-l3-031, ayala vertis, north cor. north ave., bagong pag-asa, quezon city, ncr, 1105",1,Long-term care and rehabilitation services,#N/A,Therapeutic clinic,"QC Future Ready dashboard, Long-term care and rehabilitation services","level 3 space # r3-l3-031, ayala vertis, north corner north Avenue, bagong pag-asa, quezon city, ncr, 1105, Philippines",14.65511745,121.0325613,11:00AM,8:00PM
555,#N/A,growing abilities & bridging aspirations of youths therapy center,"unit 3b, g place, 30 maginhawa st, up village, quezon city, ncr, 1101",4,Long-term care and rehabilitation services,#N/A,Physical/occupational therapy school,"QC Future Ready dashboard, Long-term care and rehabilitation services","unit 3b, g place, 30 maginhawa st, up village, quezon city, ncr, 1101, Philippines",14.65053548,121.0565533,8:00AM,6:00PM
556,paltok,"therapies for life clinic, inc.","g/f unit 110, westria residences, 77 west ave., paltok, quezon city, ncr, 1105",1,Long-term care and rehabilitation services,#N/A,Therapeutic clinic,"QC Future Ready dashboard, Long-term care and rehabilitation services","g/f unit 110, westria residences, 77 west Avenue, paltok, quezon city, ncr, 1105, Philippines",14.646701,121.027865,8:00AM,8:00PM
557,fairview,"eagle rock dialysis & wellness center, inc.","17, dart st. cor. camaro st., fairview park subd., fairview, quezon city, ncr, 1118",5,Long-term care and rehabilitation services,#N/A,Therapeutic clinic,"QC Future Ready dashboard, Long-term care and rehabilitation services","17, dart Street corner camaro Street, fairview park Subdivision, fairview, quezon city, ncr, 1118, Philippines",14.70524002,121.071575,8:00AM,5:00PM
558,roxas,li'l scouts therapy center,"244, sct. chuatoco, roxas, quezon city, ncr, 1103",4,Long-term care and rehabilitation services,#N/A,Physical therapy clinic,"QC Future Ready dashboard, Long-term care and rehabilitation services","244, sct. chuatoco, roxas, quezon city, ncr, 1103, Philippines",14.62767971,121.0282367,9:00AM,5:00PM
559,bungad,dmr psychological services inc.,"unit 3a 3rd floor, the west wing building, 107 west avenue, n/a, bungad, quezon city, ncr, 1105",1,Long-term care and rehabilitation services,#N/A,Psychological clinic,"QC Future Ready dashboard, Long-term care and rehabilitation services","unit 3a 3rd floor, the west wing building, 107 west avenue, n/a, bungad, quezon city, ncr, 1105, Philippines",14.65065522,121.0287362,8:00AM,5:00PM
560,bagong lipunan ng crame,ram-ce psychological & diagnostic center inc.,"#1-b, medina bldg.  3rd ave. cor.,, b. serrano ave, bagong lipunan ng crame, quezon city, ncr, 1111",4,Long-term care and rehabilitation services,#N/A,Psychological clinic,"QC Future Ready dashboard, Long-term care and rehabilitation services","#1-b, medina Building 3rd Avenue corner, b. serrano ave, bagong lipunan ng crame, quezon city, ncr, 1111, Philippines",14.61041249,121.0531287,8:00AM,5:00PM
561,bungad,dmr psychological services,"unit 3b 3/f, west wing bldg, #107 west ave., bungad, quezon city, ncr, 1105",1,Long-term care and rehabilitation services,#N/A,Psychological clinic,"QC Future Ready dashboard, Long-term care and rehabilitation services","unit 3b 3/f, west wing bldg, #107 west Avenue, bungad, quezon city, ncr, 1105, Philippines",14.65065522,121.0287362,8:00AM,5:00PM
562,katipunan,os habitares corp.,"2nd flr linear bldg., no. 142 katipunan ave, st. ignatius, quezon city, ncr, 1110",3,Long-term care and rehabilitation services,#N/A,Rehabilitation clinic | physical therapy clinic,"QC Future Ready dashboard, Long-term care and rehabilitation services","2nd flr linear Building, 142 katipunan ave, Street ignatius, quezon city, ncr, 1110, Philippines",14.7060907,121.0213671,8:00AM,5:00PM
563,sto. cristo,visionaries massage & accutherapy center inc.,"511, northlink, sm city north edsa, sto. cristo, quezon city, ncr, 1105",1,Long-term care and rehabilitation services,#N/A,Therapeutic clinic,"QC Future Ready dashboard, Long-term care and rehabilitation services","511, northlink, sm city north edsa, sto. cristo, quezon city, ncr, 1105, Philippines",14.656541,121.0302921,10:00AM,10:00PM
564,tandang sora,brightkids speech and occupational rehabilitation center,"483-b, tandang sora avenue, tandang sora, quezon city, ncr, 1116",6,Long-term care and rehabilitation services,#N/A,Physical/occupational therapy school,"QC Future Ready dashboard, Long-term care and rehabilitation services","483-b, tandang sora avenue, tandang sora, quezon city, ncr, 1116, Philippines",14.67649233,121.03802,8:00AM,5:00PM
565,sacred heart,"childrens innovative therapeutic intervention specialists, inc.","5, tomas morato ave., sacred heart, quezon city, ncr, 1103",4,Long-term care and rehabilitation services,#N/A,Therapeutic clinic,"QC Future Ready dashboard, Long-term care and rehabilitation services","5, tomas morato Avenue, sacred heart, quezon city, ncr, 1103, Philippines",14.63201548,121.0347192,8:00AM,5:00PM
566,sikatuna village,travel aide and physical therapy services,"60, mahiyain st., sikatuna village, quezon city, ncr, 1101",4,Long-term care and rehabilitation services,#N/A,Physical therapy clinic,"QC Future Ready dashboard, Long-term care and rehabilitation services","60, mahiyain Street, sikatuna village, quezon city, ncr, 1101, Philippines",14.64077178,121.0601117,9:00AM,6:00PM
567,lourdes,philippine orthopedic center-rehabilitation medicine specialists co. (poc-rms),"78a, department of rehab med, ma. clara cor. banawe sts., lourdes, quezon city, ncr, 1114",1,Long-term care and rehabilitation services,#N/A,Physical therapy clinic,"QC Future Ready dashboard, Long-term care and rehabilitation services","78a, department of rehab med, ma. clara corner banawe sts., lourdes, quezon city, ncr, 1114, Philippines",14.6274399,121.0042697,8:00AM,5:00PM
568,central,neung thai foot and body massage,"18, matalino, central, quezon city, ncr, 1100",4,Long-term care and rehabilitation services,#N/A,Therapeutic clinic,"QC Future Ready dashboard, Long-term care and rehabilitation services","18, matalino, central, quezon city, ncr, 1100, Philippines",#N/A,#N/A,12:00PM,10:00PM
569,quirino 2b,jrt home care service,"07, langka st., quirino 2b, quezon city, ncr, 1102",3,Long-term care and rehabilitation services,#N/A,Psychiatric rehabilitation center,"QC Future Ready dashboard, Long-term care and rehabilitation services","07, langka Street, quirino 2b, quezon city, ncr, 1102, Philippines",14.634064,121.0621652,8:00AM,5:00PM
570,mariana,msquare myotherapy & rehab clinic,"#110, 11th st., mariana, quezon city, ncr, 1112",4,Long-term care and rehabilitation services,#N/A,Rehabilitation clinic,"QC Future Ready dashboard, Long-term care and rehabilitation services","#110, 11th Street, mariana, quezon city, ncr, 1112, Philippines",14.62354261,121.0349095,8:00AM,5:00PM
571,bahay toro,bricks developmental learning center,"#3-b, calla lily st., bahay toro, quezon city, ncr, 1106",1,Long-term care and rehabilitation services,#N/A,Therapeutic clinic,"QC Future Ready dashboard, Long-term care and rehabilitation services","#3-b, calla lily Street, bahay toro, quezon city, ncr, 1106, Philippines",14.6703104,121.033011,8:00AM,5:00PM
572,quirino 2b,jrt home care service,"07, langka st., quirino 2b, quezon city, ncr, 1102",3,Long-term care and rehabilitation services,#N/A,Psychiatric rehabilitation center,"QC Future Ready dashboard, Long-term care and rehabilitation services","07, langka Street, quirino 2b, quezon city, ncr, 1102, Philippines",14.634064,121.0621652,8:00AM,5:00PM
573,bagong pag-asa,friends therapy center inc.,"unit 105, vien plaza building, no 13, road 13, bagong pag-asa, quezon city, ncr, 1105",1,Long-term care and rehabilitation services,#N/A,Physical/occupational therapy school,"QC Future Ready dashboard, Long-term care and rehabilitation services","unit 105, vien plaza building, no 13, road 13, bagong pag-asa, quezon city, ncr, 1105, Philippines",14.66020009,121.0354568,9:00AM,5:00PM
574,bahay toro,connecting bridges child services inc.,"unit 21, 2nd flr. wilcon city center, no. 121 visayas ave., bahay toro, quezon city, ncr, 1106",1,Long-term care and rehabilitation services,#N/A,Therapeutic clinic,"QC Future Ready dashboard, Long-term care and rehabilitation services","unit 21, 2nd Floor wilcon city center, 121 visayas Avenue, bahay toro, quezon city, ncr, 1106, Philippines",14.666404,121.042691,8:00AM,5:00PM
575,paraiso,"aba learning diversity therapy center, inc.","105, roosevelt avenue, sfdm, paraiso, quezon city, ncr, 1104",1,Long-term care and rehabilitation services,#N/A,Physical/occupational therapy school,"QC Future Ready dashboard, Long-term care and rehabilitation services","105, roosevelt avenue, sfdm, paraiso, quezon city, ncr, 1104, Philippines",14.63778485,121.0178423,8:00AM,6:00PM
576,pasong tamo,ozonmed wellness clinic inc.,"2nd flr, glory to god bldg., sampaguita ave. cor narra st. , mapayapa village iii, pasong tamo, quezon city, ncr, 1107",6,Long-term care and rehabilitation services,#N/A,Physical therapy clinic,"QC Future Ready dashboard, Long-term care and rehabilitation services","2nd flr, glory to god Building, sampaguita Avenue corner narra Street , mapayapa village iii, pasong tamo, quezon city, ncr, 1107, Philippines",14.682093,121.05884,8:00AM,8:00PM
577,pinyahan,marpe medical rehab center inc.,"rm 801 8th floor, malakas suites, 88 malakas st. diliman, pinyahan, quezon city, ncr, 1100",4,Long-term care and rehabilitation services,#N/A,Rehabilitation clinic,"QC Future Ready dashboard, Long-term care and rehabilitation services","rm 801 8th floor, malakas suites, 88 malakas Street diliman, pinyahan, quezon city, ncr, 1100, Philippines",14.63813357,121.0482163,8:00AM,6:00PM
578,ugong norte,whealthcare systems opc,"stall #3 and 4, greenmeadows park, lovebird street, greenmeadows i, ugong norte, quezon city, ncr, 1110",3,Long-term care and rehabilitation services,#N/A,Physical therapy clinic,"QC Future Ready dashboard, Long-term care and rehabilitation services","stall #3 and 4, greenmeadows park, lovebird street, greenmeadows i, ugong norte, quezon city, ncr, 1110, Philippines",14.596,121.067,8:00AM,10:00PM
579,doña josefa,4ts psychological services,"18, kitanlad st, doña josefa, quezon city, ncr, 1113",4,Long-term care and rehabilitation services,#N/A,Psychological clinic,"QC Future Ready dashboard, Long-term care and rehabilitation services","18, kitanlad st, doña josefa, quezon city, ncr, 1113, Philippines",14.61905536,121.0065518,8:00AM,5:00PM
580,south triangle,walcher health and wellness corporation,"2nd flr. , unit 2h pos bldg., 305 tomas morato ave. , south triangle, quezon city, ncr, 1109",4,Long-term care and rehabilitation services,#N/A,Therapeutic clinic,"QC Future Ready dashboard, Long-term care and rehabilitation services","2nd Floor , unit 2h pos Building, 305 tomas morato Avenue , south triangle, quezon city, ncr, 1109, Philippines",14.63573799,121.03526,8:00AM,5:00PM
581,san jose,childcore therapy center,"c1, urban oasis residences, 431 a. bonifacio avenue, san jose , quezon city, ncr, 1115",1,Long-term care and rehabilitation services,#N/A,Physical/occupational therapy school,"QC Future Ready dashboard, Long-term care and rehabilitation services","c1, urban oasis residences, 431 a. bonifacio avenue, san jose , quezon city, ncr, 1115, Philippines",14.64055436,120.9923814,8:00AM,5:00PM
582,sto. domingo,asn physical therapy and wellness center  (opc),"4, sto domingo bldg. , santo domingo ave., sto. domingo, quezon city, ncr, 1114",1,Long-term care and rehabilitation services,#N/A,Physical therapy clinic,"QC Future Ready dashboard, Long-term care and rehabilitation services","4, sto domingo Building , santo domingo Avenue, sto. domingo, quezon city, ncr, 1114, Philippines",14.63030653,121.0081155,8:00AM,8:00PM
583,kaligayahan,mobilitypro physical therapy clinic,"4th floor rm. 4 and 5, tobit bldg, zabarte road, kaligayahan, quezon city, ncr, 1124",5,Long-term care and rehabilitation services,#N/A,Physical therapy clinic,"QC Future Ready dashboard, Long-term care and rehabilitation services","4th floor Room 4 and 5, tobit bldg, zabarte road, kaligayahan, quezon city, ncr, 1124, Philippines",14.73724348,121.0474823,9:00AM,6:00PM
584,south triangle,traumatology institute and psychological services,"unit a-c and f-g 11th floor, triumph square building, 1618 quezon avenue, south triangle, quezon city, ncr, 1103",4,Long-term care and rehabilitation services,#N/A,Psychological clinic,"QC Future Ready dashboard, Long-term care and rehabilitation services","unit a-c and f-g 11th floor, triumph square building, 1618 quezon avenue, south triangle, quezon city, ncr, 1103, Philippines",14.64061472,121.0319211,8:30AM,5:00PM
585,sta. teresita,fitness physical therapy corporation,"unit g 2/f 135, albealand corporation, mayon, sta. mesa heights, sta. teresita, quezon city, ncr, 1114",1,Long-term care and rehabilitation services,#N/A,Physical therapy clinic,"QC Future Ready dashboard, Long-term care and rehabilitation services","unit g 2/f 135, albealand corporation, mayon, sta. mesa heights, sta. teresita, quezon city, ncr, 1114, Philippines",14.6205,120.999,8:00AM,5:00PM
586,commonwealth,high 10 therapy center,"2nd flr., berkeley square, 869 commonwealth ave., matandang balara, quezon city, ncr, 1119",3,Long-term care and rehabilitation services,#N/A,Therapeutic clinic,"QC Future Ready dashboard, Long-term care and rehabilitation services","2nd Floor, berkeley square, 869 commonwealth Avenue, matandang balara, quezon city, ncr, 1119, Philippines",14.66987863,121.0771209,8:00AM,6:30PM
587,sangandaan,allied international medical inc.,"lot 3-4 blk 2, vipra street, sangandaan, quezon city, ncr, 1116",6,Long-term care and rehabilitation services,#N/A,Physical therapy clinic,"QC Future Ready dashboard, Long-term care and rehabilitation services","lot 3-4 blk 2, vipra street, sangandaan, quezon city, ncr, 1116, Philippines",14.6787975,121.0182506,9:00AM,6:00PM
588,paligsahan,wunderkids health group corp.,"4th flr. unit 401, block s53, lot b, 3 sct. gandia, paligsahan, quezon city, ncr, 1103",4,Long-term care and rehabilitation services,#N/A,Therapeutic clinic,"QC Future Ready dashboard, Long-term care and rehabilitation services","4th Floor unit 401, block s53, lot b, 3 sct. gandia, paligsahan, quezon city, ncr, 1103, Philippines",14.63267009,121.0306306,8:00AM,7:00PM
589,valencia,acuholistic health center,"unit no. ug-08, winland tower residences , 39 granada street cor. valencia street, valencia, quezon city, ncr, 1112",4,Long-term care and rehabilitation services,#N/A,Physical therapy clinic,"QC Future Ready dashboard, Long-term care and rehabilitation services","unit ug-08, winland tower residences , 39 granada street corner valencia street, valencia, quezon city, ncr, 1112, Philippines",14.6124722,121.0354737,9:30AM,4:30AM
590,del monte,ace water health & spa center inc.,"399, del monte ave., manresa, quezon city, ncr, 1115",1,Long-term care and rehabilitation services,#N/A,Therapeutic clinic,"QC Future Ready dashboard, Long-term care and rehabilitation services","399, del monte Avenue, manresa, quezon city, ncr, 1115, Philippines",14.63860502,121.0018926,8:00AM,5:00PM
591,sto. domingo,asn physical therapy and wellness center  (opc),"4, sto domingo bldg. , santo domingo ave., sto. domingo, quezon city, ncr, 1114",1,Long-term care and rehabilitation services,#N/A,Physical therapy clinic,"QC Future Ready dashboard, Long-term care and rehabilitation services","4, sto domingo Building , santo domingo Avenue, sto. domingo, quezon city, ncr, 1114, Philippines",14.63030653,121.0081155,8:00AM,8:00PM
592,bagumbayan,all ways therapy center corp.,"unit i29-i30, the strip at circulo verde, calle industria, bagumbayan, quezon city, ncr, 1110",3,Long-term care and rehabilitation services,#N/A,Physical/occupational therapy school,"QC Future Ready dashboard, Long-term care and rehabilitation services","unit i29-i30, the strip at circulo verde, calle industria, bagumbayan, quezon city, ncr, 1110, Philippines",14.6068,121.08,8:00AM,5:00PM
593,mariana,sunshine.com inc.,"95, 4th st., mariana, quezon city, ncr, 1112",4,Long-term care and rehabilitation services,#N/A,Psychiatric rehabilitation center,"QC Future Ready dashboard, Long-term care and rehabilitation services","95, 4th Street, mariana, quezon city, ncr, 1112, Philippines",14.6148453,121.0324411,8:00AM,5:00PM
594,central,healot biomekaniks inc.,"first floor, pitahc, matapang, east avenue medical center compound, central, quezon city, ncr, 1100",4,Long-term care and rehabilitation services,#N/A,Physical therapy clinic,"QC Future Ready dashboard, Long-term care and rehabilitation services","first floor, pitahc, matapang, east avenue medical center compound, central, quezon city, ncr, 1100, Philippines",14.64286712,121.0473656,8:00AM,5:00PM
595,commonwealth,enhanced mobility physical therapy clinic,"unit 306 3rd flr., jocfer building, commonwealth avenue, holy spirit, quezon city, ncr, 1127",2,Long-term care and rehabilitation services,#N/A,Physical therapy clinic,"QC Future Ready dashboard, Long-term care and rehabilitation services","unit 306 3rd Floor, jocfer building, commonwealth avenue, holy spirit, quezon city, ncr, 1127, Philippines",14.6728,121.07896,9:00AM,6:00PM
596,maharlika,the learning canvas co.,"unit-b 2nd flr.  197, d. tuazon st., sta. mesa heights, maharlika, quezon city, ncr, 1114",1,Long-term care and rehabilitation services,#N/A,Physical/occupational therapy school,"QC Future Ready dashboard, Long-term care and rehabilitation services","unit-b 2nd Floor 197, d. tuazon Street, sta. mesa heights, maharlika, quezon city, ncr, 1114, Philippines",14.63391199,120.997558,8:00AM,5:00PM
597,talipapa,eonsegen corp.,"unit d211 3rd floor,  q square lifestyle center, 375 quirino highway, talipapa, quezon city, ncr, 1116",6,Long-term care and rehabilitation services,#N/A,Therapeutic clinic,"QC Future Ready dashboard, Long-term care and rehabilitation services","unit d211 3rd floor, q square lifestyle center, 375 quirino highway, talipapa, quezon city, ncr, 1116, Philippines",14.680623,121.019119,9:00AM,3:00AM
598,bagong pag-asa,scottland inc.,"space 307293, trinoma edsa cor, bagong pag-asa, quezon city, ncr, 1105",1,Long-term care and rehabilitation services,#N/A,Therapeutic clinic,"QC Future Ready dashboard, Long-term care and rehabilitation services","space 307293, trinoma edsa corner, bagong pag-asa, quezon city, ncr, 1105, Philippines",14.6608,121.033,8:00AM,8:00PM
599,socorro,thriving minds learning center,"g-06-a, regalia park towers, 150 p. tuazon ave., cubao, socorro, quezon city, ncr, 1109",3,Long-term care and rehabilitation services,#N/A,Physical/occupational therapy school,"QC Future Ready dashboard, Long-term care and rehabilitation services","g-06-a, regalia park towers, 150 p. tuazon Avenue, cubao, socorro, quezon city, ncr, 1109, Philippines",14.615977,121.053503,8:00AM,5:00PM
600,sta. teresita,bofill psychological services inc.,"sf01 one mayon place, mayon st., sta. teresita, quezon city, ncr, 1114",1,Long-term care and rehabilitation services,#N/A,Psychological clinic,"QC Future Ready dashboard, Long-term care and rehabilitation services","sf01 one mayon place, mayon Street, sta. teresita, quezon city, ncr, 1114, Philippines",#N/A,#N/A,8:00AM,5:00PM
601,maharlika,aspire in motion play therapy center opc,"unit 2 2nd floor 172 , d. tuazon st , sta. mesa heights , maharlika, quezon city, ncr, 1114",1,Long-term care and rehabilitation services,#N/A,Rehabilitation clinic,"QC Future Ready dashboard, Long-term care and rehabilitation services","unit 2 2nd floor 172 , d. tuazon st , sta. mesa heights , maharlika, quezon city, ncr, 1114, Philippines",14.63395536,120.9976695,9:00AM,5:00PM
602,pinyahan,marpe medical rehab center inc.,"rm 801 8th floor, malakas suites, 88 malakas st. diliman, pinyahan, quezon city, ncr, 1100",4,Long-term care and rehabilitation services,#N/A,Rehabilitation clinic,"QC Future Ready dashboard, Long-term care and rehabilitation services","rm 801 8th floor, malakas suites, 88 malakas Street diliman, pinyahan, quezon city, ncr, 1100, Philippines",14.63813357,121.0482163,8:00AM,6:00PM
603,paang bundok,cudiamat medical c0rp.,"165, labo st.  la loma, paang bundok, quezon city, ncr, 1114",1,Long-term care and rehabilitation services,#N/A,Therapeutic clinic,"QC Future Ready dashboard, Long-term care and rehabilitation services","165, labo Street la loma, paang bundok, quezon city, ncr, 1114, Philippines",14.629017,120.9914375,8:00AM,5:00PM
604,fairview,backinline posture clinics corporation,"ax3 234 upper groundfloor, sm city fairview, quirino hiway corner regalado avenue, greater lagro, quezon city, ncr, 1100",5,Long-term care and rehabilitation services,#N/A,Physical therapy clinic,"QC Future Ready dashboard, Long-term care and rehabilitation services","ax3 234 upper groundfloor, sm city fairview, quirino hiway corner regalado avenue, greater lagro, quezon city, ncr, 1100, Philippines",14.73536219,121.0609478,10:00AM,9:00PM
605,kristong hari,p47 physiotherapy center,"unit 303-304 3rd flr., hemady square,  #86 doña hemady st. cor. e. rodriguez st. ave., kristong hari, quezon city, ncr, 1112",4,Long-term care and rehabilitation services,#N/A,Physical therapy clinic,"QC Future Ready dashboard, Long-term care and rehabilitation services","unit 303-304 3rd Floor, hemady square, #86 doña hemady Street corner e. rodriguez Street Avenue, kristong hari, quezon city, ncr, 1112, Philippines",14.62399008,121.031502,10:00PM,7:00PM
606,bagumbayan,peak physical therapy & scoliosis center corp.,"space a , one orchard eastwood city cyberpark, 188, e. rodriguez jr. avenue, bagumbayan, quezon city, ncr, 1110",3,Long-term care and rehabilitation services,#N/A,Physical therapy clinic,"QC Future Ready dashboard, Long-term care and rehabilitation services","space a , one orchard eastwood city cyberpark, 188, e. rodriguez jr. avenue, bagumbayan, quezon city, ncr, 1110, Philippines",14.60621102,121.079558,8:00AM,5:00PM
607,gulod,vtr ventures inc.,"bldg 4 doors 1 & 16-17, del nacia bldg.,, forest hill drive, gulod, quezon city, ncr, 1117",5,Long-term care and rehabilitation services,#N/A,Physical/occupational therapy school,"QC Future Ready dashboard, Long-term care and rehabilitation services","bldg 4 doors 1 & 16-17, del nacia Building, forest hill drive, gulod, quezon city, ncr, 1117, Philippines",14.71633229,121.0421831,8:00AM,5:00PM
608,#N/A,aba limitless' discovery' therapy center,"room 201, bbb property rental, #22 purdue st., e. rodriguez, quezon city, ncr, 1102",3,Long-term care and rehabilitation services,#N/A,Physical/occupational therapy school,"QC Future Ready dashboard, Long-term care and rehabilitation services","room 201, bbb property rental, #22 purdue Street, e. rodriguez, quezon city, ncr, 1102, Philippines",14.6271309,121.0527052,8:00AM,5:00PM
609,nayong kanluran,kg therapy recovery clinic,"13b, west avenue, nayong kanluran, quezon city, ncr, 1125",1,Long-term care and rehabilitation services,#N/A,Physical therapy clinic,"QC Future Ready dashboard, Long-term care and rehabilitation services","13b, west avenue, nayong kanluran, quezon city, ncr, 1125, Philippines",14.63873502,121.0259828,10:00AM,8:00PM
610,batasan hills,skyderm aesthetic and wellness services,"unit 214, royale place mall, don antonio drive, batasan hills, quezon city, ncr, 1119",2,Long-term care and rehabilitation services,#N/A,Therapeutic clinic,"QC Future Ready dashboard, Long-term care and rehabilitation services","unit 214, royale place mall, don antonio drive, batasan hills, quezon city, ncr, 1119, Philippines",14.6661458,121.0830185,11:00AM,7:00PM
611,bungad,cms-asia sports therapy clinic,"#93, mpire center, west ave., bungad, quezon city, ncr, 1104",1,Long-term care and rehabilitation services,#N/A,Therapeutic clinic,"QC Future Ready dashboard, Long-term care and rehabilitation services","#93, mpire center, west Avenue, bungad, quezon city, ncr, 1104, Philippines",14.65140831,121.0291156,8:00AM,5:00PM
612,south triangle,sanshaiwellnessspa massage service,"unit 107, unit bayo condotel, no.6 scout bayoran st. corner scout tuazon st., south triangle, quezon city, ncr, 1103",4,Long-term care and rehabilitation services,#N/A,Therapeutic clinic,"QC Future Ready dashboard, Long-term care and rehabilitation services","unit 107, unit bayo condotel, 6 scout bayoran Street corner scout tuazon Street, south triangle, quezon city, ncr, 1103, Philippines",14.63829828,121.0339461,9:00AM,9:00PM
613,south triangle,physio rehability services corporation,"unit s-08 , il terrazzo, tomas morato cor. scout madriñan, south triangle, quezon city, ncr, 1103",4,Long-term care and rehabilitation services,#N/A,Physical therapy clinic,"QC Future Ready dashboard, Long-term care and rehabilitation services","unit s-08 , il terrazzo, tomas morato corner scout madriñan, south triangle, quezon city, ncr, 1103, Philippines",14.63587608,121.0355996,9:00AM,6:00PM
614,tandang sora,"aba learning & development therapy center, inc.","127 , jayvee commercial building, lot b, tandang sora avenue, pasong tamo, quezon city, ncr, 1107",6,Long-term care and rehabilitation services,#N/A,Physical/occupational therapy school,"QC Future Ready dashboard, Long-term care and rehabilitation services","127 , jayvee commercial building, lot b, tandang sora avenue, pasong tamo, quezon city, ncr, 1107, Philippines",14.6748593,121.0464282,8:00AM,5:00PM
615,socorro,buela physical therapy clinic corporation,"5r 6r 7r 8r g/f, manhattan parkway, aurora boulevard, socorro, quezon city, ncr, 1109",3,Long-term care and rehabilitation services,#N/A,Physical therapy clinic,"QC Future Ready dashboard, Long-term care and rehabilitation services","5r 6r 7r 8r g/f, manhattan parkway, aurora boulevard, socorro, quezon city, ncr, 1109, Philippines",14.62324247,121.0536846,8:00AM,5:00PM
616,mariana,bp performance inc.,"room 417-422 4th floor, p&s bldg, 717 aurora blvd, mariana, quezon city, ncr, 1112",4,Long-term care and rehabilitation services,#N/A,Physical therapy clinic,"QC Future Ready dashboard, Long-term care and rehabilitation services","room 417-422 4th floor, p&s bldg, 717 aurora blvd, mariana, quezon city, ncr, 1112, Philippines",14.61574522,121.037692,8:00AM,5:00PM
617,pasong putik proper,physiofirst health care clinic,"unit 209 second floor, christopher plaza building,, quirino highway, novaliches, pasong putik proper, quezon city, ncr, 1118",5,Long-term care and rehabilitation services,#N/A,Physical therapy clinic,"QC Future Ready dashboard, Long-term care and rehabilitation services","unit 209 second floor, christopher plaza building, quirino highway, novaliches, pasong putik proper, quezon city, ncr, 1118, Philippines",14.735578,121.065449,8:00AM,5:00PM
618,greater lagro,sports health and wellness international inc.,"l38, b57, misa de gallo st, lagro subdivision, greater lagro, quezon city, ncr, 1100",5,Long-term care and rehabilitation services,#N/A,Physical therapy clinic,"QC Future Ready dashboard, Long-term care and rehabilitation services","l38, b57, misa de gallo st, lagro subdivision, greater lagro, quezon city, ncr, 1100, Philippines",14.727017,121.0654899,9:00AM,4:00PM
619,matandang balara,rehub physical therapy and recovery clinic opc,"2f, celebrity sports plaza ,, capitol hills drive, matandang balara, quezon city, ncr, 1119",3,Long-term care and rehabilitation services,#N/A,Physical therapy clinic | rehabilitation clinic,"QC Future Ready dashboard, Long-term care and rehabilitation services","2f, celebrity sports plaza , capitol hills drive, matandang balara, quezon city, ncr, 1119, Philippines",14.6653977,121.0798589,8:00AM,8:00PM
620,kaunlaran,walkie talkie therapy center inc.,"762, aurora blvd. cor. manga road, kaunlaran, quezon city, ncr, 1111",4,Long-term care and rehabilitation services,#N/A,Physical therapy clinic,"QC Future Ready dashboard, Long-term care and rehabilitation services","762, aurora Boulevard corner manga road, kaunlaran, quezon city, ncr, 1111, Philippines",14.61812936,121.0415173,2:06PM,2:06PM
621,paraiso,"aba learning diversity therapy center, inc.","105, roosevelt avenue, sfdm, paraiso, quezon city, ncr, 1104",1,Long-term care and rehabilitation services,#N/A,Physical/occupational therapy school,"QC Future Ready dashboard, Long-term care and rehabilitation services","105, roosevelt avenue, sfdm, paraiso, quezon city, ncr, 1104, Philippines",14.63778485,121.0178423,8:00AM,6:00PM
622,bagong pag-asa,good grounds spa ventures corp.,"mu 262, north towers,, sm north edsa, bagong pag-asa, quezon city, ncr, 1105",1,Long-term care and rehabilitation services,#N/A,Therapeutic clinic,"QC Future Ready dashboard, Long-term care and rehabilitation services","mu 262, north towers, sm north edsa, bagong pag-asa, quezon city, ncr, 1105, Philippines",14.6608,121.033,10:00AM,9:00PM
623,kaunlaran,venus aesthetic inc.,"retail c7 c8 & c9, the magnolia residences, aurora blvd. cor. hemady st. cor. n. domingo st., kaunlaran, quezon city, ncr, 1111",4,Long-term care and rehabilitation services,#N/A,Therapeutic clinic,"QC Future Ready dashboard, Long-term care and rehabilitation services","retail c7 c8 & c9, the magnolia residences, aurora Boulevard corner hemady Street corner n. domingo Street, kaunlaran, quezon city, ncr, 1111, Philippines",14.61513942,121.0369146,9:00AM,9:00PM
624,south triangle,octarine physical therapy clinic,"37, scout borromeo , south triangle, quezon city, ncr, 1103",4,Long-term care and rehabilitation services,#N/A,Physical therapy clinic,"QC Future Ready dashboard, Long-term care and rehabilitation services","37, scout borromeo , south triangle, quezon city, ncr, 1103, Philippines",14.63720217,121.0341182,8:00AM,5:00PM
625,kamuning,gcr psychometrics center,"unit 303, jp yambao bldg, #52 kamuning road, kamuning, quezon city, ncr, 1103",4,Long-term care and rehabilitation services,#N/A,Psychological clinic,"QC Future Ready dashboard, Long-term care and rehabilitation services","unit 303, jp yambao bldg, #52 kamuning road, kamuning, quezon city, ncr, 1103, Philippines",14.6283386,121.0379957,8:00AM,5:00PM
626,roxas,medical direct medical clinic,"unit 5  , indg bldg. , 77 nicanor roxas st, sto. domingo, quezon city, ncr, 1113",1,Long-term care and rehabilitation services,#N/A,Physical therapy clinic,"QC Future Ready dashboard, Long-term care and rehabilitation services","unit 5 , indg Building , 77 nicanor roxas st, sto. domingo, quezon city, ncr, 1113, Philippines",14.62769111,121.0055183,8:00AM,5:00PM
627,bagong lipunan ng crame,"bridgesofhope (q.c.), inc.","#12, orestes lane, bagong lipunan ng crame, quezon city, ncr, 1111",4,Long-term care and rehabilitation services,#N/A,Rehabilitation clinic,"QC Future Ready dashboard, Long-term care and rehabilitation services","#12, orestes lane, bagong lipunan ng crame, quezon city, ncr, 1111, Philippines",14.61077538,121.0466161,8:00AM,5:00PM
628,south triangle,realign physiotherapy services,"7f, victoria sports tower station ii, edsa, south triangle, quezon city, ncr, 1103",4,Long-term care and rehabilitation services,#N/A,Physical therapy clinic,"QC Future Ready dashboard, Long-term care and rehabilitation services","7f, victoria sports tower station ii, edsa, south triangle, quezon city, ncr, 1103, Philippines",14.63475,121.04308,9:00AM,9:00PM
629,bahay toro,achieving independence and meaningful skill therapy center,"unit f, 3rd flr. , 38 general avenue, bahay toro, quezon city, ncr, 1106",1,Long-term care and rehabilitation services,#N/A,Physical therapy clinic,"QC Future Ready dashboard, Long-term care and rehabilitation services","unit f, 3rd Floor , 38 general avenue, bahay toro, quezon city, ncr, 1106, Philippines",14.67191209,121.0251722,9:00AM,6:00PM
630,south triangle,neuro psychological testing center,"03f-vir.24 , symphony tower 2, sgt. esguerra avenue, south triangle, quezon city, ncr, 1103",4,Long-term care and rehabilitation services,#N/A,Psychological clinic,"QC Future Ready dashboard, Long-term care and rehabilitation services","03f-vir.24 , symphony tower 2, sgt. esguerra avenue, south triangle, quezon city, ncr, 1103, Philippines",14.6342487,121.0388704,8:00PM,8:00PM
631,matandang balara,rehub physical therapy and recovery clinic opc,"2f, celebrity sports plaza ,, capitol hills drive, matandang balara, quezon city, ncr, 1119",3,Long-term care and rehabilitation services,#N/A,Physical therapy clinic | rehabilitation clinic,"QC Future Ready dashboard, Long-term care and rehabilitation services","2f, celebrity sports plaza , capitol hills drive, matandang balara, quezon city, ncr, 1119, Philippines",14.6653977,121.0798589,8:00AM,8:00PM
632,balingasa,skills at play therapy center inc.,"27, j. aquino cruz, balingasa, quezon city, ncr, 1115",1,Long-term care and rehabilitation services,#N/A,Physical therapy clinic,"QC Future Ready dashboard, Long-term care and rehabilitation services","27, j. aquino cruz, balingasa, quezon city, ncr, 1115, Philippines",14.65024375,121.0043049,8:00AM,5:00PM
633,e. rodriguez sr.,corexpert physical therapy center,"#1237, e. rodriguez sr. , kristong hari, quezon city, ncr, 1112",4,Long-term care and rehabilitation services,#N/A,Physical therapy clinic,"QC Future Ready dashboard, Long-term care and rehabilitation services","#1237, e. rodriguez sr. , kristong hari, quezon city, ncr, 1112, Philippines",14.62416941,121.0327254,8:00AM,5:00PM
634,paligsahan,bridgeway educational and therapy center,"room 401 4th floor, vd & s building , 59-b panay avenue , paligsahan, quezon city, ncr, 1103",4,Long-term care and rehabilitation services,#N/A,Physical/occupational therapy school,"QC Future Ready dashboard, Long-term care and rehabilitation services","room 401 4th floor, vd & s building , 59-b panay avenue , paligsahan, quezon city, ncr, 1103, Philippines",14.63496601,121.024757,8:00AM,5:00PM
635,sto. cristo,posturecare chiropractic solutions corporation,"cc304 3/f, sm city north edsa, north avenue corner edsa avenue, sto. cristo, quezon city, ncr, 1105",1,Long-term care and rehabilitation services,#N/A,Physical therapy clinic,"QC Future Ready dashboard, Long-term care and rehabilitation services","cc304 3/f, sm city north edsa, north avenue corner edsa avenue, sto. cristo, quezon city, ncr, 1105, Philippines",14.6558256,121.0294998,10:00AM,9:00PM
636,paligsahan,stridephysio physiotherapy services,"unit m11 mezzanine floor, victoria towers, #78 timog avenue cor panay avenue, paligsahan, quezon city, ncr, 1103",4,Long-term care and rehabilitation services,#N/A,Physical therapy clinic,"QC Future Ready dashboard, Long-term care and rehabilitation services","unit m11 mezzanine floor, victoria towers, #78 timog avenue corner panay avenue, paligsahan, quezon city, ncr, 1103, Philippines",14.63655049,121.0276028,9:00AM,6:00PM
637,#N/A,re-life physiotherapy services,"gf, anonas prime square building, 100 anonas street, project 3, quirino 3a, quezon city, ncr, 1102",3,Long-term care and rehabilitation services,#N/A,Physical therapy clinic,"QC Future Ready dashboard, Long-term care and rehabilitation services","gf, anonas prime square building, 100 anonas street, project 3, quirino 3a, quezon city, ncr, 1102, Philippines",14.6289,121.065,10:00AM,7:00PM
638,batasan hills,gaya aesthetic and wellness center,"unit 204-a, blk 7, lots 2  and 3, batasan-san mateo road , batasan hills, quezon city, ncr, 1126",2,Long-term care and rehabilitation services,#N/A,Physical therapy clinic,"QC Future Ready dashboard, Long-term care and rehabilitation services","unit 204-a, blk 7, lots 2 and 3, batasan-san mateo road , batasan hills, quezon city, ncr, 1126, Philippines",14.68179684,121.1073353,11:00AM,8:00PM
639,sacred heart,"life change recovery center, inc.","105, scout rallos street, sacred heart, quezon city, ncr, 1103",4,Long-term care and rehabilitation services,#N/A,Psychological clinic,"QC Future Ready dashboard, Long-term care and rehabilitation services","105, scout rallos street, sacred heart, quezon city, ncr, 1103, Philippines",14.63306898,121.0400703,9:00AM,6:00PM
640,central,psych profile center for psychological assessment services,"unit 401a, balgan place 3, 140 kalayaan avenue, central, quezon city, ncr, 1100",4,Long-term care and rehabilitation services,#N/A,Psychological clinic,"QC Future Ready dashboard, Long-term care and rehabilitation services","unit 401a, balgan place 3, 140 kalayaan avenue, central, quezon city, ncr, 1100, Philippines",14.64428875,121.0538586,8:00AM,5:00PM
641,south triangle,higher mind clinical institute incorporated,"unit 309a, south insula, timog ave, south triangle, quezon city, ncr, 1103",4,Long-term care and rehabilitation services,#N/A,Psychological clinic,"QC Future Ready dashboard, Long-term care and rehabilitation services","unit 309a, south insula, timog ave, south triangle, quezon city, ncr, 1103, Philippines",14.6348066,121.0362022,8:00AM,5:00PM
642,fairview,ac biomechanics physical therapy clinic,"unit 210 2/f, regalado hive bldg., regalado ave., fairview, quezon city, ncr, 1118",5,Long-term care and rehabilitation services,#N/A,Physical therapy clinic,"QC Future Ready dashboard, Long-term care and rehabilitation services","unit 210 2/f, regalado hive Building, regalado Avenue, fairview, quezon city, ncr, 1118, Philippines",14.699643,121.067794,9:00AM,7:00PM
643,central,psych profile center for psychological assessment services,"unit 401a, balgan place 3, 140 kalayaan avenue, central, quezon city, ncr, 1100",4,Long-term care and rehabilitation services,#N/A,Psychological clinic,"QC Future Ready dashboard, Long-term care and rehabilitation services","unit 401a, balgan place 3, 140 kalayaan avenue, central, quezon city, ncr, 1100, Philippines",14.64428875,121.0538586,8:00AM,5:00PM
644,holy spirit,three g playhub and therapy center,"unit 3-b , no. 70 holy spirit drive cor. paraluman st., isidora hills, holy spirit, quezon city, ncr, 1127",2,Long-term care and rehabilitation services,#N/A,Physical therapy clinic,"QC Future Ready dashboard, Long-term care and rehabilitation services","unit 3-b , 70 holy spirit drive corner paraluman Street, isidora hills, holy spirit, quezon city, ncr, 1127, Philippines",14.68348449,121.0781116,8:00AM,6:00PM
645,phil-am,springlife therapeutic community inc.,"122, west avenue, phil-am, quezon city, ncr, 1103",1,Long-term care and rehabilitation services,#N/A,Psychological clinic,"QC Future Ready dashboard, Long-term care and rehabilitation services","122, west avenue, phil-am, quezon city, ncr, 1103, Philippines",14.65030599,121.028995,9:00AM,5:00PM
646,bahay toro,active-pt cares physical therapy services,"g/f, northridge plaza, 12, congressional ave, bahay toro, quezon city, ncr, 1106",1,Long-term care and rehabilitation services,#N/A,Physical therapy clinic,"QC Future Ready dashboard, Long-term care and rehabilitation services","g/f, northridge plaza, 12, congressional ave, bahay toro, quezon city, ncr, 1106, Philippines",14.670708,121.039056,12:00AM,12:00AM
647,fairview,"fatima medical science foundation, inc.","block 87, lot 17 & 19, regalado ave., fairview, quezon city, ncr, 1121",5,Long-term care and rehabilitation services,#N/A,Rehabilitation clinic,"QC Future Ready dashboard, Long-term care and rehabilitation services","block 87, lot 17 & 19, regalado Avenue, fairview, quezon city, ncr, 1121, Philippines",14.70174359,121.0679922,8:00AM,5:00PM
648,vasra,bodylite center inc.,"g/f, jade palace, #33 visayas ave., vasra, quezon city, ncr, 1128",1,Long-term care and rehabilitation services,#N/A,Therapeutic clinic,"QC Future Ready dashboard, Long-term care and rehabilitation services","g/f, jade palace, #33 visayas Avenue, vasra, quezon city, ncr, 1128, Philippines",14.6600776,121.0444835,8:00AM,5:00PM
649,doña imelda,enst therapeutic clinic,"1, lantawan st. , doña imelda, quezon city, ncr, 1113",4,Long-term care and rehabilitation services,#N/A,Therapeutic clinic,"QC Future Ready dashboard, Long-term care and rehabilitation services","1, lantawan Street , doña imelda, quezon city, ncr, 1113, Philippines",14.608149,121.0188215,9:00AM,8:00PM
650,san roque,malay counseling and psychosocial service,"18-d, 6th camarilla street, san roque, quezon city, ncr, 1109",3,Long-term care and rehabilitation services,#N/A,Psychological clinic,"QC Future Ready dashboard, Long-term care and rehabilitation services","18-d, 6th camarilla street, san roque, quezon city, ncr, 1109, Philippines",14.61418619,121.0636176,10:00AM,5:00PM
651,bagumbayan,solid fundevmentals therapy center inc.,"unit a312 3rd flr., eastwood mall, orchard rd eastwood city, bagumbayan, quezon city, ncr, 1110",3,Long-term care and rehabilitation services,#N/A,Rehabilitation clinic,"QC Future Ready dashboard, Long-term care and rehabilitation services","unit a312 3rd Floor, eastwood mall, orchard rd eastwood city, bagumbayan, quezon city, ncr, 1110, Philippines",14.6109413,121.0802326,8:00AM,5:00PM
652,fairview,altiora ability  therapy and education center inc.,"unit b, block 9, lot 1, camaro street corner pearl drive, camaro villa, fairview, quezon city, ncr, 1118",5,Long-term care and rehabilitation services,#N/A,Physical/occupational therapy school,"QC Future Ready dashboard, Long-term care and rehabilitation services","unit b, block 9, lot 1, camaro street corner pearl drive, camaro villa, fairview, quezon city, ncr, 1118, Philippines",14.7090107,121.0716066,8:00PM,5:00PM
653,tandang sora,nextgen learning center,"712c, peace valley tandang sora, matandang balara, quezon city, ncr, 1119",3,Long-term care and rehabilitation services,#N/A,Physical/occupational therapy school,"QC Future Ready dashboard, Long-term care and rehabilitation services","712c, peace valley tandang sora, matandang balara, quezon city, ncr, 1119, Philippines",#N/A,#N/A,8:00AM,4:00PM
654,bahay toro,horizons of hope therapy center inc.,"2, wisdom st. , teresa village, bahay toro, quezon city, ncr, 1106",1,Long-term care and rehabilitation services,#N/A,Physical/occupational therapy school,"QC Future Ready dashboard, Long-term care and rehabilitation services","2, wisdom Street , teresa village, bahay toro, quezon city, ncr, 1106, Philippines",14.66627898,121.0403604,8:00AM,5:00PM
655,teachers village east,motion-line physical therapy clinic,"unit 3, 99 suite maginhawa bldg., maginhawa st., teachers village east, quezon city, ncr, 1101",4,Long-term care and rehabilitation services,#N/A,Physical therapy clinic,"QC Future Ready dashboard, Long-term care and rehabilitation services","unit 3, 99 suite maginhawa Building, maginhawa Street, teachers village east, quezon city, ncr, 1101, Philippines",14.63673248,121.0615109,9:00AM,9:00PM
656,tagumpay,gprime physiotherapy services ,"2f, metrolane complex, , p. tuazon cor. 20th ave., tagumpay, quezon city, ncr, 1109",3,Long-term care and rehabilitation services,#N/A,Physical therapy clinic,"QC Future Ready dashboard, Long-term care and rehabilitation services","2f, metrolane complex, p. tuazon corner 20th Avenue, tagumpay, quezon city, ncr, 1109, Philippines",14.62120159,121.0629855,9:00AM,5:00PM
657,manresa,the oracle physical rehabilitation inc.,"2nd flr. unit-1 , almar building, no. 60 mauban st. , manresa, quezon city, ncr, 1115",1,Long-term care and rehabilitation services,#N/A,Physical therapy clinic,"QC Future Ready dashboard, Long-term care and rehabilitation services","2nd Floor unit-1 , almar building, 60 mauban Street , manresa, quezon city, ncr, 1115, Philippines",14.64143102,121.000014,9:00AM,6:00PM
658,maharlika,rise and rehab incorporated,"3rd floor , 172, d. tuazon st, maharlika, quezon city, ncr, 1114",1,Long-term care and rehabilitation services,#N/A,Rehabilitation clinic,"QC Future Ready dashboard, Long-term care and rehabilitation services","3rd floor , 172, d. tuazon st, maharlika, quezon city, ncr, 1114, Philippines",14.63395536,120.9976695,8:00AM,5:00PM
659,katipunan,physioprime physiotherapy services,"b41 l1 elizabeth hall, katipunan avenue, loyola heights, quezon city, ncr, 1108",3,Long-term care and rehabilitation services,#N/A,Physical therapy clinic,"QC Future Ready dashboard, Long-term care and rehabilitation services","b41 l1 elizabeth hall, katipunan avenue, loyola heights, quezon city, ncr, 1108, Philippines",14.64682,121.07416,9:00AM,6:00PM
660,south triangle,little stars therapy center,"commercial unit 1 and 2, future point plaza , panay ave, south triangle, quezon city, ncr, 1103",4,Long-term care and rehabilitation services,#N/A,Physical/occupational therapy school,"QC Future Ready dashboard, Long-term care and rehabilitation services","commercial unit 1 and 2, future point plaza , panay ave, south triangle, quezon city, ncr, 1103, Philippines",14.63916,121.03209,9:00AM,5:00PM
661,pasong tamo,angel care custodial service,"102 int 3, san miguel vill, pasong tamo, quezon city, ncr, 1107",6,Long-term care and rehabilitation services,#N/A,Psychiatric rehabilitation center,"QC Future Ready dashboard, Long-term care and rehabilitation services","102 int 3, san miguel vill, pasong tamo, quezon city, ncr, 1107, Philippines",14.6757682,121.0461044,10:00AM,5:00PM
662,doña josefa,discovery den therapy and learning hub inc.,"unit 201, tc plaza no. 40, quezon ave., doña josefa, quezon city, ncr, 1113",4,Long-term care and rehabilitation services,#N/A,Physical/occupational therapy school,"QC Future Ready dashboard, Long-term care and rehabilitation services","unit 201, tc plaza 40, quezon Avenue, doña josefa, quezon city, ncr, 1113, Philippines",14.62195701,121.006657,8:00AM,8:00PM
663,e. rodriguez sr.,k&m wellness corporation,"unit 101 1706, rimando building ii, e. rodriguez sr. ave., immaculate concepcion, cubao , ncr, 1109",4,Long-term care and rehabilitation services,#N/A,Physical therapy clinic,"QC Future Ready dashboard, Long-term care and rehabilitation services","unit 101 1706, rimando building ii, e. rodriguez sr. Avenue, immaculate concepcion, cubao , ncr, 1109, Quezon City, Philippines",14.6240472,121.0429648,10:00AM,8:00PM
664,pinyahan,brightsteps learning and development center,"unit 4 34, matapang, pinyahan, quezon city, ncr, 1100",4,Long-term care and rehabilitation services,#N/A,Physical/occupational therapy school,"QC Future Ready dashboard, Long-term care and rehabilitation services","unit 4 34, matapang, pinyahan, quezon city, ncr, 1100, Philippines",14.6401576,121.0500757,8:00AM,5:00PM
665,tandang sora,"aba learning & development therapy center, inc.","127 , jayvee commercial building, lot b, tandang sora avenue, pasong tamo, quezon city, ncr, 1107",6,Long-term care and rehabilitation services,#N/A,Physical/occupational therapy school,"QC Future Ready dashboard, Long-term care and rehabilitation services","127 , jayvee commercial building, lot b, tandang sora avenue, pasong tamo, quezon city, ncr, 1107, Philippines",14.6748593,121.0464282,8:00AM,5:00PM
666,bahay toro,bricks developmental learning center,"#3-b, calla lily st., bahay toro, quezon city, ncr, 1106",1,Long-term care and rehabilitation services,#N/A,Therapeutic clinic,"QC Future Ready dashboard, Long-term care and rehabilitation services","#3-b, calla lily Street, bahay toro, quezon city, ncr, 1106, Philippines",14.6703104,121.033011,8:00AM,5:00PM
667,laging handa,primocare therapy center,"space 2 & 3 3/f, scout center bldg., 38 scout limbaga cor. 55 scout tobias, laging handa, quezon city, ncr, 1103",4,Long-term care and rehabilitation services,#N/A,Physical therapy clinic,"QC Future Ready dashboard, Long-term care and rehabilitation services","space 2 & 3 3/f, scout center Building, 38 scout limbaga corner 55 scout tobias, laging handa, quezon city, ncr, 1103, Philippines",14.6342308,121.0308413,8:00AM,5:00PM
668,milagrosa,primefil psychological services,"unit 814, emerald square , j. p rizal st, milagrosa, quezon city, ncr, 1109",3,Long-term care and rehabilitation services,#N/A,Psychological clinic,"QC Future Ready dashboard, Long-term care and rehabilitation services","unit 814, emerald square , j. p rizal st, milagrosa, quezon city, ncr, 1109, Philippines",14.62040068,121.0716828,8:00AM,5:00PM
669,fairview,"healing path foundation-hp, inc.","#11, jaguar st., fairview, quezon city, ncr, 1118",5,Long-term care and rehabilitation services,#N/A,Rehabilitation clinic,"QC Future Ready dashboard, Long-term care and rehabilitation services","#11, jaguar Street, fairview, quezon city, ncr, 1118, Philippines",14.70083642,121.0649416,8:00AM,5:00PM
670,project 6,nexus' physical rehabilitation center,"82, one mckinson building, road 3, project 6, quezon city, ncr, 1100",1,Long-term care and rehabilitation services,#N/A,Rehabilitation clinic,"QC Future Ready dashboard, Long-term care and rehabilitation services","82, one mckinson building, road 3, project 6, quezon city, ncr, 1100, Philippines",14.66479093,121.0402952,9:00AM,8:00PM
671,sacred heart,ccde centre for communication development and education,"unit c g/f, #39 scout ybardolaza st., sacred heart, quezon city, ncr, 1103",4,Long-term care and rehabilitation services,#N/A,Physical/occupational therapy school,"QC Future Ready dashboard, Long-term care and rehabilitation services","unit c g/f, #39 scout ybardolaza Street, sacred heart, quezon city, ncr, 1103, Philippines",14.63150151,121.0390316,5:00AM,8:00PM
672,#N/A,ls agile pt services opc,"unit 3c, st. martin building, 17 west point street, e. rodriguez, quezon city, ncr, 1102",3,Long-term care and rehabilitation services,#N/A,Physical therapy clinic,"QC Future Ready dashboard, Long-term care and rehabilitation services","unit 3c, Street martin building, 17 west point street, e. rodriguez, quezon city, ncr, 1102, Philippines",14.62575645,121.0512639,9:00AM,6:00PM
673,bahay toro,"haven of opportunities for people with exceptionalities (hope), inc.","35b, shorthorn street, project 8, bahay toro, quezon city, ncr, 1106",1,Long-term care and rehabilitation services,#N/A,Physical/occupational therapy school,"QC Future Ready dashboard, Long-term care and rehabilitation services","35b, shorthorn street, project 8, bahay toro, quezon city, ncr, 1106, Philippines",14.6666763,121.0210931,8:00AM,5:00PM
674,#N/A,aba limitless' discovery' therapy center,"room 201, bbb property rental, #22 purdue st., e. rodriguez, quezon city, ncr, 1102",3,Long-term care and rehabilitation services,#N/A,Physical/occupational therapy school,"QC Future Ready dashboard, Long-term care and rehabilitation services","room 201, bbb property rental, #22 purdue Street, e. rodriguez, quezon city, ncr, 1102, Philippines",14.6271309,121.0527052,8:00AM,5:00PM
675,sta. teresita,young abality therapy center,"ground floor mezzanine area ( bare type), mega one bldg, espana blvd. corner mayon st., sta. teresita, quezon city, ncr, 1114",1,Long-term care and rehabilitation services,#N/A,Physical/occupational therapy school,"QC Future Ready dashboard, Long-term care and rehabilitation services","ground floor mezzanine area ( bare type), mega one bldg, espana Boulevard corner mayon Street, sta. teresita, quezon city, ncr, 1114, Philippines",14.61800201,121.0016562,8:00AM,5:00PM
676,bahay toro,synergy advanced rehabilitation and wound care corp.,"144, congressional ave. project 8, bahay toro, quezon city, ncr, 1106",1,Long-term care and rehabilitation services,#N/A,Physical therapy clinic,"QC Future Ready dashboard, Long-term care and rehabilitation services","144, congressional Avenue project 8, bahay toro, quezon city, ncr, 1106, Philippines",14.66325289,121.0210085,9:00AM,6:00PM
677,#N/A,spa meraki opc,"mezzanine flr., coronet commercial  theatre building, imperial st. cubao, e. rodriguez, quezon city, ncr, 1102",3,Long-term care and rehabilitation services,#N/A,Therapeutic clinic,"QC Future Ready dashboard, Long-term care and rehabilitation services","mezzanine Floor, coronet commercial theatre building, imperial Street cubao, e. rodriguez, quezon city, ncr, 1102, Philippines",14.62603887,121.0518412,8:00AM,5:00PM
678,laging handa,movement lab health and wellness center corporation,"2-2d 2nd floor  , torre venezia condominium, 170 timog avenue cor. sct santiago st, laging handa, quezon city, ncr, 1103",4,Long-term care and rehabilitation services,#N/A,Physical therapy clinic,"QC Future Ready dashboard, Long-term care and rehabilitation services","2-2d 2nd floor , torre venezia condominium, 170 timog avenue corner sct santiago st, laging handa, quezon city, ncr, 1103, Philippines",14.63616134,121.0290763,8:00AM,10:00PM
679,batasan hills,steven&hudson arts and play center,"unit 212, royale place, don antonio drive, batasan hills, quezon city, ncr, 1126",2,Long-term care and rehabilitation services,#N/A,Physical/occupational therapy school,"QC Future Ready dashboard, Long-term care and rehabilitation services","unit 212, royale place, don antonio drive, batasan hills, quezon city, ncr, 1126, Philippines",14.682023,121.09818,9:00AM,5:00PM
680,bagong lipunan ng crame,wdc np assessment cntr psychiatric clinic,"room 503 unit j, camus bldg., edsa, bagong lipunan ng crame, quezon city, ncr, 1111",4,Long-term care and rehabilitation services,#N/A,Psychological clinic,"QC Future Ready dashboard, Long-term care and rehabilitation services","room 503 unit j, camus Building, edsa, bagong lipunan ng crame, quezon city, ncr, 1111, Philippines",14.61127632,121.0546532,8:00AM,5:00PM
681,ramon magsaysay,potentials therapy center,"unit 2a 2nd flr., mic bldg., 72 bukidnon street, ramon magsaysay, quezon city, ncr, 1105",1,Long-term care and rehabilitation services,#N/A,Therapeutic clinic,"QC Future Ready dashboard, Long-term care and rehabilitation services","unit 2a 2nd Floor, mic Building, 72 bukidnon street, ramon magsaysay, quezon city, ncr, 1105, Philippines",14.6595977,121.025364,8:00AM,6:00PM
682,fairview,"fatima medical science foundation, inc.","block 87, lot 17 & 19, regalado ave., fairview, quezon city, ncr, 1121",5,Long-term care and rehabilitation services,#N/A,Rehabilitation clinic,"QC Future Ready dashboard, Long-term care and rehabilitation services","block 87, lot 17 & 19, regalado Avenue, fairview, quezon city, ncr, 1121, Philippines",14.70174359,121.0679922,8:00AM,5:00PM
683,pinyahan,the oracle physical rehabilitation inc. ,"unit 101, east side condominium corporation,, 77, malakas, pinyahan, quezon city, ncr, 1100",4,Long-term care and rehabilitation services,#N/A,Physical therapy clinic,"QC Future Ready dashboard, Long-term care and rehabilitation services","unit 101, east side condominium corporation, 77, malakas, pinyahan, quezon city, ncr, 1100, Philippines",14.63840402,121.048167,9:00AM,6:00PM
684,kaligayahan,mobilitypro physical therapy clinic,"4th floor rm. 4 and 5, tobit bldg, zabarte road, kaligayahan, quezon city, ncr, 1124",5,Long-term care and rehabilitation services,#N/A,Physical therapy clinic,"QC Future Ready dashboard, Long-term care and rehabilitation services","4th floor Room 4 and 5, tobit bldg, zabarte road, kaligayahan, quezon city, ncr, 1124, Philippines",14.73724348,121.0474823,9:00AM,6:00PM
685,immaculate concepcion,brain master diagnostic center,"unit 6 g/f, corner complex bldg. , 12 new york ave., cubao, immaculate concepcion, quezon city, ncr, 1111",4,Long-term care and rehabilitation services,#N/A,Psychological clinic,"QC Future Ready dashboard, Long-term care and rehabilitation services","unit 6 g/f, corner complex Building , 12 new york Avenue, cubao, immaculate concepcion, quezon city, ncr, 1111, Philippines",14.62375702,121.045915,8:00AM,5:00PM
686,tandang sora,r.a.k therapeutic clinic,"unit e 3rd flr. , cayman square building , 195 tandang sora avenue , tandang sora, quezon city, ncr, 1116",6,Long-term care and rehabilitation services,#N/A,Physical therapy clinic,"QC Future Ready dashboard, Long-term care and rehabilitation services","unit e 3rd Floor , cayman square building , 195 tandang sora avenue , tandang sora, quezon city, ncr, 1116, Philippines",14.67658401,121.037975,10:00AM,9:00PM
687,gulod,prime care physiotherapy and rehabilitation center co.,"793, novaliches general hospital, quirino highway, gulod, quezon city, ncr, 1117",5,Long-term care and rehabilitation services,#N/A,Physical therapy clinic,"QC Future Ready dashboard, Long-term care and rehabilitation services","793, novaliches general hospital, quirino highway, gulod, quezon city, ncr, 1117, Philippines",14.709474,121.0390468,9:00AM,5:00PM
688,pasong tamo,ozonmed wellness clinic inc.,"2nd flr, glory to god bldg., sampaguita ave. cor narra st. , mapayapa village iii, pasong tamo, quezon city, ncr, 1107",6,Long-term care and rehabilitation services,#N/A,Physical therapy clinic,"QC Future Ready dashboard, Long-term care and rehabilitation services","2nd flr, glory to god Building, sampaguita Avenue corner narra Street , mapayapa village iii, pasong tamo, quezon city, ncr, 1107, Philippines",14.682093,121.05884,8:00AM,8:00PM
689,sto. domingo,physiofirst health care clinic,"unit 204 2nd flr, jovita bldg, 426 banawe , cor tirad pass st., sta. mesa heights, sto. domingo, quezon city, ncr, 1114",1,Long-term care and rehabilitation services,#N/A,Physical therapy clinic,"QC Future Ready dashboard, Long-term care and rehabilitation services","unit 204 2nd flr, jovita bldg, 426 banawe , corner tirad pass Street, sta. mesa heights, sto. domingo, quezon city, ncr, 1114, Philippines",14.6281294,121.0039234,9:00PM,5:00PM
690,pasong putik proper,physiofirst health care clinic,"unit 209 second floor, christopher plaza building,, quirino highway, novaliches, pasong putik proper, quezon city, ncr, 1118",5,Long-term care and rehabilitation services,#N/A,Physical therapy clinic,"QC Future Ready dashboard, Long-term care and rehabilitation services","unit 209 second floor, christopher plaza building, quirino highway, novaliches, pasong putik proper, quezon city, ncr, 1118, Philippines",14.735578,121.065449,8:00AM,5:00PM
691,talipapa,inner core psychiatric clinic,"441, quirino hi-way , talipapa, quezon city, ncr, 1116",6,Long-term care and rehabilitation services,#N/A,Psychological clinic,"QC Future Ready dashboard, Long-term care and rehabilitation services","441, quirino hi-way , talipapa, quezon city, ncr, 1116, Philippines",14.68626553,121.0241216,8:00AM,5:00PM
692,bahay toro,kidswecare pediatric therapy center,"unit 104, no. 20 shorthorn st., project 8, bahay toro, quezon city, ncr, 1106",1,Long-term care and rehabilitation services,#N/A,Therapeutic clinic,"QC Future Ready dashboard, Long-term care and rehabilitation services","unit 104, 20 shorthorn Street, project 8, bahay toro, quezon city, ncr, 1106, Philippines",14.66535712,121.0220213,8:00AM,5:00PM
693,doña imelda,enst therapeutic clinic,"1, lantawan st. , doña imelda, quezon city, ncr, 1113",4,Long-term care and rehabilitation services,#N/A,Therapeutic clinic,"QC Future Ready dashboard, Long-term care and rehabilitation services","1, lantawan Street , doña imelda, quezon city, ncr, 1113, Philippines",14.608149,121.0188215,9:00AM,8:00PM
694,manresa,the oracle physical rehabilitation inc.,"2nd flr. unit-1 , almar building, no. 60 mauban st. , manresa, quezon city, ncr, 1115",1,Long-term care and rehabilitation services,#N/A,Physical therapy clinic,"QC Future Ready dashboard, Long-term care and rehabilitation services","2nd Floor unit-1 , almar building, 60 mauban Street , manresa, quezon city, ncr, 1115, Philippines",14.64143102,121.000014,9:00AM,6:00PM
695,Batasan Hills,Quezon City Kabahagi Center For Children With Disabilitites,"Serbisyong Bayan Park, Barangay Batasan Hills, Quezon City",2,Long-term care and rehabilitation services,#N/A,Quezon City Kabahagi Center For Children With Disabilitites,"Data_QC Caring Cities Tracker, QC LGU-run Facilities&Locations","Serbisyong Bayan Park, Barangay Batasan Hills, Quezon City, Philippines",14.6902313,121.0950281,#N/A,#N/A
696,#N/A,Quezon City Kabahagi Center For Children With Disabilitites,"Greenville Dr, Quezon City, Metro Manila",6,Long-term care and rehabilitation services,#N/A,Quezon City Kabahagi Center For Children With Disabilitites,"Data_QC Caring Cities Tracker, QC LGU-run Facilities&Locations","Greenville Dr, Quezon City, Metro Manila, Philippines",14.68800115,121.0377623,#N/A,#N/A
697,Holy Spirit,Bahay Aruga for Abandoned Elderly,"YWCA Building, Don Victorino Street in Don Antonio Heights, Barangay Holy Spirit, Quezon City",2,Older persons care,#N/A,Bahay Aruga for Abandoned Elderly,"Data_QC Caring Cities Tracker, QC LGU Services&Locations","YWCA Building, Don Victorino Street in Don Antonio Heights, Barangay Holy Spirit, Quezon City, Philippines",14.6821557,121.0785305,#N/A,#N/A
698,north fairview,angel's elderly home care services,"14, bergen street, north fairview park subdivision, north fairview, quezon city, ncr, 1121",5,Older persons care,#N/A,Nursing care center,"QC Future Ready dashboard, Older persons care","14, bergen street, north fairview park subdivision, north fairview, quezon city, ncr, 1121, Philippines",14.7197589,121.0295769,6:00AM,6:00AM
699,bahay toro,apo senior living corporation,"unit 310 & 312, 7 general avenue, project 8, bahay toro, quezon city, ncr, 1106",1,Older persons care,#N/A,Nursing care center,"QC Future Ready dashboard, Older persons care","unit 310 & 312, 7 general avenue, project 8, bahay toro, quezon city, ncr, 1106, Philippines",14.6710737,121.0245703,8:00AM,5:00PM
700,batasan hills,rapha corporation,"lot 11 blk. 10, sunnyside hgts., batasan hills, quezon city, ncr, 1126",2,Older persons care,#N/A,Nursing care center,"QC Future Ready dashboard, Older persons care","lot 11 blk. 10, sunnyside hgts., batasan hills, quezon city, ncr, 1126, Philippines",14.68936121,121.1036536,8:00AM,5:00PM
701,batasan hills,rapha corporation,"lot 11 blk. 10, sunnyside hgts., batasan hills, quezon city, ncr, 1126",2,Older persons care,#N/A,Nursing care center,"QC Future Ready dashboard, Older persons care","lot 11 blk. 10, sunnyside hgts., batasan hills, quezon city, ncr, 1126, Philippines",14.68936121,121.1036536,8:00AM,5:00PM
702,bahay toro,exxcellent home care services,"26 , road 11, project 8, bahay toro, quezon city, ncr, 1106",1,Older persons care,#N/A,Nursing care center,"QC Future Ready dashboard, Older persons care","26 , road 11, project 8, bahay toro, quezon city, ncr, 1106, Philippines",14.6641365,121.0217462,8:00AM,12:00AM
703,north fairview,tlg home care services,"# 39, burbank, north fairview park, north fairview, quezon city, ncr, 1121",5,Older persons care,#N/A,Nursing care center,"QC Future Ready dashboard, Older persons care","# 39, burbank, north fairview park, north fairview, quezon city, ncr, 1121, Philippines",14.6996,121.069,6:00AM,6:00PM
704,south triangle,cgnh nursing care facility services,"17 d, scout bayoran, south triangle, quezon city, ncr, 1103",4,Older persons care,#N/A,Nursing care center,"QC Future Ready dashboard, Older persons care","17 d, scout bayoran, south triangle, quezon city, ncr, 1103, Philippines",14.63783371,121.0360922,8:00AM,5:00PM
705,phil-am,grey-gold home care services,"13, west maya drive, phil-am, quezon city, ncr, 1104",1,Older persons care,#N/A,Nursing care center,"QC Future Ready dashboard, Older persons care","13, west maya drive, phil-am, quezon city, ncr, 1104, Philippines",14.64784242,121.0290275,7:00AM,7:00AM
706,#N/A,#N/A,"Capillan St. cor. Piopongco, Barangay San Antonio",1,Quezon City satellite offices for services,#N/A,District 1,"Data_QC Caring Cities Tracker, QC LGU Services&Locations","Capillan Street corner Piopongco, Barangay San Antonio, Quezon City, Philippines",14.6506826,121.0165848,#N/A,#N/A
707,#N/A,#N/A,"SB Park Batasan Road, Barangay Batasan Hills, Quezon City",2,Quezon City satellite offices for services,#N/A,District 2,"Data_QC Caring Cities Tracker, QC LGU Services&Locations","SB Park Batasan Road, Barangay Batasan Hills, Quezon City, Philippines",14.69086675,121.0954236,#N/A,#N/A
708,#N/A,#N/A,"25 Calderon St., Barangay Marilag Project 4",3,Quezon City satellite offices for services,#N/A,District 3,"Data_QC Caring Cities Tracker, QC LGU Services&Locations","25 Calderon Street, Barangay Marilag Project 4, Quezon City, Philippines",14.62865792,121.0707373,#N/A,#N/A
709,#N/A,#N/A,"#65 Scout Reyes Archival Building, Barangay Paligsahan",4,Quezon City satellite offices for services,#N/A,District 4,"Data_QC Caring Cities Tracker, QC LGU Services&Locations","#65 Scout Reyes Archival Building, Barangay Paligsahan, Quezon City, Philippines",14.6319589,121.0224652,#N/A,#N/A
710,#N/A,#N/A,"Novaliches District Center, Jordan Plains, Barangay Sta. Monica",5,Quezon City satellite offices for services,#N/A,District 5,"Data_QC Caring Cities Tracker, QC LGU Services&Locations","Novaliches District Center, Jordan Plains, Barangay Sta. Monica, Quezon City, Philippines",14.7140514,121.0492105,#N/A,#N/A
711,#N/A,#N/A,"SB Park Neptune St., Barangay Tandang Sora",6,Quezon City satellite offices for services,#N/A,District 6,"Data_QC Caring Cities Tracker, QC LGU Services&Locations","SB Park Neptune Street, Barangay Tandang Sora, Quezon City, Philippines",14.67274688,121.0376658,#N/A,#N/A
712,Central,QC Migrants Resource center,Quezon city Hall,4,Trainings,#N/A,QC Migrants Resource Center,"Data_QC Caring Cities Tracker, QC Migrant Workers Training","Quezon city Hall, Philippines",14.64667,121.0498,#N/A,#N/A