{
"type": "FeatureCollection",
"name": "qc_districts",
"crs": { "type": "name", "properties": { "name": "urn:ogc:def:crs:OGC:1.3:CRS84" } },
"features": [
{ "type": "Feature", "properties": { "district": "DISTRICT 1", "barangay_name": "Alicia", "barangay_geom": "POLYGON((121.022158854549 14.6613967047327, 121.022232550237 14.6613966976974, 121.022431510818 14.6613679820903, 121.023684203695 14.6608154480272, 121.023628926717 14.6607221877734, 121.023573645566 14.6605894754698, 121.023525715486 14.6603527319504, 121.023835212516 14.6602737873171, 121.024048914255 14.6602414806211, 121.024207344156 14.6602486405653, 121.024623714382 14.6603992466847, 121.024804238405 14.6602270485037, 121.024900034118 14.6601875862274, 121.025684810447 14.6599686844068, 121.025747436855 14.6598682442509, 121.025835863391 14.6598502934813, 121.026436468331 14.6600475223139, 121.026653944961 14.6607577335588, 121.026768182887 14.6609083793048, 121.027542027766 14.6616149367499, 121.026411019575 14.6628992428551, 121.026226756366 14.6626302307083, 121.026079359868 14.6625154613173, 121.026020399532 14.6624544867457, 121.025950380775 14.6623827578573, 121.025814045129 14.6622966835542, 121.025670343152 14.6622536502056, 121.025548751296 14.6622536635995, 121.025460325015 14.662282369794, 121.025223894618 14.6623977057605, 121.02499610933 14.6626124343633, 121.024833996433 14.6627272377091, 121.024686628726 14.6628635594856, 121.024546625922 14.6629424874051, 121.024509779017 14.6629532558667, 121.024379417959 14.662994321375, 121.02424741255 14.6630259691092, 121.024084654607 14.6630214668952, 121.023994998108 14.6630113081179, 121.023864439451 14.6629435345666, 121.023697881125 14.6627356714986, 121.023554543261 14.6625368442215, 121.023451817985 14.6623786849555, 121.023352001007 14.6622419912312, 121.023223468923 14.6621053003325, 121.022988445428 14.6619222988007, 121.022606910838 14.6617212347873, 121.022133091225 14.6616693193829, 121.022158854549 14.6613967047327))", "BARANGAY": "Alicia" }, "geometry": { "type": "Polygon", "coordinates": [ [ [ 120.989661095049129, 14.625933890641226 ], [ 120.989662266643677, 14.625938162435094 ], [ 120.989912778847881, 14.626695639454301 ], [ 120.991195456762156, 14.630572198798147 ], [ 120.992983038800645, 14.63597861046207 ], [ 120.992987809247651, 14.635995945880913 ], [ 120.992990790289568, 14.636013656501813 ], [ 120.992991952528826, 14.636031567673554 ], [ 120.992991284503674, 14.636049502767142 ], [ 120.992988792801285, 14.636067284917662 ], [ 120.992984501992922, 14.636084738768371 ], [ 120.992978454391519, 14.636101692199995 ], [ 120.992970709634491, 14.636117978028039 ], [ 120.99296134409559, 14.636133435651507 ], [ 120.992950450131858, 14.636147912636597 ], [ 120.992938135172778, 14.636161266219993 ], [ 120.992924520660907, 14.636173364716647 ], [ 120.992909740854287, 14.636184088818416 ], [ 120.992893941502444, 14.636193332770638 ], [ 120.992877278409125, 14.636201005414977 ], [ 120.992859915895821, 14.636207031088393 ], [ 120.992190632321922, 14.636403429172733 ], [ 120.992186519599741, 14.636404854828697 ], [ 120.992187601501598, 14.636408972812566 ], [ 120.992459637374694, 14.637266006109938 ], [ 120.992464238310518, 14.637283584223209 ], [ 120.9924670062384, 14.637301522862682 ], [ 120.992467913271767, 14.637319641301897 ], [ 120.992466950272089, 14.637337757002898 ], [ 120.992464126940874, 14.637355687455297 ], [ 120.992459471721887, 14.637373252014958 ], [ 120.992453031514728, 14.637390273724003 ], [ 120.992444871202267, 14.637406581093561 ], [ 120.992103621596996, 14.638009631714501 ], [ 120.99101392473186, 14.6399352883709 ], [ 120.991011943543768, 14.63993924317772 ], [ 120.991013462676449, 14.639943387292641 ], [ 120.992475843041277, 14.643381650593817 ], [ 120.992476807768938, 14.643383963846833 ], [ 120.992631854433142, 14.643763233640009 ], [ 120.992633597627943, 14.643767217197311 ], [ 120.992761002767068, 14.644040041503125 ], [ 120.99276306412618, 14.644044622899061 ], [ 120.9940889596527, 14.647105981402008 ], [ 120.994090087562469, 14.647108644690686 ], [ 120.994696581074592, 14.648573752475885 ], [ 120.995524674447907, 14.650566417239432 ], [ 120.995526038203238, 14.650569796072862 ], [ 120.995592326294101, 14.650739004329449 ], [ 120.99559419422819, 14.650743418498811 ], [ 120.995641098878906, 14.65084644391858 ], [ 120.995643428329785, 14.650851790830391 ], [ 120.996267263174289, 14.652350237541425 ], [ 120.996269263094547, 14.652354692990325 ], [ 120.99731338255512, 14.654520030351829 ], [ 120.99731510844083, 14.654523263143918 ], [ 120.997317096786645, 14.654526349720189 ], [ 120.998885556273521, 14.656755624220478 ], [ 120.998894394093682, 14.65676948892993 ], [ 120.998901911380472, 14.656784073193299 ], [ 120.998908046852335, 14.656799258118948 ], [ 120.999085837349568, 14.657305226126798 ], [ 120.99908753380538, 14.65730935511483 ], [ 120.999092090231798, 14.65730966922203 ], [ 121.003808026562155, 14.657400542893827 ], [ 121.003809294269246, 14.657400571526289 ], [ 121.003845537532413, 14.657401510703098 ], [ 121.003849903052838, 14.657401412994352 ], [ 121.00384973161259, 14.657397165058038 ], [ 121.003826931792574, 14.657148046756504 ], [ 121.00382610300673, 14.657142680234449 ], [ 121.003824616344687, 14.657137449960386 ], [ 121.003783676066561, 14.657021213393957 ], [ 121.003782022347664, 14.657017169565458 ], [ 121.003779245152529, 14.657013758660204 ], [ 121.003733142713713, 14.656962462616915 ], [ 121.003730527845946, 14.656959783579904 ], [ 121.003727498190415, 14.656957556894808 ], [ 121.003686646047925, 14.656930020399075 ], [ 121.003682630302009, 14.656927599863971 ], [ 121.003677751626711, 14.656925868670001 ], [ 121.003660638852395, 14.656918833120351 ], [ 121.003644334007078, 14.656910167717006 ], [ 121.003629000361343, 14.656899959232163 ], [ 121.003614791460464, 14.656888309889853 ], [ 121.003601849586857, 14.656875336342265 ], [ 121.003596099931912, 14.656868963457631 ], [ 121.003591685015635, 14.656867009099953 ], [ 121.003587366512733, 14.656865359820808 ], [ 121.003540334912216, 14.656847416273409 ], [ 121.003524657923023, 14.656840605132674 ], [ 121.003509694270576, 14.656832413170267 ], [ 121.003469287208745, 14.656807831220585 ], [ 121.00346519189678, 14.656805515229287 ], [ 121.003461925747615, 14.656803998737281 ], [ 121.003391486301169, 14.656774607412924 ], [ 121.003384531622345, 14.656771539199763 ], [ 121.003361322016644, 14.656760734238215 ], [ 121.003344978848858, 14.656752122053375 ], [ 121.003329602035095, 14.656741962178838 ], [ 121.003315345678516, 14.656730356434881 ], [ 121.00330235265325, 14.656717421131949 ], [ 121.003290753172465, 14.65670328590503 ], [ 121.00328066348348, 14.656688092414486 ], [ 121.003272184702695, 14.656671992926313 ], [ 121.003265401802267, 14.65665514878622 ], [ 121.003260382758612, 14.656637728802597 ], [ 121.003257177871006, 14.656619907554768 ], [ 121.003255819257731, 14.656601863643406 ], [ 121.003256320534035, 14.656583777900613 ], [ 121.00325867667577, 14.656565831577678 ], [ 121.003262864069796, 14.656548204528615 ], [ 121.003268840750579, 14.656531073407701 ], [ 121.003276546820786, 14.656514609899096 ], [ 121.003285905051641, 14.6564989789963 ], [ 121.003296821656804, 14.656484337348564 ], [ 121.003309187232375, 14.656470831691077 ], [ 121.00332287785325, 14.656458597374325 ], [ 121.003329187573527, 14.656453501137777 ], [ 121.003331653100162, 14.656451124081887 ], [ 121.003373768647108, 14.656406973948968 ], [ 121.003376700236203, 14.656403576216272 ], [ 121.003377609246542, 14.656399227973443 ], [ 121.003401875685952, 14.656243957992004 ], [ 121.003402376680086, 14.656238663256424 ], [ 121.003402232459408, 14.656233347956777 ], [ 121.003392049304566, 14.656117738819958 ], [ 121.003391404654849, 14.656113179700856 ], [ 121.003389820121129, 14.656108843838531 ], [ 121.00333068642631, 14.655970004687928 ], [ 121.003328828098773, 14.655966165745022 ], [ 121.003325939422524, 14.655962987446209 ], [ 121.003199293987635, 14.655836267332747 ], [ 121.003193177201155, 14.655830676592053 ], [ 121.003033980391592, 14.655697831754532 ], [ 121.003021550593544, 14.655686454171095 ], [ 121.003010246221365, 14.655674013633739 ], [ 121.003000162760472, 14.655660615225083 ], [ 121.00299138538341, 14.655646372118634 ], [ 121.002983988230568, 14.655631404622863 ], [ 121.002978033783776, 14.655615839164964 ], [ 121.002973572338632, 14.655599807222975 ], [ 121.002970016891993, 14.655584226143144 ], [ 121.002966823375004, 14.655565755720131 ], [ 121.002959674877701, 14.655505464140418 ], [ 121.002958520947061, 14.655489723201544 ], [ 121.00295878188038, 14.655473944268874 ], [ 121.002960455687813, 14.655458247652337 ], [ 121.00296753748016, 14.655411722243036 ], [ 121.002971128965896, 14.655394171441701 ], [ 121.00297648573445, 14.655377052491815 ], [ 121.002983555261636, 14.65536053324705 ], [ 121.003006692537497, 14.655313215146585 ], [ 121.003008279095425, 14.655309565041541 ], [ 121.003009530148361, 14.655305793352717 ], [ 121.003029979784628, 14.655233399002627 ], [ 121.003035264511212, 14.655217578099439 ], [ 121.003042021166152, 14.655202297344143 ], [ 121.003050192494598, 14.655187686222874 ], [ 121.003059709254117, 14.655173868547417 ], [ 121.003070490801278, 14.655160961406025 ], [ 121.003082445775249, 14.655149074171252 ], [ 121.003095472871848, 14.655138307573161 ], [ 121.003109461701953, 14.655128752845748 ], [ 121.003165255033977, 14.655094262233868 ], [ 121.00318804517913, 14.655080180909065 ], [ 121.003277559123759, 14.655024843080644 ], [ 121.0032809510421, 14.655022530800959 ], [ 121.003282967959706, 14.655019010021546 ], [ 121.003366767581227, 14.654855834456933 ], [ 121.00337151910162, 14.654844812357407 ], [ 121.003405008005799, 14.654749968441658 ], [ 121.003410641477601, 14.654735943770625 ], [ 121.003417454672075, 14.654722424389153 ], [ 121.003560901967077, 14.6544654458963 ], [ 121.003570864945559, 14.654449598011 ], [ 121.003582446614857, 14.654434829792587 ], [ 121.003595524556431, 14.654421297341239 ], [ 121.003609960536167, 14.654409143695023 ], [ 121.003625601965553, 14.654398497318043 ], [ 121.003642283514552, 14.654389470742533 ], [ 121.003659828859142, 14.654382159379454 ], [ 121.003800924998217, 14.654331548605295 ], [ 121.003804223767986, 14.654330222703063 ], [ 121.003807407899089, 14.654328653484532 ], [ 121.004032542956779, 14.654206874961542 ], [ 121.004036261399108, 14.654204632310268 ], [ 121.004039182288935, 14.654201462369034 ], [ 121.00411474316013, 14.654111178573432 ], [ 121.00411726391556, 14.654107865392032 ], [ 121.004118004751646, 14.654103805864265 ], [ 121.004138773253018, 14.6539487436835 ], [ 121.004139551605391, 14.653937070130203 ], [ 121.004139547142003, 14.653699354178499 ], [ 121.004139372379271, 14.653695442258346 ], [ 121.004138849557336, 14.653691559864663 ], [ 121.004111425516129, 14.65353949828333 ], [ 121.004109975203605, 14.653529973226803 ], [ 121.004088310530292, 14.653355817897118 ], [ 121.004087674912128, 14.653349891332835 ], [ 121.00405525307707, 14.652990281667481 ], [ 121.004054501433458, 14.652985241187203 ], [ 121.00405316955927, 14.652980315686277 ], [ 121.003904819089598, 14.652535623329674 ], [ 121.003904342151657, 14.652534172895022 ], [ 121.003824091916471, 14.652286532037294 ], [ 121.003822454884073, 14.652282255269695 ], [ 121.003819206424808, 14.65227896458693 ], [ 121.003719327924941, 14.652187622845954 ], [ 121.003707756689948, 14.65217605056143 ], [ 121.003697292790278, 14.652163518767123 ], [ 121.003688019787489, 14.652150127538498 ], [ 121.003681869038019, 14.652140327177149 ], [ 121.003672328377405, 14.652123091334426 ], [ 121.003664758839037, 14.65210495181492 ], [ 121.003659249265453, 14.652086121520874 ], [ 121.003655864321587, 14.652066821462041 ], [ 121.003652555127346, 14.652038911483952 ], [ 121.003651366668066, 14.652021750634377 ], [ 121.003651859208929, 14.652004557507649 ], [ 121.003654028288409, 14.651987487828533 ], [ 121.003662023757229, 14.651942327733625 ], [ 121.003666036190594, 14.651924874498031 ], [ 121.003671800873789, 14.6519078928415 ], [ 121.0036792613502, 14.651891549073284 ], [ 121.003688344555599, 14.651876003255488 ], [ 121.00369896153363, 14.651861407635463 ], [ 121.00371100830715, 14.651847905154847 ], [ 121.003724366896321, 14.651835628049625 ], [ 121.003738906474211, 14.65182469655513 ], [ 121.003754484648056, 14.651815217728464 ], [ 121.003770948853585, 14.65180728440013 ], [ 121.003787371468093, 14.651800333651574 ], [ 121.003798592816096, 14.651794669550922 ], [ 121.003856341247428, 14.65176046700965 ], [ 121.003870133242032, 14.651753059993814 ], [ 121.003936723054451, 14.651720806328141 ], [ 121.00394041031619, 14.651718808866651 ], [ 121.003942469339876, 14.651715223006024 ], [ 121.004037490457421, 14.651530201259883 ], [ 121.004039705006505, 14.651525135612426 ], [ 121.0040412671664, 14.651519844466796 ], [ 121.004069181969442, 14.651397532147675 ], [ 121.004073783052561, 14.65138108015338 ], [ 121.004079956182693, 14.651365123540076 ], [ 121.004087646410909, 14.651349804341709 ], [ 121.004096785284204, 14.651335258918397 ], [ 121.004285039926046, 14.651065142175293 ], [ 121.004288511367207, 14.651059763373627 ], [ 121.004523571402302, 14.650665418566309 ], [ 121.004526046811321, 14.650660629079242 ], [ 121.004527919284953, 14.650655586853974 ], [ 121.004566961777741, 14.650526938225749 ], [ 121.004569100070768, 14.650519891338467 ], [ 121.004575072655811, 14.65050324450438 ], [ 121.004582683086639, 14.650487243574247 ], [ 121.004658809469007, 14.6503457336786 ], [ 121.004693333193018, 14.65028155830646 ], [ 121.004695531690118, 14.650276825276762 ], [ 121.004697155212924, 14.650271877085748 ], [ 121.004796863849222, 14.649893963435892 ], [ 121.004801839324983, 14.649878147859509 ], [ 121.004852660367305, 14.649739592325204 ], [ 121.004853998780789, 14.649735263304237 ], [ 121.004853477506202, 14.64973077099423 ], [ 121.004806960357314, 14.649455572078896 ], [ 121.004806189017671, 14.649451945498528 ], [ 121.00480511456152, 14.649448392788161 ], [ 121.004758458342167, 14.649314659917781 ], [ 121.004753381750476, 14.649297308689418 ], [ 121.004750107337983, 14.649279551132167 ], [ 121.004748667735299, 14.649261564208416 ], [ 121.004749077288253, 14.649243527166247 ], [ 121.004751331915045, 14.64922561975315 ], [ 121.004755409146838, 14.649208020424771 ], [ 121.004862431945853, 14.64883411127486 ], [ 121.004869265282053, 14.648814612123921 ], [ 121.004887220837944, 14.648771574993596 ], [ 121.004894950543388, 14.648755389990377 ], [ 121.00490428236904, 14.648740026265676 ], [ 121.004915125291433, 14.648725633678172 ], [ 121.004927373547844, 14.648712352613984 ], [ 121.004940907667887, 14.648700312617363 ], [ 121.004955595638862, 14.648689631127105 ], [ 121.004971294193439, 14.648680412331055 ], [ 121.004987850207002, 14.648672746149883 ], [ 121.005005102191319, 14.648666707359913 ], [ 121.005022881869664, 14.648662354863879 ], [ 121.005041015818179, 14.648659731116272 ], [ 121.00505932715744, 14.648658861709331 ], [ 121.005077637277765, 14.648659755123324 ], [ 121.005095767581324, 14.64866240264392 ], [ 121.005113541224247, 14.648666778447122 ], [ 121.005130784841469, 14.648672839851171 ], [ 121.005147330237776, 14.648680527732873 ], [ 121.005266582123014, 14.648743156681737 ], [ 121.00527058556348, 14.648745020878838 ], [ 121.005274981929915, 14.648744432058708 ], [ 121.005324815646958, 14.648735338535085 ], [ 121.005329430017341, 14.648734255266916 ], [ 121.005333906060585, 14.648732717281682 ], [ 121.005388211297443, 14.648710946599222 ], [ 121.005399107638979, 14.648706000039619 ], [ 121.005416539122947, 14.648699110843079 ], [ 121.005434597299995, 14.648693974812442 ], [ 121.005453096688925, 14.648690644701551 ], [ 121.005471847276723, 14.648689154715072 ], [ 121.005490656470158, 14.648689520157182 ], [ 121.005509331074094, 14.648691737274381 ], [ 121.005527679275829, 14.648695783294015 ], [ 121.005545512615114, 14.648701616658188 ], [ 121.005645639584245, 14.648739968598623 ], [ 121.005654339190727, 14.648743552297569 ], [ 121.005962213277385, 14.648879470011252 ], [ 121.005966988743467, 14.648881274829282 ], [ 121.005971939992634, 14.648882554153811 ], [ 121.006069157627124, 14.648902133038085 ], [ 121.006078401348162, 14.648903525748572 ], [ 121.006177052339439, 14.648913462401174 ], [ 121.006180589777628, 14.648913685946905 ], [ 121.006184134415818, 14.648913645469179 ], [ 121.006323443805414, 14.648906858019478 ], [ 121.006327821996734, 14.648906435892183 ], [ 121.006329923371993, 14.648902672619256 ], [ 121.006524102761333, 14.648510548709158 ], [ 121.006530114000114, 14.648499417214126 ], [ 121.006535464323704, 14.648490294988042 ], [ 121.0065492082215, 14.648470129553315 ], [ 121.006631513498306, 14.648365343138595 ], [ 121.00664412982232, 14.648350915876064 ], [ 121.006806453500687, 14.648183886532758 ], [ 121.006809388746845, 14.648180550544671 ], [ 121.006809908507108, 14.648176187115521 ], [ 121.006819861695291, 14.648029687062774 ], [ 121.00682006220633, 14.648024290780755 ], [ 121.006821457754214, 14.647807632100497 ], [ 121.00682250383035, 14.647789572544914 ], [ 121.006825398857785, 14.647771705248509 ], [ 121.00683011383596, 14.647754209191657 ], [ 121.006889860475269, 14.64757050203087 ], [ 121.00689375540324, 14.647559722703786 ], [ 121.006925026063513, 14.647481202797554 ], [ 121.006928781525886, 14.647472460155415 ], [ 121.006972696646926, 14.647377314495074 ], [ 121.006980766658756, 14.647361859101844 ], [ 121.006990320676465, 14.647347227713757 ], [ 121.007001270771127, 14.647333554988052 ], [ 121.007122012908781, 14.647196855703166 ], [ 121.007136137849486, 14.6471825364846 ], [ 121.007151790781165, 14.647169812100085 ], [ 121.007168782808151, 14.647158836104172 ], [ 121.007307684181939, 14.647079449317603 ], [ 121.007311461846697, 14.64707703953869 ], [ 121.0073140016503, 14.647073403633046 ], [ 121.007380844741121, 14.646966791543132 ], [ 121.007390407557892, 14.646953008274647 ], [ 121.007401231421667, 14.646940139353902 ], [ 121.007500228343261, 14.64683291008239 ], [ 121.007503018145627, 14.646829580295215 ], [ 121.007504723293735, 14.646825616839193 ], [ 121.007560656956798, 14.646675839222997 ], [ 121.007561927062895, 14.646671866645971 ], [ 121.007560070173241, 14.646668119370259 ], [ 121.007473203989974, 14.646511999712406 ], [ 121.007466855531078, 14.646499453871034 ], [ 121.00746152252718, 14.646486467637292 ], [ 121.007408418549375, 14.646341072612499 ], [ 121.007406177248953, 14.646335523427723 ], [ 121.007339399997534, 14.646184979179186 ], [ 121.007337145538045, 14.646180576742037 ], [ 121.007333961165571, 14.646176757417631 ], [ 121.007195497600463, 14.64602813516588 ], [ 121.007191770083011, 14.646024360057744 ], [ 121.006953902566963, 14.645797026173186 ], [ 121.006946606797229, 14.645790750534253 ], [ 121.00682928268219, 14.645700045914337 ], [ 121.006825004094253, 14.645697106847875 ], [ 121.006820411516955, 14.645694657821947 ], [ 121.006699269054295, 14.64563849482105 ], [ 121.006680777185437, 14.645628630354455 ], [ 121.006663553660587, 14.645616787725041 ], [ 121.006647820718598, 14.645603119741072 ], [ 121.006567723936953, 14.645525141096455 ], [ 121.006555308732317, 14.64551178458537 ], [ 121.006544320903245, 14.645497291083718 ], [ 121.006534869615876, 14.645481804587632 ], [ 121.006527048770437, 14.645465478958815 ], [ 121.006520936068341, 14.645448476395879 ], [ 121.006516592240118, 14.645430965822909 ], [ 121.0065140604422, 14.645413121211105 ], [ 121.00651336582807, 14.645395119850367 ], [ 121.006514515298392, 14.645377140587913 ], [ 121.006517497432512, 14.64535936205133 ], [ 121.006522282601921, 14.645341960873939 ], [ 121.006528823264588, 14.645325109939879 ], [ 121.006537054437359, 14.645308976666477 ], [ 121.006546894341653, 14.645293721340922 ], [ 121.006558245215842, 14.645279495527818 ], [ 121.006570994286534, 14.645266440563336 ], [ 121.006585014889183, 14.645254686151031 ], [ 121.006600167726262, 14.645244349073204 ], [ 121.006616302251473, 14.64523553203068 ], [ 121.006633258165209, 14.64522832262244 ], [ 121.006650867007338, 14.645222792475339 ], [ 121.006668953830783, 14.64521899653244 ], [ 121.006687338939642, 14.645216972507191 ], [ 121.006705839674481, 14.645216740508701 ], [ 121.006724272227132, 14.645218302841974 ], [ 121.00819920994654, 14.645415828062083 ], [ 121.008203160578844, 14.645416189383726 ], [ 121.00820707503955, 14.645415556745593 ], [ 121.008277047186695, 14.645401212602998 ], [ 121.008295327038681, 14.645398383435591 ], [ 121.008313805406004, 14.64539734077737 ], [ 121.008332298562379, 14.64539809499532 ], [ 121.008350622634381, 14.645400638590473 ], [ 121.008368595429801, 14.645404946272484 ], [ 121.008386038249057, 14.645410975211055 ], [ 121.0084027776619, 14.645418665461818 ], [ 121.008450797139858, 14.64544364836522 ], [ 121.008552729549478, 14.64549669635533 ], [ 121.00855687074511, 14.645498596571374 ], [ 121.008561143857108, 14.645496996995515 ], [ 121.010565721258502, 14.644631207369505 ], [ 121.010839196390208, 14.64451308425458 ], [ 121.010856832491243, 14.644506490562108 ], [ 121.010875065611003, 14.644501676287602 ], [ 121.010893706893569, 14.644498691296659 ], [ 121.010912563255374, 14.644497566507402 ], [ 121.0110572883207, 14.644496117671833 ], [ 121.011075527082085, 14.644496808839721 ], [ 121.011093607949803, 14.644499240661943 ], [ 121.011111356102703, 14.644503389625644 ], [ 121.011128599936612, 14.644509215615168 ], [ 121.011145172723403, 14.644516662299964 ], [ 121.011160914223254, 14.644525657679191 ], [ 121.011266649544581, 14.644593095244536 ], [ 121.011282083159429, 14.644604084957011 ], [ 121.011296273739134, 14.644616562146664 ], [ 121.011309070713565, 14.644630394423661 ], [ 121.011320338299456, 14.644645435019928 ], [ 121.011563672976678, 14.645008113066103 ], [ 121.011566704191566, 14.645012360248275 ], [ 121.011762528430225, 14.645270636129426 ], [ 121.011763452941267, 14.645271866304753 ], [ 121.011989442690606, 14.645575249381 ], [ 121.011999513666552, 14.645590288088455 ], [ 121.012008002465805, 14.645606225411527 ], [ 121.012416386203654, 14.646476137374277 ], [ 121.012423645901535, 14.646494075398172 ], [ 121.012428901555083, 14.646512664308904 ], [ 121.01243209334929, 14.646531692546663 ], [ 121.01248164354422, 14.64697450456679 ], [ 121.012482727521856, 14.646995748548482 ], [ 121.012479106495292, 14.64737717619213 ], [ 121.01247820924921, 14.647393331843412 ], [ 121.012475831575486, 14.647409344630791 ], [ 121.012471992529242, 14.647425086222261 ], [ 121.012466722877676, 14.647440430459262 ], [ 121.012393019233713, 14.64762684564081 ], [ 121.01238492813556, 14.647644446410895 ], [ 121.01230228673441, 14.647801207420693 ], [ 121.012300351775949, 14.647805392772669 ], [ 121.012299808892976, 14.647809952027636 ], [ 121.012266953296461, 14.648307845813232 ], [ 121.012265468411414, 14.648321825055776 ], [ 121.012204933053312, 14.648734254618279 ], [ 121.01220447866362, 14.648739672807171 ], [ 121.01220469902978, 14.648745104791285 ], [ 121.012230127112232, 14.648991971907959 ], [ 121.012230748144205, 14.648996079841787 ], [ 121.012232133717873, 14.649000006790937 ], [ 121.012286455081124, 14.649133549696604 ], [ 121.012288154057686, 14.649137231416196 ], [ 121.012291333374733, 14.649139821752859 ], [ 121.012515833834058, 14.649306544991305 ], [ 121.01251928703465, 14.649308873505952 ], [ 121.012523481231852, 14.649309098426672 ], [ 121.012887875075194, 14.649312338261058 ], [ 121.012908262431949, 14.649313614051396 ], [ 121.013116765513089, 14.649337935112934 ], [ 121.01313344395416, 14.64934063559534 ], [ 121.013149800839514, 14.649344802337462 ], [ 121.013165700473323, 14.649350400772276 ], [ 121.013181010953048, 14.649357384455511 ], [ 121.013195605263689, 14.649365695450946 ], [ 121.013452385769767, 14.649527638891847 ], [ 121.013468881082986, 14.649539343732815 ], [ 121.013483956721259, 14.649552741047293 ], [ 121.013497430406773, 14.649567668850171 ], [ 121.013690135422863, 14.649806464302408 ], [ 121.013701706864268, 14.649822527110405 ], [ 121.013711421693074, 14.649839716482232 ], [ 121.013719165417911, 14.649857829838139 ], [ 121.013815972347572, 14.650124180181713 ], [ 121.013821656055256, 14.650143013701655 ], [ 121.013825208261366, 14.650162336273882 ], [ 121.013876127234852, 14.650564093026103 ], [ 121.013877774015526, 14.650573211173937 ], [ 121.014016607296625, 14.651162861622229 ], [ 121.014017649064755, 14.651167573878688 ], [ 121.014128415483228, 14.65170323476589 ], [ 121.01412876910419, 14.651704989689343 ], [ 121.014211369721252, 14.65212592746307 ], [ 121.014212785753259, 14.652134174362555 ], [ 121.014265929220471, 14.652494790723205 ], [ 121.014267263245898, 14.652501840317065 ], [ 121.014378285006259, 14.652980965536258 ], [ 121.014379184414963, 14.652985068266975 ], [ 121.014489144001061, 14.653516818477909 ], [ 121.014491843718545, 14.653526854172735 ], [ 121.014630330941742, 14.653942557673068 ], [ 121.014632404913996, 14.653947687779958 ], [ 121.0146351081018, 14.653952532250841 ], [ 121.014831103855585, 14.654257577425048 ], [ 121.014833283630423, 14.654260675137756 ], [ 121.014835720618876, 14.654263585509591 ], [ 121.015038095565956, 14.654485703030199 ], [ 121.01504982362728, 14.654499966994216 ], [ 121.015060012453205, 14.654515310930543 ], [ 121.015068557906531, 14.654531578013616 ], [ 121.015075372646507, 14.654548601982613 ], [ 121.015080387021257, 14.654566208840796 ], [ 121.015083549779973, 14.654584218633826 ], [ 121.015123805160982, 14.654912658741056 ], [ 121.015124899579874, 14.654925412554483 ], [ 121.015153951815648, 14.655515022365535 ], [ 121.015154145912788, 14.655521087660944 ], [ 121.015161437473338, 14.656015536107654 ], [ 121.015161756703307, 14.656020204494052 ], [ 121.015163061478503, 14.656024707471119 ], [ 121.015374000658227, 14.656630035977498 ], [ 121.015375398026251, 14.656633553967204 ], [ 121.015377378865679, 14.656636795573034 ], [ 121.015490937177617, 14.65680606039605 ], [ 121.015493307145675, 14.656809275299103 ], [ 121.015495957617816, 14.656812275437 ], [ 121.015703025819221, 14.657026841396668 ], [ 121.01571468066669, 14.65704015455073 ], [ 121.015724958910127, 14.657054502295834 ], [ 121.015733764261185, 14.657069750220321 ], [ 121.015756018473112, 14.65711307011984 ], [ 121.01576397120806, 14.65713088440145 ], [ 121.015769914232337, 14.657149426727898 ], [ 121.015773778895834, 14.657168482911571 ], [ 121.015781378087539, 14.657220541138219 ], [ 121.015783069144973, 14.657238570754902 ], [ 121.015782898855306, 14.657256674623119 ], [ 121.015780868926996, 14.65727467106557 ], [ 121.015776999730491, 14.657292379482984 ], [ 121.015712889710443, 14.657527283758482 ], [ 121.015707240782135, 14.657544472803966 ], [ 121.015699859107357, 14.657561027646594 ], [ 121.015690818295312, 14.657576783202503 ], [ 121.015680208500115, 14.657591582358263 ], [ 121.015073453331922, 14.658353790683211 ], [ 121.015070627566701, 14.658357765300737 ], [ 121.015068740106059, 14.658362236230378 ], [ 121.01478269753656, 14.659159404355647 ], [ 121.014781373445516, 14.659163809482889 ], [ 121.014781968357966, 14.659168362657709 ], [ 121.014968753334514, 14.660179587006152 ], [ 121.014971410661047, 14.660193975337107 ], [ 121.014972473730509, 14.660198420909232 ], [ 121.014974436955953, 14.660202565929749 ], [ 121.014980082162154, 14.660213048669949 ], [ 121.015290654242236, 14.660790064580597 ], [ 121.015295702675061, 14.660798339114443 ], [ 121.015401571954428, 14.660952510086522 ], [ 121.01541259881617, 14.660970808195545 ], [ 121.015525147139144, 14.661185532636461 ], [ 121.01553255386537, 14.661201539514234 ], [ 121.015538330349955, 14.66121817050146 ], [ 121.015542422083527, 14.661235268662296 ], [ 121.015544790454669, 14.661252672652443 ], [ 121.015545413114125, 14.661270218241647 ], [ 121.015544284185864, 14.661287739863443 ], [ 121.01554141432247, 14.661305072177488 ], [ 121.01553683060456, 14.661322051629769 ], [ 121.015530576285457, 14.661338517995979 ], [ 121.015522710382825, 14.661354315893453 ], [ 121.015513307121921, 14.661369296247411 ], [ 121.015444253657236, 14.661468168586444 ], [ 121.015348836221648, 14.661604798639639 ], [ 121.015345911498827, 14.661608865332495 ], [ 121.015142792531748, 14.661883194455752 ], [ 121.015140059746315, 14.661887350848193 ], [ 121.015138863514579, 14.661892146415854 ], [ 121.015107152620132, 14.662058917906069 ], [ 121.015106549782175, 14.66206327672092 ], [ 121.015107710285989, 14.662067527281627 ], [ 121.015206621026479, 14.662369178253781 ], [ 121.0152069939749, 14.662370290726994 ], [ 121.015214018642482, 14.662390793643404 ], [ 121.015250005369495, 14.662495825361013 ], [ 121.015254202070992, 14.662509968927431 ], [ 121.015257202395361, 14.662524398103733 ], [ 121.015288790067359, 14.662716182282544 ], [ 121.015290010666206, 14.66272496602228 ], [ 121.015320527772204, 14.662994103933862 ], [ 121.015320939879174, 14.662997235652977 ], [ 121.015366957635479, 14.663304274578264 ], [ 121.015367820030633, 14.66330855510861 ], [ 121.015370290558849, 14.663312194218923 ], [ 121.015512096406823, 14.663500427019562 ], [ 121.015515143189461, 14.663504056464509 ], [ 121.015519192994475, 14.663506591549758 ], [ 121.015652133155001, 14.663580533585311 ], [ 121.015659286445072, 14.663584121034532 ], [ 121.015805097129572, 14.66364962034422 ], [ 121.015821037018881, 14.663657713972047 ], [ 121.015836098005764, 14.663667270658905 ], [ 121.015850138846048, 14.663678200780891 ], [ 121.015916564356942, 14.663735256394263 ], [ 121.015929345203901, 14.663747344714631 ], [ 121.015940876659926, 14.663760570307149 ], [ 121.015951052476936, 14.663774811314648 ], [ 121.015959778897255, 14.663789936524198 ], [ 121.016048320011507, 14.663962287579803 ], [ 121.016055417684825, 14.663977908112011 ], [ 121.016060968916435, 14.663994111196764 ], [ 121.016064924121622, 14.664010752105884 ], [ 121.016067247971591, 14.664027682200476 ], [ 121.016083918675932, 14.664216884828928 ], [ 121.016084551266218, 14.664221384736178 ], [ 121.016085646178169, 14.664225799736533 ], [ 121.016170245331523, 14.664504491665713 ], [ 121.016171573697335, 14.664508249450616 ], [ 121.016173236909196, 14.664511878715656 ], [ 121.016230868890446, 14.664624064089983 ], [ 121.016239180347753, 14.66464282491488 ], [ 121.016245263583855, 14.664662379130158 ], [ 121.016249040852017, 14.664682476825517 ], [ 121.016264597378537, 14.66480357757063 ], [ 121.016265436808666, 14.664808161479847 ], [ 121.01626768134858, 14.6648122730872 ], [ 121.01634262600389, 14.664933851269092 ], [ 121.016349114607294, 14.664943039221036 ], [ 121.016463108075769, 14.66508482900908 ], [ 121.016466312299599, 14.665088406306843 ], [ 121.016470505364254, 14.665090827983597 ], [ 121.016590943512568, 14.665152227911065 ], [ 121.016606331245725, 14.665161014581422 ], [ 121.016620781613682, 14.665171198557694 ], [ 121.016755052059366, 14.665275755107105 ], [ 121.016767314064381, 14.665286194470511 ], [ 121.016778588847046, 14.665297640091106 ], [ 121.016788789598735, 14.665310003845105 ], [ 121.016885671340461, 14.665438601637421 ], [ 121.016896396385349, 14.665454535338826 ], [ 121.016905339052755, 14.665471479552421 ], [ 121.016912399984349, 14.665489246018851 ], [ 121.016917500728866, 14.665507637343005 ], [ 121.0169205846137, 14.665526449187226 ], [ 121.016921617374692, 14.665545472541583 ], [ 121.016921622516477, 14.66561241266823 ], [ 121.01692054543534, 14.665631866068621 ], [ 121.016917323719383, 14.665651093580056 ], [ 121.016911994803976, 14.665669871781345 ], [ 121.016904620609935, 14.665687982472196 ], [ 121.01689528682401, 14.665705215208641 ], [ 121.01684538151143, 14.665786419237294 ], [ 121.016835472672469, 14.665800909639122 ], [ 121.016824177787456, 14.665814404757093 ], [ 121.016811601644378, 14.665826779390342 ], [ 121.016797860918146, 14.665837918733297 ], [ 121.016687852251181, 14.665918693696568 ], [ 121.016681704410175, 14.665923624777191 ], [ 121.016542049026114, 14.666045807128224 ], [ 121.016537623735857, 14.666050108468049 ], [ 121.016534402367171, 14.666054073414211 ], [ 121.016414979435297, 14.666219900284512 ], [ 121.016412803013154, 14.666223222401735 ], [ 121.01641093293432, 14.666226716868501 ], [ 121.016320684597105, 14.666415013034619 ], [ 121.016319089750112, 14.666418779882392 ], [ 121.016319362161113, 14.666422845521176 ], [ 121.016345154395836, 14.666648645016371 ], [ 121.016345962603381, 14.66665338591481 ], [ 121.016348271694014, 14.666657633496065 ], [ 121.016423003773625, 14.666778874096003 ], [ 121.016429808412482, 14.666788453311009 ], [ 121.016439151610371, 14.666799944033958 ], [ 121.016521822788803, 14.666901581877678 ], [ 121.016677339797099, 14.667092797118123 ], [ 121.016680819429411, 14.667096608523988 ], [ 121.016685092432851, 14.667099557690731 ], [ 121.01694212474051, 14.667256380097648 ], [ 121.016950917716258, 14.667261119306671 ], [ 121.017172943764209, 14.667365910362779 ], [ 121.017192338225186, 14.667376505243979 ], [ 121.017349538954207, 14.667474876736671 ], [ 121.0173630194531, 14.667484162419314 ], [ 121.017375598994079, 14.667494577583046 ], [ 121.017387178039087, 14.667506039816027 ], [ 121.017590142700058, 14.667725697480629 ], [ 121.017602141461168, 14.667740106392008 ], [ 121.01775250550746, 14.667940924010455 ], [ 121.017757737570548, 14.667947287277189 ], [ 121.017937595299728, 14.668146860645194 ], [ 121.017940953332953, 14.66815039242579 ], [ 121.018238577787073, 14.668447154266056 ], [ 121.018244085819333, 14.668452890499193 ], [ 121.018553407916784, 14.668789392456643 ], [ 121.018555880067737, 14.6687919782786 ], [ 121.018590521327084, 14.66882682106789 ], [ 121.018870730581156, 14.669108644083678 ], [ 121.018879026858912, 14.669116989508385 ], [ 121.018892630182563, 14.669132304143162 ], [ 121.019111594625613, 14.669408705120984 ], [ 121.019121441370601, 14.669422400758895 ], [ 121.019129946083794, 14.669436923533295 ], [ 121.019260249152211, 14.669685490359612 ], [ 121.01928074428163, 14.669724590735296 ], [ 121.019304336521742, 14.669769600470723 ], [ 121.019306539590474, 14.669773343473668 ], [ 121.019310493247104, 14.669775291748797 ], [ 121.019477162269681, 14.669847768210722 ], [ 121.019482032432748, 14.66984972651885 ], [ 121.01956716756284, 14.669881236174868 ], [ 121.01973536852573, 14.669943492081924 ], [ 121.019747254275757, 14.669947023970737 ], [ 121.019801530686266, 14.669959350725888 ], [ 121.019957866329065, 14.66999484219204 ], [ 121.019962288036197, 14.669995626754972 ], [ 121.019966754107401, 14.669995134958011 ], [ 121.020264341179001, 14.669947949554166 ], [ 121.020279206290965, 14.669946188230073 ], [ 121.020294168864723, 14.669945598972902 ], [ 121.020536890653403, 14.669945577648679 ], [ 121.020551995250614, 14.669946175488539 ], [ 121.021264852096394, 14.670002760982323 ], [ 121.021268484164949, 14.670002979607098 ], [ 121.021512439099055, 14.670012995131211 ], [ 121.021528193438428, 14.670014297948226 ], [ 121.021543776767558, 14.670016901053692 ], [ 121.021845958141867, 14.670080381132408 ], [ 121.021859000305611, 14.670083606618716 ], [ 121.022017977498251, 14.670128953991961 ], [ 121.022048716211771, 14.670137720914614 ], [ 121.022065924499003, 14.670143535361831 ], [ 121.022082464630643, 14.670150963538388 ], [ 121.022274115348907, 14.670248405834501 ], [ 121.022312386986883, 14.670267862963289 ], [ 121.022313911674004, 14.670268646901459 ], [ 121.022576069009645, 14.670404957900708 ], [ 121.022587973074138, 14.670411711799144 ], [ 121.022841209729123, 14.670567923295311 ], [ 121.02284645009496, 14.670570926251461 ], [ 121.023085775874321, 14.670697980913081 ], [ 121.023101646018617, 14.670707440267156 ], [ 121.023116463687629, 14.670718398751676 ], [ 121.023130080005615, 14.67073074626499 ], [ 121.023142358166936, 14.670744358749596 ], [ 121.023153174810517, 14.670759099438612 ], [ 121.02321547974357, 14.670853696002071 ], [ 121.023223261347482, 14.670866667204999 ], [ 121.023397911456286, 14.671187729937667 ], [ 121.02341554738048, 14.671220153797302 ], [ 121.023421357535554, 14.671231831160098 ], [ 121.023506330443979, 14.6714194996079 ], [ 121.023513439440265, 14.671437834720999 ], [ 121.023518467301955, 14.671456811381443 ], [ 121.023571650508259, 14.671714626839588 ], [ 121.02357376541103, 14.67172713843072 ], [ 121.02359012680698, 14.671850887173726 ], [ 121.023591304083197, 14.671859756092619 ], [ 121.023592142352044, 14.671864240367569 ], [ 121.023595812870667, 14.671867070227824 ], [ 121.023779333678135, 14.671994162704754 ], [ 121.023783671408196, 14.671996826815034 ], [ 121.023788285567235, 14.671999006807988 ], [ 121.023933726750442, 14.672058258570672 ], [ 121.023949874716095, 14.672065746405652 ], [ 121.024137505075643, 14.67216381278371 ], [ 121.024141030533016, 14.672165472117277 ], [ 121.02414479298038, 14.672166528800748 ], [ 121.024272469737369, 14.672196747752801 ], [ 121.024277306980721, 14.67219762798573 ], [ 121.024282081206195, 14.672196466599095 ], [ 121.024416817162574, 14.672156096771907 ], [ 121.024425069798511, 14.672153201679041 ], [ 121.024508047277337, 14.672119697779797 ], [ 121.024525897403606, 14.672113509508245 ], [ 121.024544302510932, 14.672109124727694 ], [ 121.024563070870755, 14.672106589115046 ], [ 121.024582006970505, 14.672105929084207 ], [ 121.024600913550231, 14.672107151510861 ], [ 121.024619593657476, 14.672110243660869 ], [ 121.024637852698987, 14.672115173322945 ], [ 121.02464854624867, 14.672118641510259 ], [ 121.024665084718805, 14.672124874525842 ], [ 121.024680936791853, 14.672132615341859 ], [ 121.024695957810607, 14.672141793319996 ], [ 121.024710010701469, 14.672152324707199 ], [ 121.024742106262565, 14.672178847878991 ], [ 121.024756675960361, 14.672190884538162 ], [ 121.024770864617338, 14.672203914752137 ], [ 121.024783570566427, 14.672218322294297 ], [ 121.024794653543353, 14.672233948116398 ], [ 121.024803991200059, 14.672250619721234 ], [ 121.024811480455426, 14.672268153066931 ], [ 121.024832927349422, 14.672326892738274 ], [ 121.02484842848169, 14.672369318670379 ], [ 121.024860041046821, 14.672401121267562 ], [ 121.024864820851974, 14.672416291097877 ], [ 121.024868215421378, 14.672431810595524 ], [ 121.024870198588332, 14.672447560131397 ], [ 121.024870755065692, 14.672463418303181 ], [ 121.024869525530548, 14.672585985745641 ], [ 121.024869391667139, 14.672599805483379 ], [ 121.024869570751548, 14.672606330895892 ], [ 121.024885108375983, 14.672846680677015 ], [ 121.02488554632383, 14.672850645961891 ], [ 121.024886342626971, 14.672854558036033 ], [ 121.024898371642323, 14.672902435334048 ], [ 121.024902859695146, 14.672928327236935 ], [ 121.024911586287715, 14.673017995150946 ], [ 121.024912169189335, 14.673022019999381 ], [ 121.02491481827947, 14.6730251617966 ], [ 121.024988934374989, 14.673105313890293 ], [ 121.025113109759005, 14.673239599668465 ], [ 121.025312712501517, 14.673455448004896 ], [ 121.025379565688908, 14.673527740980871 ], [ 121.025390189413883, 14.673540326370668 ], [ 121.025399605919404, 14.67355379184942 ], [ 121.025454739491352, 14.673640820457059 ], [ 121.025464128630801, 14.673657558086362 ], [ 121.025471653746791, 14.673675165671733 ], [ 121.025562316491559, 14.6739235013961 ], [ 121.025563985462981, 14.673927456305332 ], [ 121.025568017013811, 14.673929152808098 ], [ 121.025971205880353, 14.674076754762421 ], [ 121.026145829217327, 14.674140689885814 ], [ 121.026150600202399, 14.674142154416465 ], [ 121.026155583253058, 14.674142584066479 ], [ 121.026587964221534, 14.674156925919599 ], [ 121.02660854846296, 14.674158729201084 ], [ 121.026628799258788, 14.674162748599956 ], [ 121.026648465641969, 14.67416893430411 ], [ 121.026842726459179, 14.674241892086995 ], [ 121.026847691364509, 14.674243449650705 ], [ 121.026852804916459, 14.674244452783107 ], [ 121.028154508635353, 14.674426128424747 ], [ 121.028657862910634, 14.674496369813854 ], [ 121.028662272210298, 14.67449677161231 ], [ 121.028665068234289, 14.674493428367338 ], [ 121.029020141177853, 14.674023570845721 ], [ 121.029031703597482, 14.674009753427878 ], [ 121.029044607750805, 14.673997111781304 ], [ 121.029058728157764, 14.673985768833248 ], [ 121.029073927511575, 14.673975834882429 ], [ 121.02909005801385, 14.673967406526486 ], [ 121.029106962811738, 14.673960565722657 ], [ 121.029124477523212, 14.673955378990856 ], [ 121.029142431835481, 14.673951896766845 ], [ 121.029160651161106, 14.673950152911759 ], [ 121.02917895833572, 14.673950164382859 ], [ 121.029197175340585, 14.673951931068666 ], [ 121.029215125033886, 14.67395543579001 ], [ 121.029232632873047, 14.67396064446708 ], [ 121.029249528612041, 14.673967506450831 ], [ 121.029265647956876, 14.673975955015459 ], [ 121.02928083416306, 14.673985908007278 ], [ 121.029326200827867, 14.674018918421783 ], [ 121.029556010027193, 14.674186136938498 ], [ 121.029559718317785, 14.674188567129411 ], [ 121.029563994037304, 14.674187297269155 ], [ 121.029973518057673, 14.674043810858407 ], [ 121.029974201337694, 14.674043572921706 ], [ 121.030182307022955, 14.673971551025382 ], [ 121.03019958540699, 14.673966477544438 ], [ 121.030217288181206, 14.673963061202334 ], [ 121.030235248057409, 14.673961334282996 ], [ 121.030253295317777, 14.673961313105544 ], [ 121.030271259418797, 14.673962997870163 ], [ 121.030288970602768, 14.673966372656167 ], [ 121.03030626150192, 14.673971405572443 ], [ 121.030558361802079, 14.674057987396623 ], [ 121.030562505077185, 14.674059198664695 ], [ 121.030566534954801, 14.674057667166641 ], [ 121.030686402344713, 14.674005610757963 ], [ 121.030702226680447, 14.673999568014516 ], [ 121.030718552433186, 14.673994959575374 ], [ 121.030735242741059, 14.673991824073973 ], [ 121.03075215768618, 14.673990187795836 ], [ 121.030769155467382, 14.673990064458245 ], [ 121.030786093589171, 14.673991455095187 ], [ 121.030802830056118, 14.673994348048749 ], [ 121.031016565230871, 14.674041209415925 ], [ 121.031034847283962, 14.674046186223633 ], [ 121.031052511693474, 14.674052954452605 ], [ 121.031069373767522, 14.674061443337077 ], [ 121.031085257202975, 14.674071564120771 ], [ 121.031099995928912, 14.674083210984922 ], [ 121.031113435842983, 14.674096262154666 ], [ 121.031125436422556, 14.674110581172254 ], [ 121.031187644642628, 14.674193084673169 ], [ 121.031190260394965, 14.674196243224403 ], [ 121.031193856733225, 14.67419829352376 ], [ 121.031530026993977, 14.674370533506108 ], [ 121.031546045288138, 14.674379767376728 ], [ 121.031561033110535, 14.674390516481981 ], [ 121.031574839760694, 14.674402672741294 ], [ 121.031587326414652, 14.67441611392535 ], [ 121.03159836752063, 14.674430704885051 ], [ 121.03160785206164, 14.674446298910485 ], [ 121.031615684671593, 14.674462739205977 ], [ 121.031657185524267, 14.674562694664701 ], [ 121.031659058339812, 14.674566636442014 ], [ 121.031663246343442, 14.674568133109966 ], [ 121.031911010453641, 14.67464346293788 ], [ 121.031915340400232, 14.67464455885267 ], [ 121.031919758820052, 14.674645242621988 ], [ 121.032237982883473, 14.674679235517559 ], [ 121.032260253581583, 14.674682961271946 ], [ 121.032267565670892, 14.674685100798623 ], [ 121.032267573363967, 14.674685072123079 ], [ 121.032276063424206, 14.67468723063104 ], [ 121.032276372380736, 14.674683101918788 ], [ 121.032279140208985, 14.67457089724255 ], [ 121.032280504578878, 14.674552942275408 ], [ 121.032283697273414, 14.674535208548082 ], [ 121.03228868660824, 14.674517872048135 ], [ 121.032295423069343, 14.674501104821049 ], [ 121.03230383980447, 14.674485073262881 ], [ 121.032313853286624, 14.674469936468958 ], [ 121.032325364142864, 14.674455844655055 ], [ 121.032338258140598, 14.674442937666658 ], [ 121.032352407321184, 14.674431343591181 ], [ 121.032957214794706, 14.67398389806243 ], [ 121.032973129474868, 14.673973345110644 ], [ 121.032990081407817, 14.673964453669981 ], [ 121.033007888225754, 14.67395731939401 ], [ 121.033026358364069, 14.673952019032859 ], [ 121.033624665525267, 14.673812701423357 ], [ 121.033643116169642, 14.673809354677019 ], [ 121.033661819637288, 14.673807838492438 ], [ 121.033680584781337, 14.673808168364879 ], [ 121.03369921982457, 14.67381034092314 ], [ 121.033717534319308, 14.673814333964023 ], [ 121.033735341093887, 14.673820106679251 ], [ 121.033752458165395, 14.673827600072494 ], [ 121.033768710599475, 14.673836737562294 ], [ 121.033783932298235, 14.67384742576475 ], [ 121.033797967697708, 14.673859555447851 ], [ 121.033810673357678, 14.673873002647806 ], [ 121.033989904677739, 14.67408308441161 ], [ 121.03399284193182, 14.674086202608132 ], [ 121.033996320898652, 14.674083667004691 ], [ 121.034300061428524, 14.673838776036657 ], [ 121.034300803327156, 14.673838171506118 ], [ 121.034603260273599, 14.673589095251405 ], [ 121.034607122515709, 14.673585730091323 ], [ 121.034992326198676, 14.673230751044347 ], [ 121.034994753611898, 14.673228340121263 ], [ 121.034996988988325, 14.673225759205321 ], [ 121.035158470677843, 14.67302448880536 ], [ 121.035160566863823, 14.673021656641728 ], [ 121.035162431748347, 14.673018675129326 ], [ 121.035280367131008, 14.672812567125622 ], [ 121.035282937215698, 14.672807739276873 ], [ 121.035550319231632, 14.672266165892319 ], [ 121.035677320057417, 14.6720089160243 ], [ 121.035685773982649, 14.671993702694465 ], [ 121.035695683109893, 14.67197934576928 ], [ 121.03570695667733, 14.671965976749485 ], [ 121.035719491425724, 14.671953718087172 ], [ 121.035733172544226, 14.671942682064262 ], [ 121.035747874722063, 14.671932969764013 ], [ 121.035763463296121, 14.671924670145168 ], [ 121.035779795484586, 14.671917859227207 ], [ 121.035796721694624, 14.671912599393986 ], [ 121.035814086892458, 14.671908938822403 ], [ 121.035831732023567, 14.671906911041097 ], [ 121.035849495469435, 14.671906534623345 ], [ 121.035867214527769, 14.671907813016944 ], [ 121.035884726902864, 14.671910734512647 ], [ 121.035901872192142, 14.671915272351402 ], [ 121.035918493355169, 14.671921384969419 ], [ 121.03730476878421, 14.672506438517267 ], [ 121.037310514799032, 14.672508645372622 ], [ 121.038018979098069, 14.672754544936799 ], [ 121.038023074488407, 14.672755753308703 ], [ 121.038024816244373, 14.672751948061991 ], [ 121.038030792810687, 14.67273699127078 ], [ 121.038032785182722, 14.672731484906658 ], [ 121.038186818654808, 14.672257422162227 ], [ 121.038193222994749, 14.672240649124928 ], [ 121.038201299787872, 14.672224574836921 ], [ 121.038210969855541, 14.672209356877387 ], [ 121.038222138400073, 14.672195144430759 ], [ 121.03823469593398, 14.672182076824189 ], [ 121.038248519353331, 14.672170282161769 ], [ 121.038263473144539, 14.67215987606868 ], [ 121.03827941071286, 14.672150960557703 ], [ 121.038633324266186, 14.67197506714361 ], [ 121.038636789184551, 14.671973157258039 ], [ 121.038639635984623, 14.671970447098202 ], [ 121.039010851884967, 14.671585160417809 ], [ 121.039019397127078, 14.671576850366412 ], [ 121.039292577882037, 14.671327936515887 ], [ 121.039306759987511, 14.671316253685339 ], [ 121.039322070522971, 14.671306009229781 ], [ 121.039338356164393, 14.671297305740028 ], [ 121.039355453822893, 14.671290230375259 ], [ 121.039373192277722, 14.671284853990157 ], [ 121.039391393891222, 14.671281230425347 ], [ 121.039409876387495, 14.671279395968245 ], [ 121.039428454677775, 14.671279368989676 ], [ 121.039469344164559, 14.671281303670305 ], [ 121.0394860410603, 14.671282831948451 ], [ 121.039502528162217, 14.671285820812278 ], [ 121.03951867093221, 14.671290245872104 ], [ 121.039534337642053, 14.671296071018586 ], [ 121.039549400448138, 14.671303248717397 ], [ 121.039563736434872, 14.671311720397094 ], [ 121.039661274060393, 14.671375399864596 ], [ 121.039836270215304, 14.671489637440997 ], [ 121.039850916966103, 14.671500251297479 ], [ 121.039864421853764, 14.671512214485727 ], [ 121.039876654242491, 14.671525411283355 ], [ 121.039887495805544, 14.671539714034973 ], [ 121.039896841669858, 14.671554984387029 ], [ 121.03990460143055, 14.671571074626153 ], [ 121.039910700025402, 14.671587829107967 ], [ 121.03991507846095, 14.671605085762691 ], [ 121.039917694383178, 14.671622677662885 ], [ 121.039918522487284, 14.671640434638153 ], [ 121.039917553776476, 14.671886784901492 ], [ 121.039916953285882, 14.671900633875516 ], [ 121.039889209809715, 14.672235232407271 ], [ 121.039889074394523, 14.672239561580485 ], [ 121.039893436256833, 14.672240415149215 ], [ 121.040070718588751, 14.672266193408872 ], [ 121.040089259232019, 14.672269837775207 ], [ 121.040107322731998, 14.672275299750048 ], [ 121.040124721585471, 14.672282522636936 ], [ 121.040141275188361, 14.672291431460726 ], [ 121.040408329551255, 14.672452970660235 ], [ 121.040412904650466, 14.672455400305726 ], [ 121.040417923136829, 14.672456768529477 ], [ 121.040736606740097, 14.672524997978526 ], [ 121.040742397633892, 14.672526051412714 ], [ 121.041020060185417, 14.672567730354897 ], [ 121.041038100562716, 14.672571338124174 ], [ 121.041055684979071, 14.672576668202494 ], [ 121.04140612562702, 14.672701768043977 ], [ 121.041420278666095, 14.67270747572829 ], [ 121.04143390012743, 14.672714299916937 ], [ 121.041446897262048, 14.672722194143837 ], [ 121.041715529850535, 14.672900755684228 ], [ 121.041719718619746, 14.672903232973853 ], [ 121.041724350118329, 14.672904793831995 ], [ 121.042314665941305, 14.673070109202163 ], [ 121.042319227643404, 14.673071145824183 ], [ 121.042323910375103, 14.673071265300717 ], [ 121.042674031861338, 14.673062886281649 ], [ 121.042692378137659, 14.673063330483791 ], [ 121.042710589728003, 14.673065535827407 ], [ 121.042728488677184, 14.673069480762942 ], [ 121.042745900085038, 14.67307512674239 ], [ 121.042762653815231, 14.673082418595902 ], [ 121.04277858615805, 14.673091285070914 ], [ 121.042793541429873, 14.673101639528371 ], [ 121.042807373494497, 14.673113380789321 ], [ 121.042950839585899, 14.673247875753811 ], [ 121.042961587998846, 14.673258833742192 ], [ 121.042971355805307, 14.673270629640811 ], [ 121.042980074356393, 14.673283180547328 ], [ 121.043181808627793, 14.673601582000909 ], [ 121.043184124942997, 14.673604896845998 ], [ 121.043187260338925, 14.673607496165094 ], [ 121.043251637610865, 14.67365621056892 ], [ 121.043255251797788, 14.673658682343529 ], [ 121.043259666404438, 14.673658822098014 ], [ 121.043588136029115, 14.673653763331281 ], [ 121.043592389041137, 14.673653497833724 ], [ 121.043592234662498, 14.67364935180645 ], [ 121.043442949011762, 14.671932584378439 ], [ 121.043442328056202, 14.671913556382401 ], [ 121.043458074780602, 14.671181410381717 ], [ 121.043457950533735, 14.671174478845254 ], [ 121.043408679535901, 14.670316248328877 ], [ 121.043408643892604, 14.670315607023372 ], [ 121.04334961647281, 14.669217402916919 ], [ 121.043349416856898, 14.669212318242826 ], [ 121.043334478198901, 14.668609546981555 ], [ 121.043329404534205, 14.668404680461427 ], [ 121.043329283831127, 14.668401763392474 ], [ 121.043287037583411, 14.667673534483608 ], [ 121.043279422904376, 14.667542261100087 ], [ 121.043279223828094, 14.667537889523965 ], [ 121.043277456353863, 14.667484466795438 ], [ 121.043264433862774, 14.667091179720138 ], [ 121.043264371010522, 14.667089672391819 ], [ 121.0432489637533, 14.666783300905665 ], [ 121.043249306136531, 14.666760380458337 ], [ 121.043268814945151, 14.666517388334636 ], [ 121.043271106019176, 14.666499894232352 ], [ 121.043339389695603, 14.666125274085317 ], [ 121.04334033436902, 14.66612047018425 ], [ 121.043471829714207, 14.665497547404948 ], [ 121.043472933354451, 14.665492662952886 ], [ 121.043520422186319, 14.665295529118806 ], [ 121.043525257033266, 14.665279026962953 ], [ 121.043531677756675, 14.665263045601902 ], [ 121.043539626470775, 14.665247729114185 ], [ 121.043549031514402, 14.665233215584202 ], [ 121.043559808096987, 14.665219635857326 ], [ 121.043571859063064, 14.665207112360326 ], [ 121.043585075768121, 14.665195757997584 ], [ 121.043599339058133, 14.665185675133289 ], [ 121.043614520343681, 14.665176954668535 ], [ 121.043630482759326, 14.665169675221836 ], [ 121.043647082397484, 14.66516390242035 ], [ 121.04366416960579, 14.665159688308236 ], [ 121.043681590336192, 14.665157070877434 ], [ 121.043699187533917, 14.665156073725171 ], [ 121.04371680255322, 14.66515670584122 ], [ 121.04377008924105, 14.665161091287805 ], [ 121.043774390773265, 14.665161248416169 ], [ 121.043778452984654, 14.665159862154869 ], [ 121.043932569201615, 14.665099241132243 ], [ 121.043949379029883, 14.665093525605114 ], [ 121.043966673986347, 14.665089404131141 ], [ 121.043984294974464, 14.665086914623863 ], [ 121.04400207989859, 14.665086079984338 ], [ 121.044130701593545, 14.665086055600757 ], [ 121.044135422798021, 14.665085816889068 ], [ 121.044139405897809, 14.665083337780882 ], [ 121.044209220566046, 14.665034761076823 ], [ 121.044212713478757, 14.665032073874054 ], [ 121.044215612331428, 14.665028784534812 ], [ 121.044341145308792, 14.664871598811608 ], [ 121.044352130172143, 14.66485906740297 ], [ 121.044364241521308, 14.664847561838398 ], [ 121.044377378724178, 14.664837177716475 ], [ 121.044391432624991, 14.664828001317833 ], [ 121.044406286451263, 14.664820108888231 ], [ 121.04448556471155, 14.664782444290648 ], [ 121.044502252329451, 14.664775477972233 ], [ 121.044519559165522, 14.664770132000383 ], [ 121.044537319664684, 14.664766457514061 ], [ 121.044555363932247, 14.664764489662989 ], [ 121.044690755255559, 14.664756223042685 ], [ 121.044695443039117, 14.66475570148147 ], [ 121.044699924162785, 14.664754263472251 ], [ 121.044805206840607, 14.664714559954744 ], [ 121.044809569644883, 14.664712655245815 ], [ 121.044813121342926, 14.664709538834941 ], [ 121.044876362386844, 14.66464795579374 ], [ 121.044879475880293, 14.664644598231213 ], [ 121.044880046800401, 14.66464010916931 ], [ 121.044909358983631, 14.664245870306635 ], [ 121.044911618623004, 14.664227958671207 ], [ 121.044915701840509, 14.664210355709292 ], [ 121.044921567924845, 14.664193236927634 ], [ 121.044929158389024, 14.66417677300554 ], [ 121.044938397553565, 14.664161128093113 ], [ 121.045116307206541, 14.663891932503015 ], [ 121.045118787715268, 14.663887686411172 ], [ 121.045119732395165, 14.663882889017041 ], [ 121.045159230411798, 14.663599337809533 ], [ 121.045159871779376, 14.663595109590043 ], [ 121.045199178788423, 14.663355608668487 ], [ 121.045203098243945, 14.663337642363299 ], [ 121.045208870528512, 14.663320156112182 ], [ 121.045216436025967, 14.66330333051196 ], [ 121.045232836041549, 14.663271382663893 ], [ 121.045241794278326, 14.663255888148003 ], [ 121.045252273058409, 14.663241325559966 ], [ 121.045264170961659, 14.663227835845143 ], [ 121.045277372832942, 14.663215549564978 ], [ 121.04529175089661, 14.663204585633354 ], [ 121.045307165993137, 14.663195050165678 ], [ 121.045323468926128, 14.663187035451822 ], [ 121.045324450553593, 14.663186610505702 ], [ 121.045328762461736, 14.663184471805547 ], [ 121.04533179497848, 14.663180800345073 ], [ 121.045440268595357, 14.663034261175952 ], [ 121.045442873749835, 14.663030321251592 ], [ 121.045443602269657, 14.663025689586519 ], [ 121.045461082483257, 14.662855133466964 ], [ 121.045461307538048, 14.662851085341536 ], [ 121.045459687049387, 14.662847350840552 ], [ 121.045312440857259, 14.662546826573774 ], [ 121.045310161636863, 14.662542735016325 ], [ 121.045307065908872, 14.662539187993728 ], [ 121.04520641250528, 14.662435291400236 ], [ 121.045195303868596, 14.662422715542828 ], [ 121.045185426277328, 14.662409201184365 ], [ 121.045176862925231, 14.662394862149625 ], [ 121.045010000143549, 14.662083384450115 ], [ 121.045006447439363, 14.662076388318965 ], [ 121.044884460496206, 14.661822511189897 ], [ 121.044876594413608, 14.661803363709575 ], [ 121.04487102006857, 14.661783468499237 ], [ 121.044860222700848, 14.661733959175065 ], [ 121.044857138256845, 14.661714812700339 ], [ 121.044856177475125, 14.661695454767274 ], [ 121.04485735140328, 14.661676107976101 ], [ 121.044860646541608, 14.661656994798884 ], [ 121.044866024998171, 14.661638335021264 ], [ 121.044907560405889, 14.661519201052116 ], [ 121.044913839040589, 14.661503607057389 ], [ 121.044921573565986, 14.661488645894545 ], [ 121.044930697553028, 14.661474446059234 ], [ 121.045192322505898, 14.661106382098943 ], [ 121.045203926518269, 14.661091722387575 ], [ 121.045217009673848, 14.661078294879923 ], [ 121.045231434775204, 14.661066240384224 ], [ 121.045247050552746, 14.661055685310574 ], [ 121.045273551715695, 14.661039665526802 ], [ 121.045289390669012, 14.661031103980706 ], [ 121.045306011393322, 14.661024086215084 ], [ 121.045323255600863, 14.661018679063776 ], [ 121.045340959066138, 14.661014934021912 ], [ 121.045358953189947, 14.661012886755525 ], [ 121.045377066604956, 14.661012556761824 ], [ 121.045384901785837, 14.661012786449669 ], [ 121.045402698919347, 14.661014144164874 ], [ 121.045420279814479, 14.661017159797856 ], [ 121.045437481899739, 14.661021805462953 ], [ 121.045454146106479, 14.66102803820149 ], [ 121.045470118339821, 14.661035800379041 ], [ 121.045485250903567, 14.661045020218362 ], [ 121.045499403865861, 14.661055612463105 ], [ 121.045512446353257, 14.661067479166201 ], [ 121.045524257760945, 14.661080510595562 ], [ 121.045576397225801, 14.661143939176789 ], [ 121.045579183286591, 14.661147027213874 ], [ 121.045582725721445, 14.66114926310442 ], [ 121.045725920927666, 14.661230828541152 ], [ 121.045730221824385, 14.661232991028896 ], [ 121.04573499999421, 14.66123374563141 ], [ 121.045842012183783, 14.661245058582901 ], [ 121.045846783138273, 14.66124532057777 ], [ 121.045851507355863, 14.661244621118311 ], [ 121.045972196784305, 14.661220467601259 ], [ 121.045976647462808, 14.661219347509919 ], [ 121.045979994628738, 14.661216279888949 ], [ 121.046077393752043, 14.661117578062148 ], [ 121.046080009222109, 14.661114689814243 ], [ 121.046082081043167, 14.661111410003455 ], [ 121.046183742796259, 14.660933871789689 ], [ 121.046189333432224, 14.66092222917027 ], [ 121.046288587635047, 14.660670139000208 ], [ 121.0462898940537, 14.660666318282919 ], [ 121.046290844962428, 14.660662399292898 ], [ 121.046330028329876, 14.660461099277361 ], [ 121.046330640804058, 14.660456860806512 ], [ 121.046330837387472, 14.660452584880028 ], [ 121.046330231658615, 14.660241167465205 ], [ 121.04632998092049, 14.660236620393729 ], [ 121.046328338937627, 14.66023235658124 ], [ 121.046246462691599, 14.660048725345561 ], [ 121.046244393167413, 14.660044660659844 ], [ 121.046241169093165, 14.660041385142165 ], [ 121.046136022644674, 14.65994485665483 ], [ 121.046123246782173, 14.659931901430207 ], [ 121.046111854717225, 14.659917775729806 ], [ 121.046101958941335, 14.65990261903897 ], [ 121.046093657170786, 14.65988658102361 ], [ 121.046087031381674, 14.6598698200523 ], [ 121.046082147000334, 14.659852501632461 ], [ 121.046079052257582, 14.65983479677603 ], [ 121.046077777712142, 14.659816880310787 ], [ 121.046078335949232, 14.659798929154027 ], [ 121.046080721455979, 14.659781120565556 ], [ 121.0460849106762, 14.659763630397361 ], [ 121.046090862242735, 14.659746631357097 ], [ 121.046098517386142, 14.659730291302731 ], [ 121.046107800514932, 14.659714771585014 ], [ 121.04611861996213, 14.659700225454202 ], [ 121.046130868890259, 14.65968679654681 ], [ 121.046144426346487, 14.659674617467241 ], [ 121.046159158456888, 14.659663808478404 ], [ 121.046174919748495, 14.65965447631419 ], [ 121.046191554585633, 14.659646713125495 ], [ 121.046352501296852, 14.659580964707249 ], [ 121.046356082151945, 14.659579322952352 ], [ 121.046359323067293, 14.659577110873377 ], [ 121.046463297950325, 14.659499471775312 ], [ 121.046466529608892, 14.659496820411825 ], [ 121.046468566234253, 14.659493215296973 ], [ 121.046796793492874, 14.658843139474769 ], [ 121.046799326922979, 14.658837670213988 ], [ 121.04683237248949, 14.658759502393758 ], [ 121.04683996079585, 14.658743752445972 ], [ 121.046849069357506, 14.658728785741658 ], [ 121.046859613780995, 14.658714740951101 ], [ 121.04687149636942, 14.658701748202816 ], [ 121.046884607027437, 14.658689927877887 ], [ 121.046904025621046, 14.658674040285474 ], [ 121.046919414124531, 14.658662723843706 ], [ 121.046935925501401, 14.658653022715695 ], [ 121.046953381560442, 14.658645041596264 ], [ 121.046971593915444, 14.658638866617853 ], [ 121.046990366018321, 14.658634564420998 ], [ 121.047323975635436, 14.658575720863249 ], [ 121.047328547356429, 14.658574676043832 ], [ 121.047332002579722, 14.658571579925114 ], [ 121.047515017253289, 14.658389834470118 ], [ 121.04751809615027, 14.658386847682737 ], [ 121.047642313175515, 14.658269135684588 ], [ 121.047653204190709, 14.658259600089808 ], [ 121.04766483352094, 14.658250930128423 ], [ 121.047815559338162, 14.658147481369426 ], [ 121.047830370540694, 14.658138304724019 ], [ 121.047846005929244, 14.658130531257408 ], [ 121.047862325666358, 14.658124230492792 ], [ 121.04787918379391, 14.658119458782044 ], [ 121.047896429538767, 14.658116258801719 ], [ 121.04791390866103, 14.658114659171357 ], [ 121.047931464833582, 14.65811467419754 ], [ 121.04794894104019, 14.658116303745924 ], [ 121.04796618097977, 14.658119533242447 ], [ 121.047983030464337, 14.658124333803674 ], [ 121.048540087752428, 14.658311306447253 ], [ 121.048544407056795, 14.658312523674711 ], [ 121.048547618316931, 14.658308385069118 ], [ 121.048552246266183, 14.658301766565998 ], [ 121.048564489829772, 14.658287617790931 ], [ 121.048578154973299, 14.658274761711262 ], [ 121.048593098505805, 14.658263333039926 ], [ 121.048609163840823, 14.658253451532705 ], [ 121.048626182637108, 14.658245220733344 ], [ 121.048643976562502, 14.658238726888607 ], [ 121.048662359162819, 14.65823403804451 ], [ 121.048681137815322, 14.658231203333319 ], [ 121.048700115747309, 14.658230252458694 ], [ 121.048783211397776, 14.658230235041804 ], [ 121.048787584719932, 14.658230030048379 ], [ 121.048790668822988, 14.658227873603995 ], [ 121.048805884066937, 14.658218294809306 ], [ 121.048821986018183, 14.658210205718325 ], [ 121.0488388212801, 14.658203683392477 ], [ 121.048856229470132, 14.658198789967283 ], [ 121.048874044747805, 14.658195572060377 ], [ 121.048892097394429, 14.658194060327476 ], [ 121.048910215430027, 14.658194269170279 ], [ 121.048928226251675, 14.658196196599269 ], [ 121.048945958277827, 14.658199824252689 ], [ 121.048963242582857, 14.658205117571461 ], [ 121.048979914506404, 14.658212026128393 ], [ 121.049060097891996, 14.658249853592693 ], [ 121.049064019970515, 14.658251488193347 ], [ 121.049068153706955, 14.6582504606568 ], [ 121.049191965009896, 14.658213605252858 ], [ 121.049196479370707, 14.658212004456441 ], [ 121.049199559226111, 14.658208414479404 ], [ 121.049293542619225, 14.658086361785074 ], [ 121.049295902311513, 14.658082986297725 ], [ 121.04929648953545, 14.658078943448441 ], [ 121.04930298316998, 14.658012433820033 ], [ 121.049303186170576, 14.658007785239324 ], [ 121.049300977982966, 14.658003658891731 ], [ 121.048918333669903, 14.65737160012964 ], [ 121.048911571178834, 14.65735937986266 ], [ 121.04890579198134, 14.657346690356979 ], [ 121.048818243522817, 14.657132628997962 ], [ 121.048812390140441, 14.657116008297333 ], [ 121.048808222187205, 14.657098912783544 ], [ 121.048805779056266, 14.65708150403508 ], [ 121.048805083838417, 14.657063946590938 ], [ 121.048806143104116, 14.657046406395432 ], [ 121.048808946841277, 14.657029049229855 ], [ 121.048813468550023, 14.657012039145522 ], [ 121.048819665492942, 14.656995536913305 ], [ 121.048827479099359, 14.656979698504045 ], [ 121.048836835518614, 14.656964673614466 ], [ 121.048847646318308, 14.656950604252279 ], [ 121.049070328686042, 14.656688409169464 ], [ 121.049088869389948, 14.656669539057164 ], [ 121.049274832200709, 14.65650578536378 ], [ 121.049291354667929, 14.656492827656098 ], [ 121.049309287873186, 14.656481789976661 ], [ 121.049454665662623, 14.656403254543079 ], [ 121.049461445938206, 14.656399768046812 ], [ 121.050439455026265, 14.65592174542749 ], [ 121.050443023026546, 14.655919803705736 ], [ 121.050445673950662, 14.655916774519021 ], [ 121.051028531450882, 14.655187460474393 ], [ 121.051033248673718, 14.655180990405622 ], [ 121.051194204102259, 14.654938305260291 ], [ 121.05120773355155, 14.654920421789347 ], [ 121.051372223351706, 14.654728865842625 ], [ 121.051385653519105, 14.654714814770822 ], [ 121.051400538512738, 14.654702229556932 ], [ 121.051416710454831, 14.654691252140923 ], [ 121.051433986953128, 14.654682006329498 ], [ 121.051452173157912, 14.654674596399806 ], [ 121.051752068133169, 14.654570252043417 ], [ 121.051765810820854, 14.654566048284213 ], [ 121.051779846937805, 14.654562894616086 ], [ 121.052123615357871, 14.654499221285262 ], [ 121.052144717023694, 14.654496521878144 ], [ 121.052400430680819, 14.654478242429217 ], [ 121.052404973671713, 14.654477690662262 ], [ 121.052406883654882, 14.654473639862049 ], [ 121.052511401390717, 14.654218532160909 ], [ 121.052512794603757, 14.654214613090737 ], [ 121.052512634908055, 14.654210468848289 ], [ 121.052500927826969, 14.654074834149968 ], [ 121.052500288093768, 14.654057624005469 ], [ 121.052501333771033, 14.654040432711897 ], [ 121.052504055363997, 14.654023416360126 ], [ 121.052508428161147, 14.654006729452595 ], [ 121.05251441245872, 14.653990523500477 ], [ 121.052521953921115, 14.653974945648008 ], [ 121.052530984074238, 14.653960137336483 ], [ 121.052798696349015, 14.653565277354302 ], [ 121.052800917187781, 14.653561622187556 ], [ 121.052797385676115, 14.653559129403449 ], [ 121.051595799006193, 14.652795905331624 ], [ 121.051592119141887, 14.652793804925786 ], [ 121.05158917316777, 14.652796808388906 ], [ 121.051249644691282, 14.653177871064235 ], [ 121.051243601084408, 14.653184331579004 ], [ 121.050919650165596, 14.653514242370646 ], [ 121.050908985452196, 14.653524269158011 ], [ 121.050897532886836, 14.653533435402528 ], [ 121.050452243152122, 14.653861718320876 ], [ 121.050440311227518, 14.653869818911254 ], [ 121.049979356856724, 14.654157303222355 ], [ 121.04996212656313, 14.654166826714265 ], [ 121.049943951846586, 14.654174508089687 ], [ 121.0495380580534, 14.65432152547956 ], [ 121.049522344124668, 14.654326454567835 ], [ 121.049506242521957, 14.654330004942519 ], [ 121.04919085475629, 14.654385322288077 ], [ 121.049183484411557, 14.65438646658248 ], [ 121.048801716637058, 14.654438099533229 ], [ 121.048785379210869, 14.65443959622157 ], [ 121.048768969854109, 14.654439682437575 ], [ 121.048752616787468, 14.654438357507612 ], [ 121.048736447791811, 14.654435631784555 ], [ 121.048375249385927, 14.654358593973082 ], [ 121.048368703969615, 14.654357076405216 ], [ 121.048054365402947, 14.654278309138279 ], [ 121.048038834922451, 14.654273703805774 ], [ 121.048023777131107, 14.654267795023296 ], [ 121.047686550436595, 14.654118459916836 ], [ 121.047671759846935, 14.654111116021378 ], [ 121.047657702395483, 14.654102514897053 ], [ 121.047644490531198, 14.654092725346445 ], [ 121.047436733462263, 14.653923980857408 ], [ 121.047434624577775, 14.653922241893824 ], [ 121.047180164977021, 14.653709229790351 ], [ 121.047166513031456, 14.653696572428457 ], [ 121.0471542500689, 14.653682632307623 ], [ 121.046943930133224, 14.653417390815839 ], [ 121.046933430116496, 14.653402698481779 ], [ 121.046799325102654, 14.653193682704513 ], [ 121.046789749792822, 14.653176819912783 ], [ 121.046702791590434, 14.653002310197905 ], [ 121.046696099508651, 14.652987155662494 ], [ 121.046690854546796, 14.652971470207149 ], [ 121.046687100398287, 14.65295538450134 ], [ 121.046632133762643, 14.652657534830036 ], [ 121.046631483773851, 14.652653786657536 ], [ 121.046594392006796, 14.652425282597665 ], [ 121.046592626757572, 14.652410463147568 ], [ 121.046592122945142, 14.652395552441973 ], [ 121.04659337560571, 14.652250385771451 ], [ 121.046593252585879, 14.652246701062769 ], [ 121.04659282077948, 14.652243038456106 ], [ 121.046558102987717, 14.652026967299001 ], [ 121.046556264412587, 14.652010772679528 ], [ 121.04655593137457, 14.651994482661461 ], [ 121.04655710658011, 14.651978229639644 ], [ 121.046593747203474, 14.651670405009943 ], [ 121.046593969003283, 14.651668333026597 ], [ 121.04662068695859, 14.651387364016269 ], [ 121.046622977238385, 14.651371235204728 ], [ 121.046626749188931, 14.651355372525918 ], [ 121.046700648790008, 14.651097971267323 ], [ 121.046702191215061, 14.651092887579034 ], [ 121.046775773910653, 14.650862838479066 ], [ 121.046781162480002, 14.650848232693324 ], [ 121.046787818219372, 14.65083413083736 ], [ 121.046883635127955, 14.650652147006143 ], [ 121.046885542947066, 14.650648302334705 ], [ 121.046985567438881, 14.650433942253347 ], [ 121.046993157219902, 14.650419447294729 ], [ 121.047116609305348, 14.650207799852888 ], [ 121.047121762774452, 14.65019749017859 ], [ 121.047169663959394, 14.650083833650626 ], [ 121.047171149934286, 14.650079734872323 ], [ 121.047167486882969, 14.65007725003729 ], [ 121.040867055956696, 14.646244329270292 ], [ 121.040860417576795, 14.646240290270445 ], [ 121.037557904600632, 14.64423105936806 ], [ 121.037555238973113, 14.644229406699168 ], [ 121.025956741251875, 14.636902080310273 ], [ 121.025955150080591, 14.636901097229055 ], [ 121.018692919631221, 14.632514103433579 ], [ 121.018682859031387, 14.63250757452859 ], [ 121.017235574862113, 14.631500549368727 ], [ 121.017234711529142, 14.631499955854965 ], [ 121.016605140426591, 14.631072353665212 ], [ 121.016597890188137, 14.631067170593361 ], [ 121.016234377107864, 14.63079385893845 ], [ 121.016224590722146, 14.630785965763998 ], [ 121.015802519899395, 14.63042111715844 ], [ 121.01580140273839, 14.630420166890492 ], [ 121.014990718443656, 14.629741634088745 ], [ 121.014984893105847, 14.62973654652833 ], [ 121.008104677619585, 14.623467651219389 ], [ 121.003665424485391, 14.619457352429679 ], [ 121.003664957542824, 14.619456929139091 ], [ 121.001776727436265, 14.617739292069695 ], [ 121.001774401430453, 14.617737246710382 ], [ 121.00107964523572, 14.617146747185069 ], [ 121.001076177146984, 14.617144082030762 ], [ 121.00107257819927, 14.617146577265132 ], [ 120.996280930976269, 14.620829649533375 ], [ 120.993246560404927, 14.623172881328033 ], [ 120.993245838805308, 14.623173435728834 ], [ 120.992767007393297, 14.623539448336544 ], [ 120.992766674944676, 14.623539703650872 ], [ 120.990594197381924, 14.625215942805816 ], [ 120.990593972252498, 14.62521611623273 ], [ 120.989664511581964, 14.62593097811434 ], [ 120.989661095049129, 14.625933890641226 ] ] ] } },
{ "type": "Feature", "properties": { "district": "DISTRICT 2", "barangay_name": "Bagong Silangan", "barangay_geom": "POLYGON((121.115530856141 14.6980203188274, 121.117180460446 14.6988725549475, 121.117235210992 14.6991573939506, 121.122743739419 14.7380870274512, 121.122008482843 14.7364291613885, 121.121971947483 14.7359951486189, 121.122085374584 14.7348191838766, 121.121411217795 14.7347943038727, 121.121089626865 14.7346582125535, 121.119657817498 14.7336596854916, 121.119492987387 14.7332749785614, 121.118838063724 14.7328980434079, 121.118640996347 14.7323678012824, 121.118536130392 14.7321475218762, 121.118539365028 14.7318778656518, 121.118552521814 14.7312201674654, 121.11852864247 14.7308025427113, 121.118437245711 14.7304836134478, 121.118098939971 14.7297142831966, 121.117865568721 14.7293099156567, 121.117669421278 14.728977879724, 121.117381754186 14.7281263110925, 121.117276907387 14.727935640144, 121.117107903985 14.7278239141192, 121.116290071274 14.7275448019064, 121.115252587652 14.7272394950538, 121.114647615592 14.7269537001788, 121.113474835275 14.7263524873159, 121.113130078462 14.7261191721375, 121.112700536211 14.7252906869032, 121.112457032818 14.7248567275142, 121.112341957492 14.7244654562857, 121.11237214438 14.7240412245255, 121.112517175095 14.7235215748931, 121.112929058341 14.7228867027016, 121.112979589908 14.7225874321483, 121.112908452543 14.7222388813584, 121.112685338479 14.7220087959682, 121.112252732002 14.721778821012, 121.111701556616 14.7215841695237, 121.111889288856 14.7138925453367, 121.108011328714 14.7121080365933, 121.106307501995 14.7115781546277, 121.100457587348 14.7046294968362, 121.099976674217 14.7006585895473, 121.098677345266 14.699456881218, 121.097092897051 14.697676350287, 121.096657544723 14.6971584608557, 121.096591505929 14.6971773963354, 121.096113440954 14.6966973305395, 121.095806346415 14.6962739171126, 121.095424470408 14.6958755518469, 121.096332297974 14.694918407747, 121.096331859371 14.6932605342927, 121.101530994836 14.6932255540384, 121.111433947959 14.6932125859993, 121.11144598162 14.6932125711818, 121.11150742838 14.6946713024773, 121.111589547908 14.6957511773652, 121.111901077927 14.6961473173493, 121.112292220816 14.6964867848555, 121.113912109804 14.6973634620775, 121.115530856141 14.6980203188274))", "BARANGAY": "Bagong Silangan" }, "geometry": { "type": "Polygon", "coordinates": [ [ [ 121.069227344418039, 14.677012690277026 ], [ 121.069227384783531, 14.677016817369434 ], [ 121.06937566907682, 14.679526545768628 ], [ 121.069375747576572, 14.679527737069639 ], [ 121.069874219369055, 14.686383298825701 ], [ 121.069874551423212, 14.686389264020663 ], [ 121.069963713055913, 14.688696167311637 ], [ 121.069963844308319, 14.688702905903202 ], [ 121.069965126886459, 14.692734049555069 ], [ 121.069965420458658, 14.69273909109744 ], [ 121.069966863415303, 14.692743941456566 ], [ 121.070194619524216, 14.693374309766892 ], [ 121.070197440571846, 14.69338119981065 ], [ 121.072657272810446, 14.69873818174444 ], [ 121.072664007720732, 14.698755074663076 ], [ 121.072668970949493, 14.69877253911406 ], [ 121.072672112605389, 14.698790399542863 ], [ 121.072750926156459, 14.699429731598263 ], [ 121.072752062918156, 14.699443183049684 ], [ 121.072775378831068, 14.699950276909545 ], [ 121.072775750574678, 14.699954304451285 ], [ 121.07277649169886, 14.699958283348769 ], [ 121.072910732716423, 14.700531210629583 ], [ 121.072911940312764, 14.70053541216225 ], [ 121.072913958326353, 14.70053930782494 ], [ 121.073294283907344, 14.701192555085241 ], [ 121.073296848872005, 14.701196474363263 ], [ 121.073299815126745, 14.70120011548897 ], [ 121.073777940385995, 14.701728547043492 ], [ 121.073781357028295, 14.701731943506761 ], [ 121.073785122506351, 14.701734970435187 ], [ 121.07426444988775, 14.702080534806477 ], [ 121.074276868200016, 14.702090320247629 ], [ 121.074288376264391, 14.702101108610563 ], [ 121.074298888870246, 14.702112820013788 ], [ 121.074801079671829, 14.702723421679732 ], [ 121.074804473470977, 14.70272711087542 ], [ 121.074808615050841, 14.702729986920909 ], [ 121.075397094218857, 14.703092689327336 ], [ 121.07540162855372, 14.703095147318431 ], [ 121.075406612507734, 14.703096556983084 ], [ 121.076091457402555, 14.703250146987152 ], [ 121.076095085392041, 14.703250998088885 ], [ 121.076784497251026, 14.703419881087401 ], [ 121.07680201895657, 14.70342508017959 ], [ 121.076818929101634, 14.703431934405003 ], [ 121.076835063114572, 14.703440377057534 ], [ 121.076850263977022, 14.703450325972272 ], [ 121.077327035694765, 14.703796794362077 ], [ 121.077342252795518, 14.703809135811698 ], [ 121.077745708438272, 14.704173540643055 ], [ 121.077749030679811, 14.704176266587796 ], [ 121.077753373413557, 14.704176408423475 ], [ 121.081055030078176, 14.704131098517344 ], [ 121.081072940667795, 14.704131694450025 ], [ 121.081090708816745, 14.704133968205632 ], [ 121.081108169014357, 14.704137898604138 ], [ 121.081125158618406, 14.70414344903384 ], [ 121.081141519370291, 14.704150567792391 ], [ 121.081157098869141, 14.704159188568427 ], [ 121.081171751991363, 14.704169231059227 ], [ 121.081185342242591, 14.704180601718743 ], [ 121.081197743029051, 14.704193194628981 ], [ 121.081208838836787, 14.704206892486617 ], [ 121.081218526307694, 14.704221567695678 ], [ 121.081226715202362, 14.704237083556098 ], [ 121.081233329240575, 14.704253295537089 ], [ 121.083151337035744, 14.709708410907755 ], [ 121.083151682912288, 14.709709404008741 ], [ 121.083214506408723, 14.709891522303177 ], [ 121.083216204680696, 14.709895720984965 ], [ 121.083220513765184, 14.70989738547239 ], [ 121.089893124567624, 14.712097741029606 ], [ 121.089916288966677, 14.712107121113696 ], [ 121.090281788435675, 14.712284200704504 ], [ 121.090297349424361, 14.712292670340288 ], [ 121.090312004152494, 14.712302553453432 ], [ 121.090325617523476, 14.712313758935293 ], [ 121.090338064040637, 14.712326183486788 ], [ 121.090349228963959, 14.712339712570673 ], [ 121.09035900936793, 14.712354221467384 ], [ 121.090367315090305, 14.712369576424832 ], [ 121.09037406956341, 14.712385635891346 ], [ 121.09037921051987, 14.712402251820619 ], [ 121.090382690566699, 14.712419271036481 ], [ 121.090384477622209, 14.712436536644972 ], [ 121.09038455521177, 14.712453889480694 ], [ 121.09038292261971, 14.712471169574082 ], [ 121.090130413164033, 14.714218655134019 ], [ 121.090130018327002, 14.714222941105788 ], [ 121.09013443387569, 14.714223158615363 ], [ 121.090364252618798, 14.71422321806619 ], [ 121.09038306755555, 14.714224153090365 ], [ 121.090401688320284, 14.714226938822824 ], [ 121.090419923246401, 14.714231546589611 ], [ 121.090437584638849, 14.714237928962298 ], [ 121.090454490705937, 14.714246020246117 ], [ 121.090470467430549, 14.714255737156195 ], [ 121.090631801095157, 14.714365312527208 ], [ 121.09063559758718, 14.714367630937113 ], [ 121.090640068130526, 14.714367941083546 ], [ 121.091674486907124, 14.714390333813212 ], [ 121.091684596547296, 14.714390821216085 ], [ 121.092243058421531, 14.714432621315833 ], [ 121.092251391058838, 14.714432879432765 ], [ 121.092638355712808, 14.714427938038863 ], [ 121.092646585628486, 14.714427476540978 ], [ 121.093168721632821, 14.714375469483757 ], [ 121.09317287436906, 14.714374869641576 ], [ 121.093176954216062, 14.714373906177428 ], [ 121.093645900642571, 14.714240986713623 ], [ 121.093649204770799, 14.71423991757017 ], [ 121.093652417094489, 14.714238609980406 ], [ 121.094576430622041, 14.713822124297284 ], [ 121.094592463625958, 14.713815763376392 ], [ 121.094609035630157, 14.71381088352255 ], [ 121.094626002564738, 14.713807527159149 ], [ 121.094643216926514, 14.713805723465017 ], [ 121.09466052906123, 14.713805488120725 ], [ 121.094677788464665, 14.713806823172298 ], [ 121.094694845090999, 14.713809717013433 ], [ 121.094711550657252, 14.713814144486349 ], [ 121.09483498657633, 14.713852958929801 ], [ 121.094852973377087, 14.713859635500778 ], [ 121.094870153345582, 14.713868088643419 ], [ 121.094886341845495, 14.713878227510335 ], [ 121.094901364895946, 14.713889943137323 ], [ 121.095798425869475, 14.714667146118751 ], [ 121.095801762066742, 14.714669776023225 ], [ 121.095805714260351, 14.714671407989963 ], [ 121.096098228010575, 14.714776836226898 ], [ 121.096102463621676, 14.714778141537142 ], [ 121.096106808295474, 14.71477904561109 ], [ 121.096879272921612, 14.714902395306218 ], [ 121.096882949493207, 14.714902836320491 ], [ 121.096886650512772, 14.714902990039574 ], [ 121.097921054190621, 14.71490566500834 ], [ 121.097938298820708, 14.714906490794851 ], [ 121.097955390109945, 14.71490887189228 ], [ 121.097972180304438, 14.714912787716123 ], [ 121.097988524253253, 14.714918204414193 ], [ 121.098004280663204, 14.714925075159274 ], [ 121.098019313320293, 14.714933340553923 ], [ 121.098198146235646, 14.715042642210548 ], [ 121.098210470292813, 14.715050865512735 ], [ 121.098222075150545, 14.715060026604993 ], [ 121.09979356321557, 14.716406125860109 ], [ 121.099804842865453, 14.716416639143715 ], [ 121.100664739969233, 14.71728847382477 ], [ 121.100677560133136, 14.717302928524413 ], [ 121.100812063335226, 14.717471857972999 ], [ 121.100822141448035, 14.717485832054026 ], [ 121.100830819827735, 14.717500669343824 ], [ 121.100838021032459, 14.717516237441702 ], [ 121.100843680801802, 14.717532397425597 ], [ 121.100927613400344, 14.717815126119243 ], [ 121.100931840189816, 14.717832563025084 ], [ 121.100934272501021, 14.717850321555179 ], [ 121.100934886433592, 14.717868227214119 ], [ 121.100929289159353, 14.718203964844943 ], [ 121.10092832326751, 14.718219673489925 ], [ 121.10092595706459, 14.718235240812545 ], [ 121.100922208489152, 14.718250548792343 ], [ 121.100917105960036, 14.718265481374983 ], [ 121.100695643114165, 14.718830204455484 ], [ 121.100688275978683, 14.718846525033424 ], [ 121.100679292774473, 14.718862059868473 ], [ 121.10066878089161, 14.718876657834553 ], [ 121.100656842591675, 14.71889017691962 ], [ 121.100504762228923, 14.71904612687443 ], [ 121.100489103093537, 14.719060428983179 ], [ 121.100471852184185, 14.719072875949678 ], [ 121.099838331705314, 14.719476915614791 ], [ 121.099834842796, 14.71947938044033 ], [ 121.099835310743885, 14.719483551602172 ], [ 121.099949127925299, 14.720185315443658 ], [ 121.099950008248101, 14.720189457875266 ], [ 121.099952734134021, 14.720192752602403 ], [ 121.100051272616184, 14.720300932805507 ], [ 121.100054769956699, 14.720304377360012 ], [ 121.100059213859794, 14.720306555542297 ], [ 121.100868537788543, 14.720651157202866 ], [ 121.100872470344072, 14.72065262676111 ], [ 121.100876682805279, 14.720652627650901 ], [ 121.101372573062775, 14.720630613117349 ], [ 121.101388205668044, 14.720630560191893 ], [ 121.101403787454629, 14.72063178714882 ], [ 121.10141920799758, 14.720634285292958 ], [ 121.101547398642722, 14.72066049224212 ], [ 121.101563483725414, 14.720664519287645 ], [ 121.101579134777793, 14.720669929011368 ], [ 121.101594226601591, 14.720676678139057 ], [ 121.101608638472001, 14.720684712682118 ], [ 121.10162225510328, 14.72069396836946 ], [ 121.10175858725222, 14.720795759949171 ], [ 121.101771022598754, 14.720805915041472 ], [ 121.101782499222125, 14.720817088305019 ], [ 121.101792929425002, 14.720829194360837 ], [ 121.102140830902798, 14.721270849363664 ], [ 121.102145324370326, 14.721276801798275 ], [ 121.10253274695755, 14.721812625848603 ], [ 121.102535495502778, 14.721816060796305 ], [ 121.102538872336439, 14.721818916206068 ], [ 121.102868033242913, 14.722071091309841 ], [ 121.102871953119902, 14.722073934926943 ], [ 121.103327509865025, 14.722386593451178 ], [ 121.103331820422994, 14.722389380104175 ], [ 121.104365465366911, 14.723017907072544 ], [ 121.104369011946133, 14.723019958424809 ], [ 121.104751797812639, 14.723230304374537 ], [ 121.104760179939234, 14.723234381616148 ], [ 121.10527597341877, 14.723454335584879 ], [ 121.105279752635226, 14.723455758454172 ], [ 121.105283728967692, 14.723456517714169 ], [ 121.105498708919725, 14.723488115179094 ], [ 121.105502720620052, 14.72348853118196 ], [ 121.105506705859526, 14.723487920036161 ], [ 121.105796795638014, 14.723430682687425 ], [ 121.105809765455305, 14.723427152416924 ], [ 121.106350724774671, 14.723237715386759 ], [ 121.106367787412125, 14.723232627160712 ], [ 121.106385273086886, 14.723229156435911 ], [ 121.10661912232203, 14.723194032727536 ], [ 121.10664323003607, 14.723191964770574 ], [ 121.107080745785424, 14.723182295956198 ], [ 121.107093643476318, 14.723181130247108 ], [ 121.107433604409053, 14.723126887242385 ], [ 121.107438536074014, 14.723125828432476 ], [ 121.107443319730592, 14.723124252627562 ], [ 121.107857494429538, 14.722962788956977 ], [ 121.107860816257286, 14.722961344187338 ], [ 121.107864011369472, 14.722959650201219 ], [ 121.108551658066759, 14.72256022568922 ], [ 121.10856369847707, 14.722553807043305 ], [ 121.108576193196072, 14.722548271654899 ], [ 121.109315551944036, 14.722252320123152 ], [ 121.109320039716508, 14.722250242826442 ], [ 121.10932427262712, 14.722247708958948 ], [ 121.109920729641019, 14.721846148240699 ], [ 121.109922062006078, 14.721845259544352 ], [ 121.110268483401143, 14.721616342265246 ], [ 121.11028518508509, 14.721606512331082 ], [ 121.110302854601116, 14.721598442839595 ], [ 121.110321296752844, 14.721592222935058 ], [ 121.110340307808627, 14.721587921329203 ], [ 121.110359677752044, 14.72158558554222 ], [ 121.110733271201511, 14.721559837064017 ], [ 121.110751350957514, 14.721559450127103 ], [ 121.111671469312768, 14.721583386868659 ], [ 121.11169128814565, 14.721584938755509 ], [ 121.111710822900022, 14.721588544056617 ], [ 121.111729849631814, 14.721594161441322 ], [ 121.11223945320998, 14.721774131531383 ], [ 121.11225251128198, 14.72177929692724 ], [ 121.112265129186298, 14.721785411410995 ], [ 121.112659506463928, 14.721995063622598 ], [ 121.112676066113622, 14.72200499658595 ], [ 121.112691467335694, 14.722016560975177 ], [ 121.112705541142333, 14.722029629901739 ], [ 121.112871773725402, 14.722201056534399 ], [ 121.112883072410312, 14.722213855951923 ], [ 121.112893095340368, 14.722227625168966 ], [ 121.112901755144335, 14.722242244157785 ], [ 121.112908976333443, 14.722257585483048 ], [ 121.112914695959446, 14.722273515412715 ], [ 121.112918864163376, 14.722289895083774 ], [ 121.112973025498377, 14.722555268631718 ], [ 121.112975535077084, 14.722571297687159 ], [ 121.112976558559794, 14.722587481138497 ], [ 121.1129760877091, 14.722603688739994 ], [ 121.112974126314128, 14.722619790051574 ], [ 121.112935167662613, 14.722850520625975 ], [ 121.112931242007278, 14.722868192978787 ], [ 121.112925521783751, 14.722885395162297 ], [ 121.112918064238158, 14.722901955021518 ], [ 121.112908944003337, 14.722917706829639 ], [ 121.11251963749848, 14.723517779386825 ], [ 121.112517385725027, 14.723521665021156 ], [ 121.112515966110905, 14.723525906734393 ], [ 121.112373337780824, 14.724036948545606 ], [ 121.112372364625386, 14.724041260700675 ], [ 121.112371829845273, 14.724045644858638 ], [ 121.112342236530068, 14.724461534835772 ], [ 121.112342133624509, 14.724465438250913 ], [ 121.112343068939666, 14.724469235359262 ], [ 121.112455620297766, 14.724851924766734 ], [ 121.112457295536117, 14.724856622614189 ], [ 121.112459493004224, 14.724861111941941 ], [ 121.112699088153406, 14.725288106253615 ], [ 121.112701897248357, 14.725293312031537 ], [ 121.113128003821856, 14.726115170663022 ], [ 121.113130254233624, 14.726119023527442 ], [ 121.1131338594531, 14.726121730939399 ], [ 121.113470153231063, 14.726349318735378 ], [ 121.113479880842348, 14.726355073889035 ], [ 121.114646264061761, 14.726953007336817 ], [ 121.114648989809126, 14.726954349375278 ], [ 121.115249282118683, 14.727237933492688 ], [ 121.11525264062648, 14.727239363209264 ], [ 121.115256104751737, 14.727240530061927 ], [ 121.116286191511705, 14.727543660194186 ], [ 121.116293896157529, 14.727546107281322 ], [ 121.117085045871505, 14.727816113086059 ], [ 121.117099950596199, 14.727821915349814 ], [ 121.117114284767311, 14.727828948683509 ], [ 121.117127941276564, 14.727837160532486 ], [ 121.117239091460945, 14.727910640530007 ], [ 121.117253413945932, 14.727921126470534 ], [ 121.117266631117005, 14.727932907286826 ], [ 121.117278619866468, 14.727945873249961 ], [ 121.117289268528367, 14.727959903592261 ], [ 121.117298477918538, 14.727974867632174 ], [ 121.117374122555248, 14.728112432470489 ], [ 121.117381107925638, 14.728126580365709 ], [ 121.117386805650426, 14.728141264776282 ], [ 121.117667940891167, 14.728973497412504 ], [ 121.11766964238285, 14.728977783702369 ], [ 121.117671783782669, 14.728981878948469 ], [ 121.117865105108763, 14.729309130860971 ], [ 121.117866024232328, 14.729310704932752 ], [ 121.118094052300165, 14.72970581423664 ], [ 121.118102866843429, 14.729723213200327 ], [ 121.118432401808235, 14.730472598119166 ], [ 121.118440553124472, 14.730495154690177 ], [ 121.118523223171621, 14.730783632074518 ], [ 121.118527564699903, 14.730802716066687 ], [ 121.118529763293665, 14.730822144742106 ], [ 121.118552134400105, 14.73121339200098 ], [ 121.118552386093299, 14.731226952126859 ], [ 121.118539379076537, 14.731877163384176 ], [ 121.118536178755889, 14.732143497023849 ], [ 121.118536313494303, 14.732147483690023 ], [ 121.118537869835691, 14.732151175721581 ], [ 121.11863760575369, 14.732360679073983 ], [ 121.118643739706542, 14.732375182757091 ], [ 121.118836507524421, 14.732893856206358 ], [ 121.118838245074187, 14.73289789717688 ], [ 121.118842001838587, 14.732900309961622 ], [ 121.119439865211419, 14.733244404704145 ], [ 121.11945410114663, 14.7332534796542 ], [ 121.119467423722455, 14.733263784764672 ], [ 121.119479721064948, 14.733275233500423 ], [ 121.119490889909372, 14.733287729722912 ], [ 121.119500836467282, 14.733301168497526 ], [ 121.119509477214081, 14.733315436974703 ], [ 121.119516739590452, 14.733330415337598 ], [ 121.11965616746555, 14.733655834387678 ], [ 121.119657976543252, 14.733659562347254 ], [ 121.119661302444115, 14.733662115872665 ], [ 121.121085633168349, 14.734655427419769 ], [ 121.121089755216275, 14.734657992334064 ], [ 121.121094132531525, 14.734660119272109 ], [ 121.121407254614411, 14.734792626731739 ], [ 121.121411262894853, 14.734794111248108 ], [ 121.121415536333316, 14.734794463256184 ], [ 121.121889160834328, 14.734811942738544 ], [ 121.121906857032599, 14.73481342299846 ], [ 121.121924326996975, 14.734816541715098 ], [ 121.121941410931825, 14.734821270362001 ], [ 121.121957952572572, 14.734827565686878 ], [ 121.121973800614811, 14.73483537010722 ], [ 121.121988810098387, 14.734844612237005 ], [ 121.12200284373327, 14.734855207539637 ], [ 121.12201577315534, 14.734867059101202 ], [ 121.122027480100499, 14.734880058516913 ], [ 121.122037857486461, 14.734894086882688 ], [ 121.12204681039222, 14.734909015882691 ], [ 121.122054256926248, 14.734924708963101 ], [ 121.12206012897559, 14.734941022581078 ], [ 121.122064372828888, 14.734957807517779 ], [ 121.122066949667669, 14.734974910243194 ], [ 121.122067835921499, 14.734992174320521 ], [ 121.122067023483467, 14.73500944183704 ], [ 121.121972327958119, 14.735991204046952 ], [ 121.121972126045065, 14.735995149648916 ], [ 121.121972279884545, 14.735999097303029 ], [ 121.122008071157097, 14.736424270870197 ], [ 121.122008749845591, 14.736429096531655 ], [ 121.122010480860254, 14.736433666575506 ], [ 121.122741917585699, 14.738082919586875 ], [ 121.12274340663555, 14.738085866996933 ], [ 121.122743112183969, 14.738082595131379 ], [ 121.117235515644666, 14.69915954719599 ], [ 121.117234800323402, 14.699155257454541 ], [ 121.117181312318408, 14.698876986806487 ], [ 121.117180258482804, 14.698872699459075 ], [ 121.117176368928142, 14.698870441165614 ], [ 121.115534669586353, 14.698022288990193 ], [ 121.115526871229179, 14.698018701843214 ], [ 121.113921756521393, 14.697367376576807 ], [ 121.11390297531517, 14.697358518578627 ], [ 121.112310203802664, 14.696496517268901 ], [ 121.112292879155333, 14.696485883052988 ], [ 121.112276863178053, 14.696473456203814 ], [ 121.111914234298041, 14.696158735607691 ], [ 121.11190168986252, 14.696146764683817 ], [ 121.111890363821757, 14.696133693375568 ], [ 121.1116231937783, 14.695793961363286 ], [ 121.1116129980295, 14.695779610937079 ], [ 121.111604271363944, 14.695764370420633 ], [ 121.111597095109303, 14.695748381847741 ], [ 121.111591536144218, 14.695731794223661 ], [ 121.111587646275041, 14.695714762136467 ], [ 121.111585461752838, 14.695697444316355 ], [ 121.111507653927774, 14.694674268441618 ], [ 121.11150730320719, 14.694668330895345 ], [ 121.111446856259533, 14.693233334851561 ], [ 121.111447139351725, 14.693222441073194 ], [ 121.111447095487193, 14.693222441235156 ], [ 121.111447045146818, 14.693209523312085 ], [ 121.111407841699403, 14.692468762173874 ], [ 121.111381383198406, 14.691968901587954 ], [ 121.111381251998822, 14.691966868959859 ], [ 121.111227528625278, 14.689948921786872 ], [ 121.111227059460134, 14.689931842105647 ], [ 121.111228249249152, 14.6899147956176 ], [ 121.111231087359187, 14.68989793466163 ], [ 121.11165010964848, 14.687981346887783 ], [ 121.111650900232732, 14.687977896817682 ], [ 121.112034703635743, 14.686376830246239 ], [ 121.112035457669094, 14.686372907055999 ], [ 121.11203585221358, 14.686368934314965 ], [ 121.112074611754835, 14.685645196894386 ], [ 121.112077072266189, 14.685623826251812 ], [ 121.112246844034914, 14.684667597242964 ], [ 121.112247430185548, 14.684662700992057 ], [ 121.112246351123972, 14.684657884821382 ], [ 121.112048335991261, 14.683961028225477 ], [ 121.112047182295228, 14.683956766566638 ], [ 121.112044209859576, 14.683945216960982 ], [ 121.112042868770786, 14.683940928617098 ], [ 121.112040284912439, 14.683937218123484 ], [ 121.111341355756323, 14.683034303362311 ], [ 121.111329600392153, 14.683017164847506 ], [ 121.111319925622979, 14.68299883510754 ], [ 121.111304203065856, 14.682964339535735 ], [ 121.10995907453858, 14.680012430717092 ], [ 121.109957405127176, 14.680009136171488 ], [ 121.109955465757167, 14.680005984847954 ], [ 121.109721179241859, 14.679658249688671 ], [ 121.109709682390957, 14.679638607746075 ], [ 121.108965083923138, 14.678158256715331 ], [ 121.108962995100612, 14.678154555835224 ], [ 121.10895992925208, 14.678151568530556 ], [ 121.108371861298508, 14.677630133257276 ], [ 121.108370687206616, 14.677629109811519 ], [ 121.1064842874748, 14.676012609726216 ], [ 121.106468365703506, 14.675997205911987 ], [ 121.106454469956091, 14.67598004414714 ], [ 121.105393046722014, 14.674492241198001 ], [ 121.105390451912612, 14.674488940088279 ], [ 121.105387555686235, 14.674485885771722 ], [ 121.104419001165326, 14.673554568730871 ], [ 121.104417405657671, 14.673553015797571 ], [ 121.102768163924665, 14.671928138791904 ], [ 121.102764017736789, 14.671924518751286 ], [ 121.102759454234771, 14.671921410673413 ], [ 121.101208362168279, 14.670995292098192 ], [ 121.100867493453151, 14.670793287935172 ], [ 121.100866697190227, 14.670792813380817 ], [ 121.100127265613025, 14.670349635093942 ], [ 121.100113111203456, 14.670340248536039 ], [ 121.1000999055411, 14.67032963214602 ], [ 121.100087761003522, 14.670317876267413 ], [ 121.099598154718649, 14.669798063594287 ], [ 121.099587815977173, 14.669786084942734 ], [ 121.099578580151686, 14.669773280714862 ], [ 121.099570516453255, 14.669759746862811 ], [ 121.098970636465964, 14.668644306715809 ], [ 121.098968573285816, 14.668640888497182 ], [ 121.098967142039129, 14.668644600237064 ], [ 121.098591857172181, 14.669784462953574 ], [ 121.098590732593337, 14.669788520842642 ], [ 121.098590001277003, 14.669792663082642 ], [ 121.098528062628816, 14.670278191285126 ], [ 121.098524945814461, 14.670295607774257 ], [ 121.098520096024941, 14.67031264450414 ], [ 121.09851355966228, 14.67032913846867 ], [ 121.098505399265548, 14.670344931854855 ], [ 121.098495692912522, 14.670359873552757 ], [ 121.098484533472586, 14.670373820601309 ], [ 121.098472027718245, 14.670386639556151 ], [ 121.098458295303473, 14.670398207766436 ], [ 121.098443467618964, 14.670408414548339 ], [ 121.098427686534876, 14.670417162244078 ], [ 121.09841110304356, 14.670424367156327 ], [ 121.098393875814693, 14.670429960348988 ], [ 121.098376169677266, 14.670433888306796 ], [ 121.098358154042501, 14.670436113447359 ], [ 121.098340001282864, 14.670436614480703 ], [ 121.098321885082754, 14.670435386613052 ], [ 121.098303978776826, 14.670432441592602 ], [ 121.098286453691458, 14.67042780759717 ], [ 121.098269477505497, 14.670421528964567 ], [ 121.098253212645872, 14.67041366576837 ], [ 121.098237814733537, 14.670404293243164 ], [ 121.098223431094567, 14.670393501064654 ], [ 121.09821019935039, 14.670381392491665 ], [ 121.097729319885403, 14.669896068563137 ], [ 121.097726186190499, 14.669893197105141 ], [ 121.097722626021962, 14.669895550782629 ], [ 121.096043446881552, 14.671124980260176 ], [ 121.096040018368399, 14.671127761126675 ], [ 121.096041419604575, 14.671131885728698 ], [ 121.096353825671216, 14.671917823429142 ], [ 121.096359449334983, 14.671934275934687 ], [ 121.0963634275858, 14.671951177342811 ], [ 121.096365723807054, 14.671968372091046 ], [ 121.096366316863609, 14.671985701916933 ], [ 121.096365201296521, 14.67200300731472 ], [ 121.096362387373205, 14.672020129003446 ], [ 121.09635790099297, 14.672036909393018 ], [ 121.096351783448654, 14.672053194034644 ], [ 121.096344091046561, 14.672068833042427 ], [ 121.096334894588239, 14.672083682472984 ], [ 121.096324278718797, 14.672097605650212 ], [ 121.096312341147865, 14.672110474423397 ], [ 121.096299191750248, 14.672122170346665 ], [ 121.096284951554566, 14.672132585769202 ], [ 121.09626975162945, 14.67214162482607 ], [ 121.096253731876942, 14.672149204320609 ], [ 121.096237039745034, 14.67215525449015 ], [ 121.096219828870289, 14.672159719648139 ], [ 121.096202257664061, 14.672162558696696 ], [ 121.095906840183531, 14.67219621085651 ], [ 121.095902610426918, 14.67219689794514 ], [ 121.095903694836835, 14.672200936828951 ], [ 121.096251481114024, 14.673278187276349 ], [ 121.096256165609802, 14.67329572796339 ], [ 121.096259021978113, 14.673313637180728 ], [ 121.096260021495738, 14.673331734839415 ], [ 121.096259154111479, 14.673349838955584 ], [ 121.09625642854698, 14.673367767480379 ], [ 121.096251872209137, 14.673385340130588 ], [ 121.096245530914615, 14.673402380201527 ], [ 121.096237468428896, 14.673418716343896 ], [ 121.096227765825347, 14.673434184286851 ], [ 121.096216520669898, 14.673448628489846 ], [ 121.096203846039856, 14.673461903706706 ], [ 121.096189869387032, 14.673473876446181 ], [ 121.096174731255914, 14.673484426314305 ], [ 121.096158583870547, 14.673493447225031 ], [ 121.096141589603832, 14.673500848467016 ], [ 121.096123919344606, 14.673506555615784 ], [ 121.096105750779316, 14.673510511282108 ], [ 121.096087266605281, 14.673512675689143 ], [ 121.096065417174088, 14.673514157397562 ], [ 121.09422626344913, 14.673640202273067 ], [ 121.094222033193191, 14.673640683375003 ], [ 121.094217866259825, 14.673641540922926 ], [ 121.092123256286555, 14.674171659334798 ], [ 121.092104523571152, 14.674175409464052 ], [ 121.092085493945461, 14.674177263694654 ], [ 121.09190729616914, 14.674185637230401 ], [ 121.088808905240739, 14.67435323054975 ], [ 121.088804690591729, 14.67435365445923 ], [ 121.088804102857111, 14.674357739457204 ], [ 121.088803709259651, 14.674361906020636 ], [ 121.088788504098744, 14.67452438541636 ], [ 121.08856720688631, 14.676888361234269 ], [ 121.088564650480905, 14.676905998206337 ], [ 121.088560323141948, 14.676923304573997 ], [ 121.088554266897802, 14.676940112251099 ], [ 121.088546540568728, 14.676956257994942 ], [ 121.088537219195501, 14.676971584991742 ], [ 121.088526393310673, 14.676985944379709 ], [ 121.088514168059262, 14.676999196694801 ], [ 121.088500662177537, 14.677011213225303 ], [ 121.088486006839858, 14.677021877261911 ], [ 121.088470344384561, 14.677031085231279 ], [ 121.088453826931641, 14.677038747701951 ], [ 121.088436614905135, 14.677044790252996 ], [ 121.088418875475128, 14.677049154196759 ], [ 121.088400780934165, 14.677051797148923 ], [ 121.088382507023638, 14.677052693440123 ], [ 121.082939302714252, 14.677058172071684 ], [ 121.08292083784184, 14.677057294452471 ], [ 121.082902554167333, 14.677054633561363 ], [ 121.082884632973006, 14.677050215781128 ], [ 121.082867251947064, 14.677044084913998 ], [ 121.082850583421916, 14.677036301747419 ], [ 121.082834792665537, 14.677026943451359 ], [ 121.082820036242708, 14.677016102813141 ], [ 121.082806460462763, 14.67700388731742 ], [ 121.082794199928983, 14.676990418080525 ], [ 121.082783376203878, 14.67697582864955 ], [ 121.082774096604055, 14.676960263678255 ], [ 121.082503871542002, 14.676450071125201 ], [ 121.082365017242253, 14.67618790938538 ], [ 121.082361441408821, 14.676181761018542 ], [ 121.081685393587406, 14.675118594834831 ], [ 121.08168378775278, 14.675116157594125 ], [ 121.081228000721168, 14.674448186121925 ], [ 121.081225527504856, 14.674444738384578 ], [ 121.08071548314939, 14.673767838794536 ], [ 121.080713391277584, 14.673765168107266 ], [ 121.080236421473685, 14.673179136187137 ], [ 121.080234593200473, 14.673176960271149 ], [ 121.079658047147845, 14.672512157655312 ], [ 121.079030951965493, 14.671799498591829 ], [ 121.079027979749256, 14.671796280189785 ], [ 121.078341015029608, 14.671087327387818 ], [ 121.07833805656071, 14.671084562591542 ], [ 121.078337831729769, 14.671088548936519 ], [ 121.078337603394417, 14.671130767095599 ], [ 121.078306028617945, 14.6768482057242 ], [ 121.078305040516113, 14.676865880667902 ], [ 121.07830228102506, 14.676883376745648 ], [ 121.078297776614193, 14.676900526130266 ], [ 121.078291570490606, 14.676917164320118 ], [ 121.078283722184864, 14.676933131717082 ], [ 121.078274306979779, 14.676948275157399 ], [ 121.078263415188331, 14.676962449380953 ], [ 121.078251151287461, 14.676975518424571 ], [ 121.07823763291583, 14.676987356926293 ], [ 121.078222989745299, 14.676997851327844 ], [ 121.078207362237308, 14.677006900963926 ], [ 121.07819090029534, 14.677014419027868 ], [ 121.078173761827074, 14.677020333404247 ], [ 121.078156111229603, 14.677024587360709 ], [ 121.078138117812628, 14.677027140092108 ], [ 121.078119954174213, 14.677027967111956 ], [ 121.074322114392558, 14.677019612824823 ], [ 121.069231579594856, 14.6770124984882 ], [ 121.069227344418039, 14.677012690277026 ] ] ] } },
{ "type": "Feature", "properties": { "district": "DISTRICT 3", "barangay_name": "Amihan", "barangay_geom": "POLYGON((121.067016483966 14.6318739463367, 121.06735989322 14.6317122879424, 121.067902271448 14.6314466308502, 121.068361846312 14.6306081412598, 121.068652696641 14.6300054280347, 121.070863453895 14.6310414301985, 121.070211642221 14.6324299893715, 121.069863387403 14.6332046297861, 121.069652869467 14.6331317538931, 121.069588478805 14.633172445415, 121.069373933109 14.6335453385949, 121.069148828792 14.6336998607537, 121.068871600686 14.6338516595141, 121.068640496029 14.633936759905, 121.068242638357 14.6340301338253, 121.068073170197 14.6340230160626, 121.067686277719 14.6338222529883, 121.067129290832 14.6336578451373, 121.066897907724 14.6338978058255, 121.066820536017 14.6338978280371, 121.066043127854 14.6336613009928, 121.065807278942 14.6334353835499, 121.065961945604 14.6332416403406, 121.066046643945 14.6331268301341, 121.066630883689 14.6324021819979, 121.067016483966 14.6318739463367))", "BARANGAY": "Amihan" }, "geometry": { "type": "Polygon", "coordinates": [ [ [ 121.045958127059293, 14.63069387105009 ], [ 121.045962301468734, 14.630695317130854 ], [ 121.052169387673189, 14.632507711423413 ], [ 121.052169710723135, 14.632507806056811 ], [ 121.054449671442484, 14.633177879472909 ], [ 121.057323819017412, 14.634005904205678 ], [ 121.057324097591533, 14.634005984690209 ], [ 121.061690095607446, 14.635270966048093 ], [ 121.061706047623616, 14.635276368273374 ], [ 121.062068483682808, 14.63541741367488 ], [ 121.062085383097454, 14.635424966816478 ], [ 121.062101421582994, 14.63543412830423 ], [ 121.062116438190841, 14.635444806201374 ], [ 121.062130282227002, 14.635456893353714 ], [ 121.062560968140104, 14.635872649002067 ], [ 121.062564243535675, 14.63587552029076 ], [ 121.062568511680624, 14.635876590260011 ], [ 121.063391538398321, 14.636042282324635 ], [ 121.063409210731209, 14.636046732451108 ], [ 121.063882276647959, 14.636190359537805 ], [ 121.063899022816742, 14.636196317069031 ], [ 121.063915104719214, 14.636203811393029 ], [ 121.063930373992619, 14.636212773371373 ], [ 121.063944689770992, 14.636223120325839 ], [ 121.063957919984674, 14.636234756801192 ], [ 121.063969942578822, 14.636247575445749 ], [ 121.063980646639379, 14.636261458001758 ], [ 121.063989933416238, 14.636276276396375 ], [ 121.063997717234344, 14.636291893923202 ], [ 121.064003926284087, 14.636308166503433 ], [ 121.064008503283745, 14.636324944015062 ], [ 121.064011406008049, 14.636342071677831 ], [ 121.064012607677611, 14.636359391481115 ], [ 121.064012097206032, 14.636376743641703 ], [ 121.064009879302262, 14.636393968077799 ], [ 121.06388458717089, 14.637093036527821 ], [ 121.063880511274718, 14.63711575462189 ], [ 121.063879966046557, 14.637119997005207 ], [ 121.063882951787861, 14.637123132063524 ], [ 121.064489440826733, 14.637701090408461 ], [ 121.064514290421073, 14.63772476502391 ], [ 121.064515155229714, 14.637725594347513 ], [ 121.074431893837499, 14.647297243461395 ], [ 121.074433003384314, 14.647298296599756 ], [ 121.076309475380086, 14.649049844672241 ], [ 121.076322631777941, 14.649063464833779 ], [ 121.076334272488324, 14.649078335440588 ], [ 121.07634427293182, 14.649094297347192 ], [ 121.076352526083028, 14.649111179728923 ], [ 121.076358943616142, 14.649128801910152 ], [ 121.076363456850061, 14.649146975297837 ], [ 121.076366017483565, 14.649165505399854 ], [ 121.076366598112116, 14.649184193906466 ], [ 121.076286374297524, 14.65281465917468 ], [ 121.076285053674241, 14.652832637168942 ], [ 121.076281900377381, 14.652850397703155 ], [ 121.076276945767049, 14.652867764143217 ], [ 121.076270239118003, 14.652884563774363 ], [ 121.076261847129615, 14.652900629518895 ], [ 121.076251853262633, 14.652915801597828 ], [ 121.076240356908968, 14.652929929119949 ], [ 121.076227472403346, 14.652942871582471 ], [ 121.076213327886251, 14.652954500268383 ], [ 121.076198064029299, 14.652964699526644 ], [ 121.076181832636536, 14.652973367922277 ], [ 121.076164795134417, 14.65298041924528 ], [ 121.076147120966553, 14.652985783367955 ], [ 121.076128985908355, 14.652989406942364 ], [ 121.076110570319017, 14.652991253930912 ], [ 121.07609205734768, 14.652991305964738 ], [ 121.07433765156398, 14.652910967094597 ], [ 121.074333187890872, 14.652910982574124 ], [ 121.074332963742151, 14.652915322857615 ], [ 121.074334503113406, 14.657480733099996 ], [ 121.074334746639011, 14.657485294284511 ], [ 121.074338027296079, 14.657488559180232 ], [ 121.076292845162612, 14.659243030000958 ], [ 121.076305838384343, 14.659255918541792 ], [ 121.076317445585047, 14.659270005109141 ], [ 121.076327550878034, 14.659285149062542 ], [ 121.076336053371477, 14.659301199204531 ], [ 121.076342868175999, 14.659317995290195 ], [ 121.076347927251973, 14.65933536962706 ], [ 121.076351180089091, 14.659353148749348 ], [ 121.076352594210462, 14.659371155149843 ], [ 121.07635215549702, 14.659389209052128 ], [ 121.076349868328421, 14.659407130205478 ], [ 121.076345755539393, 14.659424739684511 ], [ 121.076339858191744, 14.659441861675555 ], [ 121.076332235164443, 14.659458325232029 ], [ 121.076149673874156, 14.659805219247067 ], [ 121.076148677620651, 14.659807169860892 ], [ 121.074880112876855, 14.662367886485651 ], [ 121.074872030148995, 14.662382455852903 ], [ 121.074862611676224, 14.66239624389998 ], [ 121.074851936516353, 14.662409134890867 ], [ 121.07443524513306, 14.662867634208348 ], [ 121.074433790396, 14.662869274102951 ], [ 121.074078274524226, 14.663279889285203 ], [ 121.074065426860869, 14.663293286154628 ], [ 121.07405125155303, 14.663305347383856 ], [ 121.074035894376806, 14.663315948937463 ], [ 121.074019513262485, 14.66332498179106 ], [ 121.074002276670313, 14.663332353052468 ], [ 121.073984361858251, 14.663337986917023 ], [ 121.073965953058959, 14.663341825447144 ], [ 121.073947239585195, 14.663343829168134 ], [ 121.073928413882939, 14.663343977474144 ], [ 121.07390966955235, 14.663342268840074 ], [ 121.07337826521119, 14.663267206139839 ], [ 121.065841386711114, 14.662202386655922 ], [ 121.065837601787976, 14.662202038593962 ], [ 121.065840655081459, 14.662204243793292 ], [ 121.068463622361193, 14.663907775977423 ], [ 121.068469435860493, 14.663911709580089 ], [ 121.068667597783971, 14.664051321941404 ], [ 121.0686712493508, 14.664053767425326 ], [ 121.070416344341453, 14.665163647308175 ], [ 121.07043062249879, 14.665173700585084 ], [ 121.070443857266881, 14.665185026446062 ], [ 121.070455929410713, 14.665197522854093 ], [ 121.070466730169571, 14.665211077226411 ], [ 121.070476162236844, 14.665225567448791 ], [ 121.070484140636736, 14.665240862975724 ], [ 121.070490593489723, 14.665256826006489 ], [ 121.070495462660347, 14.665273312726663 ], [ 121.070498704280794, 14.665290174603733 ], [ 121.070500289146153, 14.66530725972529 ], [ 121.070500202977669, 14.665324414167626 ], [ 121.070498446551255, 14.665341483382459 ], [ 121.070495035690556, 14.665358313589334 ], [ 121.070490001124469, 14.665374753161016 ], [ 121.070483388210206, 14.665390653989572 ], [ 121.06898064606095, 14.668562253283069 ], [ 121.068972707063367, 14.668577148591352 ], [ 121.068854833920852, 14.668775229158145 ], [ 121.068852826672256, 14.668779002957004 ], [ 121.068851584030938, 14.66878307684093 ], [ 121.068793072138504, 14.66901447069753 ], [ 121.068792253358211, 14.669018486804362 ], [ 121.068791812376574, 14.669022558679345 ], [ 121.068639364907796, 14.671509635037413 ], [ 121.068635301300361, 14.671576399895944 ], [ 121.06863525644151, 14.671580830853435 ], [ 121.068636104700047, 14.671585184422696 ], [ 121.069075523263919, 14.673357924481506 ], [ 121.069078687957273, 14.67337376173959 ], [ 121.069208111744771, 14.674221868313175 ], [ 121.069210123759078, 14.674247344072716 ], [ 121.069219007845732, 14.675692105700962 ], [ 121.069227102078827, 14.6770080765597 ], [ 121.069227339497601, 14.677012286605782 ], [ 121.069231665311136, 14.677012498608873 ], [ 121.074321957672666, 14.677019612543194 ], [ 121.078300114645131, 14.677028365112307 ], [ 121.078300487505572, 14.677028365683801 ], [ 121.078304821998088, 14.677028165518939 ], [ 121.07830505775388, 14.677023946719517 ], [ 121.078335368844805, 14.6715355140506 ], [ 121.078336379729279, 14.671517625741517 ], [ 121.078339204874695, 14.671499922745262 ], [ 121.07834381652107, 14.671482579009215 ], [ 121.078350169354579, 14.671465764950707 ], [ 121.078358200952763, 14.671449645782477 ], [ 121.078367832397802, 14.67143437988933 ], [ 121.07837896905221, 14.6714201172719 ], [ 121.07839150148844, 14.671406998072721 ], [ 121.078405306564278, 14.671395151199254 ], [ 121.078420248632909, 14.671384693057263 ], [ 121.078436180875443, 14.671375726406991 ], [ 121.078452946743937, 14.671368339353524 ], [ 121.078470381499272, 14.671362604481036 ], [ 121.078488313830007, 14.671358578139612 ], [ 121.078506567535683, 14.671356299891549 ], [ 121.078524963258005, 14.671355792122645 ], [ 121.078543320243227, 14.67135705982221 ], [ 121.078561458118301, 14.671360090534069 ], [ 121.078579198662993, 14.67136485447892 ], [ 121.078596367561261, 14.671371304846989 ], [ 121.078612796113788, 14.671379378257912 ], [ 121.078628322895867, 14.671388995383511 ], [ 121.078642795343313, 14.671400061727285 ], [ 121.078656071251658, 14.671412468552898 ], [ 121.079026453441628, 14.671794705035479 ], [ 121.079032399341529, 14.671801143428507 ], [ 121.079657183942899, 14.672511169529422 ], [ 121.079658047444155, 14.672512157996968 ], [ 121.080233661565373, 14.673175886027133 ], [ 121.080237318332806, 14.673180238122193 ], [ 121.080712319660066, 14.673763851461917 ], [ 121.080716503765032, 14.673769193297806 ], [ 121.081224249331598, 14.674443042077382 ], [ 121.081229196434165, 14.674449938485996 ], [ 121.081682964670946, 14.675114951343566 ], [ 121.081686176546285, 14.675119826137749 ], [ 121.082359528434267, 14.676178752652319 ], [ 121.082366682838753, 14.676191054093051 ], [ 121.082503871542002, 14.676450071125201 ], [ 121.082823894579107, 14.67705428340674 ], [ 121.08282615019229, 14.677058066816391 ], [ 121.082830638486882, 14.677058280143074 ], [ 121.088547261758862, 14.677052525622001 ], [ 121.088551641478077, 14.677052310805493 ], [ 121.088552254207585, 14.677048083746744 ], [ 121.088556766214538, 14.676999890084545 ], [ 121.088788503637261, 14.674524390347088 ], [ 121.088789955862239, 14.674508872101388 ], [ 121.088792386044972, 14.674491879296934 ], [ 121.0887964604334, 14.674475187375421 ], [ 121.088802142312105, 14.674458946751031 ], [ 121.088809380480157, 14.674443303771227 ], [ 121.088818109712761, 14.674428399397931 ], [ 121.088828251348858, 14.674414367937333 ], [ 121.08883971399996, 14.674401335829605 ], [ 121.088852394373788, 14.674389420509554 ], [ 121.088866178204952, 14.674378729348387 ], [ 121.088880941284629, 14.674369358686185 ], [ 121.088896550579904, 14.674361392963748 ], [ 121.088912865432491, 14.674354903961717 ], [ 121.088929738826181, 14.67434995015372 ], [ 121.088947018711721, 14.674346576179474 ], [ 121.088964549376925, 14.674344812442527 ], [ 121.091905945990959, 14.674185705473745 ], [ 121.09190729631618, 14.674185637223493 ], [ 121.092099894028607, 14.674176587026913 ], [ 121.092104635630264, 14.674176125009115 ], [ 121.092109303250922, 14.674175190591573 ], [ 121.09420541691577, 14.673644691754589 ], [ 121.094222128922482, 14.673641252452065 ], [ 121.094239094902349, 14.673639322931029 ], [ 121.096065280155969, 14.673514166738956 ], [ 121.096304429942748, 14.673497948748636 ], [ 121.09631739930677, 14.673497071013163 ], [ 121.096321752433781, 14.673496561868754 ], [ 121.096320649241562, 14.673492431002023 ], [ 121.095969590304747, 14.672405045398936 ], [ 121.095965004627203, 14.672387966074266 ], [ 121.095962152402961, 14.672370532713167 ], [ 121.095961060842185, 14.672352911631972 ], [ 121.095961740358049, 14.672335270937847 ], [ 121.095964184467491, 14.672317778925022 ], [ 121.095968369852997, 14.672300602469257 ], [ 121.09597425658518, 14.672283905435835 ], [ 121.095981788503579, 14.672267847116254 ], [ 121.095990893752571, 14.672252580708577 ], [ 121.096001485466871, 14.672238251855948 ], [ 121.096013462600183, 14.672224997257088 ], [ 121.09602671088922, 14.672212943362233 ], [ 121.096041103943847, 14.672202205166757 ], [ 121.096056504452761, 14.67219288511412 ], [ 121.096072765493574, 14.672185072118577 ], [ 121.096089731934313, 14.672178840716883 ], [ 121.096107241913444, 14.672174250357266 ], [ 121.096125128384173, 14.67217134483222 ], [ 121.096435901794976, 14.672135943103049 ], [ 121.096440045286101, 14.67213527361867 ], [ 121.096438719159451, 14.672131393929563 ], [ 121.09609042962667, 14.671255183361625 ], [ 121.09608462412578, 14.671238094624469 ], [ 121.096080593405702, 14.671220528492764 ], [ 121.096078377441557, 14.671202659182326 ], [ 121.096077998210149, 14.671184663915733 ], [ 121.096079459472136, 14.671166721164784 ], [ 121.096082746734709, 14.671149008880324 ], [ 121.096087827395365, 14.671131702727518 ], [ 121.096094651065272, 14.67111497434356 ], [ 121.096103150068913, 14.671098989635508 ], [ 121.096113240115471, 14.671083907134822 ], [ 121.09612482113468, 14.671069876425124 ], [ 121.096137778269309, 14.671057036658674 ], [ 121.096151983014337, 14.671045515176319 ], [ 121.097594984572353, 14.66998900584929 ], [ 121.097609807798733, 14.669979206022399 ], [ 121.097625532414114, 14.66997084294691 ], [ 121.097642011946078, 14.6699639945236 ], [ 121.097659092890368, 14.669958724544493 ], [ 121.097676616140717, 14.669955082098641 ], [ 121.097694418470809, 14.669953101114896 ], [ 121.097712334054791, 14.669952800045854 ], [ 121.097730196011867, 14.669954181695967 ], [ 121.097747837960767, 14.66995723319544 ], [ 121.097765095569471, 14.6699619261201 ], [ 121.097781808086097, 14.669968216756113 ], [ 121.097797819836074, 14.669976046507255 ], [ 121.09781298167232, 14.669985342440645 ], [ 121.097827152364601, 14.669996017966129 ], [ 121.097840199914899, 14.670007973642848 ], [ 121.098476988573111, 14.670650646230406 ], [ 121.098479994225372, 14.670653396740171 ], [ 121.098480702225444, 14.670649440513204 ], [ 121.098588393968853, 14.669805262582532 ], [ 121.098591327221186, 14.669788648384472 ], [ 121.098595837817868, 14.669772372511281 ], [ 121.098967165956068, 14.668644527593113 ], [ 121.098968307909942, 14.668640383180634 ], [ 121.098967350790517, 14.668636194642502 ], [ 121.098834011158146, 14.668161609411779 ], [ 121.09882941441343, 14.668140258390546 ], [ 121.098827493531061, 14.668118523748888 ], [ 121.098820625314033, 14.667855749186396 ], [ 121.098820565260311, 14.667851230779478 ], [ 121.098820518532534, 14.667747081233012 ], [ 121.09882130691976, 14.667730363516014 ], [ 121.098881340835291, 14.66709822011275 ], [ 121.098881536080356, 14.667094212228792 ], [ 121.0988802747531, 14.667090392350348 ], [ 121.098750315944571, 14.666749966048007 ], [ 121.09874719561661, 14.666742763345626 ], [ 121.098607539143828, 14.666455755406078 ], [ 121.098600604198538, 14.666439501642488 ], [ 121.098595326059993, 14.66642266828188 ], [ 121.098591754780074, 14.666405414953909 ], [ 121.098589924224598, 14.666387905270721 ], [ 121.098589851752124, 14.666370305275406 ], [ 121.098601037229955, 14.666126863096734 ], [ 121.098601004960713, 14.666122285490122 ], [ 121.098598251333385, 14.666118574794472 ], [ 121.098422288912701, 14.665905514830277 ], [ 121.098418803916871, 14.66590153654117 ], [ 121.098229500695865, 14.66569769149549 ], [ 121.098226309186785, 14.665694583863557 ], [ 121.098222023991397, 14.66569596499067 ], [ 121.097942263610562, 14.665801583867033 ], [ 121.097938034446571, 14.665803425314458 ], [ 121.097935253010206, 14.665807032251026 ], [ 121.097840908027422, 14.665943223819365 ], [ 121.097838638580654, 14.665946859016422 ], [ 121.097836731389407, 14.665950686365482 ], [ 121.097796847128336, 14.666041397707076 ], [ 121.097789161224355, 14.666056813845984 ], [ 121.097780010153471, 14.66607145206798 ], [ 121.0977694761782, 14.666085180783952 ], [ 121.097757653992687, 14.6660978765807 ], [ 121.097744649871373, 14.666109425330363 ], [ 121.097730580713645, 14.66611972321636 ], [ 121.097715572993081, 14.666128677666624 ], [ 121.097699761620362, 14.666136208185845 ], [ 121.097683288730622, 14.666142247078986 ], [ 121.097666302405699, 14.666146740059908 ], [ 121.097648955342919, 14.666149646739319 ], [ 121.097631403482467, 14.666150940987878 ], [ 121.097489096429243, 14.666154845426608 ], [ 121.097484866701222, 14.666155151532303 ], [ 121.097480882975276, 14.666156568795467 ], [ 121.097037846455919, 14.66633708843464 ], [ 121.09703297448651, 14.666339236191073 ], [ 121.096744769831986, 14.666476162899901 ], [ 121.09674088284703, 14.666478245694829 ], [ 121.096740506823224, 14.666482549537655 ], [ 121.096729912687337, 14.666771223012201 ], [ 121.09672998386992, 14.666775708049128 ], [ 121.096733954419577, 14.666777983806325 ], [ 121.096951645259054, 14.666888569231732 ], [ 121.096967053897515, 14.666897338838172 ], [ 121.096981526283344, 14.666907508400216 ], [ 121.096994928650204, 14.666918983922079 ], [ 121.097007137121651, 14.666931659337136 ], [ 121.097018038856234, 14.666945417488296 ], [ 121.097027533090454, 14.666960131210853 ], [ 121.097035532070038, 14.666975664507859 ], [ 121.097041961861137, 14.66699187380711 ], [ 121.09704676303366, 14.667008609288159 ], [ 121.097049891210588, 14.6670257162671 ], [ 121.097051317478204, 14.667043036626282 ], [ 121.097051028653254, 14.667060410275763 ], [ 121.097049027404921, 14.667077676633014 ], [ 121.097045332230095, 14.667094676107141 ], [ 121.097039977282492, 14.667111251574021 ], [ 121.097033012056926, 14.667127249828507 ], [ 121.097024500931823, 14.667142523000566 ], [ 121.097014522574312, 14.667156929921973 ], [ 121.097003169212996, 14.66717033743115 ], [ 121.09699054578553, 14.667182621603969 ], [ 121.096976768968759, 14.667193668899145 ], [ 121.096961966100224, 14.667203377207729 ], [ 121.096946274001127, 14.667211656796878 ], [ 121.096686150811323, 14.667333538711285 ], [ 121.096682336293114, 14.667335553411153 ], [ 121.096682778337495, 14.667337818498128 ], [ 121.096685244664272, 14.667354832016969 ], [ 121.096686040286741, 14.667371996652571 ], [ 121.096685158013841, 14.667389157273877 ], [ 121.096682605818984, 14.667406158786102 ], [ 121.096678406768106, 14.667422847532393 ], [ 121.096672598811224, 14.667439072682622 ], [ 121.096665234439314, 14.667454687596518 ], [ 121.096656380210135, 14.667469551149006 ], [ 121.096646116146502, 14.667483529005684 ], [ 121.09663453501318, 14.667496494836891 ], [ 121.09662174147843, 14.667508331459484 ], [ 121.09660785116813, 14.667518931895936 ], [ 121.096592989620618, 14.667528200341154 ], [ 121.096577291152201, 14.667536053028376 ], [ 121.096560897643201, 14.667542418986244 ], [ 121.096557061272392, 14.667543706563876 ], [ 121.096554283784826, 14.667550403889505 ], [ 121.09654691406854, 14.66756599722698 ], [ 121.096538058095149, 14.667580839639397 ], [ 121.096527795740926, 14.667594797255475 ], [ 121.096516219567036, 14.667607744184318 ], [ 121.096503433984765, 14.667619563650941 ], [ 121.096489554313749, 14.667630149049506 ], [ 121.096474705741755, 14.667639404904858 ], [ 121.096459022195688, 14.667647247733671 ], [ 121.096332715770089, 14.667703197659481 ], [ 121.096328800479142, 14.667705165490682 ], [ 121.096331192935367, 14.667712871492411 ], [ 121.096335658004364, 14.667730357748107 ], [ 121.096338312388809, 14.667748189920168 ], [ 121.096339129706124, 14.667766190773483 ], [ 121.096338101832529, 14.667784181396376 ], [ 121.096335238983627, 14.667801982978796 ], [ 121.096330569613087, 14.667819418589557 ], [ 121.09632414012971, 14.667836314934828 ], [ 121.09631601443624, 14.667852504080567 ], [ 121.096306273294246, 14.667867825121608 ], [ 121.096295013521413, 14.66788212578089 ], [ 121.096282347029259, 14.667895263923032 ], [ 121.096268399710937, 14.667907108966972 ], [ 121.096253310189866, 14.667917543183835 ], [ 121.09623722844195, 14.667926462867076 ], [ 121.096220314305, 14.667933779363231 ], [ 121.096202735890074, 14.667939419953051 ], [ 121.096184667910549, 14.667943328574268 ], [ 121.096166289945728, 14.667945466378789 ], [ 121.096147784655798, 14.667945812118845 ], [ 121.096129335966509, 14.667944362358144 ], [ 121.096111127241002, 14.667941131506042 ], [ 121.096093339457397, 14.667936151674324 ], [ 121.096076149409967, 14.667929472358002 ], [ 121.09605972795201, 14.667921159943436 ], [ 121.096044238297651, 14.667911297048452 ], [ 121.09589350981723, 14.667804512579751 ], [ 121.095890011164315, 14.667802263956419 ], [ 121.09588591879168, 14.667801377975371 ], [ 121.09547456633436, 14.667731300239771 ], [ 121.095470030746498, 14.667730752347834 ], [ 121.095465631910727, 14.667731959873745 ], [ 121.094773042905956, 14.667958866029229 ], [ 121.094755093379021, 14.667963784728341 ], [ 121.09473672755361, 14.667966925729267 ], [ 121.094718130709381, 14.667968257344741 ], [ 121.094699490456449, 14.667967766141119 ], [ 121.094680994842989, 14.667965457073857 ], [ 121.094662830457878, 14.667961353437521 ], [ 121.094645180548483, 14.667955496630805 ], [ 121.094628223171966, 14.667947945738838 ], [ 121.094612129398897, 14.667938776937163 ], [ 121.094597061587606, 14.667928082723218 ], [ 121.094583171746109, 14.667915970983202 ], [ 121.094570599998661, 14.667902563903688 ], [ 121.094559473172197, 14.667887996738921 ], [ 121.094549903516778, 14.6678724164464 ], [ 121.094541987573294, 14.667855980204278 ], [ 121.09453580519947, 14.6678388538257 ], [ 121.094531418764277, 14.667821210086069 ], [ 121.093962550534741, 14.664897785892922 ], [ 121.093961594325819, 14.66489385349114 ], [ 121.093958969021941, 14.664890723277658 ], [ 121.091367311460459, 14.662071059727031 ], [ 121.091355411788513, 14.662056700763449 ], [ 121.091345077769162, 14.662041235572781 ], [ 121.091336417087248, 14.662024825309476 ], [ 121.089763006779592, 14.658627241495184 ], [ 121.089755578989084, 14.658608480814479 ], [ 121.08863852381306, 14.655239555888478 ], [ 121.088637151614478, 14.655235951031718 ], [ 121.088635468929994, 14.655232473105372 ], [ 121.087175647059595, 14.652521434601855 ], [ 121.087173411775495, 14.6525177425741 ], [ 121.08716945733353, 14.652519625334 ], [ 121.082965858754719, 14.654779844888781 ], [ 121.08294945445418, 14.654787665621539 ], [ 121.082932340128693, 14.654793879008542 ], [ 121.082914681461673, 14.654798424898177 ], [ 121.082896649406266, 14.654801259281829 ], [ 121.082878418530441, 14.654802354719946 ], [ 121.082860165326878, 14.654801700607674 ], [ 121.082842066504469, 14.654799303277503 ], [ 121.082824297277483, 14.654795185937983 ], [ 121.082807029669368, 14.654789388449037 ], [ 121.082790430847396, 14.654781966936067 ], [ 121.082774661504175, 14.654772993246583 ], [ 121.082759874302269, 14.654762554254681 ], [ 121.082746212395904, 14.65475075101998 ], [ 121.082733808045461, 14.654737697809281 ], [ 121.082722781336713, 14.654723520990308 ], [ 121.082713239018616, 14.654708357808405 ], [ 121.082705273469699, 14.654692355057811 ], [ 121.082698961803715, 14.654675667660561 ], [ 121.08269436512326, 14.654658457166674 ], [ 121.082691527928219, 14.654640890190224 ], [ 121.082690477684892, 14.65462313679634 ], [ 121.082691224560193, 14.654605368854783 ], [ 121.082693761323256, 14.654587758376117 ], [ 121.082698063415378, 14.654570475846494 ], [ 121.082704089187828, 14.654553688577158 ], [ 121.082711780305075, 14.654537559084723 ], [ 121.085064669586146, 14.650178393794782 ], [ 121.085072106696472, 14.650165860775184 ], [ 121.085080550069492, 14.650153947358007 ], [ 121.086994703731463, 14.647671912675268 ], [ 121.086997247765652, 14.647668238316305 ], [ 121.086994571564631, 14.647664654056792 ], [ 121.083436655623913, 14.643376428800089 ], [ 121.083429950810327, 14.643367834773793 ], [ 121.081361341187929, 14.64054515819295 ], [ 121.08135479290415, 14.640535593385978 ], [ 121.080048439201732, 14.638489295578985 ], [ 121.080046892093023, 14.63848695341713 ], [ 121.080018981163335, 14.638446096936118 ], [ 121.080017721384394, 14.638444300137273 ], [ 121.079028687068586, 14.637069487073848 ], [ 121.078083138079279, 14.635753752765311 ], [ 121.078071261042908, 14.635734857551885 ], [ 121.078061847454535, 14.635714689496892 ], [ 121.077914664728596, 14.63533992566553 ], [ 121.077908446935467, 14.635321050000396 ], [ 121.077904389614162, 14.635301624869854 ], [ 121.077902541571547, 14.635281883947865 ], [ 121.077809667541345, 14.632773252641792 ], [ 121.077808402617165, 14.632761297123816 ], [ 121.077502058360423, 14.631016085293421 ], [ 121.077501092412945, 14.631011832255794 ], [ 121.077499709153074, 14.631007689924649 ], [ 121.076997779967868, 14.629719938669764 ], [ 121.076992673087574, 14.629704874165769 ], [ 121.076988942596259, 14.629689431654672 ], [ 121.076982134013889, 14.629654416456775 ], [ 121.076981278614397, 14.629650068137712 ], [ 121.07698039887191, 14.629646424161603 ], [ 121.07697920984981, 14.629642859487525 ], [ 121.076955478913362, 14.629580644684747 ], [ 121.076953686107714, 14.629576577303096 ], [ 121.07694985376996, 14.62957419679511 ], [ 121.076785499231292, 14.62948298086296 ], [ 121.076113733749608, 14.629110168049566 ], [ 121.076109441324718, 14.629108065595547 ], [ 121.076104948031187, 14.629106408129831 ], [ 121.074538173926271, 14.628617448740053 ], [ 121.074521039785523, 14.628611178640027 ], [ 121.07450462320233, 14.628603295843142 ], [ 121.074489083818833, 14.628593877005304 ], [ 121.074474572746794, 14.628583013719537 ], [ 121.074461231098141, 14.628570811625305 ], [ 121.074449188612775, 14.628557389381223 ], [ 121.074438562396921, 14.628542877511155 ], [ 121.074429455784227, 14.628527417134924 ], [ 121.074421957331026, 14.628511158596018 ], [ 121.074416139955233, 14.628494259999572 ], [ 121.074412060227019, 14.628476885674864 ], [ 121.074409757819083, 14.628459204577329 ], [ 121.074409255120571, 14.628441388645554 ], [ 121.074410557019462, 14.628423611129252 ], [ 121.074413650855163, 14.628406044904539 ], [ 121.074873889381408, 14.626394145681552 ], [ 121.07487467415163, 14.626390859885765 ], [ 121.074890935644945, 14.626325542888832 ], [ 121.074891984684569, 14.626320769519058 ], [ 121.0751130271302, 14.625162934575053 ], [ 121.075287405683866, 14.62423216205473 ], [ 121.075289539588553, 14.624222329014327 ], [ 121.075384235935218, 14.623838990422799 ], [ 121.0753893193002, 14.623822083630978 ], [ 121.07539606893009, 14.623805739035577 ], [ 121.075404420698476, 14.623790111921448 ], [ 121.076531322242317, 14.621911237319519 ], [ 121.076533257089253, 14.621907647455007 ], [ 121.076533759976883, 14.621903622931379 ], [ 121.07661051561108, 14.620919496430108 ], [ 121.076610641566404, 14.620915429384365 ], [ 121.076608573713642, 14.620911893615913 ], [ 121.075875527294357, 14.619781738699176 ], [ 121.075866584865906, 14.619766328819852 ], [ 121.07585923331429, 14.619750141110169 ], [ 121.075853543146792, 14.619733330824229 ], [ 121.075849568936704, 14.619716059187134 ], [ 121.075847348799641, 14.619698491848725 ], [ 121.075846904028197, 14.619680797294794 ], [ 121.075848238887687, 14.619663145231229 ], [ 121.075851340575255, 14.619645704956341 ], [ 121.075856179342651, 14.619628643737187 ], [ 121.075862708781671, 14.619612125205304 ], [ 121.075870866269085, 14.619596307787374 ], [ 121.075880573567403, 14.619581343185791 ], [ 121.075891737575191, 14.61956737492368 ], [ 121.075904251220024, 14.619554536968415 ], [ 121.075917994485323, 14.619542952446773 ], [ 121.075932835561559, 14.619532732464048 ], [ 121.076724184622009, 14.619042556293186 ], [ 121.076740476409398, 14.619033555576815 ], [ 121.077627006127457, 14.618599819218897 ], [ 121.077644750815878, 14.618592239736026 ], [ 121.077663210310718, 14.618586502905401 ], [ 121.078020380522304, 14.618495203105697 ], [ 121.078024757892265, 14.618493854197817 ], [ 121.078028774822855, 14.618491688942198 ], [ 121.078994462015714, 14.617908219270392 ], [ 121.07899803017915, 14.617905822705598 ], [ 121.07899677745344, 14.617901781993281 ], [ 121.078935361234514, 14.617733604498047 ], [ 121.078414972786987, 14.616351392694311 ], [ 121.078409468408324, 14.616334152551518 ], [ 121.078405757889215, 14.616316463682356 ], [ 121.078403878254875, 14.616298502596466 ], [ 121.078359718204283, 14.615465654465899 ], [ 121.078359858302733, 14.615444670318388 ], [ 121.078362495331561, 14.615423843425626 ], [ 121.078419848968878, 14.61511825263849 ], [ 121.078420490492007, 14.615115002988739 ], [ 121.07851623656903, 14.614652861017133 ], [ 121.078522057007916, 14.614631562491651 ], [ 121.078530496469938, 14.614611112184031 ], [ 121.078954517766093, 14.613741103026095 ], [ 121.078961867588433, 14.613727540013208 ], [ 121.078970371736261, 14.61371463254776 ], [ 121.079826996196971, 14.612528387009462 ], [ 121.079838006037676, 14.612514606694662 ], [ 121.079850330000681, 14.612501925146351 ], [ 121.079863853076972, 14.612490460710426 ], [ 121.081045389828049, 14.61158264126618 ], [ 121.081052368123778, 14.611577534167273 ], [ 121.082333029779264, 14.610685375004442 ], [ 121.082336229063671, 14.610683195411397 ], [ 121.083549476400748, 14.609875008756388 ], [ 121.083555868367895, 14.609870345099869 ], [ 121.084732459152264, 14.608932219173726 ], [ 121.08474818998269, 14.608920968098587 ], [ 121.086170072933911, 14.608012047482303 ], [ 121.086173893497332, 14.608009322793359 ], [ 121.086177407900735, 14.608006231937981 ], [ 121.087990274546087, 14.606239527203009 ], [ 121.087993134676083, 14.606236470247852 ], [ 121.087995028827407, 14.60623276890869 ], [ 121.089113319422552, 14.603769204597716 ], [ 121.089120832561619, 14.603754499128177 ], [ 121.089129685618758, 14.603740518587419 ], [ 121.089948172234102, 14.602570530653734 ], [ 121.089950836636689, 14.60256622301047 ], [ 121.089952990938485, 14.602561652810602 ], [ 121.090392529538363, 14.60147248616569 ], [ 121.090393879942255, 14.601468636965883 ], [ 121.090394496974341, 14.601464613955327 ], [ 121.090494489641074, 14.600522822161672 ], [ 121.090494722994848, 14.600519218877869 ], [ 121.090494659580628, 14.600515608963695 ], [ 121.090444823446902, 14.599667324787731 ], [ 121.090444365093575, 14.599663089377033 ], [ 121.090441617897739, 14.599659775637591 ], [ 121.090127781137454, 14.599316228981245 ], [ 121.090124562965798, 14.599313042348664 ], [ 121.090120324289089, 14.599311328256967 ], [ 121.089459212960747, 14.599080994846274 ], [ 121.089455137737772, 14.599079778919052 ], [ 121.089450876348138, 14.599079697212675 ], [ 121.088581289261455, 14.599102212891038 ], [ 121.088576585511859, 14.599102570385801 ], [ 121.088572214122223, 14.599104299014838 ], [ 121.0881801855856, 14.599282646407454 ], [ 121.088176425972293, 14.599284566058884 ], [ 121.088172862815497, 14.599286813129801 ], [ 121.087793580578989, 14.599550811614369 ], [ 121.087790300067354, 14.599553322047063 ], [ 121.087788485394029, 14.599556980602388 ], [ 121.087515189187229, 14.600178655082816 ], [ 121.087511148509549, 14.600189818249319 ], [ 121.087271516473379, 14.601022358634133 ], [ 121.087265444815529, 14.601039929880315 ], [ 121.08725755665678, 14.60105680297837 ], [ 121.086860601915802, 14.601801987555577 ], [ 121.086849125649451, 14.601820681442396 ], [ 121.086835423597122, 14.601837895304667 ], [ 121.086099415331276, 14.602655595397433 ], [ 121.086085425055117, 14.602669542949025 ], [ 121.086069973337644, 14.602681941787413 ], [ 121.086053239997653, 14.602692647621463 ], [ 121.085245553158913, 14.603150655024393 ], [ 121.085231044018869, 14.60315806756047 ], [ 121.085215920084863, 14.603164205109309 ], [ 121.084461832952442, 14.603432833420266 ], [ 121.084445582918335, 14.603437811487037 ], [ 121.084428932622217, 14.603441317677632 ], [ 121.084412022335115, 14.60344332245406 ], [ 121.084394994518377, 14.603443808927056 ], [ 121.083560591566382, 14.603430334871648 ], [ 121.083540430181174, 14.603428937345113 ], [ 121.083520544414398, 14.603425413139707 ], [ 121.083501170114431, 14.603419804053152 ], [ 121.083482537063503, 14.603412176610169 ], [ 121.082986016702719, 14.603177170569305 ], [ 121.082968207895036, 14.603167530582253 ], [ 121.082951591532378, 14.603156047691133 ], [ 121.082936367875931, 14.603142860288502 ], [ 121.082922720401797, 14.603128127309716 ], [ 121.08259007512082, 14.602726754428854 ], [ 121.082580047646971, 14.602713456150887 ], [ 121.082571307236094, 14.602699322832798 ], [ 121.082563926720667, 14.602684472245794 ], [ 121.08255796760136, 14.602669028137981 ], [ 121.082553479534354, 14.602653119203152 ], [ 121.082352752757231, 14.601788940799519 ], [ 121.082349627274567, 14.601771596263882 ], [ 121.082348249945923, 14.601754037858845 ], [ 121.082348633845996, 14.601736432269043 ], [ 121.082542429840743, 14.59904349622715 ], [ 121.082542569592874, 14.599033271153337 ], [ 121.082346637947168, 14.5946342828229 ], [ 121.082346610014469, 14.594619273130425 ], [ 121.082347861082624, 14.594604312941474 ], [ 121.08246601690567, 14.593671975951418 ], [ 121.082467921419806, 14.593660172328981 ], [ 121.083081420327389, 14.590535302980935 ], [ 121.083082011855637, 14.590531184238884 ], [ 121.083077917528882, 14.590532366333465 ], [ 121.077497282247265, 14.592443507281263 ], [ 121.0774804123092, 14.59244842194774 ], [ 121.07746314001831, 14.592451757480362 ], [ 121.073559999759937, 14.593019601461387 ], [ 121.070604169258942, 14.593458938075509 ], [ 121.070586944475863, 14.593460701998 ], [ 121.070569625848265, 14.593460894506711 ], [ 121.070552364209462, 14.593459513925067 ], [ 121.069985385469153, 14.593388100012085 ], [ 121.069967682223563, 14.593385014493947 ], [ 121.06995036877548, 14.593380274747473 ], [ 121.069933607710738, 14.593373925282416 ], [ 121.069917556427939, 14.593366025724896 ], [ 121.069902365660141, 14.593356650257553 ], [ 121.069888178059585, 14.593345886922872 ], [ 121.069875126857909, 14.593333836796381 ], [ 121.069621719816723, 14.593076038786361 ], [ 121.06961308064696, 14.593068296897256 ], [ 121.068196732057217, 14.591951754109775 ], [ 121.068193303895995, 14.591949298399635 ], [ 121.068189195372099, 14.591948217901361 ], [ 121.068182666038467, 14.591946812983375 ], [ 121.057614498258374, 14.589674163626849 ], [ 121.057610303341221, 14.589673472208688 ], [ 121.057611353516052, 14.589677487374441 ], [ 121.058538060493916, 14.592604181719379 ], [ 121.058539524527006, 14.592608428462063 ], [ 121.059696580590966, 14.595707807940801 ], [ 121.059701281970135, 14.595722262760672 ], [ 121.059704722636354, 14.59573705047484 ], [ 121.060042156584572, 14.597534081329206 ], [ 121.060044708651162, 14.597553667572109 ], [ 121.060120451804707, 14.598582559763841 ], [ 121.060120503116948, 14.598607689658531 ], [ 121.060042731678124, 14.59972648805679 ], [ 121.060042013775487, 14.599734297411489 ], [ 121.059961001998204, 14.600442251265671 ], [ 121.059958852121142, 14.600456122697258 ], [ 121.059955603898629, 14.600469789960204 ], [ 121.059646676660876, 14.601572835635645 ], [ 121.059641257931261, 14.601589107000825 ], [ 121.05927265054126, 14.602540032308212 ], [ 121.059268234923408, 14.602550431549657 ], [ 121.057368236419634, 14.606657979071342 ], [ 121.057359921674504, 14.606673821752375 ], [ 121.05735004758057, 14.606688791564551 ], [ 121.057338709827022, 14.606702743435969 ], [ 121.057326018287441, 14.606715542159515 ], [ 121.057312095954927, 14.606727063703207 ], [ 121.057297077750235, 14.606737196412139 ], [ 121.057281109214259, 14.60674584209058 ], [ 121.057264345097508, 14.606752916953525 ], [ 121.057246947860534, 14.606758352438733 ], [ 121.057229086099511, 14.606762095871112 ], [ 121.057210932912241, 14.606764110973208 ], [ 121.057192664220793, 14.606764378216774 ], [ 121.057174457066594, 14.606762895012015 ], [ 121.057156487894673, 14.606759675732672 ], [ 121.057138930843735, 14.606754751576746 ], [ 121.057121956058623, 14.606748170264153 ], [ 121.056999201681961, 14.606693615671842 ], [ 121.056995126269598, 14.606692037115145 ], [ 121.056993170641206, 14.606695860056455 ], [ 121.055120407735885, 14.610862162729855 ], [ 121.05511979234096, 14.610863516630925 ], [ 121.054142191034515, 14.612990679294995 ], [ 121.053123702762576, 14.615209207796852 ], [ 121.053123618941044, 14.615209390108866 ], [ 121.052551557124488, 14.616451775157675 ], [ 121.050229771255218, 14.621510928669496 ], [ 121.050229035678356, 14.621512510983001 ], [ 121.048296433940536, 14.625617054839818 ], [ 121.048295727869785, 14.62561859203567 ], [ 121.046971396044199, 14.62857538004225 ], [ 121.046969511136481, 14.628579450367784 ], [ 121.045959793150573, 14.630689873559147 ], [ 121.045958127059293, 14.63069387105009 ] ] ] } },
{ "type": "Feature", "properties": { "district": "DISTRICT 4", "barangay_name": "Bagong Lipunan ng Crame", "barangay_geom": "POLYGON((121.054142175387 14.612990713342, 121.053123660904 14.6152092989744, 121.052552001551 14.6164519686781, 121.051514986533 14.6164117537272, 121.051123647651 14.6162120301925, 121.049227661631 14.6147267767347, 121.048923448115 14.6145273022028, 121.04868723507 14.6144565907881, 121.048455356218 14.6144254027215, 121.048240238031 14.6144249773326, 121.048055333598 14.6144721321735, 121.047891101793 14.6145277515106, 121.047022705879 14.6149376796035, 121.046737942601 14.6140931438036, 121.046281772171 14.612712742669, 121.046170692865 14.6124748404175, 121.043090350762 14.6096081184139, 121.043235553422 14.6096042502646, 121.043235590549 14.6096042502577, 121.044157926494 14.6089117523377, 121.045608078128 14.6086720214839, 121.045608115253 14.6086720124384, 121.045608143098 14.6086720124329, 121.045608245193 14.6086719943363, 121.045695833534 14.6086575159059, 121.045721849226 14.6086532085746, 121.04585154714 14.6086317623329, 121.045965420427 14.6086582492713, 121.045972994653 14.6086600102482, 121.04600199206 14.6086667471073, 121.046002038471 14.6086667561364, 121.046124572031 14.6086952477927, 121.04612460916 14.6086952568236, 121.046301053859 14.608738199009, 121.046341199238 14.6087479704833, 121.049266084999 14.6094598335124, 121.049350859596 14.6094804590786, 121.049350933854 14.6094804771395, 121.049712801735 14.6095685418388, 121.049712838864 14.6095685508692, 121.049712913122 14.60956856893, 121.049712950251 14.6095685779604, 121.050180747407 14.6096824236894, 121.052186545817 14.6045159500508, 121.052188578467 14.6045159405578, 121.056991794588 14.6066902919069, 121.056992982773 14.606690833915, 121.056995015683 14.6066917553255, 121.055120102886 14.6108628409077, 121.054142175387 14.612990713342))", "BARANGAY": "Bagong Lipunan ng Crame" }, "geometry": { "type": "Polygon", "coordinates": [ [ [ 121.001076510524257, 14.617143813257206 ], [ 121.00107959375363, 14.617146703428324 ], [ 121.001773220520519, 14.617736243014537 ], [ 121.001777872863855, 14.617740334024834 ], [ 121.003664957555216, 14.61945692915037 ], [ 121.008104092567564, 14.623467120425712 ], [ 121.008104677638997, 14.623467651237082 ], [ 121.014986322057169, 14.629737848460936 ], [ 121.014989234402464, 14.629740391958553 ], [ 121.015800840239706, 14.630419696088255 ], [ 121.015803074597613, 14.63042159665469 ], [ 121.016226968598815, 14.63078802125507 ], [ 121.016231860357408, 14.630791966685482 ], [ 121.016599670755411, 14.631068509331293 ], [ 121.016603295342449, 14.631071100486764 ], [ 121.017234278120227, 14.631499661486426 ], [ 121.017236004800239, 14.63150084852364 ], [ 121.018685320208476, 14.632509287009317 ], [ 121.018690349173795, 14.632512550595727 ], [ 121.025954349328046, 14.636900613528445 ], [ 121.025957531752354, 14.636902579741417 ], [ 121.037555901773331, 14.644229825393198 ], [ 121.037557234575516, 14.644230651720301 ], [ 121.040728944180714, 14.646160303384889 ], [ 121.040743104257118, 14.646169834531936 ], [ 121.040756296580838, 14.646180601817543 ], [ 121.040768407697612, 14.646192512642973 ], [ 121.040779333451468, 14.64620546457502 ], [ 121.040788979880574, 14.646219346226916 ], [ 121.040797264025215, 14.646234038216281 ], [ 121.040800186519419, 14.646239844284247 ], [ 121.040803986782151, 14.646242423800917 ], [ 121.046990017140686, 14.650003139859667 ], [ 121.047004732055186, 14.650013076736357 ], [ 121.047018395030861, 14.650024347828355 ], [ 121.047030878913304, 14.650036848241434 ], [ 121.047042067521147, 14.650050461640696 ], [ 121.047051856727492, 14.650065061333203 ], [ 121.047060155428824, 14.650080511447085 ], [ 121.047066886393083, 14.650096668195964 ], [ 121.047071986978182, 14.650113381217171 ], [ 121.04707540971512, 14.650130494971018 ], [ 121.04707712274984, 14.650147850188389 ], [ 121.047077110139554, 14.650165285352912 ], [ 121.047075372001203, 14.650182638204189 ], [ 121.047071924510405, 14.650199747247807 ], [ 121.04706679975088, 14.650216453258333 ], [ 121.047060045415861, 14.650232600761122 ], [ 121.047051724364323, 14.650248039479258 ], [ 121.047041914035958, 14.650262625732116 ], [ 121.04703070573045, 14.650276223772533 ], [ 121.046903157288426, 14.650416526987946 ], [ 121.046900206719798, 14.650420129164319 ], [ 121.046898072176816, 14.650424241216303 ], [ 121.046801367140532, 14.650636992294586 ], [ 121.04679852135979, 14.650642957283791 ], [ 121.046701658998657, 14.650836682006531 ], [ 121.046698624526314, 14.650843438689142 ], [ 121.046601563837029, 14.651086090412965 ], [ 121.046600198458236, 14.651090036295086 ], [ 121.046600000000325, 14.651094195589796 ], [ 121.046600000002186, 14.651340472390196 ], [ 121.046598919127746, 14.651359947181225 ], [ 121.04659568909355, 14.651379195184539 ], [ 121.046590347513444, 14.6513979922535 ], [ 121.046501595054721, 14.651655374348989 ], [ 121.046500268441548, 14.651660042699195 ], [ 121.046500000000492, 14.651664879365773 ], [ 121.0465, 14.652 ], [ 121.0465, 14.65224 ], [ 121.046500000000208, 14.65239580444381 ], [ 121.046500198456343, 14.652399963705772 ], [ 121.04650156382246, 14.652403909560075 ], [ 121.046587345875139, 14.652618364716012 ], [ 121.046592846110656, 14.652634260150407 ], [ 121.046596809043933, 14.65265058357066 ], [ 121.046599200540953, 14.65266719437945 ], [ 121.046600000002869, 14.652683949504089 ], [ 121.046600000000453, 14.652965095189877 ], [ 121.046600270407779, 14.652969941942377 ], [ 121.04660211897766, 14.652974449857055 ], [ 121.04669811015988, 14.653176031339248 ], [ 121.046700182765164, 14.653179883597534 ], [ 121.046702977891471, 14.653183275684722 ], [ 121.046891793138755, 14.653390972463651 ], [ 121.046906902592397, 14.653410008772939 ], [ 121.047097305072398, 14.653686092360502 ], [ 121.047100185551457, 14.653689832544698 ], [ 121.047103798204105, 14.653692911961526 ], [ 121.047394229377304, 14.653915575863568 ], [ 121.047405393543556, 14.653924854194866 ], [ 121.047596198713464, 14.654096578846138 ], [ 121.047600158814888, 14.654099763422657 ], [ 121.047604744335842, 14.654102016348052 ], [ 121.047993861852419, 14.65426739129413 ], [ 121.048006459581103, 14.654271722559495 ], [ 121.048298199376802, 14.654349519835099 ], [ 121.048301819000869, 14.654350409276875 ], [ 121.048695703667349, 14.654439033329096 ], [ 121.048700007850684, 14.654439794218508 ], [ 121.048704358151411, 14.654439346281253 ], [ 121.049099999845737, 14.654380000023137 ], [ 121.049494563965354, 14.654320815410127 ], [ 121.049499912564528, 14.654319694029708 ], [ 121.049505087518611, 14.654317964998603 ], [ 121.049896512211404, 14.654161395119599 ], [ 121.049899930451232, 14.654159867054458 ], [ 121.049903210052307, 14.654158073975047 ], [ 121.050396731647226, 14.653861961018217 ], [ 121.050399905761907, 14.653859875483921 ], [ 121.050402892044616, 14.653857541768838 ], [ 121.050799999895588, 14.653520000088752 ], [ 121.051196323859244, 14.65318312472821 ], [ 121.051199811773259, 14.653179829988675 ], [ 121.051202925312097, 14.653176197103715 ], [ 121.051424093765505, 14.652888678290319 ], [ 121.051435996149905, 14.652874723628404 ], [ 121.05144927531029, 14.65286200077448 ], [ 121.051463797490229, 14.652850637881372 ], [ 121.051479416412818, 14.652840749403472 ], [ 121.051495974754175, 14.65283243494391 ], [ 121.051513305727951, 14.652825778251298 ], [ 121.051531234765491, 14.65282084637616 ], [ 121.051549581274074, 14.652817688995544 ], [ 121.051568160455901, 14.652816337912649 ], [ 121.051586785169604, 14.652816806736526 ], [ 121.051605267815162, 14.652819090744915 ], [ 121.051623422223528, 14.65282316693189 ], [ 121.051641065531825, 14.652828994239536 ], [ 121.0516580200253, 14.652836513971518 ], [ 121.051674114927295, 14.652845650384313 ], [ 121.052644906371896, 14.653462278166488 ], [ 121.052659705521336, 14.653472724442754 ], [ 121.052673377646499, 14.653484537113471 ], [ 121.052685790178813, 14.65349760164005 ], [ 121.05269682276294, 14.653511791345533 ], [ 121.052706368423841, 14.653526968642941 ], [ 121.052714334603962, 14.653542986369288 ], [ 121.052720644060813, 14.653559689212555 ], [ 121.05272523561581, 14.653576915217597 ], [ 121.052728064747626, 14.653594497356524 ], [ 121.052729104023811, 14.653612265148213 ], [ 121.052728343366809, 14.653630046311386 ], [ 121.052725790151754, 14.653647668435054 ], [ 121.052721469134866, 14.653664960650287 ], [ 121.052715422213538, 14.653681755287 ], [ 121.052707708020037, 14.65369788949973 ], [ 121.052698401353013, 14.653713206846646 ], [ 121.052497977736451, 14.654008819624766 ], [ 121.05249575312267, 14.654012467708604 ], [ 121.052495910723408, 14.654016707493607 ], [ 121.052509327781905, 14.654172153489988 ], [ 121.052509972513391, 14.654188884834902 ], [ 121.052509024108986, 14.654205602470549 ], [ 121.052506490707827, 14.654222162920938 ], [ 121.052502394052041, 14.654238424059015 ], [ 121.052496769300092, 14.654254246326536 ], [ 121.052448157927145, 14.654372897387656 ], [ 121.052440290194482, 14.654389583736863 ], [ 121.052430724130971, 14.654405406826966 ], [ 121.052419558462759, 14.654420203356013 ], [ 121.052406908424629, 14.654433820616683 ], [ 121.052392904570965, 14.65444611807221 ], [ 121.052377691428205, 14.654456968806873 ], [ 121.052361426003245, 14.654466260835818 ], [ 121.05234427616324, 14.654473898260775 ], [ 121.052326418902936, 14.654479802259795 ], [ 121.052308038518007, 14.654483911900769 ], [ 121.052289324703125, 14.654486184770219 ], [ 121.05213939743264, 14.65449690214103 ], [ 121.052128855281708, 14.654498250733962 ], [ 121.051769202802546, 14.654564866130752 ], [ 121.051765700383157, 14.65456565306258 ], [ 121.051762271182966, 14.65456670202283 ], [ 121.051409260251233, 14.654689527317547 ], [ 121.051404769033724, 14.654691357253418 ], [ 121.051401452355933, 14.65469482726941 ], [ 121.051204065010751, 14.654924693968397 ], [ 121.051197306683591, 14.654933627247528 ], [ 121.051035463333605, 14.655177651193833 ], [ 121.051026024331236, 14.655190597581273 ], [ 121.050468890118808, 14.655887724880237 ], [ 121.050458195790526, 14.65589994519511 ], [ 121.050446429758793, 14.655911193352122 ], [ 121.050433684865027, 14.655921380596087 ], [ 121.050420061674529, 14.655930426543131 ], [ 121.050405667682952, 14.655938259814915 ], [ 121.049459732192361, 14.656400605670573 ], [ 121.049456342416107, 14.65640234873281 ], [ 121.049295286395932, 14.656489353792946 ], [ 121.049290821436529, 14.656492101923313 ], [ 121.049286707719062, 14.65649532809724 ], [ 121.049083876709233, 14.656673935467476 ], [ 121.049074618484667, 14.656683358180759 ], [ 121.048780428910533, 14.657029748522012 ], [ 121.048777797297475, 14.657033173345399 ], [ 121.048779222151808, 14.657037219227593 ], [ 121.048909758992423, 14.657356389933817 ], [ 121.048911201125733, 14.657359556456219 ], [ 121.048912888628706, 14.657362605885437 ], [ 121.049262905315103, 14.657940769942565 ], [ 121.049271359757341, 14.657956442567677 ], [ 121.049278198716806, 14.657972845251789 ], [ 121.049283356579664, 14.65798982062652 ], [ 121.04928678386068, 14.658007205829071 ], [ 121.049288447677895, 14.658024834064648 ], [ 121.049288332068031, 14.658042536206771 ], [ 121.049286438139902, 14.65806014241983 ], [ 121.049282784063564, 14.658077483788546 ], [ 121.04927740489606, 14.658094393938521 ], [ 121.049270352245173, 14.658110710632487 ], [ 121.049261693774298, 14.658126277326797 ], [ 121.049251512553141, 14.658140944673329 ], [ 121.049232963944206, 14.6581650330517 ], [ 121.049220458992352, 14.658179609226718 ], [ 121.0492064519607, 14.658192827401605 ], [ 121.049191097516783, 14.658204541619339 ], [ 121.049174565206471, 14.658214622529831 ], [ 121.049157037581949, 14.658222958818175 ], [ 121.049138708185794, 14.658229458433873 ], [ 121.049133674404729, 14.658230956859708 ], [ 121.049116863468967, 14.65823513561473 ], [ 121.049099725231784, 14.658237768161968 ], [ 121.049082409397172, 14.65823883150594 ], [ 121.049065067220411, 14.658238316358299 ], [ 121.049047850186867, 14.658236227218923 ], [ 121.049030908688778, 14.658232582336694 ], [ 121.049014390711548, 14.658227413549998 ], [ 121.048998440541027, 14.658220766008659 ], [ 121.048946842243765, 14.658196423884512 ], [ 121.048942325231508, 14.65819457458519 ], [ 121.048937509090067, 14.658193694929567 ], [ 121.048836441891012, 14.658180601142728 ], [ 121.048831942489727, 14.658180238641377 ], [ 121.048825035945669, 14.658186054607221 ], [ 121.048825030746031, 14.658186048754809 ], [ 121.048824589863599, 14.658186458190707 ], [ 121.048809707167123, 14.65819770937148 ], [ 121.048793729607979, 14.65820743381132 ], [ 121.048776821797944, 14.658215531322375 ], [ 121.048759157932892, 14.658221918478532 ], [ 121.048740919998124, 14.658226529474936 ], [ 121.048722295893526, 14.658229316805954 ], [ 121.048703477497497, 14.658230251754649 ], [ 121.048574831817987, 14.658230278662078 ], [ 121.048570356783074, 14.658230493460339 ], [ 121.048563441842447, 14.658235483287561 ], [ 121.048563067520263, 14.658235782470248 ], [ 121.04854810050351, 14.658245545363082 ], [ 121.048532231912631, 14.658253849845796 ], [ 121.048515611201807, 14.6582606177048 ], [ 121.048498394908876, 14.658265785198827 ], [ 121.04848074518101, 14.658269303659191 ], [ 121.048462828247665, 14.658271139948255 ], [ 121.048444812854797, 14.658271276771423 ], [ 121.048426868675804, 14.658269712840143 ], [ 121.04840916471332, 14.658266462883939 ], [ 121.048391867707423, 14.658261557511715 ], [ 121.047897362409401, 14.658095579738951 ], [ 121.047893242769319, 14.658094406016897 ], [ 121.047889621482469, 14.658096649676484 ], [ 121.047655827947608, 14.658257110983202 ], [ 121.047652926277351, 14.658259274252032 ], [ 121.047650208826568, 14.658261653507822 ], [ 121.047517317419917, 14.658387585631665 ], [ 121.047515778024177, 14.658389078974185 ], [ 121.047370014958332, 14.658533831204702 ], [ 121.047355995856279, 14.658546393294529 ], [ 121.047340727992037, 14.658557490253353 ], [ 121.047324372199398, 14.658567005184217 ], [ 121.047307100772613, 14.65857483785549 ], [ 121.047289095651337, 14.658580905756695 ], [ 121.047270546504222, 14.65858514496772 ], [ 121.046946553466114, 14.658642292236301 ], [ 121.046941915057403, 14.658643355267552 ], [ 121.046938112704922, 14.658646151453507 ], [ 121.046853139625668, 14.658715673361284 ], [ 121.04684989463999, 14.658718598978844 ], [ 121.046848016478492, 14.658722497207805 ], [ 121.046800500961325, 14.65883489307959 ], [ 121.046795432703263, 14.658845834618907 ], [ 121.046485843012064, 14.659458997617868 ], [ 121.046477621889167, 14.659473550172359 ], [ 121.046468063285516, 14.659487306558376 ], [ 121.046457247920713, 14.659500150606899 ], [ 121.046445267127496, 14.659511973853347 ], [ 121.046432222080369, 14.659522676453518 ], [ 121.046375200767855, 14.659565254840642 ], [ 121.046362183246131, 14.659574139920137 ], [ 121.046348432595835, 14.659581908097378 ], [ 121.046334049664068, 14.65958850240064 ], [ 121.046160124119396, 14.659659552781893 ], [ 121.046143835560869, 14.659665351476415 ], [ 121.046127062235271, 14.659669644986156 ], [ 121.046109950542217, 14.659672395836886 ], [ 121.046092649834591, 14.659673580018902 ], [ 121.045973763627728, 14.659676296019017 ], [ 121.045969602100186, 14.659676585875285 ], [ 121.045970926914649, 14.659680437465655 ], [ 121.046019030201691, 14.659800788515406 ], [ 121.046021179551744, 14.659805384688537 ], [ 121.046023844297991, 14.659809717489965 ], [ 121.046083017773157, 14.659894717005637 ], [ 121.046086083256583, 14.659898639447078 ], [ 121.04608957085955, 14.659902212088983 ], [ 121.046216845963301, 14.660019055583488 ], [ 121.046229851496136, 14.660032268636117 ], [ 121.046241417856052, 14.660046694370234 ], [ 121.046251426453821, 14.660062184879935 ], [ 121.04625977467164, 14.660078581342246 ], [ 121.046314974550512, 14.660202383085272 ], [ 121.046321598546228, 14.660219583923668 ], [ 121.046326394801397, 14.660237350531546 ], [ 121.04632931376436, 14.660255499358254 ], [ 121.046330325278177, 14.66027384290429 ], [ 121.046330800334388, 14.660439651998933 ], [ 121.046330011773293, 14.660456804155247 ], [ 121.046327554936497, 14.66047380606464 ], [ 121.046293170024441, 14.660650454570028 ], [ 121.046289356864023, 14.660666169788893 ], [ 121.046284118101795, 14.660681490932177 ], [ 121.046191707941958, 14.660916198295038 ], [ 121.046180512444494, 14.660939513158773 ], [ 121.046091816748032, 14.661094407955561 ], [ 121.046083495087089, 14.661107581620817 ], [ 121.046074047025087, 14.661120014430949 ], [ 121.04606354174544, 14.661131615346559 ], [ 121.046016738668271, 14.661179044418169 ], [ 121.04600316653621, 14.661191483053544 ], [ 121.045988381560264, 14.661202533971396 ], [ 121.045972532797876, 14.661212085759841 ], [ 121.045955780031221, 14.661220042120734 ], [ 121.045938292156535, 14.661226322840545 ], [ 121.045920245481113, 14.661230864599041 ], [ 121.045875292834737, 14.661239860947424 ], [ 121.045856280706417, 14.661242675851641 ], [ 121.04583707146773, 14.661243560865811 ], [ 121.045817871251742, 14.661242506493007 ], [ 121.045769594796823, 14.661237402877447 ], [ 121.04575030694491, 14.66123435680521 ], [ 121.045731454811417, 14.661229353898465 ], [ 121.04571324725589, 14.661222449583635 ], [ 121.045695885996579, 14.661213720352489 ], [ 121.045608750771748, 14.661164087246554 ], [ 121.045594483118677, 14.661155081886045 ], [ 121.045581121685487, 14.661144843373597 ], [ 121.045568778568551, 14.661133457605851 ], [ 121.045557557320976, 14.661121020104398 ], [ 121.045508071294577, 14.661060819463991 ], [ 121.045505209279497, 14.66105765427443 ], [ 121.045501790968913, 14.661055064461099 ], [ 121.045446396383511, 14.661017017876386 ], [ 121.045442630783469, 14.661014690220195 ], [ 121.045438184105976, 14.661014348410649 ], [ 121.045325640492308, 14.661011049201909 ], [ 121.045321169895885, 14.661011130647241 ], [ 121.045317260663055, 14.661013243734779 ], [ 121.045218315879893, 14.661073055230364 ], [ 121.045214445479161, 14.661075671325051 ], [ 121.045211569403122, 14.66107930476273 ], [ 121.044918360607781, 14.661491802102169 ], [ 121.044916090668764, 14.661495334851089 ], [ 121.044914528619813, 14.661499214450371 ], [ 121.044851226946847, 14.661680779505087 ], [ 121.044849899022452, 14.661685386544729 ], [ 121.044850660561664, 14.661690113748501 ], [ 121.044874340301959, 14.661798692809599 ], [ 121.044875728205284, 14.661803646329266 ], [ 121.044877686706442, 14.661808413678749 ], [ 121.045007296915188, 14.662078156231511 ], [ 121.0450090730602, 14.662081653889286 ], [ 121.045186593674217, 14.662413026217013 ], [ 121.045188889596545, 14.662416830645952 ], [ 121.045193410710709, 14.662416519663495 ], [ 121.045574475973751, 14.662371411000038 ], [ 121.045578841572734, 14.662370683195507 ], [ 121.045581764715479, 14.662367443705657 ], [ 121.04576496800145, 14.662143329933564 ], [ 121.045776891164621, 14.662130118321263 ], [ 121.045790076848121, 14.662118097431081 ], [ 121.045804400199941, 14.662107381085791 ], [ 121.045819725595777, 14.662098070755741 ], [ 121.045835907923347, 14.662090254598077 ], [ 121.0458527939563, 14.662084006622024 ], [ 121.04587022380521, 14.66207938598809 ], [ 121.045888032431279, 14.662076436447899 ], [ 121.0459060512093, 14.662075185929938 ], [ 121.053364777304026, 14.661911702128375 ], [ 121.053368482289954, 14.661911656868604 ], [ 121.059834163008475, 14.661895404796471 ], [ 121.059838561557584, 14.661895292135426 ], [ 121.06255804252153, 14.661762761795458 ], [ 121.062568923828493, 14.661762542424581 ], [ 121.062681617848838, 14.661763487250262 ], [ 121.062706337118328, 14.661765305880786 ], [ 121.065836622412007, 14.662201713800957 ], [ 121.065836971871349, 14.662201762848532 ], [ 121.073378263328863, 14.66326720587394 ], [ 121.074007116879429, 14.663356033476809 ], [ 121.074011683173666, 14.663356449714263 ], [ 121.074014812986036, 14.663353186113083 ], [ 121.07443307307436, 14.662870102600332 ], [ 121.074435982653284, 14.662866822693028 ], [ 121.074866136471726, 14.662393510158722 ], [ 121.07486879261775, 14.662390302678958 ], [ 121.074870803726753, 14.662386677593231 ], [ 121.076148191534941, 14.659808151085009 ], [ 121.076150184114368, 14.659804249715569 ], [ 121.076394438340444, 14.659340129482992 ], [ 121.076396277757965, 14.659336156862249 ], [ 121.076393142519578, 14.659333046886685 ], [ 121.074394289861473, 14.657539056034846 ], [ 121.074380897125465, 14.657525727650002 ], [ 121.074368986149196, 14.657511126854033 ], [ 121.074358683701334, 14.657495409043781 ], [ 121.074350099430802, 14.657478741504484 ], [ 121.074343324699868, 14.657461301629338 ], [ 121.074338431611764, 14.657443275031477 ], [ 121.074335472243249, 14.657424853568504 ], [ 121.074334478090478, 14.657406233300518 ], [ 121.07433302633109, 14.653100250093972 ], [ 121.074333968695854, 14.653082002750493 ], [ 121.074336798509137, 14.653063941271677 ], [ 121.074341486852106, 14.65304625023127 ], [ 121.074347985813247, 14.653029110417412 ], [ 121.074356228978047, 14.653012696985124 ], [ 121.074366132107713, 14.652997177666327 ], [ 121.074377594000012, 14.65298271105584 ], [ 121.074390497523538, 14.652969444990621 ], [ 121.074404710814591, 14.65295751503904 ], [ 121.074420088624834, 14.652947043115434 ], [ 121.074436473805562, 14.652938136234301 ], [ 121.074453698913629, 14.652930885416696 ], [ 121.074471587922531, 14.652925364760053 ], [ 121.07448995802136, 14.652921630680982 ], [ 121.074508621482821, 14.652919721338748 ], [ 121.074527387581725, 14.652919656245318 ], [ 121.076277652090113, 14.652999804064162 ], [ 121.076282063077727, 14.652999791662969 ], [ 121.076282377736348, 14.652995508142192 ], [ 121.076368249037628, 14.649109477659964 ], [ 121.076368106824802, 14.649104900306353 ], [ 121.076364884442569, 14.649101564337005 ], [ 121.074433562691922, 14.647298818678058 ], [ 121.074431343559951, 14.647296712364872 ], [ 121.06451514702016, 14.637725586423164 ], [ 121.063949553286633, 14.637186600016204 ], [ 121.063937329025123, 14.637173764648811 ], [ 121.063926437387181, 14.637159838077297 ], [ 121.063916980541435, 14.637144950939687 ], [ 121.063909047197356, 14.637129242884559 ], [ 121.063902711773139, 14.637112861261057 ], [ 121.063898033697797, 14.637095959736701 ], [ 121.063895056853468, 14.637078696855861 ], [ 121.063893809163972, 14.637061234552588 ], [ 121.063894302332827, 14.637043736631554 ], [ 121.063896531733434, 14.637026367231512 ], [ 121.064037136288462, 14.636241886551465 ], [ 121.064037669244897, 14.636237747727749 ], [ 121.064033645338895, 14.636236316205796 ], [ 121.063404846258607, 14.636045407352626 ], [ 121.063396015439167, 14.636043183635836 ], [ 121.062618107692813, 14.635886575036135 ], [ 121.062600821144216, 14.63588224152339 ], [ 121.062584042036107, 14.635876311362194 ], [ 121.062567925535106, 14.635868839392387 ], [ 121.062552620680151, 14.635859894711858 ], [ 121.062538269004406, 14.635849560037521 ], [ 121.062525003226341, 14.635837930940403 ], [ 121.06210680514873, 14.63543423007496 ], [ 121.062103372588012, 14.635431233124276 ], [ 121.062099182460102, 14.635429360360032 ], [ 121.061702120756394, 14.635274840092139 ], [ 121.061694148879539, 14.635272140378568 ], [ 121.057324097584967, 14.634005984688308 ], [ 121.05445064242025, 14.633178162020762 ], [ 121.054449671360572, 14.633177879448844 ], [ 121.052169710718388, 14.632507806055411 ], [ 121.046163373906737, 14.630754030815162 ], [ 121.046145735148187, 14.630747920489771 ], [ 121.046128818272791, 14.630740111182048 ], [ 121.046112795381376, 14.630730682338671 ], [ 121.046097829479876, 14.630719729882392 ], [ 121.046084072821074, 14.630707365236111 ], [ 121.04607166535564, 14.630693714189404 ], [ 121.046060733308423, 14.630678915618768 ], [ 121.046051387894281, 14.630663120074784 ], [ 121.046043724186688, 14.630646488250514 ], [ 121.046037820150502, 14.630629189346744 ], [ 121.046033735848951, 14.630611399350606 ], [ 121.046031512832371, 14.63059329924522 ], [ 121.046031173715747, 14.630575073168497 ], [ 121.046032721948578, 14.630556906539853 ], [ 121.046036141779737, 14.630538984173878 ], [ 121.046041398417827, 14.630521488400145 ], [ 121.046048438385085, 14.630504597208365 ], [ 121.046969995292201, 14.628578438415918 ], [ 121.046970937710142, 14.628576403330731 ], [ 121.048295382174558, 14.625619363870197 ], [ 121.04829679434674, 14.625616289411656 ], [ 121.050229039044837, 14.621512503832935 ], [ 121.052551970668532, 14.6164520359573 ], [ 121.053123632182931, 14.615209361408544 ], [ 121.054142159755543, 14.612990747391759 ], [ 121.05511979239148, 14.610863516521079 ], [ 121.056993215603256, 14.606695760013263 ], [ 121.056994744298592, 14.606691855187774 ], [ 121.056990967766339, 14.606689921917217 ], [ 121.052193207321878, 14.604518036047304 ], [ 121.052188517729647, 14.604516211165841 ], [ 121.052187163154969, 14.604516144894074 ], [ 121.052186702406388, 14.604516169589761 ], [ 121.052184898466919, 14.604520193370401 ], [ 121.050239145469035, 14.609532008107776 ], [ 121.05023197696427, 14.609548072038242 ], [ 121.050223245287427, 14.60956338483485 ], [ 121.050213032445271, 14.609577802681342 ], [ 121.050201434355557, 14.609591190166716 ], [ 121.050188559946221, 14.609603421557008 ], [ 121.050174530132367, 14.609614381976177 ], [ 121.05015947668052, 14.609623968485019 ], [ 121.050143540971263, 14.609632091047954 ], [ 121.050126872671228, 14.60963867337866 ], [ 121.05010962832759, 14.609643653656512 ], [ 121.050091969897636, 14.609646985107242 ], [ 121.050074063227783, 14.609648636442213 ], [ 121.050056076495849, 14.609648592152283 ], [ 121.050038178631652, 14.609646852653468 ], [ 121.050020537730276, 14.609643434283042 ], [ 121.049712950759556, 14.609568578084168 ], [ 121.049350939416314, 14.609480478493161 ], [ 121.049266091573458, 14.609459835111963 ], [ 121.046341200439414, 14.608747970775715 ], [ 121.046301056227279, 14.608738199585446 ], [ 121.046125073784054, 14.608695369901556 ], [ 121.04612408844325, 14.608695135348409 ], [ 121.04600206088233, 14.608666761347521 ], [ 121.045973014791414, 14.608660014925666 ], [ 121.04596542952028, 14.608658251385449 ], [ 121.045856091271389, 14.608632819299482 ], [ 121.045851539263467, 14.608631993737633 ], [ 121.045846941107271, 14.608632523966318 ], [ 121.045721868542515, 14.608653205380513 ], [ 121.045695857750488, 14.608657511896462 ], [ 121.045608372943079, 14.608671973219126 ], [ 121.044162397979235, 14.608911013153532 ], [ 121.04415801703837, 14.608911953823233 ], [ 121.044154334538234, 14.608914449226287 ], [ 121.043283443129994, 14.609568322331606 ], [ 121.043267428083922, 14.60957909173009 ], [ 121.043250342950131, 14.609588168809944 ], [ 121.043232375604276, 14.609595453755636 ], [ 121.04321372362314, 14.609600866458734 ], [ 121.043194592112229, 14.609604347398816 ], [ 121.043175191450047, 14.609605858297977 ], [ 121.043093710984948, 14.609608028899734 ], [ 121.043090873925465, 14.609608204756086 ], [ 121.043074105881914, 14.609608504793416 ], [ 121.043057378481478, 14.609607329674365 ], [ 121.043040828305081, 14.60960468899394 ], [ 121.043024590486567, 14.609600604313595 ], [ 121.043008797609346, 14.609595108985214 ], [ 121.042218258658394, 14.609280123192212 ], [ 121.041211273250283, 14.608880972516701 ], [ 121.041099279316356, 14.608837750521761 ], [ 121.041095079633948, 14.608836355411531 ], [ 121.041090690564388, 14.608837029110086 ], [ 121.041072076931584, 14.608840794982887 ], [ 121.040403039122467, 14.608976115119914 ], [ 121.040385393514939, 14.608978829036134 ], [ 121.040367561701231, 14.608979878394997 ], [ 121.040349708886509, 14.608979253474626 ], [ 121.040332000470585, 14.608976960064725 ], [ 121.040314600515416, 14.608973019412954 ], [ 121.040297670225144, 14.60896746802803 ], [ 121.040281366452561, 14.60896035734155 ], [ 121.040265840246064, 14.608951753231421 ], [ 121.040058246090581, 14.608823453199909 ], [ 121.040042619595198, 14.608812654691572 ], [ 121.040028219731809, 14.608800344828504 ], [ 121.04001519998593, 14.608786654819538 ], [ 121.040003699132569, 14.608771730584229 ], [ 121.039993839757045, 14.60875573119751 ], [ 121.039985726948331, 14.608738827194111 ], [ 121.039831274580237, 14.608368245471496 ], [ 121.039790637106748, 14.608270745922034 ], [ 121.03978845916501, 14.608266250331441 ], [ 121.039785785439264, 14.608262016014296 ], [ 121.039728699555511, 14.608181890987989 ], [ 121.03972152419243, 14.60817054729943 ], [ 121.039721464670592, 14.608170583081336 ], [ 121.039713358472724, 14.608157796575677 ], [ 121.03929148068886, 14.607568183053118 ], [ 121.039288095170676, 14.607564002569299 ], [ 121.039284226163971, 14.607560240858577 ], [ 121.038956756187019, 14.607277490558202 ], [ 121.038954173992337, 14.607275341890125 ], [ 121.038938938053036, 14.607263126580605 ], [ 121.038933900665796, 14.607258938814224 ], [ 121.038302217059226, 14.606714522449375 ], [ 121.038301724050712, 14.606714096025199 ], [ 121.037826338946942, 14.606301440449922 ], [ 121.0378229423428, 14.606298771240438 ], [ 121.037819588866327, 14.606301491669312 ], [ 121.037382551551318, 14.606692930644304 ], [ 121.037382249330079, 14.606693212947881 ], [ 121.037379977888833, 14.606695668554131 ], [ 121.0373775741283, 14.606699707664459 ], [ 121.037325265492001, 14.606799189341404 ], [ 121.037323147392271, 14.606803851098137 ], [ 121.037321584304991, 14.606808716215742 ], [ 121.037290119628196, 14.606930464599857 ], [ 121.037289368248182, 14.606933947346469 ], [ 121.037288901238227, 14.606937476945657 ], [ 121.037270524093302, 14.607138770322132 ], [ 121.037270360734439, 14.607142768275065 ], [ 121.037268645763533, 14.60716111727278 ], [ 121.037236940114425, 14.607377451542675 ], [ 121.037234327863544, 14.607391360538095 ], [ 121.037207158388568, 14.607509665296575 ], [ 121.03720176445411, 14.607528368291932 ], [ 121.037194340172718, 14.607546399469035 ], [ 121.0371849713232, 14.607563550497749 ], [ 121.037016318818232, 14.607835896829769 ], [ 121.037014130044085, 14.607839872190445 ], [ 121.037013721954125, 14.607844365339359 ], [ 121.036996667047617, 14.60828441579557 ], [ 121.03699520609473, 14.608301228126354 ], [ 121.036992141459251, 14.608317834524698 ], [ 121.036987499850596, 14.608334090258007 ], [ 121.036981321722237, 14.608349853649884 ], [ 121.036973660919202, 14.608364987314882 ], [ 121.036964584208775, 14.608379359355897 ], [ 121.036954170698536, 14.608392844513732 ], [ 121.03694251114706, 14.608405325258786 ], [ 121.036929707172746, 14.60841669281537 ], [ 121.036832095294599, 14.608495552541342 ], [ 121.036818853611322, 14.608505310408523 ], [ 121.036804769255639, 14.608513876670855 ], [ 121.036789954977863, 14.608521182752323 ], [ 121.036640909827696, 14.608586703133049 ], [ 121.036638146301073, 14.608588112789109 ], [ 121.036620224301132, 14.608596104010266 ], [ 121.036614548008785, 14.608598287890347 ], [ 121.036594577295347, 14.608605973014887 ], [ 121.036589321364104, 14.608608180482893 ], [ 121.036541226586237, 14.608630117495094 ], [ 121.036524976946708, 14.608636634605629 ], [ 121.036508167152149, 14.608641625875897 ], [ 121.036490947917272, 14.608645046554782 ], [ 121.036292220034809, 14.608675062249526 ], [ 121.036271612050584, 14.608677036505794 ], [ 121.03625090648282, 14.608676762977151 ], [ 121.036230361081465, 14.60867424506864 ], [ 121.035889889290047, 14.608613567802239 ], [ 121.035885893142137, 14.608613030323008 ], [ 121.03588189068337, 14.608613521259434 ], [ 121.035655811629127, 14.608651098713814 ], [ 121.035651958642902, 14.60865190514674 ], [ 121.035648302223294, 14.608653336940908 ], [ 121.035353116445094, 14.608783428137475 ], [ 121.035349271898355, 14.608785342808256 ], [ 121.035349017477841, 14.608787064977438 ], [ 121.035345642708265, 14.608804076394572 ], [ 121.035340610636013, 14.60882069496129 ], [ 121.035333967507128, 14.608836767947693 ], [ 121.035325774373732, 14.608852147637913 ], [ 121.03527884256691, 14.608930778369645 ], [ 121.035270956876474, 14.608942861753874 ], [ 121.035067926837769, 14.609228324715554 ], [ 121.035057043087718, 14.60924215250933 ], [ 121.034945472057174, 14.609370575115694 ], [ 121.034933661008139, 14.609382947751996 ], [ 121.034920715247765, 14.609394192503126 ], [ 121.034906747875723, 14.609404211130091 ], [ 121.034891880916931, 14.609412916105823 ], [ 121.034876244255557, 14.609420231379913 ], [ 121.03485997450025, 14.609426093042957 ], [ 121.034843213790694, 14.609430449884945 ], [ 121.034735869782011, 14.609453178955507 ], [ 121.034717197376324, 14.609456171278213 ], [ 121.034698309121495, 14.609457296546513 ], [ 121.034679401377488, 14.609456543062333 ], [ 121.034535119322044, 14.609443594316463 ], [ 121.03452841054451, 14.609442872208156 ], [ 121.034518119615328, 14.609441579683709 ], [ 121.034481997979924, 14.609438761156886 ], [ 121.034476701535198, 14.609438644560941 ], [ 121.03447142619514, 14.609439119071121 ], [ 121.034401423361032, 14.609449384279923 ], [ 121.034393413723677, 14.609450385808278 ], [ 121.034390409222254, 14.609450696958778 ], [ 121.034089289308838, 14.609493779807405 ], [ 121.03408380188057, 14.609494899865489 ], [ 121.034078494260555, 14.609496659153361 ], [ 121.034022791640695, 14.609518880997486 ], [ 121.033709198745441, 14.60964399230237 ], [ 121.033705309456337, 14.609645755682045 ], [ 121.033702986681945, 14.609649268096167 ], [ 121.033566022735044, 14.609879418735687 ], [ 121.03355506460916, 14.609895735213367 ], [ 121.033255650913063, 14.610292996294891 ], [ 121.033017916602546, 14.610608415431665 ], [ 121.033005834094254, 14.610622827659519 ], [ 121.032924276134494, 14.610710484093163 ], [ 121.032907305192595, 14.610726536927048 ], [ 121.032824698326891, 14.610795272813251 ], [ 121.03282022893751, 14.610799244444474 ], [ 121.032812636458459, 14.61080644701566 ], [ 121.032804913291542, 14.610813369997441 ], [ 121.032454815898717, 14.611109828351269 ], [ 121.032447079470614, 14.611117194118806 ], [ 121.032160687410354, 14.611423677691484 ], [ 121.03214556816863, 14.611438110297584 ], [ 121.032128859291092, 14.611450772244089 ], [ 121.032041573588486, 14.611509452315918 ], [ 121.032027804574923, 14.61151786651955 ], [ 121.032013332282489, 14.611525075249132 ], [ 121.031998267731325, 14.611531023204943 ], [ 121.031982726484856, 14.611535664758929 ], [ 121.031825258674118, 14.611575437879667 ], [ 121.031820665382497, 14.611576851906275 ], [ 121.03182035428722, 14.611577068465058 ], [ 121.031819387080645, 14.611577895787946 ], [ 121.031816657034895, 14.611581469975674 ], [ 121.031741993699342, 14.611690559799516 ], [ 121.031730714729335, 14.611705346844719 ], [ 121.031717948675691, 14.61171893917243 ], [ 121.031703828143236, 14.611731195594867 ], [ 121.031527270871592, 14.611869386794783 ], [ 121.031524368200976, 14.611871859756556 ], [ 121.03152192789598, 14.611874768023805 ], [ 121.031453001923623, 14.611964289804286 ], [ 121.031408699031971, 14.612021824273546 ], [ 121.031402476710156, 14.612031025474263 ], [ 121.03133691977331, 14.612142188652467 ], [ 121.031310811331295, 14.612186455334244 ], [ 121.031305763731737, 14.612196376808415 ], [ 121.031299429300603, 14.612211022939686 ], [ 121.031203036563028, 14.612436499694287 ], [ 121.031058030614531, 14.612783704595104 ], [ 121.031050810020318, 14.612798928556066 ], [ 121.031042171435104, 14.612813435297499 ], [ 121.03103218923016, 14.61282709992763 ], [ 121.031020949344324, 14.612839804804617 ], [ 121.031008548544122, 14.612851440549298 ], [ 121.030995093590718, 14.612861906986941 ], [ 121.030980700320754, 14.612871114009618 ], [ 121.030857445122095, 14.612942213969646 ], [ 121.030841952320429, 14.612950213397312 ], [ 121.030825753360162, 14.612956753318409 ], [ 121.030808992849799, 14.612961775350939 ], [ 121.030791820410798, 14.612965234663145 ], [ 121.030774389341943, 14.6129671003737 ], [ 121.030487483073756, 14.612984505386137 ], [ 121.030482522313534, 14.612985071166568 ], [ 121.030478009447734, 14.612987155277331 ], [ 121.030277029588603, 14.613093364401861 ], [ 121.03025943326827, 14.613101529290889 ], [ 121.03024105460571, 14.613107852142438 ], [ 121.03002675750561, 14.613169459866302 ], [ 121.030010122858101, 14.613173439560857 ], [ 121.029993182266423, 14.613175908949655 ], [ 121.029976080026131, 14.613176846999146 ], [ 121.029958961809655, 14.613176245719304 ], [ 121.029941973425508, 14.613174110231713 ], [ 121.029772624726377, 14.613145031388646 ], [ 121.02975530193963, 14.613141216676782 ], [ 121.029738432904011, 14.613135807148536 ], [ 121.029487342851382, 14.613042098070681 ], [ 121.029469290279337, 14.613034263255386 ], [ 121.029452195658337, 14.613024603561247 ], [ 121.029436252840696, 14.613013228528947 ], [ 121.029421642617166, 14.613000267151008 ], [ 121.029408530666927, 14.612985866409026 ], [ 121.029308874535531, 14.612863905991892 ], [ 121.029298228795625, 14.61284947472428 ], [ 121.029289089803086, 14.612834095255113 ], [ 121.029281545895145, 14.612817916242571 ], [ 121.02927566999098, 14.612801094073154 ], [ 121.029271518886674, 14.612783791350102 ], [ 121.029269132706418, 14.612766175321655 ], [ 121.029268534514642, 14.612748416264408 ], [ 121.029272698416449, 14.612501046278929 ], [ 121.029272579050186, 14.612497000169821 ], [ 121.029271353106225, 14.612493132430414 ], [ 121.029209628732289, 14.612325610571377 ], [ 121.029208040556625, 14.612321846523031 ], [ 121.02920547188873, 14.612318636634411 ], [ 121.029115719238263, 14.612216399727348 ], [ 121.029114686005812, 14.612215242793338 ], [ 121.029018675483499, 14.61210956171732 ], [ 121.029015711458868, 14.612106589183396 ], [ 121.029011694679596, 14.612105222629609 ], [ 121.028763287497668, 14.612033113163781 ], [ 121.028758938179308, 14.612032073076245 ], [ 121.028754596913515, 14.612033144588832 ], [ 121.028652929814669, 14.612063459680227 ], [ 121.028541807487528, 14.612096601419115 ], [ 121.028538172199248, 14.612097849024417 ], [ 121.028534656078818, 14.61209938675168 ], [ 121.028278207552759, 14.612224281437147 ], [ 121.02825665875875, 14.612233169684622 ], [ 121.028031304391376, 14.612310198194592 ], [ 121.028010571295169, 14.612315991463847 ], [ 121.027989287963749, 14.612319403260445 ], [ 121.027686832961919, 14.61235044722272 ], [ 121.027668338433358, 14.612351440483232 ], [ 121.02764983433562, 14.612350633731085 ], [ 121.027287104498512, 14.612317096830415 ], [ 121.027285508867919, 14.612316962820106 ], [ 121.026830375290942, 14.612282587753091 ], [ 121.02682075341491, 14.61228234886304 ], [ 121.026154506145417, 14.612299496194911 ], [ 121.026152721575883, 14.612299558858821 ], [ 121.026055935465791, 14.612303865757569 ], [ 121.026051826331141, 14.612304227869648 ], [ 121.026047766639522, 14.612304944877058 ], [ 121.025670735010564, 14.612388591490728 ], [ 121.025658675995814, 14.612392121031171 ], [ 121.025351690111634, 14.612504625780094 ], [ 121.025347545824459, 14.612506377772709 ], [ 121.025345514127778, 14.612510307286348 ], [ 121.025209585671533, 14.612809274952859 ], [ 121.025207929171117, 14.612813474768718 ], [ 121.025207164204843, 14.612817911598851 ], [ 121.025171490062277, 14.613115394482588 ], [ 121.025168467692552, 14.613132998792612 ], [ 121.025163676804851, 14.61315022695427 ], [ 121.025157164125744, 14.613166910935975 ], [ 121.025148993175065, 14.61318288801365 ], [ 121.025048880976414, 14.613356579092313 ], [ 121.025039902581582, 14.613370611217873 ], [ 121.025029644896719, 14.613383785689411 ], [ 121.02501819376171, 14.613395992258088 ], [ 121.025005645003745, 14.613407128774844 ], [ 121.024992103635341, 14.613417102045174 ], [ 121.024715901113368, 14.613601814392606 ], [ 121.024697669832577, 14.613612561294957 ], [ 121.024678293553777, 14.613621202237608 ], [ 121.024384981213245, 14.613732645912428 ], [ 121.024371976746266, 14.613737053042257 ], [ 121.02401060298051, 14.613845062381953 ], [ 121.023991409528108, 14.613849725209947 ], [ 121.02397181544687, 14.613852372385509 ], [ 121.02395204332295, 14.613852973837149 ], [ 121.023796746596332, 14.613849633125341 ], [ 121.023779264900568, 14.61384845130347 ], [ 121.02376197558911, 14.613845669296447 ], [ 121.023620039410375, 14.613816067250426 ], [ 121.023600387992929, 14.613810855907873 ], [ 121.023581441301971, 14.613803579225378 ], [ 121.023563427495702, 14.613794324829639 ], [ 121.023486128579307, 14.613749168002443 ], [ 121.023471695500533, 14.613739817056052 ], [ 121.023458221360926, 14.6137291956044 ], [ 121.023445823713246, 14.613717396312625 ], [ 121.023434610718553, 14.613704522121724 ], [ 121.023424680202467, 14.613690685350431 ], [ 121.023416118801862, 14.613676006715357 ], [ 121.02340900120889, 14.61366061427775 ], [ 121.023371761627075, 14.61356885755942 ], [ 121.023364737927508, 14.613547890108624 ], [ 121.023360389288243, 14.613526245713286 ], [ 121.023322849329148, 14.61325123371223 ], [ 121.023284100045856, 14.612968386645997 ], [ 121.023282931098436, 14.612957216278849 ], [ 121.023239408153216, 14.612356911367092 ], [ 121.023238941220697, 14.612352963548428 ], [ 121.02323776874259, 14.612349157172661 ], [ 121.02312317574733, 14.612029230633409 ], [ 121.023121779543146, 14.612025793479249 ], [ 121.023119824848933, 14.612022624962188 ], [ 121.022414902235212, 14.610979520984925 ], [ 121.022413225341595, 14.610977124264112 ], [ 121.021948407044718, 14.61033516234035 ], [ 121.021941123440911, 14.610324294306533 ], [ 121.021655835908305, 14.609863247541432 ], [ 121.021646678275729, 14.609846522269262 ], [ 121.021567424281841, 14.609681466488901 ], [ 121.021560727629293, 14.609665597251761 ], [ 121.021555606467345, 14.609649181170568 ], [ 121.021555450387609, 14.609648579513349 ], [ 121.021513974939168, 14.609516795943279 ], [ 121.021509682465478, 14.609500478067831 ], [ 121.021506968796146, 14.609483841908236 ], [ 121.021505857504494, 14.609467031983348 ], [ 121.021503880414116, 14.609358074458306 ], [ 121.021504575122478, 14.609338937202729 ], [ 121.021507345309161, 14.609319978946493 ], [ 121.021512159874177, 14.609301412524845 ], [ 121.021518964766145, 14.609283446374027 ], [ 121.021527683589483, 14.609266282191303 ], [ 121.021538218461743, 14.609250112670576 ], [ 121.021654863024153, 14.609090456266236 ], [ 121.021665187378332, 14.6090775964723 ], [ 121.021676661166694, 14.609065696235124 ], [ 121.021689190791619, 14.609054852631001 ], [ 121.02199991033774, 14.608809479868984 ], [ 121.022002875879963, 14.608806925324441 ], [ 121.022005350443024, 14.608803915601607 ], [ 121.022383531179941, 14.608301229379263 ], [ 121.022385845542289, 14.60829784160854 ], [ 121.022387495799677, 14.608294103473854 ], [ 121.022474710445451, 14.608068987378598 ], [ 121.022475952901232, 14.608065306937183 ], [ 121.022476186349209, 14.608061439408367 ], [ 121.022481519268794, 14.607727760616658 ], [ 121.022481351635165, 14.607723187472747 ], [ 121.022479326199203, 14.60771905828471 ], [ 121.022239084219279, 14.607287607691811 ], [ 121.022237052758342, 14.607284304912545 ], [ 121.022234473244893, 14.607281387369671 ], [ 121.021749401642282, 14.606778010119054 ], [ 121.021494416462787, 14.606513410157135 ], [ 121.021484944793428, 14.606502780573708 ], [ 121.021476351201542, 14.606491465538145 ], [ 121.020910130494769, 14.605681787352632 ], [ 121.020902780213092, 14.605672308537059 ], [ 121.020892080610309, 14.605656925726711 ], [ 121.020146473603106, 14.604456361861693 ], [ 121.020136170847877, 14.604437289692047 ], [ 121.02012827253283, 14.604417158929886 ], [ 121.019806838508742, 14.603423947522845 ], [ 121.019806201230722, 14.603421937639235 ], [ 121.019633260770831, 14.602865030382494 ], [ 121.019631844538054, 14.602861160098433 ], [ 121.019628411343135, 14.602863548346811 ], [ 121.0175808156214, 14.604439817403762 ], [ 121.014071728222362, 14.607139490148302 ], [ 121.009409956818516, 14.610726817116138 ], [ 121.008583222437181, 14.611365799262407 ], [ 121.008582970916734, 14.61136599331633 ], [ 121.005325148110558, 14.613874963460534 ], [ 121.001079735356143, 14.617141073522047 ], [ 121.001076510524257, 14.617143813257206 ] ] ] } },
{ "type": "Feature", "properties": { "district": "DISTRICT 5", "barangay_name": "Bagbag", "barangay_geom": "POLYGON((121.021780669023 14.7039245549961, 121.021412233078 14.7038528618856, 121.021338455945 14.7029695349395, 121.020163391751 14.7034717049706, 121.019903557899 14.703554779752, 121.019027042083 14.7033132522851, 121.018565558094 14.703592634399, 121.01836388057 14.7035737786246, 121.01817090878 14.7035031961778, 121.017970385494 14.7034037912257, 121.017936712806 14.7032557927434, 121.019389537272 14.6989026353403, 121.021084812396 14.6933291291121, 121.021090476404 14.6933291285974, 121.030349133387 14.6933372942442, 121.033211919624 14.6932884300661, 121.033246595932 14.6938751877098, 121.033248284857 14.6941141856677, 121.03324886943 14.694172934148, 121.033280221147 14.6942644418389, 121.033276327549 14.694428269544, 121.033261528026 14.6946206506115, 121.033333991989 14.6948135072191, 121.033449322908 14.6948611040697, 121.033577796357 14.6949332197061, 121.03533673795 14.6946684363148, 121.035578837717 14.6945770227098, 121.036102670399 14.695154078597, 121.036290445815 14.6952550516291, 121.036389222968 14.6950289897857, 121.036813639701 14.6951018162348, 121.037140449234 14.6947897189253, 121.037844410482 14.6944897977172, 121.038127264511 14.6944652758559, 121.038152246658 14.6935291269706, 121.038742241914 14.6939517748329, 121.040145023649 14.6945016488449, 121.040673083523 14.6947768887707, 121.040811332276 14.6945749502233, 121.041314202514 14.6946054556674, 121.04142109482 14.6947522808861, 121.041917673551 14.6947521917036, 121.042443038291 14.6940867009972, 121.043095413734 14.6945147673478, 121.043146933863 14.6943049531192, 121.046320609751 14.6942527329009, 121.046495169759 14.6959042282163, 121.046278633785 14.6963392728597, 121.0472679866 14.6969215335617, 121.047063540224 14.6972238589648, 121.046730217875 14.6970322253407, 121.046533349126 14.697341932989, 121.046003077212 14.6970766128431, 121.045828944147 14.6975042734151, 121.046224418279 14.6978492477104, 121.044606830546 14.6995069870863, 121.042400682456 14.6973309302488, 121.04212206737 14.69802697949, 121.042194906331 14.6986757760634, 121.041334616756 14.6996196674101, 121.040789283019 14.6997967145276, 121.040062060843 14.6995019236407, 121.03997718651 14.6992719061407, 121.038819860123 14.6996967732743, 121.035838392229 14.6990897299695, 121.035626373827 14.6995321391122, 121.035450646327 14.6995380589664, 121.03489319704 14.6998153642761, 121.034632596708 14.6995676743168, 121.034166038719 14.6998213744951, 121.033507688206 14.6997799940703, 121.033246250412 14.6998783225097, 121.032573861243 14.6994683079359, 121.032627230488 14.6993169099717, 121.032471114809 14.6992649620177, 121.032220822347 14.6994441618863, 121.031699658162 14.6992142015332, 121.030802851636 14.6993912639214, 121.030475588131 14.6991553820533, 121.030414986342 14.6990551198062, 121.030051400902 14.6990374703273, 121.029930190506 14.6989195189279, 121.029839329243 14.6991731526051, 121.029038631043 14.6990338123042, 121.028299134621 14.7001930575665, 121.027821592753 14.7002292050172, 121.027555022961 14.7006716133082, 121.027252835745 14.7006902858552, 121.027076352739 14.7010550535719, 121.026482596272 14.7019103741953, 121.026312928709 14.7019045005782, 121.025955432114 14.7022171462981, 121.024598043636 14.7021701146561, 121.023207718927 14.7023804692238, 121.022311838021 14.7023579073287, 121.022145215943 14.7038263652493, 121.021780669023 14.7039245549961))", "BARANGAY": "Bagbag" }, "geometry": { "type": "Polygon", "coordinates": [ [ [ 121.013568872669921, 14.716006704057117 ], [ 121.013571920959308, 14.716009828568779 ], [ 121.013779169857045, 14.716202197612269 ], [ 121.013781209419164, 14.716204119929643 ], [ 121.018437081829575, 14.720659855083145 ], [ 121.022789196794648, 14.724806850103118 ], [ 121.022789431798046, 14.724807074421964 ], [ 121.024881020790033, 14.726807085468712 ], [ 121.025815977935011, 14.727701332066053 ], [ 121.030640426363732, 14.732315534965426 ], [ 121.030643779975307, 14.732318444808058 ], [ 121.030650911145997, 14.732323515914542 ], [ 121.030663127315847, 14.732332995273445 ], [ 121.030674481487907, 14.732343440475036 ], [ 121.030992468142443, 14.732661665130417 ], [ 121.030994222672561, 14.732663374633992 ], [ 121.033378808480464, 14.734925419830153 ], [ 121.033489165660015, 14.735030110163823 ], [ 121.033489628739815, 14.735030550999673 ], [ 121.038852944840457, 14.740153918102575 ], [ 121.040259441628294, 14.74149943560302 ], [ 121.040937123470684, 14.742144480719006 ], [ 121.040940426172554, 14.742147333329529 ], [ 121.040944837056486, 14.742147538842719 ], [ 121.053385691987998, 14.742140042255098 ], [ 121.064194904047753, 14.742132993430101 ], [ 121.064196316247106, 14.742132982024684 ], [ 121.064433727399219, 14.742129307219189 ], [ 121.06443673521693, 14.742129284369128 ], [ 121.068128003435433, 14.74213030466108 ], [ 121.073789613839622, 14.742126489354973 ], [ 121.07763637433716, 14.742123525307402 ], [ 121.077654722270822, 14.74212439515429 ], [ 121.077672892144633, 14.742127024764084 ], [ 121.077690706186416, 14.742131388409023 ], [ 121.077707990105438, 14.742137443395693 ], [ 121.077724574797557, 14.742145130482788 ], [ 121.077740297999725, 14.74215437446068 ], [ 121.07775500587762, 14.742165084887246 ], [ 121.077768554530607, 14.742177156972778 ], [ 121.077780811399776, 14.742190472605206 ], [ 121.07785725620684, 14.742282279428705 ], [ 121.07787732923056, 14.742306382158535 ], [ 121.077916908742338, 14.742353908970776 ], [ 121.077928176116444, 14.742368962772707 ], [ 121.077937791783015, 14.742385065069527 ], [ 121.077945653636448, 14.742402044876986 ], [ 121.077951678194196, 14.742419721892844 ], [ 121.077983467907345, 14.742532069960395 ], [ 121.077986896102104, 14.742546459075047 ], [ 121.07798910545749, 14.742561072568316 ], [ 121.078012077095877, 14.742772777260539 ], [ 121.078012961908186, 14.742784689390067 ], [ 121.078043550254733, 14.743545372597479 ], [ 121.078047479634307, 14.743643120742423 ], [ 121.078088658993849, 14.744565882176667 ], [ 121.078089035369473, 14.744570981718418 ], [ 121.078126161091063, 14.744931067294669 ], [ 121.078126805745256, 14.744935289689627 ], [ 121.078128258188372, 14.744939317630653 ], [ 121.07819618455521, 14.745102452414281 ], [ 121.07819808432096, 14.745106443241975 ], [ 121.078200374940863, 14.745110234759556 ], [ 121.078274908798733, 14.745220863999842 ], [ 121.07827771367225, 14.745224594542824 ], [ 121.078280896731556, 14.74522802562417 ], [ 121.07841702559486, 14.745360417518363 ], [ 121.078423242909693, 14.745365939035896 ], [ 121.078541597157013, 14.745461846842346 ], [ 121.078545889526609, 14.745464934922024 ], [ 121.078550519035574, 14.745467520963395 ], [ 121.078666901595895, 14.745524105208954 ], [ 121.078676175428214, 14.745528015284764 ], [ 121.078895697343214, 14.745607051562985 ], [ 121.078899679660083, 14.74560838621983 ], [ 121.079709603907986, 14.745859979411076 ], [ 121.079711385958589, 14.745860513852643 ], [ 121.080055693279036, 14.745960099456264 ], [ 121.080068999586899, 14.745964487609999 ], [ 121.080407445492128, 14.746090179288217 ], [ 121.080425474450166, 14.746097965897652 ], [ 121.080442553113826, 14.746107569382847 ], [ 121.080458488833543, 14.746118881415388 ], [ 121.081012471133462, 14.746557822741897 ], [ 121.081018709525097, 14.746562355870843 ], [ 121.081123025355495, 14.746631721422183 ], [ 121.081138765695911, 14.746643433904794 ], [ 121.081153134196356, 14.746656711668278 ], [ 121.081648844349331, 14.747166417080537 ], [ 121.081652365171053, 14.747170140333605 ], [ 121.082262277040556, 14.747833517916343 ], [ 121.082266275483846, 14.747838013523253 ], [ 121.082269962710669, 14.747842299713666 ], [ 121.08263410259832, 14.748265444183623 ], [ 121.082634251160044, 14.748265617036408 ], [ 121.082679258192201, 14.748318049460178 ], [ 121.082691510782894, 14.748334040519298 ], [ 121.082872060475182, 14.748599030687943 ], [ 121.082872764430419, 14.748600048794156 ], [ 121.082924438506183, 14.748673698556546 ], [ 121.082925945562579, 14.748675880434536 ], [ 121.083642445682244, 14.749729679682829 ], [ 121.083643659370466, 14.749731420346563 ], [ 121.084272891349784, 14.750611629207297 ], [ 121.084275135125054, 14.750614840995077 ], [ 121.084339531394335, 14.750709183584506 ], [ 121.084340369889262, 14.750710390774268 ], [ 121.084431712370829, 14.750839639048294 ], [ 121.084435243181176, 14.750844823975441 ], [ 121.084511259706943, 14.750960736182543 ], [ 121.084512185729338, 14.750962120155412 ], [ 121.0845464134742, 14.751012266540776 ], [ 121.084552422362535, 14.751021684509057 ], [ 121.08459727225447, 14.751097042697465 ], [ 121.084598485458329, 14.751099022496899 ], [ 121.084721894912818, 14.751294694001917 ], [ 121.084731550860724, 14.751312067228273 ], [ 121.084795514497642, 14.751443897030063 ], [ 121.08479678818972, 14.751446578672539 ], [ 121.084811807539211, 14.751478891379854 ], [ 121.084813116067068, 14.7514815872059 ], [ 121.084821433854657, 14.751498016059957 ], [ 121.084828658712823, 14.751514244111057 ], [ 121.084834219102916, 14.751531081634543 ], [ 121.084861991344752, 14.751631865754096 ], [ 121.084862627047315, 14.751634236823868 ], [ 121.084928846319286, 14.751888261391407 ], [ 121.084930870632732, 14.751896034264206 ], [ 121.084934524944643, 14.751913737780066 ], [ 121.084936345687396, 14.751931707787522 ], [ 121.085092605602327, 14.755077200349069 ], [ 121.085093067365221, 14.755081730602733 ], [ 121.085093996731601, 14.755086192351802 ], [ 121.085222255230136, 14.755573873420333 ], [ 121.085562263036479, 14.756866704305477 ], [ 121.085563657886354, 14.756871071488639 ], [ 121.0855671339515, 14.756879007236883 ], [ 121.085572940707877, 14.756894095312852 ], [ 121.085594416234187, 14.756958502018193 ], [ 121.085596976134966, 14.756966861351701 ], [ 121.086047168983754, 14.758578034852921 ], [ 121.086048502958661, 14.758582027196889 ], [ 121.086052614538346, 14.758580755990806 ], [ 121.086626422094767, 14.75837280148788 ], [ 121.08664290198513, 14.758367666025457 ], [ 121.086659801507253, 14.758364045352685 ], [ 121.08667697396443, 14.758361970898951 ], [ 121.086694270290764, 14.758361460671638 ], [ 121.08896044606837, 14.758397389675524 ], [ 121.088980278922108, 14.758398739626118 ], [ 121.088999849862674, 14.758402144775996 ], [ 121.089018934636158, 14.758407566107296 ], [ 121.089037314559491, 14.758414941499705 ], [ 121.089826092953615, 14.758780680578626 ], [ 121.089830052665519, 14.758782298878499 ], [ 121.08983420192915, 14.758781220266631 ], [ 121.090951833843263, 14.758435127791634 ], [ 121.090970618783544, 14.758430347125351 ], [ 121.090989813968591, 14.758427500982679 ], [ 121.091009209609894, 14.758426620469812 ], [ 121.091028593728154, 14.758427715210134 ], [ 121.091047754469983, 14.758430773239052 ], [ 121.091066482423273, 14.758435761134724 ], [ 121.091084572905942, 14.758442624383374 ], [ 121.091717295382125, 14.758720568164334 ], [ 121.091728867438164, 14.758726130342332 ], [ 121.092367449404051, 14.759060412260927 ], [ 121.092371096460283, 14.759062125407084 ], [ 121.09237499460599, 14.759063193538461 ], [ 121.092757967090151, 14.75915071303794 ], [ 121.092775787828899, 14.759155711108644 ], [ 121.092793007482172, 14.759162413725244 ], [ 121.092809454351894, 14.759170754055683 ], [ 121.092824964445398, 14.759180648938157 ], [ 121.095118193504831, 14.760808531097615 ], [ 121.09512630615356, 14.760814630715043 ], [ 121.095133426472728, 14.760820296400167 ], [ 121.095137668194596, 14.760820696790759 ], [ 121.096325238174487, 14.760876641565735 ], [ 121.096342512780666, 14.760878245063385 ], [ 121.096359558200405, 14.76088141038958 ], [ 121.096376225640654, 14.760886109913573 ], [ 121.09639236960777, 14.76089230261227 ], [ 121.096407849177609, 14.760899934428339 ], [ 121.098404692739138, 14.762001385492647 ], [ 121.09840890066036, 14.762003435170575 ], [ 121.098413550036994, 14.762002728973354 ], [ 121.098940388562056, 14.761895375430557 ], [ 121.098958281296404, 14.761892607914264 ], [ 121.098976365999249, 14.761891549916136 ], [ 121.098994470594604, 14.761892211503067 ], [ 121.099012422817168, 14.761894586380118 ], [ 121.099030051851443, 14.761898651950359 ], [ 121.09904718995702, 14.761904369529915 ], [ 121.099063674064681, 14.761911684716033 ], [ 121.099079347327887, 14.761920527904689 ], [ 121.0990940606153, 14.761930814952912 ], [ 121.099107673929637, 14.761942447979344 ], [ 121.099671818246009, 14.762474131605796 ], [ 121.099895850043353, 14.762685271989145 ], [ 121.099907804881695, 14.762697650186702 ], [ 121.099918512671806, 14.762711065858666 ], [ 121.09992787882598, 14.762725400497455 ], [ 121.099935820607811, 14.762740527477739 ], [ 121.099942267863028, 14.762756313174988 ], [ 121.099947163639357, 14.762772618145858 ], [ 121.0999504646894, 14.762789298359943 ], [ 121.09995214185291, 14.762806206472083 ], [ 121.099952180314176, 14.762823193123941 ], [ 121.099878818385321, 14.764415297609116 ], [ 121.099844746651698, 14.765154754943143 ], [ 121.099844767438427, 14.765159041605742 ], [ 121.099849102087134, 14.765159806448439 ], [ 121.101907464454271, 14.76542136510948 ], [ 121.101912064516284, 14.76542172015618 ], [ 121.101915791593058, 14.765419072651662 ], [ 121.105432674883602, 14.762644405120133 ], [ 121.105446786241117, 14.762634306379184 ], [ 121.10546181251334, 14.762625546134165 ], [ 121.105477620050024, 14.762618202302519 ], [ 121.105494068252071, 14.762612340203502 ], [ 121.105511010822042, 14.762608011977191 ], [ 121.105528297065391, 14.762605256120736 ], [ 121.105545773230844, 14.762604097145964 ], [ 121.105563283877842, 14.762604545361333 ], [ 121.105580673259126, 14.76260659678028 ], [ 121.10559778670607, 14.762610233156627 ], [ 121.105614472004248, 14.762615422146933 ], [ 121.107686384136898, 14.763366264159659 ], [ 121.107689630966448, 14.763367309759584 ], [ 121.107692948182745, 14.7633681195727 ], [ 121.109417157103564, 14.76372380470192 ], [ 121.109836779464445, 14.763810370651591 ], [ 121.109854715040072, 14.7638149924472 ], [ 121.109872087261522, 14.763821332418631 ], [ 121.109888722776873, 14.763829327301359 ], [ 121.109904455585379, 14.763838897316994 ], [ 121.109919128694102, 14.763849946969385 ], [ 121.109932595684512, 14.763862365997532 ], [ 121.109944722173424, 14.763876030475798 ], [ 121.109955387154031, 14.763890804050602 ], [ 121.110856809088659, 14.765282418991108 ], [ 121.110859555953411, 14.765286211352626 ], [ 121.110862689231439, 14.765289708575118 ], [ 121.113213999871235, 14.767656071058477 ], [ 121.113231160347311, 14.767676037488286 ], [ 121.113868872091246, 14.768537154431288 ], [ 121.113878313672373, 14.768551242074242 ], [ 121.113886368591096, 14.768566122721751 ], [ 121.113892967095808, 14.768581667515326 ], [ 121.114534120050607, 14.77031681788352 ], [ 121.114538935095325, 14.770331884224049 ], [ 121.114799421666433, 14.771293063706656 ], [ 121.115002141868217, 14.772041074460155 ], [ 121.115003541463622, 14.772045344093115 ], [ 121.115007875258271, 14.772046861224835 ], [ 121.11859000592797, 14.773103782071727 ], [ 121.11860642167342, 14.773109456090712 ], [ 121.118622218920265, 14.773116601596122 ], [ 121.118637258712454, 14.773125155734565 ], [ 121.11865140875652, 14.773135043261977 ], [ 121.1186645445854, 14.773146177205524 ], [ 121.118676550653205, 14.773158459628579 ], [ 121.118980285667533, 14.773499913136314 ], [ 121.118980426858514, 14.773500072046922 ], [ 121.118980720178882, 14.773500402567365 ], [ 121.118986142963294, 14.773506804419993 ], [ 121.120216541160147, 14.775029223304372 ], [ 121.120219626613704, 14.775032663550382 ], [ 121.120223863653706, 14.775034626090822 ], [ 121.121728463108013, 14.775641827308146 ], [ 121.121732995086887, 14.775643390065925 ], [ 121.121737721042422, 14.775642528690161 ], [ 121.123846935429384, 14.775145179038105 ], [ 121.123850995783997, 14.775144025559154 ], [ 121.123853516574457, 14.775140720503472 ], [ 121.124453290521146, 14.774273124783278 ], [ 121.124463970239177, 14.774259175757187 ], [ 121.124475978576299, 14.774246290280507 ], [ 121.124489204307096, 14.774234587702878 ], [ 121.124503524930205, 14.774224176417482 ], [ 121.124518807803227, 14.77421515285714 ], [ 121.124534911371015, 14.774207600601104 ], [ 121.124551686476906, 14.774201589600901 ], [ 121.12456897774436, 14.774197175532434 ], [ 121.124586625015922, 14.774194399280308 ], [ 121.12460446483675, 14.774193286559141 ], [ 121.124622331968595, 14.774193847675354 ], [ 121.124640060920143, 14.774196077431769 ], [ 121.12465748748005, 14.774199955175682 ], [ 121.124674450237649, 14.774205444990196 ], [ 121.124690792078283, 14.774212496026873 ], [ 121.12470636163826, 14.774221042976697 ], [ 121.124721014707021, 14.774231006675011 ], [ 121.124734615562787, 14.774242294834741 ], [ 121.124747038229643, 14.774254802901163 ], [ 121.12475816764443, 14.774268415020362 ], [ 121.124767900722418, 14.774283005112276 ], [ 121.126270852849643, 14.776792652112364 ], [ 121.126273211867428, 14.776796186354796 ], [ 121.126277393806674, 14.776795090018776 ], [ 121.127512615990582, 14.776408012989206 ], [ 121.127530389275364, 14.776403375120463 ], [ 121.127548546959758, 14.776400471127866 ], [ 121.127566910844038, 14.776399329511268 ], [ 121.127585300704922, 14.776399961474576 ], [ 121.1276035360641, 14.776402360815727 ], [ 121.12762143795959, 14.776406503987623 ], [ 121.127638830701969, 14.776412350329169 ], [ 121.129365183168602, 14.777087506493205 ], [ 121.12936946892718, 14.777088946712164 ], [ 121.129373847198664, 14.777087799817819 ], [ 121.130086408820233, 14.776863709295185 ], [ 121.130090864544712, 14.776862055397839 ], [ 121.130094586488852, 14.776859154268225 ], [ 121.130888319751236, 14.776171838369564 ], [ 121.130901920796859, 14.776161133740024 ], [ 121.130916496465858, 14.77615172156092 ], [ 121.130931917479842, 14.776143685313233 ], [ 121.130948047062645, 14.776137096274152 ], [ 121.130964742153594, 14.776132012884924 ], [ 121.130981854676293, 14.776128480232503 ], [ 121.131805571919898, 14.775997526375997 ], [ 121.131823856242065, 14.775995518070676 ], [ 121.131842255061031, 14.775995279856014 ], [ 121.131860587828001, 14.775996814069673 ], [ 121.13187867464238, 14.776000105656374 ], [ 121.131896338017043, 14.776005122315597 ], [ 121.13191340462015, 14.776011814818601 ], [ 121.131929706975853, 14.776020117491436 ], [ 121.131945085107901, 14.776029948859472 ], [ 121.131959388109564, 14.776041212446836 ], [ 121.131972475624153, 14.776053797723174 ], [ 121.131984219222758, 14.776067581188274 ], [ 121.131994503664288, 14.776082427584004 ], [ 121.132742829361788, 14.777287455600703 ], [ 121.132745223468177, 14.777290927239402 ], [ 121.132749518183957, 14.777291054665326 ], [ 121.134160505425541, 14.777267733674824 ], [ 121.134164956156795, 14.77726744323126 ], [ 121.134165861503689, 14.777263193199429 ], [ 121.134266587732398, 14.776633475269177 ], [ 121.134270079705303, 14.776616833675776 ], [ 121.134275161746686, 14.776600584519461 ], [ 121.134281788974889, 14.776584871302527 ], [ 121.134289902862079, 14.776569832794124 ], [ 121.134299431751344, 14.776555601804819 ], [ 121.134310291489328, 14.776542304013644 ], [ 121.134322386169558, 14.776530056858222 ], [ 121.134335608979399, 14.776518968497593 ], [ 121.134349843143312, 14.776509136857086 ], [ 121.134364962954251, 14.776500648763452 ], [ 121.135045115802612, 14.77615921424692 ], [ 121.13504876212086, 14.776157161917409 ], [ 121.135046093139849, 14.776153990844502 ], [ 121.133805088483271, 14.774816343530466 ], [ 121.133793699474893, 14.774802803622116 ], [ 121.13378370935078, 14.774788255614741 ], [ 121.133775211734672, 14.774772835847358 ], [ 121.133768286263006, 14.774756688828784 ], [ 121.133762997838559, 14.774739965883343 ], [ 121.133759396022242, 14.774722823732723 ], [ 121.133441404568586, 14.772719567269609 ], [ 121.133440508636525, 14.772715325406768 ], [ 121.133436231709993, 14.772714127750437 ], [ 121.132728791805008, 14.772552394578824 ], [ 121.131394722944364, 14.772247387471175 ], [ 121.13138981440278, 14.772246534575828 ], [ 121.131384832118528, 14.772246726546172 ], [ 121.130268728494286, 14.772348726333608 ], [ 121.130251079980567, 14.772349518011872 ], [ 121.130233434000047, 14.77234867456592 ], [ 121.130215950195506, 14.77234620362645 ], [ 121.130198786742525, 14.772342127548024 ], [ 121.130182098918411, 14.772336483206884 ], [ 121.130166037697421, 14.772329321667273 ], [ 121.130150748384949, 14.772320707719494 ], [ 121.130136369302875, 14.772310719293731 ], [ 121.130123030538158, 14.772299446755021 ], [ 121.130110852766052, 14.772286992085702 ], [ 121.130099946158239, 14.772273467962805 ], [ 121.129390297968357, 14.771301664485678 ], [ 121.129111323597698, 14.770919618199581 ], [ 121.129102017373242, 14.770905534589447 ], [ 121.129094090497645, 14.770890673419274 ], [ 121.129087611001097, 14.770875162231453 ], [ 121.129082634491965, 14.770859134146946 ], [ 121.129079203679538, 14.770842726722837 ], [ 121.129077348007584, 14.770826080771748 ], [ 121.12903133316739, 14.770101494694893 ], [ 121.129030849660325, 14.770097288130598 ], [ 121.12902661340388, 14.770098249856783 ], [ 121.128444901732067, 14.770260325807174 ], [ 121.128427940925391, 14.770264223876843 ], [ 121.128410679318563, 14.77026655802279 ], [ 121.128393268870127, 14.770267307696937 ], [ 121.128375862848898, 14.770266466299754 ], [ 121.128358614484739, 14.770264041238317 ], [ 121.128341675619538, 14.770260053861145 ], [ 121.128325195370621, 14.770254539270212 ], [ 121.128309318817969, 14.770247546011959 ], [ 121.128294185726901, 14.770239135649916 ], [ 121.128279929317941, 14.770229382222752 ], [ 121.128266675093784, 14.770218371592446 ], [ 121.127891220626054, 14.769875568386622 ], [ 121.127878796880339, 14.769863078874668 ], [ 121.127867663571124, 14.769849485846905 ], [ 121.127857923671058, 14.769834915026447 ], [ 121.127849667264996, 14.769819501180068 ], [ 121.127842970716785, 14.769803386871718 ], [ 121.127837895962955, 14.76978672114395 ], [ 121.127834489939957, 14.769769658139378 ], [ 121.127832784149902, 14.769752355675045 ], [ 121.127832794369382, 14.769734973782745 ], [ 121.127834520503512, 14.769717673228827 ], [ 121.127837946586681, 14.769700614027347 ], [ 121.127843040930472, 14.769683953960003 ], [ 121.128013987605939, 14.769209653334581 ], [ 121.128015251243326, 14.769205509293114 ], [ 121.128013147214645, 14.769201702274479 ], [ 121.127934447973516, 14.769074607016714 ], [ 121.126854232918461, 14.767329919019788 ], [ 121.126851880667445, 14.767326487935843 ], [ 121.126848415893093, 14.767324112073458 ], [ 121.126330815754102, 14.767002845297606 ], [ 121.125016422002716, 14.766187020264175 ], [ 121.125001822179087, 14.766176964206482 ], [ 121.124988284135824, 14.766165588227366 ], [ 121.124975933428246, 14.766152997830799 ], [ 121.124964884599976, 14.766139309783577 ], [ 121.124955240120528, 14.766124651032367 ], [ 121.124947089435125, 14.766109157526397 ], [ 121.124940508135026, 14.766092972956567 ], [ 121.124935557256563, 14.766076247422884 ], [ 121.124932282715136, 14.766059136042326 ], [ 121.124930714879255, 14.766041797510306 ], [ 121.124930868289056, 14.766024392628847 ], [ 121.124932741521349, 14.766007082815271 ], [ 121.124936317202881, 14.765990028605184 ], [ 121.125077946993073, 14.765449004808339 ], [ 121.125083194761416, 14.765432356721142 ], [ 121.125090064654387, 14.765416277329113 ], [ 121.125098492899156, 14.765400915895565 ], [ 121.125108401256995, 14.765386415019 ], [ 121.125119697749412, 14.765372909309454 ], [ 121.125132277512137, 14.765360524138936 ], [ 121.125146023768508, 14.765349374477593 ], [ 121.125160808913449, 14.765339563826462 ], [ 121.125176495698085, 14.765331183256722 ], [ 121.125733524826103, 14.765066737155321 ], [ 121.125737271047981, 14.7650647398599 ], [ 121.125737392453388, 14.765060584889353 ], [ 121.125705413192307, 14.763414317026099 ], [ 121.125705968739595, 14.763396522379965 ], [ 121.125708320691459, 14.763378867244475 ], [ 121.125712446227709, 14.763361522918597 ], [ 121.125718305319936, 14.763344657685623 ], [ 121.125725841119916, 14.763328435180409 ], [ 121.125734980511268, 14.763313012801726 ], [ 121.125745634818813, 14.763298540185087 ], [ 121.125757700668956, 14.763285157750936 ], [ 121.125771060992747, 14.763272995342199 ], [ 121.126338492464185, 14.762805243984825 ], [ 121.126341643443951, 14.762802382037327 ], [ 121.126339840192145, 14.762798572432557 ], [ 121.125517018498542, 14.76125974462906 ], [ 121.125509679228983, 14.761244279592583 ], [ 121.125503868777386, 14.76122821088201 ], [ 121.125499638757759, 14.761211681235993 ], [ 121.12549702674508, 14.761194837487679 ], [ 121.125496055941497, 14.761177829260312 ], [ 121.125496734970312, 14.761160807638204 ], [ 121.12549905779926, 14.761143923824603 ], [ 121.125503003794321, 14.761127327798567 ], [ 121.125508537902832, 14.761111166982722 ], [ 121.125515610964911, 14.76109558493367 ], [ 121.125667560521023, 14.760799442947821 ], [ 121.12566928627399, 14.760795635071448 ], [ 121.125666143280824, 14.760792812646244 ], [ 121.124248055390538, 14.759636236904498 ], [ 121.124244564953088, 14.759633658105082 ], [ 121.124240214765493, 14.7596341748744 ], [ 121.123751855246269, 14.75971558038659 ], [ 121.12373406161241, 14.759717692417077 ], [ 121.123716141620974, 14.759718125461898 ], [ 121.123698262188583, 14.759716875487484 ], [ 121.123680589854061, 14.759713954136814 ], [ 121.12366328922721, 14.759709388621015 ], [ 121.12364652145547, 14.759703221465832 ], [ 121.123630442722956, 14.759695510115559 ], [ 121.123615202795676, 14.759686326397938 ], [ 121.123600943626386, 14.759675755855154 ], [ 121.123587798032631, 14.759663896946996 ], [ 121.123575888459285, 14.75965086013376 ], [ 121.123565325838314, 14.759636766847372 ], [ 121.123556208555343, 14.759621748360278 ], [ 121.123548621533288, 14.759605944562701 ], [ 121.123542635441353, 14.759589502659633 ], [ 121.123538306036806, 14.759572575799698 ], [ 121.123397261130862, 14.758880072226866 ], [ 121.123394616873952, 14.758862701444878 ], [ 121.12339371744045, 14.758845162944036 ], [ 121.123392285430384, 14.757742675906774 ], [ 121.123392061238803, 14.757738389650735 ], [ 121.123387688854152, 14.757737827225657 ], [ 121.122604504037, 14.757675318529801 ], [ 121.121724432819946, 14.757605075731579 ], [ 121.121705622801173, 14.7576026277513 ], [ 121.1216871676762, 14.757598324731427 ], [ 121.121669260118637, 14.757592211596052 ], [ 121.121652087085437, 14.757584352167067 ], [ 121.121635827864921, 14.757574828497868 ], [ 121.121620652205024, 14.757563740016677 ], [ 121.121606718541159, 14.757551202488514 ], [ 121.121594172342057, 14.757537346806593 ], [ 121.121583144591071, 14.757522317625739 ], [ 121.121573750418762, 14.75750627185222 ], [ 121.121566087900845, 14.75748937700557 ], [ 121.121375544822925, 14.757003445320835 ], [ 121.121370063895071, 14.756987198519713 ], [ 121.121366185347696, 14.756970520383049 ], [ 121.121363943898885, 14.756953560203664 ], [ 121.12136335961236, 14.756936469798994 ], [ 121.121364437717929, 14.756919402152183 ], [ 121.121367168564674, 14.756902510042577 ], [ 121.121371527707296, 14.756885944678231 ], [ 121.121377476125019, 14.756869854342304 ], [ 121.121384960570865, 14.756854383065791 ], [ 121.121768559020623, 14.756149977234013 ], [ 121.12177045131692, 14.756146044188693 ], [ 121.121768116521267, 14.756142343163047 ], [ 121.121148403937724, 14.755260847916947 ], [ 121.121138891784298, 14.755245786237227 ], [ 121.121130937274032, 14.755229892279928 ], [ 121.121124616512731, 14.755213318113253 ], [ 121.121119989974943, 14.755196222313382 ], [ 121.121117101925464, 14.755178768447257 ], [ 121.121115979995722, 14.755161123507673 ], [ 121.121116634919588, 14.755143456315475 ], [ 121.121119060430487, 14.755125935904385 ], [ 121.121123233321583, 14.755108729903741 ], [ 121.121522566791697, 14.75376083799161 ], [ 121.121523587191632, 14.753756635254797 ], [ 121.12152165919116, 14.753752745661837 ], [ 121.121026315181297, 14.7528664150169 ], [ 121.121018464860924, 14.752850577967775 ], [ 121.121012233096522, 14.752834073536595 ], [ 121.121007678869461, 14.752817057932747 ], [ 121.12100484528365, 14.752799692203613 ], [ 121.120888967723047, 14.751767439929868 ], [ 121.120888229309443, 14.751762978347717 ], [ 121.120884995838011, 14.751759734740268 ], [ 121.118499333342911, 14.749598238832771 ], [ 121.118486871113106, 14.749585807354203 ], [ 121.118475692522551, 14.749572269268009 ], [ 121.118465900788266, 14.749557749577937 ], [ 121.118457586321796, 14.749542382351301 ], [ 121.118450825894286, 14.749526309481116 ], [ 121.118445681927597, 14.749509679375901 ], [ 121.1184422019181, 14.749492645589354 ], [ 121.118440417997917, 14.749475365402525 ], [ 121.118440346638437, 14.74945799837154 ], [ 121.118441988498162, 14.749440704854372 ], [ 121.118445328416627, 14.74942364453017 ], [ 121.11892075978696, 14.747502434281261 ], [ 121.118921608197041, 14.747498038834292 ], [ 121.118918920664299, 14.747494410967422 ], [ 121.117940807030223, 14.746305871404644 ], [ 121.117930531466726, 14.746292103728157 ], [ 121.117921631918662, 14.746277456657506 ], [ 121.117914187269889, 14.746262060021909 ], [ 121.117908263508184, 14.746246050294593 ], [ 121.11790391314041, 14.746229569383079 ], [ 121.117901174727152, 14.746212763371348 ], [ 121.117900072540806, 14.746195781224991 ], [ 121.117900616350596, 14.746178773470776 ], [ 121.117902801335916, 14.746161890862435 ], [ 121.117906608129033, 14.746145283044386 ], [ 121.117912002986927, 14.746129097225325 ], [ 121.117918938090213, 14.746113476873383 ], [ 121.118439501682488, 14.745077809844139 ], [ 121.11844126026817, 14.745073836025735 ], [ 121.118441779584828, 14.745069538970647 ], [ 121.118560002864839, 14.743400110588468 ], [ 121.118560083665685, 14.743395485866015 ], [ 121.118558243987593, 14.743391221010592 ], [ 121.118257619089249, 14.742784414968728 ], [ 121.118249690685019, 14.742765832791241 ], [ 121.118243933784186, 14.742746508145137 ], [ 121.117782041543805, 14.740795872497918 ], [ 121.117778663830379, 14.74077716160272 ], [ 121.117777322901446, 14.74075820903319 ], [ 121.117778033571483, 14.740739224183733 ], [ 121.117780787988252, 14.740720416805294 ], [ 121.117785555719507, 14.740701994688049 ], [ 121.117792284089333, 14.740684161365598 ], [ 121.11779633774573, 14.740674945795014 ], [ 121.118152683249704, 14.73986459057816 ], [ 121.11826857038912, 14.739601049985154 ], [ 121.118276628018492, 14.739584975305906 ], [ 121.118286278734189, 14.739569754370164 ], [ 121.118297428029763, 14.739555536231403 ], [ 121.118309966723743, 14.739542460123019 ], [ 121.118323772028774, 14.739530654094875 ], [ 121.118338708754052, 14.739520233759379 ], [ 121.118354630629312, 14.739511301159302 ], [ 121.118371381737063, 14.739503943768534 ], [ 121.118388798039476, 14.739498233635501 ], [ 121.11840670898475, 14.739494226677593 ], [ 121.118424939177217, 14.739491962133595 ], [ 121.118443310094975, 14.739491462179457 ], [ 121.118461641838039, 14.739492731711104 ], [ 121.118479754890032, 14.739495758296508 ], [ 121.118497471876111, 14.739500512297417 ], [ 121.118514619299944, 14.739506947159606 ], [ 121.11948972484339, 14.739927922359589 ], [ 121.119493723870661, 14.739929433096638 ], [ 121.119497528365514, 14.739927504354092 ], [ 121.12273985870192, 14.738089227717067 ], [ 121.122743474842437, 14.73808694272045 ], [ 121.122741959639114, 14.738083014408824 ], [ 121.122020575097054, 14.736456427349667 ], [ 121.122013604644735, 14.736438024693342 ], [ 121.122008724211156, 14.736418995331062 ], [ 121.122005991267912, 14.736399563353439 ], [ 121.121973280292707, 14.736010981410159 ], [ 121.121972663452084, 14.735995152748918 ], [ 121.121973473050176, 14.735979332315974 ], [ 121.122084959355789, 14.734823488827381 ], [ 121.122085153010943, 14.734819372871304 ], [ 121.122080934871789, 14.734819020033811 ], [ 121.121446164375783, 14.734795593637319 ], [ 121.121428948715078, 14.734794175565211 ], [ 121.121411942966304, 14.734791206615801 ], [ 121.121395294313785, 14.734786712485315 ], [ 121.121379146851226, 14.734780732070368 ], [ 121.121107712860592, 14.734665866227177 ], [ 121.121090142074138, 14.734657328580463 ], [ 121.121073595945987, 14.734647032872051 ], [ 121.119700732556808, 14.733689614195836 ], [ 121.119687275761933, 14.733679282482543 ], [ 121.11967485504654, 14.733667787336381 ], [ 121.119663576214265, 14.733655226676884 ], [ 121.119653535341726, 14.733641707499947 ], [ 121.119644817960207, 14.733627344966431 ], [ 121.11963749832691, 14.733612261421134 ], [ 121.119494625640883, 14.733278802187018 ], [ 121.11949283448557, 14.733275107998896 ], [ 121.119489323405219, 14.733272869799451 ], [ 121.118895480300836, 14.73293108909793 ], [ 121.118880214943886, 14.732921284916392 ], [ 121.118866014556446, 14.732910066906641 ], [ 121.118853016873246, 14.732897543876446 ], [ 121.118841347963439, 14.732883837291411 ], [ 121.118831121007901, 14.73286908009687 ], [ 121.118822435201395, 14.732853415428384 ], [ 121.118815374790373, 14.732836995223382 ], [ 121.118642367380545, 14.732371490281004 ], [ 121.118639301849001, 14.732364241855862 ], [ 121.118553815477327, 14.732184670855679 ], [ 121.118547536594136, 14.732169775776091 ], [ 121.118542644613782, 14.732154395995494 ], [ 121.11853917835397, 14.732138653552919 ], [ 121.118537165319268, 14.732122673365101 ], [ 121.118536621482832, 14.73210658223527 ], [ 121.11853935658111, 14.731878569833981 ], [ 121.11853937911313, 14.731877161555023 ], [ 121.118552453977543, 14.73122355860143 ], [ 121.118552328175284, 14.731216780926268 ], [ 121.11852892164967, 14.730807425271289 ], [ 121.118528374014275, 14.730802585891425 ], [ 121.118527292607268, 14.730797832366775 ], [ 121.118438897604747, 14.730489377742645 ], [ 121.118434826414756, 14.73047811182156 ], [ 121.118100901991454, 14.729718744978983 ], [ 121.118096497897668, 14.729710051769896 ], [ 121.1178657964753, 14.729310310292364 ], [ 121.117865336916367, 14.729309523261367 ], [ 121.117678902195408, 14.728993928926094 ], [ 121.117670308589169, 14.728977494381617 ], [ 121.1176634803696, 14.728960293163563 ], [ 121.117383014071493, 14.72813004069023 ], [ 121.117381593002236, 14.728126378251922 ], [ 121.117379850781163, 14.728122849625882 ], [ 121.117279022797703, 14.727939487163814 ], [ 121.117276743528791, 14.727935783652571 ], [ 121.117273198798031, 14.72793318844484 ], [ 121.117111225302637, 14.727826109802697 ], [ 121.117107825568979, 14.727824065495263 ], [ 121.117104115096581, 14.727822621044872 ], [ 121.116291983488054, 14.727545454516148 ], [ 121.116288131623818, 14.727544231118275 ], [ 121.11526668365164, 14.72724364320824 ], [ 121.115252799965631, 14.727238966641018 ], [ 121.115239339578793, 14.72723323655476 ], [ 121.114650364212352, 14.726954998659664 ], [ 121.11464491234851, 14.726952314401007 ], [ 121.113484935934892, 14.726357665345033 ], [ 121.113465462348472, 14.726346144173103 ], [ 121.113168674762235, 14.726145292343462 ], [ 121.113154099622662, 14.726134346853392 ], [ 121.113140709629576, 14.726122050634064 ], [ 121.113128636374114, 14.726108524527683 ], [ 121.113117998506908, 14.726093901463258 ], [ 121.113108900572229, 14.726078325150205 ], [ 121.11270121668467, 14.725291999380548 ], [ 121.11269981223009, 14.725289396663756 ], [ 121.112466911321974, 14.724874332516514 ], [ 121.112458087722601, 14.724856306304169 ], [ 121.11245136105822, 14.724837442812555 ], [ 121.11235093845508, 14.72449599278136 ], [ 121.112347173926054, 14.724480709887667 ], [ 121.112344787778383, 14.724465166483441 ], [ 121.112343798053871, 14.724449480094888 ], [ 121.112344212235627, 14.724433769329334 ], [ 121.112370882446868, 14.724058959178942 ], [ 121.112373028018311, 14.724041369662581 ], [ 121.11237693237851, 14.724024069026219 ], [ 121.112509868539249, 14.723547754588951 ], [ 121.112515578784311, 14.723530692756503 ], [ 121.112522999236361, 14.723514266107802 ], [ 121.112532056750268, 14.723498636563493 ], [ 121.112926577199218, 14.722890527120363 ], [ 121.112928838568095, 14.72288662144696 ], [ 121.112929811937676, 14.722882239573249 ], [ 121.112978914194812, 14.722591434031829 ], [ 121.11297940131621, 14.72258743519617 ], [ 121.112978778050561, 14.722583454305683 ], [ 121.112909297505396, 14.722243021413885 ], [ 121.112908267599096, 14.722238974219723 ], [ 121.112905475846787, 14.722235811657841 ], [ 121.112688678573491, 14.722012240430574 ], [ 121.112685181934395, 14.722008993453599 ], [ 121.112681067686523, 14.722006525607547 ], [ 121.112255825712282, 14.721780465642407 ], [ 121.112252676921443, 14.721778939776367 ], [ 121.112249418286922, 14.721777650754827 ], [ 121.111706232583941, 14.721585820881586 ], [ 121.111701506716898, 14.721584425632992 ], [ 121.111696584107122, 14.721584040175083 ], [ 121.110746823488128, 14.721559332336637 ], [ 121.110737788974646, 14.721559525690285 ], [ 121.110314699257032, 14.721588685468937 ], [ 121.110309914335858, 14.721589262480999 ], [ 121.11030578858653, 14.721591690811662 ], [ 121.109922059190069, 14.721845270430558 ], [ 121.109336644215418, 14.722239380149793 ], [ 121.109319652601371, 14.722249551174182 ], [ 121.109301638052969, 14.722257889625052 ], [ 121.108566645886825, 14.722552093243284 ], [ 121.10856352754692, 14.722553474724643 ], [ 121.108560522590153, 14.722555076643021 ], [ 121.107873430253406, 14.722954179200064 ], [ 121.107860625104877, 14.722960968240381 ], [ 121.10784731211389, 14.722966758487582 ], [ 121.107457517947367, 14.723118717549768 ], [ 121.107438311614104, 14.723125044391457 ], [ 121.107418511027959, 14.723129295502082 ], [ 121.107100066077379, 14.723180105483801 ], [ 121.107074239126774, 14.723182439755217 ], [ 121.106637161972372, 14.723192098865011 ], [ 121.106625120937906, 14.72319313174358 ], [ 121.106371986666232, 14.723231152023338 ], [ 121.106367627883486, 14.723232017196299 ], [ 121.106363374554448, 14.723233285575947 ], [ 121.105816135129672, 14.72342492184813 ], [ 121.105790161161678, 14.723431991734387 ], [ 121.105534894916772, 14.723482358096758 ], [ 121.105518853678092, 14.723484818059934 ], [ 121.105502652957057, 14.723485904662475 ], [ 121.105486416642293, 14.723485609595057 ], [ 121.105470268894621, 14.723483935114139 ], [ 121.105303995807802, 14.723459496515899 ], [ 121.105288021209589, 14.723456446250504 ], [ 121.105272382470503, 14.723452046078304 ], [ 121.105257199771344, 14.723446329813839 ], [ 121.104764482390848, 14.723236216351536 ], [ 121.104747707431628, 14.723228056660698 ], [ 121.104370808580384, 14.72302094570162 ], [ 121.104363715559671, 14.723016843106857 ], [ 121.103334018064942, 14.722390725426218 ], [ 121.10332539221325, 14.722385149016054 ], [ 121.102873951169741, 14.722075306314325 ], [ 121.102866112103158, 14.722069619498722 ], [ 121.102556698512586, 14.721832573131907 ], [ 121.102543118731361, 14.721821090191415 ], [ 121.102530744261983, 14.721808382291092 ], [ 121.102519691229958, 14.721794568685663 ], [ 121.102144242110739, 14.721275292165814 ], [ 121.102141994159965, 14.721272314348873 ], [ 121.101780485558479, 14.720813399707625 ], [ 121.101777888967476, 14.720810386030131 ], [ 121.101774793178066, 14.720807858087895 ], [ 121.101592034470016, 14.720671413134477 ], [ 121.101588660193173, 14.720669119663029 ], [ 121.101584674346824, 14.720668121578704 ], [ 121.101399966574803, 14.720630349936847 ], [ 121.101396126050716, 14.72062972758825 ], [ 121.101392232681505, 14.720629740731974 ], [ 121.100915671256246, 14.720650896871629 ], [ 121.100898668076368, 14.720650893263684 ], [ 121.100881736511937, 14.720649375999601 ], [ 121.100865018514966, 14.720646357799982 ], [ 121.100848654246917, 14.720641863969048 ], [ 121.10083278090363, 14.720635932182523 ], [ 121.100092042536104, 14.720320529945122 ], [ 121.100074094940922, 14.720311732855082 ], [ 121.100057229106397, 14.720301099767491 ], [ 121.100041642535487, 14.720288755198556 ], [ 121.10002751775059, 14.720274843706306 ], [ 121.099985822896755, 14.720229069591252 ], [ 121.099974786666124, 14.72021573044173 ], [ 121.099965097233891, 14.720201434491695 ], [ 121.099956841603301, 14.720186310107604 ], [ 121.09995009390309, 14.720170493094543 ], [ 121.099944914721959, 14.720154125476849 ], [ 121.099941350564478, 14.720137354222803 ], [ 121.099853326787624, 14.719594632042858 ], [ 121.099851400406308, 14.719577461106466 ], [ 121.0998511669885, 14.719560189606344 ], [ 121.099852628665843, 14.719542975295926 ], [ 121.099855772087295, 14.719525975406277 ], [ 121.099860568541359, 14.719509345209918 ], [ 121.099866974218045, 14.719493236602696 ], [ 121.099874930609374, 14.719477796716362 ], [ 121.099884365043408, 14.719463166574714 ], [ 121.099895191348338, 14.719449479805547 ], [ 121.099907310639423, 14.719436861420126 ], [ 121.099920612222135, 14.719425426671373 ], [ 121.099934974603315, 14.719415280001183 ], [ 121.100485410203376, 14.719064229029009 ], [ 121.100489704865211, 14.719061130321819 ], [ 121.10049360325084, 14.719057569772058 ], [ 121.100679248947472, 14.718867200418122 ], [ 121.100682209746509, 14.718863847570157 ], [ 121.100684036858922, 14.718859799928643 ], [ 121.100927316881126, 14.718239443768265 ], [ 121.100928584607587, 14.718235733758108 ], [ 121.100928824584116, 14.718231830934833 ], [ 121.100935263206154, 14.717845627337134 ], [ 121.100935110574667, 14.717841175762475 ], [ 121.100934059740865, 14.717836840725834 ], [ 121.100835038930413, 14.717503287069169 ], [ 121.100833634436498, 14.717499276859765 ], [ 121.100831133573507, 14.717495809042131 ], [ 121.100674559520655, 14.717299148447724 ], [ 121.100668152002726, 14.717291923825288 ], [ 121.099802135364001, 14.716413894011227 ], [ 121.099796498147001, 14.716408639845495 ], [ 121.098213635853213, 14.715052806654393 ], [ 121.098210741089332, 14.715050521452072 ], [ 121.098207666956569, 14.715048470129164 ], [ 121.097977914686879, 14.714908038052069 ], [ 121.097974199824662, 14.714905995388184 ], [ 121.097969938278226, 14.714905791308297 ], [ 121.096897820127367, 14.714903018948881 ], [ 121.09688298638109, 14.714902402840682 ], [ 121.096868250622933, 14.714900635248004 ], [ 121.096120057557485, 14.714781161319324 ], [ 121.09610262860636, 14.714777534566448 ], [ 121.096085637168272, 14.714772298226281 ], [ 121.095834488093388, 14.714681778717351 ], [ 121.095818566309902, 14.714675204187886 ], [ 121.095803342054936, 14.714667216381395 ], [ 121.095788947399598, 14.714657884592588 ], [ 121.095775507218278, 14.714647289775291 ], [ 121.094875771326201, 14.713867769049715 ], [ 121.094872048752762, 14.713864866015811 ], [ 121.094867591800551, 14.713863211576362 ], [ 121.094646516442978, 14.71379369156528 ], [ 121.094642408248788, 14.713792602721583 ], [ 121.094638465430918, 14.713794166975031 ], [ 121.093661937651206, 14.714234318809352 ], [ 121.093649066369679, 14.714239558098518 ], [ 121.093635827262148, 14.714243842026391 ], [ 121.093189135576011, 14.71437045601269 ], [ 121.093172773479878, 14.714374320014025 ], [ 121.09315611904978, 14.714376725663204 ], [ 121.092650693910826, 14.714427067356887 ], [ 121.092634226331356, 14.714427990775341 ], [ 121.092255576752052, 14.714432826098946 ], [ 121.092238903235724, 14.714432309622419 ], [ 121.091682072023843, 14.714390632252819 ], [ 121.091677018259091, 14.714390388605358 ], [ 121.090691635841239, 14.714369057512272 ], [ 121.090673521618896, 14.714367800831527 ], [ 121.090655620142101, 14.714364827996912 ], [ 121.090638102626301, 14.714360167441621 ], [ 121.090621136614587, 14.714353863740735 ], [ 121.090604884375267, 14.714345977184914 ], [ 121.090589501349811, 14.714336583203735 ], [ 121.090426475189915, 14.714225858259319 ], [ 121.090422535956606, 14.714223462463595 ], [ 121.0904178969311, 14.71422323205582 ], [ 121.090343347574631, 14.714223215114069 ], [ 121.090324697724014, 14.714222297000683 ], [ 121.09030623691612, 14.71421956042799 ], [ 121.090288151842898, 14.714215033070699 ], [ 121.090270625396556, 14.714208760713474 ], [ 121.09025383481989, 14.71420080678797 ], [ 121.090237949913814, 14.714191251731325 ], [ 121.090223131320329, 14.714180192172694 ], [ 121.09020952889783, 14.714167739956052 ], [ 121.090197280205686, 14.714154021009156 ], [ 121.090186509113067, 14.71413917406996 ], [ 121.090177324546261, 14.714123349283668 ], [ 121.090169819387256, 14.714106706684264 ], [ 121.090164069534239, 14.714089414576133 ], [ 121.090160133134319, 14.714071647831997 ], [ 121.090158049995281, 14.714053586124473 ], [ 121.090157841183157, 14.714035412109048 ], [ 121.090159508809151, 14.714017309576933 ], [ 121.090400933513024, 14.712346524084653 ], [ 121.090401328680457, 14.712342341415633 ], [ 121.090397562121126, 14.712340291331149 ], [ 121.089910654568712, 14.71210439131702 ], [ 121.089899085614434, 14.71209970663844 ], [ 121.083303171528314, 14.70992464403318 ], [ 121.083285532754175, 14.709917830640057 ], [ 121.083268700567544, 14.70990930054988 ], [ 121.083252850773903, 14.709899142856159 ], [ 121.083238148917957, 14.709887463652043 ], [ 121.083224748554542, 14.70987438492223 ], [ 121.083212789644833, 14.7098600432689 ], [ 121.08320239709461, 14.709844588484934 ], [ 121.083193679449479, 14.709828181989343 ], [ 121.083186727761372, 14.709810995141373 ], [ 121.083151682897039, 14.709709403964609 ], [ 121.08119116721079, 14.704133377475035 ], [ 121.081189566914375, 14.704129454909674 ], [ 121.081185233314585, 14.704129310721671 ], [ 121.07782333643668, 14.704175448783014 ], [ 121.077805663849347, 14.704174871593027 ], [ 121.077788127803601, 14.704172660769228 ], [ 121.077770887330217, 14.704168836361168 ], [ 121.077754098779351, 14.704163433051644 ], [ 121.077737914402817, 14.704156499842171 ], [ 121.077722480973151, 14.704148099608602 ], [ 121.077707938452775, 14.704138308530876 ], [ 121.077694418724491, 14.70412721540222 ], [ 121.07733861524035, 14.703805850330488 ], [ 121.077331012108843, 14.703799684000531 ], [ 121.076824180034521, 14.703431370803704 ], [ 121.07682041010473, 14.703428903396377 ], [ 121.076816064587277, 14.703427613982134 ], [ 121.076094180568646, 14.703250776435739 ], [ 121.07609236661979, 14.703250350895637 ], [ 121.075432389786116, 14.703102338086756 ], [ 121.075412309990952, 14.703096658706738 ], [ 121.075393013570888, 14.703088817811112 ], [ 121.07537474524392, 14.703078914838544 ], [ 121.074830505690528, 14.702743479011851 ], [ 121.07481382452923, 14.702731895082104 ], [ 121.074798556323401, 14.702718592572349 ], [ 121.074784887023, 14.702703733492841 ], [ 121.074286320086628, 14.702097537880995 ], [ 121.074283702914386, 14.70209462226109 ], [ 121.074280611305312, 14.702092186120481 ], [ 121.073797000331794, 14.701743533610843 ], [ 121.073781885671139, 14.701731383495455 ], [ 121.073768171241454, 14.701717750063709 ], [ 121.073309361435292, 14.701210666250905 ], [ 121.073297456727914, 14.701196053030849 ], [ 121.073287162551281, 14.701180323479823 ], [ 121.07292516598261, 14.700558558153494 ], [ 121.072917050745787, 14.700542892143538 ], [ 121.072910534310552, 14.70052653404413 ], [ 121.072905678085462, 14.700509638009038 ], [ 121.07277928074204, 14.699970186729781 ], [ 121.072776308758051, 14.699954230943323 ], [ 121.072774818028037, 14.699938080088442 ], [ 121.072751907765962, 14.699439808674164 ], [ 121.072751339583391, 14.699433085294391 ], [ 121.072669313882656, 14.698767696393725 ], [ 121.072668532927779, 14.698763256636342 ], [ 121.072666858759035, 14.698759057383313 ], [ 121.070197702326922, 14.6933817698696 ], [ 121.07019575019541, 14.693378013213497 ], [ 121.070191430032736, 14.693377815122391 ], [ 121.060308033764898, 14.69338629228289 ], [ 121.060303698753231, 14.693386502710169 ], [ 121.060303473390576, 14.693390721940975 ], [ 121.060298801827457, 14.694917442407339 ], [ 121.06029786639931, 14.694935030940266 ], [ 121.060295176667069, 14.694952447335293 ], [ 121.060290758172684, 14.694969526201771 ], [ 121.060284652875012, 14.694986105354268 ], [ 121.060276918751157, 14.695002027352748 ], [ 121.060267629246198, 14.695017140997653 ], [ 121.060256872575408, 14.695031302765742 ], [ 121.060244750886881, 14.695044378173032 ], [ 121.060231379291253, 14.695056243051908 ], [ 121.060216884768678, 14.695066784730253 ], [ 121.060201404963067, 14.695075903101412 ], [ 121.060185086874839, 14.695083511574841 ], [ 121.060168085465051, 14.695089537898411 ], [ 121.060150562183793, 14.695093924844521 ], [ 121.060132683436962, 14.695096630753559 ], [ 121.060114619006242, 14.695097629929501 ], [ 121.058095624329098, 14.695113381293 ], [ 121.058091262565227, 14.69511362501949 ], [ 121.058091116319034, 14.695117875318761 ], [ 121.058237371290673, 14.704098877471489 ], [ 121.058237640483469, 14.704102995892409 ], [ 121.058241867785711, 14.704103311805682 ], [ 121.058384817876401, 14.704107339575067 ], [ 121.058402759149317, 14.704108694198222 ], [ 121.058420481446788, 14.704111732905174 ], [ 121.058437818312626, 14.704116427154993 ], [ 121.0584546069108, 14.704122732857124 ], [ 121.058470689554753, 14.704130590785468 ], [ 121.058485915188569, 14.704139927134696 ], [ 121.058500140805776, 14.7041506542134 ], [ 121.058513232792379, 14.704162671267776 ], [ 121.05852506818195, 14.704175865427926 ], [ 121.058535535810577, 14.704190112767993 ], [ 121.058544537360973, 14.704205279470106 ], [ 121.05855198828587, 14.704221223081262 ], [ 121.058557818602182, 14.70423779385133 ], [ 121.058561973548365, 14.704254836139544 ], [ 121.058564414098726, 14.704272189876393 ], [ 121.058565117329977, 14.704289692067015 ], [ 121.058552581705584, 14.705589340760888 ], [ 121.058551492266119, 14.705607266229137 ], [ 121.058548580675833, 14.705624997993169 ], [ 121.058543875676563, 14.705642361010776 ], [ 121.058537423714128, 14.705659183879844 ], [ 121.058529288479832, 14.705675300530412 ], [ 121.058519550281815, 14.705690551864055 ], [ 121.05850830525219, 14.705704787324434 ], [ 121.05849566439808, 14.705717866383599 ], [ 121.058481752505884, 14.705729659929194 ], [ 121.058466706909229, 14.705740051539038 ], [ 121.058450676133489, 14.705748938630423 ], [ 121.058433818429478, 14.705756233472783 ], [ 121.05841630021115, 14.705761864053725 ], [ 121.058398294412953, 14.705765774789938 ], [ 121.058379978782611, 14.70576792707589 ], [ 121.058361534126377, 14.705768299664927 ], [ 121.058343142524237, 14.705766888879021 ], [ 121.058324985532394, 14.705763708645073 ], [ 121.058307242391095, 14.705758790357418 ], [ 121.058300928496749, 14.705756704967312 ], [ 121.0582840596593, 14.705750223088385 ], [ 121.058267920941873, 14.705742170362337 ], [ 121.058252666302806, 14.705732623609745 ], [ 121.058238441266525, 14.70572167390374 ], [ 121.058225381535294, 14.705709425701166 ], [ 121.058213611694669, 14.705695995846105 ], [ 121.057951465861791, 14.705365454876455 ], [ 121.057948515516117, 14.705362090985668 ], [ 121.057944945974583, 14.705359354009094 ], [ 121.057826583219722, 14.705277454029819 ], [ 121.057822933007358, 14.705275173825623 ], [ 121.057818595724356, 14.705275167305759 ], [ 121.057427321563708, 14.705292650505667 ], [ 121.057409229140063, 14.705292600048329 ], [ 121.057391227649205, 14.705290835960511 ], [ 121.057373488002625, 14.705287374991014 ], [ 121.057356178625781, 14.705282249999382 ], [ 121.057339463858952, 14.705275509643837 ], [ 121.057323502397011, 14.705267217919356 ], [ 121.057308445782695, 14.705257453550036 ], [ 121.057294436967695, 14.705246309241714 ], [ 121.057281608955634, 14.705233890801706 ], [ 121.057270083539123, 14.70522031613431 ], [ 121.057259970143505, 14.705205714121353 ], [ 121.057251364787945, 14.705190223398509 ], [ 121.057244349173729, 14.705173991039118 ], [ 121.057238989908768, 14.705157171157767 ], [ 121.057235337874971, 14.705139923447119 ], [ 121.057233427745373, 14.705122411661709 ], [ 121.057194457691338, 14.704458073958229 ], [ 121.057193976524729, 14.704453736150221 ], [ 121.057189499368945, 14.704453523353251 ], [ 121.05294800877185, 14.704460601677345 ], [ 121.052929348897592, 14.704459717863232 ], [ 121.052910874715266, 14.704457013434681 ], [ 121.052892773241865, 14.704452515769088 ], [ 121.052875227721302, 14.704446270397069 ], [ 121.052858415769492, 14.704438340541518 ], [ 121.052842507576244, 14.70442880647761 ], [ 121.052827664182416, 14.70441776472013 ], [ 121.052814035849721, 14.70440532704645 ], [ 121.052801760539438, 14.704391619364985 ], [ 121.052790962516042, 14.704376780440588 ], [ 121.052781751089142, 14.704360960489796 ], [ 121.052774219506873, 14.704344319660203 ], [ 121.052768444012074, 14.704327026409205 ], [ 121.052716452442411, 14.704139788863001 ], [ 121.05271507610162, 14.704135659946735 ], [ 121.052710625147668, 14.704135388710874 ], [ 121.051181877008787, 14.704116404985458 ], [ 121.051177532472991, 14.704116555070623 ], [ 121.0511772308312, 14.704117127246473 ], [ 121.051168035228628, 14.704132628537314 ], [ 121.051157309357379, 14.704147168418165 ], [ 121.051145158428994, 14.704160604265077 ], [ 121.051131701633622, 14.70417280428371 ], [ 121.051117070970946, 14.70418364880217 ], [ 121.051101409955365, 14.704193031444854 ], [ 121.051084872208207, 14.704200860175943 ], [ 121.051067619950913, 14.704207058202165 ], [ 121.051049822413688, 14.70421156472613 ], [ 121.051031654175446, 14.704214335542643 ], [ 121.051013293451447, 14.704215343472367 ], [ 121.05099492034509, 14.70421457862841 ], [ 121.050976715081148, 14.704212048513309 ], [ 121.050958856238069, 14.704207777945411 ], [ 121.050941518996098, 14.704201808815482 ], [ 121.050924873418978, 14.704194199675737 ], [ 121.050909082785807, 14.704185025165478 ], [ 121.050894301989217, 14.704174375278996 ], [ 121.050880676016263, 14.704162354482726 ], [ 121.050868338525973, 14.704149080690579 ], [ 121.050857410538441, 14.704134684107245 ], [ 121.050847999247651, 14.704119305951032 ], [ 121.050840196970015, 14.70410309706859 ], [ 121.050837667757079, 14.704097084400267 ], [ 121.050835540959199, 14.704093173972673 ], [ 121.050798876260785, 14.704033095613839 ], [ 121.050790454472249, 14.704017637289132 ], [ 121.050783607915903, 14.704001458720736 ], [ 121.050778400764216, 14.703984711550609 ], [ 121.0507748818235, 14.703967552750205 ], [ 121.05077308407644, 14.703950143149136 ], [ 121.050773024372901, 14.703932645927747 ], [ 121.050774703272069, 14.70391522508759 ], [ 121.05077810503721, 14.70389804391427 ], [ 121.05078319778319, 14.70388126344697 ], [ 121.05078993377532, 14.703865040968994 ], [ 121.050798249876877, 14.70384952853361 ], [ 121.050980269834398, 14.7035467085395 ], [ 121.050982319978473, 14.703542883670377 ], [ 121.050981872917262, 14.703538591546334 ], [ 121.05096683935291, 14.70344146244866 ], [ 121.05096600483661, 14.703437373765814 ], [ 121.050963698207767, 14.703433861447877 ], [ 121.050890242615822, 14.703332718785145 ], [ 121.050887467880784, 14.703329269069615 ], [ 121.050883786957726, 14.703326747536693 ], [ 121.050745383949888, 14.703241464775962 ], [ 121.050730740135933, 14.703231447588822 ], [ 121.050380367009652, 14.702966325277158 ], [ 121.050376194049747, 14.702963072769585 ], [ 121.050182499184629, 14.702807595199657 ], [ 121.050178358915261, 14.702804633164433 ], [ 121.050173648020021, 14.702802636035834 ], [ 121.049564437116999, 14.702582814977932 ], [ 121.049559247544437, 14.702581273045913 ], [ 121.049553908080895, 14.702580333722814 ], [ 121.049150277661298, 14.702532931108761 ], [ 121.049131496188139, 14.702529766193159 ], [ 121.049113147026674, 14.702524743775449 ], [ 121.049095423543662, 14.702517916782806 ], [ 121.049078512512267, 14.702509357159366 ], [ 121.049062592143713, 14.702499155107985 ], [ 121.049047830209545, 14.702487418139723 ], [ 121.049034382273334, 14.702474269940804 ], [ 121.04902239005142, 14.702459849069244 ], [ 121.049011979919598, 14.702444307494646 ], [ 121.048782528882327, 14.702059977691292 ], [ 121.048780221090084, 14.702056503945917 ], [ 121.048776208993488, 14.702057868562521 ], [ 121.047919358081344, 14.702394643710509 ], [ 121.047901412520787, 14.70240067799199 ], [ 121.047882927688974, 14.702404896953585 ], [ 121.047864096860238, 14.702407256482594 ], [ 121.047845116926666, 14.70240773190821 ], [ 121.047826186339321, 14.702406318259538 ], [ 121.047807503033354, 14.702403030317509 ], [ 121.047441499756474, 14.702319609691607 ], [ 121.047423992890103, 14.702314726634139 ], [ 121.047407061686258, 14.702308197728685 ], [ 121.047390869022081, 14.702300085783001 ], [ 121.047375570669985, 14.702290468833588 ], [ 121.047361313799101, 14.70227943939498 ], [ 121.047348235559483, 14.702267103569763 ], [ 121.047336461762811, 14.702253580027849 ], [ 121.047326105671914, 14.702238998864885 ], [ 121.047317266911463, 14.702223500350728 ], [ 121.04727039127728, 14.702130871832086 ], [ 121.047262547741454, 14.702113010243906 ], [ 121.047256718960995, 14.70209443244987 ], [ 121.047252972268467, 14.702075353057568 ], [ 121.047251350944492, 14.702055992468948 ], [ 121.047249851443212, 14.702003060241575 ], [ 121.047250205070966, 14.701985869367038 ], [ 121.047252235466445, 14.701968789001743 ], [ 121.047255924251729, 14.70195197374394 ], [ 121.047261238038416, 14.701935575792293 ], [ 121.047268128729911, 14.701919743568306 ], [ 121.047276533956733, 14.701904620372927 ], [ 121.047286377641029, 14.701890343089516 ], [ 121.048128270661721, 14.700786602399775 ], [ 121.048130747621627, 14.700783004068072 ], [ 121.048132064393016, 14.700778866668154 ], [ 121.048351626886173, 14.699949122351601 ], [ 121.048352500340329, 14.699945028275074 ], [ 121.048349910001562, 14.69994169254737 ], [ 121.047983945885449, 14.699514089088757 ], [ 121.047981033081442, 14.699510993929865 ], [ 121.047976995667852, 14.699509519313503 ], [ 121.047807778265607, 14.69945640338527 ], [ 121.047803384378909, 14.699455257235773 ], [ 121.04779948275737, 14.699457533778576 ], [ 121.046325869311119, 14.700418186398796 ], [ 121.046309907565387, 14.700427499273934 ], [ 121.046293068255949, 14.700435210149461 ], [ 121.046275520539893, 14.70044124156682 ], [ 121.046257440690525, 14.70044553293822 ], [ 121.046239010326673, 14.70044804115529 ], [ 121.04622041458822, 14.700448741022104 ], [ 121.046201840276339, 14.700447625508311 ], [ 121.046183473976868, 14.700444705819706 ], [ 121.046165500186149, 14.7004400112857 ], [ 121.046148099457511, 14.700433589064689 ], [ 121.046131446587637, 14.700425503670317 ], [ 121.04480948415987, 14.699700952467211 ], [ 121.044794206301717, 14.699691598876603 ], [ 121.044779933621726, 14.699680845637916 ], [ 121.044766800982202, 14.699668794358496 ], [ 121.044729920896586, 14.699631492997097 ], [ 121.044718268702553, 14.699618523351811 ], [ 121.044707938262675, 14.699604532628381 ], [ 121.044699023461405, 14.699589647976834 ], [ 121.044691605317567, 14.699574004671284 ], [ 121.044685751248139, 14.69955774488062 ], [ 121.044681514455448, 14.699541016376395 ], [ 121.04467893344372, 14.699523971189864 ], [ 121.044678031669221, 14.699506764230314 ], [ 121.044678817326982, 14.699489551877196 ], [ 121.044681283276475, 14.699472490558961 ], [ 121.044685407106371, 14.699455735331384 ], [ 121.04469115133837, 14.699439438468426 ], [ 121.044698463767702, 14.699423748078306 ], [ 121.04470727793769, 14.699408806757541 ], [ 121.04471751374362, 14.699394750294942 ], [ 121.044729078160884, 14.699381706437631 ], [ 121.046221221405403, 14.697852523975733 ], [ 121.046224101530797, 14.697849260119606 ], [ 121.046220961241801, 14.697846232124592 ], [ 121.045925323610746, 14.697588345910168 ], [ 121.045911956457076, 14.697575437755958 ], [ 121.045900001134797, 14.697561278190856 ], [ 121.045889580593439, 14.697546012833442 ], [ 121.045880801998692, 14.697529798674354 ], [ 121.045873755630126, 14.697512802461763 ], [ 121.045868513952954, 14.697495198986523 ], [ 121.045865130872642, 14.697477169284571 ], [ 121.045863641180645, 14.697458898775182 ], [ 121.045864060196664, 14.697440575354063 ], [ 121.045866383610985, 14.697422387461016 ], [ 121.045870587528967, 14.697404522142026 ], [ 121.045876628716655, 14.697387163125647 ], [ 121.045927650216953, 14.697261857369485 ], [ 121.045935183367305, 14.697245716332546 ], [ 121.045944304952386, 14.69723037137055 ], [ 121.045954927200597, 14.697215970138419 ], [ 121.045966947900538, 14.697202651210137 ], [ 121.045980251384378, 14.697190542745338 ], [ 121.045994709640979, 14.697179761256143 ], [ 121.04601018354758, 14.697170410485985 ], [ 121.046026524208557, 14.697162580411419 ], [ 121.046043574388051, 14.697156346376303 ], [ 121.046061170023094, 14.697151768366828 ], [ 121.046079141802068, 14.697148890434303 ], [ 121.046097316794047, 14.697147740271287 ], [ 121.046115520112735, 14.697148328945119 ], [ 121.046133576599146, 14.697150650791414 ], [ 121.046151312507277, 14.697154683468582 ], [ 121.046168557175761, 14.697160388172794 ], [ 121.046185144670048, 14.697167710011355 ], [ 121.046529243265894, 14.697339878639561 ], [ 121.046533269106277, 14.697341652592192 ], [ 121.046535778187504, 14.697338111673906 ], [ 121.046634512728971, 14.697182785775878 ], [ 121.046644703989386, 14.697168364183234 ], [ 121.046656280713535, 14.697154969860863 ], [ 121.046669134310108, 14.697142728449199 ], [ 121.04668314421059, 14.697131754774228 ], [ 121.046698179000245, 14.697122151770401 ], [ 121.046714097650877, 14.697114009515095 ], [ 121.046730750843523, 14.697107404383683 ], [ 121.046747982369183, 14.697102398333138 ], [ 121.046765630594109, 14.697099038320859 ], [ 121.046783529975855, 14.697097355864205 ], [ 121.046801512616085, 14.697097366744877 ], [ 121.04681940983545, 14.697099070860864 ], [ 121.046837053755965, 14.697102452227401 ], [ 121.046854278875472, 14.697107479126915 ], [ 121.04687092362019, 14.697114104406518 ], [ 121.046886831860363, 14.69712226592034 ], [ 121.047059737214994, 14.6972216725439 ], [ 121.047063477555184, 14.697223595554297 ], [ 121.047065968687775, 14.697220267876796 ], [ 121.04726541931764, 14.696925329941619 ], [ 121.047267672480558, 14.696921602712386 ], [ 121.047263990859079, 14.696919181974733 ], [ 121.046423442377218, 14.69642449703618 ], [ 121.046408276496436, 14.696414546862815 ], [ 121.046394189894983, 14.696403192603091 ], [ 121.046381319253157, 14.696390544425919 ], [ 121.046369789452783, 14.696376725054884 ], [ 121.046359712365657, 14.696361868577508 ], [ 121.04635118576806, 14.696346119144142 ], [ 121.046344292392035, 14.696329629569355 ], [ 121.046339099122576, 14.696312559849151 ], [ 121.046335656348873, 14.696295075608568 ], [ 121.046333997475188, 14.696277346494622 ], [ 121.046334138596904, 14.696259544530264 ], [ 121.046336078344282, 14.696241842445263 ], [ 121.04633979789584, 14.696224412000229 ], [ 121.046345261160951, 14.69620742232005 ], [ 121.046352415130016, 14.696191038252914 ], [ 121.046493301796446, 14.695907981168499 ], [ 121.046494969851807, 14.695904193948747 ], [ 121.046494731288504, 14.695900079901579 ], [ 121.046321080216373, 14.694257183941273 ], [ 121.046320413508724, 14.694252948215814 ], [ 121.046316013562588, 14.694252808558893 ], [ 121.043151644818806, 14.694304875636599 ], [ 121.043147082573256, 14.694305176461826 ], [ 121.043145983943191, 14.694307189493374 ], [ 121.04313661634724, 14.694322484083841 ], [ 121.043125748006119, 14.694336807145923 ], [ 121.043113484420559, 14.694350019643041 ], [ 121.043099944635287, 14.694361993319028 ], [ 121.043085260083359, 14.694372611943205 ], [ 121.043069573310348, 14.6943817724386 ], [ 121.043053036590692, 14.694389385882594 ], [ 121.043035810449425, 14.694395378370075 ], [ 121.043018062103968, 14.694399691730865 ], [ 121.042999963840913, 14.694402284094393 ], [ 121.042981691343599, 14.694403130296138 ], [ 121.042963421986641, 14.694402222121925 ], [ 121.042945333114218, 14.694399568387606 ], [ 121.04292760031845, 14.694395194853557 ], [ 121.04291039573495, 14.694389143974558 ], [ 121.0428938863718, 14.694381474487672 ], [ 121.042878232488377, 14.694372260842101 ], [ 121.042446910432105, 14.694089241772858 ], [ 121.042443087733986, 14.694086996899886 ], [ 121.042440192940447, 14.694090305278936 ], [ 121.041973401865135, 14.694681599735524 ], [ 121.041961153865287, 14.694695581510546 ], [ 121.041947510682604, 14.694708280484569 ], [ 121.041932613340762, 14.694719565393683 ], [ 121.041916615827191, 14.694729319590552 ], [ 121.041899683501327, 14.694737442250183 ], [ 121.041881991385551, 14.694743849412076 ], [ 121.041863722355785, 14.694748474848138 ], [ 121.041845065251394, 14.694751270747204 ], [ 121.041826212923127, 14.694752208209298 ], [ 121.041517105349655, 14.694752263726157 ], [ 121.041499410391069, 14.694751444279422 ], [ 121.041481876203477, 14.694748987066362 ], [ 121.041464662404906, 14.694744914455638 ], [ 121.041447925696701, 14.694739263521264 ], [ 121.041431818437104, 14.694732085705111 ], [ 121.041416487254367, 14.694723446348609 ], [ 121.041402071711786, 14.694713424097946 ], [ 121.041388703037327, 14.694702110188091 ], [ 121.041376502929054, 14.694689607612279 ], [ 121.04136558244717, 14.694676030184443 ], [ 121.041316863165846, 14.694609110290331 ], [ 121.041314082246757, 14.694605665811196 ], [ 121.04130960973562, 14.694605177062199 ], [ 121.040815735187749, 14.694575217320356 ], [ 121.040811436950762, 14.694575155682315 ], [ 121.040808885942909, 14.694578523561567 ], [ 121.04076658921943, 14.694640306006544 ], [ 121.040755737622192, 14.694654583257769 ], [ 121.040743498814621, 14.694667754841811 ], [ 121.040729990981106, 14.694679693566764 ], [ 121.040715344560439, 14.694690284145846 ], [ 121.040699700986252, 14.694699424310715 ], [ 121.04068321132138, 14.694707025798998 ], [ 121.040666034798917, 14.694713015206625 ], [ 121.040648337284765, 14.694717334696657 ], [ 121.040630289675732, 14.694719942557787 ], [ 121.040612066249437, 14.694720813607136 ], [ 121.04059384298121, 14.69471993943343 ], [ 121.040575795844916, 14.694717328478216 ], [ 121.040558099113511, 14.694713005954364 ], [ 121.040540923676232, 14.694707013602558 ], [ 121.040524435388406, 14.694699409288262 ], [ 121.040149476633815, 14.69450396987558 ], [ 121.040140338085052, 14.694499812176606 ], [ 121.038764023449772, 14.693960313022092 ], [ 121.038749839813875, 14.693954068348006 ], [ 121.038736243439573, 14.693946689085289 ], [ 121.038723329903917, 14.693938227107269 ], [ 121.038155950646171, 14.693531780361553 ], [ 121.038152444431219, 14.693529520272698 ], [ 121.038152127237737, 14.693533602037425 ], [ 121.038131561908642, 14.694304242661671 ], [ 121.038130220951189, 14.694321729889493 ], [ 121.038127145222418, 14.694339008300924 ], [ 121.038122363678269, 14.694355915228556 ], [ 121.038115921334224, 14.694372291502285 ], [ 121.038107878841302, 14.694387982947825 ], [ 121.038098311915206, 14.694402841838155 ], [ 121.038087310623453, 14.694416728284338 ], [ 121.038074978537409, 14.694429511552473 ], [ 121.03806143175737, 14.69444107129452 ], [ 121.038046797819277, 14.694451298681317 ], [ 121.038031214494268, 14.69446009742714 ], [ 121.038014828491526, 14.694467384696232 ], [ 121.037997794077128, 14.694473091882598 ], [ 121.037980271621507, 14.694477165255957 ], [ 121.03796242608999, 14.694479566467587 ], [ 121.037849401101681, 14.694489365061475 ], [ 121.037844477910866, 14.694490054012492 ], [ 121.03783982052208, 14.694491753270027 ], [ 121.037144311831184, 14.694788073282382 ], [ 121.037140557393272, 14.694789874741737 ], [ 121.037137439480929, 14.694792593192828 ], [ 121.036881827864377, 14.695036697869021 ], [ 121.036868664638007, 14.695048126041439 ], [ 121.036854446728526, 14.695058286810152 ], [ 121.036839302448357, 14.695067088477204 ], [ 121.036823368470152, 14.695074451610132 ], [ 121.036806788593381, 14.69508030975882 ], [ 121.036789712446719, 14.695084610055209 ], [ 121.036772294137435, 14.695087313690404 ], [ 121.036754690860747, 14.695088396264923 ], [ 121.03673706148119, 14.695087848008891 ], [ 121.036719565098849, 14.695085673870203 ], [ 121.036393609440623, 14.695029742472748 ], [ 121.03638934843076, 14.695029214891097 ], [ 121.036387479676293, 14.695032979496215 ], [ 121.036374376916541, 14.695062966564775 ], [ 121.036366625656086, 14.69507858047907 ], [ 121.036357372706988, 14.695093399393896 ], [ 121.036346703258758, 14.695107286874931 ], [ 121.036334715542353, 14.695120115063352 ], [ 121.036321519925693, 14.695131765852993 ], [ 121.036307237897717, 14.695142131977702 ], [ 121.036292000949658, 14.695151117998943 ], [ 121.036275949364637, 14.695158641184481 ], [ 121.036259230925921, 14.695164632270075 ], [ 121.036241999556424, 14.695169036097177 ], [ 121.036224413901522, 14.695171812120794 ], [ 121.036206635868368, 14.695172934782732 ], [ 121.036188829135384, 14.695172393746949 ], [ 121.036171157645185, 14.695170193994691 ], [ 121.036153784095234, 14.69516635577863 ], [ 121.036136868439868, 14.695160914436409 ], [ 121.036120566417637, 14.695153920065289 ], [ 121.036105028117547, 14.695145437060901 ], [ 121.036090396597018, 14.695135543524362 ], [ 121.036076806565006, 14.695124330543244 ], [ 121.036064383141593, 14.695111901352904 ], [ 121.035581955848087, 14.694580457665142 ], [ 121.035578771233347, 14.694577288844576 ], [ 121.035574447369498, 14.694578680448826 ], [ 121.035355558526888, 14.694661329931279 ], [ 121.035336454816459, 14.694667407514375 ], [ 121.035316788155811, 14.694671439549721 ], [ 121.033642344202576, 14.694923503207194 ], [ 121.033624505949447, 14.694925335019581 ], [ 121.033606569346091, 14.69492548277513 ], [ 121.033588701798209, 14.694923945094867 ], [ 121.033571070066941, 14.694920736330307 ], [ 121.033553838712479, 14.694915886429472 ], [ 121.033537168558169, 14.69490944065744 ], [ 121.033521215189566, 14.694901459173824 ], [ 121.033454233499626, 14.694863860520215 ], [ 121.033444104005497, 14.694858950240178 ], [ 121.033408202628522, 14.694844133817231 ], [ 121.033391109377121, 14.694836051277003 ], [ 121.03337495440951, 14.694826310356587 ], [ 121.033359906958552, 14.69481501309801 ], [ 121.033346124655097, 14.694802277846859 ], [ 121.033333751876711, 14.694788238012515 ], [ 121.033322918235328, 14.694773040670617 ], [ 121.033313737219373, 14.694756845022335 ], [ 121.033306305005013, 14.694739820726653 ], [ 121.033275300433871, 14.69465730471387 ], [ 121.033269516196015, 14.694638938157896 ], [ 121.033265767397154, 14.694620077739227 ], [ 121.033264096391221, 14.694600936545445 ], [ 121.033264522056911, 14.694581730836308 ], [ 121.033276148648909, 14.694430595095056 ], [ 121.033276382959087, 14.694425938105946 ], [ 121.03328012853315, 14.694268338684894 ], [ 121.033280048979094, 14.694264467061611 ], [ 121.03327895427357, 14.694260744158722 ], [ 121.033258114278311, 14.694199917516547 ], [ 121.033252965182541, 14.694181797803537 ], [ 121.033249777729381, 14.694163255455219 ], [ 121.033248586409655, 14.694144491117674 ], [ 121.033248287380744, 14.694114439300167 ], [ 121.033248283064637, 14.694113932029426 ], [ 121.033246612083488, 14.693877473271465 ], [ 121.033246461079244, 14.693872905866506 ], [ 121.033212174733734, 14.693292746775422 ], [ 121.033211727864554, 14.693288631276593 ], [ 121.033207478291089, 14.693288505901551 ], [ 121.030350842490961, 14.69333726508251 ], [ 121.030347424021016, 14.693337292770755 ], [ 121.021090569557387, 14.693329128681411 ], [ 121.02108939227459, 14.693329128769497 ], [ 121.021084975352323, 14.693329341480778 ], [ 121.02108351180398, 14.693333405169955 ], [ 121.019390228833231, 14.698900361789043 ], [ 121.019388784670241, 14.698904890448953 ], [ 121.017936713104547, 14.703255791848918 ], [ 121.016226554882309, 14.708379548974776 ], [ 121.016225842417114, 14.708381640050078 ], [ 121.013588583736151, 14.715966564871865 ], [ 121.013581638380245, 14.715983631221503 ], [ 121.013572950160366, 14.715999923825821 ], [ 121.013568872669921, 14.716006704057117 ] ] ] } },
{ "type": "Feature", "properties": { "district": "DISTRICT 6", "barangay_name": "Apolonio Samson", "barangay_geom": "POLYGON((121.008310889542 14.6626591553205, 121.007440732533 14.6629692425171, 121.006724134682 14.6634232835548, 121.00637073583 14.6636235091668, 121.006207285032 14.6637444546186, 121.005624946789 14.6641604736732, 121.005393274192 14.6638240387788, 121.005265757961 14.6630347570768, 121.005177492088 14.6629042736128, 121.005121634333 14.6626737357952, 121.004939208382 14.6624369462026, 121.005044818597 14.6622593419983, 121.005041610858 14.6620505852231, 121.005070412398 14.6617670541661, 121.00485597809 14.6616112661352, 121.00484317303 14.6614959833053, 121.004955181166 14.6613931616175, 121.004880191452 14.6612325080023, 121.004695936138 14.6609071070523, 121.004596715097 14.6607108159373, 121.004590316295 14.6606048785268, 121.004551904256 14.6603805404335, 121.004585398956 14.6598622583607, 121.004545493275 14.6596826054814, 121.004278419823 14.6594130080326, 121.004134581768 14.6592156871491, 121.004016889911 14.6591679490753, 121.003869783455 14.6589197155101, 121.003958040327 14.6586810223721, 121.004052841611 14.6584168682765, 121.004033223048 14.658311843925, 121.003797841616 14.6577485286819, 121.003850140251 14.6574016209353, 121.003826434357 14.6571426116109, 121.003782213784 14.6570170617176, 121.003730632423 14.6569596695321, 121.003682737146 14.6569273855926, 121.003665989254 14.6569241501563, 121.003636587608 14.6569184655456, 121.003602989136 14.6568770527121, 121.003596258303 14.6568687556837, 121.003587336591 14.6568653483934, 121.003524299741 14.6568412985187, 121.003466210948 14.6568059507147, 121.003465347554 14.6568054265079, 121.003387976548 14.6567731429445, 121.003303224902 14.6567336921115, 121.003262700793 14.6566870552058, 121.003222166894 14.656604554434, 121.003225851267 14.6565184648518, 121.003329020122 14.6564538939897, 121.00337691398 14.6564036766651, 121.003402701557 14.6562386736108, 121.003391642744 14.656113123146, 121.003329012755 14.6559660532989, 121.003196365565 14.655833337181, 121.003015823825 14.6556826806427, 121.002982661969 14.6556396408205, 121.002967927916 14.6555750715959, 121.002956869818 14.6554818058102, 121.002971610969 14.6553849515011, 121.003008447499 14.6553096260694, 121.003048977955 14.6551661429735, 121.0031652732 14.6550942510039, 121.003188064349 14.6550801690646, 121.003281094908 14.6550226572453, 121.003369518981 14.6548504768951, 121.003410049561 14.6547356902456, 121.003565499465 14.6544572097009, 121.003594268562 14.6544056730276, 121.003638272649 14.6543898915195, 121.003804281258 14.6543303447233, 121.004036397168 14.6542047901646, 121.00411745055 14.6541079436506, 121.004139551715 14.6539429315094, 121.004139547068 14.6536954274392, 121.004110569996 14.6535347545695, 121.004087942537 14.6533528597165, 121.004054793419 14.6529851833269, 121.003904577482 14.6525348990905, 121.003822664438 14.6522821270368, 121.003701076204 14.652170931114, 121.003660543269 14.652106362323, 121.003649494335 14.6520130965425, 121.003667911102 14.6519090747514, 121.003708441651 14.65183374009, 121.003793180906 14.6517978748501, 121.00386307571 14.651756478402, 121.00394055518 14.651718950186, 121.004040033664 14.6515252492128, 121.004076431305 14.6513657682169, 121.004076867593 14.6513638340184, 121.004088907958 14.6513465616636, 121.004286872833 14.6510625122284, 121.004526350436 14.6506607563525, 121.004566962802 14.6505269348507, 121.004574249815 14.6505029200092, 121.004658809469 14.6503457336786, 121.004695821106 14.6502769335792, 121.004798979507 14.6498859446943, 121.004854240433 14.6497352845224, 121.004806341089 14.6494519084385, 121.00474001633 14.6492617896524, 121.004865276888 14.6488241717824, 121.004913167302 14.6487093846585, 121.004990541738 14.6485981760509, 121.005270550349 14.6487452407212, 121.005329499547 14.6487344838289, 121.005392133889 14.6487093740523, 121.005425292791 14.6486555593801, 121.005650036231 14.6487416436202, 121.005966900309 14.6488815391991, 121.006073743378 14.648903056572, 121.006180586167 14.648913809308, 121.006327959718 14.6489066379932, 121.006526909357 14.6485048810848, 121.006541641318 14.6484797632989, 121.006637432723 14.6483578071116, 121.006809605784 14.6481806428627, 121.006820044808 14.6480269918401, 121.006821633914 14.6477802829676, 121.006891623562 14.6475650523962, 121.006926786042 14.6474767835301, 121.006983726056 14.6473534093337, 121.007142149398 14.6471740579729, 121.00731162235 14.6470771985205, 121.007389774352 14.646952549156, 121.007503202861 14.6468296882083, 121.007562146395 14.646671850843, 121.007466346279 14.6464996747285, 121.007407392001 14.6463382619923, 121.007337381553 14.6461804287461, 121.007193690052 14.6460261859626, 121.006950424058 14.6457937017003, 121.006825162103 14.6456968512067, 121.006670417425 14.6456251188701, 121.006511984964 14.6454708760802, 121.006291239195 14.6451603087876, 121.008203166713 14.6454163579436, 121.008343175439 14.6453876564291, 121.008450807443 14.6454436537256, 121.00855686132 14.6454988466232, 121.010565722722 14.6446312067374, 121.01087423422 14.6444979502024, 121.010895836217 14.6444977322734, 121.010939030927 14.6444973054481, 121.011113712818 14.6444955527845, 121.011299113666 14.6446138007146, 121.011565126128 14.6450102789109, 121.01176299335 14.6452712493191, 121.012000308678 14.6455898365527, 121.012428837622 14.6465026802329, 121.012450497163 14.6466961886177, 121.012471924546 14.6468876724353, 121.012482828654 14.6469850954517, 121.012478795882 14.6474098947354, 121.012389456592 14.6476358564537, 121.012374335652 14.6476645266751, 121.012300113968 14.6478053288989, 121.012266490199 14.6483148635607, 121.012264049598 14.6483314579662, 121.012204138803 14.6487396658588, 121.012230554953 14.6489961255746, 121.012287999153 14.6491373456199, 121.012519221149 14.6493090605468, 121.012898104862 14.6493124292061, 121.013159490173 14.6493429187525, 121.013478331694 14.6495440021482, 121.013708986564 14.6498298241532, 121.01382272813 14.6501427677246, 121.013846774866 14.6503325339301, 121.013876710271 14.6505686932465, 121.013982124448 14.6510164159744, 121.014017160456 14.6511652109871, 121.014128596753 14.6517041113759, 121.014130129032 14.651711920352, 121.014171175562 14.6519210996784, 121.014212175737 14.6521300349631, 121.014247496456 14.6523697187928, 121.014266452465 14.6524983413075, 121.014277465818 14.652545872914, 121.014378759167 14.6529830118198, 121.014490197272 14.6535219119501, 121.014632087924 14.6539478316794, 121.014794020067 14.6541998536697, 121.014833154576 14.6542607691342, 121.015076663406 14.6545280332694, 121.015099448861 14.6547138948213, 121.015124584436 14.6549190167727, 121.015154101167 14.6555180534268, 121.015161506935 14.656020246414, 121.015254176516 14.6562861824413, 121.015375250868 14.6566336236744, 121.015493166351 14.6568093830971, 121.015721618411 14.6570461071829, 121.015769529122 14.6571393698502, 121.015786684592 14.6572568933137, 121.015761049625 14.6573508117173, 121.015703236293 14.6575626546007, 121.015070389548 14.6583576394018, 121.014781123778 14.6591637902215, 121.014968753739 14.660179589196, 121.014972245755 14.6601984970276, 121.014980091608 14.6602130662102, 121.01529295167 14.6607943329905, 121.015256932479 14.6608273702243, 121.014829157342 14.6612198213897, 121.01470960548 14.6614526276283, 121.014511724239 14.6616754062272, 121.013866489604 14.6614968313751, 121.013394767407 14.6613911113063, 121.011919887441 14.6613792249325, 121.011921829125 14.6620905002795, 121.01167410801 14.6619583643541, 121.01147253589 14.6617932542931, 121.01071089429 14.6612740060354, 121.010624428606 14.6613698879409, 121.010199296436 14.6614985124817, 121.010192090927 14.6614727898896, 121.010076796553 14.6615289225536, 121.010084015828 14.6616528549575, 121.010038405893 14.6623075980086, 121.009272170219 14.6620059867217, 121.009281777715 14.6619732406981, 121.009007951376 14.6618282776696, 121.008762277134 14.6622226627868, 121.008310889542 14.6626591553205))", "BARANGAY": "Apolonio Samson" }, "geometry": { "type": "Polygon", "coordinates": [ [ [ 120.99908757384388, 14.657309788927231 ], [ 120.999087258142737, 14.657314001990351 ], [ 120.999046487109652, 14.6589770010966 ], [ 120.999046648333191, 14.658984897854703 ], [ 120.999377271780062, 14.664038113215812 ], [ 120.99937764683547, 14.664049974083811 ], [ 120.999377529005685, 14.664105618704026 ], [ 120.999377723845782, 14.664109812080664 ], [ 120.999380524294509, 14.664113003879899 ], [ 121.002404786992429, 14.66724702371612 ], [ 121.015356269891015, 14.680667048499496 ], [ 121.022575824002715, 14.688146752365505 ], [ 121.022587252970482, 14.688159778210503 ], [ 121.022597363668964, 14.688173798849924 ], [ 121.022606065263005, 14.688188688321937 ], [ 121.022613279576916, 14.688204312859039 ], [ 121.022618941796722, 14.688220532089854 ], [ 121.022623001052452, 14.688237200300224 ], [ 121.022625420875201, 14.688254167742302 ], [ 121.022626179524806, 14.688271281979882 ], [ 121.022625270185173, 14.688288389257931 ], [ 121.022622701025412, 14.688305335883888 ], [ 121.022618495126622, 14.68832196960847 ], [ 121.021126927984483, 14.693209677092028 ], [ 121.021124480018798, 14.693217107077585 ], [ 121.021086327545987, 14.693324850305661 ], [ 121.021085117732881, 14.693328917162196 ], [ 121.021089461940846, 14.693329128689591 ], [ 121.021090381719986, 14.693329128605997 ], [ 121.021090571088251, 14.693329128682791 ], [ 121.030348278722059, 14.693337293507495 ], [ 121.030349987920928, 14.693337279663664 ], [ 121.033033547132163, 14.693291475697066 ], [ 121.033051296869573, 14.693291999379399 ], [ 121.033068914027197, 14.693294171251457 ], [ 121.03308623745086, 14.693297971445936 ], [ 121.033103108673274, 14.693303365200334 ], [ 121.033119373363675, 14.693310303174956 ], [ 121.033134882739603, 14.693318721904204 ], [ 121.033149494927699, 14.693328544377176 ], [ 121.0331630762618, 14.693339680742081 ], [ 121.033175502505387, 14.693352029128206 ], [ 121.033186659988203, 14.693365476577751 ], [ 121.033196446646031, 14.693379900079112 ], [ 121.033204772954306, 14.693395167692138 ], [ 121.033211562747098, 14.693411139755082 ], [ 121.03321675391382, 14.693427670162114 ], [ 121.033220298967464, 14.693444607699901 ], [ 121.033222165478932, 14.693461797430796 ], [ 121.033246326172161, 14.693870614152535 ], [ 121.0332466282387, 14.693879750629012 ], [ 121.033248283072183, 14.694113933092131 ], [ 121.033248822702035, 14.694168232236308 ], [ 121.033249118642317, 14.694172893557422 ], [ 121.033250398046391, 14.694177395792179 ], [ 121.033269984324733, 14.694234563164562 ], [ 121.03327439051894, 14.694249548256876 ], [ 121.033277453861572, 14.694264847172153 ], [ 121.033279151567143, 14.694280346116734 ], [ 121.033279471007774, 14.694295929809098 ], [ 121.033276429147435, 14.694423615106455 ], [ 121.033275961333572, 14.694432912253836 ], [ 121.03326189643613, 14.694615858598363 ], [ 121.033261791216432, 14.694620615040108 ], [ 121.033263223753195, 14.694625163646988 ], [ 121.033332358922621, 14.694809160956611 ], [ 121.033334180283816, 14.694813332931194 ], [ 121.033338369293361, 14.694815313382609 ], [ 121.033438864554114, 14.694856779711715 ], [ 121.033459162832074, 14.694866619144774 ], [ 121.033573909230341, 14.694931037484535 ], [ 121.033577837936619, 14.694933003261854 ], [ 121.033582230932637, 14.694932552162374 ], [ 121.035331768801456, 14.694669184368829 ], [ 121.035336667426336, 14.694668180058416 ], [ 121.035341425830225, 14.694666666237762 ], [ 121.03545822000045, 14.694622566374894 ], [ 121.035476092650882, 14.694616814202744 ], [ 121.035494471803659, 14.694612853140192 ], [ 121.035513168538728, 14.694610723903217 ], [ 121.035531990671714, 14.694610448378388 ], [ 121.035550744729079, 14.694612029397884 ], [ 121.035569237937239, 14.694615450710405 ], [ 121.0355872802037, 14.69462067714821 ], [ 121.03560468607121, 14.694627654988581 ], [ 121.035621276624056, 14.694636312506043 ], [ 121.035636881327122, 14.694646560709662 ], [ 121.035651339778767, 14.694658294257717 ], [ 121.035664503359683, 14.694671392540572 ], [ 121.036099161519431, 14.69515021321598 ], [ 121.036102860721897, 14.695153847578204 ], [ 121.036107308865809, 14.695156572856314 ], [ 121.036286445665809, 14.695252900619412 ], [ 121.03629034197651, 14.695254758428314 ], [ 121.036292234450087, 14.695250958156 ], [ 121.036331464001535, 14.695161177292203 ], [ 121.03633921086238, 14.695145571265183 ], [ 121.036348457897788, 14.69513075934254 ], [ 121.036359120060354, 14.695116877752847 ], [ 121.036371099287635, 14.695104054168176 ], [ 121.036384285403841, 14.695092406529866 ], [ 121.036398557133268, 14.695082041963827 ], [ 121.036413783215522, 14.69507305579525 ], [ 121.036429823613005, 14.69506553067192 ], [ 121.036446530798671, 14.695059535804051 ], [ 121.036463751112905, 14.695055126327768 ], [ 121.036481326176784, 14.695052342798034 ], [ 121.036499094348656, 14.695051210815611 ], [ 121.036516892210869, 14.695051740791623 ], [ 121.036534556072667, 14.695053927851832 ], [ 121.036809294612851, 14.695101070657216 ], [ 121.036813571489233, 14.695101602109656 ], [ 121.03681678915504, 14.695098808569032 ], [ 121.03711610704373, 14.694812965336025 ], [ 121.037128663344163, 14.694802017728575 ], [ 121.037142187937704, 14.694792223737286 ], [ 121.037156569345555, 14.694783664090755 ], [ 121.037171689026579, 14.694776409343294 ], [ 121.037816634373755, 14.694501631728512 ], [ 121.037835387233741, 14.694494789712172 ], [ 121.037854788074313, 14.694489953548281 ], [ 121.037874611178353, 14.694487179502758 ], [ 121.038122775819588, 14.694465665003094 ], [ 121.038127059635855, 14.694465088589762 ], [ 121.038127381533101, 14.694460890784018 ], [ 121.038143012041004, 14.693875176357851 ], [ 121.038144398729671, 14.693857332010646 ], [ 121.038147591583993, 14.693839708628783 ], [ 121.038152559299576, 14.693822478998698 ], [ 121.038159253170676, 14.693805812046309 ], [ 121.03816760756763, 14.693789871180769 ], [ 121.038177540580449, 14.693774812692395 ], [ 121.03818895482182, 14.693760784220313 ], [ 121.038201738381986, 14.693747923304958 ], [ 121.038215765925955, 14.69373635603959 ], [ 121.038230899922297, 14.693726195834016 ], [ 121.038246991991585, 14.69371754230272 ], [ 121.038263884361072, 14.693710480288161 ], [ 121.038281411411745, 14.693705079029 ], [ 121.03829940130187, 14.693701391481225 ], [ 121.038317677651918, 14.693699453798967 ], [ 121.038336061273839, 14.693699284980035 ], [ 121.038354371927767, 14.693700886679645 ], [ 121.038372430089311, 14.69370424319419 ], [ 121.038390058709581, 14.693709321615227 ], [ 121.038407084950919, 14.693716072152068 ], [ 121.03842334188171, 14.693724428619987 ], [ 121.038438670112811, 14.693734309089098 ], [ 121.038739106097907, 14.693949528473482 ], [ 121.038742321680274, 14.693951635579108 ], [ 121.038745853528241, 14.693953190557203 ], [ 121.040135645580193, 14.694497972787477 ], [ 121.040153936215148, 14.694506294344437 ], [ 121.040669059957636, 14.694774791580008 ], [ 121.040673012911824, 14.694776614659023 ], [ 121.04067561450924, 14.694773191789437 ], [ 121.040752022446753, 14.694661583549907 ], [ 121.040762488218775, 14.694647766492146 ], [ 121.040774253543773, 14.694634978309189 ], [ 121.040787212273671, 14.694623334377361 ], [ 121.040801247493249, 14.694612939749412 ], [ 121.040816232575338, 14.694603888206739 ], [ 121.040832032322925, 14.694596261413283 ], [ 121.040848504189086, 14.694590128178758 ], [ 121.040865499563026, 14.694585543837853 ], [ 121.040882865110802, 14.694582549750972 ], [ 121.040900444158808, 14.694581172931105 ], [ 121.040918078107197, 14.694581425800106 ], [ 121.041225594153374, 14.694600080528106 ], [ 121.041243874765541, 14.69460207821087 ], [ 121.04126186257399, 14.694605826897964 ], [ 121.041279381010142, 14.694611289792277 ], [ 121.041296258112894, 14.69461841327006 ], [ 121.04131232821635, 14.69462712740722 ], [ 121.041327433576043, 14.694637346665735 ], [ 121.041341425917423, 14.694648970733274 ], [ 121.041354167891285, 14.69466188550787 ], [ 121.041365534421942, 14.6946759642179 ], [ 121.041418532703602, 14.694748761614823 ], [ 121.041421201581997, 14.694752079827284 ], [ 121.041425526085561, 14.694752280094974 ], [ 121.041912951269993, 14.694752192556704 ], [ 121.041917558000591, 14.694751963478092 ], [ 121.04192055090752, 14.694748546910573 ], [ 121.042336718830811, 14.694221378589242 ], [ 121.042348822759266, 14.694207545368323 ], [ 121.042362292513403, 14.694194965114356 ], [ 121.042376991936948, 14.694183764992063 ], [ 121.042392772443989, 14.694174058215406 ], [ 121.04240947452071, 14.694165942903187 ], [ 121.042426929337879, 14.694159501087249 ], [ 121.042444960457416, 14.694154797883272 ], [ 121.042463385615861, 14.694151880832582 ], [ 121.042482018566673, 14.694150779421568 ], [ 121.042500670962966, 14.694151504783662 ], [ 121.042519154261186, 14.694154049586746 ], [ 121.042537281627133, 14.694158388107327 ], [ 121.0425548698244, 14.694164476490498 ], [ 121.042571741066581, 14.694172253193262 ], [ 121.042587724814396, 14.694181639606606 ], [ 121.043091700127931, 14.69451233061641 ], [ 121.043095284942481, 14.694514445585222 ], [ 121.043096454865051, 14.694510527376991 ], [ 121.043113459817064, 14.694441275258862 ], [ 121.043118761711256, 14.694423683386807 ], [ 121.043125867265246, 14.694406704864788 ], [ 121.043134703362114, 14.694390514402658 ], [ 121.043145179077641, 14.69437527860107 ], [ 121.043157186615957, 14.694361154237143 ], [ 121.043170602418684, 14.694348286651245 ], [ 121.043185288436433, 14.694336808251405 ], [ 121.043201093549357, 14.694326837150857 ], [ 121.04321785512208, 14.694318475952706 ], [ 121.043235400677261, 14.694311810694019 ], [ 121.043253549670467, 14.694306909960634 ], [ 121.043272115347861, 14.694303824181333 ], [ 121.043290906667906, 14.694302585108954 ], [ 121.046150216188806, 14.694255537693259 ], [ 121.046168582543672, 14.694256120664951 ], [ 121.046186799744149, 14.694258467994985 ], [ 121.046204689346169, 14.694262556690477 ], [ 121.046222076114674, 14.694268346701225 ], [ 121.046238789739888, 14.694275781312045 ], [ 121.046254666505746, 14.69428478769828 ], [ 121.046269550893399, 14.694295277639133 ], [ 121.046283297104679, 14.694307148381851 ], [ 121.046295770490218, 14.694320283648199 ], [ 121.046306848868312, 14.694334554773411 ], [ 121.046316423721834, 14.694349821966558 ], [ 121.046324401261217, 14.694365935679812 ], [ 121.046330703343074, 14.694382738073335 ], [ 121.046335268235737, 14.69440006456133 ], [ 121.046338051223898, 14.694417745424307 ], [ 121.046489770399106, 14.695853145541893 ], [ 121.04649073562868, 14.695869791021451 ], [ 121.04649012093779, 14.695886452255657 ], [ 121.046487931556868, 14.695902987463199 ], [ 121.046484186116459, 14.695919255935177 ], [ 121.046478916488681, 14.695935119232496 ], [ 121.046472167515887, 14.69595044236392 ], [ 121.046280628580533, 14.696335265105731 ], [ 121.046278913880499, 14.696339192118817 ], [ 121.046282548926499, 14.69634157700345 ], [ 121.047102886785865, 14.696824360837578 ], [ 121.04711835402442, 14.696834530710262 ], [ 121.047132694119028, 14.696846160786036 ], [ 121.047145762149768, 14.69685913353241 ], [ 121.047157426051953, 14.696873317847947 ], [ 121.047167567950851, 14.696888570387168 ], [ 121.047176085352945, 14.696904737009172 ], [ 121.047182892181652, 14.696921654335364 ], [ 121.0471879196472, 14.696939151400571 ], [ 121.047191116942045, 14.696957051380746 ], [ 121.047192451754015, 14.696975173379984 ], [ 121.047191910593199, 14.696993334258623 ], [ 121.04718949892802, 14.697011350484049 ], [ 121.04718524113018, 14.697029039985443 ], [ 121.047179180228284, 14.697046223993821 ], [ 121.047171377473049, 14.697062728848627 ], [ 121.047161911718305, 14.697078387752763 ], [ 121.047160775920403, 14.697080067365796 ], [ 121.047150377499435, 14.697093958100661 ], [ 121.047138670518009, 14.697106824561201 ], [ 121.047125760850875, 14.697118550386516 ], [ 121.047111765249554, 14.697129029531315 ], [ 121.047096810286547, 14.697138167224923 ], [ 121.047081031210595, 14.697145880828431 ], [ 121.047064570723592, 14.697152100582029 ], [ 121.047047577689895, 14.697156770235882 ], [ 121.04703020579025, 14.697159847558886 ], [ 121.047012612131638, 14.697161304720563 ], [ 121.046994955826605, 14.69716112854276 ], [ 121.04697739655434, 14.697159320618832 ], [ 121.046960093116382, 14.697155897299218 ], [ 121.046943202000563, 14.697150889543606 ], [ 121.046926875965781, 14.697144342640902 ], [ 121.046911262660416, 14.69713631579963 ], [ 121.046734090994264, 14.697034461010174 ], [ 121.046730287607204, 14.697032509821449 ], [ 121.046727851035683, 14.697035957716571 ], [ 121.046623591193139, 14.697199971331878 ], [ 121.046613112938459, 14.697214758298264 ], [ 121.046601178391555, 14.697228459737426 ], [ 121.046587905453066, 14.697240940293462 ], [ 121.04657342524564, 14.697252076671511 ], [ 121.046557880818483, 14.697261758855795 ], [ 121.046541425734304, 14.697269891196429 ], [ 121.046524222552165, 14.697276393354379 ], [ 121.046506441221609, 14.697281201095119 ], [ 121.046488257403723, 14.697284266923218 ], [ 121.046469850735761, 14.697285560551517 ], [ 121.046451403056551, 14.697285069200378 ], [ 121.046433096610002, 14.69728279772389 ], [ 121.046415112244802, 14.697278768561942 ], [ 121.046397627627769, 14.697273021518509 ], [ 121.046380815488689, 14.697265613368462 ], [ 121.046007129340396, 14.697078640321463 ], [ 121.04600318830677, 14.697076900719553 ], [ 121.046001398572471, 14.697080735713079 ], [ 121.045830688832652, 14.697500011156981 ], [ 121.045829227452629, 14.69750421057392 ], [ 121.045832461086249, 14.697507333309698 ], [ 121.046082078036719, 14.697725085978886 ], [ 121.04609526090475, 14.697737798034353 ], [ 121.046107074353813, 14.697751727443585 ], [ 121.04611740038689, 14.697766735074939 ], [ 121.046126135863659, 14.697782671027095 ], [ 121.046133193530821, 14.697799376126298 ], [ 121.046138502893555, 14.697816683516253 ], [ 121.046142010919652, 14.697834420324725 ], [ 121.046143682569294, 14.697852409390265 ], [ 121.046143501144954, 14.697870471031734 ], [ 121.04614146845833, 14.697888424843043 ], [ 121.046137604812216, 14.697906091495085 ], [ 121.046131948797623, 14.697923294527005 ], [ 121.046124556908509, 14.697939862108676 ], [ 121.046115502977358, 14.697955628757065 ], [ 121.046104877437884, 14.697970436989129 ], [ 121.046092786421553, 14.697984138894808 ], [ 121.044609870503749, 14.699503862193623 ], [ 121.044607100823583, 14.699506986194613 ], [ 121.044609891520068, 14.699510092424674 ], [ 121.044782585079247, 14.699684758749724 ], [ 121.04478585072259, 14.699687755494969 ], [ 121.04478964980855, 14.699690081416589 ], [ 121.04622691363231, 14.700477827521473 ], [ 121.046230959822353, 14.700479792048002 ], [ 121.04623483808821, 14.700477529277782 ], [ 121.047728629488233, 14.69950372365262 ], [ 121.047744585020354, 14.699494413826319 ], [ 121.047761417532939, 14.69948670477344 ], [ 121.047778958063191, 14.699480673876588 ], [ 121.047797030541361, 14.699476381673229 ], [ 121.047815453558073, 14.699473871248028 ], [ 121.047834042185357, 14.699473167800386 ], [ 121.047852609832773, 14.699474278391492 ], [ 121.047870970120556, 14.699477191873415 ], [ 121.047888938750276, 14.699481879001031 ], [ 121.047929927434964, 14.699494745003051 ], [ 121.04794627024323, 14.699500714019141 ], [ 121.047961964966817, 14.699508150487143 ], [ 121.047976872895788, 14.699516988683666 ], [ 121.047990862273892, 14.699527150496824 ], [ 121.048003809462884, 14.699538546116598 ], [ 121.048015600035441, 14.69955107482858 ], [ 121.048291855883747, 14.699873860509898 ], [ 121.048302450780682, 14.699887504175708 ], [ 121.048311673287131, 14.699902061561197 ], [ 121.048319440815305, 14.69991740230507 ], [ 121.048325683806681, 14.699933389031031 ], [ 121.048330346354916, 14.69994987857797 ], [ 121.048333386706517, 14.699966723281987 ], [ 121.048334777634736, 14.699983772298712 ], [ 121.04833450668346, 14.700000872954117 ], [ 121.048332576278625, 14.700017872111728 ], [ 121.048329003706655, 14.70003461754392 ], [ 121.048140009664536, 14.700748840990814 ], [ 121.048134702034446, 14.700765517988751 ], [ 121.048127765986877, 14.700781618685888 ], [ 121.048119266247994, 14.700796992832039 ], [ 121.048109282136281, 14.700811496957106 ], [ 121.047250714698421, 14.701937097662485 ], [ 121.04724828955257, 14.701940615092973 ], [ 121.047248202430993, 14.701944850332469 ], [ 121.047252331287112, 14.702090598471367 ], [ 121.047252732778247, 14.70209539276604 ], [ 121.047254675085583, 14.702099815860802 ], [ 121.047354034724762, 14.702296155273677 ], [ 121.047356198200291, 14.7022999488641 ], [ 121.047360483376877, 14.70230114409744 ], [ 121.047860171254413, 14.702415034573862 ], [ 121.047864776543705, 14.702415845025001 ], [ 121.047869199984547, 14.702414357622734 ], [ 121.048631096444623, 14.702114903648289 ], [ 121.048647779060246, 14.702109229477518 ], [ 121.048664940308768, 14.702105124714528 ], [ 121.048682424740079, 14.702102626541143 ], [ 121.048700073976605, 14.702101757586387 ], [ 121.048717728147963, 14.702102525721481 ], [ 121.048735227339009, 14.702104923988539 ], [ 121.048752413038514, 14.702108930663613 ], [ 121.048769129574779, 14.702114509453459 ], [ 121.048785225525933, 14.702121609824296 ], [ 121.048800555091404, 14.702130167459504 ], [ 121.048814979412668, 14.702140104842275 ], [ 121.048828367831021, 14.702151331957731 ], [ 121.048840599071127, 14.702163747108312 ], [ 121.048851562339593, 14.702177237834929 ], [ 121.048861158328478, 14.702191681935702 ], [ 121.049056055577779, 14.702518133931584 ], [ 121.049058598170888, 14.702521929837008 ], [ 121.049063185395312, 14.702522702843945 ], [ 121.04953756937698, 14.702578414908849 ], [ 121.049559019838895, 14.702582188493659 ], [ 121.049579868138039, 14.702588382964478 ], [ 121.050149101756006, 14.702793779065937 ], [ 121.050168078655304, 14.702801824100959 ], [ 121.050186017693889, 14.702811875053058 ], [ 121.050202695943923, 14.702823807019582 ], [ 121.050377225315799, 14.702963900558975 ], [ 121.050379311687635, 14.702965526728505 ], [ 121.050734278996302, 14.703234125388057 ], [ 121.050741596646162, 14.703239131069523 ], [ 121.050856548354318, 14.703309963351151 ], [ 121.050871388092389, 14.703320128979939 ], [ 121.050885137492159, 14.703331656020271 ], [ 121.050897665230067, 14.70334443437498 ], [ 121.050908851650718, 14.703358341995283 ], [ 121.050940770314909, 14.70340229152588 ], [ 121.050950083679041, 14.70341647304671 ], [ 121.050958001256063, 14.703431436385756 ], [ 121.050964454376285, 14.703447051765396 ], [ 121.050969387071106, 14.703463183752786 ], [ 121.050972756558721, 14.703479692434477 ], [ 121.050972776137613, 14.703479818930061 ], [ 121.050974591820761, 14.703497250860474 ], [ 121.050974664771516, 14.703514772004702 ], [ 121.050972994303834, 14.703532217686629 ], [ 121.050969596117568, 14.70354942393937 ], [ 121.050964502150862, 14.703566229046309 ], [ 121.050957760280085, 14.703582475061053 ], [ 121.05094943386986, 14.703598009291944 ], [ 121.050745242986238, 14.703937713964732 ], [ 121.050743218149861, 14.70394149098823 ], [ 121.050745268716028, 14.703945254837612 ], [ 121.050823791794741, 14.704073921928812 ], [ 121.05083232475485, 14.704089611020676 ], [ 121.050839235241398, 14.704106039240322 ], [ 121.050844456583491, 14.704123048092761 ], [ 121.050981708616575, 14.70466608736492 ], [ 121.050982835821742, 14.70466975513782 ], [ 121.05098429045016, 14.70466619821927 ], [ 121.051133874768368, 14.704240276824054 ], [ 121.051140477104482, 14.704224075664619 ], [ 121.051148652046692, 14.70420856886131 ], [ 121.051158323566781, 14.704193900629239 ], [ 121.051169401718198, 14.704180207384686 ], [ 121.051181783472643, 14.704167616476424 ], [ 121.05119535367821, 14.704156245001338 ], [ 121.051209986130317, 14.704146198715465 ], [ 121.051225544745449, 14.704137571050403 ], [ 121.051241884826666, 14.704130442244427 ], [ 121.051258854409411, 14.704124878596248 ], [ 121.051276295674697, 14.704120931848458 ], [ 121.051294046416871, 14.704118638706271 ], [ 121.051311941552086, 14.704118020496226 ], [ 121.052574969794819, 14.704133704573948 ], [ 121.052593409367304, 14.704134828269908 ], [ 121.052611642926252, 14.704137730082445 ], [ 121.052629489944394, 14.704142381281274 ], [ 121.052646773721463, 14.704148735815744 ], [ 121.052663323133714, 14.704156730770752 ], [ 121.052678974328202, 14.704166286989683 ], [ 121.05269357234495, 14.704177309858078 ], [ 121.052706972651293, 14.704189690240428 ], [ 121.052719042572789, 14.704203305560661 ], [ 121.052729662606865, 14.704218021015777 ], [ 121.05273872760597, 14.704233690910478 ], [ 121.052746147818667, 14.704250160099683 ], [ 121.052751849778204, 14.704267265524569 ], [ 121.052804381088364, 14.704456446665196 ], [ 121.052805773902264, 14.704460617088863 ], [ 121.052810273899084, 14.704460830231143 ], [ 121.057018506429387, 14.704453810213954 ], [ 121.057037235858317, 14.704454700427609 ], [ 121.057055777532298, 14.704457424811789 ], [ 121.05707394234777, 14.704461955580992 ], [ 121.057091545044685, 14.704468246526696 ], [ 121.057108406095878, 14.704476233488613 ], [ 121.0571243535381, 14.704485835009026 ], [ 121.057139224725745, 14.704496953163591 ], [ 121.0571528679897, 14.704509474560027 ], [ 121.057165144184154, 14.704523271494569 ], [ 121.057175928105778, 14.70453820325441 ], [ 121.057185109770657, 14.704554117552796 ], [ 121.057192595535952, 14.704570852082156 ], [ 121.057198309055025, 14.704588236169478 ], [ 121.057202192056067, 14.704606092516944 ], [ 121.05720420493644, 14.704624239010192 ], [ 121.057243636731187, 14.70529644828537 ], [ 121.057244093102085, 14.70530063222507 ], [ 121.057248415768399, 14.705300644283634 ], [ 121.057759059261954, 14.705277827600833 ], [ 121.057776662458252, 14.705277854066248 ], [ 121.057794183973954, 14.705279502943815 ], [ 121.057811466331216, 14.705282759414006 ], [ 121.057828354201675, 14.705287594208736 ], [ 121.057844695802473, 14.705293963874436 ], [ 121.057860344260405, 14.705301811162611 ], [ 121.057875158931907, 14.705311065544347 ], [ 121.057926155339501, 14.705346352015992 ], [ 121.057940512049001, 14.705357360147801 ], [ 121.057953687377818, 14.705369688725179 ], [ 121.057965553681541, 14.705383218307468 ], [ 121.058245085237701, 14.705735680912477 ], [ 121.058247990103993, 14.705738995478935 ], [ 121.058252153431013, 14.705740595245231 ], [ 121.058545802999902, 14.705837583407154 ], [ 121.058549961261264, 14.705838736046445 ], [ 121.058550216581693, 14.705834535058491 ], [ 121.058566784383331, 14.704116849009434 ], [ 121.05856661626332, 14.704112664804766 ], [ 121.058562327087643, 14.704112340961547 ], [ 121.058414911956262, 14.704108187496255 ], [ 121.058397261265625, 14.704106868443754 ], [ 121.058379819848653, 14.704103919290091 ], [ 121.058362746241272, 14.70409936684203 ], [ 121.058346195636119, 14.704093252479637 ], [ 121.05833031847186, 14.704085631780201 ], [ 121.058315259065822, 14.704076574013039 ], [ 121.058301154302171, 14.704066161509839 ], [ 121.058288132387659, 14.704054488916327 ], [ 121.058276311686271, 14.704041662331919 ], [ 121.058265799643436, 14.704027798345372 ], [ 121.058256691809262, 14.704013022974971 ], [ 121.058249070970106, 14.703997470523113 ], [ 121.058243006396097, 14.703981282355516 ], [ 121.058238553211467, 14.703964605616289 ], [ 121.058235751893534, 14.703947591890413 ], [ 121.058234627904739, 14.703930395825912 ], [ 121.058094010058156, 14.695295548579971 ], [ 121.05809462303435, 14.695277733939159 ], [ 121.058097035834123, 14.695260064712892 ], [ 121.058101224988064, 14.695242712767255 ], [ 121.058107149748494, 14.69522584688217 ], [ 121.058114752485722, 14.69520963110968 ], [ 121.058123959248718, 14.695194223178243 ], [ 121.058134680484301, 14.695179772958545 ], [ 121.058146811908429, 14.695166421005732 ], [ 121.058160235520333, 14.695154297192248 ], [ 121.058174820750409, 14.695143519444601 ], [ 121.05819042573026, 14.695134192596324 ], [ 121.05820689867258, 14.695126407368258 ], [ 121.058224079347539, 14.695120239486142 ], [ 121.058241800641383, 14.695115748944048 ], [ 121.058259890181901, 14.695112979420829 ], [ 121.058278172014937, 14.695111957855259 ], [ 121.060293728834267, 14.69509623173826 ], [ 121.060298044761453, 14.695095993013393 ], [ 121.060298268253163, 14.695091790787277 ], [ 121.060302936111, 14.693566334933641 ], [ 121.060303879872748, 14.693548665910352 ], [ 121.060306593980329, 14.693531171377879 ], [ 121.060311052422449, 14.693514018996515 ], [ 121.060317212470878, 14.693497373147514 ], [ 121.060325015089958, 14.693481393357677 ], [ 121.06033438550233, 14.693466232770563 ], [ 121.060345233905721, 14.693452036678815 ], [ 121.060357456333321, 14.693438941131744 ], [ 121.060370935650496, 14.693427071631479 ], [ 121.060385542677054, 14.693416541930246 ], [ 121.060401137425416, 14.693407452940198 ], [ 121.060417570442198, 14.69339989176633 ], [ 121.06043468424042, 14.693393930871704 ], [ 121.060452314808813, 14.693389627382997 ], [ 121.060470293183641, 14.693387022543037 ], [ 121.060488447067968, 14.693386141315514 ], [ 121.070191222100419, 14.693377815305171 ], [ 121.070195575822112, 14.693377598493415 ], [ 121.070194337712621, 14.69337352978936 ], [ 121.069975635387777, 14.692768220000771 ], [ 121.06996982191238, 14.692748678568952 ], [ 121.06996630149024, 14.692728624961848 ], [ 121.069965118727978, 14.692708313278754 ], [ 121.069963843770125, 14.688701220513158 ], [ 121.069963778149599, 14.688697851510256 ], [ 121.069874493728662, 14.686387771284307 ], [ 121.06987432771291, 14.6863847888905 ], [ 121.069375790869088, 14.679528332480807 ], [ 121.069375633867878, 14.679525949852701 ], [ 121.069227403631217, 14.677017136368262 ], [ 121.069227100627018, 14.677007840479122 ], [ 121.069219007843444, 14.675692096779818 ], [ 121.06921008433045, 14.674240932412237 ], [ 121.069209079583104, 14.674228210487186 ], [ 121.069078078199269, 14.673369766021674 ], [ 121.069076496641514, 14.67336185134066 ], [ 121.068641522249209, 14.671607040496925 ], [ 121.068638110478531, 14.671589530059855 ], [ 121.068636486912624, 14.67157177763384 ], [ 121.068636667339405, 14.671553955853211 ], [ 121.068639360279334, 14.671509710813986 ], [ 121.068791055874769, 14.669034900776278 ], [ 121.068792824369808, 14.669018571093371 ], [ 121.068796107972929, 14.66900246506084 ], [ 121.068846295969919, 14.668803989279638 ], [ 121.068851291738554, 14.668787611119646 ], [ 121.068857853794668, 14.668771765371984 ], [ 121.068865923497938, 14.668756593637776 ], [ 121.068974870753678, 14.668573512601752 ], [ 121.068978838111335, 14.668566068964859 ], [ 121.070548668277411, 14.665252875063114 ], [ 121.070550259055125, 14.665249050013578 ], [ 121.070546824347787, 14.665246631633275 ], [ 121.068673103970795, 14.664054946975234 ], [ 121.068665803066708, 14.664050057614396 ], [ 121.068467991479338, 14.663910698456659 ], [ 121.068465086754699, 14.663908733067709 ], [ 121.065840242334446, 14.662203975731236 ], [ 121.065836730128339, 14.662201908810678 ], [ 121.065832697512519, 14.662201166639125 ], [ 121.062700181684065, 14.661764447679984 ], [ 121.062687835854291, 14.661763539380374 ], [ 121.062566201264758, 14.661762519597954 ], [ 121.062560761780546, 14.661762629259814 ], [ 121.059840760077989, 14.661895185006422 ], [ 121.059831961743313, 14.661895410360197 ], [ 121.05336755590443, 14.661911659184261 ], [ 121.053365703457558, 14.66191168181358 ], [ 121.04582363383264, 14.662076991048851 ], [ 121.04581922179382, 14.662077297246508 ], [ 121.045816302315458, 14.662080532214011 ], [ 121.045626311527855, 14.662312949361288 ], [ 121.045614407099208, 14.662326142114384 ], [ 121.0456012437308, 14.662338147867297 ], [ 121.045586945692264, 14.662348853278795 ], [ 121.045571647965247, 14.662358157283625 ], [ 121.045555494969094, 14.66236597204661 ], [ 121.045538639197417, 14.662372223791893 ], [ 121.045521239778481, 14.662376853499406 ], [ 121.045503460972938, 14.662379817462048 ], [ 121.045193380658631, 14.662416523220887 ], [ 121.04518920316255, 14.662417226085122 ], [ 121.045191953720817, 14.662420366723346 ], [ 121.045290395897993, 14.662521980861358 ], [ 121.045302854415667, 14.662536255581273 ], [ 121.045313728353122, 14.662551709021312 ], [ 121.045322900901226, 14.662568175179295 ], [ 121.045439186097667, 14.662805509170854 ], [ 121.045445740095204, 14.662820613206392 ], [ 121.045450861035746, 14.662836233349896 ], [ 121.045454506770284, 14.662852241037283 ], [ 121.045456647291672, 14.662868504514693 ], [ 121.04545726498165, 14.662884889922911 ], [ 121.045456354755885, 14.662901262399135 ], [ 121.045448070874684, 14.662982089020527 ], [ 121.045445121755478, 14.663000838459796 ], [ 121.045440170382605, 14.663019183729892 ], [ 121.045433271294229, 14.663036922760391 ], [ 121.045424500482312, 14.663053860158488 ], [ 121.045413954555755, 14.6630698093612 ], [ 121.04535826409753, 14.663145042710317 ], [ 121.045345986491498, 14.663159907182836 ], [ 121.045332168083547, 14.663173429165722 ], [ 121.045316962787908, 14.663185458046236 ], [ 121.045300539966547, 14.663195859842343 ], [ 121.045283082542753, 14.663204518695059 ], [ 121.045266784961285, 14.66321157390623 ], [ 121.045262772710004, 14.663213546374861 ], [ 121.045260568034692, 14.663217359669373 ], [ 121.045205790482029, 14.663324068426169 ], [ 121.045203910141154, 14.663328250287041 ], [ 121.045202935993714, 14.663332715660617 ], [ 121.045159698591632, 14.6635961648359 ], [ 121.045159377919049, 14.66359827887176 ], [ 121.045124589443958, 14.663848020944036 ], [ 121.045120773411512, 14.663867400013055 ], [ 121.04511481005251, 14.66388625858626 ], [ 121.045106770449749, 14.66390437186946 ], [ 121.045096750434823, 14.663921523952276 ], [ 121.044915286427397, 14.664196097536836 ], [ 121.044913001441671, 14.664199966759867 ], [ 121.044912442598928, 14.664204396578073 ], [ 121.044884997230739, 14.664573527758208 ], [ 121.044882649742476, 14.664591927254961 ], [ 121.044878378253429, 14.664609995788762 ], [ 121.044872227717917, 14.664627543199165 ], [ 121.044864262866298, 14.664644384810208 ], [ 121.044854567523487, 14.664660343374011 ], [ 121.044843243726817, 14.664675250936192 ], [ 121.044830410652267, 14.664688950603528 ], [ 121.044816203360156, 14.664701298195151 ], [ 121.044800771373616, 14.664712163759967 ], [ 121.044784277105123, 14.664721432944344 ], [ 121.044766894147088, 14.664729008195609 ], [ 121.044722272798111, 14.66474583550594 ], [ 121.044704241780579, 14.664751621727971 ], [ 121.044685698016437, 14.664755584884219 ], [ 121.044666835445767, 14.664757683526048 ], [ 121.044523169490006, 14.664766455354922 ], [ 121.044518693754583, 14.664766943464048 ], [ 121.044514554525577, 14.664768671403731 ], [ 121.044371384710686, 14.664836690469979 ], [ 121.044367704412608, 14.664838645958193 ], [ 121.044364982719443, 14.664841750836153 ], [ 121.044229468155237, 14.665011435024466 ], [ 121.044217811547014, 14.665024661824564 ], [ 121.044204900519546, 14.665036734122779 ], [ 121.04419085512734, 14.665047539663503 ], [ 121.044183910225726, 14.665052371892861 ], [ 121.044167746051045, 14.665062432589588 ], [ 121.044150601630136, 14.665070815489683 ], [ 121.044132660065401, 14.66507743106375 ], [ 121.044114112972906, 14.665082208657479 ], [ 121.044095158435681, 14.665085097246187 ], [ 121.044075998888374, 14.665086065979784 ], [ 121.043970465213192, 14.665086085966822 ], [ 121.043966052460462, 14.665086293055101 ], [ 121.04396188164641, 14.665087711178458 ], [ 121.043815480400951, 14.665145297575696 ], [ 121.043799076916173, 14.665150895395643 ], [ 121.043782207542279, 14.665154975113801 ], [ 121.043765020167854, 14.665157500964577 ], [ 121.043747665469297, 14.665158450804682 ], [ 121.043730295589938, 14.665157816307193 ], [ 121.043561425261032, 14.665143918359458 ], [ 121.043557187988384, 14.665143766301977 ], [ 121.043556024973, 14.665147735877618 ], [ 121.043472640073688, 14.665493880407363 ], [ 121.04347208827997, 14.665496322516498 ], [ 121.043340081494421, 14.666121668102955 ], [ 121.043339609179341, 14.666124069943539 ], [ 121.04327031332808, 14.666504243109769 ], [ 121.0432691684736, 14.666512984949174 ], [ 121.043248846051227, 14.666766111042573 ], [ 121.043248675032061, 14.666777559720463 ], [ 121.043264333105839, 14.667088918661822 ], [ 121.043264458832141, 14.667091933961309 ], [ 121.043279260008049, 14.667538983866015 ], [ 121.043279359499408, 14.667541167932617 ], [ 121.043329199337109, 14.668400306860406 ], [ 121.043329440691863, 14.668406138889571 ], [ 121.043349448379828, 14.66921358996006 ], [ 121.043349548192651, 14.669216132567341 ], [ 121.04340864389907, 14.670315607143646 ], [ 121.043457751564716, 14.671171013086916 ], [ 121.043458000136212, 14.671184881028509 ], [ 121.043442225500442, 14.671918324661007 ], [ 121.043442535762608, 14.671927832051979 ], [ 121.04357583902177, 14.673460804203765 ], [ 121.043576487321886, 14.673478215095987 ], [ 121.0435754104994, 14.673495605857733 ], [ 121.043572618560688, 14.673512814878896 ], [ 121.043568137450507, 14.673529682238216 ], [ 121.043562008810895, 14.67354605118943 ], [ 121.043554289594169, 14.673561769617878 ], [ 121.043545051533783, 14.673576691454095 ], [ 121.043534380477681, 14.673590678031255 ], [ 121.043522375590499, 14.673603599373743 ], [ 121.043509148432022, 14.673615335405048 ], [ 121.043494821920646, 14.673625777063593 ], [ 121.043479529190833, 14.673634827316253 ], [ 121.043463412356203, 14.673642402060088 ], [ 121.043446621188579, 14.673648430903887 ], [ 121.043429311726413, 14.673652857822315 ], [ 121.043411644824673, 14.673655641676554 ], [ 121.043393784659898, 14.673656756596598 ], [ 121.04332401631855, 14.673657831080511 ], [ 121.043306580809357, 14.673657301705584 ], [ 121.043289273304055, 14.67365518161958 ], [ 121.043272246602768, 14.673651489539813 ], [ 121.04325565102647, 14.673646258062032 ], [ 121.043239633089911, 14.673639533372619 ], [ 121.043224334208105, 14.673631374840831 ], [ 121.043209889447766, 14.673621854494652 ], [ 121.043196426334958, 14.673611056384892 ], [ 121.043184063729129, 14.673599075843132 ], [ 121.043172910773819, 14.673586018640071 ], [ 121.043163065933072, 14.673572000051736 ], [ 121.042969793510466, 14.673266954045351 ], [ 121.042967622514098, 14.673263828758252 ], [ 121.042964946063719, 14.673261100122039 ], [ 121.042754839216428, 14.67306413149157 ], [ 121.042751444992007, 14.673061250323869 ], [ 121.042746943031716, 14.673061141323181 ], [ 121.042347691995332, 14.673070696181782 ], [ 121.042328851392199, 14.673070215478688 ], [ 121.042310157939013, 14.67306787769636 ], [ 121.042291804289746, 14.673063706927927 ], [ 121.041748305989813, 14.672911502602224 ], [ 121.041729660993681, 14.672905219066523 ], [ 121.041711806311525, 14.672897044729154 ], [ 121.041694943610807, 14.672887071918836 ], [ 121.041430981259552, 14.672711614672835 ], [ 121.041427744455376, 14.672709648695669 ], [ 121.041424219784588, 14.672708227255042 ], [ 121.041042655131463, 14.672572016812213 ], [ 121.041038272570361, 14.672570688397558 ], [ 121.041033776370057, 14.672569789233942 ], [ 121.040745311731101, 14.672526488839294 ], [ 121.040733727024289, 14.67252438143988 ], [ 121.040443869644761, 14.67246232363647 ], [ 121.040423649439802, 14.672456810867514 ], [ 121.040404198051917, 14.672449110532037 ], [ 121.040385764320362, 14.672439321139599 ], [ 121.040112695700913, 14.672274143910768 ], [ 121.040108592495841, 14.672271935645806 ], [ 121.040103996754624, 14.672271032303126 ], [ 121.040060416919559, 14.672264695468126 ], [ 121.040042186275713, 14.672261127943795 ], [ 121.040024413684876, 14.672255802919908 ], [ 121.040007277451807, 14.672248773820209 ], [ 121.039990949496911, 14.672240111164701 ], [ 121.039975593631482, 14.672229901862126 ], [ 121.039961363914102, 14.672218248338067 ], [ 121.039948403105186, 14.672205267507325 ], [ 121.039936841234606, 14.672191089600961 ], [ 121.039926794297287, 14.672175856859761 ], [ 121.039918363089413, 14.672159722107143 ], [ 121.03991163219716, 14.672142847215994 ], [ 121.039906669148181, 14.672125401484619 ], [ 121.039903523734097, 14.672107559938288 ], [ 121.039902227511007, 14.672089501573241 ], [ 121.039902793482838, 14.67207140756093 ], [ 121.03991723999988, 14.671897175968722 ], [ 121.039917540134724, 14.671890254029311 ], [ 121.039918600394586, 14.671620621814004 ], [ 121.03991888469028, 14.671548033053744 ], [ 121.039918682620012, 14.671543700753123 ], [ 121.039915109512606, 14.671541110726245 ], [ 121.039881428193567, 14.671519116555686 ], [ 121.039661281650822, 14.671375404819891 ], [ 121.039524366183628, 14.671286016688997 ], [ 121.039520821241723, 14.671283921847158 ], [ 121.039516692503241, 14.671283543941675 ], [ 121.039354598439473, 14.67127587447334 ], [ 121.039350041766085, 14.671275881089045 ], [ 121.039346563340445, 14.671278746522937 ], [ 121.039017190774203, 14.671578860722951 ], [ 121.039012919284076, 14.671583014648849 ], [ 121.038659046972555, 14.671950300397777 ], [ 121.03864759000291, 14.67196120746018 ], [ 121.038635209518816, 14.671971112073715 ], [ 121.038621997761808, 14.671979940443403 ], [ 121.038608053166939, 14.671987626792895 ], [ 121.038214335751704, 14.672183302420743 ], [ 121.038210425107138, 14.672185490042256 ], [ 121.038208853658148, 14.67218960568732 ], [ 121.038082702411458, 14.6725778569062 ], [ 121.038076196720851, 14.6725948593435 ], [ 121.038067972648577, 14.672611141103932 ], [ 121.038058113079643, 14.672626538093715 ], [ 121.038046717382244, 14.67264089513611 ], [ 121.038033900406361, 14.672654067535346 ], [ 121.038019791326207, 14.67266592253492 ], [ 121.038004532338419, 14.672676340655586 ], [ 121.037988277228862, 14.672685216899504 ], [ 121.03797118982277, 14.672692461808483 ], [ 121.03795344233373, 14.672698002365532 ], [ 121.03793521362779, 14.672701782730813 ], [ 121.037916687421031, 14.67270376480438 ], [ 121.037898050427785, 14.672703928610165 ], [ 121.037879490479, 14.672702272497334 ], [ 121.03786119462913, 14.672698813156892 ], [ 121.037843347270822, 14.672693585453475 ], [ 121.037313427164463, 14.67250965622549 ], [ 121.037301931949997, 14.672505241291592 ], [ 121.035758744474592, 14.671853965020794 ], [ 121.035754765382833, 14.671852501662155 ], [ 121.035752741522103, 14.671856143723161 ], [ 121.035550320793604, 14.672266162728494 ], [ 121.035284148149884, 14.672805286577708 ], [ 121.035279006815841, 14.672814944462928 ], [ 121.035167691543165, 14.673009482938532 ], [ 121.035160217997969, 14.673021431382884 ], [ 121.035151817508975, 14.673032781309987 ], [ 121.035003421273444, 14.673217742030364 ], [ 121.03499446407146, 14.673228083817289 ], [ 121.034984737372994, 14.673237744438868 ], [ 121.03460900608691, 14.673583994317452 ], [ 121.034601280096041, 14.673590725950392 ], [ 121.034301172663604, 14.673837867354584 ], [ 121.034299688855711, 14.67383907642432 ], [ 121.034135599211837, 14.673971373915082 ], [ 121.034121027570947, 14.673981994301332 ], [ 121.03410545757086, 14.673991174449107 ], [ 121.034089038897406, 14.673998826102872 ], [ 121.034071929395495, 14.674004875701655 ], [ 121.034054293551407, 14.674009265086209 ], [ 121.034036300911595, 14.674011952058178 ], [ 121.034018124452757, 14.67401291078574 ], [ 121.033999938918612, 14.674012132052002 ], [ 121.033981919140302, 14.674009623343554 ], [ 121.033964238355281, 14.674005408778532 ], [ 121.033947066542055, 14.673999528874717 ], [ 121.033930568785863, 14.673992040160039 ], [ 121.033914903691823, 14.673983014629082 ], [ 121.033900221859881, 14.673972539050993 ], [ 121.033886664437134, 14.673960714135243 ], [ 121.03387436176088, 14.673947653563495 ], [ 121.033739925542363, 14.673790077129768 ], [ 121.033736840119104, 14.673786811629279 ], [ 121.033732359590203, 14.673787624350682 ], [ 121.032993023906712, 14.673959781008753 ], [ 121.032988447083255, 14.673961094415585 ], [ 121.032984503492358, 14.673963709393497 ], [ 121.032284968217212, 14.674481235812927 ], [ 121.032281507373213, 14.674484071684109 ], [ 121.032280832349258, 14.67449295493879 ], [ 121.032280742217054, 14.674492948448229 ], [ 121.032279907320657, 14.674504105714346 ], [ 121.032276846386438, 14.674521450666919 ], [ 121.032272066996171, 14.67453842356373 ], [ 121.032265614469878, 14.674554863459754 ], [ 121.032257549993133, 14.674570614464066 ], [ 121.032247950036876, 14.674585527218159 ], [ 121.032236905632146, 14.674599460312171 ], [ 121.032224521507118, 14.674612281625832 ], [ 121.032210915093842, 14.67462386958128 ], [ 121.0321962154147, 14.674634114295968 ], [ 121.032180561859107, 14.674642918624562 ], [ 121.032164102861586, 14.674650199080197 ], [ 121.032146994494298, 14.674655886626086 ], [ 121.032129398987095, 14.674659927330211 ], [ 121.032111483189155, 14.674662282876691 ], [ 121.032093416986811, 14.674662930929138 ], [ 121.032075371692585, 14.674661865342451 ], [ 121.031933199789577, 14.674646678403764 ], [ 121.031915474254617, 14.674643935302125 ], [ 121.03189810365113, 14.674639538780562 ], [ 121.031742751170327, 14.674592305671341 ], [ 121.031725640528677, 14.674586190843364 ], [ 121.031709228312579, 14.674578472098995 ], [ 121.031693672721588, 14.674569223840379 ], [ 121.031679123698211, 14.674558535212821 ], [ 121.031665721482284, 14.674546509245564 ], [ 121.031653595259456, 14.674533261858604 ], [ 121.031642861915799, 14.674518920745358 ], [ 121.031633624911137, 14.674503624141778 ], [ 121.031625973281862, 14.674487519493876 ], [ 121.031591947586506, 14.674405568024753 ], [ 121.031590021157385, 14.674401524535194 ], [ 121.031586081458016, 14.674399253466106 ], [ 121.03122800555785, 14.674215790026706 ], [ 121.031213492209474, 14.674207515860996 ], [ 121.031199807640633, 14.67419799700086 ], [ 121.031187064165138, 14.674187311570909 ], [ 121.031175366372949, 14.674175547270186 ], [ 121.031164810271704, 14.674162800652363 ], [ 121.031087141985708, 14.674059793233067 ], [ 121.03108419726145, 14.674056279020885 ], [ 121.031079737091275, 14.674055059905006 ], [ 121.030746843389394, 14.673982072956971 ], [ 121.030742715526543, 14.673981359441326 ], [ 121.030738812600745, 14.673982849829098 ], [ 121.030630112739999, 14.674030056406002 ], [ 121.030613715903456, 14.674036287797785 ], [ 121.030596786543839, 14.67404097948873 ], [ 121.030579476844565, 14.674044089303775 ], [ 121.030561942408028, 14.674045589287854 ], [ 121.030544340856935, 14.67404546595716 ], [ 121.03052683041723, 14.674043720420412 ], [ 121.030509568495859, 14.674040368368848 ], [ 121.03049271026569, 14.674035439935167 ], [ 121.030248516518995, 14.673951573475373 ], [ 121.030244256368846, 14.67395033362286 ], [ 121.030239977348259, 14.673951592222888 ], [ 121.029974200973882, 14.674043573047614 ], [ 121.029653680758798, 14.674155873489646 ], [ 121.029636155289069, 14.674161078371759 ], [ 121.029618188128765, 14.674164576143705 ], [ 121.02959995429093, 14.674166332734721 ], [ 121.029581631386293, 14.674166331034391 ], [ 121.02956339789317, 14.674164571059336 ], [ 121.029545431418924, 14.674161069953037 ], [ 121.029527906969889, 14.674155861818832 ], [ 121.029510995246781, 14.67414899738775 ], [ 121.029494860981757, 14.674140543524318 ], [ 121.029479661334094, 14.674130582575255 ], [ 121.029326201604789, 14.674018918987107 ], [ 121.029134663698954, 14.673879549008984 ], [ 121.029131040443914, 14.673877174335027 ], [ 121.029128281783727, 14.673880471017549 ], [ 121.028728234499866, 14.674409842524312 ], [ 121.028716742532112, 14.674423583644394 ], [ 121.028703923536028, 14.674436163205952 ], [ 121.028689900734236, 14.674447460287769 ], [ 121.028674808921039, 14.674457366296474 ], [ 121.028658793166642, 14.674465786010417 ], [ 121.028642007422761, 14.67447263849497 ], [ 121.028624613042666, 14.674477857880524 ], [ 121.028606777230152, 14.674481393995682 ], [ 121.02858867143236, 14.674483212849514 ], [ 121.028570469691687, 14.674483296958297 ], [ 121.028552346972774, 14.674481645513596 ], [ 121.028154511727791, 14.674426128856313 ], [ 121.026868453065219, 14.674246636801751 ], [ 121.026847916960946, 14.674242608207155 ], [ 121.026827977824752, 14.674236353006561 ], [ 121.026624079374145, 14.674159775633644 ], [ 121.026619197224591, 14.674158240041619 ], [ 121.026614087217681, 14.674157792380122 ], [ 121.026181030035346, 14.674143428145351 ], [ 121.02616096431116, 14.67414169803433 ], [ 121.026141209266598, 14.674137861712188 ], [ 121.026121997488644, 14.674131964346138 ], [ 121.025971213192676, 14.674076757439522 ], [ 121.025644527004971, 14.673957162140367 ], [ 121.025628067508791, 14.673950235883986 ], [ 121.025612371193759, 14.673941796124494 ], [ 121.025597584490939, 14.673931921596603 ], [ 121.025583845345608, 14.673920704419993 ], [ 121.025571281930269, 14.673908249239917 ], [ 121.025560011448988, 14.673894672250956 ], [ 121.025550139043943, 14.673880100113024 ], [ 121.02554175681459, 14.673864668769774 ], [ 121.025534942958515, 14.673848522180343 ], [ 121.025466707090374, 14.673661616194689 ], [ 121.025464832370346, 14.673657229645091 ], [ 121.025462493268918, 14.673653059826293 ], [ 121.025392992494488, 14.673543352521566 ], [ 121.025390644353166, 14.673539994710309 ], [ 121.025387995174114, 14.673536856361984 ], [ 121.025312713628239, 14.67345544922331 ], [ 121.025113111369279, 14.673239601409824 ], [ 121.02498893534748, 14.673105314941996 ], [ 121.024953040037943, 14.673066496335885 ], [ 121.024942300607094, 14.673053759472362 ], [ 121.024932797500256, 14.673040123320943 ], [ 121.024924609717374, 14.673025701240263 ], [ 121.024917805323938, 14.673010613122422 ], [ 121.024912440885217, 14.672994984396302 ], [ 121.024908560995925, 14.672978944984918 ], [ 121.024906197909573, 14.672962628225264 ], [ 121.024902221151009, 14.672921766035843 ], [ 121.024899980092968, 14.67290883720937 ], [ 121.02488928077247, 14.67286625230037 ], [ 121.024886087736547, 14.672850565569732 ], [ 121.024884331642525, 14.672834665473525 ], [ 121.024869781607777, 14.67260959260731 ], [ 121.024869423318975, 14.672596537410655 ], [ 121.024869524931432, 14.672586046516127 ], [ 121.024871037004459, 14.672435312808924 ], [ 121.024870898761776, 14.672431373249808 ], [ 121.024869711340642, 14.67242760469162 ], [ 121.024848440536047, 14.672369351672751 ], [ 121.024832940861131, 14.672326929731954 ], [ 121.024796388587504, 14.672226818796728 ], [ 121.024794538570447, 14.672222487659031 ], [ 121.024791033646309, 14.672219268898592 ], [ 121.024742126364046, 14.672178864488107 ], [ 121.024686007831903, 14.672132489177848 ], [ 121.024682520849609, 14.672129875995319 ], [ 121.02467841711281, 14.672128329380261 ], [ 121.024576579370049, 14.672095300828987 ], [ 121.024572091312237, 14.672094089120806 ], [ 121.024567703765371, 14.672095610194379 ], [ 121.024429130278378, 14.67215156217601 ], [ 121.024412615768071, 14.672157355602669 ], [ 121.024326143111949, 14.672183264703053 ], [ 121.024306805588608, 14.672187968787226 ], [ 121.024287061462957, 14.672190627547973 ], [ 121.024267138327573, 14.672191210337552 ], [ 121.024247265838468, 14.672189710438163 ], [ 121.024227673067912, 14.672186145139374 ], [ 121.024164024998072, 14.672171080702418 ], [ 121.024148914030775, 14.672166836787719 ], [ 121.024134226266867, 14.67216136303106 ], [ 121.024120067114367, 14.672154698715413 ], [ 121.023945928173134, 14.672063683713715 ], [ 121.02393785887979, 14.672059941970746 ], [ 121.023802618815211, 14.672004846082322 ], [ 121.023784090770917, 14.671996092374012 ], [ 121.023766672721905, 14.671985394703473 ], [ 121.023658060645616, 14.671910178307142 ], [ 121.023643068886187, 14.671898619364029 ], [ 121.023629378188105, 14.671885620337887 ], [ 121.023617133831948, 14.67187131916981 ], [ 121.023606465750106, 14.671855867618698 ], [ 121.023597487148081, 14.671839429650886 ], [ 121.023590293303116, 14.671822179700154 ], [ 121.023584960553265, 14.671804300816692 ], [ 121.023581545487204, 14.671785982724675 ], [ 121.023573349340452, 14.671723991497348 ], [ 121.02357229221461, 14.67171773762759 ], [ 121.023515477782141, 14.671442319117185 ], [ 121.023514225445126, 14.671437592420867 ], [ 121.023512454740086, 14.671433025520843 ], [ 121.023420012280269, 14.671228860069871 ], [ 121.023417108139199, 14.671223023270587 ], [ 121.023397915280739, 14.671187736968573 ], [ 121.0232214537169, 14.670863344197242 ], [ 121.023217564596294, 14.670856861398464 ], [ 121.02313002665116, 14.670723953943632 ], [ 121.023127351759399, 14.670720308657716 ], [ 121.023123427165274, 14.670717969415493 ], [ 121.022849122272603, 14.670572344874714 ], [ 121.022838638725986, 14.670566337349358 ], [ 121.022585060461481, 14.670409915122939 ], [ 121.022579110479739, 14.670406539337099 ], [ 121.022313897345001, 14.67026863945094 ], [ 121.022274103654397, 14.670248399888587 ], [ 121.022070299094068, 14.670144778122928 ], [ 121.022066176522344, 14.670142926674957 ], [ 121.022061887414836, 14.670141477443776 ], [ 121.022017983609018, 14.670128955734908 ], [ 121.021855768742824, 14.670082684831852 ], [ 121.021849249803623, 14.670081072618611 ], [ 121.021532144839867, 14.670014457494041 ], [ 121.021528257849567, 14.670013808194575 ], [ 121.021524328203625, 14.670013483229628 ], [ 121.021270302750267, 14.670003054269719 ], [ 121.021263037915247, 14.670002616978165 ], [ 121.020548223793739, 14.669945876110186 ], [ 121.020540674627426, 14.669945577314229 ], [ 121.020282902627685, 14.669945599956527 ], [ 121.020279169598609, 14.669945746970864 ], [ 121.020275460885443, 14.66994618640565 ], [ 121.01999852431787, 14.669990097493223 ], [ 121.019980519608055, 14.669992080146518 ], [ 121.019962402114842, 14.669992344663884 ], [ 121.019944344428225, 14.669990888525534 ], [ 121.019926518568539, 14.669987725602919 ], [ 121.019801546432333, 14.66995935430128 ], [ 121.019753332654972, 14.669948404436552 ], [ 121.019729534375244, 14.66994133270126 ], [ 121.019567169870214, 14.669881237028886 ], [ 121.019484497072838, 14.669850638715809 ], [ 121.01947475478309, 14.669846721310002 ], [ 121.019366235006473, 14.669799531216931 ], [ 121.019350177888967, 14.669791618636426 ], [ 121.019334983240029, 14.669782229647234 ], [ 121.019320793856437, 14.669771452485621 ], [ 121.01930774308758, 14.66975938843367 ], [ 121.019295953582215, 14.669746150867393 ], [ 121.019285536135953, 14.669731864191323 ], [ 121.01927658864993, 14.669716662669272 ], [ 121.019260252482255, 14.669685496712315 ], [ 121.019124067731113, 14.669425709943472 ], [ 121.019121947246276, 14.669422088971951 ], [ 121.01911949215166, 14.669418674230831 ], [ 121.018889447491333, 14.669128286594621 ], [ 121.01888265117293, 14.669120635292863 ], [ 121.018870741272906, 14.669108654837874 ], [ 121.01859052496053, 14.668826824722366 ], [ 121.018557142350659, 14.668793247905271 ], [ 121.018552197576369, 14.668788075767235 ], [ 121.018242740660909, 14.668451427139999 ], [ 121.018239986969846, 14.66844855936195 ], [ 121.017942681290876, 14.668152115378666 ], [ 121.017935964032816, 14.668145050564176 ], [ 121.017760504039984, 14.667950357004836 ], [ 121.017750034579251, 14.667937623983448 ], [ 121.017599330054892, 14.667736351634643 ], [ 121.017593334629296, 14.667729151928357 ], [ 121.01737326993215, 14.667490987804204 ], [ 121.017370388096637, 14.667488135040967 ], [ 121.017367033019681, 14.667485823985874 ], [ 121.01718764866105, 14.667373570652844 ], [ 121.017177960143925, 14.667368277972226 ], [ 121.016955452934752, 14.667263259825766 ], [ 121.016937854049544, 14.667253774436759 ], [ 121.016707721713644, 14.66711336445006 ], [ 121.016690503859067, 14.667101480931697 ], [ 121.016674782830208, 14.667087771638533 ], [ 121.01666076182812, 14.667072413769462 ], [ 121.016521828472193, 14.666901588865326 ], [ 121.016439171012919, 14.666799967892027 ], [ 121.016433536544668, 14.666793038350942 ], [ 121.01641991306353, 14.666773859926163 ], [ 121.016366551330847, 14.666687289235748 ], [ 121.016357226797055, 14.666670136723475 ], [ 121.016349845227509, 14.66665210975601 ], [ 121.016344491734088, 14.666633416191331 ], [ 121.016341228044112, 14.666614271573476 ], [ 121.01632465342702, 14.666469168207046 ], [ 121.016323551543792, 14.666452722987508 ], [ 121.016323993035954, 14.666436248424999 ], [ 121.016325974232018, 14.666419881509025 ], [ 121.016329478657624, 14.666403758333971 ], [ 121.016334477172364, 14.666388012967433 ], [ 121.016340928212273, 14.666372776335397 ], [ 121.016405767518648, 14.66623749411943 ], [ 121.016413265764953, 14.666223482747139 ], [ 121.016421992320716, 14.666210162425307 ], [ 121.016525309530536, 14.66606669944907 ], [ 121.016538372841694, 14.66605059021653 ], [ 121.016553228067536, 14.666036026765315 ], [ 121.016678736574406, 14.665926221293621 ], [ 121.016691037928979, 14.665916354582498 ], [ 121.01682321154496, 14.665819304765165 ], [ 121.016826620638398, 14.665816541077838 ], [ 121.016829079036029, 14.665812945988558 ], [ 121.016919055912055, 14.665666539023519 ], [ 121.016921360084453, 14.665662284885673 ], [ 121.016921625976863, 14.665657482546765 ], [ 121.016921613194313, 14.665491074987514 ], [ 121.016921358859022, 14.665486390158419 ], [ 121.016918717630844, 14.665482466209905 ], [ 121.016776659832388, 14.665293903160725 ], [ 121.016774120723667, 14.665290825650363 ], [ 121.016771068539825, 14.665288227147727 ], [ 121.016610286878972, 14.665163026288852 ], [ 121.016606684728941, 14.665160487653646 ], [ 121.016602848914658, 14.66515829733537 ], [ 121.016501566233302, 14.665106662967689 ], [ 121.016484637950455, 14.665096886152684 ], [ 121.016468868115084, 14.665085419421292 ], [ 121.016454434005666, 14.66507239167834 ], [ 121.016441497884841, 14.665057949376941 ], [ 121.016352657637853, 14.664947446192162 ], [ 121.016339668023377, 14.66492905271887 ], [ 121.016285361908771, 14.664840955203385 ], [ 121.016276303485938, 14.66482436174935 ], [ 121.016269063861813, 14.66480694231241 ], [ 121.016263721302607, 14.664788885212047 ], [ 121.01626033356564, 14.664770385661402 ], [ 121.016245745960418, 14.664656827529187 ], [ 121.016244808467263, 14.664651839412826 ], [ 121.016242745617689, 14.664647183098987 ], [ 121.016178748637927, 14.664522607752112 ], [ 121.016172079565905, 14.66450805528925 ], [ 121.016166753144944, 14.664492987493198 ], [ 121.016089644897107, 14.664238972584615 ], [ 121.016085251261174, 14.664221256179777 ], [ 121.016082712818417, 14.664203199062598 ], [ 121.016064586718713, 14.663997478547362 ], [ 121.016064010002836, 14.663993276961552 ], [ 121.016062248554348, 14.663989400373298 ], [ 121.015945626183765, 14.663762387319665 ], [ 121.01594346103208, 14.663758634534709 ], [ 121.015940289917211, 14.663755635246481 ], [ 121.015833138381396, 14.663663598372768 ], [ 121.015829646759002, 14.663660880311497 ], [ 121.015825682887751, 14.663658867619166 ], [ 121.015662946509252, 14.66358576516576 ], [ 121.01564863319355, 14.66357858688937 ], [ 121.015549237242169, 14.663523302333038 ], [ 121.015532891190574, 14.663513070081635 ], [ 121.015517733465686, 14.663501230312106 ], [ 121.015503930174859, 14.663487912771899 ], [ 121.015491632582638, 14.663473263402746 ], [ 121.015394939808218, 14.663344913609942 ], [ 121.015384955428033, 14.663330206532395 ], [ 121.015376490386558, 14.66331462241109 ], [ 121.015369625227066, 14.663298309526713 ], [ 121.01536442527015, 14.663281423094 ], [ 121.015360939992277, 14.663264123784863 ], [ 121.015321174074103, 14.662998798245781 ], [ 121.015320349797221, 14.662992534329426 ], [ 121.01528976080904, 14.662722762468853 ], [ 121.015289150601404, 14.662718371259469 ], [ 121.015255401041372, 14.662513461198101 ], [ 121.015254652517498, 14.662509861392822 ], [ 121.015253605520172, 14.662506332841767 ], [ 121.01521401912099, 14.662390795039999 ], [ 121.015207184152771, 14.662370845799709 ], [ 121.015206438248157, 14.662368620829996 ], [ 121.015120496958971, 14.662106523210346 ], [ 121.01511580607027, 14.662089341963908 ], [ 121.015112871798806, 14.662071795163717 ], [ 121.015111722536943, 14.662054052597014 ], [ 121.015112369404775, 14.662036285945282 ], [ 121.01511480614262, 14.662018667123023 ], [ 121.015132212907389, 14.661927122805301 ], [ 121.015137046103646, 14.661907747033554 ], [ 121.015144042290217, 14.661889007505762 ], [ 121.015153116310671, 14.661871132314902 ], [ 121.01516415771782, 14.66185433903337 ], [ 121.015346657059055, 14.661607858389372 ], [ 121.015348119351572, 14.661605825138745 ], [ 121.015444250312967, 14.661468173374988 ], [ 121.015572559128103, 14.661284457764474 ], [ 121.015574848216076, 14.66128081101005 ], [ 121.015573045152792, 14.661276914364008 ], [ 121.015410116223677, 14.660966071796173 ], [ 121.015404607549172, 14.660956930634438 ], [ 121.01529845759471, 14.66080235093882 ], [ 121.015288353545444, 14.660785790097005 ], [ 121.014985475248011, 14.660223068570732 ], [ 121.014977585638221, 14.660206403162791 ], [ 121.014971472565207, 14.66018904478271 ], [ 121.014967199050901, 14.660171172385736 ], [ 121.014789758674539, 14.659210538322325 ], [ 121.014787351625486, 14.659192115926185 ], [ 121.014786899155325, 14.659173550310452 ], [ 121.014788406041063, 14.659155037505304 ], [ 121.014791856371389, 14.659136772983258 ], [ 121.014797213714559, 14.659118949595234 ], [ 121.015060408234632, 14.658385456313127 ], [ 121.015068007888004, 14.65836745460801 ], [ 121.015077551873077, 14.658350352907506 ], [ 121.015088929503776, 14.658334349547403 ], [ 121.015700395548862, 14.657566223174209 ], [ 121.015703026406172, 14.657562553489557 ], [ 121.015704427099806, 14.657558291184438 ], [ 121.015761048690507, 14.657350815141593 ], [ 121.015785489786595, 14.657261270704796 ], [ 121.015786449305978, 14.657256879718805 ], [ 121.015786030004165, 14.657252409064172 ], [ 121.015770231433891, 14.657144181035735 ], [ 121.015769271575209, 14.657139448089493 ], [ 121.015767296370043, 14.657135023591986 ], [ 121.015723628857714, 14.657050020706476 ], [ 121.015721439164281, 14.657046228888996 ], [ 121.015718540864341, 14.657042918205759 ], [ 121.015504358413793, 14.656820980429188 ], [ 121.015493730891251, 14.656808950862533 ], [ 121.015484228098828, 14.656796060158083 ], [ 121.015388084559817, 14.65665275300281 ], [ 121.015380129765717, 14.656639735150652 ], [ 121.01537332262069, 14.656626114502977 ], [ 121.015367710942058, 14.656611986739595 ], [ 121.015254176738551, 14.656286183079995 ], [ 121.01517090860456, 14.656047226626312 ], [ 121.015165657419857, 14.656029103771019 ], [ 121.015162371607005, 14.656010547346048 ], [ 121.015161086835306, 14.655991758794155 ], [ 121.015154123538323, 14.655519570436972 ], [ 121.015154026496589, 14.655516538002948 ], [ 121.015124741903577, 14.654922212545491 ], [ 121.015124195137162, 14.654915839853114 ], [ 121.015099449432114, 14.654713899482022 ], [ 121.015077219771115, 14.654532571555935 ], [ 121.015076439841039, 14.654528131043705 ], [ 121.015073548137195, 14.654524614098314 ], [ 121.014843444328747, 14.654272062712085 ], [ 121.014833672253516, 14.654260392105742 ], [ 121.014824931941021, 14.654247970059245 ], [ 121.01479402327324, 14.654199858660393 ], [ 121.014644226678229, 14.653966723768287 ], [ 121.014633362012347, 14.653947253289918 ], [ 121.014625026372627, 14.653926634726979 ], [ 121.014493492888889, 14.653531804571445 ], [ 121.01448808898769, 14.653511716579429 ], [ 121.014378971794343, 14.652984040059666 ], [ 121.014378522081657, 14.652981988662091 ], [ 121.014277466063064, 14.652545873971601 ], [ 121.01426807420691, 14.652505340448318 ], [ 121.014265405751246, 14.652491239025936 ], [ 121.014247496615226, 14.652369719873295 ], [ 121.014212480746892, 14.652132104739227 ], [ 121.014211772707128, 14.652127981139943 ], [ 121.014171175674363, 14.651921100250973 ], [ 121.014130129124567, 14.651711920823738 ], [ 121.014128768972014, 14.651704989058196 ], [ 121.014017404557947, 14.651166391552117 ], [ 121.014016883733973, 14.651164035772151 ], [ 121.013982124824508, 14.651016417573382 ], [ 121.013878838657718, 14.650577733098029 ], [ 121.013875543516292, 14.650559488765801 ], [ 121.013846775318214, 14.65033253749769 ], [ 121.013823345824491, 14.650147642298331 ], [ 121.013822461046388, 14.650142829001288 ], [ 121.013821045252499, 14.650138137534604 ], [ 121.013710668416536, 14.649834451534316 ], [ 121.013708745380399, 14.649829953357729 ], [ 121.013705871788488, 14.649825964403639 ], [ 121.013481486661306, 14.649547911714238 ], [ 121.013478141261572, 14.649544205269178 ], [ 121.013474045616945, 14.649541299058173 ], [ 121.013163039616657, 14.649345157279988 ], [ 121.013159423567799, 14.649343098054572 ], [ 121.01315529113073, 14.649342428953444 ], [ 121.012903179796453, 14.649313021179653 ], [ 121.012892993846464, 14.649312383768114 ], [ 121.012580991527599, 14.649309609790018 ], [ 121.012563985234351, 14.649308697803333 ], [ 121.012547136383333, 14.64930627207289 ], [ 121.012530586819494, 14.64930235302017 ], [ 121.012514475868272, 14.649296973638432 ], [ 121.012498939162484, 14.649290179215004 ], [ 121.012484107500484, 14.649282026949949 ], [ 121.012470105745095, 14.64927258547455 ], [ 121.012329012296988, 14.649167803694713 ], [ 121.012316154976801, 14.649157328245156 ], [ 121.012304320872502, 14.649145766103583 ], [ 121.012293606516138, 14.649133211583788 ], [ 121.012284099305745, 14.649119767094493 ], [ 121.012275876792515, 14.649105542303964 ], [ 121.012269006048143, 14.649090653245478 ], [ 121.012240086942654, 14.649019558900445 ], [ 121.012234517842117, 14.649003775133348 ], [ 121.012230467953401, 14.648987558503332 ], [ 121.012227971811186, 14.648971047296195 ], [ 121.01220638990651, 14.648761520579864 ], [ 121.012205504366122, 14.648739693769755 ], [ 121.012207330002596, 14.648717922373763 ], [ 121.012264045730575, 14.648331484317341 ], [ 121.012265976624249, 14.64831835551556 ], [ 121.012266722502702, 14.648311343246561 ], [ 121.01229763935099, 14.647842829412037 ], [ 121.012299829450711, 14.647824435739405 ], [ 121.012303941175645, 14.647806356791497 ], [ 121.012309931362566, 14.647788782351682 ], [ 121.012317737129251, 14.647771896907207 ], [ 121.012374326657195, 14.647664543738721 ], [ 121.012387189459034, 14.647640155076257 ], [ 121.012391239585611, 14.647631346816551 ], [ 121.012477302678789, 14.647413671429865 ], [ 121.012478611457524, 14.647409860510612 ], [ 121.01247883429906, 14.647405848067315 ], [ 121.012482778120898, 14.646990418527876 ], [ 121.012482236347495, 14.64697980347581 ], [ 121.012471924773124, 14.646887674464548 ], [ 121.012450497444163, 14.646696191130307 ], [ 121.012429374278511, 14.646507474774701 ], [ 121.012428581439281, 14.646502748893854 ], [ 121.012426778410585, 14.646498293759503 ], [ 121.012002226228006, 14.645593921294767 ], [ 121.012000110522266, 14.645589949096427 ], [ 121.011997600460674, 14.645586200874913 ], [ 121.011763451849035, 14.645271864838451 ], [ 121.011568280692345, 14.645014439524369 ], [ 121.011562219229759, 14.645005946333578 ], [ 121.011301729649375, 14.644617699713752 ], [ 121.011298937245897, 14.644613972258512 ], [ 121.011295112389845, 14.644611248719164 ], [ 121.011117532329791, 14.644497988856651 ], [ 121.011113647780476, 14.644495769064534 ], [ 121.011109146979138, 14.644495598597327 ], [ 121.010939045372297, 14.644497305303165 ], [ 121.010895855934393, 14.644497732078564 ], [ 121.010878959011194, 14.644497902538006 ], [ 121.010874285863721, 14.644498181612018 ], [ 121.010869915113418, 14.644499815774529 ], [ 121.010565724153651, 14.644631206119026 ], [ 121.008639707677531, 14.645463065262833 ], [ 121.008622227139014, 14.645469608849657 ], [ 121.008604158345136, 14.645474404214742 ], [ 121.008585685220893, 14.645477402545374 ], [ 121.00856699580703, 14.645478573321164 ], [ 121.008548280345877, 14.645477904624665 ], [ 121.008529729344971, 14.645475403262697 ], [ 121.008511531637723, 14.645471094697053 ], [ 121.008493872461315, 14.645465022785327 ], [ 121.008476931570996, 14.645457249334463 ], [ 121.008450817750841, 14.645443659090041 ], [ 121.008347259174428, 14.645389781060127 ], [ 121.008343141340049, 14.645387889285328 ], [ 121.008338644561334, 14.645388585251618 ], [ 121.008234740865291, 14.645409885312469 ], [ 121.008218987736839, 14.645412431266267 ], [ 121.008203068152113, 14.64541364959331 ], [ 121.008187099925053, 14.645413531277335 ], [ 121.008171201229601, 14.64541207719398 ], [ 121.006295670442384, 14.645160902247651 ], [ 121.00629165052483, 14.64516055491166 ], [ 121.006293784557428, 14.645163889864367 ], [ 121.00650960692326, 14.645467530419053 ], [ 121.006512129506064, 14.645470758651147 ], [ 121.006514940002077, 14.645473752976413 ], [ 121.00666668632401, 14.645621486439731 ], [ 121.006670591442585, 14.645624878952963 ], [ 121.006675181430509, 14.64562732724055 ], [ 121.006806074608818, 14.645688003152053 ], [ 121.006824526987572, 14.645697842429636 ], [ 121.006841717295828, 14.645709651419001 ], [ 121.006942789273296, 14.64578779861376 ], [ 121.006957381699721, 14.645800350983624 ], [ 121.007189846012494, 14.646022512299153 ], [ 121.007197308825027, 14.646030070465944 ], [ 121.007316679779422, 14.646158206856198 ], [ 121.007329502859051, 14.646173587576161 ], [ 121.00734051989275, 14.646190242315075 ], [ 121.007349598511851, 14.646207970968451 ], [ 121.007404961834865, 14.64633278337055 ], [ 121.007409445657245, 14.646343884764555 ], [ 121.007465142600225, 14.646496379141254 ], [ 121.007466473353517, 14.646499619617575 ], [ 121.007468057494876, 14.646502750202066 ], [ 121.00752238567641, 14.646600391191473 ], [ 121.00752995764708, 14.646615671732635 ], [ 121.007536024515616, 14.646631576245303 ], [ 121.007540532816165, 14.646647964567777 ], [ 121.007543442818047, 14.646664692274651 ], [ 121.007544728875928, 14.646681611949587 ], [ 121.007544379655727, 14.646698574484457 ], [ 121.00754239823469, 14.646715430393392 ], [ 121.007538802074123, 14.646732031130142 ], [ 121.007533622865623, 14.646748230397192 ], [ 121.007515515228789, 14.646796718514173 ], [ 121.007508642984476, 14.646812692402108 ], [ 121.007500231869216, 14.646827952516912 ], [ 121.007490359120808, 14.646842358727147 ], [ 121.007479115399036, 14.646855778742658 ], [ 121.007392631026576, 14.646949454929906 ], [ 121.007389932233849, 14.646952663631376 ], [ 121.007387547867339, 14.646956100313945 ], [ 121.007335902146878, 14.647038473221183 ], [ 121.007325636029734, 14.647053169887512 ], [ 121.007313936838841, 14.647066813709166 ], [ 121.007300917723498, 14.647079272729009 ], [ 121.007286704598826, 14.647090426448797 ], [ 121.007271434927901, 14.647100166994566 ], [ 121.007146548785414, 14.64717154357886 ], [ 121.007142330057718, 14.647174268639946 ], [ 121.007138823095787, 14.647177823690376 ], [ 121.006986631117584, 14.647350120512057 ], [ 121.006983907272414, 14.647353521499792 ], [ 121.00698189996622, 14.647357365997959 ], [ 121.006927781337339, 14.647474626985526 ], [ 121.006925907955605, 14.647478987803792 ], [ 121.006892686953947, 14.647562382949861 ], [ 121.006890735923704, 14.647567782044597 ], [ 121.006823036537085, 14.647775969658328 ], [ 121.00682186475025, 14.647780318416848 ], [ 121.006821604772782, 14.647784807200855 ], [ 121.00682007961241, 14.64802158851443 ], [ 121.006819678500733, 14.648032383489815 ], [ 121.006814020477691, 14.648115663449405 ], [ 121.006811908266812, 14.64813339564054 ], [ 121.006808009592177, 14.648150838457283 ], [ 121.006802362489651, 14.648167821723863 ], [ 121.006795022053183, 14.648184179747975 ], [ 121.006786059897266, 14.648199752937231 ], [ 121.006775563458334, 14.648214389356282 ], [ 121.006763635141667, 14.648227946209049 ], [ 121.006640778969086, 14.648354363864266 ], [ 121.006634475146754, 14.648361572532927 ], [ 121.006545420520027, 14.64847495183678 ], [ 121.006538556290138, 14.648485023228565 ], [ 121.006528511193338, 14.648502149976789 ], [ 121.006525506484152, 14.648507714038825 ], [ 121.006375824692128, 14.648809980116587 ], [ 121.00636719077032, 14.648825442188166 ], [ 121.006357053079611, 14.648840013338194 ], [ 121.006345507755611, 14.648853555388317 ], [ 121.00633266428251, 14.648865939919133 ], [ 121.006318644455035, 14.648877049487982 ], [ 121.006303581223207, 14.648886778742691 ], [ 121.006287617431852, 14.648895035420612 ], [ 121.006270904465794, 14.648901741223552 ], [ 121.006253600814389, 14.648906832560341 ], [ 121.006235870568432, 14.64891026114976 ], [ 121.00621788186416, 14.648911994478492 ], [ 121.006194791381162, 14.64891311807504 ], [ 121.006180600601425, 14.648913279771701 ], [ 121.006166438606357, 14.648912385490053 ], [ 121.006083073290725, 14.648903995543177 ], [ 121.006064558202198, 14.648901206750232 ], [ 121.005987139099688, 14.648885615139976 ], [ 121.005967255503862, 14.648880477407893 ], [ 121.005948077936637, 14.64887322913266 ], [ 121.005652188366071, 14.648742593790391 ], [ 121.005647837213914, 14.648740801324566 ], [ 121.005429628468391, 14.648657220091849 ], [ 121.00542537052938, 14.648655824958299 ], [ 121.005422191121809, 14.648659568557116 ], [ 121.005409906461253, 14.648672667196328 ], [ 121.005396362114922, 14.648684530302834 ], [ 121.00538168855087, 14.648695043603254 ], [ 121.00536602711459, 14.648704105826447 ], [ 121.005349528667537, 14.648711629679022 ], [ 121.005332352133806, 14.648717542686192 ], [ 121.005314662969369, 14.64872178788994 ], [ 121.005296631568143, 14.648724324397641 ], [ 121.005278431620823, 14.648725127776006 ], [ 121.005260238441565, 14.648724190286382 ], [ 121.005242227279354, 14.648721520959375 ], [ 121.005224571629867, 14.648717145507799 ], [ 121.005207441564181, 14.648711106078986 ], [ 121.005191002090513, 14.64870346084883 ], [ 121.004994545476436, 14.648600278877192 ], [ 121.004990610292609, 14.648598448384798 ], [ 121.004987990425349, 14.648601843 ], [ 121.004915894908478, 14.648705464331206 ], [ 121.00491339224574, 14.648709501645502 ], [ 121.004911337003207, 14.648713771650641 ], [ 121.004867269369299, 14.648819396065665 ], [ 121.004863855613607, 14.648829137245357 ], [ 121.004741260715818, 14.649257442201874 ], [ 121.004740255012081, 14.649261783185617 ], [ 121.004741507126013, 14.649266062996697 ], [ 121.00480142524485, 14.649437817265021 ], [ 121.004805731623478, 14.649452056961675 ], [ 121.004808823183055, 14.64946659270268 ], [ 121.004846445705354, 14.649689170364198 ], [ 121.00484855405935, 14.64970734002414 ], [ 121.004848765843008, 14.649725624102491 ], [ 121.004847078887849, 14.649743835432204 ], [ 121.004843510462152, 14.649761787590874 ], [ 121.004838097094094, 14.649779296809088 ], [ 121.004800408666625, 14.64988204832002 ], [ 121.004797922232527, 14.649889951963862 ], [ 121.004701179906647, 14.650256622806252 ], [ 121.004694658588804, 14.650276498553188 ], [ 121.004685827730228, 14.650295510046139 ], [ 121.004658809469007, 14.6503457336786 ], [ 121.004576351850602, 14.650499012578788 ], [ 121.004574454912046, 14.650503000891659 ], [ 121.004572966215122, 14.650507150199424 ], [ 121.004566963823549, 14.650526931484178 ], [ 121.004532653889484, 14.650639985904126 ], [ 121.004525130507119, 14.650660244983229 ], [ 121.004515184598674, 14.650679488589029 ], [ 121.004290150915097, 14.651057012818114 ], [ 121.004283205884704, 14.651067773749736 ], [ 121.004088913149317, 14.651346554214896 ], [ 121.004079344437173, 14.651360280892899 ], [ 121.004077061996185, 14.651363915431793 ], [ 121.004075887557491, 14.651368150719591 ], [ 121.004044990952693, 14.651503528226172 ], [ 121.00403871283136, 14.651524792667345 ], [ 121.004029812839534, 14.651545150859791 ], [ 121.00396831946351, 14.651664888603033 ], [ 121.003959969607621, 14.651679430171878 ], [ 121.003950279860362, 14.651693161385817 ], [ 121.003939332559142, 14.651705965565322 ], [ 121.003927220727277, 14.651717733908241 ], [ 121.003914047283686, 14.651728366414309 ], [ 121.003899924168223, 14.651737772734917 ], [ 121.003884971390576, 14.651745872940841 ], [ 121.00386660288666, 14.651754769967773 ], [ 121.003859709995368, 14.651758471807607 ], [ 121.003804017345232, 14.651791456777651 ], [ 121.003781548483872, 14.651802798186214 ], [ 121.003712565995045, 14.651831994494037 ], [ 121.003708596460697, 14.651833902140908 ], [ 121.003706354960471, 14.651837618650585 ], [ 121.003670149662028, 14.651904913912336 ], [ 121.003668149750951, 14.651909153452886 ], [ 121.003667091584688, 14.65191370356137 ], [ 121.003650244740228, 14.652008858097911 ], [ 121.00364970535226, 14.652013102282288 ], [ 121.003650000500627, 14.652017369166536 ], [ 121.003659966522903, 14.652101493919746 ], [ 121.003660804638244, 14.652106274676312 ], [ 121.003663168234638, 14.652110543883126 ], [ 121.003698913293391, 14.652167485607761 ], [ 121.003701220519318, 14.652170816883137 ], [ 121.003704099257959, 14.652173695785406 ], [ 121.003787319197968, 14.652249802819087 ], [ 121.003800460881905, 14.652263115323038 ], [ 121.003812138818049, 14.652277663803579 ], [ 121.00382223111373, 14.652293296406175 ], [ 121.003830632426897, 14.652309849960332 ], [ 121.003837255065633, 14.65232715168281 ], [ 121.003904342545994, 14.652534174111892 ], [ 121.004048272623407, 14.65296563675486 ], [ 121.004053621033179, 14.652985416950848 ], [ 121.004056639458213, 14.653005658843506 ], [ 121.004087808733672, 14.653351375625531 ], [ 121.004088126521154, 14.653354338706299 ], [ 121.004110272652582, 14.653532364322468 ], [ 121.004110997680158, 14.653537126005435 ], [ 121.00413675042175, 14.653679920524381 ], [ 121.004138846659231, 14.653695486856083 ], [ 121.004139547364687, 14.65371117157318 ], [ 121.004139551495498, 14.653931196407402 ], [ 121.004137993151616, 14.65395456809757 ], [ 121.004124275262257, 14.65405698889351 ], [ 121.004121277787505, 14.654073414035258 ], [ 121.004116737429186, 14.654089500111025 ], [ 121.004110692873638, 14.654105110057394 ], [ 121.004103195624012, 14.654120110867805 ], [ 121.00409430956131, 14.654134374725933 ], [ 121.004084110400129, 14.654147780094698 ], [ 121.004058945879066, 14.654177847882996 ], [ 121.0040471754685, 14.654190621907894 ], [ 121.004034213650655, 14.654202251455446 ], [ 121.004020177293739, 14.6542126316696 ], [ 121.004005192954295, 14.654221668958732 ], [ 121.00381681108837, 14.654323567182884 ], [ 121.00380405087013, 14.654329855734357 ], [ 121.003790831243109, 14.654335169209665 ], [ 121.003638277325933, 14.654389889841902 ], [ 121.003598748902547, 14.654404066210759 ], [ 121.003594437068941, 14.654405862752249 ], [ 121.003591988615128, 14.654409757302854 ], [ 121.003565500135409, 14.65445720849992 ], [ 121.003411896817298, 14.654732380985946 ], [ 121.003410197218699, 14.654735753489174 ], [ 121.003408791910246, 14.654739252040432 ], [ 121.003373523621136, 14.654839135361183 ], [ 121.003364010129957, 14.654861203802046 ], [ 121.003304133247923, 14.654977796764083 ], [ 121.00329597696053, 14.654992034579266 ], [ 121.003286536007522, 14.655005498903392 ], [ 121.003275887209625, 14.655018080177555 ], [ 121.003264117215636, 14.655029676028196 ], [ 121.003251321797663, 14.655040192100126 ], [ 121.003237605071675, 14.655049542824267 ], [ 121.003188083521451, 14.655080157212133 ], [ 121.003165291367822, 14.65509423977857 ], [ 121.003052586294359, 14.655163912354315 ], [ 121.003049144724528, 14.655166263032623 ], [ 121.003047844561891, 14.655170155336194 ], [ 121.003012789755573, 14.655294253926872 ], [ 121.003007771897956, 14.655309381220592 ], [ 121.003001408064392, 14.655324020710783 ], [ 121.002973588008913, 14.655380908739108 ], [ 121.002971829907963, 14.655385016440309 ], [ 121.002970936845784, 14.655389380719621 ], [ 121.002957464048805, 14.655477901516887 ], [ 121.002957047463639, 14.655481808593477 ], [ 121.002957334699587, 14.655485726697238 ], [ 121.002967376016727, 14.65557041678915 ], [ 121.002968971701861, 14.655579645792612 ], [ 121.002981592417783, 14.655634953713683 ], [ 121.002982902923691, 14.655639532923681 ], [ 121.002985621330339, 14.655643481691504 ], [ 121.003012779313707, 14.655678729259593 ], [ 121.003016026357841, 14.655682495887536 ], [ 121.003019676050627, 14.655685895210059 ], [ 121.003189988043019, 14.655828015340193 ], [ 121.003202223350527, 14.655839198014988 ], [ 121.003304201133787, 14.655941228801179 ], [ 121.003315844127357, 14.655954038518749 ], [ 121.003326191076681, 14.655967862482154 ], [ 121.003335149297101, 14.65598257686116 ], [ 121.003342638543671, 14.655998049849472 ], [ 121.003380625712595, 14.65608725259518 ], [ 121.003386999792539, 14.656104696819554 ], [ 121.003391507175252, 14.656122684416156 ], [ 121.003394100552285, 14.656141026593362 ], [ 121.003400816917974, 14.656217277347295 ], [ 121.00340139633667, 14.656238632011251 ], [ 121.003399383550217, 14.656259904057251 ], [ 121.003386019226312, 14.656345416348872 ], [ 121.003382575795044, 14.656362114388095 ], [ 121.003377533135421, 14.656378422710576 ], [ 121.003370936029626, 14.656394196486414 ], [ 121.003362843064579, 14.656409295632853 ], [ 121.003353326111466, 14.656423586058336 ], [ 121.003342469687638, 14.656436940853295 ], [ 121.003330370206001, 14.656449241417274 ], [ 121.003317135118763, 14.65646037851214 ], [ 121.003302881963222, 14.65647025323222 ], [ 121.00322959103616, 14.656516124223344 ], [ 121.003226054497958, 14.656518578281103 ], [ 121.003225666187092, 14.656522789459139 ], [ 121.003222355413669, 14.656600149460806 ], [ 121.003222387390409, 14.656604510413851 ], [ 121.003224120964745, 14.656608531658062 ], [ 121.003260991812056, 14.656683576828376 ], [ 121.003262843144967, 14.656686965561391 ], [ 121.003265258714165, 14.656689998973356 ], [ 121.003300057070831, 14.6567300464346 ], [ 121.00330338516936, 14.656733489955332 ], [ 121.003307649983498, 14.656735751932741 ], [ 121.003386256017507, 14.656772342059462 ], [ 121.003389729420107, 14.656773874342344 ], [ 121.003452208638649, 14.656799944211039 ], [ 121.003465092915832, 14.656805900652788 ], [ 121.003477469420702, 14.656812802584607 ], [ 121.003520656402799, 14.656839081572537 ], [ 121.003524389157121, 14.656841125455408 ], [ 121.003528299978001, 14.65684282469328 ], [ 121.003549461292607, 14.656850898178662 ], [ 121.003567327481321, 14.656858798991601 ], [ 121.003584237196563, 14.656868491748341 ], [ 121.003600001488394, 14.656879868141688 ], [ 121.00361444420578, 14.656892801051422 ], [ 121.003627403964941, 14.656907145964709 ], [ 121.003633684856183, 14.656914887669981 ], [ 121.003636716735642, 14.656918260113162 ], [ 121.003641181051805, 14.656919353657351 ], [ 121.003643638062258, 14.656919828703909 ], [ 121.003660516010882, 14.656923900277556 ], [ 121.003676928605188, 14.656929491455926 ], [ 121.003692731840516, 14.656936553181879 ], [ 121.003707787058644, 14.656945023495643 ], [ 121.003721962164491, 14.656954828078428 ], [ 121.003735132785039, 14.656965880904533 ], [ 121.003747183360616, 14.656978084996069 ], [ 121.003758166196533, 14.65699030508822 ], [ 121.003769361358181, 14.657004054803936 ], [ 121.003779134258096, 14.657018796603825 ], [ 121.003787392784602, 14.657034391543743 ], [ 121.003794059099235, 14.657050692638521 ], [ 121.003819129079645, 14.657121870667131 ], [ 121.003825102917247, 14.65714288735783 ], [ 121.003828433260324, 14.657164451527771 ], [ 121.003831745101863, 14.657200636538866 ], [ 121.003832468555061, 14.657218469531928 ], [ 121.00383138183787, 14.657236285041584 ], [ 121.003828495547211, 14.657253909335854 ], [ 121.003823837829046, 14.657271170547425 ], [ 121.003817454103753, 14.657287900349621 ], [ 121.003809406623361, 14.657303935597898 ], [ 121.003799773864387, 14.657319119920793 ], [ 121.00378864976274, 14.657333305244794 ], [ 121.003776142797435, 14.657346353238381 ], [ 121.003762374932961, 14.657358136660928 ], [ 121.003747480429794, 14.657368540603587 ], [ 121.003731604535204, 14.657377463609837 ], [ 121.003714902066719, 14.657384818664839 ], [ 121.003697535902489, 14.65739053404404 ], [ 121.003679675392917, 14.657394554012571 ], [ 121.003661494709121, 14.657396839368774 ], [ 121.003643171144489, 14.657397367826494 ], [ 120.999091910984703, 14.657309665766215 ], [ 120.99908757384388, 14.657309788927231 ] ] ] } }
]
}
