,name_original,address,address_clean,barangay,district,major_division,sub_division,category,source_reference,open_hours,close_hours,longitude,latitude,frequency_mon_fri,frequency_saturday,frequency_sunday,bus_route,data_source
5,135-99 (Alma Nova),135-99 Sauyo Rd.,"135-99 Sauyo Road, Quezon City, Philippines",Sauyo,6,Childcare,Public,Child development center,"Data_QC Caring Cities Tracker, QC Administrative Data - Child",#N/A,#N/A,#N/A,#N/A,#N/A,#N/A,#N/A,#N/A,Administrative data
8,3haus learning hub and events corporation,"no. 84, ., dona hemady st. corner e. rodriguez avenue, mariana, quezon city, ncr, 1112","84, ., dona hemady Street corner e. rodriguez avenue, mariana, quezon city, ncr, 1112, Philippines",Mariana,4,Childcare,Private,Child learning center,"QC Future Ready dashboard, Childcare",10:00AM,7:00PM,121.0317448,14.6237652,#N/A,#N/A,#N/A,#N/A,Administrative data
10,a.c.e learning-bridge behavioral training and development services,"no. 70, 20th avenue, san roque, quezon city, ncr, 1109","70, 20th avenue, san roque, quezon city, ncr, 1109, Philippines",San Roque,3,Childcare,Private,Child learning center,"QC Future Ready dashboard, Childcare",8:00AM,3:00PM,121.0645985,14.6179185,#N/A,#N/A,#N/A,#N/A,Administrative data
24,aces aba intervention learning and assessment center,"blk 50, lot 45, noche buena cor. pabasa st., greater lagro, quezon city, ncr, 1100","blk 50, lot 45, noche buena corner pabasa Street, greater lagro, quezon city, ncr, 1100, Philippines",Greater Lagro,5,Childcare,Private,Child learning center,"QC Future Ready dashboard, Childcare",8:00AM,5:00PM,121.0646808,14.7266983,#N/A,#N/A,#N/A,#N/A,Administrative data
35,Aguardiente,"1st floor Barangay Sta Monica Daycare Center Building, Pugong Ginto St., Aguardiente, Brgy. Sta Monica","1st floor Barangay Sta Monica Daycare Center Building, Pugong Ginto Street, Aguardiente, Barangay Sta Monica, Quezon City, Philippines",Sta. Monica,5,Childcare,Public,Child development center,"Data_QC Caring Cities Tracker, QC Administrative Data - Child",#N/A,#N/A,121.0462667,14.7155688,#N/A,#N/A,#N/A,#N/A,Administrative data
40,Alicia,#2 Batangas St.,"2 Batangas Street, Quezon City, Philippines",Alicia,1,Childcare,Public,Child development center,"Data_QC Caring Cities Tracker, QC Administrative Data - Child",#N/A,#N/A,#N/A,#N/A,#N/A,#N/A,#N/A,#N/A,Administrative data
50,Amihan,"Bgy. Hall, Palosapis St., Brgy. Amihan Quezon City","Barangay Hall, Palosapis Street, Barangay Amihan Quezon City, Philippines",Amihan,3,Childcare,Public,Child development center,"Data_QC Caring Cities Tracker, QC Administrative Data - Child",#N/A,#N/A,#N/A,#N/A,#N/A,#N/A,#N/A,#N/A,Administrative data
51,Amorsolo,"Barangay Hall Compd., Pook Amorsolo Brgy. UP Campus","Barangay Hall Compd., Pook Amorsolo Barangay UP Campus, Quezon City, Philippines",U. P. Campus,4,Childcare,Public,Child development center,"Data_QC Caring Cities Tracker, QC Administrative Data - Child",#N/A,#N/A,121.0656658,14.6474942,#N/A,#N/A,#N/A,#N/A,Administrative data
52,Amorsolo II,"Barangay Hall Compd., Pook Amorsolo Brgy. UP Campus","Barangay Hall Compd., Pook Amorsolo Barangay UP Campus, Quezon City, Philippines",U. P. Campus,4,Childcare,Public,Child development center,"Data_QC Caring Cities Tracker, QC Administrative Data - Child",#N/A,#N/A,121.065374,14.6459479,#N/A,#N/A,#N/A,#N/A,Administrative data
54,Angela,"2nd flr. Vargas Hall, Marcos St., Doña Faustina","2nd Floor Vargas Hall, Marcos Street, Doña Faustina, Quezon City, Philippines",San Bartolome,5,Childcare,Public,Child development center,"Data_QC Caring Cities Tracker, QC Administrative Data - Child",#N/A,#N/A,#N/A,#N/A,#N/A,#N/A,#N/A,#N/A,Administrative data
61,Apo Ville,"Multi-Purpose Hall Delta Vill. Ext., Tandang Sora","Multi-Purpose Hall Delta Village Extension, Tandang Sora, Quezon City, Philippines",Tandang Sora,6,Childcare,Public,Child development center,"Data_QC Caring Cities Tracker, QC Administrative Data - Child",#N/A,#N/A,121.0381909,14.686686,#N/A,#N/A,#N/A,#N/A,Administrative data
62,Apolonio Samson,"Kaingin Rd., Bgy. Hall Apolonio Samson","Kaingin Road, Barangay Hall Apolonio Samson, Quezon City, Philippines",Apolonio Samson,6,Childcare,Public,Child development center,"Data_QC Caring Cities Tracker, QC Administrative Data - Child",#N/A,#N/A,121.0116936,14.6553282,#N/A,#N/A,#N/A,#N/A,Administrative data
63,Apolonio Samson Annex,Bgy. Apolonio Samson,"Barangay Apolonio Samson, Quezon City, Philippines",Apolonio Samson,6,Childcare,Public,Child development center,"Data_QC Caring Cities Tracker, QC Administrative Data - Child",#N/A,#N/A,121.0116936,14.6553282,#N/A,#N/A,#N/A,#N/A,Administrative data
70,Area 3 Sitio Talanay,"Lot 16 Block 26 Ground Floor, Precious Complex, Area 3 Sitio Talanay, Brgy. Batasan Hills","Lot 16 Block 26 Ground Floor, Precious Complex, Area 3 Sitio Talanay, Barangay Batasan Hills, Quezon City, Philippines",Batasan Hills,2,Childcare,Public,Child development center,"Data_QC Caring Cities Tracker, QC Administrative Data - Child",#N/A,#N/A,121.099086,14.683621,#N/A,#N/A,#N/A,#N/A,Administrative data
71,Area 5,"Lot 1 Block 18, Baesang Pass St., Area 5, Sitio Veterans, Brgy. Bagong Silangan","Lot 1 Block 18, Baesang Pass Street, Area 5, Sitio Veterans, Barangay Bagong Silangan, Quezon City, Philippines",Bagong Silangan,2,Childcare,Public,Child development center,"Data_QC Caring Cities Tracker, QC Administrative Data - Child",#N/A,#N/A,121.109457,14.7043112,#N/A,#N/A,#N/A,#N/A,Administrative data
72,Area I Luzon,"Mafran Area I, Brgy. Matandang Balara","Mafran Area I, Barangay Matandang Balara, Quezon City, Philippines",Matandang Balara,3,Childcare,Public,Child development center,"Data_QC Caring Cities Tracker, QC Administrative Data - Child",#N/A,#N/A,121.0743781,14.6717796,#N/A,#N/A,#N/A,#N/A,Administrative data
73,Area VA,"Area 5 Luzon near INC Church, Brgy. Matandang Balara","Area 5 Luzon near INC Church, Barangay Matandang Balara, Quezon City, Philippines",Matandang Balara,3,Childcare,Public,Child development center,"Data_QC Caring Cities Tracker, QC Administrative Data - Child",#N/A,#N/A,121.0700149,14.6714426,#N/A,#N/A,#N/A,#N/A,Administrative data
74,Area VB,"2nd floor, Old Balara, Area 5 Luzon, Brgy. Matandang Balara","2nd floor, Old Balara, Area 5 Luzon, Barangay Matandang Balara, Quezon City, Philippines",Matandang Balara,3,Childcare,Public,Child development center,"Data_QC Caring Cities Tracker, QC Administrative Data - Child",#N/A,#N/A,121.0764152,14.6727334,#N/A,#N/A,#N/A,#N/A,Administrative data
75,Asamba,Asamba Compound Sitio Compound,"Asamba Compound Sitio Compound, Quezon City, Philippines",Baesa,6,Childcare,Public,Child development center,"Data_QC Caring Cities Tracker, QC Administrative Data - Child",#N/A,#N/A,121.0164817,14.665528,#N/A,#N/A,#N/A,#N/A,Administrative data
79,Asprer,"Area 6, Bgy. Bagong Silangan, Brgy. Bagong Silangan","Area 6, Barangay Bagong Silangan, Barangay Bagong Silangan, Quezon City, Philippines",Bagong Silangan,2,Childcare,Public,Child development center,"Data_QC Caring Cities Tracker, QC Administrative Data - Child",#N/A,#N/A,121.109457,14.7043112,#N/A,#N/A,#N/A,#N/A,Administrative data
94,Avon,"13-A Avon St., North Fairview Subd., Brgy. North Fairview","13-A Avon Street, North Fairview Subdivision, Barangay North Fairview, Quezon City, Philippines",North Fairview,5,Childcare,Public,Child development center,"Data_QC Caring Cities Tracker, QC Administrative Data - Child",#N/A,#N/A,121.0650054,14.7085248,#N/A,#N/A,#N/A,#N/A,Administrative data
95,Azucena,"Azucena St., Brgy. Payatas","Azucena Street, Barangay Payatas, Quezon City, Philippines",Payatas,2,Childcare,Public,Child development center,"Data_QC Caring Cities Tracker, QC Administrative Data - Child",#N/A,#N/A,121.0965389,14.6975114,#N/A,#N/A,#N/A,#N/A,Administrative data
100,Bagong Pag-asa,Road 9 cor. Road 11,"Road 9 corner Road 11, Quezon City, Philippines",Bagong Pag-asa,1,Childcare,Public,Child development center,"Data_QC Caring Cities Tracker, QC Administrative Data - Child",#N/A,#N/A,121.0330565,14.6623978,#N/A,#N/A,#N/A,#N/A,Administrative data
102,Bagong Silangan,"Lot 1, Block 18, Bonifacio St., corner Geronimo St. (beside Brgy. Hall), Brgy. Bagong Silangan","Lot 1, Block 18, Bonifacio Street, corner Geronimo Street (beside Barangay Hall), Barangay Bagong Silangan, Quezon City, Philippines",Bagong Silangan,2,Childcare,Public,Child development center,"Data_QC Caring Cities Tracker, QC Administrative Data - Child",#N/A,#N/A,121.1089077,14.6987841,#N/A,#N/A,#N/A,#N/A,Administrative data
105,Bagumbayan,"75 San Roque St., Brgy. Bagumbayan","75 San Roque Street, Barangay Bagumbayan, Quezon City, Philippines",Bagumbayan,3,Childcare,Public,Child development center,"Data_QC Caring Cities Tracker, QC Administrative Data - Child",#N/A,#N/A,121.0816346,14.6095625,#N/A,#N/A,#N/A,#N/A,Administrative data
107,Bagumbuhay,"Plaza Malvar, Malvar St., Brgy. Bagumbuhay","Plaza Malvar, Malvar Street, Barangay Bagumbuhay, Quezon City, Philippines",Bagumbuhay,3,Childcare,Public,Child development center,"Data_QC Caring Cities Tracker, QC Administrative Data - Child",#N/A,#N/A,121.0643433,14.6255458,#N/A,#N/A,#N/A,#N/A,Administrative data
108,Bahay Bulilit,4 Misamis Ext. RSCC Compound,"4 Misamis Extension RSCC Compound, Quezon City, Philippines",Sto. Cristo,1,Childcare,Public,Child development center,"Data_QC Caring Cities Tracker, QC Administrative Data - Child",#N/A,#N/A,121.0282229,14.6600273,#N/A,#N/A,#N/A,#N/A,Administrative data
109,Bahay Bulilit,"Bgy.Hall Compound, Villa Beatriz, Brgy. Matandang Balara","BarangayHall Compound, Villa Beatriz, Barangay Matandang Balara, Quezon City, Philippines",Matandang Balara,3,Childcare,Public,Child development center,"Data_QC Caring Cities Tracker, QC Administrative Data - Child",#N/A,#N/A,121.0745689,14.6715561,#N/A,#N/A,#N/A,#N/A,Administrative data
110,Bahay Pangarap,"48 Bulacan St., near brgy. hall, Brgy. Payatas","48 Bulacan Street, near Barangay hall, Barangay Payatas, Quezon City, Philippines",Payatas,2,Childcare,Public,Child development center,"Data_QC Caring Cities Tracker, QC Administrative Data - Child",#N/A,#N/A,121.1014905,14.7162214,#N/A,#N/A,#N/A,#N/A,Administrative data
111,Bakas,"052A Bakas Compound, Brgy. Bagong Silangan","052A Bakas Compound, Barangay Bagong Silangan, Quezon City, Philippines",Bagong Silangan,2,Childcare,Public,Child development center,"Data_QC Caring Cities Tracker, QC Administrative Data - Child",#N/A,#N/A,121.1091566,14.69341,#N/A,#N/A,#N/A,#N/A,Administrative data
112,Balagtas,25 Balagtas St. cor. M. Aquino St. Brgy. Sta. Lucia,"25 Balagtas Street corner M. Aquino Street Barangay Sta. Lucia, Quezon City, Philippines",Sta. Lucia,5,Childcare,Public,Child development center,"Data_QC Caring Cities Tracker, QC Administrative Data - Child",#N/A,#N/A,121.0496824,14.7063085,#N/A,#N/A,#N/A,#N/A,Administrative data
120,Balon Bato,11 E Maximina Drive beside Brgy. Hall,"11 E Maximina Drive beside Barangay Hall, Quezon City, Philippines",Balong-bato,6,Childcare,Public,Child development center,"Data_QC Caring Cities Tracker, QC Administrative Data - Child",#N/A,#N/A,#N/A,#N/A,#N/A,#N/A,#N/A,#N/A,Administrative data
122,Baluyot,5 Baluyot I,"5 Baluyot I, Quezon City, Philippines",Sauyo,6,Childcare,Public,Child development center,"Data_QC Caring Cities Tracker, QC Administrative Data - Child",#N/A,#N/A,#N/A,#N/A,#N/A,#N/A,#N/A,#N/A,Administrative data
123,Banaba,"Banaba St., Brgy. Payatas","Banaba Street, Barangay Payatas, Quezon City, Philippines",Payatas,2,Childcare,Public,Child development center,"Data_QC Caring Cities Tracker, QC Administrative Data - Child",#N/A,#N/A,121.1108895,14.7183298,#N/A,#N/A,#N/A,#N/A,Administrative data
124,Barangay Complex,"Don Faustino St., (inside Barangay Hall compound) Brgy. Holy Spirit","Don Faustino Street, (inside Barangay Hall compound) Barangay Holy Spirit, Quezon City, Philippines",Holy Spirit,2,Childcare,Public,Child development center,"Data_QC Caring Cities Tracker, QC Administrative Data - Child",#N/A,#N/A,121.0772425,14.6823067,#N/A,#N/A,#N/A,#N/A,Administrative data
129,Bayanihan,"321 Pedro Martinez St. Project 4, Brgy. Bayanihan","321 Pedro Martinez Street Project 4, Barangay Bayanihan, Quezon City, Philippines",Bayanihan,3,Childcare,Public,Child development center,"Data_QC Caring Cities Tracker, QC Administrative Data - Child",#N/A,#N/A,121.0692099,14.6147687,#N/A,#N/A,#N/A,#N/A,Administrative data
131,"bebu child care solutions, inc.","3, mt. morrison street, filinvest 1, batasan hills, quezon city, ncr, 1126","3, mt. morrison street, filinvest 1, batasan hills, quezon city, ncr, 1126, Philippines",Batasan Hills,2,Childcare,Private,Child learning center,"QC Future Ready dashboard, Childcare",7:30AM,5:30PM,121.092212,14.6801958,#N/A,#N/A,#N/A,#N/A,Administrative data
151,Bistekville 2,"1st Flr Bistekville II Multi-Purpose Hall Building, Brgy. Kaligayahan","1st Flr Bistekville II Multi-Purpose Hall Building, Barangay Kaligayahan, Quezon City, Philippines",Kaligayahan,5,Childcare,Public,Child development center,"Data_QC Caring Cities Tracker, QC Administrative Data - Child",#N/A,#N/A,121.0432038,14.7324741,#N/A,#N/A,#N/A,#N/A,Administrative data
163,blh play center,"41, mt. mickinley st., filinvest 1 subd., batasan hills, quezon city, ncr, 1126","41, mt. mickinley Street, filinvest 1 Subdivision, batasan hills, quezon city, ncr, 1126, Philippines",Batasan Hills,2,Childcare,Private,Child learning center,"QC Future Ready dashboard, Childcare",9:00AM,11:00AM,121.0889785,14.6805001,#N/A,#N/A,#N/A,#N/A,Administrative data
175,Bonifacio,"2/F BPSO Building, Brgy. Hall Compound, A. Bonifacio St. Brgy. Sta. Lucia Ave.","2/F BPSO Building, Barangay Hall Compound, A. Bonifacio Street Barangay Sta. Lucia Avenue, Quezon City, Philippines",Sta. Lucia,5,Childcare,Public,Child development center,"Data_QC Caring Cities Tracker, QC Administrative Data - Child",#N/A,#N/A,121.0532934,14.7065534,#N/A,#N/A,#N/A,#N/A,Administrative data
177,Botanical,128 Orchid St. Brgy. Central,"128 Orchid Street Barangay Central, Quezon City, Philippines",Central,4,Childcare,Public,Child development center,"Data_QC Caring Cities Tracker, QC Administrative Data - Child",#N/A,#N/A,121.0511412,14.6426348,#N/A,#N/A,#N/A,#N/A,Administrative data
178,Botocan,"Brgy. Botocan Brgy. Hall, Makadios St.","Barangay Botocan Barangay Hall, Makadios Street, Quezon City, Philippines",Botocan,4,Childcare,Public,Child development center,"Data_QC Caring Cities Tracker, QC Administrative Data - Child",#N/A,#N/A,121.062907,14.6368521,#N/A,#N/A,#N/A,#N/A,Administrative data
192,"bridges foundation, inc.","22, sct. limbaga, laging handa, quezon city, davao oriental, 1103","22, sct. limbaga, laging handa, quezon city, davao oriental, 1103, Philippines",Laging Handa,4,Childcare,Private,Child learning center,"QC Future Ready dashboard, Childcare",8:00AM,4:00PM,121.0320766,14.6329366,#N/A,#N/A,#N/A,#N/A,Administrative data
208,Bukal ng Pag-asa,"21 Florencia West SFDM
Multipurpose Hall","21 Florencia West SFDM
Multipurpose Hall, Quezon City, Philippines",Del Monte,1,Childcare,Public,Child development center,"Data_QC Caring Cities Tracker, QC Administrative Data - Child",#N/A,#N/A,121.0137002,14.6418322,#N/A,#N/A,#N/A,#N/A,Administrative data
210,Bungad I,Sanches St. cor. Supnet St.,"Sanches Street corner Supnet Street, Quezon City, Philippines",Bungad,1,Childcare,Public,Child development center,"Data_QC Caring Cities Tracker, QC Administrative Data - Child",#N/A,#N/A,121.0244945,14.6508248,#N/A,#N/A,#N/A,#N/A,Administrative data
211,Bungad II,Sanches.St.corner Supnet St.,"Sanches.Streetcorner Supnet Street, Quezon City, Philippines",Bungad,1,Childcare,Public,Child development center,"Data_QC Caring Cities Tracker, QC Administrative Data - Child",#N/A,#N/A,121.0245975,14.6508985,#N/A,#N/A,#N/A,#N/A,Administrative data
214,Calderon,"251 Calderon St., Brgy. Matandang Balara","251 Calderon Street, Barangay Matandang Balara, Quezon City, Philippines",Matandang Balara,3,Childcare,Public,Child development center,"Data_QC Caring Cities Tracker, QC Administrative Data - Child",#N/A,#N/A,121.0769241,14.6684892,#N/A,#N/A,#N/A,#N/A,Administrative data
216,cambridge children's learning & development inc.,"l9 b176, commonwealth ave., north fairview, quezon city, ncr, 1121","l9 b176, commonwealth Avenue, north fairview, quezon city, ncr, 1121, Philippines",Commonwealth,2,Childcare,Private,Child learning center,"QC Future Ready dashboard, Childcare",8:00AM,5:19AM,#N/A,#N/A,#N/A,#N/A,#N/A,#N/A,Administrative data
222,Camp Aguinaldo,"General Lim St., Brgy. Camp Aguinaldo","General Lim Street, Barangay Camp Aguinaldo, Quezon City, Philippines",Camp Aguinaldo,3,Childcare,Public,Child development center,"Data_QC Caring Cities Tracker, QC Administrative Data - Child",#N/A,#N/A,121.0615013,14.6020744,#N/A,#N/A,#N/A,#N/A,Administrative data
226,Campo 2,"Campo 2, Tandang Sora","Campo 2, Tandang Sora, Quezon City, Philippines",Talipapa,6,Childcare,Public,Child development center,"Data_QC Caring Cities Tracker, QC Administrative Data - Child",#N/A,#N/A,121.0236257,14.6805643,#N/A,#N/A,#N/A,#N/A,Administrative data
227,CANO,Blk 5 Lot 1 Sto. Niño Village,"Blk 5 Lot 1 Sto. Niño Village, Quezon City, Philippines",Talipapa,6,Childcare,Public,Child development center,"Data_QC Caring Cities Tracker, QC Administrative Data - Child",#N/A,#N/A,#N/A,#N/A,#N/A,#N/A,#N/A,#N/A,Administrative data
238,Carmel V,"37 Taurus St., Carmel V","37 Taurus Street, Carmel V, Quezon City, Philippines",Tandang Sora,6,Childcare,Public,Child development center,"Data_QC Caring Cities Tracker, QC Administrative Data - Child",#N/A,#N/A,121.0369596,14.6863055,#N/A,#N/A,#N/A,#N/A,Administrative data
242,cascades hiraya school inc.,"#74 unit 6-8 ground floor, creekside square building, tomas morato ave., kristong hari, quezon city, ncr, 1112","74 unit 6-8 ground floor, creekside square building, tomas morato Avenue, kristong hari, quezon city, ncr, 1112, Philippines",Kristong Hari,4,Childcare,Private,Child learning center,"QC Future Ready dashboard, Childcare",8:00AM,5:00AM,121.0335014,14.625775,#N/A,#N/A,#N/A,#N/A,Administrative data
254,Cenacle Drive,"5A Cenacle Drive, Sitio Mabilog","5A Cenacle Drive, Sitio Mabilog, Quezon City, Philippines",Culiat,6,Childcare,Public,Child development center,"Data_QC Caring Cities Tracker, QC Administrative Data - Child",#N/A,#N/A,121.0480931,14.6658433,#N/A,#N/A,#N/A,#N/A,Administrative data
256,Centerville,Philand back of basketball court,"Philand back of basketball court, Quezon City, Philippines",Pasong Tamo,6,Childcare,Public,Child development center,"Data_QC Caring Cities Tracker, QC Administrative Data - Child",#N/A,#N/A,121.0494955,14.675465,#N/A,#N/A,#N/A,#N/A,Administrative data
262,Chamberette Doña Imelda,Chamberette Building Guirayan St. Brgy. Doña Imelda,"Chamberette Building Guirayan Street Barangay Doña Imelda, Quezon City, Philippines",Doña Imelda,4,Childcare,Public,Child development center,"Data_QC Caring Cities Tracker, QC Administrative Data - Child",#N/A,#N/A,121.0178547,14.611534,#N/A,#N/A,#N/A,#N/A,Administrative data
263,Champaca,"Barangay Hall Building, Sampaguita St., Area 5","Barangay Hall Building, Sampaguita Street, Area 5, Quezon City, Philippines",Capri,5,Childcare,Public,Child development center,"Data_QC Caring Cities Tracker, QC Administrative Data - Child",#N/A,#N/A,#N/A,#N/A,#N/A,#N/A,#N/A,#N/A,Administrative data
272,childs kingdom of learning in q.c. inc.,"roque comp, 38 npc village , tandang sora, quezon city, ncr, 1116","roque comp, 38 npc village , tandang sora, quezon city, ncr, 1116, Philippines",Tandang Sora,6,Childcare,Private,Child learning center,"QC Future Ready dashboard, Childcare",8:00AM,5:00PM,121.0469817,14.69034,#N/A,#N/A,#N/A,#N/A,Administrative data
296,Claro,"20 Almon St., Brgy. Claro","20 Almon Street, Barangay Claro, Quezon City, Philippines",Claro (Quirino 3-B),3,Childcare,Public,Child development center,"Data_QC Caring Cities Tracker, QC Administrative Data - Child",#N/A,#N/A,121.065153,14.632474,#N/A,#N/A,#N/A,#N/A,Administrative data
338,Covenant,"David St., Covenant Village, Brgy. Bagong Silangan","David Street, Covenant Village, Barangay Bagong Silangan, Quezon City, Philippines",Bagong Silangan,2,Childcare,Public,Child development center,"Data_QC Caring Cities Tracker, QC Administrative Data - Child",#N/A,#N/A,121.1095014,14.7022275,#N/A,#N/A,#N/A,#N/A,Administrative data
346,creative circle child development house inc.,"blk. 27 lot 17, salawikain st., greater lagro, quezon city, ncr","blk. 27 lot 17, salawikain Street, greater lagro, quezon city, ncr, Philippines",Greater Lagro,5,Childcare,Private,Day care center,"QC Future Ready dashboard, Childcare",8:00AM,5:00PM,121.0676357,14.722345,#N/A,#N/A,#N/A,#N/A,Administrative data
355,cubbie play and learning center,"unit 201, redgold building, 1840 e.rodriguez sr. ave., immaculate concepcion, quezon city, ncr, 1111","unit 201, redgold building, 1840 e.rodriguez sr. Avenue, immaculate concepcion, quezon city, ncr, 1111, Philippines",Immaculate Concepcion,4,Childcare,Private,Child learning center,"QC Future Ready dashboard, Childcare",8:00AM,5:00PM,121.0455672,14.6227351,#N/A,#N/A,#N/A,#N/A,Administrative data
361,Daan Tubo,"Area II, across Dela Estrada Church, Brgy. Loyola Heights","Area II, across Dela Estrada Church, Barangay Loyola Heights, Quezon City, Philippines",Loyola Heights,3,Childcare,Public,Child development center,"Data_QC Caring Cities Tracker, QC Administrative Data - Child",#N/A,#N/A,#N/A,#N/A,#N/A,#N/A,#N/A,#N/A,Administrative data
365,Damayan,30 San Vicente St.,"30 San Vicente Street, Quezon City, Philippines",Damayan,1,Childcare,Public,Child development center,"Data_QC Caring Cities Tracker, QC Administrative Data - Child",#N/A,#N/A,121.0150506,14.6395624,#N/A,#N/A,#N/A,#N/A,Administrative data
366,Damayang Lagi,Block 4 (Chapel) E. Rodriguez Sr. Ave. Brgy. Damayang Lagi,"Block 4 (Chapel) E. Rodriguez Sr. Avenue Barangay Damayang Lagi, Quezon City, Philippines",Damayang Lagi,4,Childcare,Public,Child development center,"Data_QC Caring Cities Tracker, QC Administrative Data - Child",#N/A,#N/A,#N/A,#N/A,#N/A,#N/A,#N/A,#N/A,Administrative data
368,De Gloria,"De Gloria Taniman Ext. Talanay Area, Brgy. Batasan Hills","De Gloria Taniman Extension Talanay Area, Barangay Batasan Hills, Quezon City, Philippines",Batasan Hills,2,Childcare,Public,Child development center,"Data_QC Caring Cities Tracker, QC Administrative Data - Child",#N/A,#N/A,121.0969607,14.6817503,#N/A,#N/A,#N/A,#N/A,Administrative data
369,de paul payatas day care center inc.,"phase 1 purok 3, lupang pangako, payatas, quezon city, ncr, 1119","phase 1 purok 3, lupang pangako, payatas, quezon city, ncr, 1119, Philippines",Payatas,2,Childcare,Private,Day care center,"QC Future Ready dashboard, Childcare",8:00AM,5:00PM,121.110013,14.718739,#N/A,#N/A,#N/A,#N/A,Administrative data
375,Del Monte,"21 Florencia West SFDM
Multipurpose Hall","21 Florencia West SFDM
Multipurpose Hall, Quezon City, Philippines",Del Monte,1,Childcare,Public,Child development center,"Data_QC Caring Cities Tracker, QC Administrative Data - Child",#N/A,#N/A,121.0137002,14.6418322,#N/A,#N/A,#N/A,#N/A,Administrative data
376,Del Nacia,Dal Nacia 3 Subd.,"Dal Nacia 3 Subdivision, Quezon City, Philippines",Talipapa,6,Childcare,Public,Child development center,"Data_QC Caring Cities Tracker, QC Administrative Data - Child",#N/A,#N/A,#N/A,#N/A,#N/A,#N/A,#N/A,#N/A,Administrative data
379,diliman educational corporation,"1, don raymundo st., san agustin village, talipapa, quezon city, ncr, 1116","1, don raymundo Street, san agustin village, talipapa, quezon city, ncr, 1116, Philippines",San Agustin,5,Childcare,Private,Child learning center,"QC Future Ready dashboard, Childcare",8:00AM,5:00PM,#N/A,#N/A,#N/A,#N/A,#N/A,#N/A,Administrative data
380,diliman educational corporation,"l43 b4, commonwealth ave, matandang balara, quezon city, ncr, 1119","l43 b4, commonwealth ave, matandang balara, quezon city, ncr, 1119, Philippines",Commonwealth,2,Childcare,Private,Child learning center,"QC Future Ready dashboard, Childcare",8:00AM,5:00PM,#N/A,#N/A,#N/A,#N/A,#N/A,#N/A,Administrative data
389,Dioquino Zobel,"18 Lizardo St. 20th Ave., Brgy. Dioquino Zobel","18 Lizardo Street 20th Avenue, Barangay Dioquino Zobel, Quezon City, Philippines",Dioquino Zobel,3,Childcare,Public,Child development center,"Data_QC Caring Cities Tracker, QC Administrative Data - Child",#N/A,#N/A,121.0646244,14.6195408,#N/A,#N/A,#N/A,#N/A,Administrative data
396,discoveryplayschool day care center,"unit f, doc pau bldg.,, blk 27, lot 26, 73 pontiac st. , fairview, quezon city, ncr, 1118","unit f, doc pau Building, blk 27, lot 26, 73 pontiac Street , fairview, quezon city, ncr, 1118, Philippines",Fairview,5,Childcare,Private,Child learning center,"QC Future Ready dashboard, Childcare",7:30AM,7:00PM,121.0688029,14.7045034,#N/A,#N/A,#N/A,#N/A,Administrative data
414,Don Crispulo,"Bering St. cor Don Crispulo Street, Area V, Brgy. Gulod","Bering Street corner Don Crispulo Street, Area V, Barangay Gulod, Quezon City, Philippines",Gulod,5,Childcare,Public,Child development center,"Data_QC Caring Cities Tracker, QC Administrative Data - Child",#N/A,#N/A,121.0450731,14.7114043,#N/A,#N/A,#N/A,#N/A,Administrative data
415,Don Fabian,"Don Fabian, Brgy. Commonwealth","Don Fabian, Barangay Commonwealth, Quezon City, Philippines",Commonwealth,2,Childcare,Public,Child development center,"Data_QC Caring Cities Tracker, QC Administrative Data - Child",#N/A,#N/A,121.0822901,14.7012751,#N/A,#N/A,#N/A,#N/A,Administrative data
418,Don Manuel,L. Castillo corner Matimyas St. Brgy. Don Manuel,"L. Castillo corner Matimyas Street Barangay Don Manuel, Quezon City, Philippines",Don Manuel,4,Childcare,Public,Child development center,"Data_QC Caring Cities Tracker, QC Administrative Data - Child",#N/A,#N/A,121.0044846,14.6157602,#N/A,#N/A,#N/A,#N/A,Administrative data
420,Doña Aurora,E. Jacinto St. Brgy. Doña Aurora,"E. Jacinto Street Barangay Doña Aurora, Quezon City, Philippines",Doña Aurora,4,Childcare,Public,Child development center,"Data_QC Caring Cities Tracker, QC Administrative Data - Child",#N/A,#N/A,121.010542,14.615035,#N/A,#N/A,#N/A,#N/A,Administrative data
421,Doña Josefa,Brgy. Doña Josefa Brgy. Hall Agno cor. Kitanlad St.,"Barangay Doña Josefa Barangay Hall Agno corner Kitanlad Street, Quezon City, Philippines",Doña Josefa,4,Childcare,Public,Child development center,"Data_QC Caring Cities Tracker, QC Administrative Data - Child",#N/A,#N/A,121.005126,14.6190141,#N/A,#N/A,#N/A,#N/A,Administrative data
424,Doña Rosario,"Ground Floor Multi-purpose Bldg., P. Tupaz St., Doña Rosario, Brgy. Novaliches Proper","Ground Floor Multi-purpose Building, P. Tupaz Street, Doña Rosario, Barangay Novaliches Proper, Quezon City, Philippines",Novaliches Proper,5,Childcare,Public,Child development center,"Data_QC Caring Cities Tracker, QC Administrative Data - Child",#N/A,#N/A,121.0368336,14.7160726,#N/A,#N/A,#N/A,#N/A,Administrative data
431,Dupax I,"Road 44 Dupax St., Bgy. Satellite, Brgy. Matandang Balara","Road 44 Dupax Street, Barangay Satellite, Barangay Matandang Balara, Quezon City, Philippines",Matandang Balara,3,Childcare,Public,Child development center,"Data_QC Caring Cities Tracker, QC Administrative Data - Child",#N/A,#N/A,121.0829482,14.6748634,#N/A,#N/A,#N/A,#N/A,Administrative data
432,Duyan-duyan,"Kamagong St., cor. Kalanatas St., Brgy. Duyan-duyan","Kamagong Street, corner Kalanatas Street, Barangay Duyan-duyan, Quezon City, Philippines",Duyan-duyan,3,Childcare,Public,Child development center,"Data_QC Caring Cities Tracker, QC Administrative Data - Child",#N/A,#N/A,121.0671672,14.6302485,#N/A,#N/A,#N/A,#N/A,Administrative data
433,E. Castillo,"E. Castillo St., Brgy. Commonwealth","E. Castillo Street, Barangay Commonwealth, Quezon City, Philippines",Commonwealth,2,Childcare,Public,Child development center,"Data_QC Caring Cities Tracker, QC Administrative Data - Child",#N/A,#N/A,121.0845298,14.7002232,#N/A,#N/A,#N/A,#N/A,Administrative data
437,E. Rodriguez Sr.,"181 Ermin Garcia St., Cubao, Brgy. E. Rodriguez Sr.","181 Ermin Garcia Street, Cubao, Barangay E. Rodriguez Sr., Quezon City, Philippines",E. Rodriguez,3,Childcare,Public,Child development center,"Data_QC Caring Cities Tracker, QC Administrative Data - Child",#N/A,#N/A,121.0548217,14.6284998,#N/A,#N/A,#N/A,#N/A,Administrative data
443,East Anak Bayan,75 Anakbayan Dulo St.,"75 Anakbayan Dulo Street, Quezon City, Philippines",Paltok,1,Childcare,Public,Child development center,"Data_QC Caring Cities Tracker, QC Administrative Data - Child",#N/A,#N/A,121.0249887,14.6452258,#N/A,#N/A,#N/A,#N/A,Administrative data
444,East Kamias,"65 K 10th St., Brgy. East Kamias","65 K 10th Street, Barangay East Kamias, Quezon City, Philippines",East Kamias,3,Childcare,Public,Child development center,"Data_QC Caring Cities Tracker, QC Administrative Data - Child",#N/A,#N/A,121.0541119,14.6307717,#N/A,#N/A,#N/A,#N/A,Administrative data
460,Empire,"Empire St., Brgy. Payatas","Empire Street, Barangay Payatas, Quezon City, Philippines",Payatas,2,Childcare,Public,Child development center,"Data_QC Caring Cities Tracker, QC Administrative Data - Child",#N/A,#N/A,121.1108895,14.7183298,#N/A,#N/A,#N/A,#N/A,Administrative data
468,Escopa 2,"Mapagmahal St., Barangay Hall, Brgy. Escopa 2","Mapagmahal Street, Barangay Hall, Barangay Escopa 2, Quezon City, Philippines",Escopa 2,3,Childcare,Public,Child development center,"Data_QC Caring Cities Tracker, QC Administrative Data - Child",#N/A,#N/A,#N/A,#N/A,#N/A,#N/A,#N/A,#N/A,Administrative data
469,Escopa 3A,"P. Burgos PUD Site Bliss, Brgy. Hall Compound, Project 4, Brgy. Escopa 3","P. Burgos PUD Site Bliss, Barangay Hall Compound, Project 4, Barangay Escopa 3, Quezon City, Philippines",Escopa 3,3,Childcare,Public,Child development center,"Data_QC Caring Cities Tracker, QC Administrative Data - Child",#N/A,#N/A,121.0723165,14.6277065,#N/A,#N/A,#N/A,#N/A,Administrative data
470,Escopa 3B,"P. Burgos PUD Site Bliss, Brgy. Hall Compound, Project 4, Brgy. Escopa 3","P. Burgos PUD Site Bliss, Barangay Hall Compound, Project 4, Barangay Escopa 3, Quezon City, Philippines",Escopa 4,3,Childcare,Public,Child development center,"Data_QC Caring Cities Tracker, QC Administrative Data - Child",#N/A,#N/A,#N/A,#N/A,#N/A,#N/A,#N/A,#N/A,Administrative data
471,Escopa 4,"Senior Citizen Bldg. Escopa 4 Ibaba, Brgy. Escopa 4","Senior Citizen Building Escopa 4 Ibaba, Barangay Escopa 4, Quezon City, Philippines",Escopa 4,3,Childcare,Public,Child development center,"Data_QC Caring Cities Tracker, QC Administrative Data - Child",#N/A,#N/A,121.0745345,14.6255573,#N/A,#N/A,#N/A,#N/A,Administrative data
483,F. Carlos,F. Carlos St. (near Basketball Court),"F. Carlos Street (near Basketball Court), Quezon City, Philippines",Baesa,6,Childcare,Public,Child development center,"Data_QC Caring Cities Tracker, QC Administrative Data - Child",#N/A,#N/A,121.0126463,14.6627226,#N/A,#N/A,#N/A,#N/A,Administrative data
484,F. Manalo,F. Manalo St. Brgy. Immaculate Concepcion,"F. Manalo Street Barangay Immaculate Concepcion, Quezon City, Philippines",Immaculate Concepcion,4,Childcare,Public,Child development center,"Data_QC Caring Cities Tracker, QC Administrative Data - Child",#N/A,#N/A,121.0484356,14.6221737,#N/A,#N/A,#N/A,#N/A,Administrative data
489,Fairview,"Ground floor Vargas Hall, Barangay Hall Complex, Dahlia St., Brgy. Fairview","Ground floor Vargas Hall, Barangay Hall Complex, Dahlia Street, Barangay Fairview, Quezon City, Philippines",Fairview,5,Childcare,Public,Child development center,"Data_QC Caring Cities Tracker, QC Administrative Data - Child",#N/A,#N/A,#N/A,#N/A,#N/A,#N/A,#N/A,#N/A,Administrative data
495,Feria I,"Ground Flr., Feria CDC, Dao St., Feria Road, Brgy. Matandang Balara","Ground Floor, Feria CDC, Dao Street, Feria Road, Barangay Matandang Balara, Quezon City, Philippines",Matandang Balara,3,Childcare,Public,Child development center,"Data_QC Caring Cities Tracker, QC Administrative Data - Child",#N/A,#N/A,121.0797055,14.671147,#N/A,#N/A,#N/A,#N/A,Administrative data
496,Feria II,"2nd Flr., Feria CDC, Dao St., Feria Rd., Brgy. Matandang Balara","2nd Floor, Feria CDC, Dao Street, Feria Road, Barangay Matandang Balara, Quezon City, Philippines",Matandang Balara,3,Childcare,Public,Child development center,"Data_QC Caring Cities Tracker, QC Administrative Data - Child",#N/A,#N/A,121.0801898,14.6716015,#N/A,#N/A,#N/A,#N/A,Administrative data
498,Filside,"Lot Block 6, Filside Homes, Brgy. Bagong Silangan","Lot Block 6, Filside Homes, Barangay Bagong Silangan, Quezon City, Philippines",Bagong Silangan,2,Childcare,Public,Child development center,"Data_QC Caring Cities Tracker, QC Administrative Data - Child",#N/A,#N/A,121.1118483,14.7015934,#N/A,#N/A,#N/A,#N/A,Administrative data
510,Florentina,"Interior Florentina St. Castro Compound, Brgy. Gulod","Interior Florentina Street Castro Compound, Barangay Gulod, Quezon City, Philippines",Gulod,5,Childcare,Public,Child development center,"Data_QC Caring Cities Tracker, QC Administrative Data - Child",#N/A,#N/A,121.043852,14.7101138,#N/A,#N/A,#N/A,#N/A,Administrative data
515,Forestry,BFD Compound Brgy. Central,"BFD Compound Barangay Central, Quezon City, Philippines",Central,4,Childcare,Public,Child development center,"Data_QC Caring Cities Tracker, QC Administrative Data - Child",#N/A,#N/A,121.0500907,14.6426361,#N/A,#N/A,#N/A,#N/A,Administrative data
520,Freedom Park 3 & 4,"Fortune St., Brgy. Batasan Hills","Fortune Street, Barangay Batasan Hills, Quezon City, Philippines",Batasan Hills,2,Childcare,Public,Child development center,"Data_QC Caring Cities Tracker, QC Administrative Data - Child",#N/A,#N/A,121.0927117,14.6925963,#N/A,#N/A,#N/A,#N/A,Administrative data
521,Freedom Park 5,"Jordan St., Freedom Park 5, Brgy. Batasan Hills","Jordan Street, Freedom Park 5, Barangay Batasan Hills, Quezon City, Philippines",Batasan Hills,2,Childcare,Public,Child development center,"Data_QC Caring Cities Tracker, QC Administrative Data - Child",#N/A,#N/A,121.0913594,14.6931453,#N/A,#N/A,#N/A,#N/A,Administrative data
522,"fremont learning academy, inc.","20, matino, pinyahan, quezon city, ncr, 1100","20, matino, pinyahan, quezon city, ncr, 1100, Philippines",Pinyahan,4,Childcare,Private,Child learning center,"QC Future Ready dashboard, Childcare",7:00AM,6:00PM,#N/A,#N/A,#N/A,#N/A,#N/A,#N/A,Administrative data
548,Gloria V,"Candido St. cor. Sampaguita, Gloria V Subd.","Candido Street corner Sampaguita, Gloria V Subdivision, Quezon City, Philippines",Talipapa,6,Childcare,Public,Child development center,"Data_QC Caring Cities Tracker, QC Administrative Data - Child",#N/A,#N/A,121.0297505,14.684939,#N/A,#N/A,#N/A,#N/A,Administrative data
549,Gold,"Gold St., near Commonwealth Highschool, Brgy. Commonwealth","Gold Street, near Commonwealth Highschool, Barangay Commonwealth, Quezon City, Philippines",Commonwealth,2,Childcare,Public,Child development center,"Data_QC Caring Cities Tracker, QC Administrative Data - Child",#N/A,#N/A,121.0816268,14.6974194,#N/A,#N/A,#N/A,#N/A,Administrative data
550,Golden HOA I,"Ground flr. Golden HOA Livelihood Center Building, Golden HOA Area, Brgy Gulod","Ground Floor Golden HOA Livelihood Center Building, Golden HOA Area, Barangay Gulod, Quezon City, Philippines",Gulod,5,Childcare,Public,Child development center,"Data_QC Caring Cities Tracker, QC Administrative Data - Child",#N/A,#N/A,121.0449541,14.7088342,#N/A,#N/A,#N/A,#N/A,Administrative data
560,Golden Shower,"Golden Shower St., Brgy. Payatas","Golden Shower Street, Barangay Payatas, Quezon City, Philippines",Payatas,2,Childcare,Public,Child development center,"Data_QC Caring Cities Tracker, QC Administrative Data - Child",#N/A,#N/A,121.0913652,14.7135987,#N/A,#N/A,#N/A,#N/A,Administrative data
586,Goodwill Homes 2,"Mark St. cor. Ruth St., Goodwill Homes 2 Subd., Brgy. Bagbag","Mark Street corner Ruth Street, Goodwill Homes 2 Subdivision, Barangay Bagbag, Quezon City, Philippines",Bagbag,5,Childcare,Public,Child development center,"Data_QC Caring Cities Tracker, QC Administrative Data - Child",#N/A,#N/A,121.0302064,14.6965708,#N/A,#N/A,#N/A,#N/A,Administrative data
606,grace gospel church north education foundation inc.,"3rd flr., northridge plaza, annex a,, 12, congressional ave., bahay toro, quezon city, ncr, 1106","3rd Floor, northridge plaza, annex a, 12, congressional Avenue, bahay toro, quezon city, ncr, 1106, Philippines",Bahay Toro,1,Childcare,Private,Child learning center,"QC Future Ready dashboard, Childcare",7:00AM,12:00PM,121.0382591,14.6704093,#N/A,#N/A,#N/A,#N/A,Administrative data
610,Gravel Pit,"St. Paulia St., Gravel Pit, Brgy. Commonwealth","Street Paulia Street, Gravel Pit, Barangay Commonwealth, Quezon City, Philippines",Commonwealth,2,Childcare,Public,Child development center,"Data_QC Caring Cities Tracker, QC Administrative Data - Child",#N/A,#N/A,121.0910716,14.7053732,#N/A,#N/A,#N/A,#N/A,Administrative data
613,Greater Lagro I,"1st floor Greater Largo Daycare Center Building, Ascension Rd., Greater Lagro Subd. Brgy. Greater Lagro","1st floor Greater Largo Daycare Center Building, Ascension Road, Greater Lagro Subdivision Barangay Greater Lagro, Quezon City, Philippines",Greater Lagro,5,Childcare,Public,Child development center,"Data_QC Caring Cities Tracker, QC Administrative Data - Child",#N/A,#N/A,121.0664623,14.7258571,#N/A,#N/A,#N/A,#N/A,Administrative data
614,Greater Lagro II,"2nd floor Greater Largo Daycare Center Building, Ascension Rd., Greater Lagro Subd. Brgy. Greater Lagro","2nd floor Greater Largo Daycare Center Building, Ascension Road, Greater Lagro Subdivision Barangay Greater Lagro, Quezon City, Philippines",Greater Lagro,5,Childcare,Public,Child development center,"Data_QC Caring Cities Tracker, QC Administrative Data - Child",#N/A,#N/A,121.0664623,14.7258571,#N/A,#N/A,#N/A,#N/A,Administrative data
629,headway school for giftedness inc.,"130-b, matahimik st., up village, quezon city, ncr, 1101","130-b, matahimik Street, up village, quezon city, ncr, 1101, Philippines",U. P. Village,4,Childcare,Private,Child learning center,"QC Future Ready dashboard, Childcare",8:00AM,5:00PM,121.0537229,14.6465735,#N/A,#N/A,#N/A,#N/A,Administrative data
637,Hillcrest,"Hillcrest St., Cubao (sidewalk) Brgy. Immaculate Concepcion","Hillcrest Street, Cubao (sidewalk) Barangay Immaculate Concepcion, Quezon City, Philippines",Immaculate Concepcion,4,Childcare,Public,Child development center,"Data_QC Caring Cities Tracker, QC Administrative Data - Child",#N/A,#N/A,121.0415183,14.6237803,#N/A,#N/A,#N/A,#N/A,Administrative data
638,hiraya kinder tutorial center,"697, quirino highway, san bartolome, quezon city, ncr, 1116","697, quirino highway, san bartolome, quezon city, ncr, 1116, Philippines",San Bartolome,5,Childcare,Private,Child learning center,"QC Future Ready dashboard, Childcare",9:00AM,6:00PM,121.0354392,14.7016404,#N/A,#N/A,#N/A,#N/A,Administrative data
676,Horseshoe,"Brgy. Horsehoe Bgy. Hall, Sunset Drive","Barangay Horsehoe Barangay Hall, Sunset Drive, Quezon City, Philippines",Horseshoe,4,Childcare,Public,Child development center,"Data_QC Caring Cities Tracker, QC Administrative Data - Child",#N/A,#N/A,121.0430094,14.6116415,#N/A,#N/A,#N/A,#N/A,Administrative data
679,Howmart,Alley 2 Howmart St.,"Alley 2 Howmart Street, Quezon City, Philippines",Baesa,6,Childcare,Public,Child development center,"Data_QC Caring Cities Tracker, QC Administrative Data - Child",#N/A,#N/A,#N/A,#N/A,#N/A,#N/A,#N/A,#N/A,Administrative data
683,Ibayo,"Ibayo 2 68 Pascual Road, Brgy. Bagbag","Ibayo 2 68 Pascual Road, Barangay Bagbag, Quezon City, Philippines",Bagbag,5,Childcare,Public,Child development center,"Data_QC Caring Cities Tracker, QC Administrative Data - Child",#N/A,#N/A,#N/A,#N/A,#N/A,#N/A,#N/A,#N/A,Administrative data
711,Insurance,72 Insurance St.,"72 Insurance Street, Quezon City, Philippines",Sangandaan,6,Childcare,Public,Child development center,"Data_QC Caring Cities Tracker, QC Administrative Data - Child",#N/A,#N/A,121.0175018,14.674838,#N/A,#N/A,#N/A,#N/A,Administrative data
722,Jasmin,"Lot 35-A, Jasmin St., Brgy. Batasan Hills","Lot 35-A, Jasmin Street, Barangay Batasan Hills, Quezon City, Philippines",Batasan Hills,2,Childcare,Public,Child development center,"Data_QC Caring Cities Tracker, QC Administrative Data - Child",#N/A,#N/A,121.0897713,14.6840362,#N/A,#N/A,#N/A,#N/A,Administrative data
740,Joan of Arc,"2nd Floor HOA Bldg., Victoria St. Joan of Arc, Brgy. Gulod","2nd Floor HOA Building, Victoria Street Joan of Arc, Barangay Gulod, Quezon City, Philippines",Gulod,5,Childcare,Public,Child development center,"Data_QC Caring Cities Tracker, QC Administrative Data - Child",#N/A,#N/A,#N/A,#N/A,#N/A,#N/A,#N/A,#N/A,Administrative data
752,Jonaville I,"St.Joseph St., Jonaville Subdivision, Brgy. Nagkaisang Nayon","StreetJoseph Street, Jonaville Subdivision, Barangay Nagkaisang Nayon, Quezon City, Philippines",Nagkaisang Nayon,5,Childcare,Public,Child development center,"Data_QC Caring Cities Tracker, QC Administrative Data - Child",#N/A,#N/A,121.0279548,14.7267235,#N/A,#N/A,#N/A,#N/A,Administrative data
762,"joyful hands kiddie center of cubao, q.c., inc.","unit 4, corporate house bldg., 239 boni serrano road, bagong lipunan ng crame, quezon city, ncr, 1111","unit 4, corporate house Building, 239 boni serrano road, bagong lipunan ng crame, quezon city, ncr, 1111, Philippines",Bagong Lipunan ng Crame,4,Childcare,Private,Child learning center,"QC Future Ready dashboard, Childcare",9:00AM,5:00PM,121.0436764,14.60947,#N/A,#N/A,#N/A,#N/A,Administrative data
778,Junji,"Junji Street, Rolling Hills Western Village, Brgy. Kaligayahan","Junji Street, Rolling Hills Western Village, Barangay Kaligayahan, Quezon City, Philippines",Kaligayahan,5,Childcare,Public,Child development center,"Data_QC Caring Cities Tracker, QC Administrative Data - Child",#N/A,#N/A,121.0506041,14.732162,#N/A,#N/A,#N/A,#N/A,Administrative data
782,Kabalitang,Kabalitang St. Brgy. Krus Na Ligas,"Kabalitang Street Barangay Krus Na Ligas, Quezon City, Philippines",Krus na Ligas,4,Childcare,Public,Child development center,"Data_QC Caring Cities Tracker, QC Administrative Data - Child",#N/A,#N/A,121.0614408,14.6447304,#N/A,#N/A,#N/A,#N/A,Administrative data
783,Kaingin I,"Block 1 Kaingin 1, Brgy. Pansol","Block 1 Kaingin 1, Barangay Pansol, Quezon City, Philippines",Pansol,3,Childcare,Public,Child development center,"Data_QC Caring Cities Tracker, QC Administrative Data - Child",#N/A,#N/A,121.0829816,14.6557618,#N/A,#N/A,#N/A,#N/A,Administrative data
784,Kaingin II,"Bungad Kaingin II, near Bgy. Hall Extension, Brgy. Pansol","Bungad Kaingin II, near Barangay Hall Extension, Barangay Pansol, Quezon City, Philippines",Pansol,3,Childcare,Public,Child development center,"Data_QC Caring Cities Tracker, QC Administrative Data - Child",#N/A,#N/A,121.0827856,14.6555653,#N/A,#N/A,#N/A,#N/A,Administrative data
786,Kalayaan,#81 Kalayaan Ave. Brgy. Central,"81 Kalayaan Avenue Barangay Central, Quezon City, Philippines",Central,4,Childcare,Public,Child development center,"Data_QC Caring Cities Tracker, QC Administrative Data - Child",#N/A,#N/A,121.0543005,14.641743,#N/A,#N/A,#N/A,#N/A,Administrative data
790,Kalayaan B1,"Lot No. 41-C-3, Kalayaan B St., Brgy. Batasan Hills","Lot 41-C-3, Kalayaan B Street, Barangay Batasan Hills, Quezon City, Philippines",Batasan Hills,2,Childcare,Public,Child development center,"Data_QC Caring Cities Tracker, QC Administrative Data - Child",#N/A,#N/A,121.092598,14.6890746,#N/A,#N/A,#N/A,#N/A,Administrative data
791,Kalayaan B2,"Lot No. 41-C-3, Kalayaan B St., Brgy. Batasan Hills","Lot 41-C-3, Kalayaan B Street, Barangay Batasan Hills, Quezon City, Philippines",Batasan Hills,2,Childcare,Public,Child development center,"Data_QC Caring Cities Tracker, QC Administrative Data - Child",#N/A,#N/A,121.092598,14.6890746,#N/A,#N/A,#N/A,#N/A,Administrative data
792,Kalayaan B3,"Lot No. 41-C-3, Kalayaan B St., Brgy. Batasan Hills","Lot 41-C-3, Kalayaan B Street, Barangay Batasan Hills, Quezon City, Philippines",Batasan Hills,2,Childcare,Public,Child development center,"Data_QC Caring Cities Tracker, QC Administrative Data - Child",#N/A,#N/A,121.092598,14.6890746,#N/A,#N/A,#N/A,#N/A,Administrative data
794,Kaligtasan,"120 Don Vicente Kaligtasan St., Brgy. Holy Spirit","120 Don Vicente Kaligtasan Street, Barangay Holy Spirit, Quezon City, Philippines",Holy Spirit,2,Childcare,Public,Child development center,"Data_QC Caring Cities Tracker, QC Administrative Data - Child",#N/A,#N/A,#N/A,#N/A,#N/A,#N/A,#N/A,#N/A,Administrative data
797,Kampilan I,"Hona St., San Roque","Hona Street, San Roque, Quezon City, Philippines",Bagong Pag-asa,1,Childcare,Public,Child development center,"Data_QC Caring Cities Tracker, QC Administrative Data - Child",#N/A,#N/A,#N/A,#N/A,#N/A,#N/A,#N/A,#N/A,Administrative data
798,Kamuning,"Bgy. Hall, #113 Kamuning Rd. Brgy. Kamuning","Barangay Hall, 113 Kamuning Road Barangay Kamuning, Quezon City, Philippines",Kamuning,4,Childcare,Public,Child development center,"Data_QC Caring Cities Tracker, QC Administrative Data - Child",#N/A,#N/A,121.0364359,14.6250508,#N/A,#N/A,#N/A,#N/A,Administrative data
805,Kasiyahan,"Kasiyahan Covered Court, Brgy. Holy Spirit","Kasiyahan Covered Court, Barangay Holy Spirit, Quezon City, Philippines",Holy Spirit,2,Childcare,Public,Child development center,"Data_QC Caring Cities Tracker, QC Administrative Data - Child",#N/A,#N/A,121.0745237,14.6812323,#N/A,#N/A,#N/A,#N/A,Administrative data
806,Kasunduan,"Ground floor, Kasunduan Multi-purpose Hall, Unit 2, Kasunduan Extension, Brgy. Commonwealth","Ground floor, Kasunduan Multi-purpose Hall, Unit 2, Kasunduan Extension, Barangay Commonwealth, Quezon City, Philippines",Commonwealth,2,Childcare,Public,Child development center,"Data_QC Caring Cities Tracker, QC Administrative Data - Child",#N/A,#N/A,121.0911202,14.6947425,#N/A,#N/A,#N/A,#N/A,Administrative data
807,Katipunan,E. Beltran St.,"E. Beltran Street, Quezon City, Philippines",Katipunan,1,Childcare,Public,Child development center,"Data_QC Caring Cities Tracker, QC Administrative Data - Child",#N/A,#N/A,121.0185998,14.6564927,#N/A,#N/A,#N/A,#N/A,Administrative data
812,Kaunlaran,"Lot 9A, Unit 2, Kaunlaran St., Brgy. Commonwealth","Lot 9A, Unit 2, Kaunlaran Street, Barangay Commonwealth, Quezon City, Philippines",Commonwealth,2,Childcare,Public,Child development center,"Data_QC Caring Cities Tracker, QC Administrative Data - Child",#N/A,#N/A,121.0884376,14.698895,#N/A,#N/A,#N/A,#N/A,Administrative data
815,khameon learning center,"unit 6, blk 4, lot 42, #43 chestnut st. cor. cypress st., fairview, quezon city, ncr, 1118","unit 6, blk 4, lot 42, 43 chestnut Street corner cypress Street, fairview, quezon city, ncr, 1118, Philippines",Fairview,5,Childcare,Private,Child learning center,"QC Future Ready dashboard, Childcare",8:00AM,5:00PM,121.0598016,14.698625,#N/A,#N/A,#N/A,#N/A,Administrative data
817,Kingfisher,Kingfisher St. Zabarte Subd. Brgy. Kaligayahan (beside Kaligayahan Health Center),"Kingfisher Street Zabarte Subdivision Barangay Kaligayahan (beside Kaligayahan Health Center), Quezon City, Philippines",Kaligayahan,5,Childcare,Public,Child development center,"Data_QC Caring Cities Tracker, QC Administrative Data - Child",#N/A,#N/A,121.0504746,14.7345931,#N/A,#N/A,#N/A,#N/A,Administrative data
823,KNL-CDO,V. Francisco St. (beside KNL High School) Brgy. Krus Na Ligas,"V. Francisco Street (beside KNL High School) Barangay Krus Na Ligas, Quezon City, Philippines",Krus na Ligas,4,Childcare,Public,Child development center,"Data_QC Caring Cities Tracker, QC Administrative Data - Child",#N/A,#N/A,121.062411,14.64446,#N/A,#N/A,#N/A,#N/A,Administrative data
825,Kristong Hari,"Broadway, Brgy. Kristong Hari","Broadway, Barangay Kristong Hari, Quezon City, Philippines",Kristong Hari,4,Childcare,Public,Child development center,"Data_QC Caring Cities Tracker, QC Administrative Data - Child",#N/A,#N/A,#N/A,#N/A,#N/A,#N/A,#N/A,#N/A,Administrative data
841,La Trinidad,La Trinidad Village Whole Court,"La Trinidad Village Whole Court, Quezon City, Philippines",Talipapa,6,Childcare,Public,Child development center,"Data_QC Caring Cities Tracker, QC Administrative Data - Child",#N/A,#N/A,121.0197617,14.6847179,#N/A,#N/A,#N/A,#N/A,Administrative data
846,Laura I,"Purok 3 Area 5 Ground Floor, Brgy. Matandang Balara","Purok 3 Area 5 Ground Floor, Barangay Matandang Balara, Quezon City, Philippines",Matandang Balara,3,Childcare,Public,Child development center,"Data_QC Caring Cities Tracker, QC Administrative Data - Child",#N/A,#N/A,121.0698352,14.6716574,#N/A,#N/A,#N/A,#N/A,Administrative data
847,Laura II,"Purok 3 Area 5 2nd Floor, Brgy. Matandang Balara","Purok 3 Area 5 2nd Floor, Barangay Matandang Balara, Quezon City, Philippines",Matandang Balara,3,Childcare,Public,Child development center,"Data_QC Caring Cities Tracker, QC Administrative Data - Child",#N/A,#N/A,121.0767929,14.6738329,#N/A,#N/A,#N/A,#N/A,Administrative data
848,Lazaro,"Lot 5 Blk 5, Damong Maliit, Lazaro Subd., Brgy. Nagkaisang Nayon","Lot 5 Blk 5, Damong Maliit, Lazaro Subdivision, Barangay Nagkaisang Nayon, Quezon City, Philippines",Nagkaisang Nayon,5,Childcare,Public,Child development center,"Data_QC Caring Cities Tracker, QC Administrative Data - Child",#N/A,#N/A,121.031788,14.7222233,#N/A,#N/A,#N/A,#N/A,Administrative data
855,learning playcare corp.,"3-a  3rd floor , linear building, 142 katipunan avenue, st. ignatius, quezon city, ncr, 1110","3-a 3rd floor , linear building, 142 katipunan avenue, Street ignatius, quezon city, ncr, 1110, Philippines",Katipunan,1,Childcare,Private,Day care center,"QC Future Ready dashboard, Childcare",9:00AM,6:00PM,#N/A,#N/A,#N/A,#N/A,#N/A,#N/A,Administrative data
859,Libis,"Brgy. Hall, E. Rodriguez Jr. Avenue, Brgy. Libis","Barangay Hall, E. Rodriguez Jr. Avenue, Barangay Libis, Quezon City, Philippines",Libis,3,Childcare,Public,Child development center,"Data_QC Caring Cities Tracker, QC Administrative Data - Child",#N/A,#N/A,121.0749076,14.6154731,#N/A,#N/A,#N/A,#N/A,Administrative data
869,Litex,"Payatas Road corner Bayanihan St., Brgy. Commonwealth","Payatas Road corner Bayanihan Street, Barangay Commonwealth, Quezon City, Philippines",Commonwealth,2,Childcare,Public,Child development center,"Data_QC Caring Cities Tracker, QC Administrative Data - Child",#N/A,#N/A,121.0895913,14.7020442,#N/A,#N/A,#N/A,#N/A,Administrative data
872,little favored learning center,"block 51, lot 22 b, bristol st, north fairview, quezon city, ncr, 1121","block 51, lot 22 b, bristol st, north fairview, quezon city, ncr, 1121, Philippines",North Fairview,5,Childcare,Private,Child learning center,"QC Future Ready dashboard, Childcare",8:30AM,5:00PM,121.0642308,14.7200215,#N/A,#N/A,#N/A,#N/A,Administrative data
876,little makers playroof learning center,"2, romulo st, north susana exec. village, matandang balara, quezon city, ncr, 1119","2, romulo st, north susana exec. village, matandang balara, quezon city, ncr, 1119, Philippines",Matandang Balara,3,Childcare,Private,Child learning center,"QC Future Ready dashboard, Childcare",8:00AM,6:00PM,121.0716414,14.6747949,#N/A,#N/A,#N/A,#N/A,Administrative data
882,little wonders playdates and learning center,"unit 3d beal square # 27, visayas avenue corner congressional avenue, pasong tamo, quezon city, ncr, 1107","unit 3d beal square 27, visayas avenue corner congressional avenue, pasong tamo, quezon city, ncr, 1107, Philippines",Pasong Tamo,6,Childcare,Private,Child learning center,"QC Future Ready dashboard, Childcare",7:00AM,10:00PM,121.0435861,14.6713685,#N/A,#N/A,#N/A,#N/A,Administrative data
899,Lower Everlasting,"Lower Everlasting (Sto. Niño Gala), Brgy. Payatas","Lower Everlasting (Sto. Niño Gala), Barangay Payatas, Quezon City, Philippines",Payatas,2,Childcare,Public,Child development center,"Data_QC Caring Cities Tracker, QC Administrative Data - Child",#N/A,#N/A,#N/A,#N/A,#N/A,#N/A,#N/A,#N/A,Administrative data
900,Lower Gulod,"135 Lower Gulod, Brgy. Sauyo","135 Lower Gulod, Barangay Sauyo, Quezon City, Philippines",Sauyo,6,Childcare,Public,Child development center,"Data_QC Caring Cities Tracker, QC Administrative Data - Child",#N/A,#N/A,121.0410722,14.6892772,#N/A,#N/A,#N/A,#N/A,Administrative data
901,Lower Nawasa,"Purok 6, Unit 7 Lower NAWASA, Brgy. Commonwealth","Purok 6, Unit 7 Lower NAWASA, Barangay Commonwealth, Quezon City, Philippines",Commonwealth,2,Childcare,Public,Child development center,"Data_QC Caring Cities Tracker, QC Administrative Data - Child",#N/A,#N/A,#N/A,#N/A,#N/A,#N/A,#N/A,#N/A,Administrative data
902,Loyola Heights,"Loyola Heights Brgy. Hall Compound, E. Abada St., Katipunan, Brgy. Loyola Heights","Loyola Heights Barangay Hall Compound, E. Abada Street, Katipunan, Barangay Loyola Heights, Quezon City, Philippines",Loyola Heights,3,Childcare,Public,Child development center,"Data_QC Caring Cities Tracker, QC Administrative Data - Child",#N/A,#N/A,121.0736993,14.6411517,#N/A,#N/A,#N/A,#N/A,Administrative data
906,Lupang Pangako,"Phase 2, Park 13, Lupang Pangako, Brgy. Payatas","Phase 2, Park 13, Lupang Pangako, Barangay Payatas, Quezon City, Philippines",Payatas,2,Childcare,Public,Child development center,"Data_QC Caring Cities Tracker, QC Administrative Data - Child",#N/A,#N/A,121.1068119,14.7186598,#N/A,#N/A,#N/A,#N/A,Administrative data
908,Luzviminda,"Luzviminda Subd., Brgy. Batasan Hills","Luzviminda Subdivision, Barangay Batasan Hills, Quezon City, Philippines",Batasan Hills,2,Childcare,Public,Child development center,"Data_QC Caring Cities Tracker, QC Administrative Data - Child",#N/A,#N/A,121.0948136,14.6855617,#N/A,#N/A,#N/A,#N/A,Administrative data
913,Malaya,"Brgy. Malaya Brgy. Hall, Matahimik St.","Barangay Malaya Barangay Hall, Matahimik Street, Quezon City, Philippines",Malaya,4,Childcare,Public,Child development center,"Data_QC Caring Cities Tracker, QC Administrative Data - Child",#N/A,#N/A,121.0551661,14.634249,#N/A,#N/A,#N/A,#N/A,Administrative data
915,Maligaya,"Mark St. cor. Ruth St., Goodwill Homes 2 Subd., Brgy. Bagbag","Mark Street corner Ruth Street, Goodwill Homes 2 Subdivision, Barangay Bagbag, Quezon City, Philippines",Bagbag,5,Childcare,Public,Child development center,"Data_QC Caring Cities Tracker, QC Administrative Data - Child",#N/A,#N/A,121.0302064,14.6965708,#N/A,#N/A,#N/A,#N/A,Administrative data
918,Mangga,"950 Int. Aurora Blvd., Cubao, Brgy. Mangga","950 Int. Aurora Boulevard, Cubao, Barangay Mangga, Quezon City, Philippines",Mangga,3,Childcare,Public,Child development center,"Data_QC Caring Cities Tracker, QC Administrative Data - Child",#N/A,#N/A,121.0626333,14.6270412,#N/A,#N/A,#N/A,#N/A,Administrative data
921,Manresa,Biak na Bato cor. Makaturing,"Biak na Bato corner Makaturing, Quezon City, Philippines",Manresa,1,Childcare,Public,Child development center,"Data_QC Caring Cities Tracker, QC Administrative Data - Child",#N/A,#N/A,121.0030577,14.6412921,#N/A,#N/A,#N/A,#N/A,Administrative data
925,Manunggal I,Manunggal St. Brgy. Tatalon,"Manunggal Street Barangay Tatalon, Quezon City, Philippines",Tatalon,4,Childcare,Public,Child development center,"Data_QC Caring Cities Tracker, QC Administrative Data - Child",#N/A,#N/A,#N/A,#N/A,#N/A,#N/A,#N/A,#N/A,Administrative data
926,Manunggal II,"#15 Senior Citizen Bldg., Manunggal St. Brgy. Tatalon","15 Senior Citizen Building, Manunggal Street Barangay Tatalon, Quezon City, Philippines",Tatalon,4,Childcare,Public,Child development center,"Data_QC Caring Cities Tracker, QC Administrative Data - Child",#N/A,#N/A,121.0141005,14.6218343,#N/A,#N/A,#N/A,#N/A,Administrative data
927,Mapayapa,"Area 7 Nawasa Line, Brgy. Holy Spirit","Area 7 Nawasa Line, Barangay Holy Spirit, Quezon City, Philippines",Holy Spirit,2,Childcare,Public,Child development center,"Data_QC Caring Cities Tracker, QC Administrative Data - Child",#N/A,#N/A,121.0702797,14.690135,#N/A,#N/A,#N/A,#N/A,Administrative data
944,Mariblo,#1 Bernardo St. cor. San Pedro Bautista,"1 Bernardo Street corner San Pedro Bautista, Quezon City, Philippines",Mariblo,1,Childcare,Public,Child development center,"Data_QC Caring Cities Tracker, QC Administrative Data - Child",#N/A,#N/A,121.0140603,14.6333093,#N/A,#N/A,#N/A,#N/A,Administrative data
945,Marilag I,"Plaza Camerino, Camerino St., Brgy. Marilag","Plaza Camerino, Camerino Street, Barangay Marilag, Quezon City, Philippines",Marilag,3,Childcare,Public,Child development center,"Data_QC Caring Cities Tracker, QC Administrative Data - Child",#N/A,#N/A,121.0680492,14.6250779,#N/A,#N/A,#N/A,#N/A,Administrative data
946,Marilag II,"Plaza Camerino, Camerino St., Brgy. Marilag","Plaza Camerino, Camerino Street, Barangay Marilag, Quezon City, Philippines",Marilag,3,Childcare,Public,Child development center,"Data_QC Caring Cities Tracker, QC Administrative Data - Child",#N/A,#N/A,121.0680492,14.6250779,#N/A,#N/A,#N/A,#N/A,Administrative data
965,Masagana,"7 Conchu St., Project 4, Brgy. Masagana","7 Conchu Street, Project 4, Barangay Masagana, Quezon City, Philippines",Masagana,3,Childcare,Public,Child development center,"Data_QC Caring Cities Tracker, QC Administrative Data - Child",#N/A,#N/A,121.0659465,14.6177431,#N/A,#N/A,#N/A,#N/A,Administrative data
968,MASARNA,"201 Mabuhay Compd., Sauyo Rd.","201 Mabuhay Compd., Sauyo Road, Quezon City, Philippines",Sauyo,6,Childcare,Public,Child development center,"Data_QC Caring Cities Tracker, QC Administrative Data - Child",#N/A,#N/A,121.0450331,14.6937297,#N/A,#N/A,#N/A,#N/A,Administrative data
975,Matutum,Multi-Purpose Hall,"Multi-Purpose Hall, Quezon City, Philippines",Manresa,1,Childcare,Public,Child development center,"Data_QC Caring Cities Tracker, QC Administrative Data - Child",#N/A,#N/A,120.9977286,14.6420997,#N/A,#N/A,#N/A,#N/A,Administrative data
982,Mendez,Mendez Road,"Mendez Road, Quezon City, Philippines",Baesa,6,Childcare,Public,Child development center,"Data_QC Caring Cities Tracker, QC Administrative Data - Child",#N/A,#N/A,121.0129543,14.6687855,#N/A,#N/A,#N/A,#N/A,Administrative data
988,Metro Heights,"Adelfa Metro Heights, Visayas Ave.","Adelfa Metro Heights, Visayas Avenue, Quezon City, Philippines",Culiat,6,Childcare,Public,Child development center,"Data_QC Caring Cities Tracker, QC Administrative Data - Child",#N/A,#N/A,121.0464845,14.6651425,#N/A,#N/A,#N/A,#N/A,Administrative data
993,Milagrosa,"5K Oval Belarmino St., Brgy. Milagrosa","5K Oval Belarmino Street, Barangay Milagrosa, Quezon City, Philippines",Milagrosa,3,Childcare,Public,Child development center,"Data_QC Caring Cities Tracker, QC Administrative Data - Child",#N/A,#N/A,121.0686657,14.6199167,#N/A,#N/A,#N/A,#N/A,Administrative data
994,Milenyo,"Milenyo Daycare Center Building, Milenyo St. Phase 8-I, Brgy. North Fairview","Milenyo Daycare Center Building, Milenyo Street Phase 8-I, Barangay North Fairview, Quezon City, Philippines",North Fairview,5,Childcare,Public,Child development center,"Data_QC Caring Cities Tracker, QC Administrative Data - Child",#N/A,#N/A,121.0575168,14.7058955,#N/A,#N/A,#N/A,#N/A,Administrative data
1003,mind specialists school inc.,"152-d, d. tuazon st. , don manuel, quezon city, ncr, 1113","152-d, d. tuazon Street , don manuel, quezon city, ncr, 1113, Philippines",Don Manuel,4,Childcare,Private,Child learning center,"QC Future Ready dashboard, Childcare",6:00AM,7:00PM,#N/A,#N/A,#N/A,#N/A,#N/A,#N/A,Administrative data
1020,MMTC,"Basilio St., cor Republic Ave., Brgy. Fairview","Basilio Street, corner Republic Avenue, Barangay Fairview, Quezon City, Philippines",Fairview,5,Childcare,Public,Child development center,"Data_QC Caring Cities Tracker, QC Administrative Data - Child",#N/A,#N/A,#N/A,#N/A,#N/A,#N/A,#N/A,#N/A,Administrative data
1022,Mockingbird,"Barangay Kaligayahan Hall, Mockingbird St. Zabarte Subd., Brgy. Kaligayahan","Barangay Kaligayahan Hall, Mockingbird Street Zabarte Subdivision, Barangay Kaligayahan, Quezon City, Philippines",Kaligayahan,5,Childcare,Public,Child development center,"Data_QC Caring Cities Tracker, QC Administrative Data - Child",#N/A,#N/A,121.0508255,14.738132,#N/A,#N/A,#N/A,#N/A,Administrative data
1023,Molave,"Molave St., near Tahanan, Brgy. Payatas","Molave Street, near Tahanan, Barangay Payatas, Quezon City, Philippines",Payatas,2,Childcare,Public,Child development center,"Data_QC Caring Cities Tracker, QC Administrative Data - Child",#N/A,#N/A,121.0964194,14.712083,#N/A,#N/A,#N/A,#N/A,Administrative data
1040,Mutya,"Mutya St., Brgy. Payatas","Mutya Street, Barangay Payatas, Quezon City, Philippines",Payatas,2,Childcare,Public,Child development center,"Data_QC Caring Cities Tracker, QC Administrative Data - Child",#N/A,#N/A,#N/A,#N/A,#N/A,#N/A,#N/A,#N/A,Administrative data
1042,N.S. Amoranto,Barangay Hall Angelo St.,"Barangay Hall Angelo Street, Quezon City, Philippines",N. S. Amoranto (Gintong Silahis),1,Childcare,Public,Child development center,"Data_QC Caring Cities Tracker, QC Administrative Data - Child",#N/A,#N/A,120.9944224,14.6326976,#N/A,#N/A,#N/A,#N/A,Administrative data
1047,Nagkaisang Nayon I,"Barangay Hall Compound., #7 Banahaw St. Brgy. Nagkaisang Nayon","Barangay Hall Compound., 7 Banahaw Street Barangay Nagkaisang Nayon, Quezon City, Philippines",Nagkaisang Nayon,5,Childcare,Public,Child development center,"Data_QC Caring Cities Tracker, QC Administrative Data - Child",#N/A,#N/A,121.0287045,14.7186814,#N/A,#N/A,#N/A,#N/A,Administrative data
1048,Nagkaisang Nayon II,"Barangay Hall Compound., #7 Banahaw St. Brgy. Nagkaisang Nayon","Barangay Hall Compound., 7 Banahaw Street Barangay Nagkaisang Nayon, Quezon City, Philippines",Nagkaisang Nayon,5,Childcare,Public,Child development center,"Data_QC Caring Cities Tracker, QC Administrative Data - Child",#N/A,#N/A,121.0287045,14.7186814,#N/A,#N/A,#N/A,#N/A,Administrative data
1049,NAMAPA,"NAMAPA Compound, Brgy. North Fairview","NAMAPA Compound, Barangay North Fairview, Quezon City, Philippines",North Fairview,5,Childcare,Public,Child development center,"Data_QC Caring Cities Tracker, QC Administrative Data - Child",#N/A,#N/A,121.0643456,14.7066635,#N/A,#N/A,#N/A,#N/A,Administrative data
1050,Narra,"Barangay Hall Building, Sampaguita St., Area 5","Barangay Hall Building, Sampaguita Street, Area 5, Quezon City, Philippines",Capri,5,Childcare,Public,Child development center,"Data_QC Caring Cities Tracker, QC Administrative Data - Child",#N/A,#N/A,#N/A,#N/A,#N/A,#N/A,#N/A,#N/A,Administrative data
1051,Narraville,"Lower Narra St., Brgy. Payatas","Lower Narra Street, Barangay Payatas, Quezon City, Philippines",Payatas,2,Childcare,Public,Child development center,"Data_QC Caring Cities Tracker, QC Administrative Data - Child",#N/A,#N/A,121.0923986,14.7118981,#N/A,#N/A,#N/A,#N/A,Administrative data
1057,Nayong Kanluran,37 Sorsogon St.,"37 Sorsogon Street, Quezon City, Philippines",Nayong Kanluran,1,Childcare,Public,Child development center,"Data_QC Caring Cities Tracker, QC Administrative Data - Child",#N/A,#N/A,#N/A,#N/A,#N/A,#N/A,#N/A,#N/A,Administrative data
1076,niño's reading and tutorial services,"room 306 , 3rd floor ,  37 matalino street , central, quezon city, ncr, 1100","room 306 , 3rd floor , 37 matalino street , central, quezon city, ncr, 1100, Philippines",Central,4,Childcare,Private,Child learning center,"QC Future Ready dashboard, Childcare",8:00AM,5:00PM,121.0525461,14.6454887,#N/A,#N/A,#N/A,#N/A,Administrative data
1077,Nitang,# 47 Nitang Avenue Brgy Gulod,"47 Nitang Avenue Barangay Gulod, Quezon City, Philippines",Gulod,5,Childcare,Public,Child development center,"Data_QC Caring Cities Tracker, QC Administrative Data - Child",#N/A,#N/A,121.0421898,14.7128521,#N/A,#N/A,#N/A,#N/A,Administrative data
1079,Nomar 2,"Santan St., Nomar Subd., Brgy. San Bartolome","Santan Street, Nomar Subdivision, Barangay San Bartolome, Quezon City, Philippines",San Bartolome,5,Childcare,Public,Child development center,"Data_QC Caring Cities Tracker, QC Administrative Data - Child",#N/A,#N/A,121.0410703,14.7011827,#N/A,#N/A,#N/A,#N/A,Administrative data
1090,Nova Homes,"Narra St., Nova Homes Subd. Brgy. San Agustin","Narra Street, Nova Homes Subdivision Barangay San Agustin, Quezon City, Philippines",San Agustin,5,Childcare,Public,Child development center,"Data_QC Caring Cities Tracker, QC Administrative Data - Child",#N/A,#N/A,121.0375849,14.7345815,#N/A,#N/A,#N/A,#N/A,Administrative data
1092,Novaliches Proper I,"3rd Floor, Livelihood CHILD DEVELOPMENT CENTER Bldg., Nova Plaza, Buenamar St.,Brgy. Novaliches Proper","3rd Floor, Livelihood CHILD DEVELOPMENT CENTER Building, Nova Plaza, Buenamar Street,Barangay Novaliches Proper, Quezon City, Philippines",Novaliches Proper,5,Childcare,Public,Child development center,"Data_QC Caring Cities Tracker, QC Administrative Data - Child",#N/A,#N/A,121.0402346,14.7214471,#N/A,#N/A,#N/A,#N/A,Administrative data
1093,Novaliches Proper II,"2nd Floor Multi-purpose Bldg., P. Tupaz St., Doña Rosario, Brgy. Novaliches Proper","2nd Floor Multi-purpose Building, P. Tupaz Street, Doña Rosario, Barangay Novaliches Proper, Quezon City, Philippines",Novaliches Proper,5,Childcare,Public,Child development center,"Data_QC Caring Cities Tracker, QC Administrative Data - Child",#N/A,#N/A,121.0352782,14.7190257,#N/A,#N/A,#N/A,#N/A,Administrative data
1095,numberninjas co.,"5th flr.u-504, hemady square, 86, dona hemady street, corner e. rodriguez sr.avenue, kristong hari, quezon city, ncr, 1112","5th Flooru-504, hemady square, 86, dona hemady street, corner e. rodriguez sr.avenue, kristong hari, quezon city, ncr, 1112, Philippines",E. Rodriguez,3,Childcare,Private,Child learning center,"QC Future Ready dashboard, Childcare",10:00AM,6:00PM,#N/A,#N/A,#N/A,#N/A,#N/A,#N/A,Administrative data
1099,Obrero,"Brgy. Obrero Bgy Hall, Parkway St. cor. Tomas Morato Ave.","Barangay Obrero Bgy Hall, Parkway Street corner Tomas Morato Avenue, Quezon City, Philippines",Obrero,4,Childcare,Public,Child development center,"Data_QC Caring Cities Tracker, QC Administrative Data - Child",#N/A,#N/A,121.0316191,14.6285296,#N/A,#N/A,#N/A,#N/A,Administrative data
1109,Old Cabuyao,15 Old Cabuyao,"15 Old Cabuyao, Quezon City, Philippines",Sauyo,6,Childcare,Public,Child development center,"Data_QC Caring Cities Tracker, QC Administrative Data - Child",#N/A,#N/A,#N/A,#N/A,#N/A,#N/A,#N/A,#N/A,Administrative data
1110,Old Capitol Site,Masaya St. Interior (near Bgy. Hall) Brgy. Old Capitol Site,"Masaya Street Interior (near Barangay Hall) Barangay Old Capitol Site, Quezon City, Philippines",Old Capitol Site,4,Childcare,Public,Child development center,"Data_QC Caring Cities Tracker, QC Administrative Data - Child",#N/A,#N/A,#N/A,#N/A,#N/A,#N/A,#N/A,#N/A,Administrative data
1115,Oliveros,26 M Oliveros Drive (Dulo),"26 M Oliveros Drive (Dulo), Quezon City, Philippines",Apolonio Samson,6,Childcare,Public,Child development center,"Data_QC Caring Cities Tracker, QC Administrative Data - Child",#N/A,#N/A,121.0071352,14.6608605,#N/A,#N/A,#N/A,#N/A,Administrative data
1159,Paang Bundok,"Barangay Hall 166 Iriga St., La Loma","Barangay Hall 166 Iriga Street, La Loma, Quezon City, Philippines",Paang Bundok,1,Childcare,Public,Child development center,"Data_QC Caring Cities Tracker, QC Administrative Data - Child",#N/A,#N/A,120.9930304,14.627851,#N/A,#N/A,#N/A,#N/A,Administrative data
1166,Pag-ibig sa Nayon,23 J. Pineda St.,"23 J. Pineda Street, Quezon City, Philippines",Pag-ibig sa Nayon,1,Childcare,Public,Child development center,"Data_QC Caring Cities Tracker, QC Administrative Data - Child",#N/A,#N/A,#N/A,#N/A,#N/A,#N/A,#N/A,#N/A,Administrative data
1171,Palanza,#38 Kapiligan St. Brgy. Doña Imelda,"38 Kapiligan Street Barangay Doña Imelda, Quezon City, Philippines",Doña Imelda,4,Childcare,Public,Child development center,"Data_QC Caring Cities Tracker, QC Administrative Data - Child",#N/A,#N/A,121.01952,14.6104638,#N/A,#N/A,#N/A,#N/A,Administrative data
1172,Paligsahan,Roces Avenue Brgy. Paligsahan,"Roces Avenue Barangay Paligsahan, Quezon City, Philippines",Paligsahan,4,Childcare,Public,Child development center,"Data_QC Caring Cities Tracker, QC Administrative Data - Child",#N/A,#N/A,121.020908,14.6316818,#N/A,#N/A,#N/A,#N/A,Administrative data
1173,Palmera,"Multi-purpose Hall Mangga St. Phase I-A Palmera Homes, Brgy. Sta Monica","Multi-purpose Hall Mangga Street Phase I-A Palmera Homes, Barangay Sta Monica, Quezon City, Philippines",Sta. Monica,5,Childcare,Public,Child development center,"Data_QC Caring Cities Tracker, QC Administrative Data - Child",#N/A,#N/A,121.0512671,14.712599,#N/A,#N/A,#N/A,#N/A,Administrative data
1174,Paltok,"Brgy. Hall, Mendoza cor. Basa","Barangay Hall, Mendoza corner Basa, Quezon City, Philippines",Paltok,1,Childcare,Public,Child development center,"Data_QC Caring Cities Tracker, QC Administrative Data - Child",#N/A,#N/A,#N/A,#N/A,#N/A,#N/A,#N/A,#N/A,Administrative data
1176,Pansol Proper,"SK Building Plaza St., Barangay Hall, Brgy. Pansol","SK Building Plaza Street, Barangay Hall, Barangay Pansol, Quezon City, Philippines",Pansol,3,Childcare,Public,Child development center,"Data_QC Caring Cities Tracker, QC Administrative Data - Child",#N/A,#N/A,121.0764168,14.6509208,#N/A,#N/A,#N/A,#N/A,Administrative data
1178,Pasacola I,"Blk 1, Dormitory Phase 1 (Nagkakaisang Lakas) , Brgy. Nagkaisang Nayon","Blk 1, Dormitory Phase 1 (Nagkakaisang Lakas) , Barangay Nagkaisang Nayon, Quezon City, Philippines",Nagkaisang Nayon,5,Childcare,Public,Child development center,"Data_QC Caring Cities Tracker, QC Administrative Data - Child",#N/A,#N/A,121.0323356,14.7130686,#N/A,#N/A,#N/A,#N/A,Administrative data
1179,Pasacola II,"Lot 158-B, Area C, Pasacola, Brgy. Nagkaisang Nayon","Lot 158-B, Area C, Pasacola, Barangay Nagkaisang Nayon, Quezon City, Philippines",Nagkaisang Nayon,5,Childcare,Public,Child development center,"Data_QC Caring Cities Tracker, QC Administrative Data - Child",#N/A,#N/A,121.0322739,14.7174806,#N/A,#N/A,#N/A,#N/A,Administrative data
1192,Pechayan,"Block 31 Lot 23 Ilang-Ilang St. Pechayan Kanan, Maligaya Park, Brgy. Pasong Putik","Block 31 Lot 23 Ilang-Ilang Street Pechayan Kanan, Maligaya Park, Barangay Pasong Putik, Quezon City, Philippines",Pasong Putik Proper,5,Childcare,Public,Child development center,"Data_QC Caring Cities Tracker, QC Administrative Data - Child",#N/A,#N/A,#N/A,#N/A,#N/A,#N/A,#N/A,#N/A,Administrative data
1193,Pechayan,Zone 1 Brgy. Old Capitol Site,"Zone 1 Barangay Old Capitol Site, Quezon City, Philippines",Old Capitol Site,4,Childcare,Public,Child development center,"Data_QC Caring Cities Tracker, QC Administrative Data - Child",#N/A,#N/A,#N/A,#N/A,#N/A,#N/A,#N/A,#N/A,Administrative data
1205,Phase 8-I,"1st Floor Daycare and Livelihood Center Building, Peso St., United North Fairview Subd., Brgy. North Fairview","1st Floor Daycare and Livelihood Center Building, Peso Street, United North Fairview Subdivision, Barangay North Fairview, Quezon City, Philippines",North Fairview,5,Childcare,Public,Child development center,"Data_QC Caring Cities Tracker, QC Administrative Data - Child",#N/A,#N/A,121.0619215,14.7082699,#N/A,#N/A,#N/A,#N/A,Administrative data
1206,Phase 8-II,"2nd Floor Daycare and Livelihood Center Building, Peso St., United North Fairview Subd., Brgy. North Fairview","2nd Floor Daycare and Livelihood Center Building, Peso Street, United North Fairview Subdivision, Barangay North Fairview, Quezon City, Philippines",North Fairview,5,Childcare,Public,Child development center,"Data_QC Caring Cities Tracker, QC Administrative Data - Child",#N/A,#N/A,121.0619215,14.7082699,#N/A,#N/A,#N/A,#N/A,Administrative data
1207,Phase IV-A,"Ground floor, Livelihood Center, Davao St., Phase IV, Brgy. Payatas","Ground floor, Livelihood Center, Davao Street, Phase IV, Barangay Payatas, Quezon City, Philippines",Payatas,2,Childcare,Public,Child development center,"Data_QC Caring Cities Tracker, QC Administrative Data - Child",#N/A,#N/A,121.0967714,14.7117824,#N/A,#N/A,#N/A,#N/A,Administrative data
1208,Phase IV-B,"2nd floor, Livelihood Center, Davao St., Phase IV, Brgy. Payatas","2nd floor, Livelihood Center, Davao Street, Phase IV, Barangay Payatas, Quezon City, Philippines",Payatas,2,Childcare,Public,Child development center,"Data_QC Caring Cities Tracker, QC Administrative Data - Child",#N/A,#N/A,121.0967714,14.7117824,#N/A,#N/A,#N/A,#N/A,Administrative data
1235,Pinadama,"Pinadama Pilot Drive, Brgy. Commonwealth","Pinadama Pilot Drive, Barangay Commonwealth, Quezon City, Philippines",Commonwealth,2,Childcare,Public,Child development center,"Data_QC Caring Cities Tracker, QC Administrative Data - Child",#N/A,#N/A,121.0796269,14.6979794,#N/A,#N/A,#N/A,#N/A,Administrative data
1236,Pinagkaisahan,Ermin Garcia St. (near Bernardo Park),"Ermin Garcia Street (near Bernardo Park), Quezon City, Philippines",Pinagkaisahan,4,Childcare,Public,Child development center,"Data_QC Caring Cities Tracker, QC Administrative Data - Child",#N/A,#N/A,121.0462876,14.6279346,#N/A,#N/A,#N/A,#N/A,Administrative data
1237,Pingkian 3 Zone 2,"Lily St. Pingkian 3, Zone 2","Lily Street Pingkian 3, Zone 2, Quezon City, Philippines",Pasong Tamo,6,Childcare,Public,Child development center,"Data_QC Caring Cities Tracker, QC Administrative Data - Child",#N/A,#N/A,121.059582,14.6897842,#N/A,#N/A,#N/A,#N/A,Administrative data
1238,Pingkian 3 Zone 3,Santan St.,"Santan Street, Quezon City, Philippines",Pasong Tamo,6,Childcare,Public,Child development center,"Data_QC Caring Cities Tracker, QC Administrative Data - Child",#N/A,#N/A,121.0573294,14.6898751,#N/A,#N/A,#N/A,#N/A,Administrative data
1239,Pingkian II,Pingkian II,"Pingkian II, Quezon City, Philippines",Pasong Tamo,6,Childcare,Public,Child development center,"Data_QC Caring Cities Tracker, QC Administrative Data - Child",#N/A,#N/A,121.0585648,14.6812269,#N/A,#N/A,#N/A,#N/A,Administrative data
1241,Pinyahan Proper,"#35 Malakas St. Brgy. Hall Compd., Brgy. Pinyahan","35 Malakas Street Barangay Hall Compd., Barangay Pinyahan, Quezon City, Philippines",Pinyahan,4,Childcare,Public,Child development center,"Data_QC Caring Cities Tracker, QC Administrative Data - Child",#N/A,#N/A,121.0472844,14.634992,#N/A,#N/A,#N/A,#N/A,Administrative data
1242,pio preschool and tutorial center inc.,"ground floor unit 105  , no. 23 panay avenue, paligsahan, quezon city, ncr, 1103","ground floor unit 105 , 23 panay avenue, paligsahan, quezon city, ncr, 1103, Philippines",Paligsahan,4,Childcare,Private,Child learning center,"QC Future Ready dashboard, Childcare",8:00AM,4:00PM,121.019994,14.6324722,#N/A,#N/A,#N/A,#N/A,Administrative data
1244,Plainville,"St. Joseph St., Plainville Subdivision","Street Joseph Street, Plainville Subdivision, Quezon City, Philippines",Sta. Lucia,5,Childcare,Public,Child development center,"Data_QC Caring Cities Tracker, QC Administrative Data - Child",#N/A,#N/A,#N/A,#N/A,#N/A,#N/A,#N/A,#N/A,Administrative data
1245,Planas Site,Planas Site III St. Brgy. Kaunlaran,"Planas Site III Street Barangay Kaunlaran, Quezon City, Philippines",Kaunlaran,4,Childcare,Public,Child development center,"Data_QC Caring Cities Tracker, QC Administrative Data - Child",#N/A,#N/A,#N/A,#N/A,#N/A,#N/A,#N/A,#N/A,Administrative data
1247,playproject learning center,"ktc phase 2 retail 5 , kanlaon town center, 8 kanlaon street, sta. teresita, quezon city, ncr, 1114","ktc phase 2 retail 5 , kanlaon town center, 8 kanlaon street, sta. teresita, quezon city, ncr, 1114, Philippines",Sta. Teresita,1,Childcare,Private,Child learning center,"QC Future Ready dashboard, Childcare",8:00AM,5:00PM,121.0019864,14.6190027,#N/A,#N/A,#N/A,#N/A,Administrative data
1252,POCC (Holy Trinity),"Nenita Extn. POCC Compound Area VI, Brgy. Gulod","Nenita Extension POCC Compound Area VI, Barangay Gulod, Quezon City, Philippines",Gulod,5,Childcare,Public,Child development center,"Data_QC Caring Cities Tracker, QC Administrative Data - Child",#N/A,#N/A,121.0455461,14.7089561,#N/A,#N/A,#N/A,#N/A,Administrative data
1255,Pook Daang Tubo,Pook Daang Tubo Brgy. UP Campus,"Pook Daang Tubo Barangay UP Campus, Quezon City, Philippines",U. P. Campus,4,Childcare,Public,Child development center,"Data_QC Caring Cities Tracker, QC Administrative Data - Child",#N/A,#N/A,121.0721082,14.6465459,#N/A,#N/A,#N/A,#N/A,Administrative data
1256,Pook Libis,Pook Libis Brgy. UP Campus,"Pook Libis Barangay UP Campus, Quezon City, Philippines",U. P. Campus,4,Childcare,Public,Child development center,"Data_QC Caring Cities Tracker, QC Administrative Data - Child",#N/A,#N/A,121.0661317,14.6412698,#N/A,#N/A,#N/A,#N/A,Administrative data
1257,Pook Masagana,Alley 25 Pook Masagana,"Alley 25 Pook Masagana, Quezon City, Philippines",Bahay Toro,1,Childcare,Public,Child development center,"Data_QC Caring Cities Tracker, QC Administrative Data - Child",#N/A,#N/A,121.0330464,14.672807,#N/A,#N/A,#N/A,#N/A,Administrative data
1258,Pook Pag-asa,"B1 L21 Pook Pagasa St., Brgy. Batasan Hills","B1 L21 Pook Pagasa Street, Barangay Batasan Hills, Quezon City, Philippines",Batasan Hills,2,Childcare,Public,Child development center,"Data_QC Caring Cities Tracker, QC Administrative Data - Child",#N/A,#N/A,#N/A,#N/A,#N/A,#N/A,#N/A,#N/A,Administrative data
1259,Pook Village B,Pook Village B Brgy. UP Campus,"Pook Village B Barangay UP Campus, Quezon City, Philippines",U. P. Campus,4,Childcare,Public,Child development center,"Data_QC Caring Cities Tracker, QC Administrative Data - Child",#N/A,#N/A,121.0632682,14.6506523,#N/A,#N/A,#N/A,#N/A,Administrative data
1269,prime montessori school inc.,"blk 76, lot 67, ascension  avenue, lagro subdivision novaliches, greater lagro, quezon city, ncr, 1100","blk 76, lot 67, ascension avenue, lagro subdivision novaliches, greater lagro, quezon city, ncr, 1100, Philippines",Greater Lagro,5,Childcare,Private,Child learning center,"QC Future Ready dashboard, Childcare",8:00AM,5:00PM,121.0675228,14.7324769,#N/A,#N/A,#N/A,#N/A,Administrative data
1283,progressive minds learning and tutorial center inc.,"# 2, alabama st. cor e. rodriguez sr. ave, kristong hari, quezon city, ncr, 1112","2, alabama Street corner e. rodriguez sr. ave, kristong hari, quezon city, ncr, 1112, Philippines",E. Rodriguez,3,Childcare,Private,Child learning center,"QC Future Ready dashboard, Childcare",8:00AM,5:00PM,#N/A,#N/A,#N/A,#N/A,#N/A,#N/A,Administrative data
1285,Project 6,Alley 3 Project 6,"Alley 3 Project 6, Quezon City, Philippines",Project 6,1,Childcare,Public,Child development center,"Data_QC Caring Cities Tracker, QC Administrative Data - Child",#N/A,#N/A,121.0403396,14.6619626,#N/A,#N/A,#N/A,#N/A,Administrative data
1294,Purok 12,"Purok 12, Adarna St., Brgy. Commonwealth","Purok 12, Adarna Street, Barangay Commonwealth, Quezon City, Philippines",Commonwealth,2,Childcare,Public,Child development center,"Data_QC Caring Cities Tracker, QC Administrative Data - Child",#N/A,#N/A,121.0780522,14.694783,#N/A,#N/A,#N/A,#N/A,Administrative data
1295,Purok 15,"Purok 15, Pinagnayon St., Brgy. Commonwealth","Purok 15, Pinagnayon Street, Barangay Commonwealth, Quezon City, Philippines",Commonwealth,2,Childcare,Public,Child development center,"Data_QC Caring Cities Tracker, QC Administrative Data - Child",#N/A,#N/A,121.0764738,14.6963377,#N/A,#N/A,#N/A,#N/A,Administrative data
1296,Purok 16,"Unit V, Purok 16, Brgy. Commonwealth","Unit V, Purok 16, Barangay Commonwealth, Quezon City, Philippines",Commonwealth,2,Childcare,Public,Child development center,"Data_QC Caring Cities Tracker, QC Administrative Data - Child",#N/A,#N/A,121.0755651,14.6952315,#N/A,#N/A,#N/A,#N/A,Administrative data
1297,Purok 20,"Unit V, Purok 20, Brgy. Commonwealth","Unit V, Purok 20, Barangay Commonwealth, Quezon City, Philippines",Commonwealth,2,Childcare,Public,Child development center,"Data_QC Caring Cities Tracker, QC Administrative Data - Child",#N/A,#N/A,121.073147,14.6962539,#N/A,#N/A,#N/A,#N/A,Administrative data
1298,Purok I,"251 Purok I, Luzon Avenue","251 Purok I, Luzon Avenue, Quezon City, Philippines",Culiat,6,Childcare,Public,Child development center,"Data_QC Caring Cities Tracker, QC Administrative Data - Child",#N/A,#N/A,#N/A,#N/A,#N/A,#N/A,#N/A,#N/A,Administrative data
1300,Queensland I,"Princess Grace St., Queensland Phase I Subd., Damong Maliit, Brgy. Nagkaisang Nayon","Princess Grace Street, Queensland Phase I Subdivision, Damong Maliit, Barangay Nagkaisang Nayon, Quezon City, Philippines",Nagkaisang Nayon,5,Childcare,Public,Child development center,"Data_QC Caring Cities Tracker, QC Administrative Data - Child",#N/A,#N/A,121.0263914,14.7279337,#N/A,#N/A,#N/A,#N/A,Administrative data
1301,Queensland II,"Ground Floor Vargas Building, Blk 5 Lot 14 Ruby St. Queensland 2 Village, Brgy Nagkaisang Nayon","Ground Floor Vargas Building, Blk 5 Lot 14 Ruby Street Queensland 2 Village, Barangay Nagkaisang Nayon, Quezon City, Philippines",Nagkaisang Nayon,5,Childcare,Public,Child development center,"Data_QC Caring Cities Tracker, QC Administrative Data - Child",#N/A,#N/A,#N/A,#N/A,#N/A,#N/A,#N/A,#N/A,Administrative data
1324,Quezon City Yakap,"QC Hall Compound, Brgy. Central (Back of QC Public Library)","Quezon City Hall Compound, Barangay Central (Back of Quezon City Public Library), Philippines",Central,4,Childcare,Public,Child development center,"Data_QC Caring Cities Tracker, QC Administrative Data - Child",#N/A,#N/A,121.0500976,14.6464639,#N/A,#N/A,#N/A,#N/A,Administrative data
1326,Quirino 2A,"Anonas St., Brgy. Quirino 2A","Anonas Street, Barangay Quirino 2A, Quezon City, Philippines",Quirino 2-A,3,Childcare,Public,Child development center,"Data_QC Caring Cities Tracker, QC Administrative Data - Child",#N/A,#N/A,121.0591072,14.6313245,#N/A,#N/A,#N/A,#N/A,Administrative data
1327,Quirino 2B,"157B Pajo St., cor. Langka, Proj. 2, Brgy. Quirino 2B","157B Pajo Street, corner Langka, Proj. 2, Barangay Quirino 2B, Quezon City, Philippines",Quirino 2-B,3,Childcare,Public,Child development center,"Data_QC Caring Cities Tracker, QC Administrative Data - Child",#N/A,#N/A,121.0630891,14.6327333,#N/A,#N/A,#N/A,#N/A,Administrative data
1328,Quirino 2C,"179 Bignay St., Project 2, Brgy. Quirino 2C","179 Bignay Street, Project 2, Barangay Quirino 2C, Quezon City, Philippines",Quirino 2-C,3,Childcare,Public,Child development center,"Data_QC Caring Cities Tracker, QC Administrative Data - Child",#N/A,#N/A,#N/A,#N/A,#N/A,#N/A,#N/A,#N/A,Administrative data
1333,r and a learning center,"8, 22, shining hope phase 1 hoa roque 1b, napocor village, pasong tamo, quezon city, ncr, 1107","8, 22, shining hope phase 1 hoa roque 1b, napocor village, pasong tamo, quezon city, ncr, 1107, Philippines",Pasong Tamo,6,Childcare,Private,Child learning center,"QC Future Ready dashboard, Childcare",8:00AM,12:00PM,#N/A,#N/A,#N/A,#N/A,#N/A,#N/A,Administrative data
1338,Ramon Magsaysay I,Ilocos Sur St.,"Ilocos Sur Street, Quezon City, Philippines",Ramon Magsaysay,1,Childcare,Public,Child development center,"Data_QC Caring Cities Tracker, QC Administrative Data - Child",#N/A,#N/A,#N/A,#N/A,#N/A,#N/A,#N/A,#N/A,Administrative data
1339,Ramon Magsaysay II,Ilocos Sur St.,"Ilocos Sur Street, Quezon City, Philippines",Ramon Magsaysay,1,Childcare,Public,Child development center,"Data_QC Caring Cities Tracker, QC Administrative Data - Child",#N/A,#N/A,#N/A,#N/A,#N/A,#N/A,#N/A,#N/A,Administrative data
1346,Redemption 1,Parklane Ext. Gertrudes St. Livelihood Building,"Parklane Extension Gertrudes Street Livelihood Building, Quezon City, Philippines",Sangandaan,6,Childcare,Public,Child development center,"Data_QC Caring Cities Tracker, QC Administrative Data - Child",#N/A,#N/A,121.0215639,14.6759374,#N/A,#N/A,#N/A,#N/A,Administrative data
1347,Redemption 2,Parklane Ext. Gertrudes St. Livelihood Building,"Parklane Extension Gertrudes Street Livelihood Building, Quezon City, Philippines",Sangandaan,6,Childcare,Public,Child development center,"Data_QC Caring Cities Tracker, QC Administrative Data - Child",#N/A,#N/A,121.0214655,14.6758698,#N/A,#N/A,#N/A,#N/A,Administrative data
1349,Remarville,"Asteroid St. cor. Pisces St., Remarville Subd., Brgy. Bagbag","Asteroid Street corner Pisces Street, Remarville Subdivision, Barangay Bagbag, Quezon City, Philippines",Bagbag,5,Childcare,Public,Child development center,"Data_QC Caring Cities Tracker, QC Administrative Data - Child",#N/A,#N/A,121.0388959,14.6956258,#N/A,#N/A,#N/A,#N/A,Administrative data
1358,Robina,"Robina Rd. Sierra Vista Subd., Brgy. Nagkaisang Nayon","Robina Road Sierra Vista Subdivision, Barangay Nagkaisang Nayon, Quezon City, Philippines",Nagkaisang Nayon,5,Childcare,Public,Child development center,"Data_QC Caring Cities Tracker, QC Administrative Data - Child",#N/A,#N/A,121.0207475,14.7177044,#N/A,#N/A,#N/A,#N/A,Administrative data
1359,Rolling Hills,"Purok 7, Sitio Rolling Hills (Boundary QC & Montalban)","Purok 7, Sitio Rolling Hills (Boundary Quezon City & Montalban), Philippines",Bagong Silangan,2,Childcare,Public,Child development center,"Data_QC Caring Cities Tracker, QC Administrative Data - Child",#N/A,#N/A,121.1203098,14.7264678,#N/A,#N/A,#N/A,#N/A,Administrative data
1361,Roxas,Champaca cor. Dahlia St. Brgy. Roxas,"Champaca corner Dahlia Street Barangay Roxas, Quezon City, Philippines",Roxas,4,Childcare,Public,Child development center,"Data_QC Caring Cities Tracker, QC Administrative Data - Child",#N/A,#N/A,121.0198887,14.6287338,#N/A,#N/A,#N/A,#N/A,Administrative data
1366,Saint John Masambong I,4 Capuas St.,"4 Capuas Street, Quezon City, Philippines",Masambong,1,Childcare,Public,Child development center,"Data_QC Caring Cities Tracker, QC Administrative Data - Child",#N/A,#N/A,#N/A,#N/A,#N/A,#N/A,#N/A,#N/A,Administrative data
1367,Saint John Masambong II,4 Capuas St.,"4 Capuas Street, Quezon City, Philippines",Masambong,1,Childcare,Public,Child development center,"Data_QC Caring Cities Tracker, QC Administrative Data - Child",#N/A,#N/A,#N/A,#N/A,#N/A,#N/A,#N/A,#N/A,Administrative data
1372,"saint martin de porres center, inc.","53, rosario dr. cor. cannon road, mariana, quezon city, ncr, 1112","53, rosario Drive corner cannon road, mariana, quezon city, ncr, 1112, Philippines",Mariana,4,Childcare,Private,Day care center,"QC Future Ready dashboard, Childcare",8:00AM,5:00PM,121.0409998,14.6215392,#N/A,#N/A,#N/A,#N/A,Administrative data
1390,salt and light child care and development inc.,"3rd flr, pinnacle bldg, no. 8 congressional avenue ext. , pasong tamo, quezon city, ncr, 1107","3rd flr, pinnacle bldg, 8 congressional avenue Extension , pasong tamo, quezon city, ncr, 1107, Philippines",Pasong Tamo,6,Childcare,Private,Child learning center,"QC Future Ready dashboard, Childcare",9:00AM,6:00PM,121.0622212,14.6728339,#N/A,#N/A,#N/A,#N/A,Administrative data
1391,Salvacion,#74 Bulusan St.,"74 Bulusan Street, Quezon City, Philippines",Salvacion,1,Childcare,Public,Child development center,"Data_QC Caring Cities Tracker, QC Administrative Data - Child",#N/A,#N/A,120.9945947,14.6265535,#N/A,#N/A,#N/A,#N/A,Administrative data
1392,Samadores,"Area 2, Luzon, Brgy. Matandang Balara","Area 2, Luzon, Barangay Matandang Balara, Quezon City, Philippines",Matandang Balara,3,Childcare,Public,Child development center,"Data_QC Caring Cities Tracker, QC Administrative Data - Child",#N/A,#N/A,121.0689104,14.6703732,#N/A,#N/A,#N/A,#N/A,Administrative data
1393,SAMAPINA,"Block 1 Lot 60 Sampaguita St. Maligaya Park, Brgy. Pasong Putik Proper","Block 1 Lot 60 Sampaguita Street Maligaya Park, Barangay Pasong Putik Proper, Quezon City, Philippines",Pasong Putik Proper,5,Childcare,Public,Child development center,"Data_QC Caring Cities Tracker, QC Administrative Data - Child",#N/A,#N/A,121.0583939,14.7386762,#N/A,#N/A,#N/A,#N/A,Administrative data
1394,Sampaguita,"Sampaguita Compound, Atlas Road, Brgy. San Bartolome","Sampaguita Compound, Atlas Road, Barangay San Bartolome, Quezon City, Philippines",San Bartolome,5,Childcare,Public,Child development center,"Data_QC Caring Cities Tracker, QC Administrative Data - Child",#N/A,#N/A,121.0293262,14.713147,#N/A,#N/A,#N/A,#N/A,Administrative data
1402,San Antonio I,173 West Riverside St.,"173 West Riverside Street, Quezon City, Philippines",San Antonio,1,Childcare,Public,Child development center,"Data_QC Caring Cities Tracker, QC Administrative Data - Child",#N/A,#N/A,121.0142544,14.6516477,#N/A,#N/A,#N/A,#N/A,Administrative data
1403,San Antonio II,47 Guerrero St.,"47 Guerrero Street, Quezon City, Philippines",San Antonio,1,Childcare,Public,Child development center,"Data_QC Caring Cities Tracker, QC Administrative Data - Child",#N/A,#N/A,#N/A,#N/A,#N/A,#N/A,#N/A,#N/A,Administrative data
1404,San Antonio III,"Lot 5 Alley 7, 31 San Jose St.","Lot 5 Alley 7, 31 San Jose Street, Quezon City, Philippines",San Antonio,1,Childcare,Public,Child development center,"Data_QC Caring Cities Tracker, QC Administrative Data - Child",#N/A,#N/A,#N/A,#N/A,#N/A,#N/A,#N/A,#N/A,Administrative data
1411,San Isidro Galas,"Brgy. San Isidro Galas Bgy. Hall Compound, Unang Hakbang St.","Barangay San Isidro Galas Barangay Hall Compound, Unang Hakbang Street, Quezon City, Philippines",San Isidro,4,Childcare,Public,Child development center,"Data_QC Caring Cities Tracker, QC Administrative Data - Child",#N/A,#N/A,121.0085556,14.61146,#N/A,#N/A,#N/A,#N/A,Administrative data
1412,San Isidro Labrador,#91 Halcon St.,"91 Halcon Street, Quezon City, Philippines",San Isidro Labrador,1,Childcare,Public,Child development center,"Data_QC Caring Cities Tracker, QC Administrative Data - Child",#N/A,#N/A,#N/A,#N/A,#N/A,#N/A,#N/A,#N/A,Administrative data
1417,San Jose,80 Tendido St.,"80 Tendido Street, Quezon City, Philippines",San Jose,1,Childcare,Public,Child development center,"Data_QC Caring Cities Tracker, QC Administrative Data - Child",#N/A,#N/A,120.9943232,14.6432395,#N/A,#N/A,#N/A,#N/A,Administrative data
1421,San Jose Seminary I,"Road 19 Bahay Toro, Proj. 8","Road 19 Bahay Toro, Proj. 8, Quezon City, Philippines",Bahay Toro,1,Childcare,Public,Child development center,"Data_QC Caring Cities Tracker, QC Administrative Data - Child",#N/A,#N/A,121.0200335,14.664437,#N/A,#N/A,#N/A,#N/A,Administrative data
1422,San Jose Seminary II,Road 19 Bahay Toro Proj. 8,"Road 19 Bahay Toro Proj. 8, Quezon City, Philippines",Bahay Toro,1,Childcare,Public,Child development center,"Data_QC Caring Cities Tracker, QC Administrative Data - Child",#N/A,#N/A,121.0200335,14.664437,#N/A,#N/A,#N/A,#N/A,Administrative data
1427,San Martin de Porres Annex,Conrado Benitez St. Brgy. San Martin de Porres,"Conrado Benitez Street Barangay San Martin de Porres, Quezon City, Philippines",San Martin de Porres,4,Childcare,Public,Child development center,"Data_QC Caring Cities Tracker, QC Administrative Data - Child",#N/A,#N/A,#N/A,#N/A,#N/A,#N/A,#N/A,#N/A,Administrative data
1428,San Martin de Porres I,Conrado Benitez St. Brgy. San Martin de Porres,"Conrado Benitez Street Barangay San Martin de Porres, Quezon City, Philippines",San Martin de Porres,4,Childcare,Public,Child development center,"Data_QC Caring Cities Tracker, QC Administrative Data - Child",#N/A,#N/A,#N/A,#N/A,#N/A,#N/A,#N/A,#N/A,Administrative data
1429,San Pedro IX,Santan St. San Pedro IX Subd. Brgy. Bagbag,"Santan Street San Pedro IX Subdivision Barangay Bagbag, Quezon City, Philippines",Bagbag,5,Childcare,Public,Child development center,"Data_QC Caring Cities Tracker, QC Administrative Data - Child",#N/A,#N/A,121.021331,14.7008367,#N/A,#N/A,#N/A,#N/A,Administrative data
1430,San Roque,"85 19th ave., Brgy. San Roque","85 19th Avenue, Barangay San Roque, Quezon City, Philippines",San Roque,3,Childcare,Public,Child development center,"Data_QC Caring Cities Tracker, QC Administrative Data - Child",#N/A,#N/A,121.0633231,14.6185279,#N/A,#N/A,#N/A,#N/A,Administrative data
1431,San Vicente,Fatima St. cor. Maayusin Ext. Brgy. San Vicente,"Fatima Street corner Maayusin Extension Barangay San Vicente, Quezon City, Philippines",San Vicente,4,Childcare,Public,Child development center,"Data_QC Caring Cities Tracker, QC Administrative Data - Child",#N/A,#N/A,121.0560736,14.6526008,#N/A,#N/A,#N/A,#N/A,Administrative data
1437,santa rafaela maria school quezon city inc.,"#55, salvador, loyola heights, quezon city, ncr, 1108","55, salvador, loyola heights, quezon city, ncr, 1108, Philippines",Loyola Heights,3,Childcare,Private,Child learning center,"QC Future Ready dashboard, Childcare",8:00AM,4:00PM,121.0723201,14.6392245,#N/A,#N/A,#N/A,#N/A,Administrative data
1438,Santol,"Brgy. Santol Brgy. Hall, Silencio cor. Baloy St.","Barangay Santol Barangay Hall, Silencio corner Baloy Street, Quezon City, Philippines",Santol,4,Childcare,Public,Child development center,"Data_QC Caring Cities Tracker, QC Administrative Data - Child",#N/A,#N/A,121.0145453,14.612333,#N/A,#N/A,#N/A,#N/A,Administrative data
1439,SAPAMANAI,"2nd Floor SAPAMANAI Bldg., Molave St. cor Mahogany St. Brgy Fairview","2nd Floor SAPAMANAI Building, Molave Street corner Mahogany Street Barangay Fairview, Quezon City, Philippines",Fairview,5,Childcare,Public,Child development center,"Data_QC Caring Cities Tracker, QC Administrative Data - Child",#N/A,#N/A,121.0691961,14.7105643,#N/A,#N/A,#N/A,#N/A,Administrative data
1440,Sapang Kangkong,"168 Kilusan St., Brgy. Matandang Balara","168 Kilusan Street, Barangay Matandang Balara, Quezon City, Philippines",Matandang Balara,3,Childcare,Public,Child development center,"Data_QC Caring Cities Tracker, QC Administrative Data - Child",#N/A,#N/A,121.0743781,14.6717796,#N/A,#N/A,#N/A,#N/A,Administrative data
1465,shining stars child development tutorial center,"2f - 1c  1d,  pearl drive commercial center , commonwealth ave corner pearl street, fairview, quezon city, ncr, 1118","2f - 1c 1d, pearl drive commercial center , commonwealth ave corner pearl street, fairview, quezon city, ncr, 1118, Philippines",Commonwealth,2,Childcare,Private,Child learning center,"QC Future Ready dashboard, Childcare",8:00AM,5:00PM,#N/A,#N/A,#N/A,#N/A,#N/A,#N/A,Administrative data
1466,Silangan,"193 Ermin Garcia St., Cubao, Brgy. Silangan","193 Ermin Garcia Street, Cubao, Barangay Silangan, Quezon City, Philippines",Silangan,3,Childcare,Public,Child development center,"Data_QC Caring Cities Tracker, QC Administrative Data - Child",#N/A,#N/A,121.0561355,14.6289309,#N/A,#N/A,#N/A,#N/A,Administrative data
1478,Sitio 6,"Lot 18 Blk 52, Abad Santos St, Sitio 6, Brgy. Sta Lucia","Lot 18 Blk 52, Abad Santos St, Sitio 6, Barangay Sta Lucia, Quezon City, Philippines",Sta. Lucia,5,Childcare,Public,Child development center,"Data_QC Caring Cities Tracker, QC Administrative Data - Child",#N/A,#N/A,121.0517908,14.708652,#N/A,#N/A,#N/A,#N/A,Administrative data
1479,Sitio Cabuyao I,"Area 5a, Sauyo Road","Area 5a, Sauyo Road, Quezon City, Philippines",Sauyo,6,Childcare,Public,Child development center,"Data_QC Caring Cities Tracker, QC Administrative Data - Child",#N/A,#N/A,121.0322259,14.6888669,#N/A,#N/A,#N/A,#N/A,Administrative data
1480,Sitio Cabuyao II,"Area 6, Sauyo Road","Area 6, Sauyo Road, Quezon City, Philippines",Sauyo,6,Childcare,Public,Child development center,"Data_QC Caring Cities Tracker, QC Administrative Data - Child",#N/A,#N/A,#N/A,#N/A,#N/A,#N/A,#N/A,#N/A,Administrative data
1481,Sitio Kislap,"Sitio Kislap Pearl St, Brgy. Fairview","Sitio Kislap Pearl St, Barangay Fairview, Quezon City, Philippines",Fairview,5,Childcare,Public,Child development center,"Data_QC Caring Cities Tracker, QC Administrative Data - Child",#N/A,#N/A,121.0729959,14.7075388,#N/A,#N/A,#N/A,#N/A,Administrative data
1482,Sitio Lambak,Flores St. Brgy. Krus Na Ligas,"Flores Street Barangay Krus Na Ligas, Quezon City, Philippines",Krus na Ligas,4,Childcare,Public,Child development center,"Data_QC Caring Cities Tracker, QC Administrative Data - Child",#N/A,#N/A,121.0630151,14.6407989,#N/A,#N/A,#N/A,#N/A,Administrative data
1483,Sitio Maligaya I,14 Bayanihan Drive,"14 Bayanihan Drive, Quezon City, Philippines",Bahay Toro,1,Childcare,Public,Child development center,"Data_QC Caring Cities Tracker, QC Administrative Data - Child",#N/A,#N/A,121.0239018,14.6682388,#N/A,#N/A,#N/A,#N/A,Administrative data
1484,Sitio Maligaya II,14 Bayanihan Drive,"14 Bayanihan Drive, Quezon City, Philippines",Bahay Toro,1,Childcare,Public,Child development center,"Data_QC Caring Cities Tracker, QC Administrative Data - Child",#N/A,#N/A,#N/A,#N/A,#N/A,#N/A,#N/A,#N/A,Administrative data
1485,Sitio Pajo,GK Sitio Pajo,"GK Sitio Pajo, Quezon City, Philippines",Baesa,6,Childcare,Public,Child development center,"Data_QC Caring Cities Tracker, QC Administrative Data - Child",#N/A,#N/A,121.0145391,14.6626972,#N/A,#N/A,#N/A,#N/A,Administrative data
1486,Sitio RABOSNA,"14 Ruby St Sitio Rabosna, Brgy. Fairview","14 Ruby St Sitio Rabosna, Barangay Fairview, Quezon City, Philippines",Fairview,5,Childcare,Public,Child development center,"Data_QC Caring Cities Tracker, QC Administrative Data - Child",#N/A,#N/A,121.0674574,14.7098201,#N/A,#N/A,#N/A,#N/A,Administrative data
1487,Sitio Ruby,"Sitio Ruby St. SERNAI East Fairview, Brgy. Fairview","Sitio Ruby Street SERNAI East Fairview, Barangay Fairview, Quezon City, Philippines",Fairview,5,Childcare,Public,Child development center,"Data_QC Caring Cities Tracker, QC Administrative Data - Child",#N/A,#N/A,121.0726771,14.7100359,#N/A,#N/A,#N/A,#N/A,Administrative data
1488,Sitio San Roque,Sitio San Roque Compound,"Sitio San Roque Compound, Quezon City, Philippines",Sangandaan,6,Childcare,Public,Child development center,"Data_QC Caring Cities Tracker, QC Administrative Data - Child",#N/A,#N/A,#N/A,#N/A,#N/A,#N/A,#N/A,#N/A,Administrative data
1489,Sitio Sto. Cristo,#25 Sitio Sto. Cristo,"25 Sitio Sto. Cristo, Quezon City, Philippines",#N/A,1,Childcare,Public,Child development center,"Data_QC Caring Cities Tracker, QC Administrative Data - Child",#N/A,#N/A,121.0298333,14.6615457,#N/A,#N/A,#N/A,#N/A,Administrative data
1490,Sitio Urlina,Sitio Urlina Lilac St. Brgy. Fairview,"Sitio Urlina Lilac Street Barangay Fairview, Quezon City, Philippines",Fairview,5,Childcare,Public,Child development center,"Data_QC Caring Cities Tracker, QC Administrative Data - Child",#N/A,#N/A,121.0625297,14.6941097,#N/A,#N/A,#N/A,#N/A,Administrative data
1491,Sitio Veterans I,"Ground Floor, Sitio Veterans CDC, Lot 1 Block 18, Dove St., Area 1 Sitio Veterans, corner Don Vicente St., Brgy. Bagong Silangan","Ground Floor, Sitio Veterans CDC, Lot 1 Block 18, Dove Street, Area 1 Sitio Veterans, corner Don Vicente Street, Barangay Bagong Silangan, Quezon City, Philippines",Bagong Silangan,2,Childcare,Public,Child development center,"Data_QC Caring Cities Tracker, QC Administrative Data - Child",#N/A,#N/A,121.1051639,14.7070269,#N/A,#N/A,#N/A,#N/A,Administrative data
1492,Sitio Veterans II,"Second Floor, Sitio Veterans CDC, Lot 1 Block 18, Dove St., Area 1 Sitio Veterans, corner Don Vicente St., Brgy. Bagong Silangan","Second Floor, Sitio Veterans CDC, Lot 1 Block 18, Dove Street, Area 1 Sitio Veterans, corner Don Vicente Street, Barangay Bagong Silangan, Quezon City, Philippines",Bagong Silangan,2,Childcare,Public,Child development center,"Data_QC Caring Cities Tracker, QC Administrative Data - Child",#N/A,#N/A,121.1051639,14.7070269,#N/A,#N/A,#N/A,#N/A,Administrative data
1503,smartyville learning center,"unit 14  2nd floor , gtr bldg , no. 2 katipunan ave  corner king ferdinand st, kings point subdivision , bagbag, quezon city, ncr, 1116","unit 14 2nd floor , gtr bldg , 2 katipunan ave corner king ferdinand st, kings point subdivision , bagbag, quezon city, ncr, 1116, Philippines",Katipunan,1,Childcare,Private,Child learning center,"QC Future Ready dashboard, Childcare",8:00AM,5:00PM,#N/A,#N/A,#N/A,#N/A,#N/A,#N/A,Administrative data
1504,Socorro,"#1 15th ave. cor. Boni Serrano Rd., Brgy. Socorro","1 15th Avenue corner Boni Serrano Road, Barangay Socorro, Quezon City, Philippines",Socorro,3,Childcare,Public,Child development center,"Data_QC Caring Cities Tracker, QC Administrative Data - Child",#N/A,#N/A,121.0624669,14.6130574,#N/A,#N/A,#N/A,#N/A,Administrative data
1506,Soliven,"Commonwealth Heights, Soliven St. corner President Quezon St., Brgy. Commonwealth","Commonwealth Heights, Soliven Street corner President Quezon Street, Barangay Commonwealth, Quezon City, Philippines",Commonwealth,2,Childcare,Public,Child development center,"Data_QC Caring Cities Tracker, QC Administrative Data - Child",#N/A,#N/A,#N/A,#N/A,#N/A,#N/A,#N/A,#N/A,Administrative data
1513,South Triangle,Brgy. South Triangle Barangay Hall Sct. Bayoran St.,"Barangay South Triangle Barangay Hall Sct. Bayoran Street, Quezon City, Philippines",South Triangle,4,Childcare,Public,Child development center,"Data_QC Caring Cities Tracker, QC Administrative Data - Child",#N/A,#N/A,121.0374221,14.6377557,#N/A,#N/A,#N/A,#N/A,Administrative data
1517,Springfield,"Springfield St., Brgy. Payatas","Springfield Street, Barangay Payatas, Quezon City, Philippines",Payatas,2,Childcare,Public,Child development center,"Data_QC Caring Cities Tracker, QC Administrative Data - Child",#N/A,#N/A,#N/A,#N/A,#N/A,#N/A,#N/A,#N/A,Administrative data
1527,St. Andrew,"Sampaguita St., Dantes Subd., Damong Maliit, Brgy. Nagkaisang Nayon","Sampaguita Street, Dantes Subdivision, Damong Maliit, Barangay Nagkaisang Nayon, Quezon City, Philippines",Nagkaisang Nayon,5,Childcare,Public,Child development center,"Data_QC Caring Cities Tracker, QC Administrative Data - Child",#N/A,#N/A,121.0326538,14.7241438,#N/A,#N/A,#N/A,#N/A,Administrative data
1563,St. Catherine,"St. Catherine St., Brgy. Holy Spirit","Street Catherine Street, Barangay Holy Spirit, Quezon City, Philippines",Holy Spirit,2,Childcare,Public,Child development center,"Data_QC Caring Cities Tracker, QC Administrative Data - Child",#N/A,#N/A,#N/A,#N/A,#N/A,#N/A,#N/A,#N/A,Administrative data
1568,St. Francis,"Barangay Hall Compd., Patnubay Street, St. Francis Village","Barangay Hall Compd., Patnubay Street, Street Francis Village, Quezon City, Philippines",San Agustin,5,Childcare,Public,Child development center,"Data_QC Caring Cities Tracker, QC Administrative Data - Child",#N/A,#N/A,121.0384666,14.7292606,#N/A,#N/A,#N/A,#N/A,Administrative data
1620,st. mark integrated school inc.,"#3, gloria ii subd., tandang sora, quezon city, ncr, 1116","3, gloria ii Subdivision, tandang sora, quezon city, ncr, 1116, Philippines",Tandang Sora,6,Childcare,Private,Child learning center,"QC Future Ready dashboard, Childcare",8:00AM,5:00PM,121.0422266,14.6765618,#N/A,#N/A,#N/A,#N/A,Administrative data
1673,Sta. Cruz,"2nd Flr. Multi-purpose Hall
23D Gen. Lim St.","2nd Floor Multi-purpose Hall
23D Gen. Lim Street, Quezon City, Philippines",Sta. Cruz,1,Childcare,Public,Child development center,"Data_QC Caring Cities Tracker, QC Administrative Data - Child",#N/A,#N/A,121.0169696,14.6330369,#N/A,#N/A,#N/A,#N/A,Administrative data
1676,Sta. Monica,"Barangay Hall Compd., Moises St., Jordan Plains Subd., Brgy. Sta Monica","Barangay Hall Compd., Moises Street, Jordan Plains Subdivision, Barangay Sta Monica, Quezon City, Philippines",Sta. Monica,5,Childcare,Public,Child development center,"Data_QC Caring Cities Tracker, QC Administrative Data - Child",#N/A,#N/A,121.0451835,14.7247805,#N/A,#N/A,#N/A,#N/A,Administrative data
1677,Sta. Teresita,Mayon cor. Dapitan St. Barangay Hall Compd.,"Mayon corner Dapitan Street Barangay Hall Compd., Quezon City, Philippines",Sta. Teresita,1,Childcare,Public,Child development center,"Data_QC Caring Cities Tracker, QC Administrative Data - Child",#N/A,#N/A,#N/A,#N/A,#N/A,#N/A,#N/A,#N/A,Administrative data
1685,"ste. anne de beaupre school, inc.","faith st., 7 teresa village, bahay toro, quezon city, ncr, 1106","faith Street, 7 teresa village, bahay toro, quezon city, ncr, 1106, Philippines",Bahay Toro,1,Childcare,Private,Child learning center,"QC Future Ready dashboard, Childcare",8:00AM,5:00PM,#N/A,#N/A,#N/A,#N/A,#N/A,#N/A,Administrative data
1698,Sto. Cristo,5 Romblon St.,"5 Romblon Street, Quezon City, Philippines",Sto. Cristo,1,Childcare,Public,Child development center,"Data_QC Caring Cities Tracker, QC Administrative Data - Child",#N/A,#N/A,121.0292552,14.6627338,#N/A,#N/A,#N/A,#N/A,Administrative data
1700,Sto. Domingo,14 Maria Clara St.,"14 Maria Clara Street, Quezon City, Philippines",Sto. Domingo (Matalahib),1,Childcare,Public,Child development center,"Data_QC Caring Cities Tracker, QC Administrative Data - Child",#N/A,#N/A,121.0095362,14.6299906,#N/A,#N/A,#N/A,#N/A,Administrative data
1701,Sto. Domingo,"Republic Chapel (inside the gate), Brgy. Holy Spirit","Republic Chapel (inside the gate), Barangay Holy Spirit, Quezon City, Philippines",Holy Spirit,2,Childcare,Public,Child development center,"Data_QC Caring Cities Tracker, QC Administrative Data - Child",#N/A,#N/A,121.0849339,14.6898365,#N/A,#N/A,#N/A,#N/A,Administrative data
1702,Sto. Niño,Inocando St. Corner Santol St. Brgy. Sto. Niño,"Inocando Street Corner Santol Street Barangay Sto. Niño, Quezon City, Philippines",Sto. Niño,4,Childcare,Public,Child development center,"Data_QC Caring Cities Tracker, QC Administrative Data - Child",#N/A,#N/A,121.01257,14.6129641,#N/A,#N/A,#N/A,#N/A,Administrative data
1703,Sto. Niño,"Side of Sto. Niño Covered Court, Brgy. Holy Spirit","Side of Sto. Niño Covered Court, Barangay Holy Spirit, Quezon City, Philippines",Holy Spirit,2,Childcare,Public,Child development center,"Data_QC Caring Cities Tracker, QC Administrative Data - Child",#N/A,#N/A,121.0797926,14.6915933,#N/A,#N/A,#N/A,#N/A,Administrative data
1710,Sto. Niño De Payatas I,"Ground floor, SÑDP CDC, Sto. Niño De Payatas St., Brgy. Payatas","Ground floor, SÑDP CDC, Sto. Niño De Payatas Street, Barangay Payatas, Quezon City, Philippines",Payatas,2,Childcare,Public,Child development center,"Data_QC Caring Cities Tracker, QC Administrative Data - Child",#N/A,#N/A,121.0999563,14.7019144,#N/A,#N/A,#N/A,#N/A,Administrative data
1711,Sto. Niño De Payatas II,"Second floor, SÑDP CDC, Sto. Niño De Payatas St., Brgy. Payatas","Second floor, SÑDP CDC, Sto. Niño De Payatas Street, Barangay Payatas, Quezon City, Philippines",Payatas,2,Childcare,Public,Child development center,"Data_QC Caring Cities Tracker, QC Administrative Data - Child",#N/A,#N/A,121.0999563,14.7019144,#N/A,#N/A,#N/A,#N/A,Administrative data
1721,T.S. Cruz,"T.S. Cruz Day Care and Livelihood Center, Fidel St., T.S. Cruz Subdivision, Brgy. San Agustin","T.S. Cruz Day Care and Livelihood Center, Fidel Street, T.S. Cruz Subdivision, Barangay San Agustin, Quezon City, Philippines",San Agustin,5,Childcare,Public,Child development center,"Data_QC Caring Cities Tracker, QC Administrative Data - Child",#N/A,#N/A,121.0345719,14.7248057,#N/A,#N/A,#N/A,#N/A,Administrative data
1722,Tagumpay,"2B P. Tuazon Blvd., Brgy. Tagumpay","2B P. Tuazon Boulevard, Barangay Tagumpay, Quezon City, Philippines",Tagumpay,3,Childcare,Public,Child development center,"Data_QC Caring Cities Tracker, QC Administrative Data - Child",#N/A,#N/A,#N/A,#N/A,#N/A,#N/A,#N/A,#N/A,Administrative data
1723,Talanay,"31 Alton St., Sitio Talanay, Brgy. Batasan Hills","31 Alton Street, Sitio Talanay, Barangay Batasan Hills, Quezon City, Philippines",Batasan Hills,2,Childcare,Public,Child development center,"Data_QC Caring Cities Tracker, QC Administrative Data - Child",#N/A,#N/A,121.0997767,14.6856039,#N/A,#N/A,#N/A,#N/A,Administrative data
1724,Talayan Calamba,199 Calamba ext. Talayan Village,"199 Calamba Extension Talayan Village, Quezon City, Philippines",Talayan,1,Childcare,Public,Child development center,"Data_QC Caring Cities Tracker, QC Administrative Data - Child",#N/A,#N/A,121.0134233,14.6348804,#N/A,#N/A,#N/A,#N/A,Administrative data
1725,Talipapa,Siklot St. Pleasantville Subd.,"Siklot Street Pleasantville Subdivision, Quezon City, Philippines",Talipapa,6,Childcare,Public,Child development center,"Data_QC Caring Cities Tracker, QC Administrative Data - Child",#N/A,#N/A,121.026903,14.6868201,#N/A,#N/A,#N/A,#N/A,Administrative data
1730,Tandang Sora Shrine,228 Banlat Road,"228 Banlat Road, Quezon City, Philippines",Tandang Sora,6,Childcare,Public,Child development center,"Data_QC Caring Cities Tracker, QC Administrative Data - Child",#N/A,#N/A,121.044744,14.6841441,#N/A,#N/A,#N/A,#N/A,Administrative data
1731,Tarhaville,"Blk 13 Lapu-lapu, Tarhaville Village, Brgy. Sta Lucia","Blk 13 Lapu-lapu, Tarhaville Village, Barangay Sta Lucia, Quezon City, Philippines",Sta. Lucia,5,Childcare,Public,Child development center,"Data_QC Caring Cities Tracker, QC Administrative Data - Child",#N/A,#N/A,121.0557351,14.7048475,#N/A,#N/A,#N/A,#N/A,Administrative data
1732,Tawid Sapa I,"Blk. 10 Phase 1, Kalinga Tawid Sapa, Brgy. Kaligayahan","Blk. 10 Phase 1, Kalinga Tawid Sapa, Barangay Kaligayahan, Quezon City, Philippines",Kaligayahan,5,Childcare,Public,Child development center,"Data_QC Caring Cities Tracker, QC Administrative Data - Child",#N/A,#N/A,#N/A,#N/A,#N/A,#N/A,#N/A,#N/A,Administrative data
1733,Tawid Sapa II,"Zone 1 cor. Sampalucan St., Tawid Sapa, Brgy. Kaligayahan","Zone 1 corner Sampalucan Street, Tawid Sapa, Barangay Kaligayahan, Quezon City, Philippines",Kaligayahan,5,Childcare,Public,Child development center,"Data_QC Caring Cities Tracker, QC Administrative Data - Child",#N/A,#N/A,#N/A,#N/A,#N/A,#N/A,#N/A,#N/A,Administrative data
1746,the b.u.g.s. learning and development center,"blk 23 , lot 8, paolo st., greenfields iii, san agustin, quezon city, ncr, 1117","blk 23 , lot 8, paolo Street, greenfields iii, san agustin, quezon city, ncr, 1117, Philippines",San Agustin,5,Childcare,Private,Child learning center,"QC Future Ready dashboard, Childcare",8:00AM,5:00PM,121.0341843,14.7322918,#N/A,#N/A,#N/A,#N/A,Administrative data
1801,thinkerbel kids play and learning center inc.,"23 sf-11, congressional town center, congressional ave., bahay toro, quezon city, ncr, 1106","23 sf-11, congressional town center, congressional Avenue, bahay toro, quezon city, ncr, 1106, Philippines",Bahay Toro,1,Childcare,Private,Child learning center,"QC Future Ready dashboard, Childcare",8:00AM,5:00PM,121.0399981,14.6713665,#N/A,#N/A,#N/A,#N/A,Administrative data
1804,Tibagan,11 Road Harmony St.,"11 Road Harmony Street, Quezon City, Philippines",Balingasa,1,Childcare,Public,Child development center,"Data_QC Caring Cities Tracker, QC Administrative Data - Child",#N/A,#N/A,121.0025605,14.6520166,#N/A,#N/A,#N/A,#N/A,Administrative data
1806,tiny thinkers learning center inc.,"113, west avenue , bungad, quezon city, ncr, 1105","113, west avenue , bungad, quezon city, ncr, 1105, Philippines",Bungad,1,Childcare,Private,Child learning center,"QC Future Ready dashboard, Childcare",8:00AM,5:00PM,121.028899,14.6514023,#N/A,#N/A,#N/A,#N/A,Administrative data
1807,tlc sped & therapy center,"1015 , unit d, salvador avenue, jordan plaines subdivision, sta. monica, quezon city, ncr, 1117","1015 , unit d, salvador avenue, jordan plaines subdivision, sta. monica, quezon city, ncr, 1117, Philippines",Sta. Monica,5,Childcare,Private,Child learning center,"QC Future Ready dashboard, Childcare",8:00AM,5:00PM,#N/A,#N/A,#N/A,#N/A,#N/A,#N/A,Administrative data
1823,Unang Sigaw,3 North Diversion Rd. Balintawak,"3 North Diversion Road Balintawak, Quezon City, Philippines",Unang Sigaw,6,Childcare,Public,Child development center,"Data_QC Caring Cities Tracker, QC Administrative Data - Child",#N/A,#N/A,120.9992032,14.6586169,#N/A,#N/A,#N/A,#N/A,Administrative data
1824,Unit IV,"Unit IV, Plaza Riverside, Brgy. Commonwealth","Unit IV, Plaza Riverside, Barangay Commonwealth, Quezon City, Philippines",Commonwealth,2,Childcare,Public,Child development center,"Data_QC Caring Cities Tracker, QC Administrative Data - Child",#N/A,#N/A,#N/A,#N/A,#N/A,#N/A,#N/A,#N/A,Administrative data
1825,Unit V,"Ground floor, DCC Paulate Bldg., Bato bato St., Brgy. Commonwealth","Ground floor, DCC Paulate Building, Bato bato Street, Barangay Commonwealth, Quezon City, Philippines",Holy Spirit,2,Childcare,Public,Child development center,"Data_QC Caring Cities Tracker, QC Administrative Data - Child",#N/A,#N/A,121.0806376,14.6930986,#N/A,#N/A,#N/A,#N/A,Administrative data
1830,Upper Everlasting,"Upper Everlasting, Brgy. Payatas","Upper Everlasting, Barangay Payatas, Quezon City, Philippines",Payatas,2,Childcare,Public,Child development center,"Data_QC Caring Cities Tracker, QC Administrative Data - Child",#N/A,#N/A,121.091662,14.6998752,#N/A,#N/A,#N/A,#N/A,Administrative data
1831,Upper Nawasa,"Unit VII Upper NAWASA, Brgy. Commonwealth","Unit VII Upper NAWASA, Barangay Commonwealth, Quezon City, Philippines",Commonwealth,2,Childcare,Public,Child development center,"Data_QC Caring Cities Tracker, QC Administrative Data - Child",#N/A,#N/A,#N/A,#N/A,#N/A,#N/A,#N/A,#N/A,Administrative data
1833,Vasra I,40 Forestry St.,"40 Forestry Street, Quezon City, Philippines",Vasra,1,Childcare,Public,Child development center,"Data_QC Caring Cities Tracker, QC Administrative Data - Child",#N/A,#N/A,121.0446598,14.6614155,#N/A,#N/A,#N/A,#N/A,Administrative data
1834,Vasra II,40 Forestry St.,"40 Forestry Street, Quezon City, Philippines",Vasra,1,Childcare,Public,Child development center,"Data_QC Caring Cities Tracker, QC Administrative Data - Child",#N/A,#N/A,121.0446598,14.6614155,#N/A,#N/A,#N/A,#N/A,Administrative data
1836,Veterans Area I,"Area I, Freedom Park St. Veterans Village","Area I, Freedom Park Street Veterans Village, Quezon City, Philippines",Pasong Tamo,6,Childcare,Public,Child development center,"Data_QC Caring Cities Tracker, QC Administrative Data - Child",#N/A,#N/A,#N/A,#N/A,#N/A,#N/A,#N/A,#N/A,Administrative data
1837,Veterans Area II,Corner Diego Silang St. Veterans Village,"Corner Diego Silang Street Veterans Village, Quezon City, Philippines",Pasong Tamo,6,Childcare,Public,Child development center,"Data_QC Caring Cities Tracker, QC Administrative Data - Child",#N/A,#N/A,121.0653899,14.6837959,#N/A,#N/A,#N/A,#N/A,Administrative data
1838,Veterans Area III,7th Street Veterans Village Area 3,"7th Street Veterans Village Area 3, Quezon City, Philippines",Pasong Tamo,6,Childcare,Public,Child development center,"Data_QC Caring Cities Tracker, QC Administrative Data - Child",#N/A,#N/A,121.065388,14.683173,#N/A,#N/A,#N/A,#N/A,Administrative data
1839,Veterans Village,#3 Palomaria St. cor. Bansalangin St.,"3 Palomaria Street corner Bansalangin Street, Quezon City, Philippines",Veterans Village,1,Childcare,Public,Child development center,"Data_QC Caring Cities Tracker, QC Administrative Data - Child",#N/A,#N/A,121.0247935,14.6536742,#N/A,#N/A,#N/A,#N/A,Administrative data
1841,Villa Beatriz,"Villa Beatriz Extension, Brgy. Matandang Balara","Villa Beatriz Extension, Barangay Matandang Balara, Quezon City, Philippines",Matandang Balara,3,Childcare,Public,Child development center,"Data_QC Caring Cities Tracker, QC Administrative Data - Child",#N/A,#N/A,121.0756984,14.6734632,#N/A,#N/A,#N/A,#N/A,Administrative data
1842,Villa Maria Clara,"Barangay Hall, Rajah Matanda, Brgy. Villa Maria Clara","Barangay Hall, Rajah Matanda, Barangay Villa Maria Clara, Quezon City, Philippines",Villa Maria Clara,3,Childcare,Public,Child development center,"Data_QC Caring Cities Tracker, QC Administrative Data - Child",#N/A,#N/A,#N/A,#N/A,#N/A,#N/A,#N/A,#N/A,Administrative data
1843,Villa Nova,"St. Michael St. cor Francis St. Villanova Subd., Brgy. Nagkaisang Nayon","Street Michael Street corner Francis Street Villanova Subdivision, Barangay Nagkaisang Nayon, Quezon City, Philippines",Nagkaisang Nayon,5,Childcare,Public,Child development center,"Data_QC Caring Cities Tracker, QC Administrative Data - Child",#N/A,#N/A,121.026431,14.7226644,#N/A,#N/A,#N/A,#N/A,Administrative data
1851,Villareal,"3rd floor Old Barangay Hall Building, Quirino Highway, Brgy. Gulod","3rd floor Old Barangay Hall Building, Quirino Highway, Barangay Gulod, Quezon City, Philippines",Gulod,5,Childcare,Public,Child development center,"Data_QC Caring Cities Tracker, QC Administrative Data - Child",#N/A,#N/A,121.0384751,14.7125392,#N/A,#N/A,#N/A,#N/A,Administrative data
1856,Visayan Hills,"Visayan Hills, Brgy. Matandang Balara","Visayan Hills, Barangay Matandang Balara, Quezon City, Philippines",Matandang Balara,3,Childcare,Public,Child development center,"Data_QC Caring Cities Tracker, QC Administrative Data - Child",#N/A,#N/A,121.0822821,14.6656506,#N/A,#N/A,#N/A,#N/A,Administrative data
1868,West Kamias,"2nd Flr. Barangay Hall, 2 K 10th St., , Brgy. West Kamias","2nd Floor Barangay Hall, 2 K 10th Street, Barangay West Kamias, Quezon City, Philippines",West Kamias,3,Childcare,Public,Child development center,"Data_QC Caring Cities Tracker, QC Administrative Data - Child",#N/A,#N/A,121.0476714,14.6287495,#N/A,#N/A,#N/A,#N/A,Administrative data
1877,Zebra,"San Simon St. (back of Brgy. Annex), Brgy. Holy Spirit","San Simon Street (back of Barangay Annex), Barangay Holy Spirit, Quezon City, Philippines",Holy Spirit,2,Childcare,Public,Child development center,"Data_QC Caring Cities Tracker, QC Administrative Data - Child",#N/A,#N/A,121.0848165,14.6899039,#N/A,#N/A,#N/A,#N/A,Administrative data
1886,Kaingin Bukid II Day Care Center,"J2W6+P96, Kanluran Street, Balingasa, Quezon City",#N/A,Apolonio Samson,6,Childcare,#N/A,Day care center,Google API,#N/A,#N/A,121.0108806,14.6467992,#N/A,#N/A,#N/A,#N/A,Google API
1888,Yakap Day Care Center,"M285+4GJ, Howmart Rd, Quezon City",#N/A,Baesa,6,Childcare,#N/A,Day care center,Google API,#N/A,#N/A,121.0087482,14.665332,#N/A,#N/A,#N/A,#N/A,Google API
1889,Barangay Day Care Center,"Barangay Samson Apolonio, Barangay Hall , F. Carlos Street, Baesa , 1106 Quezon City , Metro Manila",#N/A,Baesa,6,Childcare,#N/A,Day care center,Google API,#N/A,#N/A,121.012153,14.662249,#N/A,#N/A,#N/A,#N/A,Google API
1890,Yakap Day Care Center,"Planas Site I, 34 Planas III, Quezon City",#N/A,Bagong Lipunan ng Crame,4,Childcare,#N/A,Day care center,Google API,#N/A,#N/A,121.0513029,14.6144041,#N/A,#N/A,#N/A,#N/A,Google API
1891,Little Anne Learning Center,"24 Road 9, Bagong Pag-ASA , 1105 Quezon City , Metro Manila, 24 Rd 9, Bagong Pag-asa, Quezon City",#N/A,Bagong Pag-asa,1,Childcare,#N/A,Child learning center,Google API,#N/A,#N/A,121.0334749,14.6622138,#N/A,#N/A,#N/A,#N/A,Google API
1892,Day Care Center,"Liban, A. Bonifacio Ext., Quezon City",#N/A,Bagong Silangan,2,Childcare,#N/A,Day care center,Google API,#N/A,#N/A,121.1107434,14.6974791,#N/A,#N/A,#N/A,#N/A,Google API
1893,Headstart Play & Learn Daycare Center,"P425+2G2, Quezon City",#N/A,Bagong Silangan,2,Childcare,#N/A,Day care center,Google API,#N/A,#N/A,121.1087555,14.6999866,#N/A,#N/A,#N/A,#N/A,Google API
1894,Promise Land Child Development Center,"P466+QQ5, Quezon City",#N/A,Bagong Silangan,2,Childcare,#N/A,Child development centers and supervised neighborhood play,Google API,#N/A,#N/A,121.1119945,14.7118777,#N/A,#N/A,#N/A,#N/A,Google API
1895,Pook Pag-asa Child Development Center,"Blk 1, M3VX+HHH, Lot 13 Pook Pag-asa St, Brgy, Quezon City",#N/A,Bagong Silangan,2,Childcare,#N/A,Child development centers and supervised neighborhood play,Google API,#N/A,#N/A,121.0990015,14.6939365,#N/A,#N/A,#N/A,#N/A,Google API
1896,Bonifacio Daycare Center,"Area 5, Mabuhay St., Bagong Silangan, Quezon City",#N/A,Bagong Silangan,2,Childcare,#N/A,Day care center,Google API,#N/A,#N/A,121.1103999,14.7046075,#N/A,#N/A,#N/A,#N/A,Google API
1898,Phase 4 Daycare And Livelihood Center,Quezon City,#N/A,Bagong Silangan,2,Childcare,#N/A,Day care center,Google API,#N/A,#N/A,121.1105883,14.7131075,#N/A,#N/A,#N/A,#N/A,Google API
1901,Early Achievers Learning Center,"177 Congressional Ave, Project 8, Quezon City",#N/A,Bahay Toro,1,Childcare,#N/A,Child learning center,Google API,#N/A,#N/A,121.0312264,14.6661392,#N/A,#N/A,#N/A,#N/A,Google API
1902,Beautiful Mindworks Learning Hub,"3C, 3rd Floor SPICET Building, Visayas Ave, Brgy, Quezon City",#N/A,Bahay Toro,1,Childcare,#N/A,Child learning center,Google API,#N/A,#N/A,121.0432191,14.6714028,#N/A,#N/A,#N/A,#N/A,Google API
1903,Barangay Baclaran Daycare Center,"M29F+7HF, Winter Dr, Project 8, Quezon City",#N/A,Bahay Toro,1,Childcare,#N/A,Day care center,Google API,#N/A,#N/A,121.0239231,14.6681977,#N/A,#N/A,#N/A,#N/A,Google API
1904,Quezon City Day Care and Livelihood Center,"M279+PWX, Rd 19, Project 8, Quezon City",#N/A,Bahay Toro,1,Childcare,#N/A,Day care center,Google API,#N/A,#N/A,121.019874,14.6643667,#N/A,#N/A,#N/A,#N/A,Google API
1907,Rogerian Children's Learning Center,"17, 1100 Rd 23, Project 8, Quezon City",#N/A,Bahay Toro,1,Childcare,#N/A,Child learning center,Google API,#N/A,#N/A,121.0184412,14.6683366,#N/A,#N/A,#N/A,#N/A,Google API
1908,Bright Tree Child Care Development and Learning Center,"84 Mindanao Avenue, Project 6, Quezon City",#N/A,Bahay Toro,1,Childcare,#N/A,Child development centers and supervised neighborhood play,Google API,#N/A,#N/A,121.0323602,14.6695727,#N/A,#N/A,#N/A,#N/A,Google API
1909,Rusurrecion Child Development and Learning Center,"39, Balingasa Street, corner Bonifacio Street, Balintawak, Quezon City",#N/A,Balingasa,1,Childcare,#N/A,Child development centers and supervised neighborhood play,Google API,#N/A,#N/A,120.9975401,14.651278,#N/A,#N/A,#N/A,#N/A,Google API
1911,Brilliant Kids Christian Child Development Center,"47 Kamias, Quezon City",#N/A,Balingasa,1,Childcare,#N/A,Child development centers and supervised neighborhood play,Google API,#N/A,#N/A,120.9997319,14.652209,#N/A,#N/A,#N/A,#N/A,Google API
1912,Yakap Daycare Center,"M232+5PR, Eleven Rd, Quezon City",#N/A,Balingasa,1,Childcare,#N/A,Day care center,Google API,#N/A,#N/A,121.0017651,14.6529892,#N/A,#N/A,#N/A,#N/A,Google API
1914,5 Kids,"3, Batasan-San Mateo Road, Quezon City",#N/A,Batasan Hills,2,Childcare,#N/A,Day care center,Google API,#N/A,#N/A,121.1007528,14.686941,#N/A,#N/A,#N/A,#N/A,Google API
1915,MB Learning Center Batasan,"206, Quezon City",#N/A,Batasan Hills,2,Childcare,#N/A,Child learning center,Google API,#N/A,#N/A,121.0959494,14.6876543,#N/A,#N/A,#N/A,#N/A,Google API
1919,Freedom Park III & IV Daycare Center,"M3VV+44C, Fortune Street Fredoom Park 3, Quezon City",#N/A,Batasan Hills,2,Childcare,#N/A,Day care center,Google API,#N/A,#N/A,121.0927557,14.6927994,#N/A,#N/A,#N/A,#N/A,Google API
1920,Little Dolphins Learning Center,"Block 23 Lot 10, Gabriella Silang Street, Quezon City",#N/A,Batasan Hills,2,Childcare,#N/A,Child learning center,Google API,#N/A,#N/A,121.0882596,14.6804518,#N/A,#N/A,#N/A,#N/A,Google API
1922,Yakap Day Care Center,"M3PX+6WJ, Alton St, Quezon City",#N/A,Batasan Hills,2,Childcare,#N/A,Day care center,Google API,#N/A,#N/A,121.099776,14.6855468,#N/A,#N/A,#N/A,#N/A,Google API
1923,Yakap Day Care Center,"M3RR+F8V, 1126 Kalayaan B, Quezon City",#N/A,Batasan Hills,2,Childcare,#N/A,Day care center,Google API,#N/A,#N/A,121.0906924,14.6908023,#N/A,#N/A,#N/A,#N/A,Google API
1926,Acadream Learning Center,"Unit 210, West Ave Residences, 77 West Ave, Project 7, Quezon City",#N/A,Bungad,1,Childcare,#N/A,Child learning center,Google API,#N/A,#N/A,121.0285126,14.6497873,#N/A,#N/A,#N/A,#N/A,Google API
1927,kapalaran daycare,"2030 Kapalaran, Quezon City",#N/A,Commonwealth,2,Childcare,#N/A,Day care center,Google API,#N/A,#N/A,121.0878401,14.7068096,#N/A,#N/A,#N/A,#N/A,Google API
1928,Purok 16 Day Care and Livelihood Center,"Adarna Extension, Purok 16, Quezon City",#N/A,Commonwealth,2,Childcare,#N/A,Day care center,Google API,#N/A,#N/A,121.0755073,14.6953659,#N/A,#N/A,#N/A,#N/A,Google API
1929,LITEX DAYCARE CENTER,"P34Q+QC5, Manila Gravel Pit Rd, Commonwealth, Quezon City",#N/A,Commonwealth,2,Childcare,#N/A,Day care center,Google API,#N/A,#N/A,121.0886121,14.7068839,#N/A,#N/A,#N/A,#N/A,Google API
1930,Lower Everlasting Child Development Center (yakap),"P32V+F4P, Payatas, Quezon City",#N/A,Commonwealth,2,Childcare,#N/A,Child development centers and supervised neighborhood play,Google API,#N/A,#N/A,121.0928398,14.7012198,#N/A,#N/A,#N/A,#N/A,Google API
1931,Yakap Day Care Center,"M3XH+2QP, Pilot Drive, Quezon City",#N/A,Commonwealth,2,Childcare,#N/A,Day care center,Google API,#N/A,#N/A,121.0794424,14.6976054,#N/A,#N/A,#N/A,#N/A,Google API
1932,Sto. Domingo Yakap Day Care Center,"St. Anthony St. Corner 0024 St. Paul St. Republic Avenue, Holy Spirit, 1127 Quezon City, Saint Anthony Street, Novaliches, Quezon City",#N/A,Commonwealth,2,Childcare,#N/A,Day care center,Google API,#N/A,#N/A,121.0717187,14.6949738,#N/A,#N/A,#N/A,#N/A,Google API
1933,God's Children Learning Center,"Lot 11 Block 11, Lanzones Street Dona Nicasia Puyat Subdivision, Payatas B, Quezon City",#N/A,Commonwealth,2,Childcare,#N/A,Child learning center,Google API,#N/A,#N/A,121.091612,14.709309,#N/A,#N/A,#N/A,#N/A,Google API
1934,Lower Everlasting Daycare Center,"P33R+27H, Pinagkaisa, Quezon City",#N/A,Commonwealth,2,Childcare,#N/A,Day care center,Google API,#N/A,#N/A,121.0907268,14.7025641,#N/A,#N/A,#N/A,#N/A,Google API
1935,Kids Heaven Intervation learning Center,"M3XP+36H, Martan St, Quezon City",#N/A,Commonwealth,2,Childcare,#N/A,Child learning center,Google API,#N/A,#N/A,121.0856347,14.6976795,#N/A,#N/A,#N/A,#N/A,Google API
1937,Santo Niño Commonwealth Learning Center Inc.,"87 San Diego St, Commonwealth, Quezon City",#N/A,Commonwealth,2,Childcare,#N/A,Child learning center,Google API,#N/A,#N/A,121.0808496,14.6956625,#N/A,#N/A,#N/A,#N/A,Google API
1938,Culiat Maternal and Child Care Center,"M382+VM3, Casanova Dr Ext, Quezon City",#N/A,Culiat,6,Childcare,#N/A,Day care center,Google API,#N/A,#N/A,121.0516599,14.6671359,#N/A,#N/A,#N/A,#N/A,Google API
1939,St. Mark's Child Development Center Incorporated,"St. Mark's Child Development Center Incorporated, 251 Tandang Sora Avenue, Banlat, Quezon City",#N/A,Culiat,6,Childcare,#N/A,Child development centers and supervised neighborhood play,Google API,#N/A,#N/A,121.049786,14.672829,#N/A,#N/A,#N/A,#N/A,Google API
1941,Our Lady of Montecelli Learning Center,"69 San Pedro Bautista, San Francisco del Monte, Quezon City",#N/A,Damayan,1,Childcare,#N/A,Child learning center,Google API,#N/A,#N/A,121.0127417,14.6371915,#N/A,#N/A,#N/A,#N/A,Google API
1943,Progressive Little Saints Learning Center Incorporated,"51 10th St, Mariana, Quezon City",#N/A,Damayang Lagi,4,Childcare,#N/A,Child learning center,Google API,#N/A,#N/A,121.0259395,14.6174091,#N/A,#N/A,#N/A,#N/A,Google API
1946,Yakap Day Care Center,"38 Kapiligan, Quezon City",#N/A,Doña Imelda,4,Childcare,#N/A,Day care center,Google API,#N/A,#N/A,121.0195324,14.6104674,#N/A,#N/A,#N/A,#N/A,Google API
1949,Daycare and Playground Childcare Services,"J3G3+JCM, 48 Oxford, Quezon City",#N/A,E. Rodriguez,3,Childcare,#N/A,Day care center,Google API,#N/A,#N/A,121.0535976,14.6265574,#N/A,#N/A,#N/A,#N/A,Google API
1951,Barangay Rodriguez Day Care,"J3G4+P7C, Stanford, Quezon City",#N/A,E. Rodriguez,3,Childcare,#N/A,Day care center,Google API,#N/A,#N/A,121.05564,14.6268202,#N/A,#N/A,#N/A,#N/A,Google API
1952,YAKAP Daycare Center,"101 Escopa 2, Project 4, Quezon City",#N/A,Escopa 4,3,Childcare,#N/A,Day care center,Google API,#N/A,#N/A,121.0745848,14.6261575,#N/A,#N/A,#N/A,#N/A,Google API
1953,Unit VII Daycare Center,"Unit 7, Upper Nawasa, Purok 3, Quezon City",#N/A,Fairview,5,Childcare,#N/A,Day care center,Google API,#N/A,#N/A,121.073848,14.70193,#N/A,#N/A,#N/A,#N/A,Google API
1955,Yakap Day Care Center,"MMTC Yakap Daycare Center, Republic Ave, Novaliches, Quezon City",#N/A,Fairview,5,Childcare,#N/A,Day care center,Google API,#N/A,#N/A,121.0681558,14.6936043,#N/A,#N/A,#N/A,#N/A,Google API
1956,WMTC DAY CARE CENTER,Quezon City,#N/A,Fairview,5,Childcare,#N/A,Day care center,Google API,#N/A,#N/A,121.0679375,14.6935371,#N/A,#N/A,#N/A,#N/A,Google API
1958,Mindgears Tutorial and Childcare Center,"1115 Sunny Villas Pearl Drive, Pearl St. Cor. Camaro St., East Fairview, Quezon City",#N/A,Fairview,5,Childcare,#N/A,Day care center,Google API,#N/A,#N/A,121.071282,14.704136,#N/A,#N/A,#N/A,#N/A,Google API
1959,Shining Stars Child Development and Tutorial Center,"10 Fairlane, West Fairview, Quezon City",#N/A,Fairview,5,Childcare,#N/A,Child development centers and supervised neighborhood play,Google API,#N/A,#N/A,121.0658322,14.7006353,#N/A,#N/A,#N/A,#N/A,Google API
1960,Casa Feliz Childcare and Tutorial Center,"Villa Aurora, 10 Fairlane Street West Fairview Park Subd, Novaliches, Quezon City",#N/A,Fairview,5,Childcare,#N/A,Day care center,Google API,#N/A,#N/A,121.0658355,14.7005965,#N/A,#N/A,#N/A,#N/A,Google API
1966,JUNJI CHILD DEVELOPMENT CENTER,"B3 L4 WESTERN VILLAGE JUNJI ST, ROLLING HILLS STREET, Quezon City",#N/A,Gulod,5,Childcare,#N/A,Child development centers and supervised neighborhood play,Google API,#N/A,#N/A,121.039844,14.7176947,#N/A,#N/A,#N/A,#N/A,Google API
1968,Cute Colors Learning Center,"44 Corregidor St, Matandang Balara, Quezon City",#N/A,Holy Spirit,2,Childcare,#N/A,Child learning center,Google API,#N/A,#N/A,121.0713049,14.6778257,#N/A,#N/A,#N/A,#N/A,Google API
1969,The Child of Saint Anne Learning Center,"Area 4 , 1119, 6-A Artillery Rd, Holy Spirit, Quezon City",#N/A,Holy Spirit,2,Childcare,#N/A,Child learning center,Google API,#N/A,#N/A,121.071959,14.6807826,#N/A,#N/A,#N/A,#N/A,Google API
1972,Pinasama Doña Juana Childcare Learning Center,"263 San Simon, Quezon City",#N/A,Holy Spirit,2,Childcare,#N/A,Child learning center,Google API,#N/A,#N/A,121.0862491,14.6904223,#N/A,#N/A,#N/A,#N/A,Google API
1973,Teacher A’s House of Learning - Quezon City Branch,"Unit 315, Jocfer Bldg, Brgy Commonwealth Ave, Diliman, Quezon City",#N/A,Holy Spirit,2,Childcare,#N/A,Child learning center,Google API,#N/A,#N/A,121.0791286,14.6728628,#N/A,#N/A,#N/A,#N/A,Google API
1976,All Bright Beginnings Childcare Center,"Unit J&, K Isabel Building, Zabarte Rd, Novaliches, Quezon City",#N/A,Kaligayahan,5,Childcare,#N/A,Day care center,Google API,#N/A,#N/A,121.0468922,14.7394529,#N/A,#N/A,#N/A,#N/A,Google API
1977,Eramus Learning Center,"Hobart Village, Zabarie Road, Novaliches, Quezon City",#N/A,Kaligayahan,5,Childcare,#N/A,Child learning center,Google API,#N/A,#N/A,121.0471816,14.7362418,#N/A,#N/A,#N/A,#N/A,Google API
1978,Puzzle Piece Child Center,"Greenfields 1, Camias St, Novaliches, Quezon City",#N/A,Kaligayahan,5,Childcare,#N/A,Day care center,Google API,#N/A,#N/A,121.0391139,14.7328801,#N/A,#N/A,#N/A,#N/A,Google API
1979,The Learning Wagon,"The Magnolia Residences, Ground floor, Tower B, Aurora Blvd, Quezon City",#N/A,Kaunlaran,4,Childcare,#N/A,Child learning center,Google API,#N/A,#N/A,121.0387873,14.6144196,#N/A,#N/A,#N/A,#N/A,Google API
1980,K-N-L R-V-C Daycare Center,"24 Fernando St, Diliman, Quezon City",#N/A,Krus na Ligas,4,Childcare,#N/A,Day care center,Google API,#N/A,#N/A,121.0619128,14.6426528,#N/A,#N/A,#N/A,#N/A,Google API
1981,Vey Garcia's Child Learning Center,"57 Nicanor Roxas St, Sampaloc, Quezon City",#N/A,Lourdes,1,Childcare,#N/A,Child learning center,Google API,#N/A,#N/A,121.0033317,14.6256761,#N/A,#N/A,#N/A,#N/A,Google API
1982,OLL Child Development Center,"121 D. Tuazon, Lourdes, Santa Mesa Heights, Quezon City",#N/A,Lourdes,1,Childcare,#N/A,Child development centers and supervised neighborhood play,Google API,#N/A,#N/A,121.0008817,14.6265445,#N/A,#N/A,#N/A,#N/A,Google API
1984,World Prep Learning Center,"149 B. Gonzales St., Loyola Heights, Quezon City, 1108",#N/A,Loyola Heights,3,Childcare,#N/A,Child learning center,Google API,#N/A,#N/A,121.0699968,14.6374914,#N/A,#N/A,#N/A,#N/A,Google API
1992,Wondery Learning Center,"J3HF+Q6J, Loyola Heights, Quezon City",#N/A,Loyola Heights,3,Childcare,#N/A,Child learning center,Google API,#N/A,#N/A,121.0729153,14.6293987,#N/A,#N/A,#N/A,#N/A,Google API
1996,Children's Hub Development Center,"2A 888 Banawe Square, G. Roxas St, Manresa, Quezon City",#N/A,Manresa,1,Childcare,#N/A,Child development centers and supervised neighborhood play,Google API,#N/A,#N/A,121.0009958,14.6391947,#N/A,#N/A,#N/A,#N/A,Google API
1998,Beautiful Minds Day Care Center Banawe,"35 Panalturan, Quezon City",#N/A,Manresa,1,Childcare,#N/A,Day care center,Google API,#N/A,#N/A,121.0022116,14.6433533,#N/A,#N/A,#N/A,#N/A,Google API
1999,Learning & Beyond Childcare and Intervention Center,"Seneca Plaza, E Rodriguez Sr. Ave, Mariana, Quezon City",#N/A,Mariana,4,Childcare,#N/A,Child learning center,Google API,#N/A,#N/A,121.0307766,14.6232948,#N/A,#N/A,#N/A,#N/A,Google API
2001,St. Mark Learning Center,"J2FJ+CQC, Doña Hemady St, Mariana, Quezon City",#N/A,Mariana,4,Childcare,#N/A,Child learning center,Google API,#N/A,#N/A,121.0318823,14.6235341,#N/A,#N/A,#N/A,#N/A,Google API
2003,The Nook Learning & Play Hub,"Unit 1, #20, Stonewood Terraces, 12th St, Mariana, Quezon City",#N/A,Mariana,4,Childcare,#N/A,Child learning center,Google API,#N/A,#N/A,121.032755,14.6236601,#N/A,#N/A,#N/A,#N/A,Google API
2004,Yakap Day Care Center,"1104 Gen Lim St, San Francisco del Monte, Quezon City",#N/A,Mariblo,1,Childcare,#N/A,Day care center,Google API,#N/A,#N/A,121.0152436,14.6330328,#N/A,#N/A,#N/A,#N/A,Google API
2005,Bgry. Mariblo Day Care Center,"01 Bernardo St SF DM, San Francisco del Monte, Quezon City",#N/A,Mariblo,1,Childcare,#N/A,Day care center,Google API,#N/A,#N/A,121.0151985,14.633014,#N/A,#N/A,#N/A,#N/A,Google API
2006,Life Day Care Center,"1012 Aurora Blvd, Marilag, Project 4, Quezon City",#N/A,Marilag,3,Childcare,#N/A,Day care center,Google API,#N/A,#N/A,121.0702422,14.6295126,#N/A,#N/A,#N/A,#N/A,Google API
2007,Masambong Foursquare Learning Center,"71 Malac, Quezon City",#N/A,Masambong,1,Childcare,#N/A,Child learning center,Google API,#N/A,#N/A,121.0093128,14.6435898,#N/A,#N/A,#N/A,#N/A,Google API
2008,Sitio Payong Area 3 Child Development Center,"M39W+6CX, Matandang Balara, Quezon City",#N/A,Matandang Balara,3,Childcare,#N/A,Child development centers and supervised neighborhood play,Google API,#N/A,#N/A,121.0960811,14.6681357,#N/A,#N/A,#N/A,#N/A,Google API
2010,Saint Mark`S Child Development Center,"1116 Tandang Sora Ave, Matandang Balara, Diliman, Quezon City",#N/A,Matandang Balara,3,Childcare,#N/A,Child development centers and supervised neighborhood play,Google API,#N/A,#N/A,121.0736425,14.6634602,#N/A,#N/A,#N/A,#N/A,Google API
2012,Kaligtasan Day Care Center,"M3GF+PVV, Don Vicente, Quezon City",#N/A,Matandang Balara,3,Childcare,#N/A,Day care center,Google API,#N/A,#N/A,121.0746605,14.676852,#N/A,#N/A,#N/A,#N/A,Google API
2013,YAKAP DAY CARE CENTER,"661 Doña Felicidad, Matandang Balara, Quezon City",#N/A,Matandang Balara,3,Childcare,#N/A,Day care center,Google API,#N/A,#N/A,121.0756984,14.6734369,#N/A,#N/A,#N/A,#N/A,Google API
2016,Citadel Child Learning Center,"199 Katipunan Ave, Project 4, Quezon City",#N/A,Milagrosa,3,Childcare,#N/A,Child learning center,Google API,#N/A,#N/A,121.0711796,14.6178287,#N/A,#N/A,#N/A,#N/A,Google API
2019,Childfind Learning and Play Center,"Units 211-212, The Tower, Emerald Square, Jose P. Rizal Street corner P. Tuazon Street, Project 4, Quezon City, Metro Manila",#N/A,Milagrosa,3,Childcare,#N/A,Child learning center,Google API,#N/A,#N/A,121.0715001,14.6230059,#N/A,#N/A,#N/A,#N/A,Google API
2020,Holy Spirit Child Development Center,"169 Mayon St, La Loma, Quezon City",#N/A,N. S. Amoranto (Gintong Silahis),1,Childcare,#N/A,Child development centers and supervised neighborhood play,Google API,#N/A,#N/A,120.9937257,14.6363452,#N/A,#N/A,#N/A,#N/A,Google API
2021,Barangay Day Care Center,"Barangay New Era, Barangay Hall , Saint Joseph Street, University of the Philippines , 1101 Quezon City , Metro Manila",#N/A,New Era,6,Childcare,#N/A,Day care center,Google API,#N/A,#N/A,121.0595839,14.6647549,#N/A,#N/A,#N/A,#N/A,Google API
2022,Yakap Daycare Center Central Avenue,"M363+RQ8, Central Ave, Diliman, Quezon City",#N/A,New Era,6,Childcare,#N/A,Day care center,Google API,#N/A,#N/A,121.0544469,14.6620386,#N/A,#N/A,#N/A,#N/A,Google API
2023,Ace Developing Minds Learning Center,"SSS Homes, 93 Pension, North Fairview, Quezon City",#N/A,North Fairview,5,Childcare,#N/A,Child learning center,Google API,#N/A,#N/A,121.0605165,14.7066527,#N/A,#N/A,#N/A,#N/A,Google API
2025,Another Home to Grow Learning Center,"24 Adrian, Novaliches, Quezon City",#N/A,North Fairview,5,Childcare,#N/A,Child learning center,Google API,#N/A,#N/A,121.0648372,14.7073533,#N/A,#N/A,#N/A,#N/A,Google API
2026,First Mile Child Development Center,"B58 L1 Peseta Street, corner, 1118 Riyal, Quezon City",#N/A,North Fairview,5,Childcare,#N/A,Child development centers and supervised neighborhood play,Google API,#N/A,#N/A,121.0588864,14.7106643,#N/A,#N/A,#N/A,#N/A,Google API
2027,North Fairview Daycare Center,"Avon, Novaliches, Quezon City",#N/A,North Fairview,5,Childcare,#N/A,Day care center,Google API,#N/A,#N/A,121.065121,14.708498,#N/A,#N/A,#N/A,#N/A,Google API
2029,Yakap Day Care Center,"Parkway Street, Kristong Hari , 1112 Quezon City , Metro Manila",#N/A,Obrero,4,Childcare,#N/A,Day care center,Google API,#N/A,#N/A,121.0332712,14.6262491,#N/A,#N/A,#N/A,#N/A,Google API
2031,Yakap Daycare Center,"18 Mother Ignacia Ave, Diliman, Quezon City",#N/A,Paligsahan,4,Childcare,#N/A,Day care center,Google API,#N/A,#N/A,121.0220698,14.632053,#N/A,#N/A,#N/A,#N/A,Google API
2032,Sunny Skies Learning Center,"1, Lower Ground Floor, Capitol Greenstreet, Matandang Balara, Quezon City, 1119, 1 Capitol Hills Dr, Pansol, Quezon City",#N/A,Pansol,3,Childcare,#N/A,Child learning center,Google API,#N/A,#N/A,121.084253,14.663425,#N/A,#N/A,#N/A,#N/A,Google API
2033,Creative Learners Home,"P3P6+7H7 The Redwoods, Fairview, Kaze Building, Quirino Hwy, Quezon City",#N/A,Pasong Putik Proper,5,Childcare,#N/A,Child learning center,Google API,#N/A,#N/A,121.0614457,14.7356281,#N/A,#N/A,#N/A,#N/A,Google API
2034,God's Begotten Son Day Care Center,Quezon City,#N/A,Pasong Putik Proper,5,Childcare,#N/A,Day care center,Google API,#N/A,#N/A,121.055426,14.7416022,#N/A,#N/A,#N/A,#N/A,Google API
2037,The Bright Horizon Learning Center,"P3R7+J4R, Everlasting, Novaliches, Caloocan",#N/A,Pasong Putik Proper,5,Childcare,#N/A,Child learning center,Google API,#N/A,#N/A,121.0627451,14.7416746,#N/A,#N/A,#N/A,#N/A,Google API
2038,Little Angel,"145 Republic Ave, Novaliches, Quezon City",#N/A,Pasong Tamo,6,Childcare,#N/A,Day care center,Google API,#N/A,#N/A,121.0625324,14.6929393,#N/A,#N/A,#N/A,#N/A,Google API
2039,Gilsoul Child Development Center,"53 Philand Drive, Pasong Tamo , 1107 Quezon City , Metro Manila",#N/A,Pasong Tamo,6,Childcare,#N/A,Child development centers and supervised neighborhood play,Google API,#N/A,#N/A,121.0510997,14.6769705,#N/A,#N/A,#N/A,#N/A,Google API
2040,MMTC Day Care Center,"M3V5+6X2, Republic Ave, Novaliches, Quezon City",#N/A,Pasong Tamo,6,Childcare,#N/A,Day care center,Google API,#N/A,#N/A,121.0599064,14.6929715,#N/A,#N/A,#N/A,#N/A,Google API
2041,OLD CABUYAO DAY CARE CENTER,"150 Orchids, Novaliches, Quezon City",#N/A,Pasong Tamo,6,Childcare,#N/A,Day care center,Google API,#N/A,#N/A,121.0594533,14.6919766,#N/A,#N/A,#N/A,#N/A,Google API
2042,PINASAMA Day Care Center,"Phase 3, Payatas B, Quezon City",#N/A,Payatas,2,Childcare,#N/A,Day care center,Google API,#N/A,#N/A,121.1074231,14.7188953,#N/A,#N/A,#N/A,#N/A,Google API
2043,Masaganang Bukas Learning Center,Quezon City,#N/A,Payatas,2,Childcare,#N/A,Child learning center,Google API,#N/A,#N/A,121.1115177,14.7179319,#N/A,#N/A,#N/A,#N/A,Google API
2045,Payatas Child Care Center and Learning Center,"P422+Q2M, San Miguel Ext, Quezon City",#N/A,Payatas,2,Childcare,#N/A,Child learning center,Google API,#N/A,#N/A,121.1000576,14.7019665,#N/A,#N/A,#N/A,#N/A,Google API
2046,Curious Tykes Early Childhood Development Center,"77 Ermin Garcia St, Cubao, Quezon City",#N/A,Pinagkaisahan,4,Childcare,#N/A,Child development centers and supervised neighborhood play,Google API,#N/A,#N/A,121.0465685,14.6269123,#N/A,#N/A,#N/A,#N/A,Google API
2047,Pinagkaisahan Daycare and Livelihood Center,"J2HW+6FM, Bernardo St, Pinagkaisahan, Quezon City",#N/A,Pinagkaisahan,4,Childcare,#N/A,Day care center,Google API,#N/A,#N/A,121.0461477,14.6280724,#N/A,#N/A,#N/A,#N/A,Google API
2048,Brgy. Pinyahan Daycare Centre,"J2PW+4W5, Malakas St, Diliman, Quezon City",#N/A,Pinyahan,4,Childcare,#N/A,Day care center,Google API,#N/A,#N/A,121.0473632,14.6352523,#N/A,#N/A,#N/A,#N/A,Google API
2051,Playlab Activity Center,"3 Rd 3, Project 6, Quezon City",#N/A,Project 6,1,Childcare,#N/A,Child learning center,Google API,#N/A,#N/A,121.0426488,14.6594305,#N/A,#N/A,#N/A,#N/A,Google API
2052,Yakap Day Care Center,"Anonas Street, Silangan , 1102 Quezon City , Metro Manila, Anonas, Quezon City",#N/A,Quirino 2-A,3,Childcare,#N/A,Day care center,Google API,#N/A,#N/A,121.0621006,14.6293538,#N/A,#N/A,#N/A,#N/A,Google API
2055,Manila Daycare Center,"J2H9+GVC, Mother Ignacia Ave, Diliman, Quezon City",#N/A,Roxas,4,Childcare,#N/A,Day care center,Google API,#N/A,#N/A,121.0196381,14.6287373,#N/A,#N/A,#N/A,#N/A,Google API
2059,Yakap Day Care Center,"173 W Riverside, San Antonio, Quezon City",#N/A,San Antonio,1,Childcare,#N/A,Day care center,Google API,#N/A,#N/A,121.0143919,14.6516219,#N/A,#N/A,#N/A,#N/A,Google API
2060,Sinagtala Daycare and Livelihood center,"J2X8+M83, Corner San Jose and, Capillan Street, Quezon City",#N/A,San Antonio,1,Childcare,#N/A,Day care center,Google API,#N/A,#N/A,121.0157979,14.6491267,#N/A,#N/A,#N/A,#N/A,Google API
2061,Day Care Center / Vargas Hall,"P25F+FQJ Marcos St, Cor Quirino, San Bartolome, Quezon City",#N/A,San Bartolome,5,Childcare,#N/A,Day care center,Google API,#N/A,#N/A,121.0243912,14.7087096,#N/A,#N/A,#N/A,#N/A,Google API
2062,Yakap Day Care Center,"P22R+FC7, Santan, Novaliches, Quezon City",#N/A,San Bartolome,5,Childcare,#N/A,Day care center,Google API,#N/A,#N/A,121.0410481,14.7011604,#N/A,#N/A,#N/A,#N/A,Google API
2063,Quezon City Day Care And Livelihood Center,"Galas Park, Unang Hakbang, Quezon City",#N/A,San Isidro,4,Childcare,#N/A,Day care center,Google API,#N/A,#N/A,121.009175,14.612046,#N/A,#N/A,#N/A,#N/A,Google API
2066,Mother Goose Learning Center,"UP Bliss Multi-Purpose Hall, San Vicente, Quezon City, 1100",#N/A,San Vicente,4,Childcare,#N/A,Child learning center,Google API,#N/A,#N/A,121.0553647,14.6534611,#N/A,#N/A,#N/A,#N/A,Google API
2069,Daycare,"Daycare Area 6-A, Quezon City",#N/A,Sauyo,6,Childcare,#N/A,Day care center,Google API,#N/A,#N/A,121.0426541,14.6919608,#N/A,#N/A,#N/A,#N/A,Google API
2071,Willow Tree Learning Center,"625 N.S. Amoranto Sr. St, Quezon City",#N/A,Sienna,1,Childcare,#N/A,Child learning center,Google API,#N/A,#N/A,121.0025538,14.6331808,#N/A,#N/A,#N/A,#N/A,Google API
2073,"Center for Early Childhood Care and Development, Inc.","8 Pittsburgh, Cubao, Quezon City",#N/A,Silangan,3,Childcare,#N/A,Child development centers and supervised neighborhood play,Google API,#N/A,#N/A,121.0605143,14.6274199,#N/A,#N/A,#N/A,#N/A,Google API
2074,JK Learning Center,"915 Aurora Boulevard, corner Albany, Quezon City",#N/A,Silangan,3,Childcare,#N/A,Child learning center,Google API,#N/A,#N/A,121.0581691,14.625542,#N/A,#N/A,#N/A,#N/A,Google API
2077,Yakap Daycare Center,"1 15th Ave, Cubao, Quezon City",#N/A,Socorro,3,Childcare,#N/A,Day care center,Google API,#N/A,#N/A,121.0624672,14.6130567,#N/A,#N/A,#N/A,#N/A,Google API
2078,Nurture Camp Child Development Center,"84 9th Ave, Cubao, Quezon City",#N/A,Socorro,3,Childcare,#N/A,Child development centers and supervised neighborhood play,Google API,#N/A,#N/A,121.0565156,14.6158255,#N/A,#N/A,#N/A,#N/A,Google API
2081,Wee Care Child Health and Developmental Center,"71, Scout Tobias Street, corner Scout Madrinan Street, Quezon City",#N/A,South Triangle,4,Childcare,#N/A,Child development centers and supervised neighborhood play,Google API,#N/A,#N/A,121.0312056,14.6369613,#N/A,#N/A,#N/A,#N/A,Google API
2082,Home Room Family and Child Center,"77 Panay Avenue, corner Timog Ave, Quezon City",#N/A,South Triangle,4,Childcare,#N/A,Day care center,Google API,#N/A,#N/A,121.027642,14.63676,#N/A,#N/A,#N/A,#N/A,Google API
2085,SAIS DAYCARE CENTER,"34 Jose Abad Santos, Novaliches, Quezon City",#N/A,Sta. Lucia,5,Childcare,#N/A,Day care center,Google API,#N/A,#N/A,121.0503401,14.7096138,#N/A,#N/A,#N/A,#N/A,Google API
2086,SARMIENTO DAY CARE CENTER-DOÑA RORIE ST.,"P2CW+53X, Sarmiento, Novaliches, Quezon City",#N/A,Sta. Monica,5,Childcare,#N/A,Day care center,Google API,#N/A,#N/A,121.0452274,14.7204834,#N/A,#N/A,#N/A,#N/A,Google API
2087,Day Care Center,"P28X+753, Idang Street, Novaliches, Quezon City",#N/A,Sta. Monica,5,Childcare,#N/A,Day care center,Google API,#N/A,#N/A,121.0479386,14.7156465,#N/A,#N/A,#N/A,#N/A,Google API
2088,"Mother of Mercy Learning Center, Inc.","Jordan Plains Subdivision, 1057 Salvador Street, Novaliches, Quezon City",#N/A,Sta. Monica,5,Childcare,#N/A,Child learning center,Google API,#N/A,#N/A,121.0458411,14.7241756,#N/A,#N/A,#N/A,#N/A,Google API
2089,John Xanderian Learning Center,"P29W+587, Dona Adela, Sta Monica, Quezon City",#N/A,Sta. Monica,5,Childcare,#N/A,Child learning center,Google API,#N/A,#N/A,121.0458025,14.7179197,#N/A,#N/A,#N/A,#N/A,Google API
2096,Yakap Day Care Center,"J276+5X5, Santol Street, Santo Nino , 1113 Quezon City , Metro Manila, Incando St, Quezon City",#N/A,Sto. Niño,4,Childcare,#N/A,Day care center,Google API,#N/A,#N/A,121.0124392,14.6128801,#N/A,#N/A,#N/A,#N/A,Google API
2097,Calamba Yakap Daycare Center,"199 Calamba St, Quezon City",#N/A,Talayan,1,Childcare,#N/A,Day care center,Google API,#N/A,#N/A,121.0134384,14.6348647,#N/A,#N/A,#N/A,#N/A,Google API
2100,Khameon Learning Center,"13 Mindanao Ave Ext, Talipapa, Quezon City",#N/A,Talipapa,6,Childcare,#N/A,Child learning center,Google API,#N/A,#N/A,121.0303343,14.6883525,#N/A,#N/A,#N/A,#N/A,Google API
2102,Saint Philomena Kidzone Learning Center,"776 Tandang Sora Ave, Tandang Sora, Quezon City",#N/A,Tandang Sora,6,Childcare,#N/A,Child learning center,Google API,#N/A,#N/A,121.0350387,14.6766123,#N/A,#N/A,#N/A,#N/A,Google API
2104,Little Lamb Child Care Development Center,"St. Martin Street, Tandang Sora, Reymar Subdivision, Quezon City, 1116",#N/A,Tandang Sora,6,Childcare,#N/A,Child development centers and supervised neighborhood play,Google API,#N/A,#N/A,121.0389208,14.6809896,#N/A,#N/A,#N/A,#N/A,Google API
2105,Yakap Day Care Center,"M3V3+36M, Green Forest St, Novaliches, Quezon City",#N/A,Tandang Sora,6,Childcare,#N/A,Day care center,Google API,#N/A,#N/A,121.0530609,14.692706,#N/A,#N/A,#N/A,#N/A,Google API
2107,Yakap Daycare Center,"M2QV+96H Neil Property Subd, Upper Banlat St, Tandang Sora, Quezon City",#N/A,Tandang Sora,6,Childcare,#N/A,Day care center,Google API,#N/A,#N/A,121.0431528,14.688476,#N/A,#N/A,#N/A,#N/A,Google API
2108,Twco Day Care,"60 Kaliraya St, Quezon City",#N/A,Tatalon,4,Childcare,#N/A,Day care center,Google API,#N/A,#N/A,121.0110176,14.6234292,#N/A,#N/A,#N/A,#N/A,Google API
2110,DBC Child Learning Center Incorporated,"Diliman, Quezon City",#N/A,Teachers Village West,4,Childcare,#N/A,Child learning center,Google API,#N/A,#N/A,121.0571425,14.644961,#N/A,#N/A,#N/A,#N/A,Google API
2111,Alphabet and Crayon Learning Center,"11 Legaspi Street, U.P. Campus , University of the Philippines , 1101 Quezon City , Metro Manila",#N/A,U. P. Campus,4,Childcare,#N/A,Child learning center,Google API,#N/A,#N/A,121.0480456,14.659897,#N/A,#N/A,#N/A,#N/A,Google API
2112,Kalinga Day Care,"University of the Philippines Diliman, 1101 Aglipay St, Diliman, Quezon City",#N/A,U. P. Campus,4,Childcare,#N/A,Day care center,Google API,#N/A,#N/A,121.0718518,14.6603386,#N/A,#N/A,#N/A,#N/A,Google API
2115,St. Bernard Learning Center,"M343+C57, Diliman, Quezon City",#N/A,U. P. Campus,4,Childcare,#N/A,Child learning center,Google API,#N/A,#N/A,121.0524528,14.6554184,#N/A,#N/A,#N/A,#N/A,Google API
2116,M32F+VFG Child Development Center,Quezon City,#N/A,U. P. Campus,4,Childcare,#N/A,Child development centers and supervised neighborhood play,Google API,#N/A,#N/A,121.0738628,14.6515637,#N/A,#N/A,#N/A,#N/A,Google API
2117,Church of the Risen Lord Christian Child Care Center,"Laurel Avenue, U.P. Campus , University of the Philippines , 1101 Quezon City , Metro Manila",#N/A,U. P. Campus,4,Childcare,#N/A,Day care center,Google API,#N/A,#N/A,121.0719868,14.6596638,#N/A,#N/A,#N/A,#N/A,Google API
2120,Dagohoy Day Care,"University of the Philippines Diliman, 1101 Dagohoy, Diliman, Quezon City",#N/A,U. P. Campus,4,Childcare,#N/A,Day care center,Google API,#N/A,#N/A,121.0739307,14.6599752,#N/A,#N/A,#N/A,#N/A,Google API
2121,UP Child Development Center,"Child Development Center, Quirino Avenue, Diliman, Quezon City",#N/A,U. P. Campus,4,Childcare,#N/A,Child development centers and supervised neighborhood play,Google API,#N/A,#N/A,121.0736996,14.6521886,#N/A,#N/A,#N/A,#N/A,Google API
2122,PLAYDATE Learning Space,"Unit CH - 02, Acropolis Greens Subdivision Clubhouse, Atlas, Quezon City",#N/A,Ugong Norte,3,Childcare,#N/A,Child learning center,Google API,#N/A,#N/A,121.0744613,14.6016199,#N/A,#N/A,#N/A,#N/A,Google API
2123,Hills Learning Zone/ Casa Tykes,"76 Green Meadows Ave, Quezon City",#N/A,Ugong Norte,3,Childcare,#N/A,Child learning center,Google API,#N/A,#N/A,121.0739703,14.6009537,#N/A,#N/A,#N/A,#N/A,Google API
2125,Yakap Day Care Center,"Don Vicente Madrigal Ave, Quezon City",#N/A,Ugong Norte,3,Childcare,#N/A,Day care center,Google API,#N/A,#N/A,121.0641507,14.5955652,#N/A,#N/A,#N/A,#N/A,Google API
2128,Quezon City Daycare and Development Center,"Palomaria Street, Brgy Bansalangin, Project 7, Quezon City",#N/A,Veterans Village,1,Childcare,#N/A,Child development centers and supervised neighborhood play,Google API,#N/A,#N/A,121.0247664,14.6536447,#N/A,#N/A,#N/A,#N/A,Google API
2129,Discoverland Day Care & Learning Center,"24 K-8th, Quezon City",#N/A,West Kamias,3,Childcare,#N/A,Child learning center,Google API,#N/A,#N/A,121.0494865,14.6302241,#N/A,#N/A,#N/A,#N/A,Google API
2165,Apolonio Samson,"150 Kaingin Road, Brgy. Apolonio Samson, Balintawak","150 Kaingin Road, Barangay Apolonio Samson, Balintawak, Quezon City, Philippines",Apolonio Samson,6,Health centers,#N/A,Health center,"Data_QC Caring Cities Tracker, QC Administrative Data - Health",#N/A,#N/A,121.0113247,14.6548296,#N/A,#N/A,#N/A,#N/A,Administrative data
2166,Apolonio Samson Health Center,"150 Kaingin Road, Brgy. Apolonio Samson, Balintawak","150 Kaingin Road, Barangay Apolonio Samson, Balintawak, Quezon City, Philippines",Apolonio Samson,6,Health centers,#N/A,Health center pharmacy,"Data_QC Caring Cities Tracker, QC Administrative Data - Health",#N/A,#N/A,121.0113247,14.6548296,#N/A,#N/A,#N/A,#N/A,Administrative data
2167,Arsenia De Jesus Maximo Lying–In Clinic,"Quirino Hi–way, Brgy. Novaliches","Quirino Hi–way, Barangay Novaliches, Quezon City, Philippines",Novaliches Proper,5,Health centers,#N/A,LGU-run lying-in clinic,"Data_QC Caring Cities Tracker, QC Administrative Data - Health",#N/A,#N/A,121.0400032,14.7188596,#N/A,#N/A,#N/A,#N/A,Administrative data
2168,Arsenia de Jesus Maximo Super,"Quirino Highway, Brgy. Novaliches Proper","Quirino Highway, Barangay Novaliches Proper, Quezon City, Philippines",Novaliches Proper,5,Health centers,#N/A,Health center,"Data_QC Caring Cities Tracker, QC Administrative Data - Health",#N/A,#N/A,121.0400032,14.7188596,#N/A,#N/A,#N/A,#N/A,Administrative data
2169,Arsenia De Jesus Maximo Super Health Center,"Quirino Highway, Brgy. Novaliches Proper","Quirino Highway, Barangay Novaliches Proper, Quezon City, Philippines",Novaliches Proper,5,Health centers,#N/A,Super health care center,"Data_QC Caring Cities Tracker, QC Administrative Data - Health",#N/A,#N/A,121.0400032,14.7188596,#N/A,#N/A,#N/A,#N/A,Administrative data
2170,Baesa,"57 Baesa Road, Brgy. Baesa","57 Baesa Road, Barangay Baesa, Quezon City, Philippines",Baesa,6,Health centers,#N/A,Health center,"Data_QC Caring Cities Tracker, QC Administrative Data - Health",#N/A,#N/A,121.0061743,14.669911,#N/A,#N/A,#N/A,#N/A,Administrative data
2171,Baesa Health Center,"57 Baesa Road, Brgy. Baesa","57 Baesa Road, Barangay Baesa, Quezon City, Philippines",Baesa,6,Health centers,#N/A,Health center pharmacy,"Data_QC Caring Cities Tracker, QC Administrative Data - Health",#N/A,#N/A,121.0061743,14.669911,#N/A,#N/A,#N/A,#N/A,Administrative data
2172,Bagbag,"18 Parokya ng Pagkabuhay Road, Brgy. Bagbag","18 Parokya ng Pagkabuhay Road, Barangay Bagbag, Quezon City, Philippines",Bagbag,5,Health centers,#N/A,Health center,"Data_QC Caring Cities Tracker, QC Administrative Data - Health",#N/A,#N/A,121.0300472,14.6970258,#N/A,#N/A,#N/A,#N/A,Administrative data
2173,Bago Bantay,"84 Sto. Niño St., Brgy. Alicia","84 Sto. Niño Street, Barangay Alicia, Quezon City, Philippines",Alicia,1,Health centers,#N/A,Health center,"Data_QC Caring Cities Tracker, QC Administrative Data - Health",#N/A,#N/A,#N/A,#N/A,#N/A,#N/A,#N/A,#N/A,Administrative data
2174,Bagong Pag-asa,"36 Road 9 cor. Road 10, Brgy. Bagong Pag-asa","36 Road 9 corner Road 10, Barangay Bagong Pag-asa, Quezon City, Philippines",Bagong Pag-asa,1,Health centers,#N/A,Health center,"Data_QC Caring Cities Tracker, QC Administrative Data - Health",#N/A,#N/A,121.0341506,14.6620781,#N/A,#N/A,#N/A,#N/A,Administrative data
2175,Bagong Silangan,"Bonifacio St., Brgy. Bagong Silangan","Bonifacio Street, Barangay Bagong Silangan, Quezon City, Philippines",Bagong Silangan,2,Health centers,#N/A,Health center,"Data_QC Caring Cities Tracker, QC Administrative Data - Health",#N/A,#N/A,121.1099839,14.6981705,#N/A,#N/A,#N/A,#N/A,Administrative data
2176,Bagong Silangan Lying–In Clinic,"Bonifacio St., Brgy. Bagong Silangan","Bonifacio Street, Barangay Bagong Silangan, Quezon City, Philippines",Bagong Silangan,2,Health centers,#N/A,LGU-run lying-in clinic,"Data_QC Caring Cities Tracker, QC Administrative Data - Health",#N/A,#N/A,121.1099839,14.6981705,#N/A,#N/A,#N/A,#N/A,Administrative data
2177,Balingasa,"26 J. Aquino Cruz St., Brgy. Balingasa","26 J. Aquino Cruz Street, Barangay Balingasa, Quezon City, Philippines",Balingasa,1,Health centers,#N/A,Health center,"Data_QC Caring Cities Tracker, QC Administrative Data - Health",#N/A,#N/A,121.0046963,14.6484261,#N/A,#N/A,#N/A,#N/A,Administrative data
2178,Banlat,"13 Daffodil St. cor. Daisy St., Del Nacia 1 Village, Brgy. Tandang Sora","13 Daffodil Street corner Daisy Street, Del Nacia 1 Village, Barangay Tandang Sora, Quezon City, Philippines",Tandang Sora,6,Health centers,#N/A,Health center,"Data_QC Caring Cities Tracker, QC Administrative Data - Health",#N/A,#N/A,121.0421102,14.6819218,#N/A,#N/A,#N/A,#N/A,Administrative data
2179,Banlat Health Center,"13 Daffodil St. cor. Daisy St., Del Nacia 1 Village, Brgy. Tandang Sora","13 Daffodil Street corner Daisy Street, Del Nacia 1 Village, Barangay Tandang Sora, Quezon City, Philippines",Tandang Sora,6,Health centers,#N/A,Health center pharmacy,"Data_QC Caring Cities Tracker, QC Administrative Data - Health",#N/A,#N/A,121.0421102,14.6819218,#N/A,#N/A,#N/A,#N/A,Administrative data
2180,Barangay Paltok Health Center,"14 Matias St., Brgy. Paltok","14 Matias Street, Barangay Paltok, Quezon City, Philippines",Paltok,1,Health centers,#N/A,Health center pharmacy,"Data_QC Caring Cities Tracker, QC Administrative Data - Health",#N/A,#N/A,121.0217336,14.6424811,#N/A,#N/A,#N/A,#N/A,Administrative data
2181,Barangay Pansol Health Center,"Plaza St., Brgy. Pansol","Plaza Street, Barangay Pansol, Quezon City, Philippines",Pansol,3,Health centers,#N/A,Health center pharmacy,"Data_QC Caring Cities Tracker, QC Administrative Data - Health",#N/A,#N/A,121.0808034,14.6516314,#N/A,#N/A,#N/A,#N/A,Administrative data
2182,Batasan Hills Annex,"Bill cor. Saret St., Brgy. Batasan Hills","Bill corner Saret Street, Barangay Batasan Hills, Quezon City, Philippines",Batasan Hills,2,Health centers,#N/A,Health center,"Data_QC Caring Cities Tracker, QC Administrative Data - Health",#N/A,#N/A,121.0993331,14.6861474,#N/A,#N/A,#N/A,#N/A,Administrative data
2183,Batasan Hills Lying–In Clinic,"2 IBP Road, Brgy. Batasan Hills","2 IBP Road, Barangay Batasan Hills, Quezon City, Philippines",Batasan Hills,2,Health centers,#N/A,LGU-run lying-in clinic,"Data_QC Caring Cities Tracker, QC Administrative Data - Health",#N/A,#N/A,121.091123,14.686948,#N/A,#N/A,#N/A,#N/A,Administrative data
2184,Batasan Hills Super,"2 IBP Road, Brgy. Batasan Hills","2 IBP Road, Barangay Batasan Hills, Quezon City, Philippines",Batasan Hills,2,Health centers,#N/A,Health center,"Data_QC Caring Cities Tracker, QC Administrative Data - Health",#N/A,#N/A,121.091123,14.686948,#N/A,#N/A,#N/A,#N/A,Administrative data
2185,Batasan Hills Super Health Centers,"2 IBP Road, Brgy. Batasan Hills","2 IBP Road, Barangay Batasan Hills, Quezon City, Philippines",Batasan Hills,2,Health centers,#N/A,Super health care center,"Data_QC Caring Cities Tracker, QC Administrative Data - Health",#N/A,#N/A,121.091123,14.686948,#N/A,#N/A,#N/A,#N/A,Administrative data
2186,Bernardo,"95 Ermin Garcia St., Brgy. Pinagkaisahan","95 Ermin Garcia Street, Barangay Pinagkaisahan, Quezon City, Philippines",Pinagkaisahan,4,Health centers,#N/A,Health center,"Data_QC Caring Cities Tracker, QC Administrative Data - Health",#N/A,#N/A,121.0462024,14.6271221,#N/A,#N/A,#N/A,#N/A,Administrative data
2187,Betty Go-Belmonte Super Health Center,"2nd Flr. 12 Artillery Road, Brgy. Holy Spirit","2nd Floor 12 Artillery Road, Barangay Holy Spirit, Quezon City, Philippines",Holy Spirit,2,Health centers,#N/A,Health center pharmacy,"Data_QC Caring Cities Tracker, QC Administrative Data - Health",#N/A,#N/A,121.0719752,14.6803364,#N/A,#N/A,#N/A,#N/A,Administrative data
2188,Betty Go Belmonte Lying–In Clinic,"Artillery Road, Garcia Heights, Brgy. Holy Spirit","Artillery Road, Garcia Heights, Barangay Holy Spirit, Quezon City, Philippines",Holy Spirit,2,Health centers,#N/A,LGU-run lying-in clinic,"Data_QC Caring Cities Tracker, QC Administrative Data - Health",#N/A,#N/A,121.0709106,14.6772884,#N/A,#N/A,#N/A,#N/A,Administrative data
2189,Betty Go Belmonte Super,"2nd Flr. 12 Artillery Road, Brgy. Holy Spirit","2nd Floor 12 Artillery Road, Barangay Holy Spirit, Quezon City, Philippines",Holy Spirit,2,Health centers,#N/A,Health center,"Data_QC Caring Cities Tracker, QC Administrative Data - Health",#N/A,#N/A,121.0719752,14.6803364,#N/A,#N/A,#N/A,#N/A,Administrative data
2190,Betty Go Belmonte Super Health Centers,"2nd Floor, 12 Artillery Road Brgy. Holy Spirit","2nd Floor, 12 Artillery Road Barangay Holy Spirit, Quezon City, Philippines",Holy Spirit,2,Health centers,#N/A,Super health care center,"Data_QC Caring Cities Tracker, QC Administrative Data - Health",#N/A,#N/A,121.0719752,14.6803364,#N/A,#N/A,#N/A,#N/A,Administrative data
2191,Capri,"Narra St. Area 5, Brgy. Capri, Novaliches","Narra Street Area 5, Barangay Capri, Novaliches, Quezon City, Philippines",Capri,5,Health centers,#N/A,Health center,"Data_QC Caring Cities Tracker, QC Administrative Data - Health",#N/A,#N/A,121.029375,14.7165503,#N/A,#N/A,#N/A,#N/A,Administrative data
2192,Commonwealth,"Katuparan St., Brgy. Commonwealth","Katuparan Street, Barangay Commonwealth, Quezon City, Philippines",Commonwealth,2,Health centers,#N/A,Health center,"Data_QC Caring Cities Tracker, QC Administrative Data - Health",#N/A,#N/A,121.0880003,14.6969749,#N/A,#N/A,#N/A,#N/A,Administrative data
2193,Cubao,"22 Mayor Ignacio Diaz St., Brgy. Kaunlaran","22 Mayor Ignacio Diaz Street, Barangay Kaunlaran, Quezon City, Philippines",Kaunlaran,4,Health centers,#N/A,Health center,"Data_QC Caring Cities Tracker, QC Administrative Data - Health",#N/A,#N/A,121.046283,14.6164093,#N/A,#N/A,#N/A,#N/A,Administrative data
2194,Doña Nicasia,"689 Matapang St., Doña Nicasia Subd.","689 Matapang Street, Doña Nicasia Subdivision, Quezon City, Philippines",#N/A,2,Health centers,#N/A,Health center,"Data_QC Caring Cities Tracker, QC Administrative Data - Health",#N/A,#N/A,121.089197,14.706745,#N/A,#N/A,#N/A,#N/A,Administrative data
2195,E. Rodriguez,"150 Pajo St. Projec 2, Brgy. Quirino 2B","150 Pajo Street Projec 2, Barangay Quirino 2B, Quezon City, Philippines",Quirino 2-B,3,Health centers,#N/A,Health center,"Data_QC Caring Cities Tracker, QC Administrative Data - Health",#N/A,#N/A,121.0634022,14.6322832,#N/A,#N/A,#N/A,#N/A,Administrative data
2196,East Avenue Medical Center,"East Avenue, Diliman","East Avenue Medical Center East Avenue, Diliman, Quezon City, Philippines",#N/A,4,Health centers,#N/A,National government-owned hospital,"Data_QC Caring Cities Tracker, QC Administrative Data - Health",#N/A,#N/A,121.0479837,14.6421432,#N/A,#N/A,#N/A,#N/A,Administrative data
2197,Ermin Garcia,"53 Cambridge St., Cubao","53 Cambridge Street, Cubao, Quezon City, Philippines",#N/A,3,Health centers,#N/A,Health center,"Data_QC Caring Cities Tracker, QC Administrative Data - Health",#N/A,#N/A,121.0523379,14.6261694,#N/A,#N/A,#N/A,#N/A,Administrative data
2198,Escopa,"P. Burgos St., Brgy. Escopa 1","P. Burgos Street, Barangay Escopa 1, Quezon City, Philippines",Escopa 1,3,Health centers,#N/A,Health center,"Data_QC Caring Cities Tracker, QC Administrative Data - Health",#N/A,#N/A,#N/A,#N/A,#N/A,#N/A,#N/A,#N/A,Administrative data
2199,Escopa Sentrong Sigla Health Center,"P. Burgos St., Brgy. Escopa 1","P. Burgos Street, Barangay Escopa 1, Quezon City, Philippines",Escopa 1,3,Health centers,#N/A,Health center pharmacy,"Data_QC Caring Cities Tracker, QC Administrative Data - Health",#N/A,#N/A,#N/A,#N/A,#N/A,#N/A,#N/A,#N/A,Administrative data
2200,Fairview,"Dahlia Avenue, Brgy. Fairview","Dahlia Avenue, Barangay Fairview, Quezon City, Philippines",Fairview,5,Health centers,#N/A,Health center,"Data_QC Caring Cities Tracker, QC Administrative Data - Health",#N/A,#N/A,121.0638646,14.6998397,#N/A,#N/A,#N/A,#N/A,Administrative data
2201,Galas,"46 Bayani St. Brgy. San Isidro, Galas","46 Bayani Street Barangay San Isidro, Galas, Quezon City, Philippines",San Isidro,4,Health centers,#N/A,Health center,"Data_QC Caring Cities Tracker, QC Administrative Data - Health",#N/A,#N/A,121.0092323,14.6139005,#N/A,#N/A,#N/A,#N/A,Administrative data
2202,Gen. Roxas,"Jasmin St. cor. Madre Silva St., Roxas District","Jasmin Street corner Madre Silva Street, Roxas District, Quezon City, Philippines",Roxas,4,Health centers,#N/A,Health center,"Data_QC Caring Cities Tracker, QC Administrative Data - Health",#N/A,#N/A,121.0212818,14.6280213,#N/A,#N/A,#N/A,#N/A,Administrative data
2203,Greater Lagro,"Blk, 47, Lot 1, Ascension Avenue, Brgy. Greater Lagro","Blk, 47, Lot 1, Ascension Avenue, Barangay Greater Lagro, Quezon City, Philippines",Greater Lagro,5,Health centers,#N/A,Health center,"Data_QC Caring Cities Tracker, QC Administrative Data - Health",#N/A,#N/A,121.0674478,14.7352147,#N/A,#N/A,#N/A,#N/A,Administrative data
2204,Greater Lagro Health Center,"Blk, 47, Lot 1, Ascension Avenue, Brgy. Greater Lagro","Blk, 47, Lot 1, Ascension Avenue, Barangay Greater Lagro, Quezon City, Philippines",Greater Lagro,5,Health centers,#N/A,Health center pharmacy,"Data_QC Caring Cities Tracker, QC Administrative Data - Health",#N/A,#N/A,121.0674478,14.7352147,#N/A,#N/A,#N/A,#N/A,Administrative data
2205,Gulod,"#47 Villaflor Village, Brgy. Gulod","47 Villaflor Village, Barangay Gulod, Quezon City, Philippines",Gulod,5,Health centers,#N/A,Health center,"Data_QC Caring Cities Tracker, QC Administrative Data - Health",#N/A,#N/A,121.0381625,14.7120368,#N/A,#N/A,#N/A,#N/A,Administrative data
2206,Holy Spirit,"373 Sta. Catalina St., Brgy. Holy Spirit","373 Sta. Catalina Street, Barangay Holy Spirit, Quezon City, Philippines",Holy Spirit,2,Health centers,#N/A,Health center,"Data_QC Caring Cities Tracker, QC Administrative Data - Health",#N/A,#N/A,121.0837652,14.6894484,#N/A,#N/A,#N/A,#N/A,Administrative data
2207,Kalayaan,"91 Guirayan St., Brgy. Doña Imelda","91 Guirayan Street, Barangay Doña Imelda, Quezon City, Philippines",Doña Imelda,4,Health centers,#N/A,Health center,"Data_QC Caring Cities Tracker, QC Administrative Data - Health",#N/A,#N/A,121.0174949,14.6155195,#N/A,#N/A,#N/A,#N/A,Administrative data
2208,Kaligayahan,"58 Kingfisher St., Zabarte Subd.,, Brgy. Kaligayahan","58 Kingfisher Street, Zabarte Subdivision, Barangay Kaligayahan, Quezon City, Philippines",Kaligayahan,5,Health centers,#N/A,Health center,"Data_QC Caring Cities Tracker, QC Administrative Data - Health",#N/A,#N/A,121.0504746,14.7345931,#N/A,#N/A,#N/A,#N/A,Administrative data
2209,Kamuning Lying–In Clinic,"19 T. Gener St. corner K5th St., Brgy. Kamuning","19 T. Gener Street corner K5th Street, Barangay Kamuning, Quezon City, Philippines",Kamuning,4,Health centers,#N/A,LGU-run lying-in clinic,"Data_QC Caring Cities Tracker, QC Administrative Data - Health",#N/A,#N/A,121.0370117,14.6259614,#N/A,#N/A,#N/A,#N/A,Administrative data
2210,Kamuning Super,"2nd Flr., 19 T. Gener St. cor. K-5th St., Brgy. Kamuning","2nd Floor, 19 T. Gener Street corner K-5th Street, Barangay Kamuning, Quezon City, Philippines",Kamuning,4,Health centers,#N/A,Health center,"Data_QC Caring Cities Tracker, QC Administrative Data - Health",#N/A,#N/A,121.0370117,14.6259614,#N/A,#N/A,#N/A,#N/A,Administrative data
2211,Kamuning Super Health Centers,"19 T. Gener St. corner K5th St., Brgy. Kamuning","19 T. Gener Street corner K5th Street, Barangay Kamuning, Quezon City, Philippines",Kamuning,4,Health centers,#N/A,Super health care center,"Data_QC Caring Cities Tracker, QC Administrative Data - Health",#N/A,#N/A,121.0370117,14.6259614,#N/A,#N/A,#N/A,#N/A,Administrative data
2212,Krus na Ligas,"89 Lt. J. Francisco, Brgy. Krus na Ligas","89 Lt. J. Francisco, Barangay Krus na Ligas, Quezon City, Philippines",Krus na Ligas,4,Health centers,#N/A,Health center,"Data_QC Caring Cities Tracker, QC Administrative Data - Health",#N/A,#N/A,121.0640488,14.6446895,#N/A,#N/A,#N/A,#N/A,Administrative data
2213,Krus na Ligas Health Center,"89 Lt. J. Francisco, Brgy. Krus na Ligas","89 Lt. J. Francisco, Barangay Krus na Ligas, Quezon City, Philippines",Krus na Ligas,4,Health centers,#N/A,Health center pharmacy,"Data_QC Caring Cities Tracker, QC Administrative Data - Health",#N/A,#N/A,121.0640488,14.6446895,#N/A,#N/A,#N/A,#N/A,Administrative data
2214,La Loma,"225 Mariveles St., Brgy. Paang Bundok","225 Mariveles Street, Barangay Paang Bundok, Quezon City, Philippines",Paang Bundok,1,Health centers,#N/A,Health center,"Data_QC Caring Cities Tracker, QC Administrative Data - Health",#N/A,#N/A,120.9909337,14.6270206,#N/A,#N/A,#N/A,#N/A,Administrative data
2215,Libis,"E. Rodriguez Jr. Avenue cor. L. Pasco St., Brgy Libis","E. Rodriguez Jr. Avenue corner L. Pasco Street, Barangay Libis, Quezon City, Philippines",Libis,3,Health centers,#N/A,Health center,"Data_QC Caring Cities Tracker, QC Administrative Data - Health",#N/A,#N/A,#N/A,#N/A,#N/A,#N/A,#N/A,#N/A,Administrative data
2216,Lung Center of the Philippines,"Quezon Avenue, Barangay Central, Diliman","Lung Center of the Philippines Quezon Avenue, Barangay Central, Diliman, Quezon City, Philippines",Central,4,Health centers,#N/A,National government-owned hospital,"Data_QC Caring Cities Tracker, QC Administrative Data - Health",#N/A,#N/A,121.0452136,14.6477279,#N/A,#N/A,#N/A,#N/A,Administrative data
2217,Lupang Pangako,"Phase I, Lupang Pangako, Brgy. Payatas","Phase I, Lupang Pangako, Barangay Payatas, Quezon City, Philippines",Payatas,2,Health centers,#N/A,Health center,"Data_QC Caring Cities Tracker, QC Administrative Data - Health",#N/A,#N/A,121.110013,14.718739,#N/A,#N/A,#N/A,#N/A,Administrative data
2218,Magdaleno H. Pedro,"13 J.P. Eugenio St., Philand Subd., Brgy. Pasong Tamo","13 J.P. Eugenio Street, Philand Subdivision, Barangay Pasong Tamo, Quezon City, Philippines",Pasong Tamo,6,Health centers,#N/A,Health center,"Data_QC Caring Cities Tracker, QC Administrative Data - Health",#N/A,#N/A,121.0486943,14.6746014,#N/A,#N/A,#N/A,#N/A,Administrative data
2219,Maligaya,"Pechayan St., Maligaya Park Subd., Brgy. Pasong Putik","Pechayan Street, Maligaya Park Subdivision, Barangay Pasong Putik, Quezon City, Philippines",Pasong Putik Proper,5,Health centers,#N/A,Health center,"Data_QC Caring Cities Tracker, QC Administrative Data - Health",#N/A,#N/A,121.0646488,14.7407971,#N/A,#N/A,#N/A,#N/A,Administrative data
2220,Maligaya Health Center,"Pechayan St., Maligaya Park Subd., Brgy. Pasong Putik","Pechayan Street, Maligaya Park Subdivision, Barangay Pasong Putik, Quezon City, Philippines",Pasong Putik Proper,5,Health centers,#N/A,Health center pharmacy,"Data_QC Caring Cities Tracker, QC Administrative Data - Health",#N/A,#N/A,121.0646488,14.7407971,#N/A,#N/A,#N/A,#N/A,Administrative data
2221,Masambong,"8 Malac St., Brgy. Masambong","8 Malac Street, Barangay Masambong, Quezon City, Philippines",Masambong,1,Health centers,#N/A,Health center,"Data_QC Caring Cities Tracker, QC Administrative Data - Health",#N/A,#N/A,121.0115284,14.6407817,#N/A,#N/A,#N/A,#N/A,Administrative data
2222,Melchora Aquino,"Loboc St. Napocor Village, Brgy. Tandang Sora","Loboc Street Napocor Village, Barangay Tandang Sora, Quezon City, Philippines",Tandang Sora,6,Health centers,#N/A,Health center,"Data_QC Caring Cities Tracker, QC Administrative Data - Health",#N/A,#N/A,121.0469444,14.6863889,#N/A,#N/A,#N/A,#N/A,Administrative data
2223,Mercedes de Joya,"Dapitan cor. Mayon St., Brgy. Sta. Teresita","Dapitan corner Mayon Street, Barangay Sta. Teresita, Quezon City, Philippines",Sta. Teresita,1,Health centers,#N/A,Health center,"Data_QC Caring Cities Tracker, QC Administrative Data - Health",#N/A,#N/A,121.0033518,14.619881,#N/A,#N/A,#N/A,#N/A,Administrative data
2224,Murphy Lying–In Clinic,"18th Avenue, Brgy. San Roque","18th Avenue, Barangay San Roque, Quezon City, Philippines",San Roque,3,Health centers,#N/A,LGU-run lying-in clinic,"Data_QC Caring Cities Tracker, QC Administrative Data - Health",#N/A,#N/A,121.0627252,14.6173502,#N/A,#N/A,#N/A,#N/A,Administrative data
2225,Murphy Super,"37 18th Avenue, Brgy. San Roque","37 18th Avenue, Barangay San Roque, Quezon City, Philippines",San Roque,3,Health centers,#N/A,Health center,"Data_QC Caring Cities Tracker, QC Administrative Data - Health",#N/A,#N/A,121.0633553,14.6156658,#N/A,#N/A,#N/A,#N/A,Administrative data
2226,Murphy Super Health Centers,"35 18th Avenue, Brgy. San Roque","35 18th Avenue, Barangay San Roque, Quezon City, Philippines",San Roque,3,Health centers,#N/A,Super health care center,"Data_QC Caring Cities Tracker, QC Administrative Data - Health",#N/A,#N/A,121.0635145,14.6155275,#N/A,#N/A,#N/A,#N/A,Administrative data
2227,Nagkaisang Nayon,"Terio St., FB de Jesus,Sitio Damong Maliit Bgy. Nagkaisang Nayon","Terio Street, FB de Jesus,Sitio Damong Maliit Barangay Nagkaisang Nayon, Quezon City, Philippines",Nagkaisang Nayon,5,Health centers,#N/A,Health center,"Data_QC Caring Cities Tracker, QC Administrative Data - Health",#N/A,#N/A,121.0265528,14.7259839,#N/A,#N/A,#N/A,#N/A,Administrative data
2228,Nagkaisang Nayon Health Center,"Terio St., FB de Jesus,Sitio Damong Maliit Bgy. Nagkaisang Nayon","Terio Street, FB de Jesus,Sitio Damong Maliit Barangay Nagkaisang Nayon, Quezon City, Philippines",Nagkaisang Nayon,5,Health centers,#N/A,Health center pharmacy,"Data_QC Caring Cities Tracker, QC Administrative Data - Health",#N/A,#N/A,121.0265528,14.7259839,#N/A,#N/A,#N/A,#N/A,Administrative data
2229,National Children’s Hospital,"264 E. Rodriguez Sr. Avenue, Quezon City, Philippines","National Children’s Hospital 264 E. Rodriguez Sr. Avenue, Quezon City, Philippines",E. Rodriguez,3,Health centers,#N/A,National government-owned hospital,"Data_QC Caring Cities Tracker, QC Administrative Data - Health",#N/A,#N/A,121.0208118,14.6204405,#N/A,#N/A,#N/A,#N/A,Administrative data
2230,National Government Center (NGC) Super Health Center,"MRB, Phase 1 Pilot Drive, Brgy. Commonwealth","MRB, Phase 1 Pilot Drive, Barangay Commonwealth, Quezon City, Philippines",Commonwealth,2,Health centers,#N/A,Health center pharmacy,"Data_QC Caring Cities Tracker, QC Administrative Data - Health",#N/A,#N/A,121.0786093,14.6957377,#N/A,#N/A,#N/A,#N/A,Administrative data
2231,National Government Center Lying-In Clinic,"MRB Compound, Pilot Drive, Brgy. Commonwealth","MRB Compound, Pilot Drive, Barangay Commonwealth, Quezon City, Philippines",Commonwealth,2,Health centers,#N/A,LGU-run lying-in clinic,"Data_QC Caring Cities Tracker, QC Administrative Data - Health",#N/A,#N/A,121.0783279,14.6971113,#N/A,#N/A,#N/A,#N/A,Administrative data
2232,National Government Center Super,"MRB, Phase 1 Pilot Drive, Brgy. Commonwealth","MRB, Phase 1 Pilot Drive, Barangay Commonwealth, Quezon City, Philippines",Commonwealth,2,Health centers,#N/A,Health center,"Data_QC Caring Cities Tracker, QC Administrative Data - Health",#N/A,#N/A,121.0786093,14.6957377,#N/A,#N/A,#N/A,#N/A,Administrative data
2233,National Kidney and Transplant Institute,"East Avenue, Diliman","National Kidney and Transplant Institute East Avenue, Diliman, Quezon City, Philippines",#N/A,4,Health centers,#N/A,National government-owned hospital,"Data_QC Caring Cities Tracker, QC Administrative Data - Health",#N/A,#N/A,121.0473288,14.6473447,#N/A,#N/A,#N/A,#N/A,Administrative data
2234,North Fairview,"Avon St., North Fairview Park Subd., Brgy. North Fairview","Avon Street, North Fairview Park Subdivision, Barangay North Fairview, Quezon City, Philippines",North Fairview,5,Health centers,#N/A,Health center,"Data_QC Caring Cities Tracker, QC Administrative Data - Health",#N/A,#N/A,121.0629935,14.708807,#N/A,#N/A,#N/A,#N/A,Administrative data
2235,Novaliches District Hospital,"683 Quirino Highway, Barangay San Bartolome, Novaliches","683 Quirino Highway, Barangay San Bartolome, Novaliches, Quezon City, Philippines",San Bartolome,5,Health centers,#N/A,LGU-run hospital,"Data_QC Caring Cities Tracker, QC Administrative Data - Health",#N/A,#N/A,121.0375329,14.704737,#N/A,#N/A,#N/A,#N/A,Administrative data
2236,Old Balara (Annex),"99A Tandang Sora Ave, Brgy. Matandang Balara","99A Tandang Sora Ave, Barangay Matandang Balara, Quezon City, Philippines",Matandang Balara,3,Health centers,#N/A,Health center,"Data_QC Caring Cities Tracker, QC Administrative Data - Health",#N/A,#N/A,#N/A,#N/A,#N/A,#N/A,#N/A,#N/A,Administrative data
2237,Old Balara (Main),"19 Doña Filomena St., Villa Beatriz, Brgy. Old Balara","19 Doña Filomena Street, Villa Beatriz, Barangay Old Balara, Quezon City, Philippines",Matandang Balara,3,Health centers,#N/A,Health center,"Data_QC Caring Cities Tracker, QC Administrative Data - Health",#N/A,#N/A,121.074486,14.6716427,#N/A,#N/A,#N/A,#N/A,Administrative data
2238,Paltok,"14 Matias St., Brgy. Paltok","14 Matias Street, Barangay Paltok, Quezon City, Philippines",Paltok,1,Health centers,#N/A,Health center,"Data_QC Caring Cities Tracker, QC Administrative Data - Health",#N/A,#N/A,121.0217336,14.6424811,#N/A,#N/A,#N/A,#N/A,Administrative data
2239,Pansol,"Plaza St., Brgy. Pansol","Plaza Street, Barangay Pansol, Quezon City, Philippines",Pansol,3,Health centers,#N/A,Health center,"Data_QC Caring Cities Tracker, QC Administrative Data - Health",#N/A,#N/A,121.0808034,14.6516314,#N/A,#N/A,#N/A,#N/A,Administrative data
2240,Payatas A,"Ilang-Ilang St., Brgy. Payatas","Ilang-Ilang Street, Barangay Payatas, Quezon City, Philippines",Payatas,2,Health centers,#N/A,Health center,"Data_QC Caring Cities Tracker, QC Administrative Data - Health",#N/A,#N/A,121.0956415,14.7005886,#N/A,#N/A,#N/A,#N/A,Administrative data
2241,Payatas B,"Bulacan St., Brgy. Payatas","Bulacan Street, Barangay Payatas, Quezon City, Philippines",Payatas,2,Health centers,#N/A,Health center,"Data_QC Caring Cities Tracker, QC Administrative Data - Health",#N/A,#N/A,121.1016896,14.7161684,#N/A,#N/A,#N/A,#N/A,Administrative data
2242,Payatas Super,"Molave St., Diamond Hills St., Brgy. Payatas","Molave Street, Diamond Hills Street, Barangay Payatas, Quezon City, Philippines",Payatas,2,Health centers,#N/A,Health center,"Data_QC Caring Cities Tracker, QC Administrative Data - Health",#N/A,#N/A,121.0969393,14.7101741,#N/A,#N/A,#N/A,#N/A,Administrative data
2243,Payatas Super Health Centers,"Diamond Hills St., Brgy. Payatas","Diamond Hills Street, Barangay Payatas, Quezon City, Philippines",Payatas,2,Health centers,#N/A,Super health care center,"Data_QC Caring Cities Tracker, QC Administrative Data - Health",#N/A,#N/A,121.0963251,14.7112841,#N/A,#N/A,#N/A,#N/A,Administrative data
2244,Philippine Children’s Medical Center,"Quezon Avenue cor. Sen. Miriam Defensor-Santiago Avenue, Bagong Pag-asa","Philippine Children’s Medical Center Quezon Avenue corner Sen. Miriam Defensor-Santiago Avenue, Bagong Pag-asa, Quezon City, Philippines",Bagong Pag-asa,1,Health centers,#N/A,National government-owned hospital,"Data_QC Caring Cities Tracker, QC Administrative Data - Health",#N/A,#N/A,121.0407656,14.6463502,#N/A,#N/A,#N/A,#N/A,Administrative data
2245,Philippine Heart Center,"East Avenue, Diliman","Philippine Heart Center East Avenue, Diliman, Quezon City, Philippines",#N/A,4,Health centers,#N/A,National government-owned hospital,"Data_QC Caring Cities Tracker, QC Administrative Data - Health",#N/A,#N/A,121.0481468,14.6441499,#N/A,#N/A,#N/A,#N/A,Administrative data
2246,Philippine Orthopedic Center,Maria Clara cor. Banawe Street,"Philippine Orthopedic Center Maria Clara corner Banawe Street, Quezon City, Philippines",#N/A,1,Health centers,#N/A,National government-owned hospital,"Data_QC Caring Cities Tracker, QC Administrative Data - Health",#N/A,#N/A,121.0031984,14.6276131,#N/A,#N/A,#N/A,#N/A,Administrative data
2247,Pinyahan,"37 Malakas St., Brgy. Pinyahan","37 Malakas Street, Barangay Pinyahan, Quezon City, Philippines",Pinyahan,4,Health centers,#N/A,Health center,"Data_QC Caring Cities Tracker, QC Administrative Data - Health",#N/A,#N/A,121.0472835,14.6348433,#N/A,#N/A,#N/A,#N/A,Administrative data
2248,Project 4,"Kalantiaw st. cor. P. Tuazon, Brgy. Bagumbuhay","Kalantiaw Street corner P. Tuazon, Barangay Bagumbuhay, Quezon City, Philippines",Bagumbuhay,3,Health centers,#N/A,Health center,"Data_QC Caring Cities Tracker, QC Administrative Data - Health",#N/A,#N/A,121.0653842,14.6221725,#N/A,#N/A,#N/A,#N/A,Administrative data
2249,Project 6,"58 Alley 3, Brgy. Project 6","58 Alley 3, Barangay Project 6, Quezon City, Philippines",Project 6,1,Health centers,#N/A,Health center,"Data_QC Caring Cities Tracker, QC Administrative Data - Health",#N/A,#N/A,121.0404695,14.6617931,#N/A,#N/A,#N/A,#N/A,Administrative data
2250,Project 7,"39 Bansalangin St., Brgy Veterans Village","39 Bansalangin Street, Barangay Veterans Village, Quezon City, Philippines",Veterans Village,1,Health centers,#N/A,Health center,"Data_QC Caring Cities Tracker, QC Administrative Data - Health",#N/A,#N/A,121.023659,14.6540563,#N/A,#N/A,#N/A,#N/A,Administrative data
2251,Quezon City General Hospital,"Seminary Road, Barangay Bahay Toro, Project 8, QCGH","Seminary Road, Barangay Bahay Toro, Project 8, QCGH, Quezon City, Philippines",Bahay Toro,1,Health centers,#N/A,LGU-run hospital,"Data_QC Caring Cities Tracker, QC Administrative Data - Health",#N/A,#N/A,121.0181698,14.6612375,#N/A,#N/A,#N/A,#N/A,Administrative data
2252,Quezon City Human Milk Bank,"General Hospital, Seminary Rd, Project 8, Quezon City, Metro Manila","General Hospital, Seminary Rd, Project 8, Quezon City, Metro Manila, Philippines",#N/A,1,Health centers,#N/A,Human milk bank,"Data_QC Caring Cities Tracker, QC Administrative Data - Health",#N/A,#N/A,121.0181447,14.6616339,#N/A,#N/A,#N/A,#N/A,Administrative data
2253,Quirino Memorial Medical Center,"JP Rizal cor. P. Tuazon Sts, Project 4","Quirino Memorial Medical Center JP Rizal corner P. Tuazon Sts, Project 4, Quezon City, Philippines",#N/A,3,Health centers,#N/A,National government-owned hospital,"Data_QC Caring Cities Tracker, QC Administrative Data - Health",#N/A,#N/A,121.0728482,14.6222558,#N/A,#N/A,#N/A,#N/A,Administrative data
2254,Rosario Maclang Bautista General Hospital,IBP Road Batasan Hills,"IBP Road Barangay Batasan Hills, Quezon City, Philippines",Batasan Hills,2,Health centers,#N/A,LGU-run hospital,"Data_QC Caring Cities Tracker, QC Administrative Data - Health",#N/A,#N/A,121.0890724,14.6860552,#N/A,#N/A,#N/A,#N/A,Administrative data
2255,Roxas Health Center,"Jasmin St. cor. Madre Silva St., Roxas District","Jasmin Street corner Madre Silva Street, Roxas District, Quezon City, Philippines",Roxas,4,Health centers,#N/A,Health center pharmacy,"Data_QC Caring Cities Tracker, QC Administrative Data - Health",#N/A,#N/A,121.0212818,14.6280213,#N/A,#N/A,#N/A,#N/A,Administrative data
2256,San Antonio,"38 San Jose, St. Brgy. San Antonio","38 San Jose, Street Barangay San Antonio, Quezon City, Philippines",San Antonio,1,Health centers,#N/A,Health center,"Data_QC Caring Cities Tracker, QC Administrative Data - Health",#N/A,#N/A,121.0168464,14.6489419,#N/A,#N/A,#N/A,#N/A,Administrative data
2257,San Antonio Health Center,"38 San Jose, St. Brgy. San Antonio","38 San Jose, Street Barangay San Antonio, Quezon City, Philippines",San Antonio,1,Health centers,#N/A,Health center pharmacy,"Data_QC Caring Cities Tracker, QC Administrative Data - Health",#N/A,#N/A,121.0168464,14.6489419,#N/A,#N/A,#N/A,#N/A,Administrative data
2258,San Bartolome,"Angela Covered Court, Marcus St. Doña Faustina Subd., Brgy. San Bartolome","Angela Covered Court, Marcus Street Doña Faustina Subdivision, Barangay San Bartolome, Quezon City, Philippines",San Bartolome,5,Health centers,#N/A,Health center,"Data_QC Caring Cities Tracker, QC Administrative Data - Health",#N/A,#N/A,121.0243485,14.7085249,#N/A,#N/A,#N/A,#N/A,Administrative data
2259,San Francisco Lying–In Clinic,"H. Francisco St. corner San Vicente St., Brgy. Damayan","H. Francisco Street corner San Vicente Street, Barangay Damayan, Quezon City, Philippines",Damayan,1,Health centers,#N/A,LGU-run lying-in clinic,"Data_QC Caring Cities Tracker, QC Administrative Data - Health",#N/A,#N/A,121.0146708,14.6393843,#N/A,#N/A,#N/A,#N/A,Administrative data
2260,San Francisco Super,H. Francisco cor. San Vicente St. Brgy Damayan,"H. Francisco corner San Vicente Street Barangay Damayan, Quezon City, Philippines",Damayan,1,Health centers,#N/A,Health center,"Data_QC Caring Cities Tracker, QC Administrative Data - Health",#N/A,#N/A,121.0146708,14.6393843,#N/A,#N/A,#N/A,#N/A,Administrative data
2261,San Francisco Super Health Centers,"H. San Francisco St. corner San Vicente St., Brgy. Damayan","H. San Francisco Street corner San Vicente Street, Barangay Damayan, Quezon City, Philippines",Damayan,1,Health centers,#N/A,Super health care center,"Data_QC Caring Cities Tracker, QC Administrative Data - Health",#N/A,#N/A,121.0150506,14.6395624,#N/A,#N/A,#N/A,#N/A,Administrative data
2262,San Jose,"27 Tinagan St., Brgy. San Jose","27 Tinagan Street, Barangay San Jose, Quezon City, Philippines",San Jose,1,Health centers,#N/A,Health center,"Data_QC Caring Cities Tracker, QC Administrative Data - Health",#N/A,#N/A,120.9939398,14.6408455,#N/A,#N/A,#N/A,#N/A,Administrative data
2263,San Vicente,"#14 Maayusin Ext., Brgy. San Vicente","14 Maayusin Extension, Barangay San Vicente, Quezon City, Philippines",San Vicente,4,Health centers,#N/A,Health center,"Data_QC Caring Cities Tracker, QC Administrative Data - Health",#N/A,#N/A,121.0565309,14.6529605,#N/A,#N/A,#N/A,#N/A,Administrative data
2264,San Vicente Sentrong Sigla Health Center,"#14 Maayusin Ext., Brgy. San Vicente","14 Maayusin Extension, Barangay San Vicente, Quezon City, Philippines",San Vicente,4,Health centers,#N/A,Health center pharmacy,"Data_QC Caring Cities Tracker, QC Administrative Data - Health",#N/A,#N/A,121.0565309,14.6529605,#N/A,#N/A,#N/A,#N/A,Administrative data
2265,Sangandaan,"Premium St., Brgy. Sangandaan","Premium Street, Barangay Sangandaan, Quezon City, Philippines",Sangandaan,6,Health centers,#N/A,Health center,"Data_QC Caring Cities Tracker, QC Administrative Data - Health",#N/A,#N/A,121.0206637,14.6739725,#N/A,#N/A,#N/A,#N/A,Administrative data
2266,Sauyo,"Greenville Drive, Brgy. Sauyo","Greenville Drive, Barangay Sauyo, Quezon City, Philippines",Sauyo,6,Health centers,#N/A,Health center,"Data_QC Caring Cities Tracker, QC Administrative Data - Health",#N/A,#N/A,121.0365682,14.687443,#N/A,#N/A,#N/A,#N/A,Administrative data
2267,Socorro,"139 15th Avenue, Brgy. Socorro","139 15th Avenue, Barangay Socorro, Quezon City, Philippines",Socorro,3,Health centers,#N/A,Health center,"Data_QC Caring Cities Tracker, QC Administrative Data - Health",#N/A,#N/A,121.058179,14.6215975,#N/A,#N/A,#N/A,#N/A,Administrative data
2268,Sta. Lucia Lying-In Clinic,"Sta. Lucia Ave., Brgy. Sta Lucia","Sta. Lucia Avenue, Barangay Sta Lucia, Quezon City, Philippines",Sta. Lucia,5,Health centers,#N/A,LGU-run lying-in clinic,"Data_QC Caring Cities Tracker, QC Administrative Data - Health",#N/A,#N/A,121.0557351,14.7048475,#N/A,#N/A,#N/A,#N/A,Administrative data
2269,Sta. Lucia Super,"Sta. Lucia Ave., Brgy. Sta. Lucia","Sta. Lucia Avenue, Barangay Sta. Lucia, Quezon City, Philippines",Sta. Lucia,5,Health centers,#N/A,Health center,"Data_QC Caring Cities Tracker, QC Administrative Data - Health",#N/A,#N/A,121.0557351,14.7048475,#N/A,#N/A,#N/A,#N/A,Administrative data
2270,Sta. Lucia Super Health Center,"Sta. Lucia Ave., Brgy. Sta. Lucia","Sta. Lucia Avenue, Barangay Sta. Lucia, Quezon City, Philippines",Sta. Lucia,5,Health centers,#N/A,Health center pharmacy,"Data_QC Caring Cities Tracker, QC Administrative Data - Health",#N/A,#N/A,121.0557351,14.7048475,#N/A,#N/A,#N/A,#N/A,Administrative data
2271,Sta. Lucia Super Health Centers,"Sta. Lucia Avenue, Brgy. Sta. Lucia","Sta. Lucia Avenue, Barangay Sta. Lucia, Quezon City, Philippines",Sta. Lucia,5,Health centers,#N/A,Super health care center,"Data_QC Caring Cities Tracker, QC Administrative Data - Health",#N/A,#N/A,121.0557351,14.7048475,#N/A,#N/A,#N/A,#N/A,Administrative data
2272,Tandang Sora,"506 Quirino Highway, Talipapa People Civic Center, Brgy. Talipapa","506 Quirino Highway, Talipapa People Civic Center, Barangay Talipapa, Quezon City, Philippines",Talipapa,6,Health centers,#N/A,Health center,"Data_QC Caring Cities Tracker, QC Administrative Data - Health",#N/A,#N/A,121.025464,14.687658,#N/A,#N/A,#N/A,#N/A,Administrative data
2273,Tatalon,"33 Victory Ave., Brgy. Tatalon","33 Victory Avenue, Barangay Tatalon, Quezon City, Philippines",Tatalon,4,Health centers,#N/A,Health center,"Data_QC Caring Cities Tracker, QC Administrative Data - Health",#N/A,#N/A,121.0121619,14.6221337,#N/A,#N/A,#N/A,#N/A,Administrative data
2274,Toro Hills,"Road 11, Brgy. Bahay Toro","Road 11, Barangay Bahay Toro, Quezon City, Philippines",Bahay Toro,1,Health centers,#N/A,Health center,"Data_QC Caring Cities Tracker, QC Administrative Data - Health",#N/A,#N/A,121.0216614,14.6647356,#N/A,#N/A,#N/A,#N/A,Administrative data
2275,Veterans,"6 Faustino St., Brgy Holy Spirit","6 Faustino Street, Barangay Holy Spirit, Quezon City, Philippines",Holy Spirit,2,Health centers,#N/A,Health center,"Data_QC Caring Cities Tracker, QC Administrative Data - Health",#N/A,#N/A,121.0762162,14.6838709,#N/A,#N/A,#N/A,#N/A,Administrative data
2276,Wenceslao Dela Paz (Culiat),"Sta. Felicia St. , San Antonio Homes, Brgy. Culiat","Sta. Felicia Street , San Antonio Homes, Barangay Culiat, Quezon City, Philippines",Culiat,6,Health centers,#N/A,Health center,"Data_QC Caring Cities Tracker, QC Administrative Data - Health",#N/A,#N/A,121.0570919,14.6669132,#N/A,#N/A,#N/A,#N/A,Administrative data
2277,A Samson Lying in Clinic,"161 Kaingin Rd, Balingasa, Quezon City",#N/A,Apolonio Samson,6,Health centers,#N/A,Lying-in clinics,Google API,#N/A,#N/A,121.0098211,14.6513477,#N/A,#N/A,#N/A,#N/A,Google API
2278,Baesa Health Center,"61 NPC Mendez Rd, Quezon City",#N/A,Baesa,6,Health centers,#N/A,Health centers,Google API,#N/A,#N/A,121.0121122,14.6689406,#N/A,#N/A,#N/A,#N/A,Google API
2279,Angelyn Birthing Homes (Lying-in Clinic),"237 Quirino Hwy, Quezon City",#N/A,Baesa,6,Health centers,#N/A,Lying-in clinics,Google API,#N/A,#N/A,121.012403,14.672509,#N/A,#N/A,#N/A,#N/A,Google API
2280,Pascual General Hospital,"130 Quirino Hwy, Quezon City",#N/A,Baesa,6,Health centers,#N/A,Hospitals,Google API,#N/A,#N/A,121.0090838,14.666991,#N/A,#N/A,#N/A,#N/A,Google API
2281,PNP General Hospital,"Camp Panopio, P. Tuazon Blvd. Corner EDSA Main Avenue, Kaunlaran, Cubao, Quezon City",#N/A,Bagong Lipunan ng Crame,4,Health centers,#N/A,Hospitals,Google API,#N/A,#N/A,121.0519252,14.6156163,#N/A,#N/A,#N/A,#N/A,Google API
2282,PNP-Camp Crame General Hospital,"J353+W2M, Quezon City",#N/A,Bagong Lipunan ng Crame,4,Health centers,#N/A,Hospitals,Google API,#N/A,#N/A,121.0525607,14.6098344,#N/A,#N/A,#N/A,#N/A,Google API
2283,Private Hospitals Association Philippines,"Bldg 2/F, PMA Building, North Avenue, North Ave, Bagong Pag-asa, Diliman, Quezon City",#N/A,Bagong Pag-asa,1,Health centers,#N/A,Hospitals,Google API,#N/A,#N/A,121.0335845,14.6550606,#N/A,#N/A,#N/A,#N/A,Google API
2284,Metro North Medical Center Hospital,"1001 Mindanao Ave Ext, Brgy, Quezon City",#N/A,Bahay Toro,1,Health centers,#N/A,Hospitals,Google API,#N/A,#N/A,121.033579,14.668842,#N/A,#N/A,#N/A,#N/A,Google API
2285,Anarch Lying In,"M29F+VWX, Rd 20, Project 8, Quezon City",#N/A,Bahay Toro,1,Health centers,#N/A,Lying-in clinics,Google API,#N/A,#N/A,121.0248489,14.669744,#N/A,#N/A,#N/A,#N/A,Google API
2286,Melayne Lying-In Clinic,"Commonwealth Avenue, New Era (Constitution Hills) , Commonwealth , 1121 Quezon City , Metro Manila",#N/A,Batasan Hills,2,Health centers,#N/A,Lying-in clinics,Google API,#N/A,#N/A,121.0877997,14.6924858,#N/A,#N/A,#N/A,#N/A,Google API
2287,Menchie lying-in clinic,"129 Senatorial Rd, Quezon City",#N/A,Batasan Hills,2,Health centers,#N/A,Lying-in clinics,Google API,#N/A,#N/A,121.0975827,14.6846203,#N/A,#N/A,#N/A,#N/A,Google API
2288,Mecca Lying in Clinic,"6 Batasan-San Mateo Rd, Quezon City",#N/A,Batasan Hills,2,Health centers,#N/A,Lying-in clinics,Google API,#N/A,#N/A,121.0969349,14.6905983,#N/A,#N/A,#N/A,#N/A,Google API
2289,Jesus The Savior Hospital,"J2XG+VRH, Sto Angel Road Sta Cruz Laguna, Quezon City",#N/A,Bungad,1,Health centers,#N/A,Hospitals,Google API,#N/A,#N/A,121.0270942,14.6496925,#N/A,#N/A,#N/A,#N/A,Google API
2290,New Camp General Emilio Aguinaldo Station Hospital,"J379+FGQ, Camp Aguinaldo, Quezon City",#N/A,Camp Aguinaldo,3,Health centers,#N/A,Hospitals,Google API,#N/A,#N/A,121.0688623,14.6137165,#N/A,#N/A,#N/A,#N/A,Google API
2291,Old Camp General Emilio Aguinaldo Station Hospital,"J367+WJ8, Camp Aguinaldo, Quezon City",#N/A,Camp Aguinaldo,3,Health centers,#N/A,Hospitals,Google API,#N/A,#N/A,121.0640763,14.6122935,#N/A,#N/A,#N/A,#N/A,Google API
2292,3M's 24Hrs Lying-in Clinic main branch,"M3VR+FPJ, Freedom Pk V, Quezon City",#N/A,Commonwealth,2,Health centers,#N/A,Lying-in clinics,Google API,#N/A,#N/A,121.0917544,14.6936995,#N/A,#N/A,#N/A,#N/A,Google API
2293,Republic Health Center,"M3VC+FGJ, Commonwealth Ave, Quezon City",#N/A,Commonwealth,2,Health centers,#N/A,Health centers,Google API,#N/A,#N/A,121.071257,14.6937284,#N/A,#N/A,#N/A,#N/A,Google API
2294,Yemoja Lying-in and Medical Clinic,"Block 10 Lot 5, Hon. B. Soliven Street, Commonwealth, Quezon City",#N/A,Commonwealth,2,Health centers,#N/A,Lying-in clinics,Google API,#N/A,#N/A,121.088433,14.702106,#N/A,#N/A,#N/A,#N/A,Google API
2295,Zapia Lying In Clinic,"1652 Martan St, Quezon City",#N/A,Commonwealth,2,Health centers,#N/A,Lying-in clinics,Google API,#N/A,#N/A,121.0855303,14.6976141,#N/A,#N/A,#N/A,#N/A,Google API
2296,Batasan Hills Health Center and Lying-in Clinic,"M3XQ+R3M, Novaliches, Quezon City",#N/A,Commonwealth,2,Health centers,#N/A,Lying-in clinics,Google API,#N/A,#N/A,121.0876764,14.6995919,#N/A,#N/A,#N/A,#N/A,Google API
2297,General M. Malvar Medical Foundation Hospital,"P32Q+C58, Quezon City",#N/A,Commonwealth,2,Health centers,#N/A,Hospitals,Google API,#N/A,#N/A,121.0879562,14.7010364,#N/A,#N/A,#N/A,#N/A,Google API
2298,NGC Lying-In Clinic,"M3WH+JPV MRB Compound, Pilot Drive, Quezon City",#N/A,Commonwealth,2,Health centers,#N/A,Lying-in clinics,Google API,#N/A,#N/A,121.0792869,14.6966024,#N/A,#N/A,#N/A,#N/A,Google API
2299,St. Helena's Lying-in And Medical Clinic,"063 San Miguel St, Quezon City",#N/A,Commonwealth,2,Health centers,#N/A,Lying-in clinics,Google API,#N/A,#N/A,121.0807035,14.6968382,#N/A,#N/A,#N/A,#N/A,Google API
2300,Angeles-Santo Polyclinic & Lying In Clinic,"764-B, Tandang Sora Avenue, Quezon City",#N/A,Culiat,6,Health centers,#N/A,Lying-in clinics,Google API,#N/A,#N/A,121.0498776,14.6728966,#N/A,#N/A,#N/A,#N/A,Google API
2301,Hospital On Wheels,"Block 2 Congressional Ave Ext, Quezon City",#N/A,Culiat,6,Health centers,#N/A,Hospitals,Google API,#N/A,#N/A,121.0578136,14.6730986,#N/A,#N/A,#N/A,#N/A,Google API
2302,Culiat Health Center,"M384+PWP, Sta. Felicia, Quezon City",#N/A,Culiat,6,Health centers,#N/A,Health centers,Google API,#N/A,#N/A,121.05732,14.666833,#N/A,#N/A,#N/A,#N/A,Google API
2303,Sheryl Birthing Home And Lying-In Clinic,"J2P6+XM9, Caragay, San Francisco del Monte, Quezon City",#N/A,Damayan,1,Health centers,#N/A,Lying-in clinics,Google API,#N/A,#N/A,121.0117252,14.6374028,#N/A,#N/A,#N/A,#N/A,Google API
2304,Barangay Damayan Lage Health Center,"La Filonila, Damayang Lagi , 1112 Quezon City , Metro Manila",#N/A,Damayang Lagi,4,Health centers,#N/A,Health centers,Google API,#N/A,#N/A,121.0197785,14.6199983,#N/A,#N/A,#N/A,#N/A,Google API
2305,Pulmonary Hospital,"J297+47Q, Mariana, San Juan City",#N/A,Doña Imelda,4,Health centers,#N/A,Hospitals,Google API,#N/A,#N/A,121.0132412,14.6178488,#N/A,#N/A,#N/A,#N/A,Google API
2306,Commonwealth General Hospital,"Commonwealth Ave, Fairview, Novaliches, Quezon City",#N/A,Fairview,5,Health centers,#N/A,Hospitals,Google API,#N/A,#N/A,121.0718985,14.70573,#N/A,#N/A,#N/A,#N/A,Google API
2307,Fairview General Hospital,"18 Mercury, Novaliches, Quezon City",#N/A,Fairview,5,Health centers,#N/A,Hospitals,Google API,#N/A,#N/A,121.0719949,14.7056037,#N/A,#N/A,#N/A,#N/A,Google API
2308,Lagro Health Center,"P3G8+9F5, Mimosa St, Novaliches, Quezon City",#N/A,Greater Lagro,5,Health centers,#N/A,Health centers,Google API,#N/A,#N/A,121.0662277,14.7258991,#N/A,#N/A,#N/A,#N/A,Google API
2309,Commonwealth Hospital and Medical Center,"Regalado Hwy, Novaliches, Quezon City",#N/A,Greater Lagro,5,Health centers,#N/A,Hospitals,Google API,#N/A,#N/A,121.0608504,14.7314934,#N/A,#N/A,#N/A,#N/A,Google API
2310,Neopolitan General Hospital,"G, 0 Quirino Hwy, Novaliches, Quezon City",#N/A,Greater Lagro,5,Health centers,#N/A,Hospitals,Google API,#N/A,#N/A,121.0686012,14.7352147,#N/A,#N/A,#N/A,#N/A,Google API
2311,Estrella Lying-in Medical Clinic - Quezon City,"Villareal, 2 Dr Villareal St, Novaliches, Quezon City",#N/A,Gulod,5,Health centers,#N/A,Lying-in clinics,Google API,#N/A,#N/A,121.0402061,14.7145289,#N/A,#N/A,#N/A,#N/A,Google API
2312,Novaliches General Hospital,"793 Quirino Hwy, Novaliches, Quezon City",#N/A,Gulod,5,Health centers,#N/A,Hospitals,Google API,#N/A,#N/A,121.0390189,14.7094976,#N/A,#N/A,#N/A,#N/A,Google API
2313,Mother & Child Lying - In Clinic,"37 Villareal, Novaliches, Quezon City",#N/A,Gulod,5,Health centers,#N/A,Lying-in clinics,Google API,#N/A,#N/A,121.0376001,14.7136602,#N/A,#N/A,#N/A,#N/A,Google API
2314,Lozano lying clinic,"36 Nitang Ave, Novaliches, Quezon City",#N/A,Gulod,5,Health centers,#N/A,Lying-in clinics,Google API,#N/A,#N/A,121.0416451,14.714541,#N/A,#N/A,#N/A,#N/A,Google API
2315,Grace Jayne Lying In Clinic,Quezon City,#N/A,Holy Spirit,2,Health centers,#N/A,Lying-in clinics,Google API,#N/A,#N/A,121.0836749,14.6879521,#N/A,#N/A,#N/A,#N/A,Google API
2316,St. Isabella Lying-In & Medical Clinic,"Area C Nawasa Line Republic Ave, Novaliches, Quezon City",#N/A,Holy Spirit,2,Health centers,#N/A,Lying-in clinics,Google API,#N/A,#N/A,121.0701859,14.6932581,#N/A,#N/A,#N/A,#N/A,Google API
2317,Bernardino General Hospital 3,"P2RW+HP7, Zabarte Sr. Ave, Novaliches, Quezon City",#N/A,Kaligayahan,5,Health centers,#N/A,Hospitals,Google API,#N/A,#N/A,121.0468111,14.7414196,#N/A,#N/A,#N/A,#N/A,Google API
2318,Shawie hospital,"P2RW+2MW, Zabarte Rd, Novaliches, Quezon City",#N/A,Kaligayahan,5,Health centers,#N/A,Hospitals,Google API,#N/A,#N/A,121.0467185,14.7401011,#N/A,#N/A,#N/A,#N/A,Google API
2319,Bernardino General Hospital 2,"North Olympus Subdivision, Zabarte Rd, Novaliches, Quezon City",#N/A,Kaligayahan,5,Health centers,#N/A,Hospitals,Google API,#N/A,#N/A,121.0467104,14.740122,#N/A,#N/A,#N/A,#N/A,Google API
2320,NovaMed Lying In and Medical Clinic,"Tansinco Drive Greenfields 1, corner Quirino Hwy, Kaligayahan, Quezon City",#N/A,Kaligayahan,5,Health centers,#N/A,Lying-in clinics,Google API,#N/A,#N/A,121.0421473,14.7291132,#N/A,#N/A,#N/A,#N/A,Google API
2321,St. Luke Hospital,"J2FF+282, Sampaloc, Manila",#N/A,Kalusugan,4,Health centers,#N/A,Hospitals,Google API,#N/A,#N/A,121.0232762,14.6225178,#N/A,#N/A,#N/A,#N/A,Google API
2322,"Messy Bessy - St. Luke’s Hospital, QC","J2FF+574 Saint Luke's Medical Center, Eulogio, E Rodriguez Sr. Ave, Quezon City",#N/A,Kalusugan,4,Health centers,#N/A,Hospitals,Google API,#N/A,#N/A,121.0233157,14.6225541,#N/A,#N/A,#N/A,#N/A,Google API
2323,Accredited OFW Medical Clinics & Hospital,"No. 46, El Roi Medical And Diagnostic Center, Incorporated, K-5Th Street, Kamuning, K-5th, Quezon City",#N/A,Kamuning,4,Health centers,#N/A,Hospitals,Google API,#N/A,#N/A,121.0378075,14.6263072,#N/A,#N/A,#N/A,#N/A,Google API
2324,municipal health center,"J3Q8+3CQ, Quezon, Quezon City",#N/A,Loyola Heights,3,Health centers,#N/A,Health centers,Google API,#N/A,#N/A,121.0661138,14.6377083,#N/A,#N/A,#N/A,#N/A,Google API
2325,Accredited OFW Medical Clinics & Hospital,"No. 674, HPD International, N.S. Amoranto Sr. Avenue, Sto. Domingo, Quezon City",#N/A,Maharlika,1,Health centers,#N/A,Hospitals,Google API,#N/A,#N/A,120.9993113,14.6314583,#N/A,#N/A,#N/A,#N/A,Google API
2326,Matrix Master Integrated Health Center,"2/F Wilson's Badminton Center Speaker Perez, N.S. Amoranto Sr. St, Santa Mesa Heights, Quezon City",#N/A,Maharlika,1,Health centers,#N/A,Health centers,Google API,#N/A,#N/A,120.9979624,14.6315284,#N/A,#N/A,#N/A,#N/A,Google API
2327,Prime Medics Lying in Family Clinic,"47 Corumi, Quezon City",#N/A,Masambong,1,Health centers,#N/A,Lying-in clinics,Google API,#N/A,#N/A,121.0086767,14.6421656,#N/A,#N/A,#N/A,#N/A,Google API
2328,Diliman Doctors Hospital,"251 Commonwealth Ave, Matandang Balara, Diliman, Quezon City",#N/A,Matandang Balara,3,Health centers,#N/A,Hospitals,Google API,#N/A,#N/A,121.075946,14.6683063,#N/A,#N/A,#N/A,#N/A,Google API
2329,Our Saviour Lying in Clinic,"1119 Tandang Sora Ave, Matandang Balara, Diliman, Quezon City",#N/A,Matandang Balara,3,Health centers,#N/A,Lying-in clinics,Google API,#N/A,#N/A,121.0733699,14.6635894,#N/A,#N/A,#N/A,#N/A,Google API
2330,General Malvar Hospital,"531 Commonwealth Ave, Matandang Balara, Quezon City",#N/A,Matandang Balara,3,Health centers,#N/A,Hospitals,Google API,#N/A,#N/A,121.072678,14.667497,#N/A,#N/A,#N/A,#N/A,Google API
2331,Villarosa Hospital,"11 Salalilla, Milagrosa, Project 4, Quezon City",#N/A,Milagrosa,3,Health centers,#N/A,Hospitals,Google API,#N/A,#N/A,121.0661992,14.6219457,#N/A,#N/A,#N/A,#N/A,Google API
2332,New Era General Hospital,"Commonwealth Ave, Quezon City",#N/A,New Era,6,Health centers,#N/A,Hospitals,Google API,#N/A,#N/A,121.0667406,14.6641226,#N/A,#N/A,#N/A,#N/A,Google API
2333,Divine Heart Medical Services & Development Cooperative Hospital,"213 General Luis, Novaliches Proper, Quezon City",#N/A,Novaliches Proper,5,Health centers,#N/A,Hospitals,Google API,#N/A,#N/A,121.035899,14.722041,#N/A,#N/A,#N/A,#N/A,Google API
2334,LHR Lying-in Clinic,"Linum, Novaliches, Quezon CityMetro Manila, Quezon City",#N/A,Novaliches Proper,5,Health centers,#N/A,Lying-in clinics,Google API,#N/A,#N/A,121.0378102,14.720093,#N/A,#N/A,#N/A,#N/A,Google API
2335,Word of Hope General Hospital Foundation Inc.,"23 Buenamar Dr, Quezon City",#N/A,Novaliches Proper,5,Health centers,#N/A,Hospitals,Google API,#N/A,#N/A,121.0390506,14.7192817,#N/A,#N/A,#N/A,#N/A,Google API
2336,Medinet Lying-in Clinic,"Novaliches, Maligaya Park Subdivision, Sampaguita Oval St, Novaliches, Quezon City",#N/A,Pasong Putik Proper,5,Health centers,#N/A,Lying-in clinics,Google API,#N/A,#N/A,121.056334,14.7401565,#N/A,#N/A,#N/A,#N/A,Google API
2337,San Lorenzo Hospital,"P2JW+7CR, 1118 Quirino Hwy, Novaliches, Quezon City",#N/A,Pasong Putik Proper,5,Health centers,#N/A,Hospitals,Google API,#N/A,#N/A,121.0691037,14.7357266,#N/A,#N/A,#N/A,#N/A,Google API
2338,Casaul General Hospital,"G, 0 Quirino Hwy, Quezon City",#N/A,Pasong Putik Proper,5,Health centers,#N/A,Hospitals,Google API,#N/A,#N/A,121.0705262,14.736843,#N/A,#N/A,#N/A,#N/A,Google API
2339,Prima Medix Multi - Specialty and Lying - In Clinic,"332 Visayas Ave, Quezon City",#N/A,Pasong Tamo,6,Health centers,#N/A,Lying-in clinics,Google API,#N/A,#N/A,121.043689,14.6731898,#N/A,#N/A,#N/A,#N/A,Google API
2340,Daughters of Faith Lying In Clinic,"Pingkian 1, 5 B San Roque, Quezon City",#N/A,Pasong Tamo,6,Health centers,#N/A,Lying-in clinics,Google API,#N/A,#N/A,121.0541773,14.6814928,#N/A,#N/A,#N/A,#N/A,Google API
2341,Kidney hospital in elliptical road,"248 Visayas Ave, Quezon City",#N/A,Pasong Tamo,6,Health centers,#N/A,Hospitals,Google API,#N/A,#N/A,121.0439881,14.6762697,#N/A,#N/A,#N/A,#N/A,Google API
2342,Mecca Lying-in Clinic,"6 Constitutional Road, Batasan Hills, Quezon City",#N/A,Payatas,2,Health centers,#N/A,Lying-in clinics,Google API,#N/A,#N/A,121.0993556,14.7017562,#N/A,#N/A,#N/A,#N/A,Google API
2343,Linda's Lying in Clinic Payatas Starhope,"Ext, 90 Starhope St, Visayas, Payatas, Quezon City",#N/A,Payatas,2,Health centers,#N/A,Lying-in clinics,Google API,#N/A,#N/A,121.1038491,14.7196477,#N/A,#N/A,#N/A,#N/A,Google API
2344,LifeBloom Lying In Clinic,"10 San Pedro St, Palates, Quezon City",#N/A,Payatas,2,Health centers,#N/A,Lying-in clinics,Google API,#N/A,#N/A,121.0956804,14.7053602,#N/A,#N/A,#N/A,#N/A,Google API
2345,Ob Masters Lying-In Clinic,"15, Matapang Street, Barangay Central, Quezon City",#N/A,Pinyahan,4,Health centers,#N/A,Lying-in clinics,Google API,#N/A,#N/A,121.0466838,14.6377721,#N/A,#N/A,#N/A,#N/A,Google API
2346,afp medicAl hospital center,"J3P2+6WH AFP Medical Center, V. Luna Ave, Diliman, Quezon City",#N/A,Pinyahan,4,Health centers,#N/A,Hospitals,Google API,#N/A,#N/A,121.0523125,14.6366932,#N/A,#N/A,#N/A,#N/A,Google API
2347,Zeti's Pink Angels Lying-In And Medical Clinic Paanakan,"71 Rd 1, Quezon City",#N/A,Project 6,1,Health centers,#N/A,Lying-in clinics,Google API,#N/A,#N/A,121.0408834,14.6602326,#N/A,#N/A,#N/A,#N/A,Google API
2348,"Camillus Doctors Medical Lab and Lying-In, Inc.","314-A, 314 Fernando Poe Jr. Ave, Quezon City",#N/A,San Antonio,1,Health centers,#N/A,Lying-in clinics,Google API,#N/A,#N/A,121.0186146,14.6537049,#N/A,#N/A,#N/A,#N/A,Google API
2349,Bernardino General Hospital 1,"680 Quirino Hwy, San Bartolome, Novaliches, Quezon City",#N/A,San Bartolome,5,Health centers,#N/A,Hospitals,Google API,#N/A,#N/A,121.0350108,14.700306,#N/A,#N/A,#N/A,#N/A,Google API
2350,Accredited OFW Medical Clinics & Hospital,"Megamed Diagnostic Center, 2nd Floor Rey-Lor Building, Edsa, Cubao, Quezon City",#N/A,San Martin de Porres,4,Health centers,#N/A,Hospitals,Google API,#N/A,#N/A,121.0504762,14.6197098,#N/A,#N/A,#N/A,#N/A,Google API
2351,LHR LYING IN CLINIC,"160 Fernando Compound Lagkitan Street, Sauyo, Quezon City",#N/A,Sauyo,6,Health centers,#N/A,Lying-in clinics,Google API,#N/A,#N/A,121.0437067,14.6923645,#N/A,#N/A,#N/A,#N/A,Google API
2352,DOMINGO-TAN MULTISPECIALTY AND LYING-IN CLINIC,"54 Old Sauyo Rd, Novaliches, Quezon City",#N/A,Sauyo,6,Health centers,#N/A,Lying-in clinics,Google API,#N/A,#N/A,121.0343311,14.6911443,#N/A,#N/A,#N/A,#N/A,Google API
2353,CRUZ-DALIDA HOSPITAL INC.,"Jordan Plaines Subdivision, 1025 F Salvador Ave, Novaliches, Quezon City",#N/A,Sta. Monica,5,Health centers,#N/A,Hospitals,Google API,#N/A,#N/A,121.0439587,14.7233991,#N/A,#N/A,#N/A,#N/A,Google API
2354,Dasanyuan Health Center,"528-A Banawe St, Quezon City",#N/A,Sto. Domingo (Matalahib),1,Health centers,#N/A,Health centers,Google API,#N/A,#N/A,121.003083,14.6301067,#N/A,#N/A,#N/A,#N/A,Google API
2355,Juvie Lying-In Clinic,"40 Bustamante, 086, Caloocan",#N/A,Sto. Niño,4,Health centers,#N/A,Lying-in clinics,Google API,#N/A,#N/A,121.010791,14.6108538,#N/A,#N/A,#N/A,#N/A,Google API
2356,Fairview Polymedic Hospital,"No. 1041, Quirino Highway, Sta. Monica, Novaliches, Quezon City",#N/A,Talipapa,6,Health centers,#N/A,Hospitals,Google API,#N/A,#N/A,121.0259854,14.6885362,#N/A,#N/A,#N/A,#N/A,Google API
2357,Madlangsakay Medical and Lying-in Clinic,"530 Quirino Hwy, Novaliches, Quezon City",#N/A,Talipapa,6,Health centers,#N/A,Lying-in clinics,Google API,#N/A,#N/A,121.0269476,14.6892169,#N/A,#N/A,#N/A,#N/A,Google API
2358,Vian Family Hospital II,"411 Quirino Hwy, Novaliches, Quezon City",#N/A,Talipapa,6,Health centers,#N/A,Hospitals,Google API,#N/A,#N/A,121.0209514,14.6828566,#N/A,#N/A,#N/A,#N/A,Google API
2359,Tandang Sora Hospital and Medical Center,"183 Tandang Sora Ave, Quezon City",#N/A,Tandang Sora,6,Health centers,#N/A,Hospitals,Google API,#N/A,#N/A,121.0367531,14.6766724,#N/A,#N/A,#N/A,#N/A,Google API
2360,Gentle Birth Lying-In Clinic Tatalon,"84 ROTC Hunters, Quezon City",#N/A,Tatalon,4,Health centers,#N/A,Lying-in clinics,Google API,#N/A,#N/A,121.016102,14.627954,#N/A,#N/A,#N/A,#N/A,Google API
2361,Bongco Medical and Lying-In Clinic,"119 Kaliraya St, Quezon City",#N/A,Tatalon,4,Health centers,#N/A,Lying-in clinics,Google API,#N/A,#N/A,121.0167949,14.624726,#N/A,#N/A,#N/A,#N/A,Google API
2362,Brgy UP Campus Health Center,"J3X8+22X, Diliman, Quezon City",#N/A,U. P. Campus,4,Health centers,#N/A,Health centers,Google API,#N/A,#N/A,121.0651154,14.6476029,#N/A,#N/A,#N/A,#N/A,Google API
2363,Preggo Lying-In Clinic Q.C.,"22 Tanguile, Veterans Village, Project 7, Quezon City",#N/A,Veterans Village,1,Health centers,#N/A,Lying-in clinics,Google API,#N/A,#N/A,121.022192,14.6534914,#N/A,#N/A,#N/A,#N/A,Google API
2364,Providence Hospital,"1515 Quezon Ave, Diliman, Quezon City",#N/A,West Triangle,1,Health centers,#N/A,Hospitals,Google API,#N/A,#N/A,121.0317779,14.6411655,#N/A,#N/A,#N/A,#N/A,Google API
2365,Tec Orthopedics @ Providence Hospital,"6F, Providence Hospital, Outpatient Department, 1515 Quezon Ave, West Triangle, Quezon City",#N/A,West Triangle,1,Health centers,#N/A,Hospitals,Google API,#N/A,#N/A,121.0316735,14.6412841,#N/A,#N/A,#N/A,#N/A,Google API
9,4ts psychological services,"18, kitanlad st, doña josefa, quezon city, ncr, 1113","18, kitanlad st, doña josefa, quezon city, ncr, 1113, Philippines",Doña Josefa,4,Long-term care and rehabilitation services,#N/A,Psychological clinic,"QC Future Ready dashboard, Long-term care and rehabilitation services",8:00AM,5:00PM,121.0045105,14.6187185,#N/A,#N/A,#N/A,#N/A,Administrative data
11,ab child developmental therapy center,"c4 , srf bldg, 1038, san francisco del monte ave., paraiso, quezon city, ncr, 1104","c4 , srf bldg, 1038, san francisco del monte Avenue, paraiso, quezon city, ncr, 1104, Philippines",Del Monte,1,Long-term care and rehabilitation services,#N/A,Physical/occupational therapy school,"QC Future Ready dashboard, Long-term care and rehabilitation services",8:00AM,5:00PM,121.0182018,14.6406416,#N/A,#N/A,#N/A,#N/A,Administrative data
12,"aba learning & development therapy center, inc.","127 , jayvee commercial building, lot b, tandang sora avenue, pasong tamo, quezon city, ncr, 1107","127 , jayvee commercial building, lot b, tandang sora avenue, pasong tamo, quezon city, ncr, 1107, Philippines",Tandang Sora,6,Long-term care and rehabilitation services,#N/A,Physical/occupational therapy school,"QC Future Ready dashboard, Long-term care and rehabilitation services",8:00AM,5:00PM,#N/A,#N/A,#N/A,#N/A,#N/A,#N/A,Administrative data
13,"aba learning diversity therapy center, inc.","105, roosevelt avenue, sfdm, paraiso, quezon city, ncr, 1104","105, roosevelt avenue, sfdm, paraiso, quezon city, ncr, 1104, Philippines",Paraiso,1,Long-term care and rehabilitation services,#N/A,Physical/occupational therapy school,"QC Future Ready dashboard, Long-term care and rehabilitation services",8:00AM,6:00PM,121.0180026,14.6356055,#N/A,#N/A,#N/A,#N/A,Administrative data
14,aba limitless' discovery' therapy center,"room 201, bbb property rental, #22 purdue st., e. rodriguez, quezon city, ncr, 1102","room 201, bbb property rental, 22 purdue Street, e. rodriguez, quezon city, ncr, 1102, Philippines",E. Rodriguez,3,Long-term care and rehabilitation services,#N/A,Physical/occupational therapy school,"QC Future Ready dashboard, Long-term care and rehabilitation services",8:00AM,5:00PM,121.052496,14.62757,#N/A,#N/A,#N/A,#N/A,Administrative data
18,ac biomechanics physical therapy clinic,"unit 210 2/f, regalado hive bldg., regalado ave., fairview, quezon city, ncr, 1118","unit 210 2/f, regalado hive Building, regalado Avenue, fairview, quezon city, ncr, 1118, Philippines",Fairview,5,Long-term care and rehabilitation services,#N/A,Physical therapy clinic,"QC Future Ready dashboard, Long-term care and rehabilitation services",9:00AM,7:00PM,121.0677241,14.7013373,#N/A,#N/A,#N/A,#N/A,Administrative data
20,ace water health & spa center inc.,"399, del monte ave., manresa, quezon city, ncr, 1115","399, del monte Avenue, manresa, quezon city, ncr, 1115, Philippines",Del Monte,1,Long-term care and rehabilitation services,#N/A,Therapeutic clinic,"QC Future Ready dashboard, Long-term care and rehabilitation services",8:00AM,5:00PM,#N/A,#N/A,#N/A,#N/A,#N/A,#N/A,Administrative data
28,achieving independence and meaningful skill therapy center,"unit f, 3rd flr. , 38 general avenue, bahay toro, quezon city, ncr, 1106","unit f, 3rd Floor , 38 general avenue, bahay toro, quezon city, ncr, 1106, Philippines",Bahay Toro,1,Long-term care and rehabilitation services,#N/A,Physical therapy clinic,"QC Future Ready dashboard, Long-term care and rehabilitation services",9:00AM,6:00PM,121.025977,14.673919,#N/A,#N/A,#N/A,#N/A,Administrative data
29,active-pt cares physical therapy services,"g/f, northridge plaza, 12, congressional ave, bahay toro, quezon city, ncr, 1106","g/f, northridge plaza, 12, congressional ave, bahay toro, quezon city, ncr, 1106, Philippines",Bahay Toro,1,Long-term care and rehabilitation services,#N/A,Physical therapy clinic,"QC Future Ready dashboard, Long-term care and rehabilitation services",12:00AM,12:00AM,121.0389945,14.6706105,#N/A,#N/A,#N/A,#N/A,Administrative data
31,acuholistic health center,"unit no. ug-08, winland tower residences , 39 granada street cor. valencia street, valencia, quezon city, ncr, 1112","unit ug-08, winland tower residences , 39 granada street corner valencia street, valencia, quezon city, ncr, 1112, Philippines",Valencia,4,Long-term care and rehabilitation services,#N/A,Physical therapy clinic,"QC Future Ready dashboard, Long-term care and rehabilitation services",9:30AM,4:30AM,121.0365336,14.610149,#N/A,#N/A,#N/A,#N/A,Administrative data
41,all ways therapy center corp.,"unit i29-i30, the strip at circulo verde, calle industria, bagumbayan, quezon city, ncr, 1110","unit i29-i30, the strip at circulo verde, calle industria, bagumbayan, quezon city, ncr, 1110, Philippines",Bagumbayan,3,Long-term care and rehabilitation services,#N/A,Physical/occupational therapy school,"QC Future Ready dashboard, Long-term care and rehabilitation services",8:00AM,5:00PM,121.088278,14.6022175,#N/A,#N/A,#N/A,#N/A,Administrative data
42,allied international medical inc.,"lot 3-4 blk 2, vipra street, sangandaan, quezon city, ncr, 1116","lot 3-4 blk 2, vipra street, sangandaan, quezon city, ncr, 1116, Philippines",Sangandaan,6,Long-term care and rehabilitation services,#N/A,Physical therapy clinic,"QC Future Ready dashboard, Long-term care and rehabilitation services",9:00AM,6:00PM,121.0188115,14.6774887,#N/A,#N/A,#N/A,#N/A,Administrative data
44,altiora ability  therapy and education center inc.,"unit b, block 9, lot 1, camaro street corner pearl drive, camaro villa, fairview, quezon city, ncr, 1118","unit b, block 9, lot 1, camaro street corner pearl drive, camaro villa, fairview, quezon city, ncr, 1118, Philippines",Fairview,5,Long-term care and rehabilitation services,#N/A,Physical/occupational therapy school,"QC Future Ready dashboard, Long-term care and rehabilitation services",8:00PM,5:00PM,121.0713397,14.7044931,#N/A,#N/A,#N/A,#N/A,Administrative data
53,angel care custodial service,"102 int 3, san miguel vill, pasong tamo, quezon city, ncr, 1107","102 int 3, san miguel vill, pasong tamo, quezon city, ncr, 1107, Philippines",Pasong Tamo,6,Long-term care and rehabilitation services,#N/A,Psychiatric rehabilitation center,"QC Future Ready dashboard, Long-term care and rehabilitation services",10:00AM,5:00PM,121.0463031,14.6756161,#N/A,#N/A,#N/A,#N/A,Administrative data
77,asn physical therapy and wellness center  (opc),"4, sto domingo bldg. , santo domingo ave., sto. domingo, quezon city, ncr, 1114","4, sto domingo Building , santo domingo Avenue, sto. domingo, quezon city, ncr, 1114, Philippines",Sto. Domingo (Matalahib),1,Long-term care and rehabilitation services,#N/A,Physical therapy clinic,"QC Future Ready dashboard, Long-term care and rehabilitation services",8:00AM,8:00PM,121.0105181,14.6264014,#N/A,#N/A,#N/A,#N/A,Administrative data
78,aspire in motion play therapy center opc,"unit 2 2nd floor 172 , d. tuazon st , sta. mesa heights , maharlika, quezon city, ncr, 1114","unit 2 2nd floor 172 , d. tuazon st , sta. mesa heights , maharlika, quezon city, ncr, 1114, Philippines",Maharlika,1,Long-term care and rehabilitation services,#N/A,Rehabilitation clinic,"QC Future Ready dashboard, Long-term care and rehabilitation services",9:00AM,5:00PM,120.9988771,14.6318187,#N/A,#N/A,#N/A,#N/A,Administrative data
96,backinline posture clinics corporation,"ax3 234 upper groundfloor, sm city fairview, quirino hiway corner regalado avenue, greater lagro, quezon city, ncr, 1100","ax3 234 upper groundfloor, sm city fairview, quirino hiway corner regalado avenue, greater lagro, quezon city, ncr, 1100, Philippines",Fairview,5,Long-term care and rehabilitation services,#N/A,Physical therapy clinic,"QC Future Ready dashboard, Long-term care and rehabilitation services",10:00AM,9:00PM,#N/A,#N/A,#N/A,#N/A,#N/A,#N/A,Administrative data
97,badges therapy center,"24-a, k-8th, west kamias, quezon city, ncr, 1102","24-a, k-8th, west kamias, quezon city, ncr, 1102, Philippines",West Kamias,3,Long-term care and rehabilitation services,#N/A,Physical therapy clinic,"QC Future Ready dashboard, Long-term care and rehabilitation services",8:00AM,5:00PM,121.0491087,14.6300391,#N/A,#N/A,#N/A,#N/A,Administrative data
173,bodylite center inc.,"g/f, jade palace, #33 visayas ave., vasra, quezon city, ncr, 1128","g/f, jade palace, 33 visayas Avenue, vasra, quezon city, ncr, 1128, Philippines",Vasra,1,Long-term care and rehabilitation services,#N/A,Therapeutic clinic,"QC Future Ready dashboard, Long-term care and rehabilitation services",8:00AM,5:00PM,121.0443945,14.6600317,#N/A,#N/A,#N/A,#N/A,Administrative data
174,bofill psychological services inc.,"sf01 one mayon place, mayon st., sta. teresita, quezon city, ncr, 1114","sf01 one mayon place, mayon Street, sta. teresita, quezon city, ncr, 1114, Philippines",Sta. Teresita,1,Long-term care and rehabilitation services,#N/A,Psychological clinic,"QC Future Ready dashboard, Long-term care and rehabilitation services",8:00AM,5:00PM,121.0008814,14.6198499,#N/A,#N/A,#N/A,#N/A,Administrative data
179,bp performance inc.,"room 417-422 4th floor, p&s bldg, 717 aurora blvd, mariana, quezon city, ncr, 1112","room 417-422 4th floor, p&s bldg, 717 aurora blvd, mariana, quezon city, ncr, 1112, Philippines",Mariana,4,Long-term care and rehabilitation services,#N/A,Physical therapy clinic,"QC Future Ready dashboard, Long-term care and rehabilitation services",8:00AM,5:00PM,121.0375554,14.615657,#N/A,#N/A,#N/A,#N/A,Administrative data
184,brain master diagnostic center,"unit 6 g/f, corner complex bldg. , 12 new york ave., cubao, immaculate concepcion, quezon city, ncr, 1111","unit 6 g/f, corner complex Building , 12 new york Avenue, cubao, immaculate concepcion, quezon city, ncr, 1111, Philippines",Immaculate Concepcion,4,Long-term care and rehabilitation services,#N/A,Psychological clinic,"QC Future Ready dashboard, Long-term care and rehabilitation services",8:00AM,5:00PM,#N/A,#N/A,#N/A,#N/A,#N/A,#N/A,Administrative data
190,bricks developmental learning center,"#3-b, calla lily st., bahay toro, quezon city, ncr, 1106","3-b, calla lily Street, bahay toro, quezon city, ncr, 1106, Philippines",Bahay Toro,1,Long-term care and rehabilitation services,#N/A,Therapeutic clinic,"QC Future Ready dashboard, Long-term care and rehabilitation services",8:00AM,5:00PM,121.0248024,14.6697526,#N/A,#N/A,#N/A,#N/A,Administrative data
191,bridges - child dev't programme therapy center,"unit i j m 2nd & 3rd flr., 135, mayon st, sta. teresita, quezon city, ncr, 1114","unit i j m 2nd & 3rd Floor, 135, mayon st, sta. teresita, quezon city, ncr, 1114, Philippines",Sta. Teresita,1,Long-term care and rehabilitation services,#N/A,Therapeutic clinic,"QC Future Ready dashboard, Long-term care and rehabilitation services",8:00AM,6:00PM,120.9998693,14.6213719,#N/A,#N/A,#N/A,#N/A,Administrative data
193,"bridgesofhope (q.c.), inc.","#12, orestes lane, bagong lipunan ng crame, quezon city, ncr, 1111","12, orestes lane, bagong lipunan ng crame, quezon city, ncr, 1111, Philippines",Bagong Lipunan ng Crame,4,Long-term care and rehabilitation services,#N/A,Rehabilitation clinic,"QC Future Ready dashboard, Long-term care and rehabilitation services",8:00AM,5:00PM,121.0465835,14.6108262,#N/A,#N/A,#N/A,#N/A,Administrative data
194,bridgeway educational and therapy center,"room 401 4th floor, vd & s building , 59-b panay avenue , paligsahan, quezon city, ncr, 1103","room 401 4th floor, vd & s building , 59-b panay avenue , paligsahan, quezon city, ncr, 1103, Philippines",Paligsahan,4,Long-term care and rehabilitation services,#N/A,Physical/occupational therapy school,"QC Future Ready dashboard, Long-term care and rehabilitation services",8:00AM,5:00PM,121.024792,14.6349707,#N/A,#N/A,#N/A,#N/A,Administrative data
196,brightkids speech and occupational rehabilitation center,"483-b, tandang sora avenue, tandang sora, quezon city, ncr, 1116","483-b, tandang sora avenue, tandang sora, quezon city, ncr, 1116, Philippines",Tandang Sora,6,Long-term care and rehabilitation services,#N/A,Physical/occupational therapy school,"QC Future Ready dashboard, Long-term care and rehabilitation services",8:00AM,5:00PM,121.0431819,14.676127,#N/A,#N/A,#N/A,#N/A,Administrative data
197,brightsteps learning and development center,"unit 4 34, matapang, pinyahan, quezon city, ncr, 1100","unit 4 34, matapang, pinyahan, quezon city, ncr, 1100, Philippines",Pinyahan,4,Long-term care and rehabilitation services,#N/A,Physical/occupational therapy school,"QC Future Ready dashboard, Long-term care and rehabilitation services",8:00AM,5:00PM,#N/A,#N/A,#N/A,#N/A,#N/A,#N/A,Administrative data
207,buela physical therapy clinic corporation,"5r 6r 7r 8r g/f, manhattan parkway, aurora boulevard, socorro, quezon city, ncr, 1109","5r 6r 7r 8r g/f, manhattan parkway, aurora boulevard, socorro, quezon city, ncr, 1109, Philippines",Socorro,3,Long-term care and rehabilitation services,#N/A,Physical therapy clinic,"QC Future Ready dashboard, Long-term care and rehabilitation services",8:00AM,5:00PM,121.0546428,14.6232867,#N/A,#N/A,#N/A,#N/A,Administrative data
249,ccde centre for communication development and education,"unit c g/f, #39 scout ybardolaza st., sacred heart, quezon city, ncr, 1103","unit c g/f, 39 scout ybardolaza Street, sacred heart, quezon city, ncr, 1103, Philippines",Sacred Heart,4,Long-term care and rehabilitation services,#N/A,Physical/occupational therapy school,"QC Future Ready dashboard, Long-term care and rehabilitation services",5:00AM,8:00PM,121.0392358,14.6332861,#N/A,#N/A,#N/A,#N/A,Administrative data
266,childcore therapy center,"c1, urban oasis residences, 431 a. bonifacio avenue, san jose , quezon city, ncr, 1115","c1, urban oasis residences, 431 a. bonifacio avenue, san jose , quezon city, ncr, 1115, Philippines",San Jose,1,Long-term care and rehabilitation services,#N/A,Physical/occupational therapy school,"QC Future Ready dashboard, Long-term care and rehabilitation services",8:00AM,5:00PM,120.9924118,14.6412428,#N/A,#N/A,#N/A,#N/A,Administrative data
271,"childrens innovative therapeutic intervention specialists, inc.","5, tomas morato ave., sacred heart, quezon city, ncr, 1103","5, tomas morato Avenue, sacred heart, quezon city, ncr, 1103, Philippines",Sacred Heart,4,Long-term care and rehabilitation services,#N/A,Therapeutic clinic,"QC Future Ready dashboard, Long-term care and rehabilitation services",8:00AM,5:00PM,#N/A,#N/A,#N/A,#N/A,#N/A,#N/A,Administrative data
297,cms-asia sports therapy clinic,"#93, mpire center, west ave., bungad, quezon city, ncr, 1104","93, mpire center, west Avenue, bungad, quezon city, ncr, 1104, Philippines",Bungad,1,Long-term care and rehabilitation services,#N/A,Therapeutic clinic,"QC Future Ready dashboard, Long-term care and rehabilitation services",8:00AM,5:00PM,121.0282408,14.649024,#N/A,#N/A,#N/A,#N/A,Administrative data
324,connecting bridges child services inc.,"unit 21, 2nd flr. wilcon city center, no. 121 visayas ave., bahay toro, quezon city, ncr, 1106","unit 21, 2nd Floor wilcon city center, 121 visayas Avenue, bahay toro, quezon city, ncr, 1106, Philippines",Bahay Toro,1,Long-term care and rehabilitation services,#N/A,Therapeutic clinic,"QC Future Ready dashboard, Long-term care and rehabilitation services",8:00AM,5:00PM,121.0426125,14.6666138,#N/A,#N/A,#N/A,#N/A,Administrative data
331,corexpert physical therapy center,"#1237, e. rodriguez sr. , kristong hari, quezon city, ncr, 1112","1237, e. rodriguez sr. , kristong hari, quezon city, ncr, 1112, Philippines",E. Rodriguez,3,Long-term care and rehabilitation services,#N/A,Physical therapy clinic,"QC Future Ready dashboard, Long-term care and rehabilitation services",8:00AM,5:00PM,#N/A,#N/A,#N/A,#N/A,#N/A,#N/A,Administrative data
345,createch wellness corp.,"level 3 space # r3-l3-031, ayala vertis, north cor. north ave., bagong pag-asa, quezon city, ncr, 1105","level 3 space r3-l3-031, ayala vertis, north corner north Avenue, bagong pag-asa, quezon city, ncr, 1105, Philippines",Bagong Pag-asa,1,Long-term care and rehabilitation services,#N/A,Therapeutic clinic,"QC Future Ready dashboard, Long-term care and rehabilitation services",11:00AM,8:00PM,121.0369354,14.6540717,#N/A,#N/A,#N/A,#N/A,Administrative data
356,cudiamat medical c0rp.,"165, labo st.  la loma, paang bundok, quezon city, ncr, 1114","165, labo Street la loma, paang bundok, quezon city, ncr, 1114, Philippines",Paang Bundok,1,Long-term care and rehabilitation services,#N/A,Therapeutic clinic,"QC Future Ready dashboard, Long-term care and rehabilitation services",8:00AM,5:00PM,120.9916657,14.6289419,#N/A,#N/A,#N/A,#N/A,Administrative data
357,cudiamat medical corp.,"jdc building, blk. 5, lot 9, zabarte road , hobart village, kaligayahan, quezon city, ncr, 1124","jdc building, blk. 5, lot 9, zabarte road , hobart village, kaligayahan, quezon city, ncr, 1124, Philippines",Kaligayahan,5,Long-term care and rehabilitation services,#N/A,Physical therapy clinic,"QC Future Ready dashboard, Long-term care and rehabilitation services",9:00AM,6:00PM,121.0475041,14.7367839,#N/A,#N/A,#N/A,#N/A,Administrative data
391,discovery den therapy and learning hub inc.,"unit 201, tc plaza no. 40, quezon ave., doña josefa, quezon city, ncr, 1113","unit 201, tc plaza 40, quezon Avenue, doña josefa, quezon city, ncr, 1113, Philippines",Doña Josefa,4,Long-term care and rehabilitation services,#N/A,Physical/occupational therapy school,"QC Future Ready dashboard, Long-term care and rehabilitation services",8:00AM,8:00PM,121.00666,14.621921,#N/A,#N/A,#N/A,#N/A,Administrative data
410,dmr psychological services,"unit 3b 3/f, west wing bldg, #107 west ave., bungad, quezon city, ncr, 1105","unit 3b 3/f, west wing bldg, 107 west Avenue, bungad, quezon city, ncr, 1105, Philippines",Bungad,1,Long-term care and rehabilitation services,#N/A,Psychological clinic,"QC Future Ready dashboard, Long-term care and rehabilitation services",8:00AM,5:00PM,121.0284517,14.6503889,#N/A,#N/A,#N/A,#N/A,Administrative data
411,dmr psychological services inc.,"unit 3a 3rd floor, the west wing building, 107 west avenue, n/a, bungad, quezon city, ncr, 1105","unit 3a 3rd floor, the west wing building, 107 west avenue, n/a, bungad, quezon city, ncr, 1105, Philippines",Bungad,1,Long-term care and rehabilitation services,#N/A,Psychological clinic,"QC Future Ready dashboard, Long-term care and rehabilitation services",8:00AM,5:00PM,121.0284517,14.6503889,#N/A,#N/A,#N/A,#N/A,Administrative data
442,"eagle rock dialysis & wellness center, inc.","17, dart st. cor. camaro st., fairview park subd., fairview, quezon city, ncr, 1118","17, dart Street corner camaro Street, fairview park Subdivision, fairview, quezon city, ncr, 1118, Philippines",Fairview,5,Long-term care and rehabilitation services,#N/A,Therapeutic clinic,"QC Future Ready dashboard, Long-term care and rehabilitation services",8:00AM,5:00PM,121.071368,14.7051092,#N/A,#N/A,#N/A,#N/A,Administrative data
461,enhanced mobility physical therapy clinic,"unit 306 3rd flr., jocfer building, commonwealth avenue, holy spirit, quezon city, ncr, 1127","unit 306 3rd Floor, jocfer building, commonwealth avenue, holy spirit, quezon city, ncr, 1127, Philippines",Commonwealth,2,Long-term care and rehabilitation services,#N/A,Physical therapy clinic,"QC Future Ready dashboard, Long-term care and rehabilitation services",9:00AM,6:00PM,#N/A,#N/A,#N/A,#N/A,#N/A,#N/A,Administrative data
462,enst therapeutic clinic,"1, lantawan st. , doña imelda, quezon city, ncr, 1113","1, lantawan Street , doña imelda, quezon city, ncr, 1113, Philippines",Doña Imelda,4,Long-term care and rehabilitation services,#N/A,Therapeutic clinic,"QC Future Ready dashboard, Long-term care and rehabilitation services",9:00AM,8:00PM,121.0187381,14.6082105,#N/A,#N/A,#N/A,#N/A,Administrative data
463,eonsegen corp.,"unit d211 3rd floor,  q square lifestyle center, 375 quirino highway, talipapa, quezon city, ncr, 1116","unit d211 3rd floor, q square lifestyle center, 375 quirino highway, talipapa, quezon city, ncr, 1116, Philippines",Talipapa,6,Long-term care and rehabilitation services,#N/A,Therapeutic clinic,"QC Future Ready dashboard, Long-term care and rehabilitation services",9:00AM,3:00AM,121.0191303,14.6808217,#N/A,#N/A,#N/A,#N/A,Administrative data
494,"fatima medical science foundation, inc.","block 87, lot 17 & 19, regalado ave., fairview, quezon city, ncr, 1121","block 87, lot 17 & 19, regalado Avenue, fairview, quezon city, ncr, 1121, Philippines",Fairview,5,Long-term care and rehabilitation services,#N/A,Rehabilitation clinic,"QC Future Ready dashboard, Long-term care and rehabilitation services",8:00AM,5:00PM,#N/A,#N/A,#N/A,#N/A,#N/A,#N/A,Administrative data
507,fitness physical therapy corporation,"unit g 2/f 135, albealand corporation, mayon, sta. mesa heights, sta. teresita, quezon city, ncr, 1114","unit g 2/f 135, albealand corporation, mayon, sta. mesa heights, sta. teresita, quezon city, ncr, 1114, Philippines",Sta. Teresita,1,Long-term care and rehabilitation services,#N/A,Physical therapy clinic,"QC Future Ready dashboard, Long-term care and rehabilitation services",8:00AM,5:00PM,120.9998665,14.62139,#N/A,#N/A,#N/A,#N/A,Administrative data
511,foot kingdom spa inc.,"ax3 250-252, sm city fairview, quirino highway, corner regalado ave., greater lagro, quezon city, ncr, 1100","ax3 250-252, sm city fairview, quirino highway, corner regalado Avenue, greater lagro, quezon city, ncr, 1100, Philippines",Fairview,5,Long-term care and rehabilitation services,#N/A,Therapeutic clinic,"QC Future Ready dashboard, Long-term care and rehabilitation services",10:00AM,10:00PM,#N/A,#N/A,#N/A,#N/A,#N/A,#N/A,Administrative data
516,forge lab inc.,"gf, aspirea residences, 5 malumanay st. , malaya, quezon city, ncr, 1101","gf, aspirea residences, 5 malumanay Street , malaya, quezon city, ncr, 1101, Philippines",Malaya,4,Long-term care and rehabilitation services,#N/A,Physical therapy clinic,"QC Future Ready dashboard, Long-term care and rehabilitation services",9:00AM,6:00AM,121.0559755,14.6362815,#N/A,#N/A,#N/A,#N/A,Administrative data
525,friends therapy center inc.,"unit 105, vien plaza building, no 13, road 13, bagong pag-asa, quezon city, ncr, 1105","unit 105, vien plaza building, no 13, road 13, bagong pag-asa, quezon city, ncr, 1105, Philippines",Bagong Pag-asa,1,Long-term care and rehabilitation services,#N/A,Physical/occupational therapy school,"QC Future Ready dashboard, Long-term care and rehabilitation services",9:00AM,5:00PM,121.0345175,14.6566626,#N/A,#N/A,#N/A,#N/A,Administrative data
528,gaya aesthetic and wellness center,"unit 204-a, blk 7, lots 2  and 3, batasan-san mateo road , batasan hills, quezon city, ncr, 1126","unit 204-a, blk 7, lots 2 and 3, batasan-san mateo road , batasan hills, quezon city, ncr, 1126, Philippines",Batasan Hills,2,Long-term care and rehabilitation services,#N/A,Physical therapy clinic,"QC Future Ready dashboard, Long-term care and rehabilitation services",11:00AM,8:00PM,121.0997816,14.6873183,#N/A,#N/A,#N/A,#N/A,Administrative data
529,gcr psychometrics center,"unit 303, jp yambao bldg, #52 kamuning road, kamuning, quezon city, ncr, 1103","unit 303, jp yambao bldg, 52 kamuning road, kamuning, quezon city, ncr, 1103, Philippines",Kamuning,4,Long-term care and rehabilitation services,#N/A,Psychological clinic,"QC Future Ready dashboard, Long-term care and rehabilitation services",8:00AM,5:00PM,121.0378942,14.628272,#N/A,#N/A,#N/A,#N/A,Administrative data
534,gestalt neuropsychological and psychological services,"unit 202 2nd flr., ccs bldg., blk. 10, lot 39, road 1 corner road 8, bagong pag-asa, quezon city, ncr, 1105","unit 202 2nd Floor, ccs Building, blk. 10, lot 39, road 1 corner road 8, bagong pag-asa, quezon city, ncr, 1105, Philippines",Bagong Pag-asa,1,Long-term care and rehabilitation services,#N/A,Psychological clinic,"QC Future Ready dashboard, Long-term care and rehabilitation services",8:00AM,5:00PM,121.03184,14.661977,#N/A,#N/A,#N/A,#N/A,Administrative data
572,good grounds spa ventures corp.,"mu 262, north towers,, sm north edsa, bagong pag-asa, quezon city, ncr, 1105","mu 262, north towers, sm north edsa, bagong pag-asa, quezon city, ncr, 1105, Philippines",Bagong Pag-asa,1,Long-term care and rehabilitation services,#N/A,Therapeutic clinic,"QC Future Ready dashboard, Long-term care and rehabilitation services",10:00AM,9:00PM,#N/A,#N/A,#N/A,#N/A,#N/A,#N/A,Administrative data
573,good grounds spa ventures corp.,"room 817 & 818, park inn by radisson hotel, sm city north edsa, bagong pag-asa, quezon city, ncr, 1105","room 817 & 818, park inn by radisson hotel, sm city north edsa, bagong pag-asa, quezon city, ncr, 1105, Philippines",Bagong Pag-asa,1,Long-term care and rehabilitation services,#N/A,Therapeutic clinic,"QC Future Ready dashboard, Long-term care and rehabilitation services",12:00PM,9:00PM,#N/A,#N/A,#N/A,#N/A,#N/A,#N/A,Administrative data
594,gprime physiotherapy services,"2f, metrolane complex, , p. tuazon cor. 20th ave., tagumpay, quezon city, ncr, 1109","2f, metrolane complex, p. tuazon corner 20th Avenue, tagumpay, quezon city, ncr, 1109, Philippines",Tagumpay,3,Long-term care and rehabilitation services,#N/A,Physical therapy clinic,"QC Future Ready dashboard, Long-term care and rehabilitation services",9:00AM,5:00PM,121.0641107,14.6212646,#N/A,#N/A,#N/A,#N/A,Administrative data
617,growing abilities & bridging aspirations of youths therapy center,"unit 3b, g place, 30 maginhawa st, up village, quezon city, ncr, 1101","unit 3b, g place, 30 maginhawa st, up village, quezon city, ncr, 1101, Philippines",U. P. Village,4,Long-term care and rehabilitation services,#N/A,Physical/occupational therapy school,"QC Future Ready dashboard, Long-term care and rehabilitation services",8:00AM,6:00PM,121.0564498,14.6505049,#N/A,#N/A,#N/A,#N/A,Administrative data
624,"haven of opportunities for people with exceptionalities (hope), inc.","35b, shorthorn street, project 8, bahay toro, quezon city, ncr, 1106","35b, shorthorn street, project 8, bahay toro, quezon city, ncr, 1106, Philippines",Bahay Toro,1,Long-term care and rehabilitation services,#N/A,Physical/occupational therapy school,"QC Future Ready dashboard, Long-term care and rehabilitation services",8:00AM,5:00PM,121.0210821,14.6667623,#N/A,#N/A,#N/A,#N/A,Administrative data
630,"healing path foundation-hp, inc.","#11, jaguar st., fairview, quezon city, ncr, 1118","11, jaguar Street, fairview, quezon city, ncr, 1118, Philippines",Fairview,5,Long-term care and rehabilitation services,#N/A,Rehabilitation clinic,"QC Future Ready dashboard, Long-term care and rehabilitation services",8:00AM,5:00PM,121.0648728,14.701029,#N/A,#N/A,#N/A,#N/A,Administrative data
631,healot biomekaniks inc.,"first floor, pitahc, matapang, east avenue medical center compound, central, quezon city, ncr, 1100","first floor, pitahc, matapang, east avenue medical center compound, central, quezon city, ncr, 1100, Philippines",Central,4,Long-term care and rehabilitation services,#N/A,Physical therapy clinic,"QC Future Ready dashboard, Long-term care and rehabilitation services",8:00AM,5:00PM,121.0479777,14.6407443,#N/A,#N/A,#N/A,#N/A,Administrative data
635,high 10 therapy center,"2nd flr., berkeley square, 869 commonwealth ave., matandang balara, quezon city, ncr, 1119","2nd Floor, berkeley square, 869 commonwealth Avenue, matandang balara, quezon city, ncr, 1119, Philippines",Commonwealth,2,Long-term care and rehabilitation services,#N/A,Therapeutic clinic,"QC Future Ready dashboard, Long-term care and rehabilitation services",8:00AM,6:30PM,#N/A,#N/A,#N/A,#N/A,#N/A,#N/A,Administrative data
636,higher mind clinical institute incorporated,"unit 309a, south insula, timog ave, south triangle, quezon city, ncr, 1103","unit 309a, south insula, timog ave, south triangle, quezon city, ncr, 1103, Philippines",South Triangle,4,Long-term care and rehabilitation services,#N/A,Psychological clinic,"QC Future Ready dashboard, Long-term care and rehabilitation services",8:00AM,5:00PM,121.0364736,14.6347791,#N/A,#N/A,#N/A,#N/A,Administrative data
675,horizons of hope therapy center inc.,"2, wisdom st. , teresa village, bahay toro, quezon city, ncr, 1106","2, wisdom Street , teresa village, bahay toro, quezon city, ncr, 1106, Philippines",Bahay Toro,1,Long-term care and rehabilitation services,#N/A,Physical/occupational therapy school,"QC Future Ready dashboard, Long-term care and rehabilitation services",8:00AM,5:00PM,121.0391948,14.6660855,#N/A,#N/A,#N/A,#N/A,Administrative data
689,"ikigai wellness solutions, inc.","nb 311b - nb 312 3rd flr., sm city , north edsa, bagong pag-asa, quezon city, ncr, 1105","nb 311b - nb 312 3rd Floor, sm city , north edsa, bagong pag-asa, quezon city, ncr, 1105, Philippines",Bagong Pag-asa,1,Long-term care and rehabilitation services,#N/A,Therapeutic clinic,"QC Future Ready dashboard, Long-term care and rehabilitation services",10:00AM,9:00PM,#N/A,#N/A,#N/A,#N/A,#N/A,#N/A,Administrative data
710,inner core psychiatric clinic,"441, quirino hi-way , talipapa, quezon city, ncr, 1116","441, quirino hi-way , talipapa, quezon city, ncr, 1116, Philippines",Talipapa,6,Long-term care and rehabilitation services,#N/A,Psychological clinic,"QC Future Ready dashboard, Long-term care and rehabilitation services",8:00AM,5:00PM,121.0223608,14.6844024,#N/A,#N/A,#N/A,#N/A,Administrative data
729,jeenie beyond beauty inc.,"arcade 9, 68 roces, roces ave., obrero, quezon city, ncr, 1103","arcade 9, 68 roces, roces Avenue, obrero, quezon city, ncr, 1103, Philippines",Obrero,4,Long-term care and rehabilitation services,#N/A,Therapeutic clinic,"QC Future Ready dashboard, Long-term care and rehabilitation services",9:00AM,9:00PM,121.026517,14.6300606,#N/A,#N/A,#N/A,#N/A,Administrative data
767,jrt home care service,"07, langka st., quirino 2b, quezon city, ncr, 1102","07, langka Street, quirino 2b, quezon city, ncr, 1102, Philippines",Quirino 2-B,3,Long-term care and rehabilitation services,#N/A,Psychiatric rehabilitation center,"QC Future Ready dashboard, Long-term care and rehabilitation services",8:00AM,5:00PM,121.0628802,14.6331437,#N/A,#N/A,#N/A,#N/A,Administrative data
781,k&m wellness corporation,"unit 101 1706, rimando building ii, e. rodriguez sr. ave., immaculate concepcion, cubao , ncr, 1109","unit 101 1706, rimando building ii, e. rodriguez sr. Avenue, immaculate concepcion, cubao , ncr, 1109, Quezon City, Philippines",E. Rodriguez,3,Long-term care and rehabilitation services,#N/A,Physical therapy clinic,"QC Future Ready dashboard, Long-term care and rehabilitation services",10:00AM,8:00PM,#N/A,#N/A,#N/A,#N/A,#N/A,#N/A,Administrative data
814,kg therapy recovery clinic,"13b, west avenue, nayong kanluran, quezon city, ncr, 1125","13b, west avenue, nayong kanluran, quezon city, ncr, 1125, Philippines",Nayong Kanluran,1,Long-term care and rehabilitation services,#N/A,Physical therapy clinic,"QC Future Ready dashboard, Long-term care and rehabilitation services",10:00AM,8:00PM,121.0260452,14.6389333,#N/A,#N/A,#N/A,#N/A,Administrative data
816,kidswecare pediatric therapy center,"unit 104, no. 20 shorthorn st., project 8, bahay toro, quezon city, ncr, 1106","unit 104, 20 shorthorn Street, project 8, bahay toro, quezon city, ncr, 1106, Philippines",Bahay Toro,1,Long-term care and rehabilitation services,#N/A,Therapeutic clinic,"QC Future Ready dashboard, Long-term care and rehabilitation services",8:00AM,5:00PM,121.0221249,14.6654144,#N/A,#N/A,#N/A,#N/A,Administrative data
828,kryptonite massage spa service,"space 203, 2nd flr., no. 2 congressional ave. , ramon magsaysay, quezon city, ncr, 1105","space 203, 2nd Floor, 2 congressional Avenue , ramon magsaysay, quezon city, ncr, 1105, Philippines",Ramon Magsaysay,1,Long-term care and rehabilitation services,#N/A,Therapeutic clinic,"QC Future Ready dashboard, Long-term care and rehabilitation services",12:00AM,12:00AM,121.0201211,14.6581686,#N/A,#N/A,#N/A,#N/A,Administrative data
837,l.a.r.o. therapy center,"unit 4 , sto. domingo bldg. , #4 sto. domingo st. , sto. domingo, quezon city, ncr, 1114","unit 4 , sto. domingo Building , 4 sto. domingo Street , sto. domingo, quezon city, ncr, 1114, Philippines",Sto. Domingo (Matalahib),1,Long-term care and rehabilitation services,#N/A,Physical/occupational therapy school,"QC Future Ready dashboard, Long-term care and rehabilitation services",8:00AM,5:00PM,#N/A,#N/A,#N/A,#N/A,#N/A,#N/A,Administrative data
857,les cheveux salon and spa,"# 68, west ave., west triangle, quezon city, ncr, 1104","68, west Avenue, west triangle, quezon city, ncr, 1104, Philippines",West Triangle,1,Long-term care and rehabilitation services,#N/A,Therapeutic clinic,"QC Future Ready dashboard, Long-term care and rehabilitation services",8:00AM,5:00PM,121.0269812,14.6410801,#N/A,#N/A,#N/A,#N/A,Administrative data
858,li'l scouts therapy center,"244, sct. chuatoco, roxas, quezon city, ncr, 1103","244, sct. chuatoco, roxas, quezon city, ncr, 1103, Philippines",Roxas,4,Long-term care and rehabilitation services,#N/A,Physical therapy clinic,"QC Future Ready dashboard, Long-term care and rehabilitation services",9:00AM,5:00PM,#N/A,#N/A,#N/A,#N/A,#N/A,#N/A,Administrative data
862,"life change recovery center, inc.","105, scout rallos street, sacred heart, quezon city, ncr, 1103","105, scout rallos street, sacred heart, quezon city, ncr, 1103, Philippines",Sacred Heart,4,Long-term care and rehabilitation services,#N/A,Psychological clinic,"QC Future Ready dashboard, Long-term care and rehabilitation services",9:00AM,6:00PM,121.0407051,14.6330849,#N/A,#N/A,#N/A,#N/A,Administrative data
875,little lane therapy corp.,"134, katipunan ave., st. ignatius, quezon city, ncr, 1110","134, katipunan Avenue, Street ignatius, quezon city, ncr, 1110, Philippines",Katipunan,1,Long-term care and rehabilitation services,#N/A,Physical/occupational therapy school,"QC Future Ready dashboard, Long-term care and rehabilitation services",9:00AM,5:00PM,#N/A,#N/A,#N/A,#N/A,#N/A,#N/A,Administrative data
879,little stars therapy center,"commercial unit 1 and 2, future point plaza , panay ave, south triangle, quezon city, ncr, 1103","commercial unit 1 and 2, future point plaza , panay ave, south triangle, quezon city, ncr, 1103, Philippines",South Triangle,4,Long-term care and rehabilitation services,#N/A,Physical/occupational therapy school,"QC Future Ready dashboard, Long-term care and rehabilitation services",9:00AM,5:00PM,121.0318927,14.6395892,#N/A,#N/A,#N/A,#N/A,Administrative data
883,logm inc.,"g/f unit e, one susano prime, 188, susano road, san agustin, quezon city, ncr, 1117","g/f unit e, one susano prime, 188, susano road, san agustin, quezon city, ncr, 1117, Philippines",San Agustin,5,Long-term care and rehabilitation services,#N/A,Physical therapy clinic,"QC Future Ready dashboard, Long-term care and rehabilitation services",10:00AM,7:00PM,121.034184,14.734586,#N/A,#N/A,#N/A,#N/A,Administrative data
903,ls agile pt services opc,"unit 3c, st. martin building, 17 west point street, e. rodriguez, quezon city, ncr, 1102","unit 3c, Street martin building, 17 west point street, e. rodriguez, quezon city, ncr, 1102, Philippines",E. Rodriguez,3,Long-term care and rehabilitation services,#N/A,Physical therapy clinic,"QC Future Ready dashboard, Long-term care and rehabilitation services",9:00AM,6:00PM,121.0520508,14.6238363,#N/A,#N/A,#N/A,#N/A,Administrative data
912,malay counseling and psychosocial service,"18-d, 6th camarilla street, san roque, quezon city, ncr, 1109","18-d, 6th camarilla street, san roque, quezon city, ncr, 1109, Philippines",San Roque,3,Long-term care and rehabilitation services,#N/A,Psychological clinic,"QC Future Ready dashboard, Long-term care and rehabilitation services",10:00AM,5:00PM,121.0636856,14.6143743,#N/A,#N/A,#N/A,#N/A,Administrative data
951,marpe medical rehab center inc.,"rm 801 8th floor, malakas suites, 88 malakas st. diliman, pinyahan, quezon city, ncr, 1100","rm 801 8th floor, malakas suites, 88 malakas Street diliman, pinyahan, quezon city, ncr, 1100, Philippines",Pinyahan,4,Long-term care and rehabilitation services,#N/A,Rehabilitation clinic,"QC Future Ready dashboard, Long-term care and rehabilitation services",8:00AM,6:00PM,121.0486292,14.639545,#N/A,#N/A,#N/A,#N/A,Administrative data
979,medical direct medical clinic,"unit 5  , indg bldg. , 77 nicanor roxas st, sto. domingo, quezon city, ncr, 1113","unit 5 , indg Building , 77 nicanor roxas st, sto. domingo, quezon city, ncr, 1113, Philippines",Roxas,4,Long-term care and rehabilitation services,#N/A,Physical therapy clinic,"QC Future Ready dashboard, Long-term care and rehabilitation services",8:00AM,5:00PM,#N/A,#N/A,#N/A,#N/A,#N/A,#N/A,Administrative data
1021,mobilitypro physical therapy clinic,"4th floor rm. 4 and 5, tobit bldg, zabarte road, kaligayahan, quezon city, ncr, 1124","4th floor Room 4 and 5, tobit bldg, zabarte road, kaligayahan, quezon city, ncr, 1124, Philippines",Kaligayahan,5,Long-term care and rehabilitation services,#N/A,Physical therapy clinic,"QC Future Ready dashboard, Long-term care and rehabilitation services",9:00AM,6:00PM,121.047626,14.7365307,#N/A,#N/A,#N/A,#N/A,Administrative data
1031,motion-line physical therapy clinic,"unit 3, 99 suite maginhawa bldg., maginhawa st., teachers village east, quezon city, ncr, 1101","unit 3, 99 suite maginhawa Building, maginhawa Street, teachers village east, quezon city, ncr, 1101, Philippines",Teachers Village East,4,Long-term care and rehabilitation services,#N/A,Physical therapy clinic,"QC Future Ready dashboard, Long-term care and rehabilitation services",9:00AM,9:00PM,121.0579866,14.6466952,#N/A,#N/A,#N/A,#N/A,Administrative data
1032,movement lab health and wellness center corporation,"2-2d 2nd floor  , torre venezia condominium, 170 timog avenue cor. sct santiago st, laging handa, quezon city, ncr, 1103","2-2d 2nd floor , torre venezia condominium, 170 timog avenue corner sct santiago st, laging handa, quezon city, ncr, 1103, Philippines",Laging Handa,4,Long-term care and rehabilitation services,#N/A,Physical therapy clinic,"QC Future Ready dashboard, Long-term care and rehabilitation services",8:00AM,10:00PM,121.0290454,14.6358042,#N/A,#N/A,#N/A,#N/A,Administrative data
1035,msquare myotherapy & rehab clinic,"#110, 11th st., mariana, quezon city, ncr, 1112","110, 11th Street, mariana, quezon city, ncr, 1112, Philippines",Mariana,4,Long-term care and rehabilitation services,#N/A,Rehabilitation clinic,"QC Future Ready dashboard, Long-term care and rehabilitation services",8:00AM,5:00PM,121.0351683,14.6235908,#N/A,#N/A,#N/A,#N/A,Administrative data
1060,neung thai foot and body massage,"18, matalino, central, quezon city, ncr, 1100","18, matalino, central, quezon city, ncr, 1100, Philippines",Central,4,Long-term care and rehabilitation services,#N/A,Therapeutic clinic,"QC Future Ready dashboard, Long-term care and rehabilitation services",12:00PM,10:00PM,121.0505086,14.6444894,#N/A,#N/A,#N/A,#N/A,Administrative data
1061,neuro psychological testing center,"03f-vir.24 , symphony tower 2, sgt. esguerra avenue, south triangle, quezon city, ncr, 1103","03f-vir.24 , symphony tower 2, sgt. esguerra avenue, south triangle, quezon city, ncr, 1103, Philippines",South Triangle,4,Long-term care and rehabilitation services,#N/A,Psychological clinic,"QC Future Ready dashboard, Long-term care and rehabilitation services",8:00PM,8:00PM,121.04111,14.633755,#N/A,#N/A,#N/A,#N/A,Administrative data
1073,nextgen learning center,"712c, peace valley tandang sora, matandang balara, quezon city, ncr, 1119","712c, peace valley tandang sora, matandang balara, quezon city, ncr, 1119, Philippines",Tandang Sora,6,Long-term care and rehabilitation services,#N/A,Physical/occupational therapy school,"QC Future Ready dashboard, Long-term care and rehabilitation services",8:00AM,4:00PM,#N/A,#N/A,#N/A,#N/A,#N/A,#N/A,Administrative data
1074,nexus' physical rehabilitation center,"82, one mckinson building, road 3, project 6, quezon city, ncr, 1100","82, one mckinson building, road 3, project 6, quezon city, ncr, 1100, Philippines",Project 6,1,Long-term care and rehabilitation services,#N/A,Rehabilitation clinic,"QC Future Ready dashboard, Long-term care and rehabilitation services",9:00AM,8:00PM,121.0398867,14.6647061,#N/A,#N/A,#N/A,#N/A,Administrative data
1100,octarine physical therapy clinic,"37, scout borromeo , south triangle, quezon city, ncr, 1103","37, scout borromeo , south triangle, quezon city, ncr, 1103, Philippines",South Triangle,4,Long-term care and rehabilitation services,#N/A,Physical therapy clinic,"QC Future Ready dashboard, Long-term care and rehabilitation services",8:00AM,5:00PM,121.036966,14.6367713,#N/A,#N/A,#N/A,#N/A,Administrative data
1124,os habitares corp.,"2nd flr linear bldg., no. 142 katipunan ave, st. ignatius, quezon city, ncr, 1110","2nd flr linear Building, 142 katipunan ave, Street ignatius, quezon city, ncr, 1110, Philippines",Katipunan,1,Long-term care and rehabilitation services,#N/A,Rehabilitation clinic | physical therapy clinic,"QC Future Ready dashboard, Long-term care and rehabilitation services",8:00AM,5:00PM,#N/A,#N/A,#N/A,#N/A,#N/A,#N/A,Administrative data
1157,ozonmed wellness clinic inc.,"2nd flr, glory to god bldg., sampaguita ave. cor narra st. , mapayapa village iii, pasong tamo, quezon city, ncr, 1107","2nd flr, glory to god Building, sampaguita Avenue corner narra Street , mapayapa village iii, pasong tamo, quezon city, ncr, 1107, Philippines",Pasong Tamo,6,Long-term care and rehabilitation services,#N/A,Physical therapy clinic,"QC Future Ready dashboard, Long-term care and rehabilitation services",8:00AM,8:00PM,121.0443263,14.6740388,#N/A,#N/A,#N/A,#N/A,Administrative data
1158,p47 physiotherapy center,"unit 303-304 3rd flr., hemady square,  #86 doña hemady st. cor. e. rodriguez st. ave., kristong hari, quezon city, ncr, 1112","unit 303-304 3rd Floor, hemady square, 86 doña hemady Street corner e. rodriguez Street Avenue, kristong hari, quezon city, ncr, 1112, Philippines",Kristong Hari,4,Long-term care and rehabilitation services,#N/A,Physical therapy clinic,"QC Future Ready dashboard, Long-term care and rehabilitation services",10:00PM,7:00PM,121.0313689,14.6240004,#N/A,#N/A,#N/A,#N/A,Administrative data
1191,peak physical therapy & scoliosis center corp.,"space a , one orchard eastwood city cyberpark, 188, e. rodriguez jr. avenue, bagumbayan, quezon city, ncr, 1110","space a , one orchard eastwood city cyberpark, 188, e. rodriguez jr. avenue, bagumbayan, quezon city, ncr, 1110, Philippines",Bagumbayan,3,Long-term care and rehabilitation services,#N/A,Physical therapy clinic,"QC Future Ready dashboard, Long-term care and rehabilitation services",8:00AM,5:00PM,121.0804199,14.607882,#N/A,#N/A,#N/A,#N/A,Administrative data
1222,philippine orthopedic center-rehabilitation medicine specialists co. (poc-rms),"78a, department of rehab med, ma. clara cor. banawe sts., lourdes, quezon city, ncr, 1114","78a, department of rehab med, ma. clara corner banawe sts., lourdes, quezon city, ncr, 1114, Philippines",Lourdes,1,Long-term care and rehabilitation services,#N/A,Physical therapy clinic,"QC Future Ready dashboard, Long-term care and rehabilitation services",8:00AM,5:00PM,#N/A,#N/A,#N/A,#N/A,#N/A,#N/A,Administrative data
1227,physio rehability services corporation,"unit s-08 , il terrazzo, tomas morato cor. scout madriñan, south triangle, quezon city, ncr, 1103","unit s-08 , il terrazzo, tomas morato corner scout madriñan, south triangle, quezon city, ncr, 1103, Philippines",South Triangle,4,Long-term care and rehabilitation services,#N/A,Physical therapy clinic,"QC Future Ready dashboard, Long-term care and rehabilitation services",9:00AM,6:00PM,121.0354303,14.636121,#N/A,#N/A,#N/A,#N/A,Administrative data
1228,physiofirst health care clinic,"unit 204 2nd flr, jovita bldg, 426 banawe , cor tirad pass st., sta. mesa heights, sto. domingo, quezon city, ncr, 1114","unit 204 2nd flr, jovita bldg, 426 banawe , corner tirad pass Street, sta. mesa heights, sto. domingo, quezon city, ncr, 1114, Philippines",Sto. Domingo (Matalahib),1,Long-term care and rehabilitation services,#N/A,Physical therapy clinic,"QC Future Ready dashboard, Long-term care and rehabilitation services",9:00PM,5:00PM,121.0042461,14.6280959,#N/A,#N/A,#N/A,#N/A,Administrative data
1229,physiofirst health care clinic,"unit 209 second floor, christopher plaza building,, quirino highway, novaliches, pasong putik proper, quezon city, ncr, 1118","unit 209 second floor, christopher plaza building, quirino highway, novaliches, pasong putik proper, quezon city, ncr, 1118, Philippines",Pasong Putik Proper,5,Long-term care and rehabilitation services,#N/A,Physical therapy clinic,"QC Future Ready dashboard, Long-term care and rehabilitation services",8:00AM,5:00PM,121.0735254,14.7386746,#N/A,#N/A,#N/A,#N/A,Administrative data
1230,physioprime physiotherapy  services,"45, petronia st., buenamar subd., novaliches proper, quezon city, ncr, 1121","45, petronia Street, buenamar Subdivision, novaliches proper, quezon city, ncr, 1121, Philippines",Novaliches Proper,5,Long-term care and rehabilitation services,#N/A,Physical therapy clinic,"QC Future Ready dashboard, Long-term care and rehabilitation services",9:00AM,6:00PM,121.0383731,14.7198511,#N/A,#N/A,#N/A,#N/A,Administrative data
1231,physioprime physiotherapy services,"b41 l1 elizabeth hall, katipunan avenue, loyola heights, quezon city, ncr, 1108","b41 l1 elizabeth hall, katipunan avenue, loyola heights, quezon city, ncr, 1108, Philippines",Katipunan,1,Long-term care and rehabilitation services,#N/A,Physical therapy clinic,"QC Future Ready dashboard, Long-term care and rehabilitation services",9:00AM,6:00PM,#N/A,#N/A,#N/A,#N/A,#N/A,#N/A,Administrative data
1232,physioworks physical therapy clinic,"il terrazzo, s- 08 sct. madrinan , south triangle, quezon city, ncr, 1103","il terrazzo, s- 08 sct. madrinan , south triangle, quezon city, ncr, 1103, Philippines",South Triangle,4,Long-term care and rehabilitation services,#N/A,Physical therapy clinic,"QC Future Ready dashboard, Long-term care and rehabilitation services",8:00AM,9:00PM,121.0354303,14.636121,#N/A,#N/A,#N/A,#N/A,Administrative data
1246,play avenue therapy center co.,"unit 405, elements at quezon ave. bldg.,, #560 quezon ave., tatalon, quezon city, ncr, 1113","unit 405, elements at quezon Avenue Building, 560 quezon Avenue, tatalon, quezon city, ncr, 1113, Philippines",Tatalon,4,Long-term care and rehabilitation services,#N/A,Physical/occupational therapy school,"QC Future Ready dashboard, Long-term care and rehabilitation services",9:00AM,5:00PM,121.0106242,14.6254358,#N/A,#N/A,#N/A,#N/A,Administrative data
1262,posturecare chiropractic solutions corporation,"cc304 3/f, sm city north edsa, north avenue corner edsa avenue, sto. cristo, quezon city, ncr, 1105","cc304 3/f, sm city north edsa, north avenue corner edsa avenue, sto. cristo, quezon city, ncr, 1105, Philippines",Sto. Cristo,1,Long-term care and rehabilitation services,#N/A,Physical therapy clinic,"QC Future Ready dashboard, Long-term care and rehabilitation services",10:00AM,9:00PM,121.0300734,14.6563879,#N/A,#N/A,#N/A,#N/A,Administrative data
1263,potentials therapy center,"unit 2a 2nd flr., mic bldg., 72 bukidnon street, ramon magsaysay, quezon city, ncr, 1105","unit 2a 2nd Floor, mic Building, 72 bukidnon street, ramon magsaysay, quezon city, ncr, 1105, Philippines",Ramon Magsaysay,1,Long-term care and rehabilitation services,#N/A,Therapeutic clinic,"QC Future Ready dashboard, Long-term care and rehabilitation services",8:00AM,6:00PM,121.0249925,14.6594863,#N/A,#N/A,#N/A,#N/A,Administrative data
1268,prime care physiotherapy and rehabilitation center co.,"793, novaliches general hospital, quirino highway, gulod, quezon city, ncr, 1117","793, novaliches general hospital, quirino highway, gulod, quezon city, ncr, 1117, Philippines",Gulod,5,Long-term care and rehabilitation services,#N/A,Physical therapy clinic,"QC Future Ready dashboard, Long-term care and rehabilitation services",9:00AM,5:00PM,121.0390189,14.7094976,#N/A,#N/A,#N/A,#N/A,Administrative data
1273,primefil psychological services,"unit 814, emerald square , j. p rizal st, milagrosa, quezon city, ncr, 1109","unit 814, emerald square , j. p rizal st, milagrosa, quezon city, ncr, 1109, Philippines",Milagrosa,3,Long-term care and rehabilitation services,#N/A,Psychological clinic,"QC Future Ready dashboard, Long-term care and rehabilitation services",8:00AM,5:00PM,121.0715007,14.6228618,#N/A,#N/A,#N/A,#N/A,Administrative data
1274,primocare therapy center,"space 2 & 3 3/f, scout center bldg., 38 scout limbaga cor. 55 scout tobias, laging handa, quezon city, ncr, 1103","space 2 & 3 3/f, scout center Building, 38 scout limbaga corner 55 scout tobias, laging handa, quezon city, ncr, 1103, Philippines",Laging Handa,4,Long-term care and rehabilitation services,#N/A,Physical therapy clinic,"QC Future Ready dashboard, Long-term care and rehabilitation services",8:00AM,5:00PM,121.0307509,14.6341773,#N/A,#N/A,#N/A,#N/A,Administrative data
1291,psych profile center for psychological assessment services,"unit 401a, balgan place 3, 140 kalayaan avenue, central, quezon city, ncr, 1100","unit 401a, balgan place 3, 140 kalayaan avenue, central, quezon city, ncr, 1100, Philippines",Central,4,Long-term care and rehabilitation services,#N/A,Psychological clinic,"QC Future Ready dashboard, Long-term care and rehabilitation services",8:00AM,5:00PM,121.0524233,14.6469506,#N/A,#N/A,#N/A,#N/A,Administrative data
1320,Quezon City Kabahagi Center For Children With Disabilitites,"Greenville Dr, Quezon City, Metro Manila","Greenville Dr, Quezon City, Metro Manila, Philippines",#N/A,6,Long-term care and rehabilitation services,#N/A,Quezon City Kabahagi Center For Children With Disabilitites,"Data_QC Caring Cities Tracker, QC LGU Services&Locations",#N/A,#N/A,121.0365682,14.687443,#N/A,#N/A,#N/A,#N/A,Administrative data
1321,Quezon City Kabahagi Center For Children With Disabilitites,"Serbisyong Bayan Park, Barangay Batasan Hills, Quezon City","Serbisyong Bayan Park, Barangay Batasan Hills, Quezon City, Philippines",Batasan Hills,2,Long-term care and rehabilitation services,#N/A,Quezon City Kabahagi Center For Children With Disabilitites,"Data_QC Caring Cities Tracker, QC LGU Services&Locations",#N/A,#N/A,121.095428,14.690171,#N/A,#N/A,#N/A,#N/A,Administrative data
1334,r.a.k therapeutic clinic,"unit e 3rd flr. , cayman square building , 195 tandang sora avenue , tandang sora, quezon city, ncr, 1116","unit e 3rd Floor , cayman square building , 195 tandang sora avenue , tandang sora, quezon city, ncr, 1116, Philippines",Tandang Sora,6,Long-term care and rehabilitation services,#N/A,Physical therapy clinic,"QC Future Ready dashboard, Long-term care and rehabilitation services",10:00AM,9:00PM,121.0374743,14.6766406,#N/A,#N/A,#N/A,#N/A,Administrative data
1335,ram-ce psychological & diagnostic center inc.,"#1-b, medina bldg.  3rd ave. cor.,, b. serrano ave, bagong lipunan ng crame, quezon city, ncr, 1111","1-b, medina Building 3rd Avenue corner, b. serrano ave, bagong lipunan ng crame, quezon city, ncr, 1111, Philippines",Bagong Lipunan ng Crame,4,Long-term care and rehabilitation services,#N/A,Psychological clinic,"QC Future Ready dashboard, Long-term care and rehabilitation services",8:00AM,5:00PM,121.05323,14.6105773,#N/A,#N/A,#N/A,#N/A,Administrative data
1341,re-life physiotherapy services,"gf, anonas prime square building, 100 anonas street, project 3, quirino 3a, quezon city, ncr, 1102","gf, anonas prime square building, 100 anonas street, project 3, quirino 3a, quezon city, ncr, 1102, Philippines",Quirino 3-A,3,Long-term care and rehabilitation services,#N/A,Physical therapy clinic,"QC Future Ready dashboard, Long-term care and rehabilitation services",10:00AM,7:00PM,121.0629006,14.6290301,#N/A,#N/A,#N/A,#N/A,Administrative data
1342,realign physiotherapy services,"7f, victoria sports tower station ii, edsa, south triangle, quezon city, ncr, 1103","7f, victoria sports tower station ii, edsa, south triangle, quezon city, ncr, 1103, Philippines",South Triangle,4,Long-term care and rehabilitation services,#N/A,Physical therapy clinic,"QC Future Ready dashboard, Long-term care and rehabilitation services",9:00AM,9:00PM,121.0424823,14.6359509,#N/A,#N/A,#N/A,#N/A,Administrative data
1348,rehub physical therapy and recovery clinic opc,"2f, celebrity sports plaza ,, capitol hills drive, matandang balara, quezon city, ncr, 1119","2f, celebrity sports plaza , capitol hills drive, matandang balara, quezon city, ncr, 1119, Philippines",Matandang Balara,3,Long-term care and rehabilitation services,#N/A,Physical therapy clinic | rehabilitation clinic,"QC Future Ready dashboard, Long-term care and rehabilitation services",8:00AM,8:00PM,121.0800044,14.6649705,#N/A,#N/A,#N/A,#N/A,Administrative data
1357,rise and rehab incorporated,"3rd floor , 172, d. tuazon st, maharlika, quezon city, ncr, 1114","3rd floor , 172, d. tuazon st, maharlika, quezon city, ncr, 1114, Philippines",Maharlika,1,Long-term care and rehabilitation services,#N/A,Rehabilitation clinic,"QC Future Ready dashboard, Long-term care and rehabilitation services",8:00AM,5:00PM,120.9988771,14.6318187,#N/A,#N/A,#N/A,#N/A,Administrative data
1433,sanshaiwellnessspa massage service,"unit 107, unit bayo condotel, no.6 scout bayoran st. corner scout tuazon st., south triangle, quezon city, ncr, 1103","unit 107, unit bayo condotel, 6 scout bayoran Street corner scout tuazon Street, south triangle, quezon city, ncr, 1103, Philippines",South Triangle,4,Long-term care and rehabilitation services,#N/A,Therapeutic clinic,"QC Future Ready dashboard, Long-term care and rehabilitation services",9:00AM,9:00PM,#N/A,#N/A,#N/A,#N/A,#N/A,#N/A,Administrative data
1455,scottland inc.,"space 307293, trinoma edsa cor, bagong pag-asa, quezon city, ncr, 1105","space 307293, trinoma edsa corner, bagong pag-asa, quezon city, ncr, 1105, Philippines",Bagong Pag-asa,1,Long-term care and rehabilitation services,#N/A,Therapeutic clinic,"QC Future Ready dashboard, Long-term care and rehabilitation services",8:00AM,8:00PM,121.0326899,14.6519849,#N/A,#N/A,#N/A,#N/A,Administrative data
1493,skdc neuro psychological testing and assessment center,"unit no.2 a-102, colton place apartment, 155, session road, talanay area b, batasan hills, quezon city, ncr, 1126","unit 2 a-102, colton place apartment, 155, session road, talanay area b, batasan hills, quezon city, ncr, 1126, Philippines",Batasan Hills,2,Long-term care and rehabilitation services,#N/A,Psychological clinic,"QC Future Ready dashboard, Long-term care and rehabilitation services",8:00AM,5:00PM,121.1019365,14.6805781,#N/A,#N/A,#N/A,#N/A,Administrative data
1494,skills at play therapy center inc.,"27, j. aquino cruz, balingasa, quezon city, ncr, 1115","27, j. aquino cruz, balingasa, quezon city, ncr, 1115, Philippines",Balingasa,1,Long-term care and rehabilitation services,#N/A,Physical therapy clinic,"QC Future Ready dashboard, Long-term care and rehabilitation services",8:00AM,5:00PM,121.0042276,14.6482857,#N/A,#N/A,#N/A,#N/A,Administrative data
1495,skyderm aesthetic and wellness services,"unit 214, royale place mall, don antonio drive, batasan hills, quezon city, ncr, 1119","unit 214, royale place mall, don antonio drive, batasan hills, quezon city, ncr, 1119, Philippines",Batasan Hills,2,Long-term care and rehabilitation services,#N/A,Therapeutic clinic,"QC Future Ready dashboard, Long-term care and rehabilitation services",11:00AM,7:00PM,121.085461,14.677076,#N/A,#N/A,#N/A,#N/A,Administrative data
1505,solid fundevmentals therapy center inc.,"unit a312 3rd flr., eastwood mall, orchard rd eastwood city, bagumbayan, quezon city, ncr, 1110","unit a312 3rd Floor, eastwood mall, orchard rd eastwood city, bagumbayan, quezon city, ncr, 1110, Philippines",Bagumbayan,3,Long-term care and rehabilitation services,#N/A,Rehabilitation clinic,"QC Future Ready dashboard, Long-term care and rehabilitation services",8:00AM,5:00PM,121.0810099,14.6096628,#N/A,#N/A,#N/A,#N/A,Administrative data
1515,spa meraki opc,"mezzanine flr., coronet commercial  theatre building, imperial st. cubao, e. rodriguez, quezon city, ncr, 1102","mezzanine Floor, coronet commercial theatre building, imperial Street cubao, e. rodriguez, quezon city, ncr, 1102, Philippines",E. Rodriguez,3,Long-term care and rehabilitation services,#N/A,Therapeutic clinic,"QC Future Ready dashboard, Long-term care and rehabilitation services",8:00AM,5:00PM,121.0513657,14.6270648,#N/A,#N/A,#N/A,#N/A,Administrative data
1516,sports health and wellness international inc.,"l38, b57, misa de gallo st, lagro subdivision, greater lagro, quezon city, ncr, 1100","l38, b57, misa de gallo st, lagro subdivision, greater lagro, quezon city, ncr, 1100, Philippines",Greater Lagro,5,Long-term care and rehabilitation services,#N/A,Physical therapy clinic,"QC Future Ready dashboard, Long-term care and rehabilitation services",9:00AM,4:00PM,121.0637234,14.7253202,#N/A,#N/A,#N/A,#N/A,Administrative data
1522,springlife therapeutic community inc.,"122, west avenue, phil-am, quezon city, ncr, 1103","122, west avenue, phil-am, quezon city, ncr, 1103, Philippines",Phil-Am,1,Long-term care and rehabilitation services,#N/A,Psychological clinic,"QC Future Ready dashboard, Long-term care and rehabilitation services",9:00AM,5:00PM,121.0290442,14.6504679,#N/A,#N/A,#N/A,#N/A,Administrative data
1693,steven&hudson arts and play center,"unit 212, royale place, don antonio drive, batasan hills, quezon city, ncr, 1126","unit 212, royale place, don antonio drive, batasan hills, quezon city, ncr, 1126, Philippines",Batasan Hills,2,Long-term care and rehabilitation services,#N/A,Physical/occupational therapy school,"QC Future Ready dashboard, Long-term care and rehabilitation services",9:00AM,5:00PM,121.085461,14.677076,#N/A,#N/A,#N/A,#N/A,Administrative data
1718,stridephysio physiotherapy services,"unit m11 mezzanine floor, victoria towers, #78 timog avenue cor panay avenue, paligsahan, quezon city, ncr, 1103","unit m11 mezzanine floor, victoria towers, 78 timog avenue corner panay avenue, paligsahan, quezon city, ncr, 1103, Philippines",Paligsahan,4,Long-term care and rehabilitation services,#N/A,Physical therapy clinic,"QC Future Ready dashboard, Long-term care and rehabilitation services",9:00AM,6:00PM,121.0278558,14.6361959,#N/A,#N/A,#N/A,#N/A,Administrative data
1719,sunshine.com inc.,"95, 4th st., mariana, quezon city, ncr, 1112","95, 4th Street, mariana, quezon city, ncr, 1112, Philippines",Mariana,4,Long-term care and rehabilitation services,#N/A,Psychiatric rehabilitation center,"QC Future Ready dashboard, Long-term care and rehabilitation services",8:00AM,5:00PM,121.0323518,14.6149235,#N/A,#N/A,#N/A,#N/A,Administrative data
1720,synergy advanced rehabilitation and wound care corp.,"144, congressional ave. project 8, bahay toro, quezon city, ncr, 1106","144, congressional Avenue project 8, bahay toro, quezon city, ncr, 1106, Philippines",Bahay Toro,1,Long-term care and rehabilitation services,#N/A,Physical therapy clinic,"QC Future Ready dashboard, Long-term care and rehabilitation services",9:00AM,6:00PM,121.0280898,14.6647795,#N/A,#N/A,#N/A,#N/A,Administrative data
1764,the learning canvas co.,"unit-b 2nd flr.  197, d. tuazon st., sta. mesa heights, maharlika, quezon city, ncr, 1114","unit-b 2nd Floor 197, d. tuazon Street, sta. mesa heights, maharlika, quezon city, ncr, 1114, Philippines",Maharlika,1,Long-term care and rehabilitation services,#N/A,Physical/occupational therapy school,"QC Future Ready dashboard, Long-term care and rehabilitation services",8:00AM,5:00PM,120.9974214,14.633876,#N/A,#N/A,#N/A,#N/A,Administrative data
1782,the oracle physical rehabilitation inc.,"2nd flr. unit-1 , almar building, no. 60 mauban st. , manresa, quezon city, ncr, 1115","2nd Floor unit-1 , almar building, 60 mauban Street , manresa, quezon city, ncr, 1115, Philippines",Manresa,1,Long-term care and rehabilitation services,#N/A,Physical therapy clinic,"QC Future Ready dashboard, Long-term care and rehabilitation services",9:00AM,6:00PM,120.997686,14.64109,#N/A,#N/A,#N/A,#N/A,Administrative data
1783,the oracle physical rehabilitation inc.,"unit 101, east side condominium corporation,, 77, malakas, pinyahan, quezon city, ncr, 1100","unit 101, east side condominium corporation, 77, malakas, pinyahan, quezon city, ncr, 1100, Philippines",Pinyahan,4,Long-term care and rehabilitation services,#N/A,Physical therapy clinic,"QC Future Ready dashboard, Long-term care and rehabilitation services",9:00AM,6:00PM,121.0482059,14.638559,#N/A,#N/A,#N/A,#N/A,Administrative data
1800,"therapies for life clinic, inc.","g/f unit 110, westria residences, 77 west ave., paltok, quezon city, ncr, 1105","g/f unit 110, westria residences, 77 west Avenue, paltok, quezon city, ncr, 1105, Philippines",Paltok,1,Long-term care and rehabilitation services,#N/A,Therapeutic clinic,"QC Future Ready dashboard, Long-term care and rehabilitation services",8:00AM,8:00PM,121.0279473,14.6470373,#N/A,#N/A,#N/A,#N/A,Administrative data
1802,three g playhub and therapy center,"unit 3-b , no. 70 holy spirit drive cor. paraluman st., isidora hills, holy spirit, quezon city, ncr, 1127","unit 3-b , 70 holy spirit drive corner paraluman Street, isidora hills, holy spirit, quezon city, ncr, 1127, Philippines",Holy Spirit,2,Long-term care and rehabilitation services,#N/A,Physical therapy clinic,"QC Future Ready dashboard, Long-term care and rehabilitation services",8:00AM,6:00PM,121.0784832,14.6860022,#N/A,#N/A,#N/A,#N/A,Administrative data
1803,thriving minds learning center,"g-06-a, regalia park towers, 150 p. tuazon ave., cubao, socorro, quezon city, ncr, 1109","g-06-a, regalia park towers, 150 p. tuazon Avenue, cubao, socorro, quezon city, ncr, 1109, Philippines",Socorro,3,Long-term care and rehabilitation services,#N/A,Physical/occupational therapy school,"QC Future Ready dashboard, Long-term care and rehabilitation services",8:00AM,5:00PM,121.0531179,14.6161163,#N/A,#N/A,#N/A,#N/A,Administrative data
1817,traumatology institute and psychological services,"unit a-c and f-g 11th floor, triumph square building, 1618 quezon avenue, south triangle, quezon city, ncr, 1103","unit a-c and f-g 11th floor, triumph square building, 1618 quezon avenue, south triangle, quezon city, ncr, 1103, Philippines",South Triangle,4,Long-term care and rehabilitation services,#N/A,Psychological clinic,"QC Future Ready dashboard, Long-term care and rehabilitation services",8:30AM,5:00PM,121.0351,14.6421551,#N/A,#N/A,#N/A,#N/A,Administrative data
1818,travel aide and physical therapy services,"60, mahiyain st., sikatuna village, quezon city, ncr, 1101","60, mahiyain Street, sikatuna village, quezon city, ncr, 1101, Philippines",Sikatuna Village,4,Long-term care and rehabilitation services,#N/A,Physical therapy clinic,"QC Future Ready dashboard, Long-term care and rehabilitation services",9:00AM,6:00PM,121.0601394,14.6408461,#N/A,#N/A,#N/A,#N/A,Administrative data
1835,venus aesthetic inc.,"retail c7 c8 & c9, the magnolia residences, aurora blvd. cor. hemady st. cor. n. domingo st., kaunlaran, quezon city, ncr, 1111","retail c7 c8 & c9, the magnolia residences, aurora Boulevard corner hemady Street corner n. domingo Street, kaunlaran, quezon city, ncr, 1111, Philippines",Kaunlaran,4,Long-term care and rehabilitation services,#N/A,Therapeutic clinic,"QC Future Ready dashboard, Long-term care and rehabilitation services",9:00AM,9:00PM,121.0393301,14.6137831,#N/A,#N/A,#N/A,#N/A,Administrative data
1859,visionaries massage & accutherapy center inc.,"511, northlink, sm city north edsa, sto. cristo, quezon city, ncr, 1105","511, northlink, sm city north edsa, sto. cristo, quezon city, ncr, 1105, Philippines",Sto. Cristo,1,Long-term care and rehabilitation services,#N/A,Therapeutic clinic,"QC Future Ready dashboard, Long-term care and rehabilitation services",10:00AM,10:00PM,121.0300734,14.6563879,#N/A,#N/A,#N/A,#N/A,Administrative data
1861,vtr ventures inc.,"bldg 4 doors 1 & 16-17, del nacia bldg.,, forest hill drive, gulod, quezon city, ncr, 1117","bldg 4 doors 1 & 16-17, del nacia Building, forest hill drive, gulod, quezon city, ncr, 1117, Philippines",Gulod,5,Long-term care and rehabilitation services,#N/A,Physical/occupational therapy school,"QC Future Ready dashboard, Long-term care and rehabilitation services",8:00AM,5:00PM,121.0422926,14.7163408,#N/A,#N/A,#N/A,#N/A,Administrative data
1862,walcher health and wellness corporation,"2nd flr. , unit 2h pos bldg., 305 tomas morato ave. , south triangle, quezon city, ncr, 1109","2nd Floor , unit 2h pos Building, 305 tomas morato Avenue , south triangle, quezon city, ncr, 1109, Philippines",South Triangle,4,Long-term care and rehabilitation services,#N/A,Therapeutic clinic,"QC Future Ready dashboard, Long-term care and rehabilitation services",8:00AM,5:00PM,121.0352122,14.6362757,#N/A,#N/A,#N/A,#N/A,Administrative data
1863,walkie talkie therapy center inc.,"762, aurora blvd. cor. manga road, kaunlaran, quezon city, ncr, 1111","762, aurora Boulevard corner manga road, kaunlaran, quezon city, ncr, 1111, Philippines",Kaunlaran,4,Long-term care and rehabilitation services,#N/A,Physical therapy clinic,"QC Future Ready dashboard, Long-term care and rehabilitation services",2:06PM,2:06PM,#N/A,#N/A,#N/A,#N/A,#N/A,#N/A,Administrative data
1864,wdc np assessment cntr psychiatric clinic,"room 503 unit j, camus bldg., edsa, bagong lipunan ng crame, quezon city, ncr, 1111","room 503 unit j, camus Building, edsa, bagong lipunan ng crame, quezon city, ncr, 1111, Philippines",Bagong Lipunan ng Crame,4,Long-term care and rehabilitation services,#N/A,Psychological clinic,"QC Future Ready dashboard, Long-term care and rehabilitation services",8:00AM,5:00PM,121.0542798,14.6123191,#N/A,#N/A,#N/A,#N/A,Administrative data
1869,whealthcare systems opc,"stall #3 and 4, greenmeadows park, lovebird street, greenmeadows i, ugong norte, quezon city, ncr, 1110","stall 3 and 4, greenmeadows park, lovebird street, greenmeadows i, ugong norte, quezon city, ncr, 1110, Philippines",Ugong Norte,3,Long-term care and rehabilitation services,#N/A,Physical therapy clinic,"QC Future Ready dashboard, Long-term care and rehabilitation services",8:00AM,10:00PM,121.0750737,14.5981138,#N/A,#N/A,#N/A,#N/A,Administrative data
1873,wunderkids health group corp.,"4th flr. unit 401, block s53, lot b, 3 sct. gandia, paligsahan, quezon city, ncr, 1103","4th Floor unit 401, block s53, lot b, 3 sct. gandia, paligsahan, quezon city, ncr, 1103, Philippines",Paligsahan,4,Long-term care and rehabilitation services,#N/A,Therapeutic clinic,"QC Future Ready dashboard, Long-term care and rehabilitation services",8:00AM,7:00PM,121.0255867,14.6337576,#N/A,#N/A,#N/A,#N/A,Administrative data
1874,young abality therapy center,"ground floor mezzanine area ( bare type), mega one bldg, espana blvd. corner mayon st., sta. teresita, quezon city, ncr, 1114","ground floor mezzanine area ( bare type), mega one bldg, espana Boulevard corner mayon Street, sta. teresita, quezon city, ncr, 1114, Philippines",Sta. Teresita,1,Long-term care and rehabilitation services,#N/A,Physical/occupational therapy school,"QC Future Ready dashboard, Long-term care and rehabilitation services",8:00AM,5:00PM,121.0009061,14.617406,#N/A,#N/A,#N/A,#N/A,Administrative data
2135,angel's elderly home care services,"14, bergen street, north fairview park subdivision, north fairview, quezon city, ncr, 1121","14, bergen street, north fairview park subdivision, north fairview, quezon city, ncr, 1121, Philippines",North Fairview,5,Older persons care,#N/A,Nursing care center,"QC Future Ready dashboard, Older persons care",6:00AM,6:00AM,121.0646083,14.7143041,#N/A,#N/A,#N/A,#N/A,Administrative data
2136,apo senior living corporation,"unit 310 & 312, 7 general avenue, project 8, bahay toro, quezon city, ncr, 1106","unit 310 & 312, 7 general avenue, project 8, bahay toro, quezon city, ncr, 1106, Philippines",Bahay Toro,1,Older persons care,#N/A,Nursing care center,"QC Future Ready dashboard, Older persons care",8:00AM,5:00PM,121.0249401,14.671427,#N/A,#N/A,#N/A,#N/A,Administrative data
2137,Bahay Aruga for Abandoned Elderly,"YWCA Building, Don Victorino Street in Don Antonio Heights, Barangay Holy Spirit, Quezon City","YWCA Building, Don Victorino Street in Don Antonio Heights, Barangay Holy Spirit, Quezon City, Philippines",Holy Spirit,2,Older persons care,#N/A,Bahay Aruga for Abandoned Elderly,"Data_QC Caring Cities Tracker, QC LGU Services&Locations",#N/A,#N/A,121.0811192,14.6795798,#N/A,#N/A,#N/A,#N/A,Administrative data
2138,cgnh nursing care facility services,"17 d, scout bayoran, south triangle, quezon city, ncr, 1103","17 d, scout bayoran, south triangle, quezon city, ncr, 1103, Philippines",South Triangle,4,Older persons care,#N/A,Nursing care center,"QC Future Ready dashboard, Older persons care",8:00AM,5:00PM,121.0351533,14.6382276,#N/A,#N/A,#N/A,#N/A,Administrative data
2139,exxcellent home care services,"26 , road 11, project 8, bahay toro, quezon city, ncr, 1106","26 , road 11, project 8, bahay toro, quezon city, ncr, 1106, Philippines",Bahay Toro,1,Older persons care,#N/A,Nursing care center,"QC Future Ready dashboard, Older persons care",8:00AM,12:00AM,121.021769,14.6640784,#N/A,#N/A,#N/A,#N/A,Administrative data
2140,grey-gold home care services,"13, west maya drive, phil-am, quezon city, ncr, 1104","13, west maya drive, phil-am, quezon city, ncr, 1104, Philippines",Phil-Am,1,Older persons care,#N/A,Nursing care center,"QC Future Ready dashboard, Older persons care",7:00AM,7:00AM,121.0287973,14.6471007,#N/A,#N/A,#N/A,#N/A,Administrative data
2141,rapha corporation,"lot 11 blk. 10, sunnyside hgts., batasan hills, quezon city, ncr, 1126","lot 11 blk. 10, sunnyside hgts., batasan hills, quezon city, ncr, 1126, Philippines",Batasan Hills,2,Older persons care,#N/A,Nursing care center,"QC Future Ready dashboard, Older persons care",8:00AM,5:00PM,121.1027464,14.6859361,#N/A,#N/A,#N/A,#N/A,Administrative data
2142,tlg home care services,"# 39, burbank, north fairview park, north fairview, quezon city, ncr, 1121","39, burbank, north fairview park, north fairview, quezon city, ncr, 1121, Philippines",North Fairview,5,Older persons care,#N/A,Nursing care center,"QC Future Ready dashboard, Older persons care",6:00AM,6:00PM,121.0649154,14.7137616,#N/A,#N/A,#N/A,#N/A,Administrative data
2143,St. Benedict Home Care Facility,"New Capitol Estate, Block 31 Lot 13 Andres Bonifacio St, 1 Commonwealth Ave, Quezon City",#N/A,Batasan Hills,2,Older persons care,#N/A,Home care,Google API,#N/A,#N/A,121.0853657,14.681062,#N/A,#N/A,#N/A,#N/A,Google API
2144,Mary Divine Custodial Care Center,"13 Mount Rindjani St, Quezon City",#N/A,Batasan Hills,2,Older persons care,#N/A,Home care,Google API,#N/A,#N/A,121.0912448,14.6798555,#N/A,#N/A,#N/A,#N/A,Google API
2145,SILVERLEAF AGED CARE MANOR INC.,"7 Dunhill St, Quezon City",#N/A,Fairview,5,Older persons care,#N/A,Nursing home,Google API,#N/A,#N/A,121.0808686,14.7057988,#N/A,#N/A,#N/A,#N/A,Google API
2146,Treasure Home Care Services,"Malibu, West fairview, Quezon City",#N/A,Fairview,5,Older persons care,#N/A,Home care,Google API,#N/A,#N/A,121.0669729,14.703724,#N/A,#N/A,#N/A,#N/A,Google API
2147,THCS Homecare,"30 Pontiac St, Novaliches, Quezon City",#N/A,Fairview,5,Older persons care,#N/A,Home care,Google API,#N/A,#N/A,121.0697363,14.7042034,#N/A,#N/A,#N/A,#N/A,Google API
2148,St. Francis Home Care Center,"Bldg, 5/F 793, Novaliches General Hospital Inc. (NGHI, 1117 Quirino Hwy, Novaliches, Quezon City",#N/A,Gulod,5,Older persons care,#N/A,Home care,Google API,#N/A,#N/A,121.0389499,14.7094911,#N/A,#N/A,#N/A,#N/A,Google API
2149,God's Grace Home Care Center,"10 Don Miguel Street, Don Antonio Heights Subdivision, Quezon City",#N/A,Holy Spirit,2,Older persons care,#N/A,Home care,Google API,#N/A,#N/A,121.0780227,14.6782974,#N/A,#N/A,#N/A,#N/A,Google API
2150,At Home Hospice Foundation Incorporated,"Room 513 Medical Arts Building, St. Luke’s Medical Center, 279 E Rodriguez Sr. Avenue, New Manila, Quezon City",#N/A,Kalusugan,4,Older persons care,#N/A,Home care,Google API,#N/A,#N/A,121.0238972,14.622349,#N/A,#N/A,#N/A,#N/A,Google API
2151,On Call Nursing Services,"146 N. Domingo, Quezon City",#N/A,Kaunlaran,4,Older persons care,#N/A,Nursing home,Google API,#N/A,#N/A,121.0450315,14.6180321,#N/A,#N/A,#N/A,#N/A,Google API
2152,Happy Nest Care Community,"81 Broadway Ave, Mariana, Quezon City",#N/A,Kristong Hari,4,Older persons care,#N/A,Retirement house,Google API,#N/A,#N/A,121.025173,14.6247186,#N/A,#N/A,#N/A,#N/A,Google API
2153,TNM Assisted Living and Home care,"48a Victoria Ave, Mariana, Quezon City",#N/A,Mariana,4,Older persons care,#N/A,Home care,Google API,#N/A,#N/A,121.0255584,14.6194363,#N/A,#N/A,#N/A,#N/A,Google API
2154,CREDO Home Care for Elders,"11 Ramos St Ramax, Subdivision, Quezon City",#N/A,Pasong Tamo,6,Older persons care,#N/A,Home care,Google API,#N/A,#N/A,121.0647826,14.6896795,#N/A,#N/A,#N/A,#N/A,Google API
2155,Cheers Global Nursing Homecare (Facility 1),"Philam Homes, 15 W Maya Dr, Quezon City",#N/A,Phil-Am,1,Older persons care,#N/A,Nursing home,Google API,#N/A,#N/A,121.0287237,14.6471784,#N/A,#N/A,#N/A,#N/A,Google API
2156,Noli Alzheimers and Elderly Care Center,"8 Maginoo, Diliman, Quezon City",#N/A,Pinyahan,4,Older persons care,#N/A,Nursing home,Google API,#N/A,#N/A,121.0539961,14.6370571,#N/A,#N/A,#N/A,#N/A,Google API
2157,Asian Personal Care - Nursing Home Care,"108 Marang, Quezon City",#N/A,Quirino 2-B,3,Older persons care,#N/A,Nursing home,Google API,#N/A,#N/A,121.0624212,14.6323321,#N/A,#N/A,#N/A,#N/A,Google API
2158,Blessed Family Home Care Facility,"48 Atty. Pat Senador Sr., Quezon City",#N/A,San Antonio,1,Older persons care,#N/A,Home care,Google API,#N/A,#N/A,121.016275,14.6468903,#N/A,#N/A,#N/A,#N/A,Google API
2159,Casa De Silencio,"J267+PW7, Quezon City",#N/A,Santol,4,Older persons care,#N/A,Retirement house,Google API,#N/A,#N/A,121.0147043,14.6117493,#N/A,#N/A,#N/A,#N/A,Google API
2160,"Home Health Care, Inc.","137 Anonas Ext, Diliman, Quezon City",#N/A,Sikatuna Village,4,Older persons care,#N/A,Home care,Google API,#N/A,#N/A,121.0579876,14.638563,#N/A,#N/A,#N/A,#N/A,Google API
2161,Golden Reception and Action Center for the Elderly and Other Special Cases,"M25J+3HW, Golden Acres Rd, Bago Bantay, Quezon City",#N/A,Sto. Cristo,1,Older persons care,#N/A,Nursing home,Google API,#N/A,#N/A,121.0314448,14.6577469,#N/A,#N/A,#N/A,#N/A,Google API
2162,Wellness Place & Care Homes,"Lipa Rd, Quezon City",#N/A,Tandang Sora,6,Older persons care,#N/A,Home care,Google API,#N/A,#N/A,121.0437003,14.6760413,#N/A,#N/A,#N/A,#N/A,Google API
2163,ZBN Nursing Home,"56/2, new town hall, Quezon City",#N/A,Tandang Sora,6,Older persons care,#N/A,Nursing home,Google API,#N/A,#N/A,121.0437003,14.6760413,#N/A,#N/A,#N/A,#N/A,Google API
2164,"Coalition of Services of the Elderly, Inc.","Teacher's Village East, 29A Magiting, Diliman, Quezon City",#N/A,Teachers Village East,4,Older persons care,#N/A,Retirement house,Google API,#N/A,#N/A,121.058435,14.6451823,#N/A,#N/A,#N/A,#N/A,Google API
1880,#N/A,"#65 Scout Reyes Archival Building, Barangay Paligsahan","65 Scout Reyes Archival Building, Barangay Paligsahan, Quezon City, Philippines",Paligsahan,4,Quezon City satellite offices for services,#N/A,District 4,"Data_QC Caring Cities Tracker, QC LGU Services&Locations",#N/A,#N/A,121.0256347,14.6357144,#N/A,#N/A,#N/A,#N/A,Administrative data
1881,#N/A,"25 Calderon St., Barangay Marilag Project 4","25 Calderon Street, Barangay Marilag Project 4, Quezon City, Philippines",Marilag,3,Quezon City satellite offices for services,#N/A,District 3,"Data_QC Caring Cities Tracker, QC LGU Services&Locations",#N/A,#N/A,121.0707626,14.6286944,#N/A,#N/A,#N/A,#N/A,Administrative data
1882,#N/A,"Capillan St. cor. Piopongco, Barangay San Antonio","Capillan Street corner Piopongco, Barangay San Antonio, Quezon City, Philippines",San Antonio,1,Quezon City satellite offices for services,#N/A,District 1,"Data_QC Caring Cities Tracker, QC LGU Services&Locations",#N/A,#N/A,121.0162487,14.6516583,#N/A,#N/A,#N/A,#N/A,Administrative data
1883,#N/A,"Novaliches District Center, Jordan Plains, Barangay Sta. Monica","Novaliches District Center, Jordan Plains, Barangay Sta. Monica, Quezon City, Philippines",Sta. Monica,5,Quezon City satellite offices for services,#N/A,District 5,"Data_QC Caring Cities Tracker, QC LGU Services&Locations",#N/A,#N/A,121.04345,14.7248233,#N/A,#N/A,#N/A,#N/A,Administrative data
1884,#N/A,"SB Park Batasan Road, Barangay Batasan Hills, Quezon City","SB Park Batasan Road, Barangay Batasan Hills, Quezon City, Philippines",Batasan Hills,2,Quezon City satellite offices for services,#N/A,District 2,"Data_QC Caring Cities Tracker, QC LGU Services&Locations",#N/A,#N/A,121.095428,14.690171,#N/A,#N/A,#N/A,#N/A,Administrative data
1885,#N/A,"SB Park Neptune St., Barangay Tandang Sora","SB Park Neptune Street, Barangay Tandang Sora, Quezon City, Philippines",Tandang Sora,6,Quezon City satellite offices for services,#N/A,District 6,"Data_QC Caring Cities Tracker, QC LGU Services&Locations",#N/A,#N/A,121.0361587,14.672293,#N/A,#N/A,#N/A,#N/A,Administrative data
1,"(HIS) Hope Integrated School, Inc. ( Frmrly: T.D.S. Hope Christian Academy)","2 Iris St., Cor. Dahlia Ave., West Fairview, QC","2 Iris Street, corner Dahlia Avenue, West Fairview, Quezon City, Philippines",Fairview,5,Schools,Private,Senior high school,"Data_QC Caring Cities Tracker, QC Administrative Data - Private schools",#N/A,#N/A,121.0633756,14.6998603,#N/A,#N/A,#N/A,#N/A,Administrative data
2,"(HIS) Hope Integrated School, Inc. ( Frmrly: T.D.S. Hope Christian Academy)","2 Iris St., Cor. Dahlia Ave., West Fairview, QC","2 Iris Street, corner Dahlia Avenue, West Fairview, Quezon City, Philippines",Fairview,5,Schools,Private,Preschool,"Data_QC Caring Cities Tracker, QC Administrative Data - Private schools",#N/A,#N/A,121.0633756,14.6998603,#N/A,#N/A,#N/A,#N/A,Administrative data
3,"(HIS) Hope Integrated School, Inc. ( Frmrly: T.D.S. Hope Christian Academy)","2 Iris St., Cor. Dahlia Ave., West Fairview, QC","2 Iris Street, corner Dahlia Avenue, West Fairview, Quezon City, Philippines",Fairview,5,Schools,Private,Elementary school,"Data_QC Caring Cities Tracker, QC Administrative Data - Private schools",#N/A,#N/A,121.0633756,14.6998603,#N/A,#N/A,#N/A,#N/A,Administrative data
4,"(HIS) Hope Integrated School, Inc. ( Frmrly: T.D.S. Hope Christian Academy)","2 Iris St., Cor. Dahlia Ave., West Fairview, QC","2 Iris Street, corner Dahlia Avenue, West Fairview, Quezon City, Philippines",Fairview,5,Schools,Private,Junior high school,"Data_QC Caring Cities Tracker, QC Administrative Data - Private schools",#N/A,#N/A,121.0633756,14.6998603,#N/A,#N/A,#N/A,#N/A,Administrative data
7,15th Avenue Elementary School,#N/A,#N/A,Socorro,3,Schools,Public,Elementary school,"Data_QC Caring Cities Tracker, QC Administrative Data - Public schools",#N/A,#N/A,121.0586013,14.6217327,#N/A,#N/A,#N/A,#N/A,Administrative data
15,"Abiertas Radiance Sch., Inc.","21 Santolan Rd., Brgy B.Lipunan Crame, QC","21 Santolan Road, Barangay B.Lipunan Crame, Quezon City, Philippines",Santol,4,Schools,Private,Preschool,"Data_QC Caring Cities Tracker, QC Administrative Data - Private schools",#N/A,#N/A,#N/A,#N/A,#N/A,#N/A,#N/A,#N/A,Administrative data
16,"Abiertas Radiance Sch., Inc.","21 Santolan Rd., Brgy B.Lipunan Crame, QC","21 Santolan Road, Barangay B.Lipunan Crame, Quezon City, Philippines",Santol,4,Schools,Private,Elementary school,"Data_QC Caring Cities Tracker, QC Administrative Data - Private schools",#N/A,#N/A,#N/A,#N/A,#N/A,#N/A,#N/A,#N/A,Administrative data
17,"Abiertas Radiance Sch., Inc.","21 Santolan Rd., Brgy B.Lipunan Crame, QC","21 Santolan Road, Barangay B.Lipunan Crame, Quezon City, Philippines",Santol,4,Schools,Private,Junior high school,"Data_QC Caring Cities Tracker, QC Administrative Data - Private schools",#N/A,#N/A,#N/A,#N/A,#N/A,#N/A,#N/A,#N/A,Administrative data
19,Access Kaunlaran Computer and Technical Colleges Inc.,"22 Mangga Street, Brgy. Kaunlaran, Quezon City","22 Mangga Street, Barangay Kaunlaran, Quezon City, Philippines",Mangga,3,Schools,Private,Senior high school,"Data_QC Caring Cities Tracker, QC Administrative Data - Private schools",#N/A,#N/A,#N/A,#N/A,#N/A,#N/A,#N/A,#N/A,Administrative data
21,"Acelina School, Inc","23 Pantabangan St., Napocor Vill., T-Sora, Q.C.","23 Pantabangan Street, Napocor Village, T-Sora, Quezon City, Philippines",Tandang Sora,6,Schools,Private,Junior high school,"Data_QC Caring Cities Tracker, QC Administrative Data - Private schools",#N/A,#N/A,121.0463287,14.6847842,#N/A,#N/A,#N/A,#N/A,Administrative data
22,"Acelina School, Inc","23 Pantabangan St., Napocor Vill., T-Sora, Q.C.","23 Pantabangan Street, Napocor Village, T-Sora, Quezon City, Philippines",Tandang Sora,6,Schools,Private,Elementary school,"Data_QC Caring Cities Tracker, QC Administrative Data - Private schools",#N/A,#N/A,121.0463287,14.6847842,#N/A,#N/A,#N/A,#N/A,Administrative data
23,"Acelina School, Inc","23 Pantabangan St., Napocor Vill., T-Sora, Q.C.","23 Pantabangan Street, Napocor Village, T-Sora, Quezon City, Philippines",Tandang Sora,6,Schools,Private,Preschool,"Data_QC Caring Cities Tracker, QC Administrative Data - Private schools",#N/A,#N/A,121.0463287,14.6847842,#N/A,#N/A,#N/A,#N/A,Administrative data
25,"Achievers Academy Of Q.C., Inc.","#14 Mustang Street, Fairview, Quezon City","14 Mustang Street, Fairview, Quezon City, Philippines",Fairview,5,Schools,Private,Preschool,"Data_QC Caring Cities Tracker, QC Administrative Data - Private schools",#N/A,#N/A,121.0642413,14.7049287,#N/A,#N/A,#N/A,#N/A,Administrative data
26,"Achievers Academy Of Q.C., Inc.","#14 Mustang Street, Fairview, Quezon City","14 Mustang Street, Fairview, Quezon City, Philippines",Fairview,5,Schools,Private,Elementary school,"Data_QC Caring Cities Tracker, QC Administrative Data - Private schools",#N/A,#N/A,121.0642413,14.7049287,#N/A,#N/A,#N/A,#N/A,Administrative data
27,"Achievers Academy Of Q.C., Inc.","#14 Mustang Street, Fairview, Quezon City","14 Mustang Street, Fairview, Quezon City, Philippines",Fairview,5,Schools,Private,Junior high school,"Data_QC Caring Cities Tracker, QC Administrative Data - Private schools",#N/A,#N/A,121.0642413,14.7049287,#N/A,#N/A,#N/A,#N/A,Administrative data
30,Active Thinkers Child Development Center Inc.,"41 Mustang St., Greater Fairview, Quezon City","41 Mustang Street, Greater Fairview, Quezon City, Philippines",Fairview,5,Schools,Private,Preschool,"Data_QC Caring Cities Tracker, QC Administrative Data - Private schools",#N/A,#N/A,121.0662275,14.7046739,#N/A,#N/A,#N/A,#N/A,Administrative data
32,"Adonia School of the Kingdom of QC., Inc.","22 Saret Talanay A., Batasan Hills, QC","22 Saret Talanay A., Batasan Hills, Quezon City, Philippines",Batasan Hills,2,Schools,Private,Preschool,"Data_QC Caring Cities Tracker, QC Administrative Data - Private schools",#N/A,#N/A,121.0995511,14.685481,#N/A,#N/A,#N/A,#N/A,Administrative data
33,"Adonia School of the Kingdom of QC., Inc.","22 Saret Talanay A., Batasan Hills, QC","22 Saret Talanay A., Batasan Hills, Quezon City, Philippines",Batasan Hills,2,Schools,Private,Elementary school,"Data_QC Caring Cities Tracker, QC Administrative Data - Private schools",#N/A,#N/A,121.0995511,14.685481,#N/A,#N/A,#N/A,#N/A,Administrative data
34,"Adonia School of the Kingdom of QC., Inc.","22 Saret Talanay A., Batasan Hills, QC","22 Saret Talanay A., Batasan Hills, Quezon City, Philippines",Batasan Hills,2,Schools,Private,Junior high school,"Data_QC Caring Cities Tracker, QC Administrative Data - Private schools",#N/A,#N/A,121.0995511,14.685481,#N/A,#N/A,#N/A,#N/A,Administrative data
36,Aguinaldo Elementary School,#N/A,#N/A,San Roque,3,Schools,Public,Elementary school,"Data_QC Caring Cities Tracker, QC Administrative Data - Public schools",#N/A,#N/A,121.0632726,14.6172413,#N/A,#N/A,#N/A,#N/A,Administrative data
37,Aim High Learning School,"B11L39, Sugartown Subdivision, Batasan Hills, QC","B11L39, Sugartown Subdivision, Batasan Hills, Quezon City, Philippines",Batasan Hills,2,Schools,Private,Preschool,"Data_QC Caring Cities Tracker, QC Administrative Data - Private schools",#N/A,#N/A,121.1000764,14.6911139,#N/A,#N/A,#N/A,#N/A,Administrative data
38,Aim High Learning School,"B11L39, Sugartown Subdivision, Batasan Hills, QC","B11L39, Sugartown Subdivision, Batasan Hills, Quezon City, Philippines",Batasan Hills,2,Schools,Private,Elementary school,"Data_QC Caring Cities Tracker, QC Administrative Data - Private schools",#N/A,#N/A,121.1000764,14.6911139,#N/A,#N/A,#N/A,#N/A,Administrative data
39,"AISAT COLLEGE - QUEZON CITY, INC.","Blk 2 Lot 2, Neopolitan Park, Phase 1, Greater Lagro, Quezon City","Blk 2 Lot 2, Neopolitan Park, Phase 1, Greater Lagro, Quezon City, Philippines",Greater Lagro,5,Schools,Private,Senior high school,"Data_QC Caring Cities Tracker, QC Administrative Data - Private schools",#N/A,#N/A,#N/A,#N/A,#N/A,#N/A,#N/A,#N/A,Administrative data
43,"Alternative Learning Resource School-Philippines (ALRES-Phils.), Inc.","No. 26-B Agno St., Doña Josefa, QC","26-B Agno Street, Doña Josefa, Quezon City, Philippines",Doña Josefa,4,Schools,Private,Special Education Program,"Data_QC Caring Cities Tracker, QC Administrative Data - Private schools",#N/A,#N/A,121.0072901,14.6209791,#N/A,#N/A,#N/A,#N/A,Administrative data
45,"AMA Basic Education - Quezon City, Inc.","Maximina St., Villa Arca Subd. Project 8, Quezon City","Maximina Street, Villa Arca Subdivision Project 8, Quezon City, Philippines",#N/A,6,Schools,Private,Junior high school,"Data_QC Caring Cities Tracker, QC Administrative Data - Private schools",#N/A,#N/A,121.003769,14.6651826,#N/A,#N/A,#N/A,#N/A,Administrative data
46,"AMA Basic Education - Quezon City, Inc.","Maximina St., Villa Arca Subd. Project 8, Quezon City","Maximina Street, Villa Arca Subdivision Project 8, Quezon City, Philippines",#N/A,6,Schools,Private,Preschool,"Data_QC Caring Cities Tracker, QC Administrative Data - Private schools",#N/A,#N/A,121.003769,14.6651826,#N/A,#N/A,#N/A,#N/A,Administrative data
47,"AMA Basic Education - Quezon City, Inc.","Maximina St., Villa Arca Subd. Project 8, Quezon City","Maximina Street, Villa Arca Subdivision Project 8, Quezon City, Philippines",#N/A,6,Schools,Private,Elementary school,"Data_QC Caring Cities Tracker, QC Administrative Data - Private schools",#N/A,#N/A,121.003769,14.6651826,#N/A,#N/A,#N/A,#N/A,Administrative data
48,"AMA Basic Education - Quezon City, Inc.","Maximina St., Villa Arca Subd. Project 8, Quezon City","Maximina Street, Villa Arca Subdivision Project 8, Quezon City, Philippines",#N/A,6,Schools,Private,Senior high school,"Data_QC Caring Cities Tracker, QC Administrative Data - Private schools",#N/A,#N/A,121.003769,14.6651826,#N/A,#N/A,#N/A,#N/A,Administrative data
49,AMA Computer University - Fairview,"Blk 61, Lot 28-31, Bristol St. Cor. Regalado Ave., Brgy. North Fairview, Q.C.","Blk 61, Lot 28-31, Bristol Street corner Regalado Avenue, Barangay North Fairview, Quezon City, Philippines",Fairview,5,Schools,Private,Senior high school,"Data_QC Caring Cities Tracker, QC Administrative Data - Private schools",#N/A,#N/A,#N/A,#N/A,#N/A,#N/A,#N/A,#N/A,Administrative data
55,"Anima Christi Academy, Inc.","#54 Kagawad Road, Talanay, Batasan Hills, QC","54 Kagawad Road, Talanay, Batasan Hills, Quezon City, Philippines",Batasan Hills,2,Schools,Private,Preschool,"Data_QC Caring Cities Tracker, QC Administrative Data - Private schools",#N/A,#N/A,121.099086,14.683621,#N/A,#N/A,#N/A,#N/A,Administrative data
56,"Anima Christi Academy, Inc.","#54 Kagawad Road, Talanay, Batasan Hills, QC","54 Kagawad Road, Talanay, Batasan Hills, Quezon City, Philippines",Batasan Hills,2,Schools,Private,Elementary school,"Data_QC Caring Cities Tracker, QC Administrative Data - Private schools",#N/A,#N/A,121.099086,14.683621,#N/A,#N/A,#N/A,#N/A,Administrative data
58,Another Home To Grow Lrng. Ctr.,"24 Adrian St., North Fairview Park, Q.C.","24 Adrian Street, North Fairview Park, Quezon City, Philippines",Fairview,5,Schools,Private,Preschool,"Data_QC Caring Cities Tracker, QC Administrative Data - Private schools",#N/A,#N/A,#N/A,#N/A,#N/A,#N/A,#N/A,#N/A,Administrative data
59,APEC Schools,"Regalado H-way Cor. Bronx St., Brgy. North Fairview, QC","Regalado H-way corner Bronx Street, Barangay North Fairview, Quezon City, Philippines",Fairview,5,Schools,Private,Senior high school,"Data_QC Caring Cities Tracker, QC Administrative Data - Private schools",#N/A,#N/A,#N/A,#N/A,#N/A,#N/A,#N/A,#N/A,Administrative data
60,"APEC Schools - V. Luna Avenue, Brgy. Pinyahan","No. 31 V. Luna Ave. Cor. Mabilis St., Brgy. Pinyahan, QC","31 V. Luna Avenue corner Mabilis Street, Barangay Pinyahan, Quezon City, Philippines",Pinyahan,4,Schools,Private,Senior high school,"Data_QC Caring Cities Tracker, QC Administrative Data - Private schools",#N/A,#N/A,121.0500199,14.6373019,#N/A,#N/A,#N/A,#N/A,Administrative data
64,Apolonio Samson ES,#N/A,#N/A,Apolonio Samson,6,Schools,Public,Elementary school,"Data_QC Caring Cities Tracker, QC Administrative Data - Public schools",#N/A,#N/A,121.008911,14.654723,#N/A,#N/A,#N/A,#N/A,Administrative data
65,Apolonio Samson National High School,#N/A,#N/A,Apolonio Samson,6,Schools,Public,Senior high school,"Data_QC Caring Cities Tracker, QC Administrative Data - Public schools",#N/A,#N/A,121.0114102,14.6549057,#N/A,#N/A,#N/A,#N/A,Administrative data
66,"Apple Tree Integrated School, Inc.","199 D. Tuazon St., Sta. Mesa Heigths, Quezon City","199 D. Tuazon Street, Sta. Mesa Heigths, Quezon City, Philippines",#N/A,1,Schools,Private,Elementary school,"Data_QC Caring Cities Tracker, QC Administrative Data - Private schools",#N/A,#N/A,120.9973566,14.6340314,#N/A,#N/A,#N/A,#N/A,Administrative data
67,"Apple Tree Integrated School, Inc.","199 D. Tuazon St., Sta. Mesa Heigths, Quezon City","199 D. Tuazon Street, Sta. Mesa Heigths, Quezon City, Philippines",#N/A,1,Schools,Private,Preschool,"Data_QC Caring Cities Tracker, QC Administrative Data - Private schools",#N/A,#N/A,120.9973566,14.6340314,#N/A,#N/A,#N/A,#N/A,Administrative data
68,"Apple Tree Integrated School, Inc.","37 Don Manuel St., Corner Dr. Alejos, Brgy Salvacion, Quezon City","37 Don Manuel Street, Corner Drive Alejos, Barangay Salvacion, Quezon City, Philippines",Salvacion,1,Schools,Private,Preschool,"Data_QC Caring Cities Tracker, QC Administrative Data - Private schools",#N/A,#N/A,120.9949751,14.6280126,#N/A,#N/A,#N/A,#N/A,Administrative data
69,"Apple Tree Integrated School, Inc.","37 Don Manuel St., Corner Dr. Alejos, Brgy Salvacion, Quezon City","37 Don Manuel Street, Corner Drive Alejos, Barangay Salvacion, Quezon City, Philippines",Salvacion,1,Schools,Private,Elementary school,"Data_QC Caring Cities Tracker, QC Administrative Data - Private schools",#N/A,#N/A,120.9949751,14.6280126,#N/A,#N/A,#N/A,#N/A,Administrative data
76,Asian Institute of Science and Technology - Fairview,"Fairview Ave., Greater Lagro, QC","Fairview Avenue, Greater Lagro, Quezon City, Philippines",Fairview,5,Schools,Private,Senior high school,"Data_QC Caring Cities Tracker, QC Administrative Data - Private schools",#N/A,#N/A,#N/A,#N/A,#N/A,#N/A,#N/A,#N/A,Administrative data
80,Ateneo de Manila University,"Katipunan Ave., Brgy. Loyola Hgts., Quezon City","Katipunan Avenue, Barangay Loyola Hgts., Quezon City, Philippines",Katipunan,1,Schools,Private,Junior high school,"Data_QC Caring Cities Tracker, QC Administrative Data - Private schools",#N/A,#N/A,#N/A,#N/A,#N/A,#N/A,#N/A,#N/A,Administrative data
81,Ateneo de Manila University,"Katipunan Ave., Brgy. Loyola Hgts., Quezon City","Katipunan Avenue, Barangay Loyola Hgts., Quezon City, Philippines",Katipunan,1,Schools,Private,Senior high school,"Data_QC Caring Cities Tracker, QC Administrative Data - Private schools",#N/A,#N/A,#N/A,#N/A,#N/A,#N/A,#N/A,#N/A,Administrative data
82,Ateneo de Manila University,"Katipunan Ave., Brgy. Loyola Hgts., Quezon City","Katipunan Avenue, Barangay Loyola Hgts., Quezon City, Philippines",Katipunan,1,Schools,Private,Preschool,"Data_QC Caring Cities Tracker, QC Administrative Data - Private schools",#N/A,#N/A,#N/A,#N/A,#N/A,#N/A,#N/A,#N/A,Administrative data
83,Ateneo de Manila University,"Katipunan Ave., Brgy. Loyola Hgts., Quezon City","Katipunan Avenue, Barangay Loyola Hgts., Quezon City, Philippines",Katipunan,1,Schools,Private,Elementary school,"Data_QC Caring Cities Tracker, QC Administrative Data - Private schools",#N/A,#N/A,#N/A,#N/A,#N/A,#N/A,#N/A,#N/A,Administrative data
84,"Atherton School, Inc.","B64, Atherton St., North Fairview Subd., Fairview, QC","B64, Atherton Street, North Fairview Subdivision, Fairview, Quezon City, Philippines",Fairview,5,Schools,Private,Preschool,"Data_QC Caring Cities Tracker, QC Administrative Data - Private schools",#N/A,#N/A,#N/A,#N/A,#N/A,#N/A,#N/A,#N/A,Administrative data
85,"Atherton School, Inc.","B64, Atherton St., North Fairview Subd., Fairview, QC","B64, Atherton Street, North Fairview Subdivision, Fairview, Quezon City, Philippines",Fairview,5,Schools,Private,Elementary school,"Data_QC Caring Cities Tracker, QC Administrative Data - Private schools",#N/A,#N/A,#N/A,#N/A,#N/A,#N/A,#N/A,#N/A,Administrative data
86,"Atherton School, Inc.","B64, Atherton St., North Fairview Subd., Fairview, QC","B64, Atherton Street, North Fairview Subdivision, Fairview, Quezon City, Philippines",Fairview,5,Schools,Private,Junior high school,"Data_QC Caring Cities Tracker, QC Administrative Data - Private schools",#N/A,#N/A,#N/A,#N/A,#N/A,#N/A,#N/A,#N/A,Administrative data
87,"Atherton School, Inc.","B64, Atherton St., North Fairview Subd., Fairview, QC","B64, Atherton Street, North Fairview Subdivision, Fairview, Quezon City, Philippines",Fairview,5,Schools,Private,Senior high school,"Data_QC Caring Cities Tracker, QC Administrative Data - Private schools",#N/A,#N/A,#N/A,#N/A,#N/A,#N/A,#N/A,#N/A,Administrative data
88,Aurora A. Quezon ES,#N/A,#N/A,Doña Aurora,4,Schools,Public,Elementary school,"Data_QC Caring Cities Tracker, QC Administrative Data - Public schools",#N/A,#N/A,121.0083827,14.61607,#N/A,#N/A,#N/A,#N/A,Administrative data
98,Bagbag Elementary School,#N/A,#N/A,Bagbag,5,Schools,Public,Elementary school,"Data_QC Caring Cities Tracker, QC Administrative Data - Public schools",#N/A,#N/A,121.0313225,14.6909427,#N/A,#N/A,#N/A,#N/A,Administrative data
99,Bago Bantay Elementary School,#N/A,#N/A,Ramon Magsaysay,1,Schools,Public,Elementary school,"Data_QC Caring Cities Tracker, QC Administrative Data - Public schools",#N/A,#N/A,121.022955,14.660247,#N/A,#N/A,#N/A,#N/A,Administrative data
101,Bagong Pag-Asa Elementary School,#N/A,#N/A,Bagong Pag-asa,1,Schools,Public,Elementary school,"Data_QC Caring Cities Tracker, QC Administrative Data - Public schools",#N/A,#N/A,121.0341324,14.6631564,#N/A,#N/A,#N/A,#N/A,Administrative data
103,Bagong Silangan Elementary School,#N/A,#N/A,Bagong Silangan,2,Schools,Public,Elementary school,"Data_QC Caring Cities Tracker, QC Administrative Data - Public schools",#N/A,#N/A,121.1100396,14.6966872,#N/A,#N/A,#N/A,#N/A,Administrative data
104,Bagong Silangan HS,#N/A,#N/A,Bagong Silangan,2,Schools,Public,High school,"Data_QC Caring Cities Tracker, QC Administrative Data - Public schools",#N/A,#N/A,121.1094572,14.6962659,#N/A,#N/A,#N/A,#N/A,Administrative data
106,Bagumbayan Elementary School,#N/A,#N/A,Bagumbayan,3,Schools,Public,Elementary school,"Data_QC Caring Cities Tracker, QC Administrative Data - Public schools",#N/A,#N/A,121.0826464,14.6079518,#N/A,#N/A,#N/A,#N/A,Administrative data
113,Balara Academy,"169 Rd 2 Villa Balara, Comm.,. QC","169 Rd 2 Villa Balara, Comm.,. Quezon City, Philippines",Commonwealth,2,Schools,Private,Preschool,"Data_QC Caring Cities Tracker, QC Administrative Data - Private schools",#N/A,#N/A,#N/A,#N/A,#N/A,#N/A,#N/A,#N/A,Administrative data
114,Balara Academy,"169 Rd 2 Villa Balara, Comm.,. QC","169 Rd 2 Villa Balara, Comm.,. Quezon City, Philippines",Commonwealth,2,Schools,Private,Elementary school,"Data_QC Caring Cities Tracker, QC Administrative Data - Private schools",#N/A,#N/A,#N/A,#N/A,#N/A,#N/A,#N/A,#N/A,Administrative data
115,Balara Elementary School,#N/A,#N/A,Matandang Balara,3,Schools,Public,Elementary school,"Data_QC Caring Cities Tracker, QC Administrative Data - Public schools",#N/A,#N/A,121.0766836,14.6726028,#N/A,#N/A,#N/A,#N/A,Administrative data
116,Balara High School,#N/A,#N/A,Matandang Balara,3,Schools,Public,High school,"Data_QC Caring Cities Tracker, QC Administrative Data - Public schools",#N/A,#N/A,121.0785625,14.6516875,#N/A,#N/A,#N/A,#N/A,Administrative data
117,"Balbina R. Marcelo Lrng. Ctr., Inc.","# 29 Road 7, Pag-asa, Q.C.","29 Road 7, Pag-asa, Quezon City, Philippines",Bagong Pag-asa,1,Schools,Private,Preschool,"Data_QC Caring Cities Tracker, QC Administrative Data - Private schools",#N/A,#N/A,121.0336178,14.6613932,#N/A,#N/A,#N/A,#N/A,Administrative data
118,Balingasa Elementary School,#N/A,#N/A,Balingasa,1,Schools,Public,Elementary school,"Data_QC Caring Cities Tracker, QC Administrative Data - Public schools",#N/A,#N/A,121.001282,14.652218,#N/A,#N/A,#N/A,#N/A,Administrative data
119,Balingasa High School,#N/A,#N/A,Balingasa,1,Schools,Public,High school,"Data_QC Caring Cities Tracker, QC Administrative Data - Public schools",#N/A,#N/A,121.0043008,14.6478575,#N/A,#N/A,#N/A,#N/A,Administrative data
121,Balumbato Elementary School,#N/A,#N/A,Balong-bato,6,Schools,Public,Elementary school,"Data_QC Caring Cities Tracker, QC Administrative Data - Public schools",#N/A,#N/A,121.0039423,14.6627943,#N/A,#N/A,#N/A,#N/A,Administrative data
127,Batasan Hills National HS,#N/A,#N/A,Batasan Hills,2,Schools,Public,High school,"Data_QC Caring Cities Tracker, QC Administrative Data - Public schools",#N/A,#N/A,121.0949519,14.6891559,#N/A,#N/A,#N/A,#N/A,Administrative data
128,Batino Elementary School,#N/A,#N/A,Amihan,3,Schools,Public,Elementary school,"Data_QC Caring Cities Tracker, QC Administrative Data - Public schools",#N/A,#N/A,121.0702438,14.6325912,#N/A,#N/A,#N/A,#N/A,Administrative data
130,Bayanihan Elementary School,#N/A,#N/A,Paltok,1,Schools,Public,Elementary school,"Data_QC Caring Cities Tracker, QC Administrative Data - Public schools",#N/A,#N/A,121.021752,14.645029,#N/A,#N/A,#N/A,#N/A,Administrative data
132,Benedictine International School of Q.C.,"288 Manotok Drive, Capitol Hills, Old Balara, Quezon City","288 Manotok Drive, Capitol Hills, Old Balara, Quezon City, Philippines",Matandang Balara,3,Schools,Private,Junior high school,"Data_QC Caring Cities Tracker, QC Administrative Data - Private schools",#N/A,#N/A,121.0827735,14.6667008,#N/A,#N/A,#N/A,#N/A,Administrative data
133,Benedictine International School of Q.C.,"288 Manotok Drive, Capitol Hills, Old Balara, Quezon City","288 Manotok Drive, Capitol Hills, Old Balara, Quezon City, Philippines",Matandang Balara,3,Schools,Private,Senior high school,"Data_QC Caring Cities Tracker, QC Administrative Data - Private schools",#N/A,#N/A,121.0827735,14.6667008,#N/A,#N/A,#N/A,#N/A,Administrative data
134,Benedictine International School of Q.C.,"288 Manotok Drive, Capitol Hills, Old Balara, Quezon City","288 Manotok Drive, Capitol Hills, Old Balara, Quezon City, Philippines",Matandang Balara,3,Schools,Private,Elementary school,"Data_QC Caring Cities Tracker, QC Administrative Data - Private schools",#N/A,#N/A,121.0827735,14.6667008,#N/A,#N/A,#N/A,#N/A,Administrative data
135,Benedictine International School of Q.C.,"288 Manotok Drive, Capitol Hills, Old Balara, Quezon City","288 Manotok Drive, Capitol Hills, Old Balara, Quezon City, Philippines",Matandang Balara,3,Schools,Private,Preschool,"Data_QC Caring Cities Tracker, QC Administrative Data - Private schools",#N/A,#N/A,121.0827735,14.6667008,#N/A,#N/A,#N/A,#N/A,Administrative data
136,Benigno S. Aquino Jr. Elementary School,#N/A,#N/A,Commonwealth,2,Schools,Public,Elementary school,"Data_QC Caring Cities Tracker, QC Administrative Data - Public schools",#N/A,#N/A,121.0883273,14.6974474,#N/A,#N/A,#N/A,#N/A,Administrative data
137,Bestlink College of the Philippines,"762 Topaz corner Sapphire Street, Millionares Village, San Agustin","762 Topaz corner Sapphire Street, Millionares Village, San Agustin, Quezon City, Philippines",San Agustin,5,Schools,Private,Senior high school,"Data_QC Caring Cities Tracker, QC Administrative Data - Private schools",#N/A,#N/A,121.0357761,14.7265562,#N/A,#N/A,#N/A,#N/A,Administrative data
138,"Bethel Christian School of Fairview, Inc.","Chestnut St. Cor. Republic Ave., West Fairview","Chestnut Street corner Republic Avenue, West Fairview, Quezon City, Philippines",Fairview,5,Schools,Private,Elementary school,"Data_QC Caring Cities Tracker, QC Administrative Data - Private schools",#N/A,#N/A,#N/A,#N/A,#N/A,#N/A,#N/A,#N/A,Administrative data
139,"Bethel Christian School of Fairview, Inc.","Chestnut St. Cor. Republic Ave., West Fairview","Chestnut Street corner Republic Avenue, West Fairview, Quezon City, Philippines",Fairview,5,Schools,Private,Preschool,"Data_QC Caring Cities Tracker, QC Administrative Data - Private schools",#N/A,#N/A,#N/A,#N/A,#N/A,#N/A,#N/A,#N/A,Administrative data
140,"Bethel Christian School of Fairview, Inc.","Chestnut St. Cor. Republic Ave., West Fairview","Chestnut Street corner Republic Avenue, West Fairview, Quezon City, Philippines",Fairview,5,Schools,Private,Junior high school,"Data_QC Caring Cities Tracker, QC Administrative Data - Private schools",#N/A,#N/A,#N/A,#N/A,#N/A,#N/A,#N/A,#N/A,Administrative data
141,"Bethel Christian School of Fairview, Inc.","Chestnut St. Cor. Republic Ave., West Fairview","Chestnut Street corner Republic Avenue, West Fairview, Quezon City, Philippines",Fairview,5,Schools,Private,Senior high school,"Data_QC Caring Cities Tracker, QC Administrative Data - Private schools",#N/A,#N/A,#N/A,#N/A,#N/A,#N/A,#N/A,#N/A,Administrative data
142,Bethel Christian School of Holy Spirit,"3 Tulip St., Vet. Vill., Brgy. Holy Spirit, QC","3 Tulip Street, Vet. Village, Barangay Holy Spirit, Quezon City, Philippines",Holy Spirit,2,Schools,Private,Preschool,"Data_QC Caring Cities Tracker, QC Administrative Data - Private schools",#N/A,#N/A,121.0711117,14.6854847,#N/A,#N/A,#N/A,#N/A,Administrative data
143,Bethel Christian School of Holy Spirit,"3 Tulip St., Vet. Vill., Brgy. Holy Spirit, QC","3 Tulip Street, Vet. Village, Barangay Holy Spirit, Quezon City, Philippines",Holy Spirit,2,Schools,Private,Elementary school,"Data_QC Caring Cities Tracker, QC Administrative Data - Private schools",#N/A,#N/A,121.0711117,14.6854847,#N/A,#N/A,#N/A,#N/A,Administrative data
144,Bethel Christian School of Holy Spirit,"3 Tulip St., Vet. Vill., Brgy. Holy Spirit, QC","3 Tulip Street, Vet. Village, Barangay Holy Spirit, Quezon City, Philippines",Holy Spirit,2,Schools,Private,Junior high school,"Data_QC Caring Cities Tracker, QC Administrative Data - Private schools",#N/A,#N/A,121.0711117,14.6854847,#N/A,#N/A,#N/A,#N/A,Administrative data
145,Bethel Christian School of Holy Spirit,"3 Tulip St., Vet. Vill., Brgy. Holy Spirit, QC","3 Tulip Street, Vet. Village, Barangay Holy Spirit, Quezon City, Philippines",Holy Spirit,2,Schools,Private,Senior high school,"Data_QC Caring Cities Tracker, QC Administrative Data - Private schools",#N/A,#N/A,121.0711117,14.6854847,#N/A,#N/A,#N/A,#N/A,Administrative data
146,Betty Go Belmonte ES,#N/A,#N/A,Doña Imelda,4,Schools,Public,Elementary school,"Data_QC Caring Cities Tracker, QC Administrative Data - Public schools",#N/A,#N/A,121.018546,14.6152431,#N/A,#N/A,#N/A,#N/A,Administrative data
147,"Beulah Land Christian College, Inc. (Frmrly IEMELIF Learning Ctr., Inc.)","Marytown Circle Greenfields I, Kaligayahan, Nova., Quezon City","Marytown Circle Greenfields I, Kaligayahan, Nova., Quezon City, Philippines",Kaligayahan,5,Schools,Private,Preschool,"Data_QC Caring Cities Tracker, QC Administrative Data - Private schools",#N/A,#N/A,121.0417217,14.7326737,#N/A,#N/A,#N/A,#N/A,Administrative data
148,"Beulah Land Christian College, Inc. (Frmrly IEMELIF Learning Ctr., Inc.)","Marytown Circle Greenfields I, Kaligayahan, Nova., Quezon City","Marytown Circle Greenfields I, Kaligayahan, Nova., Quezon City, Philippines",Kaligayahan,5,Schools,Private,Elementary school,"Data_QC Caring Cities Tracker, QC Administrative Data - Private schools",#N/A,#N/A,121.0417217,14.7326737,#N/A,#N/A,#N/A,#N/A,Administrative data
149,"Beulah Land Christian College, Inc. (Frmrly IEMELIF Learning Ctr., Inc.)","Marytown Circle Greenfields I, Kaligayahan, Nova., Quezon City","Marytown Circle Greenfields I, Kaligayahan, Nova., Quezon City, Philippines",Kaligayahan,5,Schools,Private,Junior high school,"Data_QC Caring Cities Tracker, QC Administrative Data - Private schools",#N/A,#N/A,121.0417217,14.7326737,#N/A,#N/A,#N/A,#N/A,Administrative data
150,"Beulah Land Christian College, Inc. (Frmrly IEMELIF Learning Ctr., Inc.)","Marytown Circle Greenfields I, Kaligayahan, Nova., Quezon City","Marytown Circle Greenfields I, Kaligayahan, Nova., Quezon City, Philippines",Kaligayahan,5,Schools,Private,Senior high school,"Data_QC Caring Cities Tracker, QC Administrative Data - Private schools",#N/A,#N/A,121.0417217,14.7326737,#N/A,#N/A,#N/A,#N/A,Administrative data
152,Blessed Exodus Christian Aca.,"B2L8-9 Amlacville Subd., Payatas B. Q.C.","B2L8-9 Amlacville Subdivision, Payatas B. Quezon City, Philippines",Payatas,2,Schools,Private,Preschool,"Data_QC Caring Cities Tracker, QC Administrative Data - Private schools",#N/A,#N/A,121.1068096,14.7191856,#N/A,#N/A,#N/A,#N/A,Administrative data
153,Blessed Exodus Christian Aca.,"B2L8-9 Amlacville Subd., Payatas B. Q.C.","B2L8-9 Amlacville Subdivision, Payatas B. Quezon City, Philippines",Payatas,2,Schools,Private,Junior high school,"Data_QC Caring Cities Tracker, QC Administrative Data - Private schools",#N/A,#N/A,121.1068096,14.7191856,#N/A,#N/A,#N/A,#N/A,Administrative data
154,Blessed Exodus Christian Aca.,"B2L8-9 Amlacville Subd., Payatas B. Q.C.","B2L8-9 Amlacville Subdivision, Payatas B. Quezon City, Philippines",Payatas,2,Schools,Private,Elementary school,"Data_QC Caring Cities Tracker, QC Administrative Data - Private schools",#N/A,#N/A,121.1068096,14.7191856,#N/A,#N/A,#N/A,#N/A,Administrative data
155,blessed exodus christian academy inc.,"b2 l8 & 9, payatas b, amlacville subd, payatas, quezon city, ncr, 1119","b2 l8 & 9, payatas b, amlacville subd, payatas, quezon city, ncr, 1119, Philippines",Payatas,2,Schools,Private,Private school,"QC Future Ready dashboard, Schools",8:00AM,1:20PM,#N/A,#N/A,#N/A,#N/A,#N/A,#N/A,Administrative data
156,"Blessed Kiddie Educational Center of Quezon City, Inc","#17 Airforce Road, Veterans Vill., Brgy. Holy Spirit,, Quezon City","17 Airforce Road, Veterans Village, Barangay Holy Spirit, Quezon City, Philippines",Holy Spirit,2,Schools,Private,Junior high school,"Data_QC Caring Cities Tracker, QC Administrative Data - Private schools",#N/A,#N/A,121.0732801,14.6817074,#N/A,#N/A,#N/A,#N/A,Administrative data
157,"Blessed Kiddie Educational Center of Quezon City, Inc","#17 Airforce Road, Veterans Vill., Brgy. Holy Spirit,, Quezon City","17 Airforce Road, Veterans Village, Barangay Holy Spirit, Quezon City, Philippines",Holy Spirit,2,Schools,Private,Preschool,"Data_QC Caring Cities Tracker, QC Administrative Data - Private schools",#N/A,#N/A,121.0732801,14.6817074,#N/A,#N/A,#N/A,#N/A,Administrative data
158,"Blessed Kiddie Educational Center of Quezon City, Inc","#17 Airforce Road, Veterans Vill., Brgy. Holy Spirit,, Quezon City","17 Airforce Road, Veterans Village, Barangay Holy Spirit, Quezon City, Philippines",Holy Spirit,2,Schools,Private,Elementary school,"Data_QC Caring Cities Tracker, QC Administrative Data - Private schools",#N/A,#N/A,121.0732801,14.6817074,#N/A,#N/A,#N/A,#N/A,Administrative data
159,Blessed Sacrament Parochial School,"J.P. Ramoy St., Talipapa, Nova., QC","J.P. Ramoy Street, Talipapa, Nova., Quezon City, Philippines",Talipapa,6,Schools,Private,Preschool,"Data_QC Caring Cities Tracker, QC Administrative Data - Private schools",#N/A,#N/A,121.0232131,14.6861252,#N/A,#N/A,#N/A,#N/A,Administrative data
160,Blessed Sacrament Parochial School,"J.P. Ramoy St., Talipapa, Nova., QC","J.P. Ramoy Street, Talipapa, Nova., Quezon City, Philippines",Talipapa,6,Schools,Private,Elementary school,"Data_QC Caring Cities Tracker, QC Administrative Data - Private schools",#N/A,#N/A,121.0232131,14.6861252,#N/A,#N/A,#N/A,#N/A,Administrative data
161,Blessed Sacrament Parochial School,"J.P. Ramoy St., Talipapa, Nova., QC","J.P. Ramoy Street, Talipapa, Nova., Quezon City, Philippines",Talipapa,6,Schools,Private,Junior high school,"Data_QC Caring Cities Tracker, QC Administrative Data - Private schools",#N/A,#N/A,121.0232131,14.6861252,#N/A,#N/A,#N/A,#N/A,Administrative data
162,Blessed Sacrament Parochial School,"J.P. Ramoy St., Talipapa, Nova., QC","J.P. Ramoy Street, Talipapa, Nova., Quezon City, Philippines",Talipapa,6,Schools,Private,Senior high school,"Data_QC Caring Cities Tracker, QC Administrative Data - Private schools",#N/A,#N/A,121.0232131,14.6861252,#N/A,#N/A,#N/A,#N/A,Administrative data
164,Bloomridge Integrated School,"#248 General Luis St., Brgy. Nova.,Nova., QC","248 General Luis Street, Barangay Nova.,Nova., Quezon City, Philippines",Novaliches Proper,5,Schools,Private,Preschool,"Data_QC Caring Cities Tracker, QC Administrative Data - Private schools",#N/A,#N/A,121.0384032,14.7217158,#N/A,#N/A,#N/A,#N/A,Administrative data
165,Bloomridge Integrated School,"#248 General Luis St., Brgy. Nova.,Nova., QC","248 General Luis Street, Barangay Nova.,Nova., Quezon City, Philippines",Novaliches Proper,5,Schools,Private,Senior high school,"Data_QC Caring Cities Tracker, QC Administrative Data - Private schools",#N/A,#N/A,121.0384032,14.7217158,#N/A,#N/A,#N/A,#N/A,Administrative data
166,Bloomridge Integrated School,"#248 General Luis St., Brgy. Nova.,Nova., QC","248 General Luis Street, Barangay Nova.,Nova., Quezon City, Philippines",Novaliches Proper,5,Schools,Private,Elementary school,"Data_QC Caring Cities Tracker, QC Administrative Data - Private schools",#N/A,#N/A,121.0384032,14.7217158,#N/A,#N/A,#N/A,#N/A,Administrative data
167,Bloomridge Integrated School,"#248 General Luis St., Brgy. Nova.,Nova., QC","248 General Luis Street, Barangay Nova.,Nova., Quezon City, Philippines",Novaliches Proper,5,Schools,Private,Junior high school,"Data_QC Caring Cities Tracker, QC Administrative Data - Private schools",#N/A,#N/A,121.0384032,14.7217158,#N/A,#N/A,#N/A,#N/A,Administrative data
168,Blue Bonino Academy,"22 Unit A, Congressional Ave., Brgy. Bahay Toro, Quezon City","22 Unit A, Congressional Avenue, Barangay Bahay Toro, Quezon City, Philippines",Bahay Toro,1,Schools,Private,Special Education Program,"Data_QC Caring Cities Tracker, QC Administrative Data - Private schools",#N/A,#N/A,121.0216614,14.6647356,#N/A,#N/A,#N/A,#N/A,Administrative data
169,Blue Bonino Academy,"22 Unit A, Congressional Ave., Brgy. Bahay Toro, Quezon City","22 Unit A, Congressional Avenue, Barangay Bahay Toro, Quezon City, Philippines",Bahay Toro,1,Schools,Private,Preschool,"Data_QC Caring Cities Tracker, QC Administrative Data - Private schools",#N/A,#N/A,121.0216614,14.6647356,#N/A,#N/A,#N/A,#N/A,Administrative data
170,Blue Ridge Christian Aca.,"549 Boni Serrano Rd. Bayanihan, Murphy, Q.C.","549 Boni Serrano Road Bayanihan, Murphy, Quezon City, Philippines",Bayanihan,3,Schools,Private,Preschool,"Data_QC Caring Cities Tracker, QC Administrative Data - Private schools",#N/A,#N/A,121.07097,14.61708,#N/A,#N/A,#N/A,#N/A,Administrative data
171,Blue Ridge Christian Aca.,"549 Boni Serrano Rd. Bayanihan, Murphy, Q.C.","549 Boni Serrano Road Bayanihan, Murphy, Quezon City, Philippines",Bayanihan,3,Schools,Private,Elementary school,"Data_QC Caring Cities Tracker, QC Administrative Data - Private schools",#N/A,#N/A,121.07097,14.61708,#N/A,#N/A,#N/A,#N/A,Administrative data
172,Blue Ridge Christian Aca.,"549 Boni Serrano Rd. Bayanihan, Murphy, Q.C.","549 Boni Serrano Road Bayanihan, Murphy, Quezon City, Philippines",Bayanihan,3,Schools,Private,Junior high school,"Data_QC Caring Cities Tracker, QC Administrative Data - Private schools",#N/A,#N/A,121.07097,14.61708,#N/A,#N/A,#N/A,#N/A,Administrative data
176,Bonifacio Memorial Elementary School,#N/A,#N/A,Unang Sigaw,6,Schools,Public,Elementary school,"Data_QC Caring Cities Tracker, QC Administrative Data - Public schools",#N/A,#N/A,120.9992825,14.6583025,#N/A,#N/A,#N/A,#N/A,Administrative data
180,"Brain Integrated School, Inc.","6 Biscayne St., Fairview Park, Subd., QC","6 Biscayne Street, Fairview Park, Subdivision, Quezon City, Philippines",Fairview,5,Schools,Private,Elementary school,"Data_QC Caring Cities Tracker, QC Administrative Data - Private schools",#N/A,#N/A,121.0691705,14.6980256,#N/A,#N/A,#N/A,#N/A,Administrative data
181,"Brain Integrated School, Inc.","6 Biscayne St., Fairview Park, Subd., QC","6 Biscayne Street, Fairview Park, Subdivision, Quezon City, Philippines",Fairview,5,Schools,Private,Preschool,"Data_QC Caring Cities Tracker, QC Administrative Data - Private schools",#N/A,#N/A,121.0691705,14.6980256,#N/A,#N/A,#N/A,#N/A,Administrative data
182,"Brain Integrated School, Inc.","6 Biscayne St., Fairview Park, Subd., QC","6 Biscayne Street, Fairview Park, Subdivision, Quezon City, Philippines",Fairview,5,Schools,Private,Junior high school,"Data_QC Caring Cities Tracker, QC Administrative Data - Private schools",#N/A,#N/A,121.0691705,14.6980256,#N/A,#N/A,#N/A,#N/A,Administrative data
183,"Brain Integrated School, Inc.","6 Biscayne St., Fairview Park, Subd., QC","6 Biscayne Street, Fairview Park, Subdivision, Quezon City, Philippines",Fairview,5,Schools,Private,Senior high school,"Data_QC Caring Cities Tracker, QC Administrative Data - Private schools",#N/A,#N/A,121.0691705,14.6980256,#N/A,#N/A,#N/A,#N/A,Administrative data
185,"Breakthrough Christian Academy, Inc.","#9006 Eagle St., Sitio Veterans, Bagong Silangan, QC","9006 Eagle Street, Sitio Veterans, Bagong Silangan, Quezon City, Philippines",Bagong Silangan,2,Schools,Private,Preschool,"Data_QC Caring Cities Tracker, QC Administrative Data - Private schools",#N/A,#N/A,#N/A,#N/A,#N/A,#N/A,#N/A,#N/A,Administrative data
186,"Breakthrough Christian Academy, Inc.","#9006 Eagle St., Sitio Veterans, Bagong Silangan, QC","9006 Eagle Street, Sitio Veterans, Bagong Silangan, Quezon City, Philippines",Bagong Silangan,2,Schools,Private,Elementary school,"Data_QC Caring Cities Tracker, QC Administrative Data - Private schools",#N/A,#N/A,#N/A,#N/A,#N/A,#N/A,#N/A,#N/A,Administrative data
187,breath of life christian community school inc.,"purok 5, road 7 phase 2 , lupang pangako, payatas, quezon city, ncr, 1119","purok 5, road 7 phase 2 , lupang pangako, payatas, quezon city, ncr, 1119, Philippines",Payatas,2,Schools,Private,Private school,"QC Future Ready dashboard, Schools",7:00AM,4:00PM,#N/A,#N/A,#N/A,#N/A,#N/A,#N/A,Administrative data
188,Breath of Life Christian Community School Inc.,"#10 Purok 5 Phase 2, Lupang Pangako, Payatas B. QC.","10 Purok 5 Phase 2, Lupang Pangako, Payatas B. Quezon City., Philippines",Payatas,2,Schools,Private,Elementary school,"Data_QC Caring Cities Tracker, QC Administrative Data - Private schools",#N/A,#N/A,121.1068119,14.7186598,#N/A,#N/A,#N/A,#N/A,Administrative data
189,Breath of Life Christian Community School Inc.,"#10 Purok 5 Phase 2, Lupang Pangako, Payatas B. QC.","10 Purok 5 Phase 2, Lupang Pangako, Payatas B. Quezon City., Philippines",Payatas,2,Schools,Private,Preschool,"Data_QC Caring Cities Tracker, QC Administrative Data - Private schools",#N/A,#N/A,121.1068119,14.7186598,#N/A,#N/A,#N/A,#N/A,Administrative data
195,"Bright Tree Kindercare,Inc.","125Road 1,Bagong Pa g-asa QC","125Road 1,Bagong Pa g-asa Quezon City, Philippines",Bagong Pag-asa,1,Schools,Private,Preschool,"Data_QC Caring Cities Tracker, QC Administrative Data - Private schools",#N/A,#N/A,#N/A,#N/A,#N/A,#N/A,#N/A,#N/A,Administrative data
198,"Brilliant Juniors Academy, Inc","#Lot 8, P. Tuazon Blvd, Cor. C. Benitez St., San Martin Porres, QC","Lot 8, P. Tuazon Blvd, corner C. Benitez Street, San Martin Porres, Quezon City, Philippines",San Martin de Porres,4,Schools,Private,Elementary school,"Data_QC Caring Cities Tracker, QC Administrative Data - Private schools",#N/A,#N/A,#N/A,#N/A,#N/A,#N/A,#N/A,#N/A,Administrative data
199,"Brilliant Juniors Academy, Inc","#Lot 8, P. Tuazon Blvd, Cor. C. Benitez St., San Martin Porres, QC","Lot 8, P. Tuazon Blvd, corner C. Benitez Street, San Martin Porres, Quezon City, Philippines",San Martin de Porres,4,Schools,Private,Preschool,"Data_QC Caring Cities Tracker, QC Administrative Data - Private schools",#N/A,#N/A,#N/A,#N/A,#N/A,#N/A,#N/A,#N/A,Administrative data
200,"Britesparks International School, Inc.","15 Metropoli Drive, Bagumbayan, Libis, Quezon City","15 Metropoli Drive, Bagumbayan, Libis, Quezon City, Philippines",Bagumbayan,3,Schools,Private,Preschool,"Data_QC Caring Cities Tracker, QC Administrative Data - Private schools",#N/A,#N/A,#N/A,#N/A,#N/A,#N/A,#N/A,#N/A,Administrative data
201,"Britesparks International School, Inc.","15 Metropoli Drive, Bagumbayan, Libis, Quezon City","15 Metropoli Drive, Bagumbayan, Libis, Quezon City, Philippines",Bagumbayan,3,Schools,Private,Elementary school,"Data_QC Caring Cities Tracker, QC Administrative Data - Private schools",#N/A,#N/A,#N/A,#N/A,#N/A,#N/A,#N/A,#N/A,Administrative data
202,"Britesparks International School, Inc.","15 Metropoli Drive, Bagumbayan, Libis, Quezon City","15 Metropoli Drive, Bagumbayan, Libis, Quezon City, Philippines",Bagumbayan,3,Schools,Private,Junior high school,"Data_QC Caring Cities Tracker, QC Administrative Data - Private schools",#N/A,#N/A,#N/A,#N/A,#N/A,#N/A,#N/A,#N/A,Administrative data
203,"Britesparks International School, Inc.","15 Metropoli Drive, Bagumbayan, Libis, Quezon City","15 Metropoli Drive, Bagumbayan, Libis, Quezon City, Philippines",Bagumbayan,3,Schools,Private,Senior high school,"Data_QC Caring Cities Tracker, QC Administrative Data - Private schools",#N/A,#N/A,#N/A,#N/A,#N/A,#N/A,#N/A,#N/A,Administrative data
204,"Brittany Christian Academy, Inc.","77 Alpha Bldg., Bony Serrano Ave., Brgy. Bagong Lipunan","77 Alpha Building, Bony Serrano Avenue, Barangay Bagong Lipunan, Quezon City, Philippines",Bagong Lipunan ng Crame,4,Schools,Private,Preschool,"Data_QC Caring Cities Tracker, QC Administrative Data - Private schools",#N/A,#N/A,121.050038,14.6098828,#N/A,#N/A,#N/A,#N/A,Administrative data
205,"Brittany Christian Academy, Inc.","77 Alpha Bldg., Bony Serrano Ave., Brgy. Bagong Lipunan","77 Alpha Building, Bony Serrano Avenue, Barangay Bagong Lipunan, Quezon City, Philippines",Bagong Lipunan ng Crame,4,Schools,Private,Elementary school,"Data_QC Caring Cities Tracker, QC Administrative Data - Private schools",#N/A,#N/A,121.050038,14.6098828,#N/A,#N/A,#N/A,#N/A,Administrative data
206,"Brittany Christian Academy, Inc.","77 Alpha Bldg., Bony Serrano Ave., Brgy. Bagong Lipunan","77 Alpha Building, Bony Serrano Avenue, Barangay Bagong Lipunan, Quezon City, Philippines",Bagong Lipunan ng Crame,4,Schools,Private,Junior high school,"Data_QC Caring Cities Tracker, QC Administrative Data - Private schools",#N/A,#N/A,121.050038,14.6098828,#N/A,#N/A,#N/A,#N/A,Administrative data
209,Bungad ES,#N/A,#N/A,Bungad,1,Schools,Public,Elementary school,"Data_QC Caring Cities Tracker, QC Administrative Data - Public schools",#N/A,#N/A,121.0248716,14.6511448,#N/A,#N/A,#N/A,#N/A,Administrative data
213,C.R.I.B. Ideal School,"# 1 Rd 21, Corner 18, Proj 8, Bahay Toro, QC","1 Rd 21, Corner 18, Proj 8, Bahay Toro, Quezon City, Philippines",Bahay Toro,1,Schools,Private,Preschool,"Data_QC Caring Cities Tracker, QC Administrative Data - Private schools",#N/A,#N/A,121.0199671,14.6662795,#N/A,#N/A,#N/A,#N/A,Administrative data
215,Camarilla Elementary School,#N/A,#N/A,San Roque,3,Schools,Public,Elementary school,"Data_QC Caring Cities Tracker, QC Administrative Data - Public schools",#N/A,#N/A,121.0631433,14.6148916,#N/A,#N/A,#N/A,#N/A,Administrative data
217,"Cambridge Children's Learning and Development, Inc. - Hemady","LG-1 Hemady Square, 86 Doña Hemady St., E. Rodriguez, Ave., QC","LG-1 Hemady Square, 86 Doña Hemady Street, E. Rodriguez, Avenue, Quezon City, Philippines",Kristong Hari,4,Schools,Private,Elementary school,"Data_QC Caring Cities Tracker, QC Administrative Data - Private schools",#N/A,#N/A,121.0315689,14.6241141,#N/A,#N/A,#N/A,#N/A,Administrative data
218,"Cambridge Children's Learning and Development, Inc. - Hemady","LG-1 Hemady Square, 86 Doña Hemady St., E. Rodriguez, Ave., QC","LG-1 Hemady Square, 86 Doña Hemady Street, E. Rodriguez, Avenue, Quezon City, Philippines",Kristong Hari,4,Schools,Private,Preschool,"Data_QC Caring Cities Tracker, QC Administrative Data - Private schools",#N/A,#N/A,121.0315689,14.6241141,#N/A,#N/A,#N/A,#N/A,Administrative data
219,Camelean Academy,"#10. J. Ocampo St, Villa Maria Clara, Proj. 4, QC.","10. J. Ocampo St, Villa Maria Clara, Proj. 4, Quezon City., Philippines",Villa Maria Clara,3,Schools,Private,Elementary school,"Data_QC Caring Cities Tracker, QC Administrative Data - Private schools",#N/A,#N/A,121.0698421,14.6175678,#N/A,#N/A,#N/A,#N/A,Administrative data
220,Camelean Academy,"#10. J. Ocampo St, Villa Maria Clara, Proj. 4, QC.","10. J. Ocampo St, Villa Maria Clara, Proj. 4, Quezon City., Philippines",Villa Maria Clara,3,Schools,Private,Junior high school,"Data_QC Caring Cities Tracker, QC Administrative Data - Private schools",#N/A,#N/A,121.0698421,14.6175678,#N/A,#N/A,#N/A,#N/A,Administrative data
221,Camelean Academy,"#10. J. Ocampo St, Villa Maria Clara, Proj. 4, QC.","10. J. Ocampo St, Villa Maria Clara, Proj. 4, Quezon City., Philippines",Villa Maria Clara,3,Schools,Private,Preschool,"Data_QC Caring Cities Tracker, QC Administrative Data - Private schools",#N/A,#N/A,121.0698421,14.6175678,#N/A,#N/A,#N/A,#N/A,Administrative data
223,Camp Crame ES,#N/A,#N/A,Bagong Lipunan ng Crame,4,Schools,Public,Elementary school,"Data_QC Caring Cities Tracker, QC Administrative Data - Public schools",#N/A,#N/A,121.0517225,14.6056978,#N/A,#N/A,#N/A,#N/A,Administrative data
224,Camp Crame HS,#N/A,#N/A,Bagong Lipunan ng Crame,4,Schools,Public,High school,"Data_QC Caring Cities Tracker, QC Administrative Data - Public schools",#N/A,#N/A,121.0515376,14.6063449,#N/A,#N/A,#N/A,#N/A,Administrative data
225,Camp Gen. E. Aguinaldo HS,#N/A,#N/A,Camp Aguinaldo,3,Schools,Public,High school,"Data_QC Caring Cities Tracker, QC Administrative Data - Public schools",#N/A,#N/A,121.0644082,14.6124644,#N/A,#N/A,#N/A,#N/A,Administrative data
228,"Capitol Hills Christian School, Inc.","Filinvest 2 Rd., Batasan Hills, QC","Filinvest 2 Road, Batasan Hills, Quezon City, Philippines",Batasan Hills,2,Schools,Private,Preschool,"Data_QC Caring Cities Tracker, QC Administrative Data - Private schools",#N/A,#N/A,121.0994166,14.6904003,#N/A,#N/A,#N/A,#N/A,Administrative data
229,"Capitol Hills Christian School, Inc.","Filinvest 2 Rd., Batasan Hills, QC","Filinvest 2 Road, Batasan Hills, Quezon City, Philippines",Batasan Hills,2,Schools,Private,Elementary school,"Data_QC Caring Cities Tracker, QC Administrative Data - Private schools",#N/A,#N/A,121.0994166,14.6904003,#N/A,#N/A,#N/A,#N/A,Administrative data
230,capstone highest achiever learning school inc.,"block 10, lot 2, north wind ave. queens rd. , north wind subd, nagkaisang nayon, quezon city, ncr, 1125","block 10, lot 2, north wind Avenue queens Road , north wind subd, nagkaisang nayon, quezon city, ncr, 1125, Philippines",Nagkaisang Nayon,5,Schools,Private,Private school,"QC Future Ready dashboard, Schools",8:00AM,5:00PM,121.029503,14.7207833,#N/A,#N/A,#N/A,#N/A,Administrative data
231,Capstone Highest Achiever Learning School Inc.,"B-10L2 Queens Road., Cor. Northwind Ave.,","B-10L2 Queens Road., corner Northwind Avenue,, Quezon City, Philippines",#N/A,5,Schools,Private,Preschool,"Data_QC Caring Cities Tracker, QC Administrative Data - Private schools",#N/A,#N/A,121.0329915,14.712522,#N/A,#N/A,#N/A,#N/A,Administrative data
232,Capstone Highest Achiever Learning School Inc.,"B-10L2 Queens Road., Cor. Northwind Ave.,","B-10L2 Queens Road., corner Northwind Avenue,, Quezon City, Philippines",#N/A,5,Schools,Private,Elementary school,"Data_QC Caring Cities Tracker, QC Administrative Data - Private schools",#N/A,#N/A,121.0329915,14.712522,#N/A,#N/A,#N/A,#N/A,Administrative data
233,Capstone Highest Achiever Learning School Inc.,"B-10L2 Queens Road., Cor. Northwind Ave.,","B-10L2 Queens Road., corner Northwind Avenue,, Quezon City, Philippines",#N/A,5,Schools,Private,Junior high school,"Data_QC Caring Cities Tracker, QC Administrative Data - Private schools",#N/A,#N/A,121.0329915,14.712522,#N/A,#N/A,#N/A,#N/A,Administrative data
234,Carlos L. Albert HS,#N/A,#N/A,Santol,4,Schools,Public,High school,"Data_QC Caring Cities Tracker, QC Administrative Data - Public schools",#N/A,#N/A,121.0154118,14.6125832,#N/A,#N/A,#N/A,#N/A,Administrative data
235,Carlos P. Garcia HS,#N/A,#N/A,E. Rodriguez,3,Schools,Public,High school,"Data_QC Caring Cities Tracker, QC Administrative Data - Public schools",#N/A,#N/A,121.0544491,14.6294735,#N/A,#N/A,#N/A,#N/A,Administrative data
236,Carlos P. Romulo SHS(SHS within Bagong Pag-asa ES),#N/A,#N/A,Bagong Pag-asa,1,Schools,Public,Senior high school,"Data_QC Caring Cities Tracker, QC Administrative Data - Public schools",#N/A,#N/A,121.034021,14.6626727,#N/A,#N/A,#N/A,#N/A,Administrative data
237,Carmel Child Dev. And Lrng. Ctr.,"#6 Jose St., Carmel III, T-sora, Q.C.","6 Jose Street, Carmel III, T-sora, Quezon City, Philippines",Tandang Sora,6,Schools,Private,Preschool,"Data_QC Caring Cities Tracker, QC Administrative Data - Private schools",#N/A,#N/A,121.0394934,14.6752337,#N/A,#N/A,#N/A,#N/A,Administrative data
239,"casa de carmel montessori, inc.","47, morning star drive, sanville subdivision, culiat, quezon city, ncr, 1128","47, morning star drive, sanville subdivision, culiat, quezon city, ncr, 1128, Philippines",Culiat,6,Schools,Private,Private school,"QC Future Ready dashboard, Schools",7:00AM,7:00PM,121.0488764,14.6642654,#N/A,#N/A,#N/A,#N/A,Administrative data
240,"CASA Montessori of Loyola Foundation, Inc.","Melchor St., Loyola Heights, Quezon City","Melchor Street, Loyola Heights, Quezon City, Philippines",Loyola Heights,3,Schools,Private,Preschool,"Data_QC Caring Cities Tracker, QC Administrative Data - Private schools",#N/A,#N/A,121.0686841,14.6411502,#N/A,#N/A,#N/A,#N/A,Administrative data
241,"CASA Montessori of Loyola Foundation, Inc.","Melchor St., Loyola Heights, Quezon City","Melchor Street, Loyola Heights, Quezon City, Philippines",Loyola Heights,3,Schools,Private,Elementary school,"Data_QC Caring Cities Tracker, QC Administrative Data - Private schools",#N/A,#N/A,121.0686841,14.6411502,#N/A,#N/A,#N/A,#N/A,Administrative data
243,catholic filipino academy (cfa) inc.,"81, pantabangan street, nia village, tandang sora, quezon city, ncr, 1116","81, pantabangan street, nia village, tandang sora, quezon city, ncr, 1116, Philippines",Tandang Sora,6,Schools,Private,Private school,"QC Future Ready dashboard, Schools",6:00AM,5:00PM,121.0498894,14.6924101,#N/A,#N/A,#N/A,#N/A,Administrative data
244,Catholic Filipino Academy (CFA) Inc.,"#81 Pantabangan St., NIA Vill.., Brgy. Sauyo, QC","81 Pantabangan Street, NIA Village., Barangay Sauyo, Quezon City, Philippines",Sauyo,6,Schools,Private,Elementary school,"Data_QC Caring Cities Tracker, QC Administrative Data - Private schools",#N/A,#N/A,#N/A,#N/A,#N/A,#N/A,#N/A,#N/A,Administrative data
245,Catholic Filipino Academy (CFA) Inc.,"#81 Pantabangan St., NIA Vill.., Brgy. Sauyo, QC","81 Pantabangan Street, NIA Village., Barangay Sauyo, Quezon City, Philippines",Sauyo,6,Schools,Private,Junior high school,"Data_QC Caring Cities Tracker, QC Administrative Data - Private schools",#N/A,#N/A,#N/A,#N/A,#N/A,#N/A,#N/A,#N/A,Administrative data
246,Catholic Filipino Academy (CFA) Inc.,"#81 Pantabangan St., NIA Vill.., Brgy. Sauyo, QC","81 Pantabangan Street, NIA Village., Barangay Sauyo, Quezon City, Philippines",Sauyo,6,Schools,Private,Preschool,"Data_QC Caring Cities Tracker, QC Administrative Data - Private schools",#N/A,#N/A,#N/A,#N/A,#N/A,#N/A,#N/A,#N/A,Administrative data
247,CBC - Child Learning Center,"96 Don Jose St., Brgy. Siena, QC","96 Don Jose Street, Barangay Siena, Quezon City, Philippines",Sienna,1,Schools,Private,Preschool,"Data_QC Caring Cities Tracker, QC Administrative Data - Private schools",#N/A,#N/A,121.0065231,14.6381564,#N/A,#N/A,#N/A,#N/A,Administrative data
248,CBC - Child Learning Center,"96 Don Jose St., Brgy. Siena, QC","96 Don Jose Street, Barangay Siena, Quezon City, Philippines",Sienna,1,Schools,Private,Elementary school,"Data_QC Caring Cities Tracker, QC Administrative Data - Private schools",#N/A,#N/A,121.0065231,14.6381564,#N/A,#N/A,#N/A,#N/A,Administrative data
250,CCT-Vision of Hope Christian School,"No. 20B-Dam Site, Doña Nicasia Homes, Brgy. Comm., QC","20B-Dam Site, Doña Nicasia Homes, Barangay Comm., Quezon City, Philippines",Commonwealth,2,Schools,Private,Elementary school,"Data_QC Caring Cities Tracker, QC Administrative Data - Private schools",#N/A,#N/A,121.0876464,14.7105825,#N/A,#N/A,#N/A,#N/A,Administrative data
251,CCT-Vision of Hope Christian School,"No. 20B-Dam Site, Doña Nicasia Homes, Brgy. Comm., QC","20B-Dam Site, Doña Nicasia Homes, Barangay Comm., Quezon City, Philippines",Commonwealth,2,Schools,Private,Preschool,"Data_QC Caring Cities Tracker, QC Administrative Data - Private schools",#N/A,#N/A,121.0876464,14.7105825,#N/A,#N/A,#N/A,#N/A,Administrative data
252,CEB Padagogy Learning Center,"Lot 2 Block 22 Agno Street, Brgy. Dona Josefa, QC","Lot 2 Block 22 Agno Street, Barangay Dona Josefa, Quezon City, Philippines",Doña Josefa,4,Schools,Private,Preschool,"Data_QC Caring Cities Tracker, QC Administrative Data - Private schools",#N/A,#N/A,121.0067396,14.6204236,#N/A,#N/A,#N/A,#N/A,Administrative data
253,CEB Padagogy Learning Center,"Lot 2 Block 22 Agno Street, Brgy. Dona Josefa, QC","Lot 2 Block 22 Agno Street, Barangay Dona Josefa, Quezon City, Philippines",Doña Josefa,4,Schools,Private,Elementary school,"Data_QC Caring Cities Tracker, QC Administrative Data - Private schools",#N/A,#N/A,121.0067396,14.6204236,#N/A,#N/A,#N/A,#N/A,Administrative data
255,"Center for Developmental Intervention Found., Inc.","Philippine Childrens Medical Ctr., Brgy. Pag-asa, QC","Philippine Childrens Medical Ctr., Barangay Pag-asa, Quezon City, Philippines",Bagong Pag-asa,1,Schools,Private,Special Education Program,"Data_QC Caring Cities Tracker, QC Administrative Data - Private schools",#N/A,#N/A,#N/A,#N/A,#N/A,#N/A,#N/A,#N/A,Administrative data
257,Central Colleges of the Philippines,"39 Aurora Blvd., Brgy. Imelda, QC","39 Aurora Boulevard, Barangay Imelda, Quezon City, Philippines",Doña Imelda,4,Schools,Private,Senior high school,"Data_QC Caring Cities Tracker, QC Administrative Data - Private schools",#N/A,#N/A,121.0206982,14.6083306,#N/A,#N/A,#N/A,#N/A,Administrative data
258,"centris education solutions institute, inc.","16th floor, kmc sm north tower 1, edsa cor north avenue, bagong pag-asa, quezon city, ncr, 1105","16th floor, kmc sm north tower 1, edsa corner north avenue, bagong pag-asa, quezon city, ncr, 1105, Philippines",Bagong Pag-asa,1,Schools,Private,Private school,"QC Future Ready dashboard, Schools",10:00AM,7:00PM,#N/A,#N/A,#N/A,#N/A,#N/A,#N/A,Administrative data
259,Centro Montessori Internationale,"49 Xavierville Subd., Loyola Hgts., QC","49 Xavierville Subdivision, Loyola Hgts., Quezon City, Philippines",Loyola Heights,3,Schools,Private,Junior high school,"Data_QC Caring Cities Tracker, QC Administrative Data - Private schools",#N/A,#N/A,121.068267,14.635621,#N/A,#N/A,#N/A,#N/A,Administrative data
260,Centro Montessori Internationale,"49 Xavierville Subd., Loyola Hgts., QC","49 Xavierville Subdivision, Loyola Hgts., Quezon City, Philippines",Loyola Heights,3,Schools,Private,Preschool,"Data_QC Caring Cities Tracker, QC Administrative Data - Private schools",#N/A,#N/A,121.068267,14.635621,#N/A,#N/A,#N/A,#N/A,Administrative data
261,Centro Montessori Internationale,"49 Xavierville Subd., Loyola Hgts., QC","49 Xavierville Subdivision, Loyola Hgts., Quezon City, Philippines",Loyola Heights,3,Schools,Private,Elementary school,"Data_QC Caring Cities Tracker, QC Administrative Data - Private schools",#N/A,#N/A,121.068267,14.635621,#N/A,#N/A,#N/A,#N/A,Administrative data
264,Charis Central Academy,"N0. 5 Doña Isidora St., Brgy. Holy Spirit, QC","N0. 5 Doña Isidora Street, Barangay Holy Spirit, Quezon City, Philippines",Holy Spirit,2,Schools,Private,Preschool,"Data_QC Caring Cities Tracker, QC Administrative Data - Private schools",#N/A,#N/A,121.0767089,14.6831805,#N/A,#N/A,#N/A,#N/A,Administrative data
265,Charis Central Academy,"N0. 5 Doña Isidora St., Brgy. Holy Spirit, QC","N0. 5 Doña Isidora Street, Barangay Holy Spirit, Quezon City, Philippines",Holy Spirit,2,Schools,Private,Elementary school,"Data_QC Caring Cities Tracker, QC Administrative Data - Private schools",#N/A,#N/A,121.0767089,14.6831805,#N/A,#N/A,#N/A,#N/A,Administrative data
267,Children's Mission Philippines Hills of Grace Foundation Inc.,"Area 6, Sitio Veterans, Brgy. Bagong Silangan, QC","Area 6, Sitio Veterans, Barangay Bagong Silangan, Quezon City, Philippines",Bagong Silangan,2,Schools,Private,Preschool,"Data_QC Caring Cities Tracker, QC Administrative Data - Private schools",#N/A,#N/A,121.104265,14.707016,#N/A,#N/A,#N/A,#N/A,Administrative data
268,Children's Mission Philippines Hills of Grace Foundation Inc.,"Area 6, Sitio Veterans, Brgy. Bagong Silangan, QC","Area 6, Sitio Veterans, Barangay Bagong Silangan, Quezon City, Philippines",Bagong Silangan,2,Schools,Private,Elementary school,"Data_QC Caring Cities Tracker, QC Administrative Data - Private schools",#N/A,#N/A,121.104265,14.707016,#N/A,#N/A,#N/A,#N/A,Administrative data
269,Children's Mission Philippines Hills of Grace Foundation Inc.,"Area 6, Sitio Veterans, Brgy. Bagong Silangan, QC","Area 6, Sitio Veterans, Barangay Bagong Silangan, Quezon City, Philippines",Bagong Silangan,2,Schools,Private,Junior high school,"Data_QC Caring Cities Tracker, QC Administrative Data - Private schools",#N/A,#N/A,121.104265,14.707016,#N/A,#N/A,#N/A,#N/A,Administrative data
270,Children's Mission Philippines Hills of Grace Foundation Inc.,"Area 6, Sitio Veterans, Brgy. Bagong Silangan, QC","Area 6, Sitio Veterans, Barangay Bagong Silangan, Quezon City, Philippines",Bagong Silangan,2,Schools,Private,Senior high school,"Data_QC Caring Cities Tracker, QC Administrative Data - Private schools",#N/A,#N/A,121.104265,14.707016,#N/A,#N/A,#N/A,#N/A,Administrative data
273,"Childs Kingdom of Learning in Q.C., Inc.","38 Roque Compd., NPC Village Pasong Tamo, T-sora QC","38 Roque Compd., NPC Village Pasong Tamo, T-sora Quezon City, Philippines",Tandang Sora,6,Schools,Private,Elementary school,"Data_QC Caring Cities Tracker, QC Administrative Data - Private schools",#N/A,#N/A,121.053227,14.6887649,#N/A,#N/A,#N/A,#N/A,Administrative data
274,"Childs Kingdom of Learning in Q.C., Inc.","38 Roque Compd., NPC Village Pasong Tamo, T-sora QC","38 Roque Compd., NPC Village Pasong Tamo, T-sora Quezon City, Philippines",Tandang Sora,6,Schools,Private,Preschool,"Data_QC Caring Cities Tracker, QC Administrative Data - Private schools",#N/A,#N/A,121.053227,14.6887649,#N/A,#N/A,#N/A,#N/A,Administrative data
275,Chime Lrng. Ctr.,"37-BC Aguinaldo St., Brgy. Marilag,Proj. 4, QC","37-BC Aguinaldo Street, Barangay Marilag,Proj. 4, Quezon City, Philippines",Marilag,3,Schools,Private,Preschool,"Data_QC Caring Cities Tracker, QC Administrative Data - Private schools",#N/A,#N/A,121.0684634,14.6267502,#N/A,#N/A,#N/A,#N/A,Administrative data
276,Chime Lrng. Ctr.,"37-BC Aguinaldo St., Brgy. Marilag,Proj. 4, QC","37-BC Aguinaldo Street, Barangay Marilag,Proj. 4, Quezon City, Philippines",Marilag,3,Schools,Private,Elementary school,"Data_QC Caring Cities Tracker, QC Administrative Data - Private schools",#N/A,#N/A,121.0684634,14.6267502,#N/A,#N/A,#N/A,#N/A,Administrative data
277,christian family centre school foundation inc.,"58, sto domingo, holy spirit, quezon city, ncr, 1127","58, sto domingo, holy spirit, quezon city, ncr, 1127, Philippines",Holy Spirit,2,Schools,Private,Private school,"QC Future Ready dashboard, Schools",8:00AM,5:00PM,121.0859294,14.6885724,#N/A,#N/A,#N/A,#N/A,Administrative data
278,Christian Family Ctr. School Foundation,"58 Sto. Domingo St. Brgy. Holy Spirit, QC","58 Sto. Domingo Street Barangay Holy Spirit, Quezon City, Philippines",Sto. Domingo (Matalahib),1,Schools,Private,Preschool,"Data_QC Caring Cities Tracker, QC Administrative Data - Private schools",#N/A,#N/A,#N/A,#N/A,#N/A,#N/A,#N/A,#N/A,Administrative data
279,Christian Family Ctr. School Foundation,"58 Sto. Domingo St. Brgy. Holy Spirit, QC","58 Sto. Domingo Street Barangay Holy Spirit, Quezon City, Philippines",Sto. Domingo (Matalahib),1,Schools,Private,Senior high school,"Data_QC Caring Cities Tracker, QC Administrative Data - Private schools",#N/A,#N/A,#N/A,#N/A,#N/A,#N/A,#N/A,#N/A,Administrative data
280,Christian Family Ctr. School Foundation,"58 Sto. Domingo St. Brgy. Holy Spirit, QC","58 Sto. Domingo Street Barangay Holy Spirit, Quezon City, Philippines",Sto. Domingo (Matalahib),1,Schools,Private,Junior high school,"Data_QC Caring Cities Tracker, QC Administrative Data - Private schools",#N/A,#N/A,#N/A,#N/A,#N/A,#N/A,#N/A,#N/A,Administrative data
281,Christian Family Ctr. School Foundation,"58 Sto. Domingo St. Brgy. Holy Spirit, QC","58 Sto. Domingo Street Barangay Holy Spirit, Quezon City, Philippines",Sto. Domingo (Matalahib),1,Schools,Private,Elementary school,"Data_QC Caring Cities Tracker, QC Administrative Data - Private schools",#N/A,#N/A,#N/A,#N/A,#N/A,#N/A,#N/A,#N/A,Administrative data
282,Christian Louis Academy Pasong Tamo Inc.,"Miami St. Upper Bernardo Compd., Pasong Tamo, QC","Miami Street Upper Bernardo Compd., Pasong Tamo, Quezon City, Philippines",Pasong Tamo,6,Schools,Private,Elementary school,"Data_QC Caring Cities Tracker, QC Administrative Data - Private schools",#N/A,#N/A,121.0638674,14.6804885,#N/A,#N/A,#N/A,#N/A,Administrative data
283,Christian Louis Academy Pasong Tamo Inc.,"Miami St. Upper Bernardo Compd., Pasong Tamo, QC","Miami Street Upper Bernardo Compd., Pasong Tamo, Quezon City, Philippines",Pasong Tamo,6,Schools,Private,Preschool,"Data_QC Caring Cities Tracker, QC Administrative Data - Private schools",#N/A,#N/A,121.0638674,14.6804885,#N/A,#N/A,#N/A,#N/A,Administrative data
284,Christian Louis Academy Pasong Tamo Inc.,"Miami St. Upper Bernardo Compd., Pasong Tamo, QC","Miami Street Upper Bernardo Compd., Pasong Tamo, Quezon City, Philippines",Pasong Tamo,6,Schools,Private,Junior high school,"Data_QC Caring Cities Tracker, QC Administrative Data - Private schools",#N/A,#N/A,121.0638674,14.6804885,#N/A,#N/A,#N/A,#N/A,Administrative data
285,Christian Louis Academy Pasong Tamo Inc.,"Miami St. Upper Bernardo Compd., Pasong Tamo, QC","Miami Street Upper Bernardo Compd., Pasong Tamo, Quezon City, Philippines",Pasong Tamo,6,Schools,Private,Senior high school,"Data_QC Caring Cities Tracker, QC Administrative Data - Private schools",#N/A,#N/A,121.0638674,14.6804885,#N/A,#N/A,#N/A,#N/A,Administrative data
286,"CIIT SHS, INC","62 Sgt. Esguerra St., Cor. Mo. Ignacia, QC","62 Sgt. Esguerra Street, corner Mo. Ignacia, Quezon City, Philippines",#N/A,4,Schools,Private,Senior high school,"Data_QC Caring Cities Tracker, QC Administrative Data - Private schools",#N/A,#N/A,121.0367975,14.6412249,#N/A,#N/A,#N/A,#N/A,Administrative data
287,"Citadel Child Learning Center, Inc","199 Katipunan, Brgy. Milagrosa, Proj. 4, Q.C.","199 Katipunan, Barangay Milagrosa, Proj. 4, Quezon City, Philippines",Katipunan,1,Schools,Private,Preschool,"Data_QC Caring Cities Tracker, QC Administrative Data - Private schools",#N/A,#N/A,#N/A,#N/A,#N/A,#N/A,#N/A,#N/A,Administrative data
288,"Citadel Child Learning Center, Inc","199 Katipunan, Brgy. Milagrosa, Proj. 4, Q.C.","199 Katipunan, Barangay Milagrosa, Proj. 4, Quezon City, Philippines",Katipunan,1,Schools,Private,Elementary school,"Data_QC Caring Cities Tracker, QC Administrative Data - Private schools",#N/A,#N/A,#N/A,#N/A,#N/A,#N/A,#N/A,#N/A,Administrative data
289,Claret School of Q.C.,"Mahinhin St., UP Vill., Diliman, QC","Mahinhin Street, UP Village, Diliman, Quezon City, Philippines",U. P. Village,4,Schools,Private,Preschool,"Data_QC Caring Cities Tracker, QC Administrative Data - Private schools",#N/A,#N/A,121.0544831,14.6472517,#N/A,#N/A,#N/A,#N/A,Administrative data
290,Claret School of Q.C.,"Mahinhin St., UP Vill., Diliman, QC","Mahinhin Street, UP Village, Diliman, Quezon City, Philippines",U. P. Village,4,Schools,Private,Senior high school,"Data_QC Caring Cities Tracker, QC Administrative Data - Private schools",#N/A,#N/A,121.0544831,14.6472517,#N/A,#N/A,#N/A,#N/A,Administrative data
291,Claret School of Q.C.,"Mahinhin St., UP Vill., Diliman, QC","Mahinhin Street, UP Village, Diliman, Quezon City, Philippines",U. P. Village,4,Schools,Private,Junior high school,"Data_QC Caring Cities Tracker, QC Administrative Data - Private schools",#N/A,#N/A,121.0544831,14.6472517,#N/A,#N/A,#N/A,#N/A,Administrative data
292,Claret School of Q.C.,"Mahinhin St., UP Vill., Diliman, QC","Mahinhin Street, UP Village, Diliman, Quezon City, Philippines",U. P. Village,4,Schools,Private,Elementary school,"Data_QC Caring Cities Tracker, QC Administrative Data - Private schools",#N/A,#N/A,121.0544831,14.6472517,#N/A,#N/A,#N/A,#N/A,Administrative data
293,Clarion School Institute Inc.,"No. 12 KH Street, West Kamias, QC","12 KH Street, West Kamias, Quezon City, Philippines",West Kamias,3,Schools,Private,Junior high school,"Data_QC Caring Cities Tracker, QC Administrative Data - Private schools",#N/A,#N/A,121.0502452,14.6313108,#N/A,#N/A,#N/A,#N/A,Administrative data
294,Clarion School Institute Inc.,"No. 12 KH Street, West Kamias, QC","12 KH Street, West Kamias, Quezon City, Philippines",West Kamias,3,Schools,Private,Elementary school,"Data_QC Caring Cities Tracker, QC Administrative Data - Private schools",#N/A,#N/A,121.0502452,14.6313108,#N/A,#N/A,#N/A,#N/A,Administrative data
295,Clarion School Institute Inc.,"No. 12 KH Street, West Kamias, QC","12 KH Street, West Kamias, Quezon City, Philippines",West Kamias,3,Schools,Private,Preschool,"Data_QC Caring Cities Tracker, QC Administrative Data - Private schools",#N/A,#N/A,121.0502452,14.6313108,#N/A,#N/A,#N/A,#N/A,Administrative data
298,Colegio de San Bartolome de Novaliches,"737 Quirino H-way, San Bartolome, Nova., QC","737 Quirino H-way, San Bartolome, Nova., Quezon City, Philippines",San Bartolome,5,Schools,Private,Junior high school,"Data_QC Caring Cities Tracker, QC Administrative Data - Private schools",#N/A,#N/A,121.0376698,14.7049291,#N/A,#N/A,#N/A,#N/A,Administrative data
299,Colegio de San Bartolome de Novaliches,"737 Quirino H-way, San Bartolome, Nova., QC","737 Quirino H-way, San Bartolome, Nova., Quezon City, Philippines",San Bartolome,5,Schools,Private,Preschool,"Data_QC Caring Cities Tracker, QC Administrative Data - Private schools",#N/A,#N/A,121.0376698,14.7049291,#N/A,#N/A,#N/A,#N/A,Administrative data
300,Colegio de San Bartolome de Novaliches,"737 Quirino H-way, San Bartolome, Nova., QC","737 Quirino H-way, San Bartolome, Nova., Quezon City, Philippines",San Bartolome,5,Schools,Private,Elementary school,"Data_QC Caring Cities Tracker, QC Administrative Data - Private schools",#N/A,#N/A,121.0376698,14.7049291,#N/A,#N/A,#N/A,#N/A,Administrative data
301,Colegio de San Bartolome de Novaliches,"737 Quirino H-way, San Bartolome, Nova., QC","737 Quirino H-way, San Bartolome, Nova., Quezon City, Philippines",San Bartolome,5,Schools,Private,Senior high school,"Data_QC Caring Cities Tracker, QC Administrative Data - Private schools",#N/A,#N/A,121.0376698,14.7049291,#N/A,#N/A,#N/A,#N/A,Administrative data
302,Colegio de Sta. Teresa de Avila Foundation Inc.,"6 Kingfisher cor. Skylart Sts., Zabarte Subd., Novaliches, Quezon City","6 Kingfisher corner Skylart Sts., Zabarte Subdivision, Novaliches, Quezon City, Philippines",Novaliches Proper,5,Schools,Private,Preschool,"Data_QC Caring Cities Tracker, QC Administrative Data - Private schools",#N/A,#N/A,#N/A,#N/A,#N/A,#N/A,#N/A,#N/A,Administrative data
303,Colegio de Sta. Teresa de Avila Foundation Inc.,"6 Kingfisher cor. Skylart Sts., Zabarte Subd., Novaliches, Quezon City","6 Kingfisher corner Skylart Sts., Zabarte Subdivision, Novaliches, Quezon City, Philippines",Novaliches Proper,5,Schools,Private,Elementary school,"Data_QC Caring Cities Tracker, QC Administrative Data - Private schools",#N/A,#N/A,#N/A,#N/A,#N/A,#N/A,#N/A,#N/A,Administrative data
304,Colegio de Sta. Teresa de Avila Foundation Inc.,"6 Kingfisher cor. Skylart Sts., Zabarte Subd., Novaliches, Quezon City","6 Kingfisher corner Skylart Sts., Zabarte Subdivision, Novaliches, Quezon City, Philippines",Novaliches Proper,5,Schools,Private,Junior high school,"Data_QC Caring Cities Tracker, QC Administrative Data - Private schools",#N/A,#N/A,#N/A,#N/A,#N/A,#N/A,#N/A,#N/A,Administrative data
305,Colegio de Sta. Teresa de Avila Foundation Inc.,"6 Kingfisher cor. Skylart Sts., Zabarte Subd., Novaliches, Quezon City","6 Kingfisher corner Skylart Sts., Zabarte Subdivision, Novaliches, Quezon City, Philippines",Novaliches Proper,5,Schools,Private,Senior high school,"Data_QC Caring Cities Tracker, QC Administrative Data - Private schools",#N/A,#N/A,#N/A,#N/A,#N/A,#N/A,#N/A,#N/A,Administrative data
306,"College of Arts and Sciences of Asia and the Pacific - Quezon City, Inc","#Villonco Bldg. Villongco, Brgy. Commonwealth- QC","Villonco Building Villongco, Barangay Commonwealth- Quezon City, Philippines",Commonwealth,2,Schools,Private,Preschool,"Data_QC Caring Cities Tracker, QC Administrative Data - Private schools",#N/A,#N/A,121.0880003,14.6969749,#N/A,#N/A,#N/A,#N/A,Administrative data
307,"College of Arts and Sciences of Asia and the Pacific - Quezon City, Inc","#Villonco Bldg. Villongco, Brgy. Commonwealth- QC","Villonco Building Villongco, Barangay Commonwealth- Quezon City, Philippines",Commonwealth,2,Schools,Private,Elementary school,"Data_QC Caring Cities Tracker, QC Administrative Data - Private schools",#N/A,#N/A,121.0880003,14.6969749,#N/A,#N/A,#N/A,#N/A,Administrative data
308,"College of Arts and Sciences of Asia and the Pacific - Quezon City, Inc","#Villonco Bldg. Villongco, Brgy. Commonwealth- QC","Villonco Building Villongco, Barangay Commonwealth- Quezon City, Philippines",Commonwealth,2,Schools,Private,Junior high school,"Data_QC Caring Cities Tracker, QC Administrative Data - Private schools",#N/A,#N/A,121.0880003,14.6969749,#N/A,#N/A,#N/A,#N/A,Administrative data
309,"College of Arts and Sciences of Asia and the Pacific - Quezon City, Inc","#Villonco Bldg. Villongco, Brgy. Commonwealth- QC","Villonco Building Villongco, Barangay Commonwealth- Quezon City, Philippines",Commonwealth,2,Schools,Private,Senior high school,"Data_QC Caring Cities Tracker, QC Administrative Data - Private schools",#N/A,#N/A,121.0880003,14.6969749,#N/A,#N/A,#N/A,#N/A,Administrative data
310,College of St. Catherine of QC (Frmrly St. Theresa's School of Baesa),"362 Quirino H-way, Sangandaan, Quezon City","362 Quirino H-way, Sangandaan, Quezon City, Philippines",Sangandaan,6,Schools,Private,Junior high school,"Data_QC Caring Cities Tracker, QC Administrative Data - Private schools",#N/A,#N/A,121.0186115,14.679479,#N/A,#N/A,#N/A,#N/A,Administrative data
311,College of St. Catherine of QC (Frmrly St. Theresa's School of Baesa),"362 Quirino H-way, Sangandaan, Quezon City","362 Quirino H-way, Sangandaan, Quezon City, Philippines",Sangandaan,6,Schools,Private,Preschool,"Data_QC Caring Cities Tracker, QC Administrative Data - Private schools",#N/A,#N/A,121.0186115,14.679479,#N/A,#N/A,#N/A,#N/A,Administrative data
312,College of St. Catherine of QC (Frmrly St. Theresa's School of Baesa),"362 Quirino H-way, Sangandaan, Quezon City","362 Quirino H-way, Sangandaan, Quezon City, Philippines",Sangandaan,6,Schools,Private,Senior high school,"Data_QC Caring Cities Tracker, QC Administrative Data - Private schools",#N/A,#N/A,121.0186115,14.679479,#N/A,#N/A,#N/A,#N/A,Administrative data
313,College of St. Catherine of QC (Frmrly St. Theresa's School of Baesa),"362 Quirino H-way, Sangandaan, Quezon City","362 Quirino H-way, Sangandaan, Quezon City, Philippines",Sangandaan,6,Schools,Private,Elementary school,"Data_QC Caring Cities Tracker, QC Administrative Data - Private schools",#N/A,#N/A,121.0186115,14.679479,#N/A,#N/A,#N/A,#N/A,Administrative data
314,Common-Wealth Academy,"No. 1412 Adarna St., Commonwealth, QC","1412 Adarna Street, Commonwealth, Quezon City, Philippines",Commonwealth,2,Schools,Private,Preschool,"Data_QC Caring Cities Tracker, QC Administrative Data - Private schools",#N/A,#N/A,121.0751376,14.6955639,#N/A,#N/A,#N/A,#N/A,Administrative data
315,Common-Wealth Academy,"No. 1412 Adarna St., Commonwealth, QC","1412 Adarna Street, Commonwealth, Quezon City, Philippines",Commonwealth,2,Schools,Private,Elementary school,"Data_QC Caring Cities Tracker, QC Administrative Data - Private schools",#N/A,#N/A,121.0751376,14.6955639,#N/A,#N/A,#N/A,#N/A,Administrative data
316,Common-Wealth Academy,"No. 1412 Adarna St., Commonwealth, QC","1412 Adarna Street, Commonwealth, Quezon City, Philippines",Commonwealth,2,Schools,Private,Junior high school,"Data_QC Caring Cities Tracker, QC Administrative Data - Private schools",#N/A,#N/A,121.0751376,14.6955639,#N/A,#N/A,#N/A,#N/A,Administrative data
318,Commonwealth ES,#N/A,#N/A,Commonwealth,2,Schools,Public,Elementary school,"Data_QC Caring Cities Tracker, QC Administrative Data - Public schools",#N/A,#N/A,121.0878026,14.697539,#N/A,#N/A,#N/A,#N/A,Administrative data
319,Commonwealth HS,#N/A,#N/A,Commonwealth,2,Schools,Public,High school,"Data_QC Caring Cities Tracker, QC Administrative Data - Public schools",#N/A,#N/A,121.081677,14.698967,#N/A,#N/A,#N/A,#N/A,Administrative data
320,Cong. Reynaldo A. Calalay Memorial Elementary School,#N/A,#N/A,Damayan,1,Schools,Public,Elementary school,"Data_QC Caring Cities Tracker, QC Administrative Data - Public schools",#N/A,#N/A,121.0147622,14.6385754,#N/A,#N/A,#N/A,#N/A,Administrative data
325,"Coramdeo Christian Academy, Inc.","L-14,B-6, Mt. Crest Subd., Brgy. Banlat, T-sora, QC","L-14,B-6, Mt. Crest Subdivision, Barangay Banlat, T-sora, Quezon City, Philippines",#N/A,6,Schools,Private,Preschool,"Data_QC Caring Cities Tracker, QC Administrative Data - Private schools",#N/A,#N/A,121.0438654,14.6853508,#N/A,#N/A,#N/A,#N/A,Administrative data
326,"Coramdeo Christian Academy, Inc.","L-14,B-6, Mt. Crest Subd., Brgy. Banlat, T-sora, QC","L-14,B-6, Mt. Crest Subdivision, Barangay Banlat, T-sora, Quezon City, Philippines",#N/A,6,Schools,Private,Elementary school,"Data_QC Caring Cities Tracker, QC Administrative Data - Private schools",#N/A,#N/A,121.0438654,14.6853508,#N/A,#N/A,#N/A,#N/A,Administrative data
327,"Coramdeo Christian Academy, Inc.","L-14,B-6, Mt. Crest Subd., Brgy. Banlat, T-sora, QC","L-14,B-6, Mt. Crest Subdivision, Barangay Banlat, T-sora, Quezon City, Philippines",#N/A,6,Schools,Private,Junior high school,"Data_QC Caring Cities Tracker, QC Administrative Data - Private schools",#N/A,#N/A,121.0438654,14.6853508,#N/A,#N/A,#N/A,#N/A,Administrative data
328,Cordis Mariae School,"Gate 1 MRB. HGHP, Pilot Drive, Brgy. Comm. QC","Gate 1 MRB. HGHP, Pilot Drive, Barangay Comm. Quezon City, Philippines",Commonwealth,2,Schools,Private,Preschool,"Data_QC Caring Cities Tracker, QC Administrative Data - Private schools",#N/A,#N/A,121.0791753,14.6968881,#N/A,#N/A,#N/A,#N/A,Administrative data
329,Cordis Mariae School,"Gate 1 MRB. HGHP, Pilot Drive, Brgy. Comm. QC","Gate 1 MRB. HGHP, Pilot Drive, Barangay Comm. Quezon City, Philippines",Commonwealth,2,Schools,Private,Elementary school,"Data_QC Caring Cities Tracker, QC Administrative Data - Private schools",#N/A,#N/A,121.0791753,14.6968881,#N/A,#N/A,#N/A,#N/A,Administrative data
330,Cordis Mariae School,"Gate 1 MRB. HGHP, Pilot Drive, Brgy. Comm. QC","Gate 1 MRB. HGHP, Pilot Drive, Barangay Comm. Quezon City, Philippines",Commonwealth,2,Schools,Private,Junior high school,"Data_QC Caring Cities Tracker, QC Administrative Data - Private schools",#N/A,#N/A,121.0791753,14.6968881,#N/A,#N/A,#N/A,#N/A,Administrative data
332,Cornerstone Christian Acad. Of QC,"#5 Don Jose St., Holy Spirit, QC","5 Don Jose Street, Holy Spirit, Quezon City, Philippines",Holy Spirit,2,Schools,Private,Preschool,"Data_QC Caring Cities Tracker, QC Administrative Data - Private schools",#N/A,#N/A,121.0835469,14.6825513,#N/A,#N/A,#N/A,#N/A,Administrative data
333,Cornerstone Christian Acad. Of QC,"#5 Don Jose St., Holy Spirit, QC","5 Don Jose Street, Holy Spirit, Quezon City, Philippines",Holy Spirit,2,Schools,Private,Elementary school,"Data_QC Caring Cities Tracker, QC Administrative Data - Private schools",#N/A,#N/A,121.0835469,14.6825513,#N/A,#N/A,#N/A,#N/A,Administrative data
334,Coronado's School of QC,"23 Cartier St., Villa Corrina Subd., Pasong Tamo, Q.C. / 4 kawayan st. NPC village Pasong Tamo QC","23 Cartier Street, Villa Corrina Subdivision, Pasong Tamo, Quezon City / 4 kawayan Street NPC village Pasong Tamo Quezon City, Philippines",Pasong Tamo,6,Schools,Private,Preschool,"Data_QC Caring Cities Tracker, QC Administrative Data - Private schools",#N/A,#N/A,121.0462332,14.6765558,#N/A,#N/A,#N/A,#N/A,Administrative data
335,Coronado's School of QC,"23 Cartier St., Villa Corrina Subd., Pasong Tamo, Q.C. / 4 kawayan st. NPC village Pasong Tamo QC","23 Cartier Street, Villa Corrina Subdivision, Pasong Tamo, Quezon City / 4 kawayan Street NPC village Pasong Tamo Quezon City, Philippines",Pasong Tamo,6,Schools,Private,Elementary school,"Data_QC Caring Cities Tracker, QC Administrative Data - Private schools",#N/A,#N/A,121.0462332,14.6765558,#N/A,#N/A,#N/A,#N/A,Administrative data
336,Coronado's School of QC,"23 Cartier St., Villa Corrina Subd., Pasong Tamo, Q.C. / 4 kawayan st. NPC village Pasong Tamo QC","23 Cartier Street, Villa Corrina Subdivision, Pasong Tamo, Quezon City / 4 kawayan Street NPC village Pasong Tamo Quezon City, Philippines",Pasong Tamo,6,Schools,Private,Junior high school,"Data_QC Caring Cities Tracker, QC Administrative Data - Private schools",#N/A,#N/A,121.0462332,14.6765558,#N/A,#N/A,#N/A,#N/A,Administrative data
339,"Covenant of Grace School ( Formerly Fairview Learning Center for Development, Inc)","6 Pearl St., Fairview Park Subd., QC","6 Pearl Street, Fairview Park Subdivision, Quezon City, Philippines",Fairview,5,Schools,Private,Preschool,"Data_QC Caring Cities Tracker, QC Administrative Data - Private schools",#N/A,#N/A,#N/A,#N/A,#N/A,#N/A,#N/A,#N/A,Administrative data
340,"Covenant of Grace School ( Formerly Fairview Learning Center for Development, Inc)","6 Pearl St., Fairview Park Subd., QC","6 Pearl Street, Fairview Park Subdivision, Quezon City, Philippines",Fairview,5,Schools,Private,Elementary school,"Data_QC Caring Cities Tracker, QC Administrative Data - Private schools",#N/A,#N/A,#N/A,#N/A,#N/A,#N/A,#N/A,#N/A,Administrative data
341,"Covenant of Grace School ( Formerly Fairview Learning Center for Development, Inc)","6 Pearl St., Fairview Park Subd., QC","6 Pearl Street, Fairview Park Subdivision, Quezon City, Philippines",Fairview,5,Schools,Private,Junior high school,"Data_QC Caring Cities Tracker, QC Administrative Data - Private schools",#N/A,#N/A,#N/A,#N/A,#N/A,#N/A,#N/A,#N/A,Administrative data
342,"Covenant of Grace School ( Formerly Fairview Learning Center for Development, Inc)","6 Pearl St., Fairview Park Subd., QC","6 Pearl Street, Fairview Park Subdivision, Quezon City, Philippines",Fairview,5,Schools,Private,Senior high school,"Data_QC Caring Cities Tracker, QC Administrative Data - Private schools",#N/A,#N/A,#N/A,#N/A,#N/A,#N/A,#N/A,#N/A,Administrative data
343,"Cradle of Joy Center for Lrng. Found., Inc.","14 11th Jamboree St., Brgy. Sacred Heart, QC","14 11th Jamboree Street, Barangay Sacred Heart, Quezon City, Philippines",Sacred Heart,4,Schools,Private,Preschool,"Data_QC Caring Cities Tracker, QC Administrative Data - Private schools",#N/A,#N/A,121.0414352,14.6314124,#N/A,#N/A,#N/A,#N/A,Administrative data
344,"Cradle of Joy Center for Lrng. Found., Inc.","14 11th Jamboree St., Brgy. Sacred Heart, QC","14 11th Jamboree Street, Barangay Sacred Heart, Quezon City, Philippines",Sacred Heart,4,Schools,Private,Elementary school,"Data_QC Caring Cities Tracker, QC Administrative Data - Private schools",#N/A,#N/A,121.0414352,14.6314124,#N/A,#N/A,#N/A,#N/A,Administrative data
347,"Creative Explorers Educational Foundation, Inc.","# 47 Visayas Ave., Brgy. Vasra, QC","47 Visayas Avenue, Barangay Vasra, Quezon City, Philippines",Vasra,1,Schools,Private,Elementary school,"Data_QC Caring Cities Tracker, QC Administrative Data - Private schools",#N/A,#N/A,121.0441819,14.6610789,#N/A,#N/A,#N/A,#N/A,Administrative data
348,"Creative Explorers Educational Foundation, Inc.","# 47 Visayas Ave., Brgy. Vasra, QC","47 Visayas Avenue, Barangay Vasra, Quezon City, Philippines",Vasra,1,Schools,Private,Preschool,"Data_QC Caring Cities Tracker, QC Administrative Data - Private schools",#N/A,#N/A,121.0441819,14.6610789,#N/A,#N/A,#N/A,#N/A,Administrative data
349,"Creative Institute of Science , Arts and Teachnology (CISAT) Inc.","No. 30-B Sta. Catalina St., Brgy. Holy Spirit, QC","30-B Sta. Catalina Street, Barangay Holy Spirit, Quezon City, Philippines",Holy Spirit,2,Schools,Private,Preschool,"Data_QC Caring Cities Tracker, QC Administrative Data - Private schools",#N/A,#N/A,121.0841247,14.686151,#N/A,#N/A,#N/A,#N/A,Administrative data
350,"Creative Institute of Science , Arts and Teachnology (CISAT) Inc.","No. 30-B Sta. Catalina St., Brgy. Holy Spirit, QC","30-B Sta. Catalina Street, Barangay Holy Spirit, Quezon City, Philippines",Holy Spirit,2,Schools,Private,Elementary school,"Data_QC Caring Cities Tracker, QC Administrative Data - Private schools",#N/A,#N/A,121.0841247,14.686151,#N/A,#N/A,#N/A,#N/A,Administrative data
351,Creative Minds Learning Institute Montessori Inc.,"#13 Road 1, Projsct 6, Bago Bantay, QC","13 Road 1, Projsct 6, Bago Bantay, Quezon City, Philippines",#N/A,1,Schools,Private,Elementary school,"Data_QC Caring Cities Tracker, QC Administrative Data - Private schools",#N/A,#N/A,121.0341206,14.6555414,#N/A,#N/A,#N/A,#N/A,Administrative data
352,Creative Minds Learning Institute Montessori Inc.,"#13 Road 1, Projsct 6, Bago Bantay, QC","13 Road 1, Projsct 6, Bago Bantay, Quezon City, Philippines",#N/A,1,Schools,Private,Preschool,"Data_QC Caring Cities Tracker, QC Administrative Data - Private schools",#N/A,#N/A,121.0341206,14.6555414,#N/A,#N/A,#N/A,#N/A,Administrative data
354,Cubao Elementary School,#N/A,#N/A,E. Rodriguez,3,Schools,Public,Elementary school,"Data_QC Caring Cities Tracker, QC Administrative Data - Public schools",#N/A,#N/A,121.0510582,14.6224359,#N/A,#N/A,#N/A,#N/A,Administrative data
358,Culiat Elementary School,#N/A,#N/A,Culiat,6,Schools,Public,Elementary school,"Data_QC Caring Cities Tracker, QC Administrative Data - Public schools",#N/A,#N/A,121.0574138,14.6666546,#N/A,#N/A,#N/A,#N/A,Administrative data
359,Culiat High School,#N/A,#N/A,Culiat,6,Schools,Public,High school,"Data_QC Caring Cities Tracker, QC Administrative Data - Public schools",#N/A,#N/A,121.0563685,14.6681738,#N/A,#N/A,#N/A,#N/A,Administrative data
362,"Dakila School Foundation, Inc.","322 Don Fabian Ext., Brgy. Commonwealth, QC","322 Don Fabian Extension, Barangay Commonwealth, Quezon City, Philippines",Commonwealth,2,Schools,Private,Preschool,"Data_QC Caring Cities Tracker, QC Administrative Data - Private schools",#N/A,#N/A,121.0835613,14.6973066,#N/A,#N/A,#N/A,#N/A,Administrative data
363,"Dakila School Foundation, Inc.","322 Don Fabian Ext., Brgy. Commonwealth, QC","322 Don Fabian Extension, Barangay Commonwealth, Quezon City, Philippines",Commonwealth,2,Schools,Private,Elementary school,"Data_QC Caring Cities Tracker, QC Administrative Data - Private schools",#N/A,#N/A,121.0835613,14.6973066,#N/A,#N/A,#N/A,#N/A,Administrative data
364,Dalupan ES,#N/A,#N/A,San Antonio,1,Schools,Public,Elementary school,"Data_QC Caring Cities Tracker, QC Administrative Data - Public schools",#N/A,#N/A,121.0127876,14.6449063,#N/A,#N/A,#N/A,#N/A,Administrative data
367,Damong Maliit ES,#N/A,#N/A,Nagkaisang Nayon,5,Schools,Public,Elementary school,"Data_QC Caring Cities Tracker, QC Administrative Data - Public schools",#N/A,#N/A,121.0250375,14.7235604,#N/A,#N/A,#N/A,#N/A,Administrative data
370,"De Paul Payatas Day Care Center, Inc.","Phase I, Lupang Pangako Phase 1, Payatas , Quezon City","Phase I, Lupang Pangako Phase 1, Payatas , Quezon City, Philippines",Payatas,2,Schools,Private,Preschool,"Data_QC Caring Cities Tracker, QC Administrative Data - Private schools",#N/A,#N/A,121.107465,14.7196607,#N/A,#N/A,#N/A,#N/A,Administrative data
371,"Del Carmen School of Veterans, Q.C.","1 Dove St., Veterans, Bagong Silangan, Quezon City","1 Dove Street, Veterans, Bagong Silangan, Quezon City, Philippines",Bagong Silangan,2,Schools,Private,Preschool,"Data_QC Caring Cities Tracker, QC Administrative Data - Private schools",#N/A,#N/A,121.105227,14.7070669,#N/A,#N/A,#N/A,#N/A,Administrative data
372,"Del Carmen School of Veterans, Q.C.","1 Dove St., Veterans, Bagong Silangan, Quezon City","1 Dove Street, Veterans, Bagong Silangan, Quezon City, Philippines",Bagong Silangan,2,Schools,Private,Elementary school,"Data_QC Caring Cities Tracker, QC Administrative Data - Private schools",#N/A,#N/A,121.105227,14.7070669,#N/A,#N/A,#N/A,#N/A,Administrative data
373,"Del Carmen School of Veterans, Q.C.","1 Dove St., Veterans, Bagong Silangan, Quezon City","1 Dove Street, Veterans, Bagong Silangan, Quezon City, Philippines",Bagong Silangan,2,Schools,Private,Junior high school,"Data_QC Caring Cities Tracker, QC Administrative Data - Private schools",#N/A,#N/A,121.105227,14.7070669,#N/A,#N/A,#N/A,#N/A,Administrative data
374,"Del Carmen School of Veterans, Q.C.","1 Dove St., Veterans, Bagong Silangan, Quezon City","1 Dove Street, Veterans, Bagong Silangan, Quezon City, Philippines",Bagong Silangan,2,Schools,Private,Senior high school,"Data_QC Caring Cities Tracker, QC Administrative Data - Private schools",#N/A,#N/A,121.105227,14.7070669,#N/A,#N/A,#N/A,#N/A,Administrative data
377,Delfin M. Geraldez Memorial ES,#N/A,#N/A,Kaligayahan,5,Schools,Public,Elementary school,"Data_QC Caring Cities Tracker, QC Administrative Data - Public schools",#N/A,#N/A,121.0529257,14.7301298,#N/A,#N/A,#N/A,#N/A,Administrative data
378,Demetrio Tuazon Elementary School,#N/A,#N/A,Lourdes,1,Schools,Public,Elementary school,"Data_QC Caring Cities Tracker, QC Administrative Data - Public schools",#N/A,#N/A,120.9991683,14.6298007,#N/A,#N/A,#N/A,#N/A,Administrative data
381,Diliman Preparatory School- Annex,"1 Don Raymundo, Brgy. Talipapa, San Agustin Vill.","1 Don Raymundo, Barangay Talipapa, San Agustin Village, Quezon City, Philippines",San Agustin,5,Schools,Private,Elementary school,"Data_QC Caring Cities Tracker, QC Administrative Data - Private schools",#N/A,#N/A,#N/A,#N/A,#N/A,#N/A,#N/A,#N/A,Administrative data
382,Diliman Preparatory School- Annex,"1 Don Raymundo, Brgy. Talipapa, San Agustin Vill.","1 Don Raymundo, Barangay Talipapa, San Agustin Village, Quezon City, Philippines",San Agustin,5,Schools,Private,Preschool,"Data_QC Caring Cities Tracker, QC Administrative Data - Private schools",#N/A,#N/A,#N/A,#N/A,#N/A,#N/A,#N/A,#N/A,Administrative data
383,Diliman Preparatory School- Annex,"1 Don Raymundo, Brgy. Talipapa, San Agustin Vill.","1 Don Raymundo, Barangay Talipapa, San Agustin Village, Quezon City, Philippines",San Agustin,5,Schools,Private,Junior high school,"Data_QC Caring Cities Tracker, QC Administrative Data - Private schools",#N/A,#N/A,#N/A,#N/A,#N/A,#N/A,#N/A,#N/A,Administrative data
384,Diliman Preparatory School- Annex,"1 Don Raymundo, Brgy. Talipapa, San Agustin Vill.","1 Don Raymundo, Barangay Talipapa, San Agustin Village, Quezon City, Philippines",San Agustin,5,Schools,Private,Senior high school,"Data_QC Caring Cities Tracker, QC Administrative Data - Private schools",#N/A,#N/A,#N/A,#N/A,#N/A,#N/A,#N/A,#N/A,Administrative data
385,"Diliman Preparatory School, Inc. - Main","Commonwealth Ave., Brgy. Old Balara, Quezon City","Commonwealth Avenue, Barangay Old Balara, Quezon City, Philippines",Commonwealth,2,Schools,Private,Preschool,"Data_QC Caring Cities Tracker, QC Administrative Data - Private schools",#N/A,#N/A,#N/A,#N/A,#N/A,#N/A,#N/A,#N/A,Administrative data
386,"Diliman Preparatory School, Inc. - Main","Commonwealth Ave., Brgy. Old Balara, Quezon City","Commonwealth Avenue, Barangay Old Balara, Quezon City, Philippines",Commonwealth,2,Schools,Private,Elementary school,"Data_QC Caring Cities Tracker, QC Administrative Data - Private schools",#N/A,#N/A,#N/A,#N/A,#N/A,#N/A,#N/A,#N/A,Administrative data
387,"Diliman Preparatory School, Inc. - Main","Commonwealth Ave., Brgy. Old Balara, Quezon City","Commonwealth Avenue, Barangay Old Balara, Quezon City, Philippines",Commonwealth,2,Schools,Private,Junior high school,"Data_QC Caring Cities Tracker, QC Administrative Data - Private schools",#N/A,#N/A,#N/A,#N/A,#N/A,#N/A,#N/A,#N/A,Administrative data
388,"Diliman Preparatory School, Inc. - Main","Commonwealth Ave., Brgy. Old Balara, Quezon City","Commonwealth Avenue, Barangay Old Balara, Quezon City, Philippines",Commonwealth,2,Schools,Private,Senior high school,"Data_QC Caring Cities Tracker, QC Administrative Data - Private schools",#N/A,#N/A,#N/A,#N/A,#N/A,#N/A,#N/A,#N/A,Administrative data
390,Diosdado P. Macapagal ES (Tatalon ES),#N/A,#N/A,Tatalon,4,Schools,Public,Elementary school,"Data_QC Caring Cities Tracker, QC Administrative Data - Public schools",#N/A,#N/A,121.0125446,14.6223839,#N/A,#N/A,#N/A,#N/A,Administrative data
392,discovery house montessori of quezon city inc.,"b9 , l14, #59 adrian st. , north fairview, quezon city, ncr, 1121","b9 , l14, 59 adrian Street , north fairview, quezon city, ncr, 1121, Philippines",North Fairview,5,Schools,Private,Private school,"QC Future Ready dashboard, Schools",8:00AM,5:00PM,121.062422,14.7098639,#N/A,#N/A,#N/A,#N/A,Administrative data
393,Discovery House Montessori of Quezon City Inc.,"#59 Adrian St., North Fairview Subd., Phase III, QC","59 Adrian Street, North Fairview Subdivision, Phase III, Quezon City, Philippines",Fairview,5,Schools,Private,Preschool,"Data_QC Caring Cities Tracker, QC Administrative Data - Private schools",#N/A,#N/A,#N/A,#N/A,#N/A,#N/A,#N/A,#N/A,Administrative data
394,Discovery House Montessori of Quezon City Inc.,"#59 Adrian St., North Fairview Subd., Phase III, QC","59 Adrian Street, North Fairview Subdivision, Phase III, Quezon City, Philippines",Fairview,5,Schools,Private,Elementary school,"Data_QC Caring Cities Tracker, QC Administrative Data - Private schools",#N/A,#N/A,#N/A,#N/A,#N/A,#N/A,#N/A,#N/A,Administrative data
395,Discovery House Montessori of Quezon City Inc.,"#59 Adrian St., North Fairview Subd., Phase III, QC","59 Adrian Street, North Fairview Subdivision, Phase III, Quezon City, Philippines",Fairview,5,Schools,Private,Junior high school,"Data_QC Caring Cities Tracker, QC Administrative Data - Private schools",#N/A,#N/A,#N/A,#N/A,#N/A,#N/A,#N/A,#N/A,Administrative data
397,"Divine Grace Center of Studies (Quezon City), Inc.","47 General Ave., GSIS Vill., T-sora , QC","47 General Avenue, GSIS Village, T-sora , Quezon City, Philippines",Tandang Sora,6,Schools,Private,Preschool,"Data_QC Caring Cities Tracker, QC Administrative Data - Private schools",#N/A,#N/A,121.0258051,14.6746168,#N/A,#N/A,#N/A,#N/A,Administrative data
398,"Divine Grace Center of Studies (Quezon City), Inc.","47 General Ave., GSIS Vill., T-sora , QC","47 General Avenue, GSIS Village, T-sora , Quezon City, Philippines",Tandang Sora,6,Schools,Private,Elementary school,"Data_QC Caring Cities Tracker, QC Administrative Data - Private schools",#N/A,#N/A,121.0258051,14.6746168,#N/A,#N/A,#N/A,#N/A,Administrative data
399,"Divine Grace Center of Studies (Quezon City), Inc.","47 General Ave., GSIS Vill., T-sora , QC","47 General Avenue, GSIS Village, T-sora , Quezon City, Philippines",Tandang Sora,6,Schools,Private,Junior high school,"Data_QC Caring Cities Tracker, QC Administrative Data - Private schools",#N/A,#N/A,121.0258051,14.6746168,#N/A,#N/A,#N/A,#N/A,Administrative data
400,"Divine Grace Christian Acad. Of QC, Inc.","21 Everlasting St., Payatas A., QC.","21 Everlasting Street, Payatas A., Quezon City., Philippines",Payatas,2,Schools,Private,Preschool,"Data_QC Caring Cities Tracker, QC Administrative Data - Private schools",#N/A,#N/A,#N/A,#N/A,#N/A,#N/A,#N/A,#N/A,Administrative data
401,"Divine Grace Christian Acad. Of QC, Inc.","21 Everlasting St., Payatas A., QC.","21 Everlasting Street, Payatas A., Quezon City., Philippines",Payatas,2,Schools,Private,Elementary school,"Data_QC Caring Cities Tracker, QC Administrative Data - Private schools",#N/A,#N/A,#N/A,#N/A,#N/A,#N/A,#N/A,#N/A,Administrative data
402,Divine Grace School,"Ilang-Ilang St., Maligaya Park Subd., Novaliches, Quezon City","Ilang-Ilang Street, Maligaya Park Subdivision, Novaliches, Quezon City, Philippines",Novaliches Proper,5,Schools,Private,Elementary school,"Data_QC Caring Cities Tracker, QC Administrative Data - Private schools",#N/A,#N/A,#N/A,#N/A,#N/A,#N/A,#N/A,#N/A,Administrative data
403,Divine Grace School,"Ilang-Ilang St., Maligaya Park Subd., Novaliches, Quezon City","Ilang-Ilang Street, Maligaya Park Subdivision, Novaliches, Quezon City, Philippines",Novaliches Proper,5,Schools,Private,Preschool,"Data_QC Caring Cities Tracker, QC Administrative Data - Private schools",#N/A,#N/A,#N/A,#N/A,#N/A,#N/A,#N/A,#N/A,Administrative data
404,Divine Grace School,"Ilang-Ilang St., Maligaya Park Subd., Novaliches, Quezon City","Ilang-Ilang Street, Maligaya Park Subdivision, Novaliches, Quezon City, Philippines",Novaliches Proper,5,Schools,Private,Junior high school,"Data_QC Caring Cities Tracker, QC Administrative Data - Private schools",#N/A,#N/A,#N/A,#N/A,#N/A,#N/A,#N/A,#N/A,Administrative data
405,"Divine Mercy Lrng., Ctr., of QC., Inc.","54 B V-Luzon Extn., Project 8, Brgy. Sangandaan, QC","54 B V-Luzon Extension, Project 8, Barangay Sangandaan, Quezon City, Philippines",Sangandaan,6,Schools,Private,Elementary school,"Data_QC Caring Cities Tracker, QC Administrative Data - Private schools",#N/A,#N/A,121.0213295,14.6766862,#N/A,#N/A,#N/A,#N/A,Administrative data
406,"Divine Mercy Lrng., Ctr., of QC., Inc.","54 B V-Luzon Extn., Project 8, Brgy. Sangandaan, QC","54 B V-Luzon Extension, Project 8, Barangay Sangandaan, Quezon City, Philippines",Sangandaan,6,Schools,Private,Preschool,"Data_QC Caring Cities Tracker, QC Administrative Data - Private schools",#N/A,#N/A,121.0213295,14.6766862,#N/A,#N/A,#N/A,#N/A,Administrative data
407,DML Montessori School,"45 7th St.,Glimore, Brgy. Mariana, New Manila, QC","45 7th Street,Glimore, Barangay Mariana, New Manila, Quezon City, Philippines",Mariana,4,Schools,Private,Elementary school,"Data_QC Caring Cities Tracker, QC Administrative Data - Private schools",#N/A,#N/A,121.0338455,14.6184018,#N/A,#N/A,#N/A,#N/A,Administrative data
408,DML Montessori School,"45 7th St.,Glimore, Brgy. Mariana, New Manila, QC","45 7th Street,Glimore, Barangay Mariana, New Manila, Quezon City, Philippines",Mariana,4,Schools,Private,Preschool,"Data_QC Caring Cities Tracker, QC Administrative Data - Private schools",#N/A,#N/A,121.0338455,14.6184018,#N/A,#N/A,#N/A,#N/A,Administrative data
409,DML Montessori School,"45 7th St.,Glimore, Brgy. Mariana, New Manila, QC","45 7th Street,Glimore, Barangay Mariana, New Manila, Quezon City, Philippines",Mariana,4,Schools,Private,Junior high school,"Data_QC Caring Cities Tracker, QC Administrative Data - Private schools",#N/A,#N/A,121.0338455,14.6184018,#N/A,#N/A,#N/A,#N/A,Administrative data
413,"Don Alejandro Roces, Sr. Science and Technology High School",#N/A,#N/A,Obrero,4,Schools,Public,High school,"Data_QC Caring Cities Tracker, QC Administrative Data - Public schools",#N/A,#N/A,121.0315712,14.6289789,#N/A,#N/A,#N/A,#N/A,Administrative data
416,Don Fabian School of QC,"Pilot Drive, Sto. Niño St., Brgy. Comm., QC","Pilot Drive, Sto. Niño Street, Barangay Comm., Quezon City, Philippines",Commonwealth,2,Schools,Private,Preschool,"Data_QC Caring Cities Tracker, QC Administrative Data - Private schools",#N/A,#N/A,121.0772436,14.6970222,#N/A,#N/A,#N/A,#N/A,Administrative data
417,Don Fabian School of QC,"Pilot Drive, Sto. Niño St., Brgy. Comm., QC","Pilot Drive, Sto. Niño Street, Barangay Comm., Quezon City, Philippines",Commonwealth,2,Schools,Private,Elementary school,"Data_QC Caring Cities Tracker, QC Administrative Data - Private schools",#N/A,#N/A,121.0772436,14.6970222,#N/A,#N/A,#N/A,#N/A,Administrative data
419,Don Quintin Paredes HS,#N/A,#N/A,Quirino 2-B,3,Schools,Public,High school,"Data_QC Caring Cities Tracker, QC Administrative Data - Public schools",#N/A,#N/A,121.0609354,14.6324766,#N/A,#N/A,#N/A,#N/A,Administrative data
422,Dona Josefa E. Marcos ES,#N/A,#N/A,San Roque,3,Schools,Public,Elementary school,"Data_QC Caring Cities Tracker, QC Administrative Data - Public schools",#N/A,#N/A,121.063271,14.615774,#N/A,#N/A,#N/A,#N/A,Administrative data
423,Dona Juana Elementary School,#N/A,#N/A,Holy Spirit,2,Schools,Public,Elementary school,"Data_QC Caring Cities Tracker, QC Administrative Data - Public schools",#N/A,#N/A,121.0817437,14.6892901,#N/A,#N/A,#N/A,#N/A,Administrative data
425,Dona Rosario Elementary School,#N/A,#N/A,Novaliches Proper,5,Schools,Public,Elementary school,"Data_QC Caring Cities Tracker, QC Administrative Data - Public schools",#N/A,#N/A,121.0363349,14.7171909,#N/A,#N/A,#N/A,#N/A,Administrative data
426,Dona Rosario HS,#N/A,#N/A,Novaliches Proper,5,Schools,Public,High school,"Data_QC Caring Cities Tracker, QC Administrative Data - Public schools",#N/A,#N/A,121.0366432,14.7167349,#N/A,#N/A,#N/A,#N/A,Administrative data
427,Dr. Carlos S. Lanting College,"16 T-sora Ave., Brgy. Sangandaan, Quezon City","16 T-sora Avenue, Barangay Sangandaan, Quezon City, Philippines",Sangandaan,6,Schools,Private,Senior high school,"Data_QC Caring Cities Tracker, QC Administrative Data - Private schools",#N/A,#N/A,121.0206403,14.6793675,#N/A,#N/A,#N/A,#N/A,Administrative data
428,dr. carlos s. lanting college inc.,"21, tandang sora ave, talipapa, quezon city, ncr, 1116","21, tandang sora ave, talipapa, quezon city, ncr, 1116, Philippines",Tandang Sora,6,Schools,Private,Private school,"QC Future Ready dashboard, Schools",7:00AM,8:00PM,#N/A,#N/A,#N/A,#N/A,#N/A,#N/A,Administrative data
429,"dr. carlos s. lanting college, incorporated","16, tandang sora ave., sangandaan, quezon city, ncr, 1116","16, tandang sora Avenue, sangandaan, quezon city, ncr, 1116, Philippines",Tandang Sora,6,Schools,Private,Private school,"QC Future Ready dashboard, Schools",6:00AM,9:00PM,#N/A,#N/A,#N/A,#N/A,#N/A,#N/A,Administrative data
430,DR. JOSEFA JARA MARTINEZ HIGH SCHOOL,#N/A,#N/A,Tatalon,4,Schools,Public,High school,"Data_QC Caring Cities Tracker, QC Administrative Data - Public schools",#N/A,#N/A,121.0129829,14.6215385,#N/A,#N/A,#N/A,#N/A,Administrative data
445,"Eclaro Academy, Inc.","#7 North Zuzuarregui St. Comm. Ave., Brgy. Old Blara, QC","7 North Zuzuarregui Street Comm. Avenue, Barangay Old Blara, Quezon City, Philippines",Matandang Balara,3,Schools,Private,Preschool,"Data_QC Caring Cities Tracker, QC Administrative Data - Private schools",#N/A,#N/A,121.0782302,14.6696642,#N/A,#N/A,#N/A,#N/A,Administrative data
446,"Eclaro Academy, Inc.","#7 North Zuzuarregui St. Comm. Ave., Brgy. Old Blara, QC","7 North Zuzuarregui Street Comm. Avenue, Barangay Old Blara, Quezon City, Philippines",Matandang Balara,3,Schools,Private,Elementary school,"Data_QC Caring Cities Tracker, QC Administrative Data - Private schools",#N/A,#N/A,121.0782302,14.6696642,#N/A,#N/A,#N/A,#N/A,Administrative data
447,"Eclaro Academy, Inc.","Unit CC 3F L Regs 001, Ever Gotesco Building, Commonwealth, Brgy. Batasan Hills, Quezon City","Unit CC 3F L Regs 001, Ever Gotesco Building, Commonwealth, Barangay Batasan Hills, Quezon City, Philippines",Batasan Hills,2,Schools,Private,Elementary school,"Data_QC Caring Cities Tracker, QC Administrative Data - Private schools",#N/A,#N/A,121.0853515,14.6780956,#N/A,#N/A,#N/A,#N/A,Administrative data
448,"Eclaro Academy, Inc.","Unit CC 3F L Regs 001, Ever Gotesco Building, Commonwealth, Brgy. Batasan Hills, Quezon City","Unit CC 3F L Regs 001, Ever Gotesco Building, Commonwealth, Barangay Batasan Hills, Quezon City, Philippines",Batasan Hills,2,Schools,Private,Preschool,"Data_QC Caring Cities Tracker, QC Administrative Data - Private schools",#N/A,#N/A,121.0853515,14.6780956,#N/A,#N/A,#N/A,#N/A,Administrative data
449,"Eclaro Academy, Inc.","Unit CC 3F L Regs 001, Ever Gotesco Building, Commonwealth, Brgy. Batasan Hills, Quezon City","Unit CC 3F L Regs 001, Ever Gotesco Building, Commonwealth, Barangay Batasan Hills, Quezon City, Philippines",Batasan Hills,2,Schools,Private,Junior high school,"Data_QC Caring Cities Tracker, QC Administrative Data - Private schools",#N/A,#N/A,121.0853515,14.6780956,#N/A,#N/A,#N/A,#N/A,Administrative data
450,"Eclaro Academy, Inc.","Unit CC 3F L Regs 001, Ever Gotesco Building, Commonwealth, Brgy. Batasan Hills, Quezon City","Unit CC 3F L Regs 001, Ever Gotesco Building, Commonwealth, Barangay Batasan Hills, Quezon City, Philippines",Batasan Hills,2,Schools,Private,Senior high school,"Data_QC Caring Cities Tracker, QC Administrative Data - Private schools",#N/A,#N/A,121.0853515,14.6780956,#N/A,#N/A,#N/A,#N/A,Administrative data
451,Einstein School for Kids,"B68L30, Hermano Mayor St., Greater Lagro, Nova., QC","B68L30, Hermano Mayor Street, Greater Lagro, Nova., Quezon City, Philippines",Greater Lagro,5,Schools,Private,Preschool,"Data_QC Caring Cities Tracker, QC Administrative Data - Private schools",#N/A,#N/A,121.0709076,14.7309344,#N/A,#N/A,#N/A,#N/A,Administrative data
452,Einstein School for Kids,"B68L30, Hermano Mayor St., Greater Lagro, Nova., QC","B68L30, Hermano Mayor Street, Greater Lagro, Nova., Quezon City, Philippines",Greater Lagro,5,Schools,Private,Elementary school,"Data_QC Caring Cities Tracker, QC Administrative Data - Private schools",#N/A,#N/A,121.0709076,14.7309344,#N/A,#N/A,#N/A,#N/A,Administrative data
453,"ELUEL Shemea Christian Academy, Inc.","251 Mc. Arthur St., Area 1, Veterans Vill. Brgy. Pasong Tamo, QC","251 Mc. Arthur Street, Area 1, Veterans Village Barangay Pasong Tamo, Quezon City, Philippines",Pasong Tamo,6,Schools,Private,Junior high school,"Data_QC Caring Cities Tracker, QC Administrative Data - Private schools",#N/A,#N/A,121.0660038,14.677202,#N/A,#N/A,#N/A,#N/A,Administrative data
454,"ELUEL Shemea Christian Academy, Inc.","251 Mc. Arthur St., Area 1, Veterans Vill. Brgy. Pasong Tamo, QC","251 Mc. Arthur Street, Area 1, Veterans Village Barangay Pasong Tamo, Quezon City, Philippines",Pasong Tamo,6,Schools,Private,Preschool,"Data_QC Caring Cities Tracker, QC Administrative Data - Private schools",#N/A,#N/A,121.0660038,14.677202,#N/A,#N/A,#N/A,#N/A,Administrative data
455,"ELUEL Shemea Christian Academy, Inc.","251 Mc. Arthur St., Area 1, Veterans Vill. Brgy. Pasong Tamo, QC","251 Mc. Arthur Street, Area 1, Veterans Village Barangay Pasong Tamo, Quezon City, Philippines",Pasong Tamo,6,Schools,Private,Elementary school,"Data_QC Caring Cities Tracker, QC Administrative Data - Private schools",#N/A,#N/A,121.0660038,14.677202,#N/A,#N/A,#N/A,#N/A,Administrative data
456,Elyseum Christian School Inc.,"24 Road 23, Brgy. Bahay Toro, QC","24 Road 23, Barangay Bahay Toro, Quezon City, Philippines",Bahay Toro,1,Schools,Private,Junior high school,"Data_QC Caring Cities Tracker, QC Administrative Data - Private schools",#N/A,#N/A,121.0190047,14.6685151,#N/A,#N/A,#N/A,#N/A,Administrative data
457,Elyseum Christian School Inc.,"24 Road 23, Brgy. Bahay Toro, QC","24 Road 23, Barangay Bahay Toro, Quezon City, Philippines",Bahay Toro,1,Schools,Private,Preschool,"Data_QC Caring Cities Tracker, QC Administrative Data - Private schools",#N/A,#N/A,121.0190047,14.6685151,#N/A,#N/A,#N/A,#N/A,Administrative data
458,Elyseum Christian School Inc.,"24 Road 23, Brgy. Bahay Toro, QC","24 Road 23, Barangay Bahay Toro, Quezon City, Philippines",Bahay Toro,1,Schools,Private,Elementary school,"Data_QC Caring Cities Tracker, QC Administrative Data - Private schools",#N/A,#N/A,121.0190047,14.6685151,#N/A,#N/A,#N/A,#N/A,Administrative data
459,Emilio Jacinto National High School,#N/A,#N/A,Pasong Tamo,6,Schools,Public,High school,"Data_QC Caring Cities Tracker, QC Administrative Data - Public schools",#N/A,#N/A,121.0529972,14.6776021,#N/A,#N/A,#N/A,#N/A,Administrative data
464,"Ephesians Christian Academy of Quezon City, Inc.","D' Virs Bldg., No. 184-A Kapiligan St, Brgy. Dona Imelda, QC","D' Virs Building, 184-A Kapiligan St, Barangay Dona Imelda, Quezon City, Philippines",Doña Imelda,4,Schools,Private,Junior high school,"Data_QC Caring Cities Tracker, QC Administrative Data - Private schools",#N/A,#N/A,121.016575,14.61829,#N/A,#N/A,#N/A,#N/A,Administrative data
465,"Ephesians Christian Academy of Quezon City, Inc.","D' Virs Bldg., No. 184-A Kapiligan St, Brgy. Dona Imelda, QC","D' Virs Building, 184-A Kapiligan St, Barangay Dona Imelda, Quezon City, Philippines",Doña Imelda,4,Schools,Private,Preschool,"Data_QC Caring Cities Tracker, QC Administrative Data - Private schools",#N/A,#N/A,121.016575,14.61829,#N/A,#N/A,#N/A,#N/A,Administrative data
466,"Ephesians Christian Academy of Quezon City, Inc.","D' Virs Bldg., No. 184-A Kapiligan St, Brgy. Dona Imelda, QC","D' Virs Building, 184-A Kapiligan St, Barangay Dona Imelda, Quezon City, Philippines",Doña Imelda,4,Schools,Private,Elementary school,"Data_QC Caring Cities Tracker, QC Administrative Data - Private schools",#N/A,#N/A,121.016575,14.61829,#N/A,#N/A,#N/A,#N/A,Administrative data
467,Ernesto Rondon HS,#N/A,#N/A,Project 6,1,Schools,Public,High school,"Data_QC Caring Cities Tracker, QC Administrative Data - Public schools",#N/A,#N/A,121.0377083,14.6643597,#N/A,#N/A,#N/A,#N/A,Administrative data
472,"Escuela De Corazon of QC, Inc.","B2L6 Magsaysay Ave., Doña Faustina, Brgy San Bartolome, QC","B2L6 Magsaysay Avenue, Doña Faustina, Barangay San Bartolome, Quezon City, Philippines",San Bartolome,5,Schools,Private,Elementary school,"Data_QC Caring Cities Tracker, QC Administrative Data - Private schools",#N/A,#N/A,121.0281606,14.7104667,#N/A,#N/A,#N/A,#N/A,Administrative data
473,"Escuela De Corazon of QC, Inc.","B2L6 Magsaysay Ave., Doña Faustina, Brgy San Bartolome, QC","B2L6 Magsaysay Avenue, Doña Faustina, Barangay San Bartolome, Quezon City, Philippines",San Bartolome,5,Schools,Private,Junior high school,"Data_QC Caring Cities Tracker, QC Administrative Data - Private schools",#N/A,#N/A,121.0281606,14.7104667,#N/A,#N/A,#N/A,#N/A,Administrative data
474,"Escuela De Corazon of QC, Inc.","B2L6 Magsaysay Ave., Doña Faustina, Brgy San Bartolome, QC","B2L6 Magsaysay Avenue, Doña Faustina, Barangay San Bartolome, Quezon City, Philippines",San Bartolome,5,Schools,Private,Preschool,"Data_QC Caring Cities Tracker, QC Administrative Data - Private schools",#N/A,#N/A,121.0281606,14.7104667,#N/A,#N/A,#N/A,#N/A,Administrative data
475,"estar castle integrated school, inc.","1817-a, ecols, commonwealth, quezon city, ncr, 1121","1817-a, ecols, commonwealth, quezon city, ncr, 1121, Philippines",Commonwealth,2,Schools,Private,Private school,"QC Future Ready dashboard, Schools",8:00AM,5:00PM,121.074724,14.701015,#N/A,#N/A,#N/A,#N/A,Administrative data
476,"Estar Castle Integrated School, Inc.","L817, A. Ecols St. Don Fabian, Brgy. Comm. QC","L817, A. Ecols Street Don Fabian, Barangay Comm. Quezon City, Philippines",Commonwealth,2,Schools,Private,Preschool,"Data_QC Caring Cities Tracker, QC Administrative Data - Private schools",#N/A,#N/A,121.0834374,14.7009244,#N/A,#N/A,#N/A,#N/A,Administrative data
477,"Estar Castle Integrated School, Inc.","L817, A. Ecols St. Don Fabian, Brgy. Comm. QC","L817, A. Ecols Street Don Fabian, Barangay Comm. Quezon City, Philippines",Commonwealth,2,Schools,Private,Elementary school,"Data_QC Caring Cities Tracker, QC Administrative Data - Private schools",#N/A,#N/A,121.0834374,14.7009244,#N/A,#N/A,#N/A,#N/A,Administrative data
478,Esteban Abada ES,#N/A,#N/A,Veterans Village,1,Schools,Public,Elementary school,"Data_QC Caring Cities Tracker, QC Administrative Data - Public schools",#N/A,#N/A,121.0246532,14.65418,#N/A,#N/A,#N/A,#N/A,Administrative data
479,"Eugenio Lopez Jr. Center for Media Arts, Senior High School",#N/A,#N/A,Sacred Heart,4,Schools,Public,Senior high school,"Data_QC Caring Cities Tracker, QC Administrative Data - Public schools",#N/A,#N/A,121.0366586,14.6290784,#N/A,#N/A,#N/A,#N/A,Administrative data
480,"Eulogio Rodriguez, Jr. HS",#N/A,#N/A,E. Rodriguez,3,Schools,Public,High school,"Data_QC Caring Cities Tracker, QC Administrative Data - Public schools",#N/A,#N/A,120.9942441,14.6330534,#N/A,#N/A,#N/A,#N/A,Administrative data
481,"Eulogio Rodriguez, Sr. ES",#N/A,#N/A,E. Rodriguez,3,Schools,Public,Elementary school,"Data_QC Caring Cities Tracker, QC Administrative Data - Public schools",#N/A,#N/A,121.0540873,14.6298159,#N/A,#N/A,#N/A,#N/A,Administrative data
482,ezr learning institute inc.,"568, a. bonifacio street, bagong silangan, quezon city, ncr, 1119","568, a. bonifacio street, bagong silangan, quezon city, ncr, 1119, Philippines",Bagong Silangan,2,Schools,Private,Private school,"QC Future Ready dashboard, Schools",6:31AM,4:00PM,121.1109931,14.6973428,#N/A,#N/A,#N/A,#N/A,Administrative data
485,"Fairvew Baptist Academy, Inc","B2 L2 Windsor cor. Peacock Sts., Fairview, QC","B2 L2 Windsor corner Peacock Sts., Fairview, Quezon City, Philippines",Fairview,5,Schools,Private,Elementary school,"Data_QC Caring Cities Tracker, QC Administrative Data - Private schools",#N/A,#N/A,121.0758187,14.7037483,#N/A,#N/A,#N/A,#N/A,Administrative data
486,"Fairvew Baptist Academy, Inc","B2 L2 Windsor cor. Peacock Sts., Fairview, QC","B2 L2 Windsor corner Peacock Sts., Fairview, Quezon City, Philippines",Fairview,5,Schools,Private,Preschool,"Data_QC Caring Cities Tracker, QC Administrative Data - Private schools",#N/A,#N/A,121.0758187,14.7037483,#N/A,#N/A,#N/A,#N/A,Administrative data
487,"Fairvew Baptist Academy, Inc","B2 L2 Windsor cor. Peacock Sts., Fairview, QC","B2 L2 Windsor corner Peacock Sts., Fairview, Quezon City, Philippines",Fairview,5,Schools,Private,Junior high school,"Data_QC Caring Cities Tracker, QC Administrative Data - Private schools",#N/A,#N/A,121.0758187,14.7037483,#N/A,#N/A,#N/A,#N/A,Administrative data
488,"Fairvew Baptist Academy, Inc","B2 L2 Windsor cor. Peacock Sts., Fairview, QC","B2 L2 Windsor corner Peacock Sts., Fairview, Quezon City, Philippines",Fairview,5,Schools,Private,Senior high school,"Data_QC Caring Cities Tracker, QC Administrative Data - Private schools",#N/A,#N/A,121.0758187,14.7037483,#N/A,#N/A,#N/A,#N/A,Administrative data
490,Fairview ES,#N/A,#N/A,Fairview,5,Schools,Public,Elementary school,"Data_QC Caring Cities Tracker, QC Administrative Data - Public schools",#N/A,#N/A,121.0666966,14.7088518,#N/A,#N/A,#N/A,#N/A,Administrative data
491,Falcon Lrng. Ctr.,"25 Falcon St., Fairview Park, Subd. West Fairview, QC","25 Falcon Street, Fairview Park, Subdivision West Fairview, Quezon City, Philippines",Fairview,5,Schools,Private,Preschool,"Data_QC Caring Cities Tracker, QC Administrative Data - Private schools",#N/A,#N/A,121.0662273,14.7018028,#N/A,#N/A,#N/A,#N/A,Administrative data
492,Falcon Lrng. Ctr.,"25 Falcon St., Fairview Park, Subd. West Fairview, QC","25 Falcon Street, Fairview Park, Subdivision West Fairview, Quezon City, Philippines",Fairview,5,Schools,Private,Elementary school,"Data_QC Caring Cities Tracker, QC Administrative Data - Private schools",#N/A,#N/A,121.0662273,14.7018028,#N/A,#N/A,#N/A,#N/A,Administrative data
493,Family Mont. Preschool,"E. Abada St., Loyola Heights, QC","E. Abada Street, Loyola Heights, Quezon City, Philippines",Loyola Heights,3,Schools,Private,Preschool,"Data_QC Caring Cities Tracker, QC Administrative Data - Private schools",#N/A,#N/A,121.0729769,14.6380107,#N/A,#N/A,#N/A,#N/A,Administrative data
497,Fernando C. Amorsolo SHS,#N/A,#N/A,Kamuning,4,Schools,Public,Senior high school,"Data_QC Caring Cities Tracker, QC Administrative Data - Public schools",#N/A,#N/A,121.0441756,14.6286684,#N/A,#N/A,#N/A,#N/A,Administrative data
499,Fiore Del Carmelo School,"#6 Doña Lucia St., Doña Carmin Subd., Brgy. Comm., QC","6 Doña Lucia Street, Doña Carmin Subdivision, Barangay Comm., Quezon City, Philippines",Commonwealth,2,Schools,Private,Preschool,"Data_QC Caring Cities Tracker, QC Administrative Data - Private schools",#N/A,#N/A,121.0840856,14.7077839,#N/A,#N/A,#N/A,#N/A,Administrative data
500,Fiore Del Carmelo School,"#6 Doña Lucia St., Doña Carmin Subd., Brgy. Comm., QC","6 Doña Lucia Street, Doña Carmin Subdivision, Barangay Comm., Quezon City, Philippines",Commonwealth,2,Schools,Private,Elementary school,"Data_QC Caring Cities Tracker, QC Administrative Data - Private schools",#N/A,#N/A,121.0840856,14.7077839,#N/A,#N/A,#N/A,#N/A,Administrative data
501,Fiore Del Carmelo School,"#6 Doña Lucia St., Doña Carmin Subd., Brgy. Comm., QC","6 Doña Lucia Street, Doña Carmin Subdivision, Barangay Comm., Quezon City, Philippines",Commonwealth,2,Schools,Private,Junior high school,"Data_QC Caring Cities Tracker, QC Administrative Data - Private schools",#N/A,#N/A,121.0840856,14.7077839,#N/A,#N/A,#N/A,#N/A,Administrative data
502,Fiore Del Carmelo School,"#6 Doña Lucia St., Doña Carmin Subd., Brgy. Comm., QC","6 Doña Lucia Street, Doña Carmin Subdivision, Barangay Comm., Quezon City, Philippines",Commonwealth,2,Schools,Private,Senior high school,"Data_QC Caring Cities Tracker, QC Administrative Data - Private schools",#N/A,#N/A,121.0840856,14.7077839,#N/A,#N/A,#N/A,#N/A,Administrative data
503,First Mile Christian School,"Peseta Corner Riyal St., Phase 8, North Fairview, QC","Peseta Corner Riyal Street, Phase 8, North Fairview, Quezon City, Philippines",Fairview,5,Schools,Private,Preschool,"Data_QC Caring Cities Tracker, QC Administrative Data - Private schools",#N/A,#N/A,#N/A,#N/A,#N/A,#N/A,#N/A,#N/A,Administrative data
504,First Mile Christian School,"Peseta Corner Riyal St., Phase 8, North Fairview, QC","Peseta Corner Riyal Street, Phase 8, North Fairview, Quezon City, Philippines",Fairview,5,Schools,Private,Elementary school,"Data_QC Caring Cities Tracker, QC Administrative Data - Private schools",#N/A,#N/A,#N/A,#N/A,#N/A,#N/A,#N/A,#N/A,Administrative data
505,First Mile Christian School,"Peseta Corner Riyal St., Phase 8, North Fairview, QC","Peseta Corner Riyal Street, Phase 8, North Fairview, Quezon City, Philippines",Fairview,5,Schools,Private,Junior high school,"Data_QC Caring Cities Tracker, QC Administrative Data - Private schools",#N/A,#N/A,#N/A,#N/A,#N/A,#N/A,#N/A,#N/A,Administrative data
506,first mile christian school of life in the light christian fellowship,"385, l1, riyal st. cor peseta st., north fairview, quezon city, ncr, 1121","385, l1, riyal Street corner peseta Street, north fairview, quezon city, ncr, 1121, Philippines",North Fairview,5,Schools,Private,Private school,"QC Future Ready dashboard, Schools",8:00AM,6:00PM,121.0586926,14.7107374,#N/A,#N/A,#N/A,#N/A,Administrative data
508,"Flor De Grace School, Inc.","#74-A Gold St., Commonwealth, QC","74-A Gold Street, Commonwealth, Quezon City, Philippines",Commonwealth,2,Schools,Private,Preschool,"Data_QC Caring Cities Tracker, QC Administrative Data - Private schools",#N/A,#N/A,121.0813792,14.6971031,#N/A,#N/A,#N/A,#N/A,Administrative data
509,Flora A. Ylagan HS,#N/A,#N/A,Pinyahan,4,Schools,Public,High school,"Data_QC Caring Cities Tracker, QC Administrative Data - Public schools",#N/A,#N/A,121.047376,14.636178,#N/A,#N/A,#N/A,#N/A,Administrative data
512,"Foothills Christian School, Inc.","Resolution Rd., Area C, Talanay, Batasan Hills, QC","Resolution Road, Area C, Talanay, Batasan Hills, Quezon City, Philippines",Batasan Hills,2,Schools,Private,Preschool,"Data_QC Caring Cities Tracker, QC Administrative Data - Private schools",#N/A,#N/A,121.0988982,14.6826438,#N/A,#N/A,#N/A,#N/A,Administrative data
513,Footsteps Learning Center,"81 Molave St., Brgy. Duyan-Duyan, Proj.3, QC","81 Molave Street, Barangay Duyan-Duyan, Proj.3, Quezon City, Philippines",Duyan-duyan,3,Schools,Private,Elementary school,"Data_QC Caring Cities Tracker, QC Administrative Data - Private schools",#N/A,#N/A,121.0672633,14.6295069,#N/A,#N/A,#N/A,#N/A,Administrative data
514,Footsteps Learning Center,"81 Molave St., Brgy. Duyan-Duyan, Proj.3, QC","81 Molave Street, Barangay Duyan-Duyan, Proj.3, Quezon City, Philippines",Duyan-duyan,3,Schools,Private,Preschool,"Data_QC Caring Cities Tracker, QC Administrative Data - Private schools",#N/A,#N/A,121.0672633,14.6295069,#N/A,#N/A,#N/A,#N/A,Administrative data
517,Fort Aguinaldo ES,#N/A,#N/A,Camp Aguinaldo,3,Schools,Public,Elementary school,"Data_QC Caring Cities Tracker, QC Administrative Data - Public schools",#N/A,#N/A,121.0619947,14.6012214,#N/A,#N/A,#N/A,#N/A,Administrative data
518,Fourthwatch Maranatha Christian Academy of Quezon City Inc.,"59-A Dangay St., Veterans Village, Proj. 7, QC","59-A Dangay Street, Veterans Village, Proj. 7, Quezon City, Philippines",Veterans Village,1,Schools,Private,Preschool,"Data_QC Caring Cities Tracker, QC Administrative Data - Private schools",#N/A,#N/A,121.023126,14.65608,#N/A,#N/A,#N/A,#N/A,Administrative data
519,Fourthwatch Maranatha Christian Academy of Quezon City Inc.,"59-A Dangay St., Veterans Village, Proj. 7, QC","59-A Dangay Street, Veterans Village, Proj. 7, Quezon City, Philippines",Veterans Village,1,Schools,Private,Elementary school,"Data_QC Caring Cities Tracker, QC Administrative Data - Private schools",#N/A,#N/A,121.023126,14.65608,#N/A,#N/A,#N/A,#N/A,Administrative data
523,Fremont Learning Center,"20 Matino St., Brgy. Pinyahan, Diliman, QC","20 Matino Street, Barangay Pinyahan, Diliman, Quezon City, Philippines",Pinyahan,4,Schools,Private,Preschool,"Data_QC Caring Cities Tracker, QC Administrative Data - Private schools",#N/A,#N/A,#N/A,#N/A,#N/A,#N/A,#N/A,#N/A,Administrative data
524,Fremont Learning Center,"20 Matino St., Brgy. Pinyahan, Diliman, QC","20 Matino Street, Barangay Pinyahan, Diliman, Quezon City, Philippines",Pinyahan,4,Schools,Private,Elementary school,"Data_QC Caring Cities Tracker, QC Administrative Data - Private schools",#N/A,#N/A,#N/A,#N/A,#N/A,#N/A,#N/A,#N/A,Administrative data
526,"Gardner College Diliman, Inc.","#29 Archipelago Building, North Avenue, Diliman, Quezon City","29 Archipelago Building, North Avenue, Diliman, Quezon City, Philippines",#N/A,1,Schools,Private,Senior high school,"Data_QC Caring Cities Tracker, QC Administrative Data - Private schools",#N/A,#N/A,121.0394974,14.6536633,#N/A,#N/A,#N/A,#N/A,Administrative data
527,Gateways Institute of Science & Technology,"2nd Herminia Bldg, Brgy Greater Fairview, Comm. QC","2nd Herminia Bldg, Barangay Greater Fairview, Comm. Quezon City, Philippines",Fairview,5,Schools,Private,Senior high school,"Data_QC Caring Cities Tracker, QC Administrative Data - Private schools",#N/A,#N/A,#N/A,#N/A,#N/A,#N/A,#N/A,#N/A,Administrative data
533,General Roxas Elementary School,#N/A,#N/A,Roxas,4,Schools,Public,Elementary school,"Data_QC Caring Cities Tracker, QC Administrative Data - Public schools",#N/A,#N/A,121.0222214,14.6277548,#N/A,#N/A,#N/A,#N/A,Administrative data
535,"Gideon School of Quezon City, Inc.","47 Veterans Ave., Holy Spirit, QC","47 Veterans Avenue, Holy Spirit, Quezon City, Philippines",Holy Spirit,2,Schools,Private,Preschool,"Data_QC Caring Cities Tracker, QC Administrative Data - Private schools",#N/A,#N/A,121.0737987,14.6850838,#N/A,#N/A,#N/A,#N/A,Administrative data
536,"Gideon School of Quezon City, Inc.","47 Veterans Ave., Holy Spirit, QC","47 Veterans Avenue, Holy Spirit, Quezon City, Philippines",Holy Spirit,2,Schools,Private,Elementary school,"Data_QC Caring Cities Tracker, QC Administrative Data - Private schools",#N/A,#N/A,121.0737987,14.6850838,#N/A,#N/A,#N/A,#N/A,Administrative data
537,Giovanni Battista Leonardi School,"28 A. Paltok St., Brgy. Pansol Diliman, QC","28 A. Paltok Street, Barangay Pansol Diliman, Quezon City, Philippines",Paltok,1,Schools,Private,Junior high school,"Data_QC Caring Cities Tracker, QC Administrative Data - Private schools",#N/A,#N/A,#N/A,#N/A,#N/A,#N/A,#N/A,#N/A,Administrative data
538,Giovanni Battista Leonardi School,"28 A. Paltok St., Brgy. Pansol Diliman, QC","28 A. Paltok Street, Barangay Pansol Diliman, Quezon City, Philippines",Paltok,1,Schools,Private,Preschool,"Data_QC Caring Cities Tracker, QC Administrative Data - Private schools",#N/A,#N/A,#N/A,#N/A,#N/A,#N/A,#N/A,#N/A,Administrative data
539,Giovanni Battista Leonardi School,"28 A. Paltok St., Brgy. Pansol Diliman, QC","28 A. Paltok Street, Barangay Pansol Diliman, Quezon City, Philippines",Paltok,1,Schools,Private,Elementary school,"Data_QC Caring Cities Tracker, QC Administrative Data - Private schools",#N/A,#N/A,#N/A,#N/A,#N/A,#N/A,#N/A,#N/A,Administrative data
540,Glendale School,"69 Shorthorn St., Brgy. Bahay Toro, Proj. 8, Quezon City","69 Shorthorn Street, Barangay Bahay Toro, Proj. 8, Quezon City, Philippines",Bahay Toro,1,Schools,Private,Preschool,"Data_QC Caring Cities Tracker, QC Administrative Data - Private schools",#N/A,#N/A,121.0199084,14.6688658,#N/A,#N/A,#N/A,#N/A,Administrative data
541,Glendale School,"69 Shorthorn St., Brgy. Bahay Toro, Proj. 8, Quezon City","69 Shorthorn Street, Barangay Bahay Toro, Proj. 8, Quezon City, Philippines",Bahay Toro,1,Schools,Private,Elementary school,"Data_QC Caring Cities Tracker, QC Administrative Data - Private schools",#N/A,#N/A,121.0199084,14.6688658,#N/A,#N/A,#N/A,#N/A,Administrative data
542,Glendale School,"69 Shorthorn St., Brgy. Bahay Toro, Proj. 8, Quezon City","69 Shorthorn Street, Barangay Bahay Toro, Proj. 8, Quezon City, Philippines",Bahay Toro,1,Schools,Private,Junior high school,"Data_QC Caring Cities Tracker, QC Administrative Data - Private schools",#N/A,#N/A,121.0199084,14.6688658,#N/A,#N/A,#N/A,#N/A,Administrative data
543,Glendale School,"69 Shorthorn St., Brgy. Bahay Toro, Proj. 8, Quezon City","69 Shorthorn Street, Barangay Bahay Toro, Proj. 8, Quezon City, Philippines",Bahay Toro,1,Schools,Private,Senior high school,"Data_QC Caring Cities Tracker, QC Administrative Data - Private schools",#N/A,#N/A,121.0199084,14.6688658,#N/A,#N/A,#N/A,#N/A,Administrative data
544,Global Minds Academy of the Philipiines -,"602 G. Araneta Ave., Tatalon, QC","602 G. Araneta Avenue, Tatalon, Quezon City, Philippines",Tatalon,4,Schools,Private,Junior high school,"Data_QC Caring Cities Tracker, QC Administrative Data - Private schools",#N/A,#N/A,121.015339,14.62052,#N/A,#N/A,#N/A,#N/A,Administrative data
545,Global Minds Academy of the Philipiines -,"602 G. Araneta Ave., Tatalon, QC","602 G. Araneta Avenue, Tatalon, Quezon City, Philippines",Tatalon,4,Schools,Private,Elementary school,"Data_QC Caring Cities Tracker, QC Administrative Data - Private schools",#N/A,#N/A,121.015339,14.62052,#N/A,#N/A,#N/A,#N/A,Administrative data
546,Global Minds Academy of the Philipiines -,"602 G. Araneta Ave., Tatalon, QC","602 G. Araneta Avenue, Tatalon, Quezon City, Philippines",Tatalon,4,Schools,Private,Senior high school,"Data_QC Caring Cities Tracker, QC Administrative Data - Private schools",#N/A,#N/A,121.015339,14.62052,#N/A,#N/A,#N/A,#N/A,Administrative data
547,Global Minds Academy of the Philipiines -,"602 G. Araneta Ave., Tatalon, QC","602 G. Araneta Avenue, Tatalon, Quezon City, Philippines",Tatalon,4,Schools,Private,Preschool,"Data_QC Caring Cities Tracker, QC Administrative Data - Private schools",#N/A,#N/A,121.015339,14.62052,#N/A,#N/A,#N/A,#N/A,Administrative data
551,Golden Lamp School of QC,"082 Gold St., Brgy. Commonwealth, Q.C.","082 Gold Street, Barangay Commonwealth, Quezon City, Philippines",Commonwealth,2,Schools,Private,Preschool,"Data_QC Caring Cities Tracker, QC Administrative Data - Private schools",#N/A,#N/A,121.0815617,14.6967415,#N/A,#N/A,#N/A,#N/A,Administrative data
552,Golden Lamp School of QC,"082 Gold St., Brgy. Commonwealth, Q.C.","082 Gold Street, Barangay Commonwealth, Quezon City, Philippines",Commonwealth,2,Schools,Private,Elementary school,"Data_QC Caring Cities Tracker, QC Administrative Data - Private schools",#N/A,#N/A,121.0815617,14.6967415,#N/A,#N/A,#N/A,#N/A,Administrative data
553,Golden Lamp School of QC,"082 Gold St., Brgy. Commonwealth, Q.C.","082 Gold Street, Barangay Commonwealth, Quezon City, Philippines",Commonwealth,2,Schools,Private,Junior high school,"Data_QC Caring Cities Tracker, QC Administrative Data - Private schools",#N/A,#N/A,121.0815617,14.6967415,#N/A,#N/A,#N/A,#N/A,Administrative data
554,Golden Link College Foundation,"1 Iba Corner P. Florentino St. Brgy. Sta. Teresita, QC","1 Iba Corner P. Florentino Street Barangay Sta. Teresita, Quezon City, Philippines",Sta. Teresita,1,Schools,Private,Preschool,"Data_QC Caring Cities Tracker, QC Administrative Data - Private schools",#N/A,#N/A,121.0033518,14.619881,#N/A,#N/A,#N/A,#N/A,Administrative data
555,Golden Link College Foundation,"1 Iba Corner P. Florentino St. Brgy. Sta. Teresita, QC","1 Iba Corner P. Florentino Street Barangay Sta. Teresita, Quezon City, Philippines",Sta. Teresita,1,Schools,Private,Elementary school,"Data_QC Caring Cities Tracker, QC Administrative Data - Private schools",#N/A,#N/A,121.0033518,14.619881,#N/A,#N/A,#N/A,#N/A,Administrative data
556,Golden Link College Foundation,"1 Iba Corner P. Florentino St. Brgy. Sta. Teresita, QC","1 Iba Corner P. Florentino Street Barangay Sta. Teresita, Quezon City, Philippines",Sta. Teresita,1,Schools,Private,Senior high school,"Data_QC Caring Cities Tracker, QC Administrative Data - Private schools",#N/A,#N/A,121.0033518,14.619881,#N/A,#N/A,#N/A,#N/A,Administrative data
557,Golden Link College Foundation,"1 Iba Corner P. Florentino St. Brgy. Sta. Teresita, QC","1 Iba Corner P. Florentino Street Barangay Sta. Teresita, Quezon City, Philippines",Sta. Teresita,1,Schools,Private,Junior high school,"Data_QC Caring Cities Tracker, QC Administrative Data - Private schools",#N/A,#N/A,121.0033518,14.619881,#N/A,#N/A,#N/A,#N/A,Administrative data
558,Golden Rock Preparatory School,"Mango St., Brgy. Commonwealth, Quezon City","Mango Street, Barangay Commonwealth, Quezon City, Philippines",Commonwealth,2,Schools,Private,Preschool,"Data_QC Caring Cities Tracker, QC Administrative Data - Private schools",#N/A,#N/A,#N/A,#N/A,#N/A,#N/A,#N/A,#N/A,Administrative data
559,Golden Rock Preparatory School,"Mango St., Brgy. Commonwealth, Quezon City","Mango Street, Barangay Commonwealth, Quezon City, Philippines",Commonwealth,2,Schools,Private,Elementary school,"Data_QC Caring Cities Tracker, QC Administrative Data - Private schools",#N/A,#N/A,#N/A,#N/A,#N/A,#N/A,#N/A,#N/A,Administrative data
561,Golden Valley Academy,"61 Joyville Subd., Brgy. San Agustin, Nova., QC","61 Joyville Subdivision, Barangay San Agustin, Nova., Quezon City, Philippines",San Agustin,5,Schools,Private,Senior high school,"Data_QC Caring Cities Tracker, QC Administrative Data - Private schools",#N/A,#N/A,121.0342767,14.7343263,#N/A,#N/A,#N/A,#N/A,Administrative data
562,Golden Valley Academy,"61 Joyville Subd., Brgy. San Agustin, Nova., QC","61 Joyville Subdivision, Barangay San Agustin, Nova., Quezon City, Philippines",San Agustin,5,Schools,Private,Junior high school,"Data_QC Caring Cities Tracker, QC Administrative Data - Private schools",#N/A,#N/A,121.0342767,14.7343263,#N/A,#N/A,#N/A,#N/A,Administrative data
563,Golden Valley Academy,"61 Joyville Subd., Brgy. San Agustin, Nova., QC","61 Joyville Subdivision, Barangay San Agustin, Nova., Quezon City, Philippines",San Agustin,5,Schools,Private,Preschool,"Data_QC Caring Cities Tracker, QC Administrative Data - Private schools",#N/A,#N/A,121.0342767,14.7343263,#N/A,#N/A,#N/A,#N/A,Administrative data
564,Golden Valley Academy,"61 Joyville Subd., Brgy. San Agustin, Nova., QC","61 Joyville Subdivision, Barangay San Agustin, Nova., Quezon City, Philippines",San Agustin,5,Schools,Private,Elementary school,"Data_QC Caring Cities Tracker, QC Administrative Data - Private schools",#N/A,#N/A,121.0342767,14.7343263,#N/A,#N/A,#N/A,#N/A,Administrative data
565,"Golden Values School, Inc","1030 F Salvador Ave., Brgy. Sta. Monica., Nova., QC","1030 F Salvador Avenue, Barangay Sta. Monica., Nova., Quezon City, Philippines",Sta. Monica,5,Schools,Private,Junior high school,"Data_QC Caring Cities Tracker, QC Administrative Data - Private schools",#N/A,#N/A,121.0445766,14.7242068,#N/A,#N/A,#N/A,#N/A,Administrative data
566,"Golden Values School, Inc","1030 F Salvador Ave., Brgy. Sta. Monica., Nova., QC","1030 F Salvador Avenue, Barangay Sta. Monica., Nova., Quezon City, Philippines",Sta. Monica,5,Schools,Private,Elementary school,"Data_QC Caring Cities Tracker, QC Administrative Data - Private schools",#N/A,#N/A,121.0445766,14.7242068,#N/A,#N/A,#N/A,#N/A,Administrative data
567,"Golden Values School, Inc","1030 F Salvador Ave., Brgy. Sta. Monica., Nova., QC","1030 F Salvador Avenue, Barangay Sta. Monica., Nova., Quezon City, Philippines",Sta. Monica,5,Schools,Private,Senior high school,"Data_QC Caring Cities Tracker, QC Administrative Data - Private schools",#N/A,#N/A,121.0445766,14.7242068,#N/A,#N/A,#N/A,#N/A,Administrative data
568,"Golden Values School, Inc","1030 F Salvador Ave., Brgy. Sta. Monica., Nova., QC","1030 F Salvador Avenue, Barangay Sta. Monica., Nova., Quezon City, Philippines",Sta. Monica,5,Schools,Private,Preschool,"Data_QC Caring Cities Tracker, QC Administrative Data - Private schools",#N/A,#N/A,121.0445766,14.7242068,#N/A,#N/A,#N/A,#N/A,Administrative data
569,Golden Vineyard School,"San Vicente St., UCCP Compd., Filinvest II, Brgy. Bagong Silangan, QC","San Vicente Street, UCCP Compd., Filinvest II, Barangay Bagong Silangan, Quezon City, Philippines",Bagong Silangan,2,Schools,Private,Elementary school,"Data_QC Caring Cities Tracker, QC Administrative Data - Private schools",#N/A,#N/A,121.1035335,14.7023984,#N/A,#N/A,#N/A,#N/A,Administrative data
570,Golden Vineyard School,"San Vicente St., UCCP Compd., Filinvest II, Brgy. Bagong Silangan, QC","San Vicente Street, UCCP Compd., Filinvest II, Barangay Bagong Silangan, Quezon City, Philippines",Bagong Silangan,2,Schools,Private,Preschool,"Data_QC Caring Cities Tracker, QC Administrative Data - Private schools",#N/A,#N/A,121.1035335,14.7023984,#N/A,#N/A,#N/A,#N/A,Administrative data
571,Golden Vineyard School,"San Vicente St., UCCP Compd., Filinvest II, Brgy. Bagong Silangan, QC","San Vicente Street, UCCP Compd., Filinvest II, Barangay Bagong Silangan, Quezon City, Philippines",Bagong Silangan,2,Schools,Private,Junior high school,"Data_QC Caring Cities Tracker, QC Administrative Data - Private schools",#N/A,#N/A,121.1035335,14.7023984,#N/A,#N/A,#N/A,#N/A,Administrative data
574,Good Samaritan Christian School,"915 Quezon Ave., brgy. Sta. Cruz, Q.C.","915 Quezon Avenue, Barangay Sta. Cruz, Quezon City, Philippines",Sta. Cruz,1,Schools,Private,Preschool,"Data_QC Caring Cities Tracker, QC Administrative Data - Private schools",#N/A,#N/A,121.0173164,14.6319869,#N/A,#N/A,#N/A,#N/A,Administrative data
575,Good Samaritan Christian School,"915 Quezon Ave., brgy. Sta. Cruz, Q.C.","915 Quezon Avenue, Barangay Sta. Cruz, Quezon City, Philippines",Sta. Cruz,1,Schools,Private,Special Education Program,"Data_QC Caring Cities Tracker, QC Administrative Data - Private schools",#N/A,#N/A,121.0173164,14.6319869,#N/A,#N/A,#N/A,#N/A,Administrative data
576,Good Samaritan Christian School,"915 Quezon Ave., brgy. Sta. Cruz, Q.C.","915 Quezon Avenue, Barangay Sta. Cruz, Quezon City, Philippines",Sta. Cruz,1,Schools,Private,Elementary school,"Data_QC Caring Cities Tracker, QC Administrative Data - Private schools",#N/A,#N/A,121.0173164,14.6319869,#N/A,#N/A,#N/A,#N/A,Administrative data
577,Good Shepherd Cathedral School,"Omega Ave., Dor. Rado St., Fairview Subd., QC","Omega Avenue, Dor. Rado Street, Fairview Subdivision, Quezon City, Philippines",Fairview,5,Schools,Private,Junior high school,"Data_QC Caring Cities Tracker, QC Administrative Data - Private schools",#N/A,#N/A,121.0652889,14.6971485,#N/A,#N/A,#N/A,#N/A,Administrative data
578,Good Shepherd Cathedral School,"Omega Ave., Dor. Rado St., Fairview Subd., QC","Omega Avenue, Dor. Rado Street, Fairview Subdivision, Quezon City, Philippines",Fairview,5,Schools,Private,Preschool,"Data_QC Caring Cities Tracker, QC Administrative Data - Private schools",#N/A,#N/A,121.0652889,14.6971485,#N/A,#N/A,#N/A,#N/A,Administrative data
579,Good Shepherd Cathedral School,"Omega Ave., Dor. Rado St., Fairview Subd., QC","Omega Avenue, Dor. Rado Street, Fairview Subdivision, Quezon City, Philippines",Fairview,5,Schools,Private,Elementary school,"Data_QC Caring Cities Tracker, QC Administrative Data - Private schools",#N/A,#N/A,121.0652889,14.6971485,#N/A,#N/A,#N/A,#N/A,Administrative data
580,Good Shepherd Cathedral School,"Omega Ave., Dor. Rado St., Fairview Subd., QC","Omega Avenue, Dor. Rado Street, Fairview Subdivision, Quezon City, Philippines",Fairview,5,Schools,Private,Senior high school,"Data_QC Caring Cities Tracker, QC Administrative Data - Private schools",#N/A,#N/A,121.0652889,14.6971485,#N/A,#N/A,#N/A,#N/A,Administrative data
581,"Goodstart Educational Ctr., Inc.","7 Dumaguete, Phil-Am Life Homes, QC","7 Dumaguete, Phil-Am Life Homes, Quezon City, Philippines",Phil-Am,1,Schools,Private,Preschool,"Data_QC Caring Cities Tracker, QC Administrative Data - Private schools",#N/A,#N/A,121.0315761,14.6511534,#N/A,#N/A,#N/A,#N/A,Administrative data
582,"Goodwill Academy, Inc.","B1, Goodwill Homes I, Nova., QC","B1, Goodwill Homes I, Nova., Quezon City, Philippines",Novaliches Proper,5,Schools,Private,Preschool,"Data_QC Caring Cities Tracker, QC Administrative Data - Private schools",#N/A,#N/A,#N/A,#N/A,#N/A,#N/A,#N/A,#N/A,Administrative data
583,"Goodwill Academy, Inc.","B1, Goodwill Homes I, Nova., QC","B1, Goodwill Homes I, Nova., Quezon City, Philippines",Novaliches Proper,5,Schools,Private,Elementary school,"Data_QC Caring Cities Tracker, QC Administrative Data - Private schools",#N/A,#N/A,#N/A,#N/A,#N/A,#N/A,#N/A,#N/A,Administrative data
584,"Goodwill Academy, Inc.","B1, Goodwill Homes I, Nova., QC","B1, Goodwill Homes I, Nova., Quezon City, Philippines",Novaliches Proper,5,Schools,Private,Junior high school,"Data_QC Caring Cities Tracker, QC Administrative Data - Private schools",#N/A,#N/A,#N/A,#N/A,#N/A,#N/A,#N/A,#N/A,Administrative data
585,Goodwill ES,#N/A,#N/A,Bagbag,5,Schools,Public,Elementary school,"Data_QC Caring Cities Tracker, QC Administrative Data - Public schools",#N/A,#N/A,121.027984,14.696656,#N/A,#N/A,#N/A,#N/A,Administrative data
587,Gospel Christian School Inc. (GCSI),"Area 9, Luzon Ave., Brgy. Pasong Tamo, QC","Area 9, Luzon Avenue, Barangay Pasong Tamo, Quezon City, Philippines",Pasong Tamo,6,Schools,Private,Preschool,"Data_QC Caring Cities Tracker, QC Administrative Data - Private schools",#N/A,#N/A,121.069113,14.675381,#N/A,#N/A,#N/A,#N/A,Administrative data
588,Gospel Christian School Inc. (GCSI),"Area 9, Luzon Ave., Brgy. Pasong Tamo, QC","Area 9, Luzon Avenue, Barangay Pasong Tamo, Quezon City, Philippines",Pasong Tamo,6,Schools,Private,Senior high school,"Data_QC Caring Cities Tracker, QC Administrative Data - Private schools",#N/A,#N/A,121.069113,14.675381,#N/A,#N/A,#N/A,#N/A,Administrative data
589,Gospel Christian School Inc. (GCSI),"Area 9, Luzon Ave., Brgy. Pasong Tamo, QC","Area 9, Luzon Avenue, Barangay Pasong Tamo, Quezon City, Philippines",Pasong Tamo,6,Schools,Private,Elementary school,"Data_QC Caring Cities Tracker, QC Administrative Data - Private schools",#N/A,#N/A,121.069113,14.675381,#N/A,#N/A,#N/A,#N/A,Administrative data
590,Gospel Christian School Inc. (GCSI),"Area 9, Luzon Ave., Brgy. Pasong Tamo, QC","Area 9, Luzon Avenue, Barangay Pasong Tamo, Quezon City, Philippines",Pasong Tamo,6,Schools,Private,Junior high school,"Data_QC Caring Cities Tracker, QC Administrative Data - Private schools",#N/A,#N/A,121.069113,14.675381,#N/A,#N/A,#N/A,#N/A,Administrative data
591,"Gospel Light Christian Academy of Quezon City, Inc.","23 Matahimik cor. V. Luna Rd., Brgy. Malaya, QC","23 Matahimik corner V. Luna Road, Barangay Malaya, Quezon City, Philippines",Malaya,4,Schools,Private,Preschool,"Data_QC Caring Cities Tracker, QC Administrative Data - Private schools",#N/A,#N/A,121.0553214,14.6364906,#N/A,#N/A,#N/A,#N/A,Administrative data
592,"Gospel Light Christian Academy of Quezon City, Inc.","23 Matahimik cor. V. Luna Rd., Brgy. Malaya, QC","23 Matahimik corner V. Luna Road, Barangay Malaya, Quezon City, Philippines",Malaya,4,Schools,Private,Elementary school,"Data_QC Caring Cities Tracker, QC Administrative Data - Private schools",#N/A,#N/A,121.0553214,14.6364906,#N/A,#N/A,#N/A,#N/A,Administrative data
593,"Gospel Light Christian Academy of Quezon City, Inc.","23 Matahimik cor. V. Luna Rd., Brgy. Malaya, QC","23 Matahimik corner V. Luna Road, Barangay Malaya, Quezon City, Philippines",Malaya,4,Schools,Private,Junior high school,"Data_QC Caring Cities Tracker, QC Administrative Data - Private schools",#N/A,#N/A,121.0553214,14.6364906,#N/A,#N/A,#N/A,#N/A,Administrative data
595,Grace and Favor Christian School Inc. (Frmrly: King Solomon Christian School International),"#662 G. Araneta Ave., Brgy. Tatalon, Quezon City","662 G. Araneta Avenue, Barangay Tatalon, Quezon City, Philippines",Tatalon,4,Schools,Private,Junior high school,"Data_QC Caring Cities Tracker, QC Administrative Data - Private schools",#N/A,#N/A,121.014693,14.627284,#N/A,#N/A,#N/A,#N/A,Administrative data
596,Grace and Favor Christian School Inc. (Frmrly: King Solomon Christian School International),"#662 G. Araneta Ave., Brgy. Tatalon, Quezon City","662 G. Araneta Avenue, Barangay Tatalon, Quezon City, Philippines",Tatalon,4,Schools,Private,Senior high school,"Data_QC Caring Cities Tracker, QC Administrative Data - Private schools",#N/A,#N/A,121.014693,14.627284,#N/A,#N/A,#N/A,#N/A,Administrative data
597,Grace and Favor Christian School Inc. (Frmrly: King Solomon Christian School International),"#662 G. Araneta Ave., Brgy. Tatalon, Quezon City","662 G. Araneta Avenue, Barangay Tatalon, Quezon City, Philippines",Tatalon,4,Schools,Private,Preschool,"Data_QC Caring Cities Tracker, QC Administrative Data - Private schools",#N/A,#N/A,121.014693,14.627284,#N/A,#N/A,#N/A,#N/A,Administrative data
598,Grace and Favor Christian School Inc. (Frmrly: King Solomon Christian School International),"#662 G. Araneta Ave., Brgy. Tatalon, Quezon City","662 G. Araneta Avenue, Barangay Tatalon, Quezon City, Philippines",Tatalon,4,Schools,Private,Elementary school,"Data_QC Caring Cities Tracker, QC Administrative Data - Private schools",#N/A,#N/A,121.014693,14.627284,#N/A,#N/A,#N/A,#N/A,Administrative data
599,Grace Christian College,"Sto Domingo St., Brgy. A. Samson, Grace Vill., QC","Sto Domingo Street, Barangay A. Samson, Grace Village, Quezon City, Philippines",Sto. Domingo (Matalahib),1,Schools,Private,Junior high school,"Data_QC Caring Cities Tracker, QC Administrative Data - Private schools",#N/A,#N/A,#N/A,#N/A,#N/A,#N/A,#N/A,#N/A,Administrative data
600,Grace Christian College,"Sto Domingo St., Brgy. A. Samson, Grace Vill., QC","Sto Domingo Street, Barangay A. Samson, Grace Village, Quezon City, Philippines",Sto. Domingo (Matalahib),1,Schools,Private,Preschool,"Data_QC Caring Cities Tracker, QC Administrative Data - Private schools",#N/A,#N/A,#N/A,#N/A,#N/A,#N/A,#N/A,#N/A,Administrative data
601,Grace Christian College,"Sto Domingo St., Brgy. A. Samson, Grace Vill., QC","Sto Domingo Street, Barangay A. Samson, Grace Village, Quezon City, Philippines",Sto. Domingo (Matalahib),1,Schools,Private,Elementary school,"Data_QC Caring Cities Tracker, QC Administrative Data - Private schools",#N/A,#N/A,#N/A,#N/A,#N/A,#N/A,#N/A,#N/A,Administrative data
602,Grace Christian College,"Sto Domingo St., Brgy. A. Samson, Grace Vill., QC","Sto Domingo Street, Barangay A. Samson, Grace Village, Quezon City, Philippines",Sto. Domingo (Matalahib),1,Schools,Private,Senior high school,"Data_QC Caring Cities Tracker, QC Administrative Data - Private schools",#N/A,#N/A,#N/A,#N/A,#N/A,#N/A,#N/A,#N/A,Administrative data
603,Grace Flous School - Main,"103 Katuparan St., Brgy. Comm., QC","103 Katuparan Street, Barangay Comm., Quezon City, Philippines",Commonwealth,2,Schools,Private,Preschool,"Data_QC Caring Cities Tracker, QC Administrative Data - Private schools",#N/A,#N/A,121.0915679,14.6964182,#N/A,#N/A,#N/A,#N/A,Administrative data
604,Grace Flous School - Main,"103 Katuparan St., Brgy. Comm., QC","103 Katuparan Street, Barangay Comm., Quezon City, Philippines",Commonwealth,2,Schools,Private,Elementary school,"Data_QC Caring Cities Tracker, QC Administrative Data - Private schools",#N/A,#N/A,121.0915679,14.6964182,#N/A,#N/A,#N/A,#N/A,Administrative data
605,Grace Flous School - Main,"103 Katuparan St., Brgy. Comm., QC","103 Katuparan Street, Barangay Comm., Quezon City, Philippines",Commonwealth,2,Schools,Private,Junior high school,"Data_QC Caring Cities Tracker, QC Administrative Data - Private schools",#N/A,#N/A,121.0915679,14.6964182,#N/A,#N/A,#N/A,#N/A,Administrative data
607,Grace Montessori School of Nova.,"8 Abelardo St., Doña Rosario Subd., Nova, Q.C.","8 Abelardo Street, Doña Rosario Subdivision, Nova, Quezon City, Philippines",Novaliches Proper,5,Schools,Private,Preschool,"Data_QC Caring Cities Tracker, QC Administrative Data - Private schools",#N/A,#N/A,121.0361594,14.7214273,#N/A,#N/A,#N/A,#N/A,Administrative data
608,Grace Montessori School of Nova.,"8 Abelardo St., Doña Rosario Subd., Nova, Q.C.","8 Abelardo Street, Doña Rosario Subdivision, Nova, Quezon City, Philippines",Novaliches Proper,5,Schools,Private,Junior high school,"Data_QC Caring Cities Tracker, QC Administrative Data - Private schools",#N/A,#N/A,121.0361594,14.7214273,#N/A,#N/A,#N/A,#N/A,Administrative data
609,Grace Montessori School of Nova.,"8 Abelardo St., Doña Rosario Subd., Nova, Q.C.","8 Abelardo Street, Doña Rosario Subdivision, Nova, Quezon City, Philippines",Novaliches Proper,5,Schools,Private,Elementary school,"Data_QC Caring Cities Tracker, QC Administrative Data - Private schools",#N/A,#N/A,121.0361594,14.7214273,#N/A,#N/A,#N/A,#N/A,Administrative data
611,"Great Minds Mont. Sch., Inc. (Frmrly Golden Minds Mont.S)","#229-A Don Pedro St., Kapalaran Subd., Holy Spirit, QC","229-A Don Pedro Street, Kapalaran Subdivision, Holy Spirit, Quezon City, Philippines",Holy Spirit,2,Schools,Private,Elementary school,"Data_QC Caring Cities Tracker, QC Administrative Data - Private schools",#N/A,#N/A,121.0755938,14.682273,#N/A,#N/A,#N/A,#N/A,Administrative data
612,"Great Minds Mont. Sch., Inc. (Frmrly Golden Minds Mont.S)","#229-A Don Pedro St., Kapalaran Subd., Holy Spirit, QC","229-A Don Pedro Street, Kapalaran Subdivision, Holy Spirit, Quezon City, Philippines",Holy Spirit,2,Schools,Private,Preschool,"Data_QC Caring Cities Tracker, QC Administrative Data - Private schools",#N/A,#N/A,121.0755938,14.682273,#N/A,#N/A,#N/A,#N/A,Administrative data
615,"Greencrest Learning Ctr., Inc.","# 4 A-Garcia Ave., Doña Faustino Subd., San Bartolome, Nova., QC","4 A-Garcia Avenue, Doña Faustino Subdivision, San Bartolome, Nova., Quezon City, Philippines",San Bartolome,5,Schools,Private,Preschool,"Data_QC Caring Cities Tracker, QC Administrative Data - Private schools",#N/A,#N/A,#N/A,#N/A,#N/A,#N/A,#N/A,#N/A,Administrative data
616,"Greencrest Learning Ctr., Inc.","# 4 A-Garcia Ave., Doña Faustino Subd., San Bartolome, Nova., QC","4 A-Garcia Avenue, Doña Faustino Subdivision, San Bartolome, Nova., Quezon City, Philippines",San Bartolome,5,Schools,Private,Elementary school,"Data_QC Caring Cities Tracker, QC Administrative Data - Private schools",#N/A,#N/A,#N/A,#N/A,#N/A,#N/A,#N/A,#N/A,Administrative data
618,GSIS Village Elementary School,#N/A,#N/A,Sangandaan,6,Schools,Public,Elementary school,"Data_QC Caring Cities Tracker, QC Administrative Data - Public schools",#N/A,#N/A,121.0216865,14.6743462,#N/A,#N/A,#N/A,#N/A,Administrative data
619,Gymnazo Christian Academy,"B52L3, J. Abad Santos, Sta. Lucia, QC","B52L3, J. Abad Santos, Sta. Lucia, Quezon City, Philippines",Sta. Lucia,5,Schools,Private,Preschool,"Data_QC Caring Cities Tracker, QC Administrative Data - Private schools",#N/A,#N/A,121.053286,14.7083063,#N/A,#N/A,#N/A,#N/A,Administrative data
620,Gymnazo Christian Academy,"B52L3, J. Abad Santos, Sta. Lucia, QC","B52L3, J. Abad Santos, Sta. Lucia, Quezon City, Philippines",Sta. Lucia,5,Schools,Private,Elementary school,"Data_QC Caring Cities Tracker, QC Administrative Data - Private schools",#N/A,#N/A,121.053286,14.7083063,#N/A,#N/A,#N/A,#N/A,Administrative data
621,Gymnazo Christian Academy,"B52L3, J. Abad Santos, Sta. Lucia, QC","B52L3, J. Abad Santos, Sta. Lucia, Quezon City, Philippines",Sta. Lucia,5,Schools,Private,Junior high school,"Data_QC Caring Cities Tracker, QC Administrative Data - Private schools",#N/A,#N/A,121.053286,14.7083063,#N/A,#N/A,#N/A,#N/A,Administrative data
622,"Hands of Children School, Inc.","#48 Narra St., Brgy Duyan-Duyan, Project 3, QC","48 Narra Street, Barangay Duyan-Duyan, Project 3, Quezon City, Philippines",Duyan-duyan,3,Schools,Private,Elementary school,"Data_QC Caring Cities Tracker, QC Administrative Data - Private schools",#N/A,#N/A,121.0655975,14.6315301,#N/A,#N/A,#N/A,#N/A,Administrative data
623,"Hands of Children School, Inc.","#48 Narra St., Brgy Duyan-Duyan, Project 3, QC","48 Narra Street, Barangay Duyan-Duyan, Project 3, Quezon City, Philippines",Duyan-duyan,3,Schools,Private,Preschool,"Data_QC Caring Cities Tracker, QC Administrative Data - Private schools",#N/A,#N/A,121.0655975,14.6315301,#N/A,#N/A,#N/A,#N/A,Administrative data
625,"Headstart Montessori School, Inc.","#95 M. H. Del Pilar St., Brgy. Bungad, SFDM, QC","95 M. H. Del Pilar Street, Barangay Bungad, SFDM, Quezon City, Philippines",Bungad,1,Schools,Private,Preschool,"Data_QC Caring Cities Tracker, QC Administrative Data - Private schools",#N/A,#N/A,121.022087,14.6521571,#N/A,#N/A,#N/A,#N/A,Administrative data
626,Headway School For Giftedness,"130B Matahimik St., UP Vill. Diliman, QC","130B Matahimik Street, UP Village Diliman, Quezon City, Philippines",U. P. Village,4,Schools,Private,Junior high school,"Data_QC Caring Cities Tracker, QC Administrative Data - Private schools",#N/A,#N/A,121.0537229,14.6465735,#N/A,#N/A,#N/A,#N/A,Administrative data
627,Headway School For Giftedness,"130B Matahimik St., UP Vill. Diliman, QC","130B Matahimik Street, UP Village Diliman, Quezon City, Philippines",U. P. Village,4,Schools,Private,Elementary school,"Data_QC Caring Cities Tracker, QC Administrative Data - Private schools",#N/A,#N/A,121.0537229,14.6465735,#N/A,#N/A,#N/A,#N/A,Administrative data
628,Headway School For Giftedness,"130B Matahimik St., UP Vill. Diliman, QC","130B Matahimik Street, UP Village Diliman, Quezon City, Philippines",U. P. Village,4,Schools,Private,Preschool,"Data_QC Caring Cities Tracker, QC Administrative Data - Private schools",#N/A,#N/A,121.0537229,14.6465735,#N/A,#N/A,#N/A,#N/A,Administrative data
632,Heuin Dol World Mission Christian Academy,"25 Villaflor Vill., Brgy. Gulod, Nova, QC","25 Villaflor Village, Barangay Gulod, Nova, Quezon City, Philippines",Gulod,5,Schools,Private,Preschool,"Data_QC Caring Cities Tracker, QC Administrative Data - Private schools",#N/A,#N/A,121.0382068,14.7120348,#N/A,#N/A,#N/A,#N/A,Administrative data
633,Heuin Dol World Mission Christian Academy,"25 Villaflor Vill., Brgy. Gulod, Nova, QC","25 Villaflor Village, Barangay Gulod, Nova, Quezon City, Philippines",Gulod,5,Schools,Private,Elementary school,"Data_QC Caring Cities Tracker, QC Administrative Data - Private schools",#N/A,#N/A,121.0382068,14.7120348,#N/A,#N/A,#N/A,#N/A,Administrative data
634,Heuin Dol World Mission Christian Academy,"25 Villaflor Vill., Brgy. Gulod, Nova, QC","25 Villaflor Village, Barangay Gulod, Nova, Quezon City, Philippines",Gulod,5,Schools,Private,Junior high school,"Data_QC Caring Cities Tracker, QC Administrative Data - Private schools",#N/A,#N/A,121.0382068,14.7120348,#N/A,#N/A,#N/A,#N/A,Administrative data
639,Holy Child Academy- Kingspoint,"21 King Ferdinand St., Kingspoint Subd. Bagbag, Novaliches. Quezon City","21 King Ferdinand Street, Kingspoint Subdivision Bagbag, Novaliches. Quezon City, Philippines",Bagbag,5,Schools,Private,Preschool,"Data_QC Caring Cities Tracker, QC Administrative Data - Private schools",#N/A,#N/A,121.0231957,14.6989204,#N/A,#N/A,#N/A,#N/A,Administrative data
640,Holy Child Academy- Kingspoint,"21 King Ferdinand St., Kingspoint Subd. Bagbag, Novaliches. Quezon City","21 King Ferdinand Street, Kingspoint Subdivision Bagbag, Novaliches. Quezon City, Philippines",Bagbag,5,Schools,Private,Elementary school,"Data_QC Caring Cities Tracker, QC Administrative Data - Private schools",#N/A,#N/A,121.0231957,14.6989204,#N/A,#N/A,#N/A,#N/A,Administrative data
641,Holy Child Academy- Kingspoint,"21 King Ferdinand St., Kingspoint Subd. Bagbag, Novaliches. Quezon City","21 King Ferdinand Street, Kingspoint Subdivision Bagbag, Novaliches. Quezon City, Philippines",Bagbag,5,Schools,Private,Senior high school,"Data_QC Caring Cities Tracker, QC Administrative Data - Private schools",#N/A,#N/A,121.0231957,14.6989204,#N/A,#N/A,#N/A,#N/A,Administrative data
642,Holy Child Academy- Kingspoint,"21 King Ferdinand St., Kingspoint Subd. Bagbag, Novaliches. Quezon City","21 King Ferdinand Street, Kingspoint Subdivision Bagbag, Novaliches. Quezon City, Philippines",Bagbag,5,Schools,Private,Junior high school,"Data_QC Caring Cities Tracker, QC Administrative Data - Private schools",#N/A,#N/A,121.0231957,14.6989204,#N/A,#N/A,#N/A,#N/A,Administrative data
643,"holy child academy, inc","blk. 20, lot 1, #21 king ferdinand st. cor. katipunan ave, kingspoint subd., bagbag, quezon city, ncr, 1116","blk. 20, lot 1, 21 king ferdinand Street corner katipunan ave, kingspoint Subdivision, bagbag, quezon city, ncr, 1116, Philippines",Katipunan,1,Schools,Private,Private school,"QC Future Ready dashboard, Schools",6:00AM,5:00PM,#N/A,#N/A,#N/A,#N/A,#N/A,#N/A,Administrative data
644,"Holy Child Academy, Inc.","10 London Drive, Gulod, Novaliches Quezon City","10 London Drive, Gulod, Novaliches Quezon City, Philippines",Gulod,5,Schools,Private,Preschool,"Data_QC Caring Cities Tracker, QC Administrative Data - Private schools",#N/A,#N/A,121.0397015,14.7170306,#N/A,#N/A,#N/A,#N/A,Administrative data
645,"Holy Child Academy, Inc.","10 London Drive, Gulod, Novaliches Quezon City","10 London Drive, Gulod, Novaliches Quezon City, Philippines",Gulod,5,Schools,Private,Senior high school,"Data_QC Caring Cities Tracker, QC Administrative Data - Private schools",#N/A,#N/A,121.0397015,14.7170306,#N/A,#N/A,#N/A,#N/A,Administrative data
646,"Holy Child Academy, Inc.","10 London Drive, Gulod, Novaliches Quezon City","10 London Drive, Gulod, Novaliches Quezon City, Philippines",Gulod,5,Schools,Private,Elementary school,"Data_QC Caring Cities Tracker, QC Administrative Data - Private schools",#N/A,#N/A,121.0397015,14.7170306,#N/A,#N/A,#N/A,#N/A,Administrative data
647,"Holy Child Academy, Inc.","10 London Drive, Gulod, Novaliches Quezon City","10 London Drive, Gulod, Novaliches Quezon City, Philippines",Gulod,5,Schools,Private,Junior high school,"Data_QC Caring Cities Tracker, QC Administrative Data - Private schools",#N/A,#N/A,121.0397015,14.7170306,#N/A,#N/A,#N/A,#N/A,Administrative data
648,Holy Child Mont. School of Fairview,"B3L3 Paxton St., East Fairview, QC","B3L3 Paxton Street, East Fairview, Quezon City, Philippines",Fairview,5,Schools,Private,Junior high school,"Data_QC Caring Cities Tracker, QC Administrative Data - Private schools",#N/A,#N/A,121.0765345,14.7091736,#N/A,#N/A,#N/A,#N/A,Administrative data
649,Holy Child Mont. School of Fairview,"B3L3 Paxton St., East Fairview, QC","B3L3 Paxton Street, East Fairview, Quezon City, Philippines",Fairview,5,Schools,Private,Elementary school,"Data_QC Caring Cities Tracker, QC Administrative Data - Private schools",#N/A,#N/A,121.0765345,14.7091736,#N/A,#N/A,#N/A,#N/A,Administrative data
650,Holy Child Mont. School of Fairview,"B3L3 Paxton St., East Fairview, QC","B3L3 Paxton Street, East Fairview, Quezon City, Philippines",Fairview,5,Schools,Private,Preschool,"Data_QC Caring Cities Tracker, QC Administrative Data - Private schools",#N/A,#N/A,121.0765345,14.7091736,#N/A,#N/A,#N/A,#N/A,Administrative data
651,Holy Family Parochial School,"Madreselva cor Lilac St., Roxas District, QC","Madreselva corner Lilac Street, Roxas District, Quezon City, Philippines",Roxas,4,Schools,Private,Elementary school,"Data_QC Caring Cities Tracker, QC Administrative Data - Private schools",#N/A,#N/A,121.0208952,14.6273182,#N/A,#N/A,#N/A,#N/A,Administrative data
652,Holy Family Parochial School,"Madreselva cor Lilac St., Roxas District, QC","Madreselva corner Lilac Street, Roxas District, Quezon City, Philippines",Roxas,4,Schools,Private,Preschool,"Data_QC Caring Cities Tracker, QC Administrative Data - Private schools",#N/A,#N/A,121.0208952,14.6273182,#N/A,#N/A,#N/A,#N/A,Administrative data
653,Holy Family Parochial School,"Madreselva cor Lilac St., Roxas District, QC","Madreselva corner Lilac Street, Roxas District, Quezon City, Philippines",Roxas,4,Schools,Private,Junior high school,"Data_QC Caring Cities Tracker, QC Administrative Data - Private schools",#N/A,#N/A,121.0208952,14.6273182,#N/A,#N/A,#N/A,#N/A,Administrative data
654,Holy Family Parochial School,"Madreselva cor Lilac St., Roxas District, QC","Madreselva corner Lilac Street, Roxas District, Quezon City, Philippines",Roxas,4,Schools,Private,Senior high school,"Data_QC Caring Cities Tracker, QC Administrative Data - Private schools",#N/A,#N/A,121.0208952,14.6273182,#N/A,#N/A,#N/A,#N/A,Administrative data
655,Holy Family School,"66 Maginhawa, UP Village, Diliman, Quezon City","66 Maginhawa, UP Village, Diliman, Quezon City, Philippines",U. P. Village,4,Schools,Private,Elementary school,"Data_QC Caring Cities Tracker, QC Administrative Data - Private schools",#N/A,#N/A,121.0566216,14.6475969,#N/A,#N/A,#N/A,#N/A,Administrative data
656,Holy Family School,"66 Maginhawa, UP Village, Diliman, Quezon City","66 Maginhawa, UP Village, Diliman, Quezon City, Philippines",U. P. Village,4,Schools,Private,Junior high school,"Data_QC Caring Cities Tracker, QC Administrative Data - Private schools",#N/A,#N/A,121.0566216,14.6475969,#N/A,#N/A,#N/A,#N/A,Administrative data
657,Holy Family School,"66 Maginhawa, UP Village, Diliman, Quezon City","66 Maginhawa, UP Village, Diliman, Quezon City, Philippines",U. P. Village,4,Schools,Private,Senior high school,"Data_QC Caring Cities Tracker, QC Administrative Data - Private schools",#N/A,#N/A,121.0566216,14.6475969,#N/A,#N/A,#N/A,#N/A,Administrative data
658,Holy Family School,"66 Maginhawa, UP Village, Diliman, Quezon City","66 Maginhawa, UP Village, Diliman, Quezon City, Philippines",U. P. Village,4,Schools,Private,Preschool,"Data_QC Caring Cities Tracker, QC Administrative Data - Private schools",#N/A,#N/A,121.0566216,14.6475969,#N/A,#N/A,#N/A,#N/A,Administrative data
659,"Holy Rosary School of Science and Technology , Inc","21 Army Rd., Veterans Vill.,Brgy. Holy Spirit, QC","21 Army Road, Veterans Village,Barangay Holy Spirit, Quezon City, Philippines",Holy Spirit,2,Schools,Private,Preschool,"Data_QC Caring Cities Tracker, QC Administrative Data - Private schools",#N/A,#N/A,121.073259,14.6828003,#N/A,#N/A,#N/A,#N/A,Administrative data
660,"Holy Rosary School of Science and Technology , Inc","21 Army Rd., Veterans Vill.,Brgy. Holy Spirit, QC","21 Army Road, Veterans Village,Barangay Holy Spirit, Quezon City, Philippines",Holy Spirit,2,Schools,Private,Elementary school,"Data_QC Caring Cities Tracker, QC Administrative Data - Private schools",#N/A,#N/A,121.073259,14.6828003,#N/A,#N/A,#N/A,#N/A,Administrative data
661,"Holy Rosary School of Science and Technology , Inc","21 Army Rd., Veterans Vill.,Brgy. Holy Spirit, QC","21 Army Road, Veterans Village,Barangay Holy Spirit, Quezon City, Philippines",Holy Spirit,2,Schools,Private,Junior high school,"Data_QC Caring Cities Tracker, QC Administrative Data - Private schools",#N/A,#N/A,121.073259,14.6828003,#N/A,#N/A,#N/A,#N/A,Administrative data
662,"Holy Rosary School of Science and Technology , Inc","21 Army Rd., Veterans Vill.,Brgy. Holy Spirit, QC","21 Army Road, Veterans Village,Barangay Holy Spirit, Quezon City, Philippines",Holy Spirit,2,Schools,Private,Senior high school,"Data_QC Caring Cities Tracker, QC Administrative Data - Private schools",#N/A,#N/A,121.073259,14.6828003,#N/A,#N/A,#N/A,#N/A,Administrative data
663,Holy Spirit Elementary School,#N/A,#N/A,Holy Spirit,2,Schools,Public,Elementary school,"Data_QC Caring Cities Tracker, QC Administrative Data - Public schools",#N/A,#N/A,121.072018,14.678315,#N/A,#N/A,#N/A,#N/A,Administrative data
664,Holy Spirit National High School,#N/A,#N/A,Holy Spirit,2,Schools,Public,High school,"Data_QC Caring Cities Tracker, QC Administrative Data - Public schools",#N/A,#N/A,121.08048,14.690027,#N/A,#N/A,#N/A,#N/A,Administrative data
665,Holy Spirit of Mt. Carmel E/S - Annex,"44-J Catherine St., Brgy. Holy Spirit, QC","44-J Catherine Street, Barangay Holy Spirit, Quezon City, Philippines",Holy Spirit,2,Schools,Private,Preschool,"Data_QC Caring Cities Tracker, QC Administrative Data - Private schools",#N/A,#N/A,121.0821194,14.6882408,#N/A,#N/A,#N/A,#N/A,Administrative data
666,Holy Spirit of Mt. Carmel E/S - Annex,"44-J Catherine St., Brgy. Holy Spirit, QC","44-J Catherine Street, Barangay Holy Spirit, Quezon City, Philippines",Holy Spirit,2,Schools,Private,Elementary school,"Data_QC Caring Cities Tracker, QC Administrative Data - Private schools",#N/A,#N/A,121.0821194,14.6882408,#N/A,#N/A,#N/A,#N/A,Administrative data
667,Holy Spirit Preparatory Academy,"#262 Sto. Domingo St., Brgy Holy Spirit, QC","262 Sto. Domingo Street, Barangay Holy Spirit, Quezon City, Philippines",Sto. Domingo (Matalahib),1,Schools,Private,Preschool,"Data_QC Caring Cities Tracker, QC Administrative Data - Private schools",#N/A,#N/A,#N/A,#N/A,#N/A,#N/A,#N/A,#N/A,Administrative data
668,Holy Spirit Preparatory Academy,"#262 Sto. Domingo St., Brgy Holy Spirit, QC","262 Sto. Domingo Street, Barangay Holy Spirit, Quezon City, Philippines",Sto. Domingo (Matalahib),1,Schools,Private,Elementary school,"Data_QC Caring Cities Tracker, QC Administrative Data - Private schools",#N/A,#N/A,#N/A,#N/A,#N/A,#N/A,#N/A,#N/A,Administrative data
669,Holy Spirit School,"29 Ilang-ilang St., Brgy. Mariana, Cubao, Quezon City","29 Ilang-ilang Street, Barangay Mariana, Cubao, Quezon City, Philippines",Mariana,4,Schools,Private,Preschool,"Data_QC Caring Cities Tracker, QC Administrative Data - Private schools",#N/A,#N/A,#N/A,#N/A,#N/A,#N/A,#N/A,#N/A,Administrative data
670,Holy Spirit School,"29 Ilang-ilang St., Brgy. Mariana, Cubao, Quezon City","29 Ilang-ilang Street, Barangay Mariana, Cubao, Quezon City, Philippines",Mariana,4,Schools,Private,Elementary school,"Data_QC Caring Cities Tracker, QC Administrative Data - Private schools",#N/A,#N/A,#N/A,#N/A,#N/A,#N/A,#N/A,#N/A,Administrative data
671,Holy Spirit School,"29 Ilang-ilang St., Brgy. Mariana, Cubao, Quezon City","29 Ilang-ilang Street, Barangay Mariana, Cubao, Quezon City, Philippines",Mariana,4,Schools,Private,Junior high school,"Data_QC Caring Cities Tracker, QC Administrative Data - Private schools",#N/A,#N/A,#N/A,#N/A,#N/A,#N/A,#N/A,#N/A,Administrative data
672,Holy Spirit School,"29 Ilang-ilang St., Brgy. Mariana, Cubao, Quezon City","29 Ilang-ilang Street, Barangay Mariana, Cubao, Quezon City, Philippines",Mariana,4,Schools,Private,Senior high school,"Data_QC Caring Cities Tracker, QC Administrative Data - Private schools",#N/A,#N/A,#N/A,#N/A,#N/A,#N/A,#N/A,#N/A,Administrative data
673,Hope Christian Academy,"1103 Edsa, Brgy. Veterans, Proj. 7, Q.C.","1103 Edsa, Barangay Veterans, Proj. 7, Quezon City, Philippines",Veterans Village,1,Schools,Private,Elementary school,"Data_QC Caring Cities Tracker, QC Administrative Data - Private schools",#N/A,#N/A,121.0241966,14.6537082,#N/A,#N/A,#N/A,#N/A,Administrative data
674,Hope Christian Academy,"1103 Edsa, Brgy. Veterans, Proj. 7, Q.C.","1103 Edsa, Barangay Veterans, Proj. 7, Quezon City, Philippines",Veterans Village,1,Schools,Private,Preschool,"Data_QC Caring Cities Tracker, QC Administrative Data - Private schools",#N/A,#N/A,121.0241966,14.6537082,#N/A,#N/A,#N/A,#N/A,Administrative data
677,"Hoscomco Academy, Inc.","L21B6 Faustina St., Isidora Hills Subd., Brgy. Holy Spirit, QC","L21B6 Faustina Street, Isidora Hills Subdivision, Barangay Holy Spirit, Quezon City, Philippines",Holy Spirit,2,Schools,Private,Preschool,"Data_QC Caring Cities Tracker, QC Administrative Data - Private schools",#N/A,#N/A,121.074389,14.6837971,#N/A,#N/A,#N/A,#N/A,Administrative data
678,"Hoscomco Academy, Inc.","L21B6 Faustina St., Isidora Hills Subd., Brgy. Holy Spirit, QC","L21B6 Faustina Street, Isidora Hills Subdivision, Barangay Holy Spirit, Quezon City, Philippines",Holy Spirit,2,Schools,Private,Elementary school,"Data_QC Caring Cities Tracker, QC Administrative Data - Private schools",#N/A,#N/A,121.074389,14.6837971,#N/A,#N/A,#N/A,#N/A,Administrative data
680,"I.D.E.A.S Montessori, Inc.","88 Capitol Drive , Capitol Hills, Brgy Old Balara QC","88 Capitol Drive , Capitol Hills, Barangay Old Balara Quezon City, Philippines",Matandang Balara,3,Schools,Private,Preschool,"Data_QC Caring Cities Tracker, QC Administrative Data - Private schools",#N/A,#N/A,121.0894251,14.669144,#N/A,#N/A,#N/A,#N/A,Administrative data
681,"I.D.E.A.S Montessori, Inc.","88 Capitol Drive , Capitol Hills, Brgy Old Balara QC","88 Capitol Drive , Capitol Hills, Barangay Old Balara Quezon City, Philippines",Matandang Balara,3,Schools,Private,Elementary school,"Data_QC Caring Cities Tracker, QC Administrative Data - Private schools",#N/A,#N/A,121.0894251,14.669144,#N/A,#N/A,#N/A,#N/A,Administrative data
682,"I.D.E.A.S Montessori, Inc.","88 Capitol Drive , Capitol Hills, Brgy Old Balara QC","88 Capitol Drive , Capitol Hills, Barangay Old Balara Quezon City, Philippines",Matandang Balara,3,Schools,Private,Junior high school,"Data_QC Caring Cities Tracker, QC Administrative Data - Private schools",#N/A,#N/A,121.0894251,14.669144,#N/A,#N/A,#N/A,#N/A,Administrative data
687,"Ijediyah Learning Center, Inc","16 Katarungan St., Brgy. Batasan Hills , Q.C","16 Katarungan Street, Barangay Batasan Hills , Quezon City, Philippines",Batasan Hills,2,Schools,Private,Preschool,"Data_QC Caring Cities Tracker, QC Administrative Data - Private schools",#N/A,#N/A,121.0912995,14.6882724,#N/A,#N/A,#N/A,#N/A,Administrative data
688,"Ijediyah Learning Center, Inc","16 Katarungan St., Brgy. Batasan Hills , Q.C","16 Katarungan Street, Barangay Batasan Hills , Quezon City, Philippines",Batasan Hills,2,Schools,Private,Elementary school,"Data_QC Caring Cities Tracker, QC Administrative Data - Private schools",#N/A,#N/A,121.0912995,14.6882724,#N/A,#N/A,#N/A,#N/A,Administrative data
690,Imelda Operio Learning School,"# 8 De Gloria St., Area B., Talanay Batasan Hills, QC","8 De Gloria Street, Area B., Talanay Batasan Hills, Quezon City, Philippines",Batasan Hills,2,Schools,Private,Preschool,"Data_QC Caring Cities Tracker, QC Administrative Data - Private schools",#N/A,#N/A,121.100407,14.680863,#N/A,#N/A,#N/A,#N/A,Administrative data
691,Imelda Operio Learning School,"# 8 De Gloria St., Area B., Talanay Batasan Hills, QC","8 De Gloria Street, Area B., Talanay Batasan Hills, Quezon City, Philippines",Batasan Hills,2,Schools,Private,Elementary school,"Data_QC Caring Cities Tracker, QC Administrative Data - Private schools",#N/A,#N/A,121.100407,14.680863,#N/A,#N/A,#N/A,#N/A,Administrative data
692,Imelda Operio Learning School,"# 8 De Gloria St., Area B., Talanay Batasan Hills, QC","8 De Gloria Street, Area B., Talanay Batasan Hills, Quezon City, Philippines",Batasan Hills,2,Schools,Private,Junior high school,"Data_QC Caring Cities Tracker, QC Administrative Data - Private schools",#N/A,#N/A,121.100407,14.680863,#N/A,#N/A,#N/A,#N/A,Administrative data
693,Imelda Operio Learning School,"# 8 De Gloria St., Area B., Talanay Batasan Hills, QC","8 De Gloria Street, Area B., Talanay Batasan Hills, Quezon City, Philippines",Batasan Hills,2,Schools,Private,Senior high school,"Data_QC Caring Cities Tracker, QC Administrative Data - Private schools",#N/A,#N/A,121.100407,14.680863,#N/A,#N/A,#N/A,#N/A,Administrative data
694,"Immaculate Conception Cathedral School, Inc","39 Lantana,Brgy. Immaculate, Cubao, QC","39 Lantana,Barangay Immaculate, Cubao, Quezon City, Philippines",Immaculate Concepcion,4,Schools,Private,Preschool,"Data_QC Caring Cities Tracker, QC Administrative Data - Private schools",#N/A,#N/A,121.0411218,14.6242358,#N/A,#N/A,#N/A,#N/A,Administrative data
695,"Immaculate Conception Cathedral School, Inc","39 Lantana,Brgy. Immaculate, Cubao, QC","39 Lantana,Barangay Immaculate, Cubao, Quezon City, Philippines",Immaculate Concepcion,4,Schools,Private,Junior high school,"Data_QC Caring Cities Tracker, QC Administrative Data - Private schools",#N/A,#N/A,121.0411218,14.6242358,#N/A,#N/A,#N/A,#N/A,Administrative data
696,"Immaculate Conception Cathedral School, Inc","39 Lantana,Brgy. Immaculate, Cubao, QC","39 Lantana,Barangay Immaculate, Cubao, Quezon City, Philippines",Immaculate Concepcion,4,Schools,Private,Elementary school,"Data_QC Caring Cities Tracker, QC Administrative Data - Private schools",#N/A,#N/A,121.0411218,14.6242358,#N/A,#N/A,#N/A,#N/A,Administrative data
697,"Immaculate Conception Cathedral School, Inc","39 Lantana,Brgy. Immaculate, Cubao, QC","39 Lantana,Barangay Immaculate, Cubao, Quezon City, Philippines",Immaculate Concepcion,4,Schools,Private,Senior high school,"Data_QC Caring Cities Tracker, QC Administrative Data - Private schools",#N/A,#N/A,121.0411218,14.6242358,#N/A,#N/A,#N/A,#N/A,Administrative data
698,"Immaculate Heart of Mary College, Inc.","54 Aurora Blvd., Brgy. Doña Imelda QC","54 Aurora Boulevard, Barangay Doña Imelda Quezon City, Philippines",Doña Imelda,4,Schools,Private,Senior high school,"Data_QC Caring Cities Tracker, QC Administrative Data - Private schools",#N/A,#N/A,121.020024,14.606446,#N/A,#N/A,#N/A,#N/A,Administrative data
699,Immaculate Mother School Foundation. Inc,"#872 Joseph St., Bgry Commonwealth, QC","872 Joseph Street, Bgry Commonwealth, Quezon City, Philippines",Commonwealth,2,Schools,Private,Preschool,"Data_QC Caring Cities Tracker, QC Administrative Data - Private schools",#N/A,#N/A,121.0730893,14.694371,#N/A,#N/A,#N/A,#N/A,Administrative data
700,Immaculate Mother School Foundation. Inc,"#872 Joseph St., Bgry Commonwealth, QC","872 Joseph Street, Bgry Commonwealth, Quezon City, Philippines",Commonwealth,2,Schools,Private,Elementary school,"Data_QC Caring Cities Tracker, QC Administrative Data - Private schools",#N/A,#N/A,121.0730893,14.694371,#N/A,#N/A,#N/A,#N/A,Administrative data
701,Immaculate Mother School Foundation. Inc,"#872 Joseph St., Bgry Commonwealth, QC","872 Joseph Street, Bgry Commonwealth, Quezon City, Philippines",Commonwealth,2,Schools,Private,Junior high school,"Data_QC Caring Cities Tracker, QC Administrative Data - Private schools",#N/A,#N/A,121.0730893,14.694371,#N/A,#N/A,#N/A,#N/A,Administrative data
702,"immaculate mother school, quezon city inc.","872, immaculate mother school, quezon city inc., commonwealth avenue, commonwealth, quezon city, ncr, 1121","872, immaculate mother school, quezon city inc., commonwealth avenue, commonwealth, quezon city, ncr, 1121, Philippines",Commonwealth,2,Schools,Private,Private school,"QC Future Ready dashboard, Schools",7:30AM,4:00PM,#N/A,#N/A,#N/A,#N/A,#N/A,#N/A,Administrative data
703,"Ina ng Buhay Catholic School, Inc.","Jordan Heights Subd., Damong Maliit, Nova., QC","Jordan Heights Subdivision, Damong Maliit, Nova., Quezon City, Philippines",Novaliches Proper,5,Schools,Private,Preschool,"Data_QC Caring Cities Tracker, QC Administrative Data - Private schools",#N/A,#N/A,#N/A,#N/A,#N/A,#N/A,#N/A,#N/A,Administrative data
704,"Ina ng Buhay Catholic School, Inc.","Jordan Heights Subd., Damong Maliit, Nova., QC","Jordan Heights Subdivision, Damong Maliit, Nova., Quezon City, Philippines",Novaliches Proper,5,Schools,Private,Elementary school,"Data_QC Caring Cities Tracker, QC Administrative Data - Private schools",#N/A,#N/A,#N/A,#N/A,#N/A,#N/A,#N/A,#N/A,Administrative data
705,"Ina ng Buhay Catholic School, Inc.","Jordan Heights Subd., Damong Maliit, Nova., QC","Jordan Heights Subdivision, Damong Maliit, Nova., Quezon City, Philippines",Novaliches Proper,5,Schools,Private,Junior high school,"Data_QC Caring Cities Tracker, QC Administrative Data - Private schools",#N/A,#N/A,#N/A,#N/A,#N/A,#N/A,#N/A,#N/A,Administrative data
706,"Ina ng Buhay Catholic School, Inc.","Jordan Heights Subd., Damong Maliit, Nova., QC","Jordan Heights Subdivision, Damong Maliit, Nova., Quezon City, Philippines",Novaliches Proper,5,Schools,Private,Senior high school,"Data_QC Caring Cities Tracker, QC Administrative Data - Private schools",#N/A,#N/A,#N/A,#N/A,#N/A,#N/A,#N/A,#N/A,Administrative data
707,"Infant Jesus Learning Academy of Quezon City, Inc.","70 Mendoza St., Brgy. Paltok, SFDM, QC","70 Mendoza Street, Barangay Paltok, SFDM, Quezon City, Philippines",Paltok,1,Schools,Private,Preschool,"Data_QC Caring Cities Tracker, QC Administrative Data - Private schools",#N/A,#N/A,121.0218551,14.6455189,#N/A,#N/A,#N/A,#N/A,Administrative data
708,"Infant Jesus Learning Academy of Quezon City, Inc.","70 Mendoza St., Brgy. Paltok, SFDM, QC","70 Mendoza Street, Barangay Paltok, SFDM, Quezon City, Philippines",Paltok,1,Schools,Private,Elementary school,"Data_QC Caring Cities Tracker, QC Administrative Data - Private schools",#N/A,#N/A,121.0218551,14.6455189,#N/A,#N/A,#N/A,#N/A,Administrative data
709,"Infant Jesus Learning Academy of Quezon City, Inc.","70 Mendoza St., Brgy. Paltok, SFDM, QC","70 Mendoza Street, Barangay Paltok, SFDM, Quezon City, Philippines",Paltok,1,Schools,Private,Junior high school,"Data_QC Caring Cities Tracker, QC Administrative Data - Private schools",#N/A,#N/A,121.0218551,14.6455189,#N/A,#N/A,#N/A,#N/A,Administrative data
712,Integrated Center for the Young Inc.,"5A Mercury St., Brgy T-Sora, Quezon City","5A Mercury Street, Barangay T-Sora, Quezon City, Philippines",Tandang Sora,6,Schools,Private,Elementary school,"Data_QC Caring Cities Tracker, QC Administrative Data - Private schools",#N/A,#N/A,#N/A,#N/A,#N/A,#N/A,#N/A,#N/A,Administrative data
713,Integrated Center for the Young Inc.,"5A Mercury St., Brgy T-Sora, Quezon City","5A Mercury Street, Barangay T-Sora, Quezon City, Philippines",Tandang Sora,6,Schools,Private,Preschool,"Data_QC Caring Cities Tracker, QC Administrative Data - Private schools",#N/A,#N/A,#N/A,#N/A,#N/A,#N/A,#N/A,#N/A,Administrative data
714,Integrated Center for the Young Inc.,"5A Mercury St., Brgy T-Sora, Quezon City","5A Mercury Street, Barangay T-Sora, Quezon City, Philippines",Tandang Sora,6,Schools,Private,Special Education Program,"Data_QC Caring Cities Tracker, QC Administrative Data - Private schools",#N/A,#N/A,#N/A,#N/A,#N/A,#N/A,#N/A,#N/A,Administrative data
715,International Christian School of Q.C.,"103 Gen. Luis St., Brgy. Nagkaisang Nayon, Nova","103 Gen. Luis Street, Barangay Nagkaisang Nayon, Nova, Quezon City, Philippines",Nagkaisang Nayon,5,Schools,Private,Senior high school,"Data_QC Caring Cities Tracker, QC Administrative Data - Private schools",#N/A,#N/A,121.0276867,14.7206998,#N/A,#N/A,#N/A,#N/A,Administrative data
716,International Christian School of Q.C.,"103 Gen. Luis St., Brgy. Nagkaisang Nayon, Nova","103 Gen. Luis Street, Barangay Nagkaisang Nayon, Nova, Quezon City, Philippines",Nagkaisang Nayon,5,Schools,Private,Preschool,"Data_QC Caring Cities Tracker, QC Administrative Data - Private schools",#N/A,#N/A,121.0276867,14.7206998,#N/A,#N/A,#N/A,#N/A,Administrative data
717,International Christian School of Q.C.,"103 Gen. Luis St., Brgy. Nagkaisang Nayon, Nova","103 Gen. Luis Street, Barangay Nagkaisang Nayon, Nova, Quezon City, Philippines",Nagkaisang Nayon,5,Schools,Private,Elementary school,"Data_QC Caring Cities Tracker, QC Administrative Data - Private schools",#N/A,#N/A,121.0276867,14.7206998,#N/A,#N/A,#N/A,#N/A,Administrative data
718,International Christian School of Q.C.,"103 Gen. Luis St., Brgy. Nagkaisang Nayon, Nova","103 Gen. Luis Street, Barangay Nagkaisang Nayon, Nova, Quezon City, Philippines",Nagkaisang Nayon,5,Schools,Private,Junior high school,"Data_QC Caring Cities Tracker, QC Administrative Data - Private schools",#N/A,#N/A,121.0276867,14.7206998,#N/A,#N/A,#N/A,#N/A,Administrative data
719,Ismael Mathay Sr. High School,#N/A,#N/A,Sangandaan,6,Schools,Public,High school,"Data_QC Caring Cities Tracker, QC Administrative Data - Public schools",#N/A,#N/A,121.0223117,14.6755964,#N/A,#N/A,#N/A,#N/A,Administrative data
720,JALS Preparatory School Inc.,"#22 St. Anthony St., Brgy. Holy Spirit, Quezon City","22 Street Anthony Street, Barangay Holy Spirit, Quezon City, Philippines",Holy Spirit,2,Schools,Private,Preschool,"Data_QC Caring Cities Tracker, QC Administrative Data - Private schools",#N/A,#N/A,#N/A,#N/A,#N/A,#N/A,#N/A,#N/A,Administrative data
721,JALS Preparatory School Inc.,"#22 St. Anthony St., Brgy. Holy Spirit, Quezon City","22 Street Anthony Street, Barangay Holy Spirit, Quezon City, Philippines",Holy Spirit,2,Schools,Private,Elementary school,"Data_QC Caring Cities Tracker, QC Administrative Data - Private schools",#N/A,#N/A,#N/A,#N/A,#N/A,#N/A,#N/A,#N/A,Administrative data
723,JCSGO Christian Academy,"156 15th Ave., Cubao, QC","156 15th Avenue, Cubao, Quezon City, Philippines",#N/A,3,Schools,Private,Preschool,"Data_QC Caring Cities Tracker, QC Administrative Data - Private schools",#N/A,#N/A,121.0586427,14.6220091,#N/A,#N/A,#N/A,#N/A,Administrative data
724,JCSGO Christian Academy,"156 15th Ave., Cubao, QC","156 15th Avenue, Cubao, Quezon City, Philippines",#N/A,3,Schools,Private,Elementary school,"Data_QC Caring Cities Tracker, QC Administrative Data - Private schools",#N/A,#N/A,121.0586427,14.6220091,#N/A,#N/A,#N/A,#N/A,Administrative data
725,JCSGO Christian Academy,"156 15th Ave., Cubao, QC","156 15th Avenue, Cubao, Quezon City, Philippines",#N/A,3,Schools,Private,Junior high school,"Data_QC Caring Cities Tracker, QC Administrative Data - Private schools",#N/A,#N/A,121.0586427,14.6220091,#N/A,#N/A,#N/A,#N/A,Administrative data
726,JEC Christian School,"106 Maj. Marcos Rd, P-tamo, QC","106 Maj. Marcos Rd, P-tamo, Quezon City, Philippines",Pasong Tamo,6,Schools,Private,Preschool,"Data_QC Caring Cities Tracker, QC Administrative Data - Private schools",#N/A,#N/A,121.0673234,14.6821236,#N/A,#N/A,#N/A,#N/A,Administrative data
727,JEC Christian School,"106 Maj. Marcos Rd, P-tamo, QC","106 Maj. Marcos Rd, P-tamo, Quezon City, Philippines",Pasong Tamo,6,Schools,Private,Junior high school,"Data_QC Caring Cities Tracker, QC Administrative Data - Private schools",#N/A,#N/A,121.0673234,14.6821236,#N/A,#N/A,#N/A,#N/A,Administrative data
728,JEC Christian School,"106 Maj. Marcos Rd, P-tamo, QC","106 Maj. Marcos Rd, P-tamo, Quezon City, Philippines",Pasong Tamo,6,Schools,Private,Elementary school,"Data_QC Caring Cities Tracker, QC Administrative Data - Private schools",#N/A,#N/A,121.0673234,14.6821236,#N/A,#N/A,#N/A,#N/A,Administrative data
730,"JEL School, Inc.","44 Cotabato St., Luzviminda Vill., Batasan Hills, QC","44 Cotabato Street, Luzviminda Village, Batasan Hills, Quezon City, Philippines",Batasan Hills,2,Schools,Private,Preschool,"Data_QC Caring Cities Tracker, QC Administrative Data - Private schools",#N/A,#N/A,121.0943749,14.6858409,#N/A,#N/A,#N/A,#N/A,Administrative data
731,"JEL School, Inc.","44 Cotabato St., Luzviminda Vill., Batasan Hills, QC","44 Cotabato Street, Luzviminda Village, Batasan Hills, Quezon City, Philippines",Batasan Hills,2,Schools,Private,Elementary school,"Data_QC Caring Cities Tracker, QC Administrative Data - Private schools",#N/A,#N/A,121.0943749,14.6858409,#N/A,#N/A,#N/A,#N/A,Administrative data
732,"JEL School, Inc.","44 Cotabato St., Luzviminda Vill., Batasan Hills, QC","44 Cotabato Street, Luzviminda Village, Batasan Hills, Quezon City, Philippines",Batasan Hills,2,Schools,Private,Junior high school,"Data_QC Caring Cities Tracker, QC Administrative Data - Private schools",#N/A,#N/A,121.0943749,14.6858409,#N/A,#N/A,#N/A,#N/A,Administrative data
733,"Jelaine Academy of Quezon City, Inc.","#009 San Lorenzo Ruiz St., Payatas A. Quezon City","009 San Lorenzo Ruiz Street, Payatas A. Quezon City, Philippines",Payatas,2,Schools,Private,Elementary school,"Data_QC Caring Cities Tracker, QC Administrative Data - Private schools",#N/A,#N/A,121.1108895,14.7183298,#N/A,#N/A,#N/A,#N/A,Administrative data
734,"Jelaine Academy of Quezon City, Inc.","#009 San Lorenzo Ruiz St., Payatas A. Quezon City","009 San Lorenzo Ruiz Street, Payatas A. Quezon City, Philippines",Payatas,2,Schools,Private,Preschool,"Data_QC Caring Cities Tracker, QC Administrative Data - Private schools",#N/A,#N/A,121.1108895,14.7183298,#N/A,#N/A,#N/A,#N/A,Administrative data
735,"Jelaine Academy of Quezon City, Inc.","#009 San Lorenzo Ruiz St., Payatas A. Quezon City","009 San Lorenzo Ruiz Street, Payatas A. Quezon City, Philippines",Payatas,2,Schools,Private,Junior high school,"Data_QC Caring Cities Tracker, QC Administrative Data - Private schools",#N/A,#N/A,121.1108895,14.7183298,#N/A,#N/A,#N/A,#N/A,Administrative data
736,"JEMS Achievers Learning Center, Inc.","No. 13 Durian St., Area D. brgy. Pasong Tamo, QC","13 Durian Street, Area D. Barangay Pasong Tamo, Quezon City, Philippines",Pasong Tamo,6,Schools,Private,Preschool,"Data_QC Caring Cities Tracker, QC Administrative Data - Private schools",#N/A,#N/A,121.068448,14.674361,#N/A,#N/A,#N/A,#N/A,Administrative data
737,"JEMS Achievers Learning Center, Inc.","No. 13 Durian St., Area D. brgy. Pasong Tamo, QC","13 Durian Street, Area D. Barangay Pasong Tamo, Quezon City, Philippines",Pasong Tamo,6,Schools,Private,Elementary school,"Data_QC Caring Cities Tracker, QC Administrative Data - Private schools",#N/A,#N/A,121.068448,14.674361,#N/A,#N/A,#N/A,#N/A,Administrative data
738,"JLM Creative Learner's Home, Inc","The Redwoods Condominium Sales Pavilion, Quirino Highway, Fairview, Quezon City","The Redwoods Condominium Sales Pavilion, Quirino Highway, Fairview, Quezon City, Philippines",Fairview,5,Schools,Private,Elementary school,"Data_QC Caring Cities Tracker, QC Administrative Data - Private schools",#N/A,#N/A,#N/A,#N/A,#N/A,#N/A,#N/A,#N/A,Administrative data
739,"JLM Creative Learner's Home, Inc","The Redwoods Condominium Sales Pavilion, Quirino Highway, Fairview, Quezon City","The Redwoods Condominium Sales Pavilion, Quirino Highway, Fairview, Quezon City, Philippines",Fairview,5,Schools,Private,Preschool,"Data_QC Caring Cities Tracker, QC Administrative Data - Private schools",#N/A,#N/A,#N/A,#N/A,#N/A,#N/A,#N/A,#N/A,Administrative data
741,"John Dewey School for Children, Inc.","No. 10 April St., Ext. Congressional Ave., Project 8, QC.","10 April Street, Extension Congressional Avenue, Project 8, Quezon City., Philippines",Bahay Toro,1,Schools,Private,Senior high school,"Data_QC Caring Cities Tracker, QC Administrative Data - Private schools",#N/A,#N/A,121.0309567,14.6668644,#N/A,#N/A,#N/A,#N/A,Administrative data
742,"John Dewey School for Children, Inc.","No. 10 April St., Ext. Congressional Ave., Project 8, QC.","10 April Street, Extension Congressional Avenue, Project 8, Quezon City., Philippines",Bahay Toro,1,Schools,Private,Junior high school,"Data_QC Caring Cities Tracker, QC Administrative Data - Private schools",#N/A,#N/A,121.0309567,14.6668644,#N/A,#N/A,#N/A,#N/A,Administrative data
743,"John Dewey School for Children, Inc.","No. 10 April St., Ext. Congressional Ave., Project 8, QC.","10 April Street, Extension Congressional Avenue, Project 8, Quezon City., Philippines",Bahay Toro,1,Schools,Private,Elementary school,"Data_QC Caring Cities Tracker, QC Administrative Data - Private schools",#N/A,#N/A,121.0309567,14.6668644,#N/A,#N/A,#N/A,#N/A,Administrative data
744,"John Dewey School for Children, Inc.","No. 10 April St., Ext. Congressional Ave., Project 8, QC.","10 April Street, Extension Congressional Avenue, Project 8, Quezon City., Philippines",Bahay Toro,1,Schools,Private,Preschool,"Data_QC Caring Cities Tracker, QC Administrative Data - Private schools",#N/A,#N/A,121.0309567,14.6668644,#N/A,#N/A,#N/A,#N/A,Administrative data
745,"John Mark Christian School of Novaliches, Inc.","#29 Petronia St., Buenamar Subd., Brgy San Bartolome, QC","29 Petronia Street, Buenamar Subdivision, Barangay San Bartolome, Quezon City, Philippines",San Bartolome,5,Schools,Private,Senior high school,"Data_QC Caring Cities Tracker, QC Administrative Data - Private schools",#N/A,#N/A,#N/A,#N/A,#N/A,#N/A,#N/A,#N/A,Administrative data
746,"John Mark Christian School of Novaliches, Inc.","#29 Petronia St., Buenamar Subd., Brgy San Bartolome, QC","29 Petronia Street, Buenamar Subdivision, Barangay San Bartolome, Quezon City, Philippines",San Bartolome,5,Schools,Private,Preschool,"Data_QC Caring Cities Tracker, QC Administrative Data - Private schools",#N/A,#N/A,#N/A,#N/A,#N/A,#N/A,#N/A,#N/A,Administrative data
747,"John Mark Christian School of Novaliches, Inc.","#29 Petronia St., Buenamar Subd., Brgy San Bartolome, QC","29 Petronia Street, Buenamar Subdivision, Barangay San Bartolome, Quezon City, Philippines",San Bartolome,5,Schools,Private,Elementary school,"Data_QC Caring Cities Tracker, QC Administrative Data - Private schools",#N/A,#N/A,#N/A,#N/A,#N/A,#N/A,#N/A,#N/A,Administrative data
748,"John Mark Christian School of Novaliches, Inc.","#29 Petronia St., Buenamar Subd., Brgy San Bartolome, QC","29 Petronia Street, Buenamar Subdivision, Barangay San Bartolome, Quezon City, Philippines",San Bartolome,5,Schools,Private,Junior high school,"Data_QC Caring Cities Tracker, QC Administrative Data - Private schools",#N/A,#N/A,#N/A,#N/A,#N/A,#N/A,#N/A,#N/A,Administrative data
749,Johnryn Learning School of Quezon City Inc.,"Blk.213 Lot 21 Yuan St., Phase 8, North Fairview QC","Blk.213 Lot 21 Yuan Street, Phase 8, North Fairview Quezon City, Philippines",Fairview,5,Schools,Private,Preschool,"Data_QC Caring Cities Tracker, QC Administrative Data - Private schools",#N/A,#N/A,#N/A,#N/A,#N/A,#N/A,#N/A,#N/A,Administrative data
750,Johnryn Learning School of Quezon City Inc.,"Blk.213 Lot 21 Yuan St., Phase 8, North Fairview QC","Blk.213 Lot 21 Yuan Street, Phase 8, North Fairview Quezon City, Philippines",Fairview,5,Schools,Private,Elementary school,"Data_QC Caring Cities Tracker, QC Administrative Data - Private schools",#N/A,#N/A,#N/A,#N/A,#N/A,#N/A,#N/A,#N/A,Administrative data
751,Johnryn Learning School of Quezon City Inc.,"Blk.213 Lot 21 Yuan St., Phase 8, North Fairview QC","Blk.213 Lot 21 Yuan Street, Phase 8, North Fairview Quezon City, Philippines",Fairview,5,Schools,Private,Junior high school,"Data_QC Caring Cities Tracker, QC Administrative Data - Private schools",#N/A,#N/A,#N/A,#N/A,#N/A,#N/A,#N/A,#N/A,Administrative data
753,"Jordan Woods Academy, Inc.","Block 7 Lot 34 Don Mariano Marcos Avenue, Jordan Plains, Nova. QC","Block 7 Lot 34 Don Mariano Marcos Avenue, Jordan Plains, Nova. Quezon City, Philippines",Novaliches Proper,5,Schools,Private,Senior high school,"Data_QC Caring Cities Tracker, QC Administrative Data - Private schools",#N/A,#N/A,#N/A,#N/A,#N/A,#N/A,#N/A,#N/A,Administrative data
754,"Jordan Woods Academy, Inc.","Block 7 Lot 34 Don Mariano Marcos Avenue, Jordan Plains, Nova. QC","Block 7 Lot 34 Don Mariano Marcos Avenue, Jordan Plains, Nova. Quezon City, Philippines",Novaliches Proper,5,Schools,Private,Preschool,"Data_QC Caring Cities Tracker, QC Administrative Data - Private schools",#N/A,#N/A,#N/A,#N/A,#N/A,#N/A,#N/A,#N/A,Administrative data
755,"Jordan Woods Academy, Inc.","Block 7 Lot 34 Don Mariano Marcos Avenue, Jordan Plains, Nova. QC","Block 7 Lot 34 Don Mariano Marcos Avenue, Jordan Plains, Nova. Quezon City, Philippines",Novaliches Proper,5,Schools,Private,Elementary school,"Data_QC Caring Cities Tracker, QC Administrative Data - Private schools",#N/A,#N/A,#N/A,#N/A,#N/A,#N/A,#N/A,#N/A,Administrative data
756,"Jordan Woods Academy, Inc.","Block 7 Lot 34 Don Mariano Marcos Avenue, Jordan Plains, Nova. QC","Block 7 Lot 34 Don Mariano Marcos Avenue, Jordan Plains, Nova. Quezon City, Philippines",Novaliches Proper,5,Schools,Private,Junior high school,"Data_QC Caring Cities Tracker, QC Administrative Data - Private schools",#N/A,#N/A,#N/A,#N/A,#N/A,#N/A,#N/A,#N/A,Administrative data
757,Jose Maria Panganiban Senior High School,#N/A,#N/A,Gulod,5,Schools,Public,Senior high school,"Data_QC Caring Cities Tracker, QC Administrative Data - Public schools",#N/A,#N/A,121.0385294,14.7121741,#N/A,#N/A,#N/A,#N/A,Administrative data
758,Jose P. Laurel Sr. High School,#N/A,#N/A,Milagrosa,3,Schools,Public,High school,"Data_QC Caring Cities Tracker, QC Administrative Data - Public schools",#N/A,#N/A,121.0683831,14.6221514,#N/A,#N/A,#N/A,#N/A,Administrative data
759,Jose V. Palma SHS,#N/A,#N/A,Pinyahan,4,Schools,Public,Senior high school,"Data_QC Caring Cities Tracker, QC Administrative Data - Public schools",#N/A,#N/A,121.0508069,14.6387086,#N/A,#N/A,#N/A,#N/A,Administrative data
760,"Joy Kiddy Garden Learning Center, Inc.","130 Kamuning Road, Quezon City","130 Kamuning Road, Quezon City, Philippines",Kamuning,4,Schools,Private,Elementary school,"Data_QC Caring Cities Tracker, QC Administrative Data - Private schools",#N/A,#N/A,121.0452755,14.6303775,#N/A,#N/A,#N/A,#N/A,Administrative data
761,"Joy Kiddy Garden Learning Center, Inc.","130 Kamuning Road, Quezon City","130 Kamuning Road, Quezon City, Philippines",Kamuning,4,Schools,Private,Preschool,"Data_QC Caring Cities Tracker, QC Administrative Data - Private schools",#N/A,#N/A,121.0452755,14.6303775,#N/A,#N/A,#N/A,#N/A,Administrative data
763,"Joyful Hands Kiddie Center of Cubao, Q.C., Inc.","Unit 4 Corporate House 239 Boni Serrano Road. Cor. C. Benitez St., Brgy. Bagong Lipunan ng Crne, Q.C.","Unit 4 Corporate House 239 Boni Serrano Road. corner C. Benitez Street, Barangay Bagong Lipunan ng Crne, Quezon City, Philippines",Bagong Lipunan ng Crame,4,Schools,Private,Preschool,"Data_QC Caring Cities Tracker, QC Administrative Data - Private schools",#N/A,#N/A,121.0436509,14.6094666,#N/A,#N/A,#N/A,#N/A,Administrative data
764,"Joyful Scholars Montessori, Inc.","174 Tambis St., Brgy. Pasong Tamo, Luzon Ave., QC","174 Tambis Street, Barangay Pasong Tamo, Luzon Avenue, Quezon City, Philippines",Pasong Tamo,6,Schools,Private,Preschool,"Data_QC Caring Cities Tracker, QC Administrative Data - Private schools",#N/A,#N/A,121.0668057,14.6736448,#N/A,#N/A,#N/A,#N/A,Administrative data
765,"Joyful Scholars Montessori, Inc.","174 Tambis St., Brgy. Pasong Tamo, Luzon Ave., QC","174 Tambis Street, Barangay Pasong Tamo, Luzon Avenue, Quezon City, Philippines",Pasong Tamo,6,Schools,Private,Elementary school,"Data_QC Caring Cities Tracker, QC Administrative Data - Private schools",#N/A,#N/A,121.0668057,14.6736448,#N/A,#N/A,#N/A,#N/A,Administrative data
766,"Joyful Scholars Montessori, Inc.","174 Tambis St., Brgy. Pasong Tamo, Luzon Ave., QC","174 Tambis Street, Barangay Pasong Tamo, Luzon Avenue, Quezon City, Philippines",Pasong Tamo,6,Schools,Private,Junior high school,"Data_QC Caring Cities Tracker, QC Administrative Data - Private schools",#N/A,#N/A,121.0668057,14.6736448,#N/A,#N/A,#N/A,#N/A,Administrative data
768,Juan Miguel Academy of Quezon City,"#36 Diego Silang, Area 2, Brgy. Pasong Tamo, QC","36 Diego Silang, Area 2, Barangay Pasong Tamo, Quezon City, Philippines",Pasong Tamo,6,Schools,Private,Preschool,"Data_QC Caring Cities Tracker, QC Administrative Data - Private schools",#N/A,#N/A,121.0655865,14.6819092,#N/A,#N/A,#N/A,#N/A,Administrative data
769,Juan Miguel Academy of Quezon City,"#36 Diego Silang, Area 2, Brgy. Pasong Tamo, QC","36 Diego Silang, Area 2, Barangay Pasong Tamo, Quezon City, Philippines",Pasong Tamo,6,Schools,Private,Junior high school,"Data_QC Caring Cities Tracker, QC Administrative Data - Private schools",#N/A,#N/A,121.0655865,14.6819092,#N/A,#N/A,#N/A,#N/A,Administrative data
770,Juan Miguel Academy of Quezon City,"#36 Diego Silang, Area 2, Brgy. Pasong Tamo, QC","36 Diego Silang, Area 2, Barangay Pasong Tamo, Quezon City, Philippines",Pasong Tamo,6,Schools,Private,Elementary school,"Data_QC Caring Cities Tracker, QC Administrative Data - Private schools",#N/A,#N/A,121.0655865,14.6819092,#N/A,#N/A,#N/A,#N/A,Administrative data
771,Juan Sumulong High School,#N/A,#N/A,San Roque,3,Schools,Public,High school,"Data_QC Caring Cities Tracker, QC Administrative Data - Public schools",#N/A,#N/A,121.0612792,14.6220118,#N/A,#N/A,#N/A,#N/A,Administrative data
772,"Jubilee Christian Academy, Inc.","6th St. Cor. Hemady, Brgy. Mariana, QC","6th Street corner Hemady, Barangay Mariana, Quezon City, Philippines",Mariana,4,Schools,Private,Preschool,"Data_QC Caring Cities Tracker, QC Administrative Data - Private schools",#N/A,#N/A,121.0350083,14.6182403,#N/A,#N/A,#N/A,#N/A,Administrative data
773,"Jubilee Christian Academy, Inc.","6th St. Cor. Hemady, Brgy. Mariana, QC","6th Street corner Hemady, Barangay Mariana, Quezon City, Philippines",Mariana,4,Schools,Private,Elementary school,"Data_QC Caring Cities Tracker, QC Administrative Data - Private schools",#N/A,#N/A,121.0350083,14.6182403,#N/A,#N/A,#N/A,#N/A,Administrative data
774,"Jubilee Christian Academy, Inc.","6th St. Cor. Hemady, Brgy. Mariana, QC","6th Street corner Hemady, Barangay Mariana, Quezon City, Philippines",Mariana,4,Schools,Private,Junior high school,"Data_QC Caring Cities Tracker, QC Administrative Data - Private schools",#N/A,#N/A,121.0350083,14.6182403,#N/A,#N/A,#N/A,#N/A,Administrative data
775,"Jubilee Christian Academy, Inc.","6th St. Cor. Hemady, Brgy. Mariana, QC","6th Street corner Hemady, Barangay Mariana, Quezon City, Philippines",Mariana,4,Schools,Private,Senior high school,"Data_QC Caring Cities Tracker, QC Administrative Data - Private schools",#N/A,#N/A,121.0350083,14.6182403,#N/A,#N/A,#N/A,#N/A,Administrative data
776,"Judge Feliciano Belmonte, Sr. HS",#N/A,#N/A,Holy Spirit,2,Schools,Public,High school,"Data_QC Caring Cities Tracker, QC Administrative Data - Public schools",#N/A,#N/A,121.0713104,14.6784197,#N/A,#N/A,#N/A,#N/A,Administrative data
777,Judge Juan Luna HS,#N/A,#N/A,Bungad,1,Schools,Public,High school,"Data_QC Caring Cities Tracker, QC Administrative Data - Public schools",#N/A,#N/A,121.0211241,14.6505865,#N/A,#N/A,#N/A,#N/A,Administrative data
779,Justice Cecilia Muñoz Palma High School,#N/A,#N/A,Payatas,2,Schools,Public,High school,"Data_QC Caring Cities Tracker, QC Administrative Data - Public schools",#N/A,#N/A,121.095183,14.7137561,#N/A,#N/A,#N/A,#N/A,Administrative data
780,Justice Cecilia Muñoz Palma Senior High School,#N/A,#N/A,Payatas,2,Schools,Public,Senior high school,"Data_QC Caring Cities Tracker, QC Administrative Data - Public schools",#N/A,#N/A,121.095183,14.7137561,#N/A,#N/A,#N/A,#N/A,Administrative data
785,Kalantiyaw ES,#N/A,#N/A,Bagumbuhay,3,Schools,Public,Elementary school,"Data_QC Caring Cities Tracker, QC Administrative Data - Public schools",#N/A,#N/A,121.0654628,14.6243008,#N/A,#N/A,#N/A,#N/A,Administrative data
793,Kaligayahan ES,#N/A,#N/A,Kaligayahan,5,Schools,Public,Elementary school,"Data_QC Caring Cities Tracker, QC Administrative Data - Public schools",#N/A,#N/A,121.0456998,14.7289151,#N/A,#N/A,#N/A,#N/A,Administrative data
799,Kamuning ES,#N/A,#N/A,Sacred Heart,4,Schools,Public,Elementary school,"Data_QC Caring Cities Tracker, QC Administrative Data - Public schools",#N/A,#N/A,121.0365784,14.6297074,#N/A,#N/A,#N/A,#N/A,Administrative data
802,"Karis Christian Acad.Found., Inc.","Lot 3 Block 9, Sitio Mendez, Baesa, Q.C.","Lot 3 Block 9, Sitio Mendez, Baesa, Quezon City, Philippines",Baesa,6,Schools,Private,Preschool,"Data_QC Caring Cities Tracker, QC Administrative Data - Private schools",#N/A,#N/A,121.0128088,14.6687979,#N/A,#N/A,#N/A,#N/A,Administrative data
803,"Karis Christian Acad.Found., Inc.","Lot 3 Block 9, Sitio Mendez, Baesa, Q.C.","Lot 3 Block 9, Sitio Mendez, Baesa, Quezon City, Philippines",Baesa,6,Schools,Private,Elementary school,"Data_QC Caring Cities Tracker, QC Administrative Data - Private schools",#N/A,#N/A,121.0128088,14.6687979,#N/A,#N/A,#N/A,#N/A,Administrative data
804,"Karis Christian Acad.Found., Inc.","Lot 3 Block 9, Sitio Mendez, Baesa, Q.C.","Lot 3 Block 9, Sitio Mendez, Baesa, Quezon City, Philippines",Baesa,6,Schools,Private,Junior high school,"Data_QC Caring Cities Tracker, QC Administrative Data - Private schools",#N/A,#N/A,121.0128088,14.6687979,#N/A,#N/A,#N/A,#N/A,Administrative data
813,KBCF Kinder Care,"#4 11th Jamboree St., Brgy. Sacred Heart, QC","4 11th Jamboree Street, Barangay Sacred Heart, Quezon City, Philippines",Sacred Heart,4,Schools,Private,Preschool,"Data_QC Caring Cities Tracker, QC Administrative Data - Private schools",#N/A,#N/A,121.0410479,14.630281,#N/A,#N/A,#N/A,#N/A,Administrative data
818,Kings Montessori School,"48 King Ferninand St., Kingspoint Subd., Bagbag, QC","48 King Ferninand Street, Kingspoint Subdivision, Bagbag, Quezon City, Philippines",Bagbag,5,Schools,Private,Junior high school,"Data_QC Caring Cities Tracker, QC Administrative Data - Private schools",#N/A,#N/A,121.0254218,14.6998049,#N/A,#N/A,#N/A,#N/A,Administrative data
819,Kings Montessori School,"48 King Ferninand St., Kingspoint Subd., Bagbag, QC","48 King Ferninand Street, Kingspoint Subdivision, Bagbag, Quezon City, Philippines",Bagbag,5,Schools,Private,Elementary school,"Data_QC Caring Cities Tracker, QC Administrative Data - Private schools",#N/A,#N/A,121.0254218,14.6998049,#N/A,#N/A,#N/A,#N/A,Administrative data
820,Kings Montessori School,"48 King Ferninand St., Kingspoint Subd., Bagbag, QC","48 King Ferninand Street, Kingspoint Subdivision, Bagbag, Quezon City, Philippines",Bagbag,5,Schools,Private,Preschool,"Data_QC Caring Cities Tracker, QC Administrative Data - Private schools",#N/A,#N/A,121.0254218,14.6998049,#N/A,#N/A,#N/A,#N/A,Administrative data
821,"Kingsville Learning Center, Inc.","006 Diego Silang St. , Sta. Lucia, Novaliches, QC","006 Diego Silang Street , Sta. Lucia, Novaliches, Quezon City, Philippines",Sta. Lucia,5,Schools,Private,Preschool,"Data_QC Caring Cities Tracker, QC Administrative Data - Private schools",#N/A,#N/A,121.0488162,14.7053456,#N/A,#N/A,#N/A,#N/A,Administrative data
822,"Kingsville Learning Center, Inc.","006 Diego Silang St. , Sta. Lucia, Novaliches, QC","006 Diego Silang Street , Sta. Lucia, Novaliches, Quezon City, Philippines",Sta. Lucia,5,Schools,Private,Elementary school,"Data_QC Caring Cities Tracker, QC Administrative Data - Private schools",#N/A,#N/A,121.0488162,14.7053456,#N/A,#N/A,#N/A,#N/A,Administrative data
824,kolisko waldorf school inc.,"#65, baler st., bungad, quezon city, ncr, 1105","65, baler Street, bungad, quezon city, ncr, 1105, Philippines",Bungad,1,Schools,Private,Private school,"QC Future Ready dashboard, Schools",8:00AM,5:00PM,121.0251332,14.6475293,#N/A,#N/A,#N/A,#N/A,Administrative data
826,Krus na Ligas Elementary School,#N/A,#N/A,Krus na Ligas,4,Schools,Public,Elementary school,"Data_QC Caring Cities Tracker, QC Administrative Data - Public schools",#N/A,#N/A,121.063939,14.643901,#N/A,#N/A,#N/A,#N/A,Administrative data
827,Krus na Ligas HS,#N/A,#N/A,Krus na Ligas,4,Schools,Public,High school,"Data_QC Caring Cities Tracker, QC Administrative Data - Public schools",#N/A,#N/A,121.062411,14.64446,#N/A,#N/A,#N/A,#N/A,Administrative data
829,"Kumdan Jungang Christian School Inc. (Formrly:Batasan Chunan Christian School, Inc.)","#181 Bayanihan St., Sitio 3, Batasan Hills, QC","181 Bayanihan Street, Sitio 3, Batasan Hills, Quezon City, Philippines",Batasan Hills,2,Schools,Private,Preschool,"Data_QC Caring Cities Tracker, QC Administrative Data - Private schools",#N/A,#N/A,121.0954642,14.6870775,#N/A,#N/A,#N/A,#N/A,Administrative data
830,"Kumdan Jungang Christian School Inc. (Formrly:Batasan Chunan Christian School, Inc.)","#181 Bayanihan St., Sitio 3, Batasan Hills, QC","181 Bayanihan Street, Sitio 3, Batasan Hills, Quezon City, Philippines",Batasan Hills,2,Schools,Private,Elementary school,"Data_QC Caring Cities Tracker, QC Administrative Data - Private schools",#N/A,#N/A,121.0954642,14.6870775,#N/A,#N/A,#N/A,#N/A,Administrative data
831,"Kumdan Jungang Christian School Inc. (Formrly:Batasan Chunan Christian School, Inc.)","#181 Bayanihan St., Sitio 3, Batasan Hills, QC","181 Bayanihan Street, Sitio 3, Batasan Hills, Quezon City, Philippines",Batasan Hills,2,Schools,Private,Junior high school,"Data_QC Caring Cities Tracker, QC Administrative Data - Private schools",#N/A,#N/A,121.0954642,14.6870775,#N/A,#N/A,#N/A,#N/A,Administrative data
832,"Kumdan Jungang Christian School Inc. (Formrly:Batasan Chunan Christian School, Inc.)","#181 Bayanihan St., Sitio 3, Batasan Hills, QC","181 Bayanihan Street, Sitio 3, Batasan Hills, Quezon City, Philippines",Batasan Hills,2,Schools,Private,Senior high school,"Data_QC Caring Cities Tracker, QC Administrative Data - Private schools",#N/A,#N/A,121.0954642,14.6870775,#N/A,#N/A,#N/A,#N/A,Administrative data
833,Kumpee Care College - Resume operation SY 2023-2024,"568 A. Bonifacio St., Bagong Silangan QC.","568 A. Bonifacio Street, Bagong Silangan Quezon City., Philippines",Bagong Silangan,2,Schools,Private,Preschool,"Data_QC Caring Cities Tracker, QC Administrative Data - Private schools",#N/A,#N/A,121.1109931,14.6973428,#N/A,#N/A,#N/A,#N/A,Administrative data
834,Kumpee Care College - Resume operation SY 2023-2024,"568 A. Bonifacio St., Bagong Silangan QC.","568 A. Bonifacio Street, Bagong Silangan Quezon City., Philippines",Bagong Silangan,2,Schools,Private,Elementary school,"Data_QC Caring Cities Tracker, QC Administrative Data - Private schools",#N/A,#N/A,121.1109931,14.6973428,#N/A,#N/A,#N/A,#N/A,Administrative data
835,Kumpee Care College - Resume operation SY 2023-2024,"568 A. Bonifacio St., Bagong Silangan QC.","568 A. Bonifacio Street, Bagong Silangan Quezon City., Philippines",Bagong Silangan,2,Schools,Private,Junior high school,"Data_QC Caring Cities Tracker, QC Administrative Data - Private schools",#N/A,#N/A,121.1109931,14.6973428,#N/A,#N/A,#N/A,#N/A,Administrative data
836,Kumpee Care College - Resume operation SY 2023-2024,"568 A. Bonifacio St., Bagong Silangan QC.","568 A. Bonifacio Street, Bagong Silangan Quezon City., Philippines",Bagong Silangan,2,Schools,Private,Senior high school,"Data_QC Caring Cities Tracker, QC Administrative Data - Private schools",#N/A,#N/A,121.1109931,14.6973428,#N/A,#N/A,#N/A,#N/A,Administrative data
838,La Loma Baptist Christian Academy Inc.,"197 Isarog St., La Loma, Quezon City","197 Isarog Street, La Loma, Quezon City, Philippines",#N/A,1,Schools,Private,Junior high school,"Data_QC Caring Cities Tracker, QC Administrative Data - Private schools",#N/A,#N/A,120.9909,14.628788,#N/A,#N/A,#N/A,#N/A,Administrative data
839,La Loma Baptist Christian Academy Inc.,"197 Isarog St., La Loma, Quezon City","197 Isarog Street, La Loma, Quezon City, Philippines",#N/A,1,Schools,Private,Preschool,"Data_QC Caring Cities Tracker, QC Administrative Data - Private schools",#N/A,#N/A,120.9909,14.628788,#N/A,#N/A,#N/A,#N/A,Administrative data
840,La Loma Baptist Christian Academy Inc.,"197 Isarog St., La Loma, Quezon City","197 Isarog Street, La Loma, Quezon City, Philippines",#N/A,1,Schools,Private,Elementary school,"Data_QC Caring Cities Tracker, QC Administrative Data - Private schools",#N/A,#N/A,120.9909,14.628788,#N/A,#N/A,#N/A,#N/A,Administrative data
842,"Lady Anne's Preparatory School of Q.C., Inc.","37 Area 6 Luzon Avenue, Old Balara QC","37 Area 6 Luzon Avenue, Old Balara Quezon City, Philippines",Matandang Balara,3,Schools,Private,Elementary school,"Data_QC Caring Cities Tracker, QC Administrative Data - Private schools",#N/A,#N/A,121.0693607,14.6719307,#N/A,#N/A,#N/A,#N/A,Administrative data
843,"Lady Anne's Preparatory School of Q.C., Inc.","37 Area 6 Luzon Avenue, Old Balara QC","37 Area 6 Luzon Avenue, Old Balara Quezon City, Philippines",Matandang Balara,3,Schools,Private,Preschool,"Data_QC Caring Cities Tracker, QC Administrative Data - Private schools",#N/A,#N/A,121.0693607,14.6719307,#N/A,#N/A,#N/A,#N/A,Administrative data
844,Lagro ES,#N/A,#N/A,Greater Lagro,5,Schools,Public,Elementary school,"Data_QC Caring Cities Tracker, QC Administrative Data - Public schools",#N/A,#N/A,121.067789,14.729226,#N/A,#N/A,#N/A,#N/A,Administrative data
845,Lagro HS,#N/A,#N/A,Greater Lagro,5,Schools,Public,High school,"Data_QC Caring Cities Tracker, QC Administrative Data - Public schools",#N/A,#N/A,121.0665253,14.7268341,#N/A,#N/A,#N/A,#N/A,Administrative data
849,Leandro Locsin Integrated School,#N/A,#N/A,Kaligayahan,5,Schools,Public,High school,"Data_QC Caring Cities Tracker, QC Administrative Data - Public schools",#N/A,#N/A,121.0455623,14.7291416,#N/A,#N/A,#N/A,#N/A,Administrative data
850,"Learn and Play Child Dev't. and Study Center, Inc.","#92 New York St., Corner Oxford St., Cubao, QC","92 New York Street, Corner Oxford Street, Cubao, Quezon City, Philippines",E. Rodriguez,3,Schools,Private,Preschool,"Data_QC Caring Cities Tracker, QC Administrative Data - Private schools",#N/A,#N/A,121.0528539,14.6275914,#N/A,#N/A,#N/A,#N/A,Administrative data
851,"Learning Institute of St. Augustine, Inc","Mahogany St., Brgy. Payatas B, Q.C.","Mahogany Street, Barangay Payatas B, Quezon City, Philippines",Payatas,2,Schools,Private,Preschool,"Data_QC Caring Cities Tracker, QC Administrative Data - Private schools",#N/A,#N/A,#N/A,#N/A,#N/A,#N/A,#N/A,#N/A,Administrative data
852,"Learning Institute of St. Augustine, Inc","Mahogany St., Brgy. Payatas B, Q.C.","Mahogany Street, Barangay Payatas B, Quezon City, Philippines",Payatas,2,Schools,Private,Elementary school,"Data_QC Caring Cities Tracker, QC Administrative Data - Private schools",#N/A,#N/A,#N/A,#N/A,#N/A,#N/A,#N/A,#N/A,Administrative data
853,"Learning Institute of St. Augustine, Inc","Mahogany St., Brgy. Payatas B, Q.C.","Mahogany Street, Barangay Payatas B, Quezon City, Philippines",Payatas,2,Schools,Private,Junior high school,"Data_QC Caring Cities Tracker, QC Administrative Data - Private schools",#N/A,#N/A,#N/A,#N/A,#N/A,#N/A,#N/A,#N/A,Administrative data
854,"Learning Institute of St. Augustine, Inc","Mahogany St., Brgy. Payatas B, Q.C.","Mahogany Street, Barangay Payatas B, Quezon City, Philippines",Payatas,2,Schools,Private,Senior high school,"Data_QC Caring Cities Tracker, QC Administrative Data - Private schools",#N/A,#N/A,#N/A,#N/A,#N/A,#N/A,#N/A,#N/A,Administrative data
856,LEOPOLDO B. SANTOS ELEMENTARY SCHOOL,#N/A,#N/A,Baesa,6,Schools,Public,Elementary school,"Data_QC Caring Cities Tracker, QC Administrative Data - Public schools",#N/A,#N/A,121.0130067,14.6758123,#N/A,#N/A,#N/A,#N/A,Administrative data
860,Libis ES,#N/A,#N/A,Libis,3,Schools,Public,Elementary school,"Data_QC Caring Cities Tracker, QC Administrative Data - Public schools",#N/A,#N/A,121.0727412,14.6152595,#N/A,#N/A,#N/A,#N/A,Administrative data
861,Lieve Deheegher Educational Center,"158 Ma. Clara St., Talayan Vill., QC","158 Ma. Clara Street, Talayan Village, Quezon City, Philippines",Talayan,1,Schools,Private,Preschool,"Data_QC Caring Cities Tracker, QC Administrative Data - Private schools",#N/A,#N/A,121.0128729,14.6310416,#N/A,#N/A,#N/A,#N/A,Administrative data
863,"Lifegiver Educational Center, Inc.","#33 Rose St. Area 9,, Pasong Tamo, QC","33 Rose Street Area 9, Pasong Tamo, Quezon City, Philippines",Pasong Tamo,6,Schools,Private,Preschool,"Data_QC Caring Cities Tracker, QC Administrative Data - Private schools",#N/A,#N/A,121.0682999,14.6761018,#N/A,#N/A,#N/A,#N/A,Administrative data
864,"Lifegiver Educational Center, Inc.","#33 Rose St. Area 9,, Pasong Tamo, QC","33 Rose Street Area 9, Pasong Tamo, Quezon City, Philippines",Pasong Tamo,6,Schools,Private,Elementary school,"Data_QC Caring Cities Tracker, QC Administrative Data - Private schools",#N/A,#N/A,121.0682999,14.6761018,#N/A,#N/A,#N/A,#N/A,Administrative data
865,Lincoln School of Arts and Languages,"Lot 2 & 4, Block 229, Mindanao Avenue, Extension, Neopolitan Subd, QC","Lot 2 & 4, Block 229, Mindanao Avenue, Extension, Neopolitan Subd, Quezon City, Philippines",#N/A,5,Schools,Private,Preschool,"Data_QC Caring Cities Tracker, QC Administrative Data - Private schools",#N/A,#N/A,#N/A,#N/A,#N/A,#N/A,#N/A,#N/A,Administrative data
866,Lincoln School of Arts and Languages,"Lot 2 & 4, Block 229, Mindanao Avenue, Extension, Neopolitan Subd, QC","Lot 2 & 4, Block 229, Mindanao Avenue, Extension, Neopolitan Subd, Quezon City, Philippines",#N/A,5,Schools,Private,Elementary school,"Data_QC Caring Cities Tracker, QC Administrative Data - Private schools",#N/A,#N/A,#N/A,#N/A,#N/A,#N/A,#N/A,#N/A,Administrative data
867,Links Learning Center Corp,"#24 Scout Limbaga Street, Brgy. Laging Handa, QC","24 Scout Limbaga Street, Barangay Laging Handa, Quezon City, Philippines",Laging Handa,4,Schools,Private,Elementary school,"Data_QC Caring Cities Tracker, QC Administrative Data - Private schools",#N/A,#N/A,121.0293063,14.6344385,#N/A,#N/A,#N/A,#N/A,Administrative data
868,Links Learning Center Corp,"#24 Scout Limbaga Street, Brgy. Laging Handa, QC","24 Scout Limbaga Street, Barangay Laging Handa, Quezon City, Philippines",Laging Handa,4,Schools,Private,Preschool,"Data_QC Caring Cities Tracker, QC Administrative Data - Private schools",#N/A,#N/A,121.0293063,14.6344385,#N/A,#N/A,#N/A,#N/A,Administrative data
870,"Little Anak Learning School, Inc","No.9 Silver St., Rockville Subd., Brgy. San Bartolome, Nova. QC","9 Silver Street, Rockville Subdivision, Barangay San Bartolome, Nova. Quezon City, Philippines",San Bartolome,5,Schools,Private,Preschool,"Data_QC Caring Cities Tracker, QC Administrative Data - Private schools",#N/A,#N/A,121.0366826,14.7000893,#N/A,#N/A,#N/A,#N/A,Administrative data
871,"Little Anak Learning School, Inc","No.9 Silver St., Rockville Subd., Brgy. San Bartolome, Nova. QC","9 Silver Street, Rockville Subdivision, Barangay San Bartolome, Nova. Quezon City, Philippines",San Bartolome,5,Schools,Private,Elementary school,"Data_QC Caring Cities Tracker, QC Administrative Data - Private schools",#N/A,#N/A,121.0366826,14.7000893,#N/A,#N/A,#N/A,#N/A,Administrative data
873,"Little King of Kings Learning Center of Novaliches, Inc.","#11 Magsaysay Ave., Doña Faustina Subd., San Bartolome, Nova., QC","11 Magsaysay Avenue, Doña Faustina Subdivision, San Bartolome, Nova., Quezon City, Philippines",San Bartolome,5,Schools,Private,Elementary school,"Data_QC Caring Cities Tracker, QC Administrative Data - Private schools",#N/A,#N/A,121.0281606,14.7104667,#N/A,#N/A,#N/A,#N/A,Administrative data
874,"Little King of Kings Learning Center of Novaliches, Inc.","#11 Magsaysay Ave., Doña Faustina Subd., San Bartolome, Nova., QC","11 Magsaysay Avenue, Doña Faustina Subdivision, San Bartolome, Nova., Quezon City, Philippines",San Bartolome,5,Schools,Private,Preschool,"Data_QC Caring Cities Tracker, QC Administrative Data - Private schools",#N/A,#N/A,121.0281606,14.7104667,#N/A,#N/A,#N/A,#N/A,Administrative data
877,Little Shepherd Child. Dev. Ctr.,"B6 L30-31, San Pedro 7, San Bartolome, Nova., QC","B6 L30-31, San Pedro 7, San Bartolome, Nova., Quezon City, Philippines",San Bartolome,5,Schools,Private,Elementary school,"Data_QC Caring Cities Tracker, QC Administrative Data - Private schools",#N/A,#N/A,121.0451926,14.7011018,#N/A,#N/A,#N/A,#N/A,Administrative data
878,Little Shepherd Child. Dev. Ctr.,"B6 L30-31, San Pedro 7, San Bartolome, Nova., QC","B6 L30-31, San Pedro 7, San Bartolome, Nova., Quezon City, Philippines",San Bartolome,5,Schools,Private,Preschool,"Data_QC Caring Cities Tracker, QC Administrative Data - Private schools",#N/A,#N/A,121.0451926,14.7011018,#N/A,#N/A,#N/A,#N/A,Administrative data
880,"Little Stephanie Learning School, Inc","#111 P. Dela Cruz, Brgy. San Bartolome, QC","111 P. Dela Cruz, Barangay San Bartolome, Quezon City, Philippines",San Bartolome,5,Schools,Private,Elementary school,"Data_QC Caring Cities Tracker, QC Administrative Data - Private schools",#N/A,#N/A,#N/A,#N/A,#N/A,#N/A,#N/A,#N/A,Administrative data
881,"Little Stephanie Learning School, Inc","#111 P. Dela Cruz, Brgy. San Bartolome, QC","111 P. Dela Cruz, Barangay San Bartolome, Quezon City, Philippines",San Bartolome,5,Schools,Private,Preschool,"Data_QC Caring Cities Tracker, QC Administrative Data - Private schools",#N/A,#N/A,#N/A,#N/A,#N/A,#N/A,#N/A,#N/A,Administrative data
884,"Lois Charity Lrng. Ctr., Inc.","47 Presidential, Batasan Hills, QC","47 Presidential, Batasan Hills, Quezon City, Philippines",Batasan Hills,2,Schools,Private,Elementary school,"Data_QC Caring Cities Tracker, QC Administrative Data - Private schools",#N/A,#N/A,121.0977053,14.6871518,#N/A,#N/A,#N/A,#N/A,Administrative data
885,"Lois Charity Lrng. Ctr., Inc.","47 Presidential, Batasan Hills, QC","47 Presidential, Batasan Hills, Quezon City, Philippines",Batasan Hills,2,Schools,Private,Preschool,"Data_QC Caring Cities Tracker, QC Administrative Data - Private schools",#N/A,#N/A,121.0977053,14.6871518,#N/A,#N/A,#N/A,#N/A,Administrative data
886,Lord's Grace Learning Center Inc.,"#1 Rose St.,, Area 8, Brgy. Pasong Tamo, QC","1 Rose Street, Area 8, Barangay Pasong Tamo, Quezon City, Philippines",Pasong Tamo,6,Schools,Private,Preschool,"Data_QC Caring Cities Tracker, QC Administrative Data - Private schools",#N/A,#N/A,121.0654194,14.6760586,#N/A,#N/A,#N/A,#N/A,Administrative data
887,Lord's Grace Learning Center Inc.,"#1 Rose St.,, Area 8, Brgy. Pasong Tamo, QC","1 Rose Street, Area 8, Barangay Pasong Tamo, Quezon City, Philippines",Pasong Tamo,6,Schools,Private,Elementary school,"Data_QC Caring Cities Tracker, QC Administrative Data - Private schools",#N/A,#N/A,121.0654194,14.6760586,#N/A,#N/A,#N/A,#N/A,Administrative data
888,"Lord Jesus Lrng Inst., Inc.(Frmrly Child Jesus Acad.)","#17 Bignay St., Quirino II-A, Proj. 2, QC","17 Bignay Street, Quirino II-A, Proj. 2, Quezon City, Philippines",#N/A,3,Schools,Private,Junior high school,"Data_QC Caring Cities Tracker, QC Administrative Data - Private schools",#N/A,#N/A,121.0568862,14.6302569,#N/A,#N/A,#N/A,#N/A,Administrative data
889,"Lord Jesus Lrng Inst., Inc.(Frmrly Child Jesus Acad.)","#17 Bignay St., Quirino II-A, Proj. 2, QC","17 Bignay Street, Quirino II-A, Proj. 2, Quezon City, Philippines",#N/A,3,Schools,Private,Elementary school,"Data_QC Caring Cities Tracker, QC Administrative Data - Private schools",#N/A,#N/A,121.0568862,14.6302569,#N/A,#N/A,#N/A,#N/A,Administrative data
890,"Lord Jesus Lrng Inst., Inc.(Frmrly Child Jesus Acad.)","#17 Bignay St., Quirino II-A, Proj. 2, QC","17 Bignay Street, Quirino II-A, Proj. 2, Quezon City, Philippines",#N/A,3,Schools,Private,Preschool,"Data_QC Caring Cities Tracker, QC Administrative Data - Private schools",#N/A,#N/A,121.0568862,14.6302569,#N/A,#N/A,#N/A,#N/A,Administrative data
891,"Lord Jesus Our Redeemer Christian Academy, Inc.","#380 Quirino Hi-way, Brgy Talipapa, Sangandaan, Nova., QC","380 Quirino Hi-way, Barangay Talipapa, Sangandaan, Nova., Quezon City, Philippines",Talipapa,6,Schools,Private,Junior high school,"Data_QC Caring Cities Tracker, QC Administrative Data - Private schools",#N/A,#N/A,121.0193302,14.680324,#N/A,#N/A,#N/A,#N/A,Administrative data
892,"Lord Jesus Our Redeemer Christian Academy, Inc.","#380 Quirino Hi-way, Brgy Talipapa, Sangandaan, Nova., QC","380 Quirino Hi-way, Barangay Talipapa, Sangandaan, Nova., Quezon City, Philippines",Talipapa,6,Schools,Private,Senior high school,"Data_QC Caring Cities Tracker, QC Administrative Data - Private schools",#N/A,#N/A,121.0193302,14.680324,#N/A,#N/A,#N/A,#N/A,Administrative data
893,"Lord Jesus Our Redeemer Christian Academy, Inc.","#380 Quirino Hi-way, Brgy Talipapa, Sangandaan, Nova., QC","380 Quirino Hi-way, Barangay Talipapa, Sangandaan, Nova., Quezon City, Philippines",Talipapa,6,Schools,Private,Elementary school,"Data_QC Caring Cities Tracker, QC Administrative Data - Private schools",#N/A,#N/A,121.0193302,14.680324,#N/A,#N/A,#N/A,#N/A,Administrative data
894,"Lord Jesus Our Redeemer Christian Academy, Inc.","#380 Quirino Hi-way, Brgy Talipapa, Sangandaan, Nova., QC","380 Quirino Hi-way, Barangay Talipapa, Sangandaan, Nova., Quezon City, Philippines",Talipapa,6,Schools,Private,Preschool,"Data_QC Caring Cities Tracker, QC Administrative Data - Private schools",#N/A,#N/A,121.0193302,14.680324,#N/A,#N/A,#N/A,#N/A,Administrative data
895,Lourdes School of Q.C.,"Kanlaon Cor. Retiro St., Brgy. Maharlika, Q.C.","Kanlaon corner Retiro Street, Barangay Maharlika, Quezon City, Philippines",Maharlika,1,Schools,Private,Preschool,"Data_QC Caring Cities Tracker, QC Administrative Data - Private schools",#N/A,#N/A,120.9964589,14.6303181,#N/A,#N/A,#N/A,#N/A,Administrative data
896,Lourdes School of Q.C.,"Kanlaon Cor. Retiro St., Brgy. Maharlika, Q.C.","Kanlaon corner Retiro Street, Barangay Maharlika, Quezon City, Philippines",Maharlika,1,Schools,Private,Elementary school,"Data_QC Caring Cities Tracker, QC Administrative Data - Private schools",#N/A,#N/A,120.9964589,14.6303181,#N/A,#N/A,#N/A,#N/A,Administrative data
897,Lourdes School of Q.C.,"Kanlaon Cor. Retiro St., Brgy. Maharlika, Q.C.","Kanlaon corner Retiro Street, Barangay Maharlika, Quezon City, Philippines",Maharlika,1,Schools,Private,Junior high school,"Data_QC Caring Cities Tracker, QC Administrative Data - Private schools",#N/A,#N/A,120.9964589,14.6303181,#N/A,#N/A,#N/A,#N/A,Administrative data
898,Lourdes School of Q.C.,"Kanlaon Cor. Retiro St., Brgy. Maharlika, Q.C.","Kanlaon corner Retiro Street, Barangay Maharlika, Quezon City, Philippines",Maharlika,1,Schools,Private,Senior high school,"Data_QC Caring Cities Tracker, QC Administrative Data - Private schools",#N/A,#N/A,120.9964589,14.6303181,#N/A,#N/A,#N/A,#N/A,Administrative data
904,Lucas R. Pascual Memorial Elementary School,#N/A,#N/A,Baesa,6,Schools,Public,Elementary school,"Data_QC Caring Cities Tracker, QC Administrative Data - Public schools",#N/A,#N/A,121.009408,14.6705804,#N/A,#N/A,#N/A,#N/A,Administrative data
905,Lucrecia R. Kasilag Senior High School,#N/A,#N/A,Veterans Village,1,Schools,Public,Senior high school,"Data_QC Caring Cities Tracker, QC Administrative Data - Public schools",#N/A,#N/A,121.0238584,14.6541832,#N/A,#N/A,#N/A,#N/A,Administrative data
907,Lupang Pangako Elementary School,#N/A,#N/A,Payatas,2,Schools,Public,Elementary school,"Data_QC Caring Cities Tracker, QC Administrative Data - Public schools",#N/A,#N/A,121.107058,14.719151,#N/A,#N/A,#N/A,#N/A,Administrative data
909,Macquarie Preparatory School Inc.,"44 Scout Gandia Street, Laging Handa, QC.","44 Scout Gandia Street, Laging Handa, Quezon City., Philippines",Laging Handa,4,Schools,Private,Elementary school,"Data_QC Caring Cities Tracker, QC Administrative Data - Private schools",#N/A,#N/A,121.0295664,14.6327265,#N/A,#N/A,#N/A,#N/A,Administrative data
910,Macquarie Preparatory School Inc.,"44 Scout Gandia Street, Laging Handa, QC.","44 Scout Gandia Street, Laging Handa, Quezon City., Philippines",Laging Handa,4,Schools,Private,Junior high school,"Data_QC Caring Cities Tracker, QC Administrative Data - Private schools",#N/A,#N/A,121.0295664,14.6327265,#N/A,#N/A,#N/A,#N/A,Administrative data
911,Macquarie Preparatory School Inc.,"44 Scout Gandia Street, Laging Handa, QC.","44 Scout Gandia Street, Laging Handa, Quezon City., Philippines",Laging Handa,4,Schools,Private,Preschool,"Data_QC Caring Cities Tracker, QC Administrative Data - Private schools",#N/A,#N/A,121.0295664,14.6327265,#N/A,#N/A,#N/A,#N/A,Administrative data
914,Malaya ES,#N/A,#N/A,Malaya,4,Schools,Public,Elementary school,"Data_QC Caring Cities Tracker, QC Administrative Data - Public schools",#N/A,#N/A,121.0549645,14.634784,#N/A,#N/A,#N/A,#N/A,Administrative data
916,Maligaya ES,#N/A,#N/A,Pasong Putik Proper,5,Schools,Public,Elementary school,"Data_QC Caring Cities Tracker, QC Administrative Data - Public schools",#N/A,#N/A,121.0651169,14.7419296,#N/A,#N/A,#N/A,#N/A,Administrative data
917,Maligaya HS,#N/A,#N/A,Pasong Putik Proper,5,Schools,Public,High school,"Data_QC Caring Cities Tracker, QC Administrative Data - Public schools",#N/A,#N/A,121.0654888,14.7411572,#N/A,#N/A,#N/A,#N/A,Administrative data
919,Manila Center Adventist Elementary School,"D. Tuazon St., Brgy. Lourdes, Q.C.","D. Tuazon Street, Barangay Lourdes, Quezon City, Philippines",Lourdes,1,Schools,Private,Preschool,"Data_QC Caring Cities Tracker, QC Administrative Data - Private schools",#N/A,#N/A,#N/A,#N/A,#N/A,#N/A,#N/A,#N/A,Administrative data
920,Manila Center Adventist Elementary School,"D. Tuazon St., Brgy. Lourdes, Q.C.","D. Tuazon Street, Barangay Lourdes, Quezon City, Philippines",Lourdes,1,Schools,Private,Elementary school,"Data_QC Caring Cities Tracker, QC Administrative Data - Private schools",#N/A,#N/A,#N/A,#N/A,#N/A,#N/A,#N/A,#N/A,Administrative data
922,Manuel A. Roxas HS,#N/A,#N/A,Paligsahan,4,Schools,Public,High school,"Data_QC Caring Cities Tracker, QC Administrative Data - Public schools",#N/A,#N/A,121.0247525,14.628899,#N/A,#N/A,#N/A,#N/A,Administrative data
923,Manuel L. Quezon ES,#N/A,#N/A,Commonwealth,2,Schools,Public,Elementary school,"Data_QC Caring Cities Tracker, QC Administrative Data - Public schools",#N/A,#N/A,121.0792574,14.6956723,#N/A,#N/A,#N/A,#N/A,Administrative data
924,Manuel L. Quezon University,"790 EDSA, Diliman, brgy Pinyahan, QC","790 EDSA, Diliman, Barangay Pinyahan, Quezon City, Philippines",Pinyahan,4,Schools,Private,Senior high school,"Data_QC Caring Cities Tracker, QC Administrative Data - Private schools",#N/A,#N/A,121.0434678,14.6366192,#N/A,#N/A,#N/A,#N/A,Administrative data
928,"Maranatha Chistian Aca., of Nova.","316 Geronimo St., Brgy., Santa Monica, Nova., QC","316 Geronimo Street, Barangay, Santa Monica, Nova., Quezon City, Philippines",Novaliches Proper,5,Schools,Private,Preschool,"Data_QC Caring Cities Tracker, QC Administrative Data - Private schools",#N/A,#N/A,#N/A,#N/A,#N/A,#N/A,#N/A,#N/A,Administrative data
929,"Maranatha Chistian Aca., of Nova.","316 Geronimo St., Brgy., Santa Monica, Nova., QC","316 Geronimo Street, Barangay, Santa Monica, Nova., Quezon City, Philippines",Novaliches Proper,5,Schools,Private,Elementary school,"Data_QC Caring Cities Tracker, QC Administrative Data - Private schools",#N/A,#N/A,#N/A,#N/A,#N/A,#N/A,#N/A,#N/A,Administrative data
930,"Maranatha Chistian Aca., of Nova.","316 Geronimo St., Brgy., Santa Monica, Nova., QC","316 Geronimo Street, Barangay, Santa Monica, Nova., Quezon City, Philippines",Novaliches Proper,5,Schools,Private,Senior high school,"Data_QC Caring Cities Tracker, QC Administrative Data - Private schools",#N/A,#N/A,#N/A,#N/A,#N/A,#N/A,#N/A,#N/A,Administrative data
931,"Maranatha Chistian Aca., of Nova.","316 Geronimo St., Brgy., Santa Monica, Nova., QC","316 Geronimo Street, Barangay, Santa Monica, Nova., Quezon City, Philippines",Novaliches Proper,5,Schools,Private,Junior high school,"Data_QC Caring Cities Tracker, QC Administrative Data - Private schools",#N/A,#N/A,#N/A,#N/A,#N/A,#N/A,#N/A,#N/A,Administrative data
932,MARCELO H. DEL PILAR ELEMENTARY SCHOOL,#N/A,#N/A,Kamuning,4,Schools,Public,Elementary school,"Data_QC Caring Cities Tracker, QC Administrative Data - Public schools",#N/A,#N/A,121.0445443,14.6288468,#N/A,#N/A,#N/A,#N/A,Administrative data
933,"Maria Lena Buhay Memorial Foundation, Inc.","25 Starline Road, Blue Ridge B, Quezon City","25 Starline Road, Blue Ridge B, Quezon City, Philippines",Blue Ridge B,3,Schools,Private,Special Education Program,"Data_QC Caring Cities Tracker, QC Administrative Data - Private schools",#N/A,#N/A,121.0765601,14.6188299,#N/A,#N/A,#N/A,#N/A,Administrative data
934,Maria Mont. Sch. Of Quezon City,"116 Visayas Ave., Brgy. Culiat, Quezon City","116 Visayas Avenue, Barangay Culiat, Quezon City, Philippines",Culiat,6,Schools,Private,Elementary school,"Data_QC Caring Cities Tracker, QC Administrative Data - Private schools",#N/A,#N/A,121.0434871,14.6663559,#N/A,#N/A,#N/A,#N/A,Administrative data
935,Maria Mont. Sch. Of Quezon City,"116 Visayas Ave., Brgy. Culiat, Quezon City","116 Visayas Avenue, Barangay Culiat, Quezon City, Philippines",Culiat,6,Schools,Private,Junior high school,"Data_QC Caring Cities Tracker, QC Administrative Data - Private schools",#N/A,#N/A,121.0434871,14.6663559,#N/A,#N/A,#N/A,#N/A,Administrative data
936,Maria Mont. Sch. Of Quezon City,"116 Visayas Ave., Brgy. Culiat, Quezon City","116 Visayas Avenue, Barangay Culiat, Quezon City, Philippines",Culiat,6,Schools,Private,Preschool,"Data_QC Caring Cities Tracker, QC Administrative Data - Private schools",#N/A,#N/A,121.0434871,14.6663559,#N/A,#N/A,#N/A,#N/A,Administrative data
937,"Maria Montessori School of Mount Carmel , Inc.","47 Morning Star Drive,Sanville Subd., Culiat Quezon City","47 Morning Star Drive,Sanville Subdivision, Culiat Quezon City, Philippines",Culiat,6,Schools,Private,Junior high school,"Data_QC Caring Cities Tracker, QC Administrative Data - Private schools",#N/A,#N/A,121.0488468,14.664242,#N/A,#N/A,#N/A,#N/A,Administrative data
938,"Maria Montessori School of Mount Carmel , Inc.","47 Morning Star Drive,Sanville Subd., Culiat Quezon City","47 Morning Star Drive,Sanville Subdivision, Culiat Quezon City, Philippines",Culiat,6,Schools,Private,Elementary school,"Data_QC Caring Cities Tracker, QC Administrative Data - Private schools",#N/A,#N/A,121.0488468,14.664242,#N/A,#N/A,#N/A,#N/A,Administrative data
939,"Maria Montessori School of Mount Carmel , Inc.","47 Morning Star Drive,Sanville Subd., Culiat Quezon City","47 Morning Star Drive,Sanville Subdivision, Culiat Quezon City, Philippines",Culiat,6,Schools,Private,Preschool,"Data_QC Caring Cities Tracker, QC Administrative Data - Private schools",#N/A,#N/A,121.0488468,14.664242,#N/A,#N/A,#N/A,#N/A,Administrative data
940,Marian School of Q.C.,"199 Sauyo Rd., Sauyo, Novaliches, Quezon City","199 Sauyo Road, Sauyo, Novaliches, Quezon City, Philippines",Sauyo,6,Schools,Private,Elementary school,"Data_QC Caring Cities Tracker, QC Administrative Data - Private schools",#N/A,#N/A,121.0433897,14.6942602,#N/A,#N/A,#N/A,#N/A,Administrative data
941,Marian School of Q.C.,"199 Sauyo Rd., Sauyo, Novaliches, Quezon City","199 Sauyo Road, Sauyo, Novaliches, Quezon City, Philippines",Sauyo,6,Schools,Private,Preschool,"Data_QC Caring Cities Tracker, QC Administrative Data - Private schools",#N/A,#N/A,121.0433897,14.6942602,#N/A,#N/A,#N/A,#N/A,Administrative data
942,Marian School of Q.C.,"199 Sauyo Rd., Sauyo, Novaliches, Quezon City","199 Sauyo Road, Sauyo, Novaliches, Quezon City, Philippines",Sauyo,6,Schools,Private,Junior high school,"Data_QC Caring Cities Tracker, QC Administrative Data - Private schools",#N/A,#N/A,121.0433897,14.6942602,#N/A,#N/A,#N/A,#N/A,Administrative data
943,Marian School of Q.C.,"199 Sauyo Rd., Sauyo, Novaliches, Quezon City","199 Sauyo Road, Sauyo, Novaliches, Quezon City, Philippines",Sauyo,6,Schools,Private,Senior high school,"Data_QC Caring Cities Tracker, QC Administrative Data - Private schools",#N/A,#N/A,121.0433897,14.6942602,#N/A,#N/A,#N/A,#N/A,Administrative data
947,"Marist School of Quezon City, Inc.","#21 BMA St., Brgy. Tatalon, QC","21 BMA Street, Barangay Tatalon, Quezon City, Philippines",Tatalon,4,Schools,Private,Preschool,"Data_QC Caring Cities Tracker, QC Administrative Data - Private schools",#N/A,#N/A,121.011417,14.6210117,#N/A,#N/A,#N/A,#N/A,Administrative data
948,"Marist School of Quezon City, Inc.","#21 BMA St., Brgy. Tatalon, QC","21 BMA Street, Barangay Tatalon, Quezon City, Philippines",Tatalon,4,Schools,Private,Elementary school,"Data_QC Caring Cities Tracker, QC Administrative Data - Private schools",#N/A,#N/A,121.011417,14.6210117,#N/A,#N/A,#N/A,#N/A,Administrative data
949,"Marist School of Quezon City, Inc.","#21 BMA St., Brgy. Tatalon, QC","21 BMA Street, Barangay Tatalon, Quezon City, Philippines",Tatalon,4,Schools,Private,Senior high school,"Data_QC Caring Cities Tracker, QC Administrative Data - Private schools",#N/A,#N/A,121.011417,14.6210117,#N/A,#N/A,#N/A,#N/A,Administrative data
950,"Marist School of Quezon City, Inc.","#21 BMA St., Brgy. Tatalon, QC","21 BMA Street, Barangay Tatalon, Quezon City, Philippines",Tatalon,4,Schools,Private,Junior high school,"Data_QC Caring Cities Tracker, QC Administrative Data - Private schools",#N/A,#N/A,121.011417,14.6210117,#N/A,#N/A,#N/A,#N/A,Administrative data
952,Marriott School,"49 Santiago St., SFDM, QC","49 Santiago Street, SFDM, Quezon City, Philippines",#N/A,1,Schools,Private,Junior high school,"Data_QC Caring Cities Tracker, QC Administrative Data - Private schools",#N/A,#N/A,121.0152692,14.6478356,#N/A,#N/A,#N/A,#N/A,Administrative data
953,Marriott School,"49 Santiago St., SFDM, QC","49 Santiago Street, SFDM, Quezon City, Philippines",#N/A,1,Schools,Private,Elementary school,"Data_QC Caring Cities Tracker, QC Administrative Data - Private schools",#N/A,#N/A,121.0152692,14.6478356,#N/A,#N/A,#N/A,#N/A,Administrative data
954,Marriott School,"49 Santiago St., SFDM, QC","49 Santiago Street, SFDM, Quezon City, Philippines",#N/A,1,Schools,Private,Preschool,"Data_QC Caring Cities Tracker, QC Administrative Data - Private schools",#N/A,#N/A,121.0152692,14.6478356,#N/A,#N/A,#N/A,#N/A,Administrative data
955,"Mary & Child Academy of Sauyo, Inc.","#10 Old Cabuyao, Brgy Sauyo, QC.","10 Old Cabuyao, Barangay Sauyo, Quezon City., Philippines",Sauyo,6,Schools,Private,Preschool,"Data_QC Caring Cities Tracker, QC Administrative Data - Private schools",#N/A,#N/A,#N/A,#N/A,#N/A,#N/A,#N/A,#N/A,Administrative data
956,"Mary & Child Academy of Sauyo, Inc.","#10 Old Cabuyao, Brgy Sauyo, QC.","10 Old Cabuyao, Barangay Sauyo, Quezon City., Philippines",Sauyo,6,Schools,Private,Elementary school,"Data_QC Caring Cities Tracker, QC Administrative Data - Private schools",#N/A,#N/A,#N/A,#N/A,#N/A,#N/A,#N/A,#N/A,Administrative data
957,"Mary & Child Academy of Sauyo, Inc.","#10 Old Cabuyao, Brgy Sauyo, QC.","10 Old Cabuyao, Barangay Sauyo, Quezon City., Philippines",Sauyo,6,Schools,Private,Junior high school,"Data_QC Caring Cities Tracker, QC Administrative Data - Private schools",#N/A,#N/A,#N/A,#N/A,#N/A,#N/A,#N/A,#N/A,Administrative data
958,Mary Liane's School For Basic Education Inc.,"#11 CDC Cor. Iriga, Paang Bundok, QC","11 CDC corner Iriga, Paang Bundok, Quezon City, Philippines",Paang Bundok,1,Schools,Private,Preschool,"Data_QC Caring Cities Tracker, QC Administrative Data - Private schools",#N/A,#N/A,120.9926585,14.6279344,#N/A,#N/A,#N/A,#N/A,Administrative data
959,Mary Liane's School For Basic Education Inc.,"#11 CDC Cor. Iriga, Paang Bundok, QC","11 CDC corner Iriga, Paang Bundok, Quezon City, Philippines",Paang Bundok,1,Schools,Private,Elementary school,"Data_QC Caring Cities Tracker, QC Administrative Data - Private schools",#N/A,#N/A,120.9926585,14.6279344,#N/A,#N/A,#N/A,#N/A,Administrative data
960,Mary The Queen College of Quezon City Inc. (Frmrly Mary the Queen College of Scie. Tech.),"Commonwealth Ave. Cor. Road 44, Brgy. Old Balara, Quezon City","Commonwealth Avenue corner Road 44, Barangay Old Balara, Quezon City, Philippines",Commonwealth,2,Schools,Private,Senior high school,"Data_QC Caring Cities Tracker, QC Administrative Data - Private schools",#N/A,#N/A,#N/A,#N/A,#N/A,#N/A,#N/A,#N/A,Administrative data
961,"Marymount School of Quezon City, Inc.","9 Gen. Hizon St., Banlat, Brgy. T-sora, QC","9 Gen. Hizon Street, Banlat, Barangay T-sora, Quezon City, Philippines",Tandang Sora,6,Schools,Private,Preschool,"Data_QC Caring Cities Tracker, QC Administrative Data - Private schools",#N/A,#N/A,121.035634,14.6784537,#N/A,#N/A,#N/A,#N/A,Administrative data
962,"Marymount School of Quezon City, Inc.","9 Gen. Hizon St., Banlat, Brgy. T-sora, QC","9 Gen. Hizon Street, Banlat, Barangay T-sora, Quezon City, Philippines",Tandang Sora,6,Schools,Private,Elementary school,"Data_QC Caring Cities Tracker, QC Administrative Data - Private schools",#N/A,#N/A,121.035634,14.6784537,#N/A,#N/A,#N/A,#N/A,Administrative data
963,"Marymount School of Quezon City, Inc.","9 Gen. Hizon St., Banlat, Brgy. T-sora, QC","9 Gen. Hizon Street, Banlat, Barangay T-sora, Quezon City, Philippines",Tandang Sora,6,Schools,Private,Senior high school,"Data_QC Caring Cities Tracker, QC Administrative Data - Private schools",#N/A,#N/A,121.035634,14.6784537,#N/A,#N/A,#N/A,#N/A,Administrative data
964,"Marymount School of Quezon City, Inc.","9 Gen. Hizon St., Banlat, Brgy. T-sora, QC","9 Gen. Hizon Street, Banlat, Barangay T-sora, Quezon City, Philippines",Tandang Sora,6,Schools,Private,Junior high school,"Data_QC Caring Cities Tracker, QC Administrative Data - Private schools",#N/A,#N/A,121.035634,14.6784537,#N/A,#N/A,#N/A,#N/A,Administrative data
966,Masambong Elementary School,#N/A,#N/A,Masambong,1,Schools,Public,Elementary school,"Data_QC Caring Cities Tracker, QC Administrative Data - Public schools",#N/A,#N/A,121.007437,14.6397128,#N/A,#N/A,#N/A,#N/A,Administrative data
967,Masambong HS,#N/A,#N/A,Masambong,1,Schools,Public,High school,"Data_QC Caring Cities Tracker, QC Administrative Data - Public schools",#N/A,#N/A,121.0107652,14.6426684,#N/A,#N/A,#N/A,#N/A,Administrative data
969,Mater Carmeli School - D. Tuazon,"290 D. Tuazon St., Brgy. Manresa, Q.C.","290 D. Tuazon Street, Barangay Manresa, Quezon City, Philippines",Manresa,1,Schools,Private,Preschool,"Data_QC Caring Cities Tracker, QC Administrative Data - Private schools",#N/A,#N/A,120.9958181,14.6399726,#N/A,#N/A,#N/A,#N/A,Administrative data
970,Mater Carmeli School - D. Tuazon,"290 D. Tuazon St., Brgy. Manresa, Q.C.","290 D. Tuazon Street, Barangay Manresa, Quezon City, Philippines",Manresa,1,Schools,Private,Elementary school,"Data_QC Caring Cities Tracker, QC Administrative Data - Private schools",#N/A,#N/A,120.9958181,14.6399726,#N/A,#N/A,#N/A,#N/A,Administrative data
971,"Mater Carmeli School of Novaliches, Quezon City, Inc.","Fr. Francisco Palau St., Sacred Heart Vill., Brgy. Pasong Putik, Nova.","Fr. Francisco Palau Street, Sacred Heart Village, Barangay Pasong Putik, Nova., Quezon City, Philippines",Sacred Heart,4,Schools,Private,Preschool,"Data_QC Caring Cities Tracker, QC Administrative Data - Private schools",#N/A,#N/A,#N/A,#N/A,#N/A,#N/A,#N/A,#N/A,Administrative data
972,"Mater Carmeli School of Novaliches, Quezon City, Inc.","Fr. Francisco Palau St., Sacred Heart Vill., Brgy. Pasong Putik, Nova.","Fr. Francisco Palau Street, Sacred Heart Village, Barangay Pasong Putik, Nova., Quezon City, Philippines",Sacred Heart,4,Schools,Private,Elementary school,"Data_QC Caring Cities Tracker, QC Administrative Data - Private schools",#N/A,#N/A,#N/A,#N/A,#N/A,#N/A,#N/A,#N/A,Administrative data
973,"Mater Carmeli School of Novaliches, Quezon City, Inc.","Fr. Francisco Palau St., Sacred Heart Vill., Brgy. Pasong Putik, Nova.","Fr. Francisco Palau Street, Sacred Heart Village, Barangay Pasong Putik, Nova., Quezon City, Philippines",Sacred Heart,4,Schools,Private,Junior high school,"Data_QC Caring Cities Tracker, QC Administrative Data - Private schools",#N/A,#N/A,#N/A,#N/A,#N/A,#N/A,#N/A,#N/A,Administrative data
974,"Mater Carmeli School of Novaliches, Quezon City, Inc.","Fr. Francisco Palau St., Sacred Heart Vill., Brgy. Pasong Putik, Nova.","Fr. Francisco Palau Street, Sacred Heart Village, Barangay Pasong Putik, Nova., Quezon City, Philippines",Sacred Heart,4,Schools,Private,Senior high school,"Data_QC Caring Cities Tracker, QC Administrative Data - Private schools",#N/A,#N/A,#N/A,#N/A,#N/A,#N/A,#N/A,#N/A,Administrative data
976,Mayfield Mont. Acad.,"26 Malingap St., Teachers Cill., QC","26 Malingap Street, Teachers Cill., Quezon City, Philippines",#N/A,4,Schools,Private,Preschool,"Data_QC Caring Cities Tracker, QC Administrative Data - Private schools",#N/A,#N/A,121.0577088,14.6425081,#N/A,#N/A,#N/A,#N/A,Administrative data
977,Mayfield Mont. Acad.,"26 Malingap St., Teachers Cill., QC","26 Malingap Street, Teachers Cill., Quezon City, Philippines",#N/A,4,Schools,Private,Elementary school,"Data_QC Caring Cities Tracker, QC Administrative Data - Private schools",#N/A,#N/A,121.0577088,14.6425081,#N/A,#N/A,#N/A,#N/A,Administrative data
978,Mayfield Mont. Acad.,"26 Malingap St., Teachers Cill., QC","26 Malingap Street, Teachers Cill., Quezon City, Philippines",#N/A,4,Schools,Private,Junior high school,"Data_QC Caring Cities Tracker, QC Administrative Data - Private schools",#N/A,#N/A,121.0577088,14.6425081,#N/A,#N/A,#N/A,#N/A,Administrative data
980,Melchora Aquino High School,#N/A,#N/A,Tandang Sora,6,Schools,Public,High school,"Data_QC Caring Cities Tracker, QC Administrative Data - Public schools",#N/A,#N/A,121.0454545,14.6866822,#N/A,#N/A,#N/A,#N/A,Administrative data
981,Melencio M. Castelo ES,#N/A,#N/A,Payatas,2,Schools,Public,Elementary school,"Data_QC Caring Cities Tracker, QC Administrative Data - Public schools",#N/A,#N/A,121.0950863,14.6988793,#N/A,#N/A,#N/A,#N/A,Administrative data
983,Mercedarian School (Frmrly Our Lady of Mercy Kindr. Sch.),"B-89 L29 &30, Domingo de Ramos St., Brgy Greater Lagro, QC","B-89 L29 &30, Domingo de Ramos Street, Barangay Greater Lagro, Quezon City, Philippines",Greater Lagro,5,Schools,Private,Preschool,"Data_QC Caring Cities Tracker, QC Administrative Data - Private schools",#N/A,#N/A,121.0653946,14.7321285,#N/A,#N/A,#N/A,#N/A,Administrative data
984,Mercedarian School (Frmrly Our Lady of Mercy Kindr. Sch.),"B-89 L29 &30, Domingo de Ramos St., Brgy Greater Lagro, QC","B-89 L29 &30, Domingo de Ramos Street, Barangay Greater Lagro, Quezon City, Philippines",Greater Lagro,5,Schools,Private,Elementary school,"Data_QC Caring Cities Tracker, QC Administrative Data - Private schools",#N/A,#N/A,121.0653946,14.7321285,#N/A,#N/A,#N/A,#N/A,Administrative data
985,Mercedarian School (Frmrly Our Lady of Mercy Kindr. Sch.),"B-89 L29 &30, Domingo de Ramos St., Brgy Greater Lagro, QC","B-89 L29 &30, Domingo de Ramos Street, Barangay Greater Lagro, Quezon City, Philippines",Greater Lagro,5,Schools,Private,Junior high school,"Data_QC Caring Cities Tracker, QC Administrative Data - Private schools",#N/A,#N/A,121.0653946,14.7321285,#N/A,#N/A,#N/A,#N/A,Administrative data
986,Merry Mount Prep. School of Q.C.,"96 Ilang-ilang Int., Payatas A, QC","96 Ilang-ilang Int., Payatas A, Quezon City, Philippines",Payatas,2,Schools,Private,Preschool,"Data_QC Caring Cities Tracker, QC Administrative Data - Private schools",#N/A,#N/A,121.0952005,14.6984689,#N/A,#N/A,#N/A,#N/A,Administrative data
987,Merry Mount Prep. School of Q.C.,"96 Ilang-ilang Int., Payatas A, QC","96 Ilang-ilang Int., Payatas A, Quezon City, Philippines",Payatas,2,Schools,Private,Elementary school,"Data_QC Caring Cities Tracker, QC Administrative Data - Private schools",#N/A,#N/A,121.0952005,14.6984689,#N/A,#N/A,#N/A,#N/A,Administrative data
989,"Metro Manila College, Inc.","U Site, Brgy. Kaligayahan, Novaliches, Quezon City","U Site, Barangay Kaligayahan, Novaliches, Quezon City, Philippines",Kaligayahan,5,Schools,Private,Senior high school,"Data_QC Caring Cities Tracker, QC Administrative Data - Private schools",#N/A,#N/A,#N/A,#N/A,#N/A,#N/A,#N/A,#N/A,Administrative data
990,Mia Angela Montessori,"#52 Shorthorn, Rd.25, Brgy Bahay Toro, Proj. 8, QC","52 Shorthorn, Road25, Barangay Bahay Toro, Proj. 8, Quezon City, Philippines",Bahay Toro,1,Schools,Private,Preschool,"Data_QC Caring Cities Tracker, QC Administrative Data - Private schools",#N/A,#N/A,121.021039,14.6677749,#N/A,#N/A,#N/A,#N/A,Administrative data
991,"Mighty Eagles Preparatory School, Inc.","177 St. Peter Street, Brgy. Holy Spirit Quezon City","177 Street Peter Street, Barangay Holy Spirit Quezon City, Philippines",Holy Spirit,2,Schools,Private,Preschool,"Data_QC Caring Cities Tracker, QC Administrative Data - Private schools",#N/A,#N/A,121.0834434,14.6887999,#N/A,#N/A,#N/A,#N/A,Administrative data
992,"Mighty Eagles Preparatory School, Inc.","177 St. Peter Street, Brgy. Holy Spirit Quezon City","177 Street Peter Street, Barangay Holy Spirit Quezon City, Philippines",Holy Spirit,2,Schools,Private,Elementary school,"Data_QC Caring Cities Tracker, QC Administrative Data - Private schools",#N/A,#N/A,121.0834434,14.6887999,#N/A,#N/A,#N/A,#N/A,Administrative data
995,"Milestone Innovative Academy, Inc.","B12L9, Niel Property Subd., Banlat, T-Sora, QC","B12L9, Niel Property Subdivision, Banlat, T-Sora, Quezon City, Philippines",Tandang Sora,6,Schools,Private,Senior high school,"Data_QC Caring Cities Tracker, QC Administrative Data - Private schools",#N/A,#N/A,121.0448907,14.6869924,#N/A,#N/A,#N/A,#N/A,Administrative data
996,"Milestone Innovative Academy, Inc.","B12L9, Niel Property Subd., Banlat, T-Sora, QC","B12L9, Niel Property Subdivision, Banlat, T-Sora, Quezon City, Philippines",Tandang Sora,6,Schools,Private,Preschool,"Data_QC Caring Cities Tracker, QC Administrative Data - Private schools",#N/A,#N/A,121.0448907,14.6869924,#N/A,#N/A,#N/A,#N/A,Administrative data
997,"Milestone Innovative Academy, Inc.","B12L9, Niel Property Subd., Banlat, T-Sora, QC","B12L9, Niel Property Subdivision, Banlat, T-Sora, Quezon City, Philippines",Tandang Sora,6,Schools,Private,Elementary school,"Data_QC Caring Cities Tracker, QC Administrative Data - Private schools",#N/A,#N/A,121.0448907,14.6869924,#N/A,#N/A,#N/A,#N/A,Administrative data
998,"Milestone Innovative Academy, Inc.","B12L9, Niel Property Subd., Banlat, T-Sora, QC","B12L9, Niel Property Subdivision, Banlat, T-Sora, Quezon City, Philippines",Tandang Sora,6,Schools,Private,Junior high school,"Data_QC Caring Cities Tracker, QC Administrative Data - Private schools",#N/A,#N/A,121.0448907,14.6869924,#N/A,#N/A,#N/A,#N/A,Administrative data
999,Mind at Work Progressive School Inc.,"#15 Winston Street, East Fairview, QC","15 Winston Street, East Fairview, Quezon City, Philippines",Fairview,5,Schools,Private,Junior high school,"Data_QC Caring Cities Tracker, QC Administrative Data - Private schools",#N/A,#N/A,121.0748874,14.7092281,#N/A,#N/A,#N/A,#N/A,Administrative data
1000,Mind at Work Progressive School Inc.,"#15 Winston Street, East Fairview, QC","15 Winston Street, East Fairview, Quezon City, Philippines",Fairview,5,Schools,Private,Preschool,"Data_QC Caring Cities Tracker, QC Administrative Data - Private schools",#N/A,#N/A,121.0748874,14.7092281,#N/A,#N/A,#N/A,#N/A,Administrative data
1001,Mind at Work Progressive School Inc.,"#15 Winston Street, East Fairview, QC","15 Winston Street, East Fairview, Quezon City, Philippines",Fairview,5,Schools,Private,Elementary school,"Data_QC Caring Cities Tracker, QC Administrative Data - Private schools",#N/A,#N/A,121.0748874,14.7092281,#N/A,#N/A,#N/A,#N/A,Administrative data
1002,Mind at Work Progressive School Inc.,"#15 Winston Street, East Fairview, QC","15 Winston Street, East Fairview, Quezon City, Philippines",Fairview,5,Schools,Private,Senior high school,"Data_QC Caring Cities Tracker, QC Administrative Data - Private schools",#N/A,#N/A,121.0748874,14.7092281,#N/A,#N/A,#N/A,#N/A,Administrative data
1004,Mind Specialists School Inc.,"152 D. Tuazon St. Sta. Mesa Heights, QC","152 D. Tuazon Street Sta. Mesa Heights, Quezon City, Philippines",#N/A,1,Schools,Private,Preschool,"Data_QC Caring Cities Tracker, QC Administrative Data - Private schools",#N/A,#N/A,120.9999448,14.6298412,#N/A,#N/A,#N/A,#N/A,Administrative data
1005,Mind Specialists School Inc.,"152 D. Tuazon St. Sta. Mesa Heights, QC","152 D. Tuazon Street Sta. Mesa Heights, Quezon City, Philippines",#N/A,1,Schools,Private,Elementary school,"Data_QC Caring Cities Tracker, QC Administrative Data - Private schools",#N/A,#N/A,120.9999448,14.6298412,#N/A,#N/A,#N/A,#N/A,Administrative data
1015,Mines Elementary School,#N/A,#N/A,Vasra,1,Schools,Public,Elementary school,"Data_QC Caring Cities Tracker, QC Administrative Data - Public schools",#N/A,#N/A,121.0465779,14.6588653,#N/A,#N/A,#N/A,#N/A,Administrative data
1016,"Miriam College Foundation, Inc.","Katipunan Rd., Brgy. Loyola Hts., Diliman, QC","Katipunan Road, Barangay Loyola Hts., Diliman, Quezon City, Philippines",Katipunan,1,Schools,Private,Preschool,"Data_QC Caring Cities Tracker, QC Administrative Data - Private schools",#N/A,#N/A,#N/A,#N/A,#N/A,#N/A,#N/A,#N/A,Administrative data
1017,"Miriam College Foundation, Inc.","Katipunan Rd., Brgy. Loyola Hts., Diliman, QC","Katipunan Road, Barangay Loyola Hts., Diliman, Quezon City, Philippines",Katipunan,1,Schools,Private,Elementary school,"Data_QC Caring Cities Tracker, QC Administrative Data - Private schools",#N/A,#N/A,#N/A,#N/A,#N/A,#N/A,#N/A,#N/A,Administrative data
1018,"Miriam College Foundation, Inc.","Katipunan Rd., Brgy. Loyola Hts., Diliman, QC","Katipunan Road, Barangay Loyola Hts., Diliman, Quezon City, Philippines",Katipunan,1,Schools,Private,Junior high school,"Data_QC Caring Cities Tracker, QC Administrative Data - Private schools",#N/A,#N/A,#N/A,#N/A,#N/A,#N/A,#N/A,#N/A,Administrative data
1019,"Miriam College Foundation, Inc.","Katipunan Rd., Brgy. Loyola Hts., Diliman, QC","Katipunan Road, Barangay Loyola Hts., Diliman, Quezon City, Philippines",Katipunan,1,Schools,Private,Senior high school,"Data_QC Caring Cities Tracker, QC Administrative Data - Private schools",#N/A,#N/A,#N/A,#N/A,#N/A,#N/A,#N/A,#N/A,Administrative data
1024,Montessori West School,"101 West Ave., Bungad, QC","101 West Avenue, Bungad, Quezon City, Philippines",Bungad,1,Schools,Private,Elementary school,"Data_QC Caring Cities Tracker, QC Administrative Data - Private schools",#N/A,#N/A,121.0286014,14.6498991,#N/A,#N/A,#N/A,#N/A,Administrative data
1025,Montessori West School,"101 West Ave., Bungad, QC","101 West Avenue, Bungad, Quezon City, Philippines",Bungad,1,Schools,Private,Preschool,"Data_QC Caring Cities Tracker, QC Administrative Data - Private schools",#N/A,#N/A,121.0286014,14.6498991,#N/A,#N/A,#N/A,#N/A,Administrative data
1026,Most Holy Rosary of Pompie Pre-School,"#90 9th St. NMRHS, Damayang Lagi, QC","90 9th Street NMRHS, Damayang Lagi, Quezon City, Philippines",Damayan,1,Schools,Private,Preschool,"Data_QC Caring Cities Tracker, QC Administrative Data - Private schools",#N/A,#N/A,#N/A,#N/A,#N/A,#N/A,#N/A,#N/A,Administrative data
1027,Mother of Perpetual Help School,"Iris St., Brgy. West Fairview, QC","Iris Street, Barangay West Fairview, Quezon City, Philippines",Fairview,5,Schools,Private,Preschool,"Data_QC Caring Cities Tracker, QC Administrative Data - Private schools",#N/A,#N/A,121.0631937,14.7007819,#N/A,#N/A,#N/A,#N/A,Administrative data
1028,Mother of Perpetual Help School,"Iris St., Brgy. West Fairview, QC","Iris Street, Barangay West Fairview, Quezon City, Philippines",Fairview,5,Schools,Private,Elementary school,"Data_QC Caring Cities Tracker, QC Administrative Data - Private schools",#N/A,#N/A,121.0631937,14.7007819,#N/A,#N/A,#N/A,#N/A,Administrative data
1029,Mother of Perpetual Help School,"Iris St., Brgy. West Fairview, QC","Iris Street, Barangay West Fairview, Quezon City, Philippines",Fairview,5,Schools,Private,Junior high school,"Data_QC Caring Cities Tracker, QC Administrative Data - Private schools",#N/A,#N/A,121.0631937,14.7007819,#N/A,#N/A,#N/A,#N/A,Administrative data
1030,Mother of Perpetual Help School,"Iris St., Brgy. West Fairview, QC","Iris Street, Barangay West Fairview, Quezon City, Philippines",Fairview,5,Schools,Private,Senior high school,"Data_QC Caring Cities Tracker, QC Administrative Data - Private schools",#N/A,#N/A,121.0631937,14.7007819,#N/A,#N/A,#N/A,#N/A,Administrative data
1033,MSA Whiz Kids Academy (Frmrly Playground Lrng Ctr.),"17 Bituin St. Teresa Hts., Brgy. Pasong Putik, Nova., QC","17 Bituin Street Teresa Hts., Barangay Pasong Putik, Nova., Quezon City, Philippines",Pasong Putik Proper,5,Schools,Private,Elementary school,"Data_QC Caring Cities Tracker, QC Administrative Data - Private schools",#N/A,#N/A,121.0526209,14.7286939,#N/A,#N/A,#N/A,#N/A,Administrative data
1034,MSA Whiz Kids Academy (Frmrly Playground Lrng Ctr.),"17 Bituin St. Teresa Hts., Brgy. Pasong Putik, Nova., QC","17 Bituin Street Teresa Hts., Barangay Pasong Putik, Nova., Quezon City, Philippines",Pasong Putik Proper,5,Schools,Private,Preschool,"Data_QC Caring Cities Tracker, QC Administrative Data - Private schools",#N/A,#N/A,121.0526209,14.7286939,#N/A,#N/A,#N/A,#N/A,Administrative data
1036,Multiple Intelligence International Sch. Found. Inc,"4 Escaler St., Brgy. Loyola Hts., QC","4 Escaler Street, Barangay Loyola Hts., Quezon City, Philippines",Loyola Heights,3,Schools,Private,Preschool,"Data_QC Caring Cities Tracker, QC Administrative Data - Private schools",#N/A,#N/A,121.0737285,14.6451567,#N/A,#N/A,#N/A,#N/A,Administrative data
1037,Multiple Intelligence International Sch. Found. Inc,"4 Escaler St., Brgy. Loyola Hts., QC","4 Escaler Street, Barangay Loyola Hts., Quezon City, Philippines",Loyola Heights,3,Schools,Private,Elementary school,"Data_QC Caring Cities Tracker, QC Administrative Data - Private schools",#N/A,#N/A,121.0737285,14.6451567,#N/A,#N/A,#N/A,#N/A,Administrative data
1038,Multiple Intelligence International Sch. Found. Inc,"4 Escaler St., Brgy. Loyola Hts., QC","4 Escaler Street, Barangay Loyola Hts., Quezon City, Philippines",Loyola Heights,3,Schools,Private,Junior high school,"Data_QC Caring Cities Tracker, QC Administrative Data - Private schools",#N/A,#N/A,121.0737285,14.6451567,#N/A,#N/A,#N/A,#N/A,Administrative data
1039,Multiple Intelligence International Sch. Found. Inc,"4 Escaler St., Brgy. Loyola Hts., QC","4 Escaler Street, Barangay Loyola Hts., Quezon City, Philippines",Loyola Heights,3,Schools,Private,Senior high school,"Data_QC Caring Cities Tracker, QC Administrative Data - Private schools",#N/A,#N/A,121.0737285,14.6451567,#N/A,#N/A,#N/A,#N/A,Administrative data
1041,N.C.B.A. - Cubao,"994 Aurora Boulevard, Cubao, Brgy. Marilag, QC","994 Aurora Boulevard, Cubao, Barangay Marilag, Quezon City, Philippines",Marilag,3,Schools,Private,Senior high school,"Data_QC Caring Cities Tracker, QC Administrative Data - Private schools",#N/A,#N/A,#N/A,#N/A,#N/A,#N/A,#N/A,#N/A,Administrative data
1043,N.S. Montessori Ctr.,"Salazar St., B.F. Homes, Brgy. Holy Spirit, QC","Salazar Street, B.F. Homes, Barangay Holy Spirit, Quezon City, Philippines",Holy Spirit,2,Schools,Private,Preschool,"Data_QC Caring Cities Tracker, QC Administrative Data - Private schools",#N/A,#N/A,#N/A,#N/A,#N/A,#N/A,#N/A,#N/A,Administrative data
1044,N.S. Montessori Ctr.,"Salazar St., B.F. Homes, Brgy. Holy Spirit, QC","Salazar Street, B.F. Homes, Barangay Holy Spirit, Quezon City, Philippines",Holy Spirit,2,Schools,Private,Elementary school,"Data_QC Caring Cities Tracker, QC Administrative Data - Private schools",#N/A,#N/A,#N/A,#N/A,#N/A,#N/A,#N/A,#N/A,Administrative data
1045,N.S. Montessori Ctr.,"Salazar St., B.F. Homes, Brgy. Holy Spirit, QC","Salazar Street, B.F. Homes, Barangay Holy Spirit, Quezon City, Philippines",Holy Spirit,2,Schools,Private,Junior high school,"Data_QC Caring Cities Tracker, QC Administrative Data - Private schools",#N/A,#N/A,#N/A,#N/A,#N/A,#N/A,#N/A,#N/A,Administrative data
1046,Nagkaisang Nayon Elementary School,#N/A,#N/A,Nagkaisang Nayon,5,Schools,Public,Elementary school,"Data_QC Caring Cities Tracker, QC Administrative Data - Public schools",#N/A,#N/A,121.0274909,14.7178321,#N/A,#N/A,#N/A,#N/A,Administrative data
1052,National College Business and Arts - Fairview,"Commonwealth Avenue, Brgy. West Fairview Park, Quezon City","Commonwealth Avenue, Barangay West Fairview Park, Quezon City, Philippines",Commonwealth,2,Schools,Private,Senior high school,"Data_QC Caring Cities Tracker, QC Administrative Data - Private schools",#N/A,#N/A,#N/A,#N/A,#N/A,#N/A,#N/A,#N/A,Administrative data
1053,national college of business and arts,"994, aurora blvd, marilag, quezon city, ncr, 1109","994, aurora blvd, marilag, quezon city, ncr, 1109, Philippines",Marilag,3,Schools,Private,Private school,"QC Future Ready dashboard, Schools",8:00AM,5:00PM,121.0677927,14.6281949,#N/A,#N/A,#N/A,#N/A,Administrative data
1054,National Orthopedic Hospital School for Crippled Children,#N/A,#N/A,Lourdes,1,Schools,Public,High school,"Data_QC Caring Cities Tracker, QC Administrative Data - Public schools",#N/A,#N/A,120.9996983,14.6291126,#N/A,#N/A,#N/A,#N/A,Administrative data
1055,National Polytechnic College of Science and Technology-Lagro,"Blk. 125, Lot 22, Quirino Highway, Lagro, Quezon City","Blk. 125, Lot 22, Quirino Highway, Lagro, Quezon City, Philippines",Greater Lagro,5,Schools,Private,Senior high school,"Data_QC Caring Cities Tracker, QC Administrative Data - Private schools",#N/A,#N/A,121.0668725,14.7352736,#N/A,#N/A,#N/A,#N/A,Administrative data
1056,National Polytechnic College of Science and Technology-Novaliches,"Blk 4 Lot 7 Palm Street, Greenfields 1 Subd., Kaligayahan, Noval., QC","Blk 4 Lot 7 Palm Street, Greenfields 1 Subdivision, Kaligayahan, Noval., Quezon City, Philippines",Kaligayahan,5,Schools,Private,Senior high school,"Data_QC Caring Cities Tracker, QC Administrative Data - Private schools",#N/A,#N/A,121.0424306,14.7291842,#N/A,#N/A,#N/A,#N/A,Administrative data
1058,Nest School For Whole Child Development Inc.,"#92 Matahimik St., Brgy Malaya, Sikatuna Vill., QC","92 Matahimik Street, Barangay Malaya, Sikatuna Village, Quezon City, Philippines",Malaya,4,Schools,Private,Preschool,"Data_QC Caring Cities Tracker, QC Administrative Data - Private schools",#N/A,#N/A,121.055646,14.6388502,#N/A,#N/A,#N/A,#N/A,Administrative data
1059,Nest School For Whole Child Development Inc.,"#92 Matahimik St., Brgy Malaya, Sikatuna Vill., QC","92 Matahimik Street, Barangay Malaya, Sikatuna Village, Quezon City, Philippines",Malaya,4,Schools,Private,Elementary school,"Data_QC Caring Cities Tracker, QC Administrative Data - Private schools",#N/A,#N/A,121.055646,14.6388502,#N/A,#N/A,#N/A,#N/A,Administrative data
1062,New England College Inc.,"TC Plaza, 40 Quezon Ave., Doña Josefa, Quezon City","TC Plaza, 40 Quezon Avenue, Doña Josefa, Quezon City, Philippines",Doña Josefa,4,Schools,Private,Senior high school,"Data_QC Caring Cities Tracker, QC Administrative Data - Private schools",#N/A,#N/A,121.00666,14.621921,#N/A,#N/A,#N/A,#N/A,Administrative data
1063,New Era ES,#N/A,#N/A,New Era,6,Schools,Public,Elementary school,"Data_QC Caring Cities Tracker, QC Administrative Data - Public schools",#N/A,#N/A,121.0579212,14.6673878,#N/A,#N/A,#N/A,#N/A,Administrative data
1064,New Era High School,#N/A,#N/A,New Era,6,Schools,Public,High school,"Data_QC Caring Cities Tracker, QC Administrative Data - Public schools",#N/A,#N/A,121.057851,14.6663965,#N/A,#N/A,#N/A,#N/A,Administrative data
1065,New Era University,"#9 Central Ave., Brgy. New Era, QC","9 Central Avenue, Barangay New Era, Quezon City, Philippines",Central,4,Schools,Private,Preschool,"Data_QC Caring Cities Tracker, QC Administrative Data - Private schools",#N/A,#N/A,#N/A,#N/A,#N/A,#N/A,#N/A,#N/A,Administrative data
1066,New Era University,"#9 Central Ave., Brgy. New Era, QC","9 Central Avenue, Barangay New Era, Quezon City, Philippines",Central,4,Schools,Private,Elementary school,"Data_QC Caring Cities Tracker, QC Administrative Data - Private schools",#N/A,#N/A,#N/A,#N/A,#N/A,#N/A,#N/A,#N/A,Administrative data
1067,New Era University,"#9 Central Ave., Brgy. New Era, QC","9 Central Avenue, Barangay New Era, Quezon City, Philippines",Central,4,Schools,Private,Junior high school,"Data_QC Caring Cities Tracker, QC Administrative Data - Private schools",#N/A,#N/A,#N/A,#N/A,#N/A,#N/A,#N/A,#N/A,Administrative data
1068,New Era University,"#9 Central Ave., Brgy. New Era, QC","9 Central Avenue, Barangay New Era, Quezon City, Philippines",Central,4,Schools,Private,Senior high school,"Data_QC Caring Cities Tracker, QC Administrative Data - Private schools",#N/A,#N/A,#N/A,#N/A,#N/A,#N/A,#N/A,#N/A,Administrative data
1069,"New Jerusalem School, Inc.","32 Sto Tomas, Don Manuel, Galas, QC","32 Sto Tomas, Don Manuel, Galas, Quezon City, Philippines",Don Manuel,4,Schools,Private,Preschool,"Data_QC Caring Cities Tracker, QC Administrative Data - Private schools",#N/A,#N/A,121.0047516,14.6169491,#N/A,#N/A,#N/A,#N/A,Administrative data
1070,"New Jerusalem School, Inc.","32 Sto Tomas, Don Manuel, Galas, QC","32 Sto Tomas, Don Manuel, Galas, Quezon City, Philippines",Don Manuel,4,Schools,Private,Elementary school,"Data_QC Caring Cities Tracker, QC Administrative Data - Private schools",#N/A,#N/A,121.0047516,14.6169491,#N/A,#N/A,#N/A,#N/A,Administrative data
1071,"New Jerusalem School, Inc.","32 Sto Tomas, Don Manuel, Galas, QC","32 Sto Tomas, Don Manuel, Galas, Quezon City, Philippines",Don Manuel,4,Schools,Private,Junior high school,"Data_QC Caring Cities Tracker, QC Administrative Data - Private schools",#N/A,#N/A,121.0047516,14.6169491,#N/A,#N/A,#N/A,#N/A,Administrative data
1072,"New Jerusalem School, Inc.","32 Sto Tomas, Don Manuel, Galas, QC","32 Sto Tomas, Don Manuel, Galas, Quezon City, Philippines",Don Manuel,4,Schools,Private,Senior high school,"Data_QC Caring Cities Tracker, QC Administrative Data - Private schools",#N/A,#N/A,121.0047516,14.6169491,#N/A,#N/A,#N/A,#N/A,Administrative data
1075,Nick M. Joaquin Senior High School,#N/A,#N/A,Bahay Toro,1,Schools,Public,Senior high school,"Data_QC Caring Cities Tracker, QC Administrative Data - Public schools",#N/A,#N/A,121.0200943,14.6651335,#N/A,#N/A,#N/A,#N/A,Administrative data
1078,NOH-School for Crippled Children,#N/A,#N/A,Lourdes,1,Schools,Public,Elementary school,"Data_QC Caring Cities Tracker, QC Administrative Data - Public schools",#N/A,#N/A,120.9996983,14.6291126,#N/A,#N/A,#N/A,#N/A,Administrative data
1084,North Fairview ES,#N/A,#N/A,North Fairview,5,Schools,Public,Elementary school,"Data_QC Caring Cities Tracker, QC Administrative Data - Public schools",#N/A,#N/A,121.0659362,14.7086787,#N/A,#N/A,#N/A,#N/A,Administrative data
1085,North Fairview HS,#N/A,#N/A,North Fairview,5,Schools,Public,High school,"Data_QC Caring Cities Tracker, QC Administrative Data - Public schools",#N/A,#N/A,121.0660487,14.7092943,#N/A,#N/A,#N/A,#N/A,Administrative data
1086,norwich brent cedric school inc.,"# 8, agno ext., tatalon, quezon city, ncr, 1113","8, agno Extension, tatalon, quezon city, ncr, 1113, Philippines",Tatalon,4,Schools,Private,Private school,"QC Future Ready dashboard, Schools",8:00AM,5:00PM,121.0132459,14.6269559,#N/A,#N/A,#N/A,#N/A,Administrative data
1087,"Norwich Brent Cedric School, Inc.","3rd Flr., 103 E. Rodriguez Sr. Ave., cor. BMA St., Tatalon, QC","3rd Floor, 103 E. Rodriguez Sr. Avenue, corner BMA Street, Tatalon, Quezon City, Philippines",E. Rodriguez,3,Schools,Private,Preschool,"Data_QC Caring Cities Tracker, QC Administrative Data - Private schools",#N/A,#N/A,#N/A,#N/A,#N/A,#N/A,#N/A,#N/A,Administrative data
1088,"Norwich Brent Cedric School, Inc.","3rd Flr., 103 E. Rodriguez Sr. Ave., cor. BMA St., Tatalon, QC","3rd Floor, 103 E. Rodriguez Sr. Avenue, corner BMA Street, Tatalon, Quezon City, Philippines",E. Rodriguez,3,Schools,Private,Elementary school,"Data_QC Caring Cities Tracker, QC Administrative Data - Private schools",#N/A,#N/A,#N/A,#N/A,#N/A,#N/A,#N/A,#N/A,Administrative data
1089,"Norwich Brent Cedric School, Inc.","3rd Flr., 103 E. Rodriguez Sr. Ave., cor. BMA St., Tatalon, QC","3rd Floor, 103 E. Rodriguez Sr. Avenue, corner BMA Street, Tatalon, Quezon City, Philippines",E. Rodriguez,3,Schools,Private,Junior high school,"Data_QC Caring Cities Tracker, QC Administrative Data - Private schools",#N/A,#N/A,#N/A,#N/A,#N/A,#N/A,#N/A,#N/A,Administrative data
1091,Novaliches High School,#N/A,#N/A,Novaliches Proper,5,Schools,Public,High school,"Data_QC Caring Cities Tracker, QC Administrative Data - Public schools",#N/A,#N/A,121.0329605,14.7270715,#N/A,#N/A,#N/A,#N/A,Administrative data
1094,NU Fairview Incorporated,"SM Fairview Complex, Quirino H-Way, Corner Regalado Ave., Greater Lagro, Quezon City","SM Fairview Complex, Quirino H-Way, Corner Regalado Avenue, Greater Lagro, Quezon City, Philippines",Fairview,5,Schools,Private,Senior high school,"Data_QC Caring Cities Tracker, QC Administrative Data - Private schools",#N/A,#N/A,#N/A,#N/A,#N/A,#N/A,#N/A,#N/A,Administrative data
1096,"Nyongani School, Inc.","B12 Osmeña St., Intervill III, Nova., QC","B12 Osmeña Street, Intervill III, Nova., Quezon City, Philippines",Novaliches Proper,5,Schools,Private,Preschool,"Data_QC Caring Cities Tracker, QC Administrative Data - Private schools",#N/A,#N/A,#N/A,#N/A,#N/A,#N/A,#N/A,#N/A,Administrative data
1097,"Nyongani School, Inc.","B12 Osmeña St., Intervill III, Nova., QC","B12 Osmeña Street, Intervill III, Nova., Quezon City, Philippines",Novaliches Proper,5,Schools,Private,Elementary school,"Data_QC Caring Cities Tracker, QC Administrative Data - Private schools",#N/A,#N/A,#N/A,#N/A,#N/A,#N/A,#N/A,#N/A,Administrative data
1098,"Nyongani School, Inc.","B12 Osmeña St., Intervill III, Nova., QC","B12 Osmeña Street, Intervill III, Nova., Quezon City, Philippines",Novaliches Proper,5,Schools,Private,Junior high school,"Data_QC Caring Cities Tracker, QC Administrative Data - Private schools",#N/A,#N/A,#N/A,#N/A,#N/A,#N/A,#N/A,#N/A,Administrative data
1101,ODB Montessori School of Nova.,"Rainbow I Ave., Evangelista Cmpd., San Bartolome, Nova., QC","Rainbow I Avenue, Evangelista Compound, San Bartolome, Nova., Quezon City, Philippines",San Bartolome,5,Schools,Private,Junior high school,"Data_QC Caring Cities Tracker, QC Administrative Data - Private schools",#N/A,#N/A,121.0384082,14.702971,#N/A,#N/A,#N/A,#N/A,Administrative data
1102,ODB Montessori School of Nova.,"Rainbow I Ave., Evangelista Cmpd., San Bartolome, Nova., QC","Rainbow I Avenue, Evangelista Compound, San Bartolome, Nova., Quezon City, Philippines",San Bartolome,5,Schools,Private,Preschool,"Data_QC Caring Cities Tracker, QC Administrative Data - Private schools",#N/A,#N/A,121.0384082,14.702971,#N/A,#N/A,#N/A,#N/A,Administrative data
1103,ODB Montessori School of Nova.,"Rainbow I Ave., Evangelista Cmpd., San Bartolome, Nova., QC","Rainbow I Avenue, Evangelista Compound, San Bartolome, Nova., Quezon City, Philippines",San Bartolome,5,Schools,Private,Elementary school,"Data_QC Caring Cities Tracker, QC Administrative Data - Private schools",#N/A,#N/A,121.0384082,14.702971,#N/A,#N/A,#N/A,#N/A,Administrative data
1104,ODELCO Elementary School,#N/A,#N/A,San Bartolome,5,Schools,Public,Elementary school,"Data_QC Caring Cities Tracker, QC Administrative Data - Public schools",#N/A,#N/A,121.0319486,14.7101606,#N/A,#N/A,#N/A,#N/A,Administrative data
1105,Ola Grati Provi School,"#23 Azucena St., Payatas A., QC","23 Azucena Street, Payatas A., Quezon City, Philippines",Payatas,2,Schools,Private,Preschool,"Data_QC Caring Cities Tracker, QC Administrative Data - Private schools",#N/A,#N/A,121.0968168,14.6976414,#N/A,#N/A,#N/A,#N/A,Administrative data
1106,Ola Grati Provi School,"#23 Azucena St., Payatas A., QC","23 Azucena Street, Payatas A., Quezon City, Philippines",Payatas,2,Schools,Private,Junior high school,"Data_QC Caring Cities Tracker, QC Administrative Data - Private schools",#N/A,#N/A,121.0968168,14.6976414,#N/A,#N/A,#N/A,#N/A,Administrative data
1107,Ola Grati Provi School,"#23 Azucena St., Payatas A., QC","23 Azucena Street, Payatas A., Quezon City, Philippines",Payatas,2,Schools,Private,Elementary school,"Data_QC Caring Cities Tracker, QC Administrative Data - Private schools",#N/A,#N/A,121.0968168,14.6976414,#N/A,#N/A,#N/A,#N/A,Administrative data
1108,Old Balara Elementary School,#N/A,#N/A,Matandang Balara,3,Schools,Public,Elementary school,"Data_QC Caring Cities Tracker, QC Administrative Data - Public schools",#N/A,#N/A,121.0766836,14.6726028,#N/A,#N/A,#N/A,#N/A,Administrative data
1112,Olive Grove School,"52 Sampaguita St. San Pedro 9 Subd., Brgy. Bagbag, QC","52 Sampaguita Street San Pedro 9 Subdivision, Barangay Bagbag, Quezon City, Philippines",Bagbag,5,Schools,Private,Preschool,"Data_QC Caring Cities Tracker, QC Administrative Data - Private schools",#N/A,#N/A,#N/A,#N/A,#N/A,#N/A,#N/A,#N/A,Administrative data
1113,Olive Grove School,"52 Sampaguita St. San Pedro 9 Subd., Brgy. Bagbag, QC","52 Sampaguita Street San Pedro 9 Subdivision, Barangay Bagbag, Quezon City, Philippines",Bagbag,5,Schools,Private,Elementary school,"Data_QC Caring Cities Tracker, QC Administrative Data - Private schools",#N/A,#N/A,#N/A,#N/A,#N/A,#N/A,#N/A,#N/A,Administrative data
1114,Olive Grove School,"52 Sampaguita St. San Pedro 9 Subd., Brgy. Bagbag, QC","52 Sampaguita Street San Pedro 9 Subdivision, Barangay Bagbag, Quezon City, Philippines",Bagbag,5,Schools,Private,Junior high school,"Data_QC Caring Cities Tracker, QC Administrative Data - Private schools",#N/A,#N/A,#N/A,#N/A,#N/A,#N/A,#N/A,#N/A,Administrative data
1116,Olympian Preparatory and English School,"L2B179 Geneva Gardens, Mind. Ave. Ext., Neopolitan, N. Fairview, QC","L2B179 Geneva Gardens, Mind. Avenue Extension, Neopolitan, N. Fairview, Quezon City, Philippines",Fairview,5,Schools,Private,Preschool,"Data_QC Caring Cities Tracker, QC Administrative Data - Private schools",#N/A,#N/A,121.065041,14.6992403,#N/A,#N/A,#N/A,#N/A,Administrative data
1117,Olympian Preparatory and English School,"L2B179 Geneva Gardens, Mind. Ave. Ext., Neopolitan, N. Fairview, QC","L2B179 Geneva Gardens, Mind. Avenue Extension, Neopolitan, N. Fairview, Quezon City, Philippines",Fairview,5,Schools,Private,Elementary school,"Data_QC Caring Cities Tracker, QC Administrative Data - Private schools",#N/A,#N/A,121.065041,14.6992403,#N/A,#N/A,#N/A,#N/A,Administrative data
1118,Olympian Preparatory and English School,"L2B179 Geneva Gardens, Mind. Ave. Ext., Neopolitan, N. Fairview, QC","L2B179 Geneva Gardens, Mind. Avenue Extension, Neopolitan, N. Fairview, Quezon City, Philippines",Fairview,5,Schools,Private,Junior high school,"Data_QC Caring Cities Tracker, QC Administrative Data - Private schools",#N/A,#N/A,121.065041,14.6992403,#N/A,#N/A,#N/A,#N/A,Administrative data
1119,Operational Brotherhood Mont. Center-Fairview,"Napoli St. Neopolitan IV, Brittany Subd., Fairview, QC","Napoli Street Neopolitan IV, Brittany Subdivision, Fairview, Quezon City, Philippines",Fairview,5,Schools,Private,Elementary school,"Data_QC Caring Cities Tracker, QC Administrative Data - Private schools",#N/A,#N/A,121.065041,14.6992403,#N/A,#N/A,#N/A,#N/A,Administrative data
1120,Operational Brotherhood Mont. Center-Fairview,"Napoli St. Neopolitan IV, Brittany Subd., Fairview, QC","Napoli Street Neopolitan IV, Brittany Subdivision, Fairview, Quezon City, Philippines",Fairview,5,Schools,Private,Preschool,"Data_QC Caring Cities Tracker, QC Administrative Data - Private schools",#N/A,#N/A,121.065041,14.6992403,#N/A,#N/A,#N/A,#N/A,Administrative data
1121,"Oriole Learning School, Inc.","#57 Oriole St., Area 2, Vet., Brgy. B. Silangan, QC","57 Oriole Street, Area 2, Vet., Barangay B. Silangan, Quezon City, Philippines",Silangan,3,Schools,Private,Junior high school,"Data_QC Caring Cities Tracker, QC Administrative Data - Private schools",#N/A,#N/A,#N/A,#N/A,#N/A,#N/A,#N/A,#N/A,Administrative data
1122,"Oriole Learning School, Inc.","#57 Oriole St., Area 2, Vet., Brgy. B. Silangan, QC","57 Oriole Street, Area 2, Vet., Barangay B. Silangan, Quezon City, Philippines",Silangan,3,Schools,Private,Elementary school,"Data_QC Caring Cities Tracker, QC Administrative Data - Private schools",#N/A,#N/A,#N/A,#N/A,#N/A,#N/A,#N/A,#N/A,Administrative data
1123,"Oriole Learning School, Inc.","#57 Oriole St., Area 2, Vet., Brgy. B. Silangan, QC","57 Oriole Street, Area 2, Vet., Barangay B. Silangan, Quezon City, Philippines",Silangan,3,Schools,Private,Preschool,"Data_QC Caring Cities Tracker, QC Administrative Data - Private schools",#N/A,#N/A,#N/A,#N/A,#N/A,#N/A,#N/A,#N/A,Administrative data
1125,Our Lady of Carmelite Academy,"Adarna St., Brgy Commonwealth, QC","Adarna Street, Barangay Commonwealth, Quezon City, Philippines",Commonwealth,2,Schools,Private,Preschool,"Data_QC Caring Cities Tracker, QC Administrative Data - Private schools",#N/A,#N/A,121.0769507,14.6954125,#N/A,#N/A,#N/A,#N/A,Administrative data
1126,Our Lady of Carmelite Academy,"Adarna St., Brgy Commonwealth, QC","Adarna Street, Barangay Commonwealth, Quezon City, Philippines",Commonwealth,2,Schools,Private,Elementary school,"Data_QC Caring Cities Tracker, QC Administrative Data - Private schools",#N/A,#N/A,121.0769507,14.6954125,#N/A,#N/A,#N/A,#N/A,Administrative data
1127,Our Lady of Carmelite Academy,"Adarna St., Brgy Commonwealth, QC","Adarna Street, Barangay Commonwealth, Quezon City, Philippines",Commonwealth,2,Schools,Private,Junior high school,"Data_QC Caring Cities Tracker, QC Administrative Data - Private schools",#N/A,#N/A,121.0769507,14.6954125,#N/A,#N/A,#N/A,#N/A,Administrative data
1128,Our Lady of Carmelite Academy,"Adarna St., Brgy Commonwealth, QC","Adarna Street, Barangay Commonwealth, Quezon City, Philippines",Commonwealth,2,Schools,Private,Senior high school,"Data_QC Caring Cities Tracker, QC Administrative Data - Private schools",#N/A,#N/A,121.0769507,14.6954125,#N/A,#N/A,#N/A,#N/A,Administrative data
1129,Our Lady of Fatima University,"1 Esperanza St., Hilltop Mansion, Lagro, QC","1 Esperanza Street, Hilltop Mansion, Lagro, Quezon City, Philippines",Greater Lagro,5,Schools,Private,Senior high school,"Data_QC Caring Cities Tracker, QC Administrative Data - Private schools",#N/A,#N/A,121.0631906,14.7275742,#N/A,#N/A,#N/A,#N/A,Administrative data
1130,"Our Lady of Grace Mediatrix School of QC., Inc.","Grp V Legaspi St., Phase I, Lupang Pangako, Payatas","Grp V Legaspi Street, Phase I, Lupang Pangako, Payatas, Quezon City, Philippines",Payatas,2,Schools,Private,Elementary school,"Data_QC Caring Cities Tracker, QC Administrative Data - Private schools",#N/A,#N/A,#N/A,#N/A,#N/A,#N/A,#N/A,#N/A,Administrative data
1131,"Our Lady of Grace Mediatrix School of QC., Inc.","Grp V Legaspi St., Phase I, Lupang Pangako, Payatas","Grp V Legaspi Street, Phase I, Lupang Pangako, Payatas, Quezon City, Philippines",Payatas,2,Schools,Private,Junior high school,"Data_QC Caring Cities Tracker, QC Administrative Data - Private schools",#N/A,#N/A,#N/A,#N/A,#N/A,#N/A,#N/A,#N/A,Administrative data
1132,"Our Lady of Grace Mediatrix School of QC., Inc.","Grp V Legaspi St., Phase I, Lupang Pangako, Payatas","Grp V Legaspi Street, Phase I, Lupang Pangako, Payatas, Quezon City, Philippines",Payatas,2,Schools,Private,Senior high school,"Data_QC Caring Cities Tracker, QC Administrative Data - Private schools",#N/A,#N/A,#N/A,#N/A,#N/A,#N/A,#N/A,#N/A,Administrative data
1133,"Our Lady of Grace Mediatrix School of QC., Inc.","Grp V Legaspi St., Phase I, Lupang Pangako, Payatas","Grp V Legaspi Street, Phase I, Lupang Pangako, Payatas, Quezon City, Philippines",Payatas,2,Schools,Private,Preschool,"Data_QC Caring Cities Tracker, QC Administrative Data - Private schools",#N/A,#N/A,#N/A,#N/A,#N/A,#N/A,#N/A,#N/A,Administrative data
1134,"Our Lady of Hope Parochial School, Inc.","137 Road I, Bagong Pag-asa, QC","137 Road I, Bagong Pag-asa, Quezon City, Philippines",Bagong Pag-asa,1,Schools,Private,Preschool,"Data_QC Caring Cities Tracker, QC Administrative Data - Private schools",#N/A,#N/A,121.035138,14.6625147,#N/A,#N/A,#N/A,#N/A,Administrative data
1135,"Our Lady of Hope Parochial School, Inc.","137 Road I, Bagong Pag-asa, QC","137 Road I, Bagong Pag-asa, Quezon City, Philippines",Bagong Pag-asa,1,Schools,Private,Elementary school,"Data_QC Caring Cities Tracker, QC Administrative Data - Private schools",#N/A,#N/A,121.035138,14.6625147,#N/A,#N/A,#N/A,#N/A,Administrative data
1136,Our Lady of Lourdes Kindergarten School,"D. Tuazon St., Brgy. Lourdes, Quezon City","D. Tuazon Street, Barangay Lourdes, Quezon City, Philippines",Lourdes,1,Schools,Private,Preschool,"Data_QC Caring Cities Tracker, QC Administrative Data - Private schools",#N/A,#N/A,#N/A,#N/A,#N/A,#N/A,#N/A,#N/A,Administrative data
1137,"Our Lady of Lourdes School of Novaliches (OLLSN), Inc.","9 Nightingale St., Brgy. Kaligayahan, Nova., QC.","9 Nightingale Street, Barangay Kaligayahan, Nova., Quezon City., Philippines",Kaligayahan,5,Schools,Private,Preschool,"Data_QC Caring Cities Tracker, QC Administrative Data - Private schools",#N/A,#N/A,121.0526091,14.7345839,#N/A,#N/A,#N/A,#N/A,Administrative data
1138,"Our Lady of Lourdes School of Novaliches (OLLSN), Inc.","9 Nightingale St., Brgy. Kaligayahan, Nova., QC.","9 Nightingale Street, Barangay Kaligayahan, Nova., Quezon City., Philippines",Kaligayahan,5,Schools,Private,Elementary school,"Data_QC Caring Cities Tracker, QC Administrative Data - Private schools",#N/A,#N/A,121.0526091,14.7345839,#N/A,#N/A,#N/A,#N/A,Administrative data
1139,"Our Lady of Lourdes School of Novaliches (OLLSN), Inc.","9 Nightingale St., Brgy. Kaligayahan, Nova., QC.","9 Nightingale Street, Barangay Kaligayahan, Nova., Quezon City., Philippines",Kaligayahan,5,Schools,Private,Junior high school,"Data_QC Caring Cities Tracker, QC Administrative Data - Private schools",#N/A,#N/A,121.0526091,14.7345839,#N/A,#N/A,#N/A,#N/A,Administrative data
1140,"Our Lady of Lourdes School of Novaliches (OLLSN), Inc.","9 Nightingale St., Brgy. Kaligayahan, Nova., QC.","9 Nightingale Street, Barangay Kaligayahan, Nova., Quezon City., Philippines",Kaligayahan,5,Schools,Private,Senior high school,"Data_QC Caring Cities Tracker, QC Administrative Data - Private schools",#N/A,#N/A,121.0526091,14.7345839,#N/A,#N/A,#N/A,#N/A,Administrative data
1141,"Our Lady of Lourdes Technological College, Inc","105 Gen Luis St., Brgy. Nagkaisang Nayon, Nova., QC","105 Gen Luis Street, Barangay Nagkaisang Nayon, Nova., Quezon City, Philippines",Nagkaisang Nayon,5,Schools,Private,Senior high school,"Data_QC Caring Cities Tracker, QC Administrative Data - Private schools",#N/A,#N/A,121.0282649,14.7206856,#N/A,#N/A,#N/A,#N/A,Administrative data
1142,Our Lady of Mercy School of Q.C.,"Comm. Ave., Cor. J.P Rizal, Brgy Batasan Hills, QC","Comm. Avenue, corner J.P Rizal, Barangay Batasan Hills, Quezon City, Philippines",Batasan Hills,2,Schools,Private,Elementary school,"Data_QC Caring Cities Tracker, QC Administrative Data - Private schools",#N/A,#N/A,#N/A,#N/A,#N/A,#N/A,#N/A,#N/A,Administrative data
1143,Our Lady of Mercy School of Q.C.,"Comm. Ave., Cor. J.P Rizal, Brgy Batasan Hills, QC","Comm. Avenue, corner J.P Rizal, Barangay Batasan Hills, Quezon City, Philippines",Batasan Hills,2,Schools,Private,Preschool,"Data_QC Caring Cities Tracker, QC Administrative Data - Private schools",#N/A,#N/A,#N/A,#N/A,#N/A,#N/A,#N/A,#N/A,Administrative data
1144,Our Lady of Mercy School of Q.C.,"Comm. Ave., Cor. J.P Rizal, Brgy Batasan Hills, QC","Comm. Avenue, corner J.P Rizal, Barangay Batasan Hills, Quezon City, Philippines",Batasan Hills,2,Schools,Private,Junior high school,"Data_QC Caring Cities Tracker, QC Administrative Data - Private schools",#N/A,#N/A,#N/A,#N/A,#N/A,#N/A,#N/A,#N/A,Administrative data
1145,Our Lady of Mercy School of Q.C.,"Comm. Ave., Cor. J.P Rizal, Brgy Batasan Hills, QC","Comm. Avenue, corner J.P Rizal, Barangay Batasan Hills, Quezon City, Philippines",Batasan Hills,2,Schools,Private,Senior high school,"Data_QC Caring Cities Tracker, QC Administrative Data - Private schools",#N/A,#N/A,#N/A,#N/A,#N/A,#N/A,#N/A,#N/A,Administrative data
1146,Our Lady of the Sacred Heart School,"Plaridel St., Doña Aurora, Quezon City","Plaridel Street, Doña Aurora, Quezon City, Philippines",Doña Aurora,4,Schools,Private,Preschool,"Data_QC Caring Cities Tracker, QC Administrative Data - Private schools",#N/A,#N/A,121.0097475,14.6147311,#N/A,#N/A,#N/A,#N/A,Administrative data
1147,Our Lady of the Sacred Heart School,"Plaridel St., Doña Aurora, Quezon City","Plaridel Street, Doña Aurora, Quezon City, Philippines",Doña Aurora,4,Schools,Private,Elementary school,"Data_QC Caring Cities Tracker, QC Administrative Data - Private schools",#N/A,#N/A,121.0097475,14.6147311,#N/A,#N/A,#N/A,#N/A,Administrative data
1148,Our Lady of the Sacred Heart School,"Plaridel St., Doña Aurora, Quezon City","Plaridel Street, Doña Aurora, Quezon City, Philippines",Doña Aurora,4,Schools,Private,Junior high school,"Data_QC Caring Cities Tracker, QC Administrative Data - Private schools",#N/A,#N/A,121.0097475,14.6147311,#N/A,#N/A,#N/A,#N/A,Administrative data
1149,Our Lady of the Sacred Heart School,"Plaridel St., Doña Aurora, Quezon City","Plaridel Street, Doña Aurora, Quezon City, Philippines",Doña Aurora,4,Schools,Private,Senior high school,"Data_QC Caring Cities Tracker, QC Administrative Data - Private schools",#N/A,#N/A,121.0097475,14.6147311,#N/A,#N/A,#N/A,#N/A,Administrative data
1150,Our Lady of Victories Catholic School of Quezon City,"2 Cannon Rd. New Manila, Quezon City","2 Cannon Road New Manila, Quezon City, Philippines",#N/A,4,Schools,Private,Elementary school,"Data_QC Caring Cities Tracker, QC Administrative Data - Private schools",#N/A,#N/A,121.0393331,14.6216014,#N/A,#N/A,#N/A,#N/A,Administrative data
1151,Our Lady of Victories Catholic School of Quezon City,"2 Cannon Rd. New Manila, Quezon City","2 Cannon Road New Manila, Quezon City, Philippines",#N/A,4,Schools,Private,Senior high school,"Data_QC Caring Cities Tracker, QC Administrative Data - Private schools",#N/A,#N/A,121.0393331,14.6216014,#N/A,#N/A,#N/A,#N/A,Administrative data
1152,Our Lady of Victories Catholic School of Quezon City,"2 Cannon Rd. New Manila, Quezon City","2 Cannon Road New Manila, Quezon City, Philippines",#N/A,4,Schools,Private,Preschool,"Data_QC Caring Cities Tracker, QC Administrative Data - Private schools",#N/A,#N/A,121.0393331,14.6216014,#N/A,#N/A,#N/A,#N/A,Administrative data
1153,Our Lady of Victories Catholic School of Quezon City,"2 Cannon Rd. New Manila, Quezon City","2 Cannon Road New Manila, Quezon City, Philippines",#N/A,4,Schools,Private,Junior high school,"Data_QC Caring Cities Tracker, QC Administrative Data - Private schools",#N/A,#N/A,121.0393331,14.6216014,#N/A,#N/A,#N/A,#N/A,Administrative data
1154,Our Lord Savior Academy,"120 Muñoz St., Talanay B., Batasan Hills, QC","120 Muñoz Street, Talanay B., Batasan Hills, Quezon City, Philippines",Batasan Hills,2,Schools,Private,Preschool,"Data_QC Caring Cities Tracker, QC Administrative Data - Private schools",#N/A,#N/A,#N/A,#N/A,#N/A,#N/A,#N/A,#N/A,Administrative data
1155,Our Lord Savior Academy,"120 Muñoz St., Talanay B., Batasan Hills, QC","120 Muñoz Street, Talanay B., Batasan Hills, Quezon City, Philippines",Batasan Hills,2,Schools,Private,Elementary school,"Data_QC Caring Cities Tracker, QC Administrative Data - Private schools",#N/A,#N/A,#N/A,#N/A,#N/A,#N/A,#N/A,#N/A,Administrative data
1156,Our Lord Savior Academy,"120 Muñoz St., Talanay B., Batasan Hills, QC","120 Muñoz Street, Talanay B., Batasan Hills, Quezon City, Philippines",Batasan Hills,2,Schools,Private,Junior high school,"Data_QC Caring Cities Tracker, QC Administrative Data - Private schools",#N/A,#N/A,#N/A,#N/A,#N/A,#N/A,#N/A,#N/A,Administrative data
1160,pace academy inc.,"77, sgt. e rivera st., manresa, quezon city, ncr, 1115","77, sgt. e rivera Street, manresa, quezon city, ncr, 1115, Philippines",Manresa,1,Schools,Private,Private school,"QC Future Ready dashboard, Schools",7:00AM,4:00PM,121.004885,14.6421762,#N/A,#N/A,#N/A,#N/A,Administrative data
1161,"pace academy talayan, inc.","126, talayan st., talayan, quezon city, ncr, 1104","126, talayan Street, talayan, quezon city, ncr, 1104, Philippines",Talayan,1,Schools,Private,Private school,"QC Future Ready dashboard, Schools",7:00AM,4:00PM,121.0110661,14.6377641,#N/A,#N/A,#N/A,#N/A,Administrative data
1162,"PACE Academy, Inc.","77 Sgt. Rivera, Brgy. Manresa, Quezon City","77 Sgt. Rivera, Barangay Manresa, Quezon City, Philippines",Manresa,1,Schools,Private,Elementary school,"Data_QC Caring Cities Tracker, QC Administrative Data - Private schools",#N/A,#N/A,120.9976647,14.6443722,#N/A,#N/A,#N/A,#N/A,Administrative data
1163,"PACE Academy, Inc.","77 Sgt. Rivera, Brgy. Manresa, Quezon City","77 Sgt. Rivera, Barangay Manresa, Quezon City, Philippines",Manresa,1,Schools,Private,Senior high school,"Data_QC Caring Cities Tracker, QC Administrative Data - Private schools",#N/A,#N/A,120.9976647,14.6443722,#N/A,#N/A,#N/A,#N/A,Administrative data
1164,"PACE Academy, Inc.","77 Sgt. Rivera, Brgy. Manresa, Quezon City","77 Sgt. Rivera, Barangay Manresa, Quezon City, Philippines",Manresa,1,Schools,Private,Preschool,"Data_QC Caring Cities Tracker, QC Administrative Data - Private schools",#N/A,#N/A,120.9976647,14.6443722,#N/A,#N/A,#N/A,#N/A,Administrative data
1165,"PACE Academy, Inc.","77 Sgt. Rivera, Brgy. Manresa, Quezon City","77 Sgt. Rivera, Barangay Manresa, Quezon City, Philippines",Manresa,1,Schools,Private,Junior high school,"Data_QC Caring Cities Tracker, QC Administrative Data - Private schools",#N/A,#N/A,120.9976647,14.6443722,#N/A,#N/A,#N/A,#N/A,Administrative data
1167,"Pail and Shovel Integrated School, Inc.","107 14th Ave., Brgy. Socorro, Cubao, QC","107 14th Avenue, Barangay Socorro, Cubao, Quezon City, Philippines",Socorro,3,Schools,Private,Elementary school,"Data_QC Caring Cities Tracker, QC Administrative Data - Private schools",#N/A,#N/A,121.0601467,14.6169628,#N/A,#N/A,#N/A,#N/A,Administrative data
1168,"Pail and Shovel Integrated School, Inc.","107 14th Ave., Brgy. Socorro, Cubao, QC","107 14th Avenue, Barangay Socorro, Cubao, Quezon City, Philippines",Socorro,3,Schools,Private,Preschool,"Data_QC Caring Cities Tracker, QC Administrative Data - Private schools",#N/A,#N/A,121.0601467,14.6169628,#N/A,#N/A,#N/A,#N/A,Administrative data
1169,"Pail and Shovel Integrated School, Inc.","107 14th Ave., Brgy. Socorro, Cubao, QC","107 14th Avenue, Barangay Socorro, Cubao, Quezon City, Philippines",Socorro,3,Schools,Private,Senior high school,"Data_QC Caring Cities Tracker, QC Administrative Data - Private schools",#N/A,#N/A,121.0601467,14.6169628,#N/A,#N/A,#N/A,#N/A,Administrative data
1170,"Pail and Shovel Integrated School, Inc.","107 14th Ave., Brgy. Socorro, Cubao, QC","107 14th Avenue, Barangay Socorro, Cubao, Quezon City, Philippines",Socorro,3,Schools,Private,Junior high school,"Data_QC Caring Cities Tracker, QC Administrative Data - Private schools",#N/A,#N/A,121.0601467,14.6169628,#N/A,#N/A,#N/A,#N/A,Administrative data
1175,Paltok ES,#N/A,#N/A,Paltok,1,Schools,Public,Elementary school,"Data_QC Caring Cities Tracker, QC Administrative Data - Public schools",#N/A,#N/A,121.022366,14.643015,#N/A,#N/A,#N/A,#N/A,Administrative data
1177,"PAREF-Preschool, Inc.","Unit 142 Grd Flr, MPlace Mall, 116 Panay Ave.., Brgy. South Triangle, QC","Unit 142 Grd Flr, MPlace Mall, 116 Panay Avenue., Barangay South Triangle, Quezon City, Philippines",South Triangle,4,Schools,Private,Preschool,"Data_QC Caring Cities Tracker, QC Administrative Data - Private schools",#N/A,#N/A,121.0327485,14.6400747,#N/A,#N/A,#N/A,#N/A,Administrative data
1180,Pasong Tamo ES,#N/A,#N/A,Pasong Tamo,6,Schools,Public,Elementary school,"Data_QC Caring Cities Tracker, QC Administrative Data - Public schools",#N/A,#N/A,121.0468205,14.6740307,#N/A,#N/A,#N/A,#N/A,Administrative data
1181,Payatas B Elementary School,#N/A,#N/A,Payatas,2,Schools,Public,Elementary school,"Data_QC Caring Cities Tracker, QC Administrative Data - Public schools",#N/A,#N/A,121.0941192,14.7136124,#N/A,#N/A,#N/A,#N/A,Administrative data
1182,Payatas C Elementary School,#N/A,#N/A,Payatas,2,Schools,Public,Elementary school,"Data_QC Caring Cities Tracker, QC Administrative Data - Public schools",#N/A,#N/A,121.0978536,14.7142978,#N/A,#N/A,#N/A,#N/A,Administrative data
1183,Peacemaker International Christian Aca.,"IBP Rd., Eastside, Batasan, QC","IBP Road, Eastside, Batasan, Quezon City, Philippines",Batasan Hills,2,Schools,Private,Preschool,"Data_QC Caring Cities Tracker, QC Administrative Data - Private schools",#N/A,#N/A,121.0937011,14.6892445,#N/A,#N/A,#N/A,#N/A,Administrative data
1184,Peacemaker International Christian Aca.,"IBP Rd., Eastside, Batasan, QC","IBP Road, Eastside, Batasan, Quezon City, Philippines",Batasan Hills,2,Schools,Private,Junior high school,"Data_QC Caring Cities Tracker, QC Administrative Data - Private schools",#N/A,#N/A,121.0937011,14.6892445,#N/A,#N/A,#N/A,#N/A,Administrative data
1185,Peacemaker International Christian Aca.,"IBP Rd., Eastside, Batasan, QC","IBP Road, Eastside, Batasan, Quezon City, Philippines",Batasan Hills,2,Schools,Private,Elementary school,"Data_QC Caring Cities Tracker, QC Administrative Data - Private schools",#N/A,#N/A,121.0937011,14.6892445,#N/A,#N/A,#N/A,#N/A,Administrative data
1186,Peacemaker International Christian Aca.,"IBP Rd., Eastside, Batasan, QC","IBP Road, Eastside, Batasan, Quezon City, Philippines",Batasan Hills,2,Schools,Private,Senior high school,"Data_QC Caring Cities Tracker, QC Administrative Data - Private schools",#N/A,#N/A,121.0937011,14.6892445,#N/A,#N/A,#N/A,#N/A,Administrative data
1187,Peacemaker International Christian Aca.-Branch,"Falconet St., Area 3 Sitio Veterans, Brgy Bagong Silangan, QC","Falconet Street, Area 3 Sitio Veterans, Barangay Bagong Silangan, Quezon City, Philippines",Bagong Silangan,2,Schools,Private,Senior high school,"Data_QC Caring Cities Tracker, QC Administrative Data - Private schools",#N/A,#N/A,121.1041857,14.7069215,#N/A,#N/A,#N/A,#N/A,Administrative data
1188,Peacemaker International Christian Aca.-Branch,"Falconet St., Area 3 Sitio Veterans, Brgy Bagong Silangan, QC","Falconet Street, Area 3 Sitio Veterans, Barangay Bagong Silangan, Quezon City, Philippines",Bagong Silangan,2,Schools,Private,Preschool,"Data_QC Caring Cities Tracker, QC Administrative Data - Private schools",#N/A,#N/A,121.1041857,14.7069215,#N/A,#N/A,#N/A,#N/A,Administrative data
1189,Peacemaker International Christian Aca.-Branch,"Falconet St., Area 3 Sitio Veterans, Brgy Bagong Silangan, QC","Falconet Street, Area 3 Sitio Veterans, Barangay Bagong Silangan, Quezon City, Philippines",Bagong Silangan,2,Schools,Private,Elementary school,"Data_QC Caring Cities Tracker, QC Administrative Data - Private schools",#N/A,#N/A,121.1041857,14.7069215,#N/A,#N/A,#N/A,#N/A,Administrative data
1190,Peacemaker International Christian Aca.-Branch,"Falconet St., Area 3 Sitio Veterans, Brgy Bagong Silangan, QC","Falconet Street, Area 3 Sitio Veterans, Barangay Bagong Silangan, Quezon City, Philippines",Bagong Silangan,2,Schools,Private,Junior high school,"Data_QC Caring Cities Tracker, QC Administrative Data - Private schools",#N/A,#N/A,121.1041857,14.7069215,#N/A,#N/A,#N/A,#N/A,Administrative data
1194,"Pediamorphosis House, Inc.","51 Rosa Alvaro St., Loyola Hts. QC","51 Rosa Alvaro Street, Loyola Hts. Quezon City, Philippines",Loyola Heights,3,Schools,Private,Special Education Program,"Data_QC Caring Cities Tracker, QC Administrative Data - Private schools",#N/A,#N/A,121.070035,14.6375483,#N/A,#N/A,#N/A,#N/A,Administrative data
1195,Pedro Tuason SHS (Stand Alone),#N/A,#N/A,Bagong Lipunan ng Crame,4,Schools,Public,Senior high school,"Data_QC Caring Cities Tracker, QC Administrative Data - Public schools",#N/A,#N/A,121.0484484,14.6141004,#N/A,#N/A,#N/A,#N/A,Administrative data
1196,"People of Grace Christian Schools Foundation, Inc.","58 Kamuning Rd. cor. J. Jimenez, Brgy. Kamuning, QC","58 Kamuning Road corner J. Jimenez, Barangay Kamuning, Quezon City, Philippines",Kamuning,4,Schools,Private,Senior high school,"Data_QC Caring Cities Tracker, QC Administrative Data - Private schools",#N/A,#N/A,121.0389108,14.6284951,#N/A,#N/A,#N/A,#N/A,Administrative data
1197,"People of Grace Christian Schools Foundation, Inc.","58 Kamuning Rd. cor. J. Jimenez, Brgy. Kamuning, QC","58 Kamuning Road corner J. Jimenez, Barangay Kamuning, Quezon City, Philippines",Kamuning,4,Schools,Private,Preschool,"Data_QC Caring Cities Tracker, QC Administrative Data - Private schools",#N/A,#N/A,121.0389108,14.6284951,#N/A,#N/A,#N/A,#N/A,Administrative data
1198,"People of Grace Christian Schools Foundation, Inc.","58 Kamuning Rd. cor. J. Jimenez, Brgy. Kamuning, QC","58 Kamuning Road corner J. Jimenez, Barangay Kamuning, Quezon City, Philippines",Kamuning,4,Schools,Private,Elementary school,"Data_QC Caring Cities Tracker, QC Administrative Data - Private schools",#N/A,#N/A,121.0389108,14.6284951,#N/A,#N/A,#N/A,#N/A,Administrative data
1199,"People of Grace Christian Schools Foundation, Inc.","58 Kamuning Rd. cor. J. Jimenez, Brgy. Kamuning, QC","58 Kamuning Road corner J. Jimenez, Barangay Kamuning, Quezon City, Philippines",Kamuning,4,Schools,Private,Junior high school,"Data_QC Caring Cities Tracker, QC Administrative Data - Private schools",#N/A,#N/A,121.0389108,14.6284951,#N/A,#N/A,#N/A,#N/A,Administrative data
1200,Perpetual Help Learning Academy of Q.C.,"# 7 Wayan St., Masambong, QC","7 Wayan Street, Masambong, Quezon City, Philippines",Masambong,1,Schools,Private,Preschool,"Data_QC Caring Cities Tracker, QC Administrative Data - Private schools",#N/A,#N/A,121.0088867,14.6402871,#N/A,#N/A,#N/A,#N/A,Administrative data
1201,Perpetual Help Learning Academy of Q.C.,"# 7 Wayan St., Masambong, QC","7 Wayan Street, Masambong, Quezon City, Philippines",Masambong,1,Schools,Private,Elementary school,"Data_QC Caring Cities Tracker, QC Administrative Data - Private schools",#N/A,#N/A,121.0088867,14.6402871,#N/A,#N/A,#N/A,#N/A,Administrative data
1202,Perpetual Help Learning Academy of Q.C.,"# 7 Wayan St., Masambong, QC","7 Wayan Street, Masambong, Quezon City, Philippines",Masambong,1,Schools,Private,Junior high school,"Data_QC Caring Cities Tracker, QC Administrative Data - Private schools",#N/A,#N/A,121.0088867,14.6402871,#N/A,#N/A,#N/A,#N/A,Administrative data
1203,Perpetual Help Learning Academy of Q.C.,"# 7 Wayan St., Masambong, QC","7 Wayan Street, Masambong, Quezon City, Philippines",Masambong,1,Schools,Private,Senior high school,"Data_QC Caring Cities Tracker, QC Administrative Data - Private schools",#N/A,#N/A,121.0088867,14.6402871,#N/A,#N/A,#N/A,#N/A,Administrative data
1204,"PETITE GRAINE PRESCHOOL, INC.","Eastwood Le Grand Tower 3, Ground Floor, Unit 14-18 Weastwood City, Brgy Bagumbayan, QC","Eastwood Le Grand Tower 3, Ground Floor, Unit 14-18 Weastwood City, Barangay Bagumbayan, Quezon City, Philippines",Bagumbayan,3,Schools,Private,Preschool,"Data_QC Caring Cities Tracker, QC Administrative Data - Private schools",#N/A,#N/A,121.0808146,14.6077702,#N/A,#N/A,#N/A,#N/A,Administrative data
1209,Philippine Association of University Women-Up Child Study Center Inc.,"P. Tavera, Tabujana Hall, Area 14, UP, QC","P. Tavera, Tabujana Hall, Area 14, UP, Quezon City, Philippines",#N/A,4,Schools,Private,Elementary school,"Data_QC Caring Cities Tracker, QC Administrative Data - Private schools",#N/A,#N/A,121.065041,14.6578369,#N/A,#N/A,#N/A,#N/A,Administrative data
1210,Philippine Association of University Women-Up Child Study Center Inc.,"P. Tavera, Tabujana Hall, Area 14, UP, QC","P. Tavera, Tabujana Hall, Area 14, UP, Quezon City, Philippines",#N/A,4,Schools,Private,Preschool,"Data_QC Caring Cities Tracker, QC Administrative Data - Private schools",#N/A,#N/A,121.065041,14.6578369,#N/A,#N/A,#N/A,#N/A,Administrative data
1211,"Philippine Institute of Quezon City, Inc.","62 Kitanlad St., Brgy. Doña Josefa, Quezon City","62 Kitanlad Street, Barangay Doña Josefa, Quezon City, Philippines",Doña Josefa,4,Schools,Private,Elementary school,"Data_QC Caring Cities Tracker, QC Administrative Data - Private schools",#N/A,#N/A,121.0088707,14.6189609,#N/A,#N/A,#N/A,#N/A,Administrative data
1212,"Philippine Institute of Quezon City, Inc.","62 Kitanlad St., Brgy. Doña Josefa, Quezon City","62 Kitanlad Street, Barangay Doña Josefa, Quezon City, Philippines",Doña Josefa,4,Schools,Private,Senior high school,"Data_QC Caring Cities Tracker, QC Administrative Data - Private schools",#N/A,#N/A,121.0088707,14.6189609,#N/A,#N/A,#N/A,#N/A,Administrative data
1213,"Philippine Institute of Quezon City, Inc.","62 Kitanlad St., Brgy. Doña Josefa, Quezon City","62 Kitanlad Street, Barangay Doña Josefa, Quezon City, Philippines",Doña Josefa,4,Schools,Private,Preschool,"Data_QC Caring Cities Tracker, QC Administrative Data - Private schools",#N/A,#N/A,121.0088707,14.6189609,#N/A,#N/A,#N/A,#N/A,Administrative data
1214,"Philippine Institute of Quezon City, Inc.","62 Kitanlad St., Brgy. Doña Josefa, Quezon City","62 Kitanlad Street, Barangay Doña Josefa, Quezon City, Philippines",Doña Josefa,4,Schools,Private,Junior high school,"Data_QC Caring Cities Tracker, QC Administrative Data - Private schools",#N/A,#N/A,121.0088707,14.6189609,#N/A,#N/A,#N/A,#N/A,Administrative data
1215,Philippine Lyceum of Saint Dominique Inc.,"#3 Calderon St. Matandang Balara, Quezon City","3 Calderon Street Matandang Balara, Quezon City, Philippines",Matandang Balara,3,Schools,Private,Senior high school,"Data_QC Caring Cities Tracker, QC Administrative Data - Private schools",#N/A,#N/A,121.0767493,14.6684537,#N/A,#N/A,#N/A,#N/A,Administrative data
1216,Philippine Lyceum of Saint Dominique Inc.,"#3 Calderon St. Matandang Balara, Quezon City","3 Calderon Street Matandang Balara, Quezon City, Philippines",Matandang Balara,3,Schools,Private,Preschool,"Data_QC Caring Cities Tracker, QC Administrative Data - Private schools",#N/A,#N/A,121.0767493,14.6684537,#N/A,#N/A,#N/A,#N/A,Administrative data
1217,Philippine Lyceum of Saint Dominique Inc.,"#3 Calderon St. Matandang Balara, Quezon City","3 Calderon Street Matandang Balara, Quezon City, Philippines",Matandang Balara,3,Schools,Private,Elementary school,"Data_QC Caring Cities Tracker, QC Administrative Data - Private schools",#N/A,#N/A,121.0767493,14.6684537,#N/A,#N/A,#N/A,#N/A,Administrative data
1218,Philippine Lyceum of Saint Dominique Inc.,"#3 Calderon St. Matandang Balara, Quezon City","3 Calderon Street Matandang Balara, Quezon City, Philippines",Matandang Balara,3,Schools,Private,Junior high school,"Data_QC Caring Cities Tracker, QC Administrative Data - Private schools",#N/A,#N/A,121.0767493,14.6684537,#N/A,#N/A,#N/A,#N/A,Administrative data
1219,Philippine Montessori Center,"27 Queensville St., Whiteplains, Quezon City","27 Queensville Street, Whiteplains, Quezon City, Philippines",White Plains,3,Schools,Private,Preschool,"Data_QC Caring Cities Tracker, QC Administrative Data - Private schools",#N/A,#N/A,121.072835,14.605951,#N/A,#N/A,#N/A,#N/A,Administrative data
1220,Philippine Montessori Center,"27 Queensville St., Whiteplains, Quezon City","27 Queensville Street, Whiteplains, Quezon City, Philippines",White Plains,3,Schools,Private,Elementary school,"Data_QC Caring Cities Tracker, QC Administrative Data - Private schools",#N/A,#N/A,121.072835,14.605951,#N/A,#N/A,#N/A,#N/A,Administrative data
1221,Philippine Montessori Center,"27 Queensville St., Whiteplains, Quezon City","27 Queensville Street, Whiteplains, Quezon City, Philippines",White Plains,3,Schools,Private,Junior high school,"Data_QC Caring Cities Tracker, QC Administrative Data - Private schools",#N/A,#N/A,121.072835,14.605951,#N/A,#N/A,#N/A,#N/A,Administrative data
1223,Philippines Womens University - (Frmly JASMS),"51# Congessional Ave., Cor. Villa Socorro, Brgy Bahay Toro, QC","51 Congessional Avenue, corner Villa Socorro, Barangay Bahay Toro, Quezon City, Philippines",Bahay Toro,1,Schools,Private,Preschool,"Data_QC Caring Cities Tracker, QC Administrative Data - Private schools",#N/A,#N/A,121.0382954,14.6708129,#N/A,#N/A,#N/A,#N/A,Administrative data
1224,Philippines Womens University - (Frmly JASMS),"51# Congessional Ave., Cor. Villa Socorro, Brgy Bahay Toro, QC","51 Congessional Avenue, corner Villa Socorro, Barangay Bahay Toro, Quezon City, Philippines",Bahay Toro,1,Schools,Private,Elementary school,"Data_QC Caring Cities Tracker, QC Administrative Data - Private schools",#N/A,#N/A,121.0382954,14.6708129,#N/A,#N/A,#N/A,#N/A,Administrative data
1225,Philippines Womens University - (Frmly JASMS),"51# Congessional Ave., Cor. Villa Socorro, Brgy Bahay Toro, QC","51 Congessional Avenue, corner Villa Socorro, Barangay Bahay Toro, Quezon City, Philippines",Bahay Toro,1,Schools,Private,Junior high school,"Data_QC Caring Cities Tracker, QC Administrative Data - Private schools",#N/A,#N/A,121.0382954,14.6708129,#N/A,#N/A,#N/A,#N/A,Administrative data
1226,Philippines Womens University - (Frmly JASMS),"51# Congessional Ave., Cor. Villa Socorro, Brgy Bahay Toro, QC","51 Congessional Avenue, corner Villa Socorro, Barangay Bahay Toro, Quezon City, Philippines",Bahay Toro,1,Schools,Private,Senior high school,"Data_QC Caring Cities Tracker, QC Administrative Data - Private schools",#N/A,#N/A,121.0382954,14.6708129,#N/A,#N/A,#N/A,#N/A,Administrative data
1233,Piagetian Guided Educational Center,"#95 Scout Reyes St., Brgy. Paligsahan, QC","95 Scout Reyes Street, Barangay Paligsahan, Quezon City, Philippines",Paligsahan,4,Schools,Private,Elementary school,"Data_QC Caring Cities Tracker, QC Administrative Data - Private schools",#N/A,#N/A,121.0261691,14.6337756,#N/A,#N/A,#N/A,#N/A,Administrative data
1234,Piagetian Guided Educational Center,"#95 Scout Reyes St., Brgy. Paligsahan, QC","95 Scout Reyes Street, Barangay Paligsahan, Quezon City, Philippines",Paligsahan,4,Schools,Private,Preschool,"Data_QC Caring Cities Tracker, QC Administrative Data - Private schools",#N/A,#N/A,121.0261691,14.6337756,#N/A,#N/A,#N/A,#N/A,Administrative data
1240,Pinyahan ES,#N/A,#N/A,Pinyahan,4,Schools,Public,Elementary school,"Data_QC Caring Cities Tracker, QC Administrative Data - Public schools",#N/A,#N/A,121.050469,14.638309,#N/A,#N/A,#N/A,#N/A,Administrative data
1243,Placido del Mundo ES,#N/A,#N/A,Talipapa,6,Schools,Public,Elementary school,"Data_QC Caring Cities Tracker, QC Administrative Data - Public schools",#N/A,#N/A,121.0252308,14.6872945,#N/A,#N/A,#N/A,#N/A,Administrative data
1248,"PMI COLLEGES , Inc",73 Roosevelt Avenue SFDM Quezon City,"73 Roosevelt Avenue SFDM Quezon City, Philippines",#N/A,1,Schools,Private,Senior high school,"Data_QC Caring Cities Tracker, QC Administrative Data - Private schools",#N/A,#N/A,121.0177029,14.6341048,#N/A,#N/A,#N/A,#N/A,Administrative data
1249,"PMW School, Inc. - (Frmly PMWA Lrng. Ctr.)","59 Matatag St., Brgy. Pinyahan, QC","59 Matatag Street, Barangay Pinyahan, Quezon City, Philippines",Pinyahan,4,Schools,Private,Elementary school,"Data_QC Caring Cities Tracker, QC Administrative Data - Private schools",#N/A,#N/A,121.0486655,14.6376494,#N/A,#N/A,#N/A,#N/A,Administrative data
1250,"PMW School, Inc. - (Frmly PMWA Lrng. Ctr.)","59 Matatag St., Brgy. Pinyahan, QC","59 Matatag Street, Barangay Pinyahan, Quezon City, Philippines",Pinyahan,4,Schools,Private,Junior high school,"Data_QC Caring Cities Tracker, QC Administrative Data - Private schools",#N/A,#N/A,121.0486655,14.6376494,#N/A,#N/A,#N/A,#N/A,Administrative data
1251,"PMW School, Inc. - (Frmly PMWA Lrng. Ctr.)","59 Matatag St., Brgy. Pinyahan, QC","59 Matatag Street, Barangay Pinyahan, Quezon City, Philippines",Pinyahan,4,Schools,Private,Preschool,"Data_QC Caring Cities Tracker, QC Administrative Data - Private schools",#N/A,#N/A,121.0486655,14.6376494,#N/A,#N/A,#N/A,#N/A,Administrative data
1253,Ponciano A. Bernardo High School,#N/A,#N/A,Kaunlaran,4,Schools,Public,High school,"Data_QC Caring Cities Tracker, QC Administrative Data - Public schools",#N/A,#N/A,121.0493891,14.6140133,#N/A,#N/A,#N/A,#N/A,Administrative data
1254,Ponciano Bernardo ES,#N/A,#N/A,Kaunlaran,4,Schools,Public,Elementary school,"Data_QC Caring Cities Tracker, QC Administrative Data - Public schools",#N/A,#N/A,121.0493031,14.6144723,#N/A,#N/A,#N/A,#N/A,Administrative data
1260,Positive Thinker Learning Center Inc.,"No. 32 Riverview Drive, Blueridge B. QC.","32 Riverview Drive, Blueridge B. Quezon City., Philippines",Blue Ridge B,3,Schools,Private,Preschool,"Data_QC Caring Cities Tracker, QC Administrative Data - Private schools",#N/A,#N/A,121.0774573,14.6179601,#N/A,#N/A,#N/A,#N/A,Administrative data
1261,Positive Thinker Learning Center Inc.,"No. 32 Riverview Drive, Blueridge B. QC.","32 Riverview Drive, Blueridge B. Quezon City., Philippines",Blue Ridge B,3,Schools,Private,Elementary school,"Data_QC Caring Cities Tracker, QC Administrative Data - Private schools",#N/A,#N/A,121.0774573,14.6179601,#N/A,#N/A,#N/A,#N/A,Administrative data
1264,Precious Lrng. Institute,"1 Kagawad Rd., Talanay A. Batasan Hills, QC","1 Kagawad Road, Talanay A. Batasan Hills, Quezon City, Philippines",Batasan Hills,2,Schools,Private,Preschool,"Data_QC Caring Cities Tracker, QC Administrative Data - Private schools",#N/A,#N/A,121.099086,14.683621,#N/A,#N/A,#N/A,#N/A,Administrative data
1265,Precious Lrng. Institute,"1 Kagawad Rd., Talanay A. Batasan Hills, QC","1 Kagawad Road, Talanay A. Batasan Hills, Quezon City, Philippines",Batasan Hills,2,Schools,Private,Elementary school,"Data_QC Caring Cities Tracker, QC Administrative Data - Private schools",#N/A,#N/A,121.099086,14.683621,#N/A,#N/A,#N/A,#N/A,Administrative data
1266,Precious Lrng. Institute,"1 Kagawad Rd., Talanay A. Batasan Hills, QC","1 Kagawad Road, Talanay A. Batasan Hills, Quezon City, Philippines",Batasan Hills,2,Schools,Private,Junior high school,"Data_QC Caring Cities Tracker, QC Administrative Data - Private schools",#N/A,#N/A,121.099086,14.683621,#N/A,#N/A,#N/A,#N/A,Administrative data
1267,Pres. Corazon C. Aquino ES,#N/A,#N/A,Batasan Hills,2,Schools,Public,Elementary school,"Data_QC Caring Cities Tracker, QC Administrative Data - Public schools",#N/A,#N/A,121.093262,14.6892666,#N/A,#N/A,#N/A,#N/A,Administrative data
1270,"Prime Montessori School, Inc.","B76L67, Asension Rd., Lagro, QC","B76L67, Asension Road, Lagro, Quezon City, Philippines",Greater Lagro,5,Schools,Private,Elementary school,"Data_QC Caring Cities Tracker, QC Administrative Data - Private schools",#N/A,#N/A,121.0675179,14.7324769,#N/A,#N/A,#N/A,#N/A,Administrative data
1271,"Prime Montessori School, Inc.","B76L67, Asension Rd., Lagro, QC","B76L67, Asension Road, Lagro, Quezon City, Philippines",Greater Lagro,5,Schools,Private,Preschool,"Data_QC Caring Cities Tracker, QC Administrative Data - Private schools",#N/A,#N/A,121.0675179,14.7324769,#N/A,#N/A,#N/A,#N/A,Administrative data
1272,"Prime Montessori School, Inc.","B76L67, Asension Rd., Lagro, QC","B76L67, Asension Road, Lagro, Quezon City, Philippines",Greater Lagro,5,Schools,Private,Junior high school,"Data_QC Caring Cities Tracker, QC Administrative Data - Private schools",#N/A,#N/A,121.0675179,14.7324769,#N/A,#N/A,#N/A,#N/A,Administrative data
1275,"Prince Nikki School, Inc","#2718 Pinagkaisa St. Brgy Commonwealth , QC","2718 Pinagkaisa Street Barangay Commonwealth , Quezon City, Philippines",Commonwealth,2,Schools,Private,Preschool,"Data_QC Caring Cities Tracker, QC Administrative Data - Private schools",#N/A,#N/A,121.0906881,14.702503,#N/A,#N/A,#N/A,#N/A,Administrative data
1276,"Prince Nikki School, Inc","#2718 Pinagkaisa St. Brgy Commonwealth , QC","2718 Pinagkaisa Street Barangay Commonwealth , Quezon City, Philippines",Commonwealth,2,Schools,Private,Elementary school,"Data_QC Caring Cities Tracker, QC Administrative Data - Private schools",#N/A,#N/A,121.0906881,14.702503,#N/A,#N/A,#N/A,#N/A,Administrative data
1277,"Prince Nikki School, Inc","#2718 Pinagkaisa St. Brgy Commonwealth , QC","2718 Pinagkaisa Street Barangay Commonwealth , Quezon City, Philippines",Commonwealth,2,Schools,Private,Junior high school,"Data_QC Caring Cities Tracker, QC Administrative Data - Private schools",#N/A,#N/A,121.0906881,14.702503,#N/A,#N/A,#N/A,#N/A,Administrative data
1278,Progeny Ardent School Inc.,"338 Leyte Gulf St., Area II, Vet. Viil., Holy Spirit, QC","338 Leyte Gulf Street, Area II, Vet. Viil., Holy Spirit, Quezon City, Philippines",Holy Spirit,2,Schools,Private,Preschool,"Data_QC Caring Cities Tracker, QC Administrative Data - Private schools",#N/A,#N/A,121.0702549,14.683702,#N/A,#N/A,#N/A,#N/A,Administrative data
1279,Progeny Ardent School Inc.,"338 Leyte Gulf St., Area II, Vet. Viil., Holy Spirit, QC","338 Leyte Gulf Street, Area II, Vet. Viil., Holy Spirit, Quezon City, Philippines",Holy Spirit,2,Schools,Private,Elementary school,"Data_QC Caring Cities Tracker, QC Administrative Data - Private schools",#N/A,#N/A,121.0702549,14.683702,#N/A,#N/A,#N/A,#N/A,Administrative data
1280,Progeny Ardent School Inc.,"338 Leyte Gulf St., Area II, Vet. Viil., Holy Spirit, QC","338 Leyte Gulf Street, Area II, Vet. Viil., Holy Spirit, Quezon City, Philippines",Holy Spirit,2,Schools,Private,Junior high school,"Data_QC Caring Cities Tracker, QC Administrative Data - Private schools",#N/A,#N/A,121.0702549,14.683702,#N/A,#N/A,#N/A,#N/A,Administrative data
1281,Progressive Little Saints Lrng Ctr. Inc,"51 10th St., Rolling Hills Vill., Damayang Lagi, QC","51 10th Street, Rolling Hills Village, Damayang Lagi, Quezon City, Philippines",Damayan,1,Schools,Private,Elementary school,"Data_QC Caring Cities Tracker, QC Administrative Data - Private schools",#N/A,#N/A,#N/A,#N/A,#N/A,#N/A,#N/A,#N/A,Administrative data
1282,Progressive Little Saints Lrng Ctr. Inc,"51 10th St., Rolling Hills Vill., Damayang Lagi, QC","51 10th Street, Rolling Hills Village, Damayang Lagi, Quezon City, Philippines",Damayan,1,Schools,Private,Preschool,"Data_QC Caring Cities Tracker, QC Administrative Data - Private schools",#N/A,#N/A,#N/A,#N/A,#N/A,#N/A,#N/A,#N/A,Administrative data
1284,Project 3 Elementary School,#N/A,#N/A,Duyan-duyan,3,Schools,Public,Elementary school,"Data_QC Caring Cities Tracker, QC Administrative Data - Public schools",#N/A,#N/A,121.0677732,14.6306614,#N/A,#N/A,#N/A,#N/A,Administrative data
1286,Project 6 Special Science Elementary School,#N/A,#N/A,Project 6,1,Schools,Public,Elementary school,"Data_QC Caring Cities Tracker, QC Administrative Data - Public schools",#N/A,#N/A,121.0397709,14.662485,#N/A,#N/A,#N/A,#N/A,Administrative data
1287,"Promise Land Christian School of Payatas, Inc","37 Luzon St., Lupang Pangako, Ph. 4, Area B, Payatas, Quezon City","37 Luzon Street, Lupang Pangako, Ph. 4, Area B, Payatas, Quezon City, Philippines",Payatas,2,Schools,Private,Preschool,"Data_QC Caring Cities Tracker, QC Administrative Data - Private schools",#N/A,#N/A,#N/A,#N/A,#N/A,#N/A,#N/A,#N/A,Administrative data
1288,"Promise Land Christian School of Payatas, Inc","37 Luzon St., Lupang Pangako, Ph. 4, Area B, Payatas, Quezon City","37 Luzon Street, Lupang Pangako, Ph. 4, Area B, Payatas, Quezon City, Philippines",Payatas,2,Schools,Private,Elementary school,"Data_QC Caring Cities Tracker, QC Administrative Data - Private schools",#N/A,#N/A,#N/A,#N/A,#N/A,#N/A,#N/A,#N/A,Administrative data
1289,"Promise Land Christian School of Payatas, Inc","37 Luzon St., Lupang Pangako, Ph. 4, Area B, Payatas, Quezon City","37 Luzon Street, Lupang Pangako, Ph. 4, Area B, Payatas, Quezon City, Philippines",Payatas,2,Schools,Private,Junior high school,"Data_QC Caring Cities Tracker, QC Administrative Data - Private schools",#N/A,#N/A,#N/A,#N/A,#N/A,#N/A,#N/A,#N/A,Administrative data
1290,"Promise Land Christian School of Payatas, Inc","37 Luzon St., Lupang Pangako, Ph. 4, Area B, Payatas, Quezon City","37 Luzon Street, Lupang Pangako, Ph. 4, Area B, Payatas, Quezon City, Philippines",Payatas,2,Schools,Private,Senior high school,"Data_QC Caring Cities Tracker, QC Administrative Data - Private schools",#N/A,#N/A,#N/A,#N/A,#N/A,#N/A,#N/A,#N/A,Administrative data
1292,Pugad Lawin HS,#N/A,#N/A,Bahay Toro,1,Schools,Public,High school,"Data_QC Caring Cities Tracker, QC Administrative Data - Public schools",#N/A,#N/A,121.0164961,14.664688,#N/A,#N/A,#N/A,#N/A,Administrative data
1293,Pura V. Kalaw ES,#N/A,#N/A,Milagrosa,3,Schools,Public,Elementary school,"Data_QC Caring Cities Tracker, QC Administrative Data - Public schools",#N/A,#N/A,121.0679518,14.6213937,#N/A,#N/A,#N/A,#N/A,Administrative data
1306,"Quezon City Academy Foundation, Inc","1144 EDSA, Ramon Magsaysay, Q.C.","1144 EDSA, Ramon Magsaysay, Quezon City, Philippines",Ramon Magsaysay,1,Schools,Private,Junior high school,"Data_QC Caring Cities Tracker, QC Administrative Data - Private schools",#N/A,#N/A,121.0258948,14.6568935,#N/A,#N/A,#N/A,#N/A,Administrative data
1307,"Quezon City Academy Foundation, Inc","1144 EDSA, Ramon Magsaysay, Q.C.","1144 EDSA, Ramon Magsaysay, Quezon City, Philippines",Ramon Magsaysay,1,Schools,Private,Senior high school,"Data_QC Caring Cities Tracker, QC Administrative Data - Private schools",#N/A,#N/A,121.0258948,14.6568935,#N/A,#N/A,#N/A,#N/A,Administrative data
1308,"Quezon City Adventist Elementary School, Inc.","#99 N. Ramirez St., Galas, Brgy. Don Manuel, QC","99 N. Ramirez Street, Galas, Barangay Don Manuel, Quezon City, Philippines",Don Manuel,4,Schools,Private,Elementary school,"Data_QC Caring Cities Tracker, QC Administrative Data - Private schools",#N/A,#N/A,121.007449,14.614502,#N/A,#N/A,#N/A,#N/A,Administrative data
1309,"Quezon City Christ is Lord Academy (QCLA), Inc.","#52 Roxas St. Pael Compd., Brgy. Culiat, QC","52 Roxas Street Pael Compd., Barangay Culiat, Quezon City, Philippines",Roxas,4,Schools,Private,Junior high school,"Data_QC Caring Cities Tracker, QC Administrative Data - Private schools",#N/A,#N/A,#N/A,#N/A,#N/A,#N/A,#N/A,#N/A,Administrative data
1310,"Quezon City Christ is Lord Academy (QCLA), Inc.","#52 Roxas St. Pael Compd., Brgy. Culiat, QC","52 Roxas Street Pael Compd., Barangay Culiat, Quezon City, Philippines",Roxas,4,Schools,Private,Senior high school,"Data_QC Caring Cities Tracker, QC Administrative Data - Private schools",#N/A,#N/A,#N/A,#N/A,#N/A,#N/A,#N/A,#N/A,Administrative data
1311,"Quezon City Christ is Lord Academy (QCLA), Inc.","#52 Roxas St. Pael Compd., Brgy. Culiat, QC","52 Roxas Street Pael Compd., Barangay Culiat, Quezon City, Philippines",Roxas,4,Schools,Private,Preschool,"Data_QC Caring Cities Tracker, QC Administrative Data - Private schools",#N/A,#N/A,#N/A,#N/A,#N/A,#N/A,#N/A,#N/A,Administrative data
1312,"Quezon City Christ is Lord Academy (QCLA), Inc.","#52 Roxas St. Pael Compd., Brgy. Culiat, QC","52 Roxas Street Pael Compd., Barangay Culiat, Quezon City, Philippines",Roxas,4,Schools,Private,Elementary school,"Data_QC Caring Cities Tracker, QC Administrative Data - Private schools",#N/A,#N/A,#N/A,#N/A,#N/A,#N/A,#N/A,#N/A,Administrative data
1313,Quezon City Christian Academy,"52 Mariano Cuenco St., Brgy. Lourdes, QC","52 Mariano Cuenco Street, Barangay Lourdes, Quezon City, Philippines",Lourdes,1,Schools,Private,Preschool,"Data_QC Caring Cities Tracker, QC Administrative Data - Private schools",#N/A,#N/A,121.004467,14.6228951,#N/A,#N/A,#N/A,#N/A,Administrative data
1314,Quezon City Christian Academy,"52 Mariano Cuenco St., Brgy. Lourdes, QC","52 Mariano Cuenco Street, Barangay Lourdes, Quezon City, Philippines",Lourdes,1,Schools,Private,Elementary school,"Data_QC Caring Cities Tracker, QC Administrative Data - Private schools",#N/A,#N/A,121.004467,14.6228951,#N/A,#N/A,#N/A,#N/A,Administrative data
1315,Quezon City Christian Academy,"52 Mariano Cuenco St., Brgy. Lourdes, QC","52 Mariano Cuenco Street, Barangay Lourdes, Quezon City, Philippines",Lourdes,1,Schools,Private,Junior high school,"Data_QC Caring Cities Tracker, QC Administrative Data - Private schools",#N/A,#N/A,121.004467,14.6228951,#N/A,#N/A,#N/A,#N/A,Administrative data
1316,Quezon City Christian Academy,"52 Mariano Cuenco St., Brgy. Lourdes, QC","52 Mariano Cuenco Street, Barangay Lourdes, Quezon City, Philippines",Lourdes,1,Schools,Private,Senior high school,"Data_QC Caring Cities Tracker, QC Administrative Data - Private schools",#N/A,#N/A,121.004467,14.6228951,#N/A,#N/A,#N/A,#N/A,Administrative data
1319,Quezon City High School,#N/A,#N/A,Sacred Heart,4,Schools,Public,High school,"Data_QC Caring Cities Tracker, QC Administrative Data - Public schools",#N/A,#N/A,121.037631,14.6300175,#N/A,#N/A,#N/A,#N/A,Administrative data
1322,Quezon City Science High School,#N/A,#N/A,Sto. Cristo,1,Schools,Public,High school,"Data_QC Caring Cities Tracker, QC Administrative Data - Public schools",#N/A,#N/A,121.0297881,14.6587159,#N/A,#N/A,#N/A,#N/A,Administrative data
1329,Quirino ES,#N/A,#N/A,Quirino 2-B,3,Schools,Public,Elementary school,"Data_QC Caring Cities Tracker, QC Administrative Data - Public schools",#N/A,#N/A,121.0608835,14.631943,#N/A,#N/A,#N/A,#N/A,Administrative data
1332,Quirino HS,#N/A,#N/A,Duyan-duyan,3,Schools,Public,High school,"Data_QC Caring Cities Tracker, QC Administrative Data - Public schools",#N/A,#N/A,121.0673249,14.6310241,#N/A,#N/A,#N/A,#N/A,Administrative data
1336,Ramon Magsaysay Cubao HS,#N/A,#N/A,Pinagkaisahan,4,Schools,Public,High school,"Data_QC Caring Cities Tracker, QC Administrative Data - Public schools",#N/A,#N/A,121.0465869,14.6274013,#N/A,#N/A,#N/A,#N/A,Administrative data
1337,Ramon Magsaysay Elementary School,#N/A,#N/A,Ramon Magsaysay,1,Schools,Public,Elementary school,"Data_QC Caring Cities Tracker, QC Administrative Data - Public schools",#N/A,#N/A,120.9990825,14.6286191,#N/A,#N/A,#N/A,#N/A,Administrative data
1340,Raymundo Punongbayan ES,#N/A,#N/A,Payatas,2,Schools,Public,Elementary school,"Data_QC Caring Cities Tracker, QC Administrative Data - Public schools",#N/A,#N/A,121.1178725,14.7274113,#N/A,#N/A,#N/A,#N/A,Administrative data
1343,"Red Brick Academy, Inc.","#34 Beethoven St., Corner Genesis St., Greenville Subd., Brgy Sauyo, QC","34 Beethoven Street, Corner Genesis Street, Greenville Subdivision, Barangay Sauyo, Quezon City, Philippines",Sauyo,6,Schools,Private,Junior high school,"Data_QC Caring Cities Tracker, QC Administrative Data - Private schools",#N/A,#N/A,121.0378931,14.689434,#N/A,#N/A,#N/A,#N/A,Administrative data
1344,"Red Brick Academy, Inc.","#34 Beethoven St., Corner Genesis St., Greenville Subd., Brgy Sauyo, QC","34 Beethoven Street, Corner Genesis Street, Greenville Subdivision, Barangay Sauyo, Quezon City, Philippines",Sauyo,6,Schools,Private,Elementary school,"Data_QC Caring Cities Tracker, QC Administrative Data - Private schools",#N/A,#N/A,121.0378931,14.689434,#N/A,#N/A,#N/A,#N/A,Administrative data
1345,"Red Brick Academy, Inc.","#34 Beethoven St., Corner Genesis St., Greenville Subd., Brgy Sauyo, QC","34 Beethoven Street, Corner Genesis Street, Greenville Subdivision, Barangay Sauyo, Quezon City, Philippines",Sauyo,6,Schools,Private,Preschool,"Data_QC Caring Cities Tracker, QC Administrative Data - Private schools",#N/A,#N/A,121.0378931,14.689434,#N/A,#N/A,#N/A,#N/A,Administrative data
1350,"Resurrection Catholic School, Inc.","Parokya Rd., Bagbag, Nova., QC","Parokya Road, Bagbag, Nova., Quezon City, Philippines",Bagbag,5,Schools,Private,Elementary school,"Data_QC Caring Cities Tracker, QC Administrative Data - Private schools",#N/A,#N/A,121.0319184,14.6960442,#N/A,#N/A,#N/A,#N/A,Administrative data
1351,"Resurrection Catholic School, Inc.","Parokya Rd., Bagbag, Nova., QC","Parokya Road, Bagbag, Nova., Quezon City, Philippines",Bagbag,5,Schools,Private,Junior high school,"Data_QC Caring Cities Tracker, QC Administrative Data - Private schools",#N/A,#N/A,121.0319184,14.6960442,#N/A,#N/A,#N/A,#N/A,Administrative data
1352,"Resurrection Catholic School, Inc.","Parokya Rd., Bagbag, Nova., QC","Parokya Road, Bagbag, Nova., Quezon City, Philippines",Bagbag,5,Schools,Private,Senior high school,"Data_QC Caring Cities Tracker, QC Administrative Data - Private schools",#N/A,#N/A,121.0319184,14.6960442,#N/A,#N/A,#N/A,#N/A,Administrative data
1353,"Resurrection Catholic School, Inc.","Parokya Rd., Bagbag, Nova., QC","Parokya Road, Bagbag, Nova., Quezon City, Philippines",Bagbag,5,Schools,Private,Preschool,"Data_QC Caring Cities Tracker, QC Administrative Data - Private schools",#N/A,#N/A,121.0319184,14.6960442,#N/A,#N/A,#N/A,#N/A,Administrative data
1354,Richland Montessori School,"L5 B5, Richland Subd., Brgy. Bagbag, Nova., QC","L5 B5, Richland Subdivision, Barangay Bagbag, Nova., Quezon City, Philippines",Bagbag,5,Schools,Private,Preschool,"Data_QC Caring Cities Tracker, QC Administrative Data - Private schools",#N/A,#N/A,#N/A,#N/A,#N/A,#N/A,#N/A,#N/A,Administrative data
1355,Richland Montessori School,"L5 B5, Richland Subd., Brgy. Bagbag, Nova., QC","L5 B5, Richland Subdivision, Barangay Bagbag, Nova., Quezon City, Philippines",Bagbag,5,Schools,Private,Elementary school,"Data_QC Caring Cities Tracker, QC Administrative Data - Private schools",#N/A,#N/A,#N/A,#N/A,#N/A,#N/A,#N/A,#N/A,Administrative data
1356,Richland Montessori School,"L5 B5, Richland Subd., Brgy. Bagbag, Nova., QC","L5 B5, Richland Subdivision, Barangay Bagbag, Nova., Quezon City, Philippines",Bagbag,5,Schools,Private,Junior high school,"Data_QC Caring Cities Tracker, QC Administrative Data - Private schools",#N/A,#N/A,#N/A,#N/A,#N/A,#N/A,#N/A,#N/A,Administrative data
1360,Rosa L. Susano - Novaliches ES,#N/A,#N/A,Gulod,5,Schools,Public,Elementary school,"Data_QC Caring Cities Tracker, QC Administrative Data - Public schools",#N/A,#N/A,121.0407736,14.7172703,#N/A,#N/A,#N/A,#N/A,Administrative data
1362,Sacred Heart Academy of Nova.,"1155 Quirino H-way, Kaligayahan,Nova., QC","1155 Quirino H-way, Kaligayahan,Nova., Quezon City, Philippines",Kaligayahan,5,Schools,Private,Preschool,"Data_QC Caring Cities Tracker, QC Administrative Data - Private schools",#N/A,#N/A,121.0490078,14.7324336,#N/A,#N/A,#N/A,#N/A,Administrative data
1363,Sacred Heart Academy of Nova.,"1155 Quirino H-way, Kaligayahan,Nova., QC","1155 Quirino H-way, Kaligayahan,Nova., Quezon City, Philippines",Kaligayahan,5,Schools,Private,Elementary school,"Data_QC Caring Cities Tracker, QC Administrative Data - Private schools",#N/A,#N/A,121.0490078,14.7324336,#N/A,#N/A,#N/A,#N/A,Administrative data
1364,Sacred Heart Academy of Nova.,"1155 Quirino H-way, Kaligayahan,Nova., QC","1155 Quirino H-way, Kaligayahan,Nova., Quezon City, Philippines",Kaligayahan,5,Schools,Private,Junior high school,"Data_QC Caring Cities Tracker, QC Administrative Data - Private schools",#N/A,#N/A,121.0490078,14.7324336,#N/A,#N/A,#N/A,#N/A,Administrative data
1365,Sacred Heart Academy of Nova.,"1155 Quirino H-way, Kaligayahan,Nova., QC","1155 Quirino H-way, Kaligayahan,Nova., Quezon City, Philippines",Kaligayahan,5,Schools,Private,Senior high school,"Data_QC Caring Cities Tracker, QC Administrative Data - Private schools",#N/A,#N/A,121.0490078,14.7324336,#N/A,#N/A,#N/A,#N/A,Administrative data
1368,"Saint Joseph School of Fairview, Inc.","B64L43 Atherton St., Phase 8, North Fairview, Quezon City","B64L43 Atherton Street, Phase 8, North Fairview, Quezon City, Philippines",Fairview,5,Schools,Private,Preschool,"Data_QC Caring Cities Tracker, QC Administrative Data - Private schools",#N/A,#N/A,#N/A,#N/A,#N/A,#N/A,#N/A,#N/A,Administrative data
1369,"Saint Joseph School of Fairview, Inc.","B64L43 Atherton St., Phase 8, North Fairview, Quezon City","B64L43 Atherton Street, Phase 8, North Fairview, Quezon City, Philippines",Fairview,5,Schools,Private,Elementary school,"Data_QC Caring Cities Tracker, QC Administrative Data - Private schools",#N/A,#N/A,#N/A,#N/A,#N/A,#N/A,#N/A,#N/A,Administrative data
1370,"Saint Joseph School of Fairview, Inc.","B64L43 Atherton St., Phase 8, North Fairview, Quezon City","B64L43 Atherton Street, Phase 8, North Fairview, Quezon City, Philippines",Fairview,5,Schools,Private,Junior high school,"Data_QC Caring Cities Tracker, QC Administrative Data - Private schools",#N/A,#N/A,#N/A,#N/A,#N/A,#N/A,#N/A,#N/A,Administrative data
1371,"Saint Joseph School of Fairview, Inc.","B64L43 Atherton St., Phase 8, North Fairview, Quezon City","B64L43 Atherton Street, Phase 8, North Fairview, Quezon City, Philippines",Fairview,5,Schools,Private,Senior high school,"Data_QC Caring Cities Tracker, QC Administrative Data - Private schools",#N/A,#N/A,#N/A,#N/A,#N/A,#N/A,#N/A,#N/A,Administrative data
1373,Saint Nicholas of Bari School,"Franco Comp. Holy Cross Rd. San Bartolome, Nova, QC","Franco Comp. Holy Cross Road San Bartolome, Nova, Quezon City, Philippines",San Bartolome,5,Schools,Private,Junior high school,"Data_QC Caring Cities Tracker, QC Administrative Data - Private schools",#N/A,#N/A,121.0262056,14.7039788,#N/A,#N/A,#N/A,#N/A,Administrative data
1374,Saint Nicholas of Bari School,"Franco Comp. Holy Cross Rd. San Bartolome, Nova, QC","Franco Comp. Holy Cross Road San Bartolome, Nova, Quezon City, Philippines",San Bartolome,5,Schools,Private,Preschool,"Data_QC Caring Cities Tracker, QC Administrative Data - Private schools",#N/A,#N/A,121.0262056,14.7039788,#N/A,#N/A,#N/A,#N/A,Administrative data
1375,Saint Nicholas of Bari School,"Franco Comp. Holy Cross Rd. San Bartolome, Nova, QC","Franco Comp. Holy Cross Road San Bartolome, Nova, Quezon City, Philippines",San Bartolome,5,Schools,Private,Elementary school,"Data_QC Caring Cities Tracker, QC Administrative Data - Private schools",#N/A,#N/A,121.0262056,14.7039788,#N/A,#N/A,#N/A,#N/A,Administrative data
1376,"Saint Paul Educational Center- Bago Bantay, Inc.","No. 20 Road 4, Project 6, QC","20 Road 4, Project 6, Quezon City, Philippines",Project 6,1,Schools,Private,Preschool,"Data_QC Caring Cities Tracker, QC Administrative Data - Private schools",#N/A,#N/A,121.037538,14.6625415,#N/A,#N/A,#N/A,#N/A,Administrative data
1377,"Saint Paul Educational Center- Bago Bantay, Inc.","No. 20 Road 4, Project 6, QC","20 Road 4, Project 6, Quezon City, Philippines",Project 6,1,Schools,Private,Elementary school,"Data_QC Caring Cities Tracker, QC Administrative Data - Private schools",#N/A,#N/A,121.037538,14.6625415,#N/A,#N/A,#N/A,#N/A,Administrative data
1378,"Saint Paul Educational Center- Bago Bantay, Inc.","No. 8 Road 1, Project 6, QC","8 Road 1, Project 6, Quezon City, Philippines",Project 6,1,Schools,Private,Elementary school,"Data_QC Caring Cities Tracker, QC Administrative Data - Private schools",#N/A,#N/A,121.0373373,14.6607531,#N/A,#N/A,#N/A,#N/A,Administrative data
1379,"Saint Paul Educational Center- Bago Bantay, Inc.","No. 8 Road 1, Project 6, QC","8 Road 1, Project 6, Quezon City, Philippines",Project 6,1,Schools,Private,Preschool,"Data_QC Caring Cities Tracker, QC Administrative Data - Private schools",#N/A,#N/A,121.0373373,14.6607531,#N/A,#N/A,#N/A,#N/A,Administrative data
1380,"Saint Paul Educational Center Bago Bantay, Inc.","38 Palawan St., Bago Pag-asa (Main), Quezon City","38 Palawan Street, Bago Pag-asa (Main), Quezon City, Philippines",Bagong Pag-asa,1,Schools,Private,Elementary school,"Data_QC Caring Cities Tracker, QC Administrative Data - Private schools",#N/A,#N/A,121.0315778,14.66186,#N/A,#N/A,#N/A,#N/A,Administrative data
1381,"Saint Paul Educational Center Bago Bantay, Inc.","38 Palawan St., Bago Pag-asa (Main), Quezon City","38 Palawan Street, Bago Pag-asa (Main), Quezon City, Philippines",Bagong Pag-asa,1,Schools,Private,Preschool,"Data_QC Caring Cities Tracker, QC Administrative Data - Private schools",#N/A,#N/A,121.0315778,14.66186,#N/A,#N/A,#N/A,#N/A,Administrative data
1382,Saint Pedro Poveda College,"Edsa cor. P. Poveda St., Brgy Ugong Norte, QC","Edsa corner P. Poveda Street, Barangay Ugong Norte, Quezon City, Philippines",Ugong Norte,3,Schools,Private,Senior high school,"Data_QC Caring Cities Tracker, QC Administrative Data - Private schools",#N/A,#N/A,#N/A,#N/A,#N/A,#N/A,#N/A,#N/A,Administrative data
1383,Saint Pedro Poveda College,"Edsa cor. P. Poveda St., Brgy Ugong Norte, QC","Edsa corner P. Poveda Street, Barangay Ugong Norte, Quezon City, Philippines",Ugong Norte,3,Schools,Private,Elementary school,"Data_QC Caring Cities Tracker, QC Administrative Data - Private schools",#N/A,#N/A,#N/A,#N/A,#N/A,#N/A,#N/A,#N/A,Administrative data
1384,Saint Pedro Poveda College,"Edsa cor. P. Poveda St., Brgy Ugong Norte, QC","Edsa corner P. Poveda Street, Barangay Ugong Norte, Quezon City, Philippines",Ugong Norte,3,Schools,Private,Preschool,"Data_QC Caring Cities Tracker, QC Administrative Data - Private schools",#N/A,#N/A,#N/A,#N/A,#N/A,#N/A,#N/A,#N/A,Administrative data
1385,Saint Pedro Poveda College,"Edsa cor. P. Poveda St., Brgy Ugong Norte, QC","Edsa corner P. Poveda Street, Barangay Ugong Norte, Quezon City, Philippines",Ugong Norte,3,Schools,Private,Junior high school,"Data_QC Caring Cities Tracker, QC Administrative Data - Private schools",#N/A,#N/A,#N/A,#N/A,#N/A,#N/A,#N/A,#N/A,Administrative data
1386,Saint Theresa's College of Quezon City,"116 D. Tuazon Ave., Brgy. Lourdes, Quezon City","116 D. Tuazon Avenue, Barangay Lourdes, Quezon City, Philippines",Lourdes,1,Schools,Private,Preschool,"Data_QC Caring Cities Tracker, QC Administrative Data - Private schools",#N/A,#N/A,121.0016124,14.6280326,#N/A,#N/A,#N/A,#N/A,Administrative data
1387,Saint Theresa's College of Quezon City,"116 D. Tuazon Ave., Brgy. Lourdes, Quezon City","116 D. Tuazon Avenue, Barangay Lourdes, Quezon City, Philippines",Lourdes,1,Schools,Private,Senior high school,"Data_QC Caring Cities Tracker, QC Administrative Data - Private schools",#N/A,#N/A,121.0016124,14.6280326,#N/A,#N/A,#N/A,#N/A,Administrative data
1388,Saint Theresa's College of Quezon City,"116 D. Tuazon Ave., Brgy. Lourdes, Quezon City","116 D. Tuazon Avenue, Barangay Lourdes, Quezon City, Philippines",Lourdes,1,Schools,Private,Elementary school,"Data_QC Caring Cities Tracker, QC Administrative Data - Private schools",#N/A,#N/A,121.0016124,14.6280326,#N/A,#N/A,#N/A,#N/A,Administrative data
1389,Saint Theresa's College of Quezon City,"116 D. Tuazon Ave., Brgy. Lourdes, Quezon City","116 D. Tuazon Avenue, Barangay Lourdes, Quezon City, Philippines",Lourdes,1,Schools,Private,Junior high school,"Data_QC Caring Cities Tracker, QC Administrative Data - Private schools",#N/A,#N/A,121.0016124,14.6280326,#N/A,#N/A,#N/A,#N/A,Administrative data
1395,Samson College of Science and Technology,"587 EDSA, Cubao, Q.C","587 EDSA, Cubao, Quezon City, Philippines",#N/A,4,Schools,Private,Senior high school,"Data_QC Caring Cities Tracker, QC Administrative Data - Private schools",#N/A,#N/A,121.0515932,14.6168391,#N/A,#N/A,#N/A,#N/A,Administrative data
1396,San Agustin ES,#N/A,#N/A,San Agustin,5,Schools,Public,Elementary school,"Data_QC Caring Cities Tracker, QC Administrative Data - Public schools",#N/A,#N/A,121.0362201,14.7281161,#N/A,#N/A,#N/A,#N/A,Administrative data
1397,San Antonio De Padua Catholic School of Batasan Inc,"Lots 1C and 1D Blk. 11, San Mateo Batasan Hills, QC","Lots 1C and 1D Blk. 11, San Mateo Batasan Hills, Quezon City, Philippines",Batasan Hills,2,Schools,Private,Elementary school,"Data_QC Caring Cities Tracker, QC Administrative Data - Private schools",#N/A,#N/A,121.0975456,14.6898645,#N/A,#N/A,#N/A,#N/A,Administrative data
1398,San Antonio De Padua Catholic School of Batasan Inc,"Lots 1C and 1D Blk. 11, San Mateo Batasan Hills, QC","Lots 1C and 1D Blk. 11, San Mateo Batasan Hills, Quezon City, Philippines",Batasan Hills,2,Schools,Private,Preschool,"Data_QC Caring Cities Tracker, QC Administrative Data - Private schools",#N/A,#N/A,121.0975456,14.6898645,#N/A,#N/A,#N/A,#N/A,Administrative data
1399,San Antonio De Padua Catholic School of Batasan Inc,"Lots 1C and 1D Blk. 11, San Mateo Batasan Hills, QC","Lots 1C and 1D Blk. 11, San Mateo Batasan Hills, Quezon City, Philippines",Batasan Hills,2,Schools,Private,Junior high school,"Data_QC Caring Cities Tracker, QC Administrative Data - Private schools",#N/A,#N/A,121.0975456,14.6898645,#N/A,#N/A,#N/A,#N/A,Administrative data
1400,San Antonio De Padua Catholic School of Batasan Inc,"Lots 1C and 1D Blk. 11, San Mateo Batasan Hills, QC","Lots 1C and 1D Blk. 11, San Mateo Batasan Hills, Quezon City, Philippines",Batasan Hills,2,Schools,Private,Senior high school,"Data_QC Caring Cities Tracker, QC Administrative Data - Private schools",#N/A,#N/A,121.0975456,14.6898645,#N/A,#N/A,#N/A,#N/A,Administrative data
1401,San Antonio ES,#N/A,#N/A,San Antonio,1,Schools,Public,Elementary school,"Data_QC Caring Cities Tracker, QC Administrative Data - Public schools",#N/A,#N/A,121.0178381,14.6562168,#N/A,#N/A,#N/A,#N/A,Administrative data
1405,San Bartolome ES,#N/A,#N/A,San Bartolome,5,Schools,Public,Elementary school,"Data_QC Caring Cities Tracker, QC Administrative Data - Public schools",#N/A,#N/A,121.0369158,14.7013722,#N/A,#N/A,#N/A,#N/A,Administrative data
1406,San Bartolome HS,#N/A,#N/A,San Bartolome,5,Schools,Public,High school,"Data_QC Caring Cities Tracker, QC Administrative Data - Public schools",#N/A,#N/A,121.03089,14.699848,#N/A,#N/A,#N/A,#N/A,Administrative data
1407,San Diego Elementary School,#N/A,#N/A,Batasan Hills,2,Schools,Public,Elementary school,"Data_QC Caring Cities Tracker, QC Administrative Data - Public schools",#N/A,#N/A,121.094549,14.6865761,#N/A,#N/A,#N/A,#N/A,Administrative data
1408,San Francisco ES,#N/A,#N/A,Del Monte,1,Schools,Public,Elementary school,"Data_QC Caring Cities Tracker, QC Administrative Data - Public schools",#N/A,#N/A,121.014247,14.6408145,#N/A,#N/A,#N/A,#N/A,Administrative data
1409,San Francisco High School,#N/A,#N/A,Sto. Cristo,1,Schools,Public,High school,"Data_QC Caring Cities Tracker, QC Administrative Data - Public schools",#N/A,#N/A,121.0279554,14.657318,#N/A,#N/A,#N/A,#N/A,Administrative data
1410,San Gabriel ES,#N/A,#N/A,Sta. Lucia,5,Schools,Public,Elementary school,"Data_QC Caring Cities Tracker, QC Administrative Data - Public schools",#N/A,#N/A,121.0523893,14.7075211,#N/A,#N/A,#N/A,#N/A,Administrative data
1413,"San Isidro Labrador Catholic Sch of QC, Inc.","Philand Drive., Brgy Pasong Tamo, T-Sora, QC","Philand Drive., Barangay Pasong Tamo, T-Sora, Quezon City, Philippines",Pasong Tamo,6,Schools,Private,Senior high school,"Data_QC Caring Cities Tracker, QC Administrative Data - Private schools",#N/A,#N/A,121.0482474,14.6747888,#N/A,#N/A,#N/A,#N/A,Administrative data
1414,"San Isidro Labrador Catholic Sch of QC, Inc.","Philand Drive., Brgy Pasong Tamo, T-Sora, QC","Philand Drive., Barangay Pasong Tamo, T-Sora, Quezon City, Philippines",Pasong Tamo,6,Schools,Private,Preschool,"Data_QC Caring Cities Tracker, QC Administrative Data - Private schools",#N/A,#N/A,121.0482474,14.6747888,#N/A,#N/A,#N/A,#N/A,Administrative data
1415,"San Isidro Labrador Catholic Sch of QC, Inc.","Philand Drive., Brgy Pasong Tamo, T-Sora, QC","Philand Drive., Barangay Pasong Tamo, T-Sora, Quezon City, Philippines",Pasong Tamo,6,Schools,Private,Elementary school,"Data_QC Caring Cities Tracker, QC Administrative Data - Private schools",#N/A,#N/A,121.0482474,14.6747888,#N/A,#N/A,#N/A,#N/A,Administrative data
1416,"San Isidro Labrador Catholic Sch of QC, Inc.","Philand Drive., Brgy Pasong Tamo, T-Sora, QC","Philand Drive., Barangay Pasong Tamo, T-Sora, Quezon City, Philippines",Pasong Tamo,6,Schools,Private,Junior high school,"Data_QC Caring Cities Tracker, QC Administrative Data - Private schools",#N/A,#N/A,121.0482474,14.6747888,#N/A,#N/A,#N/A,#N/A,Administrative data
1418,San Jose Elementary School,#N/A,#N/A,San Jose,1,Schools,Public,Elementary school,"Data_QC Caring Cities Tracker, QC Administrative Data - Public schools",#N/A,#N/A,120.9934053,14.6401296,#N/A,#N/A,#N/A,#N/A,Administrative data
1419,San Jose ES-Pag-Ibig sa Nayon Annex,#N/A,#N/A,Pag-ibig sa Nayon,1,Schools,Public,Elementary school,"Data_QC Caring Cities Tracker, QC Administrative Data - Public schools",#N/A,#N/A,120.9965547,14.6465081,#N/A,#N/A,#N/A,#N/A,Administrative data
1420,San Jose HS,#N/A,#N/A,San Jose,1,Schools,Public,High school,"Data_QC Caring Cities Tracker, QC Administrative Data - Public schools",#N/A,#N/A,120.9941788,14.6399176,#N/A,#N/A,#N/A,#N/A,Administrative data
1423,San Jose Tagapagtanggol Parochial School,"Sto. Domingo St., Doña Juana Homes, Holy Spirit, QC","Sto. Domingo Street, Doña Juana Homes, Holy Spirit, Quezon City, Philippines",Sto. Domingo (Matalahib),1,Schools,Private,Senior high school,"Data_QC Caring Cities Tracker, QC Administrative Data - Private schools",#N/A,#N/A,#N/A,#N/A,#N/A,#N/A,#N/A,#N/A,Administrative data
1424,San Jose Tagapagtanggol Parochial School,"Sto. Domingo St., Doña Juana Homes, Holy Spirit, QC","Sto. Domingo Street, Doña Juana Homes, Holy Spirit, Quezon City, Philippines",Sto. Domingo (Matalahib),1,Schools,Private,Elementary school,"Data_QC Caring Cities Tracker, QC Administrative Data - Private schools",#N/A,#N/A,#N/A,#N/A,#N/A,#N/A,#N/A,#N/A,Administrative data
1425,San Jose Tagapagtanggol Parochial School,"Sto. Domingo St., Doña Juana Homes, Holy Spirit, QC","Sto. Domingo Street, Doña Juana Homes, Holy Spirit, Quezon City, Philippines",Sto. Domingo (Matalahib),1,Schools,Private,Preschool,"Data_QC Caring Cities Tracker, QC Administrative Data - Private schools",#N/A,#N/A,#N/A,#N/A,#N/A,#N/A,#N/A,#N/A,Administrative data
1426,San Jose Tagapagtanggol Parochial School,"Sto. Domingo St., Doña Juana Homes, Holy Spirit, QC","Sto. Domingo Street, Doña Juana Homes, Holy Spirit, Quezon City, Philippines",Sto. Domingo (Matalahib),1,Schools,Private,Junior high school,"Data_QC Caring Cities Tracker, QC Administrative Data - Private schools",#N/A,#N/A,#N/A,#N/A,#N/A,#N/A,#N/A,#N/A,Administrative data
1432,San Vicente Elementary School,#N/A,#N/A,San Vicente,4,Schools,Public,Elementary school,"Data_QC Caring Cities Tracker, QC Administrative Data - Public schools",#N/A,#N/A,121.0569915,14.6533603,#N/A,#N/A,#N/A,#N/A,Administrative data
1434,"Santa Rafaela Maria School Q.C., Inc. (Frmrly Sacred Heart Kindergarten Sch.)","53 Salvador St., Brgy. Loyola Hts., QC","53 Salvador Street, Barangay Loyola Hts., Quezon City, Philippines",Loyola Heights,3,Schools,Private,Preschool,"Data_QC Caring Cities Tracker, QC Administrative Data - Private schools",#N/A,#N/A,#N/A,#N/A,#N/A,#N/A,#N/A,#N/A,Administrative data
1435,"Santa Rafaela Maria School Q.C., Inc. (Frmrly Sacred Heart Kindergarten Sch.)","53 Salvador St., Brgy. Loyola Hts., QC","53 Salvador Street, Barangay Loyola Hts., Quezon City, Philippines",Loyola Heights,3,Schools,Private,Elementary school,"Data_QC Caring Cities Tracker, QC Administrative Data - Private schools",#N/A,#N/A,#N/A,#N/A,#N/A,#N/A,#N/A,#N/A,Administrative data
1436,"Santa Rafaela Maria School Q.C., Inc. (Frmrly Sacred Heart Kindergarten Sch.)","53 Salvador St., Brgy. Loyola Hts., QC","53 Salvador Street, Barangay Loyola Hts., Quezon City, Philippines",Loyola Heights,3,Schools,Private,Junior high school,"Data_QC Caring Cities Tracker, QC Administrative Data - Private schools",#N/A,#N/A,#N/A,#N/A,#N/A,#N/A,#N/A,#N/A,Administrative data
1441,Sauyo ES,#N/A,#N/A,Sauyo,6,Schools,Public,Elementary school,"Data_QC Caring Cities Tracker, QC Administrative Data - Public schools",#N/A,#N/A,121.0432748,14.6895958,#N/A,#N/A,#N/A,#N/A,Administrative data
1442,Sauyo HS,#N/A,#N/A,Sauyo,6,Schools,Public,High school,"Data_QC Caring Cities Tracker, QC Administrative Data - Public schools",#N/A,#N/A,121.0481764,14.6911162,#N/A,#N/A,#N/A,#N/A,Administrative data
1443,School of St. Anthony,"B89 L 43 C Lagro Subd., Nova., QC","B89 L 43 C Lagro Subdivision, Nova., Quezon City, Philippines",Novaliches Proper,5,Schools,Private,Preschool,"Data_QC Caring Cities Tracker, QC Administrative Data - Private schools",#N/A,#N/A,121.0378102,14.720093,#N/A,#N/A,#N/A,#N/A,Administrative data
1444,School of St. Anthony,"B89 L 43 C Lagro Subd., Nova., QC","B89 L 43 C Lagro Subdivision, Nova., Quezon City, Philippines",Novaliches Proper,5,Schools,Private,Elementary school,"Data_QC Caring Cities Tracker, QC Administrative Data - Private schools",#N/A,#N/A,121.0378102,14.720093,#N/A,#N/A,#N/A,#N/A,Administrative data
1445,School of St. Anthony,"B89 L 43 C Lagro Subd., Nova., QC","B89 L 43 C Lagro Subdivision, Nova., Quezon City, Philippines",Novaliches Proper,5,Schools,Private,Junior high school,"Data_QC Caring Cities Tracker, QC Administrative Data - Private schools",#N/A,#N/A,121.0378102,14.720093,#N/A,#N/A,#N/A,#N/A,Administrative data
1446,"school of st. anthony, inc.","blk 111 lot 10, 10, mindanao ave., neopolitan 1, greater lagro, quezon city, ncr, 1100","blk 111 lot 10, 10, mindanao Avenue, neopolitan 1, greater lagro, quezon city, ncr, 1100, Philippines",Greater Lagro,5,Schools,Private,Private school,"QC Future Ready dashboard, Schools",7:00AM,5:00PM,#N/A,#N/A,#N/A,#N/A,#N/A,#N/A,Administrative data
1447,"School of the Corpus Christi (Quezon City), Inc.","L5B2, Atis Cor. Avocado Rds., Phase 1-A, Palmera, Sta. Monica, Nova","L5B2, Atis corner Avocado Rds., Phase 1-A, Palmera, Sta. Monica, Nova, Quezon City, Philippines",Sta. Monica,5,Schools,Private,Preschool,"Data_QC Caring Cities Tracker, QC Administrative Data - Private schools",#N/A,#N/A,#N/A,#N/A,#N/A,#N/A,#N/A,#N/A,Administrative data
1448,"School of the Corpus Christi (Quezon City), Inc.","L5B2, Atis Cor. Avocado Rds., Phase 1-A, Palmera, Sta. Monica, Nova","L5B2, Atis corner Avocado Rds., Phase 1-A, Palmera, Sta. Monica, Nova, Quezon City, Philippines",Sta. Monica,5,Schools,Private,Senior high school,"Data_QC Caring Cities Tracker, QC Administrative Data - Private schools",#N/A,#N/A,#N/A,#N/A,#N/A,#N/A,#N/A,#N/A,Administrative data
1449,"School of the Corpus Christi (Quezon City), Inc.","L5B2, Atis Cor. Avocado Rds., Phase 1-A, Palmera, Sta. Monica, Nova","L5B2, Atis corner Avocado Rds., Phase 1-A, Palmera, Sta. Monica, Nova, Quezon City, Philippines",Sta. Monica,5,Schools,Private,Junior high school,"Data_QC Caring Cities Tracker, QC Administrative Data - Private schools",#N/A,#N/A,#N/A,#N/A,#N/A,#N/A,#N/A,#N/A,Administrative data
1450,"School of the Corpus Christi (Quezon City), Inc.","L5B2, Atis Cor. Avocado Rds., Phase 1-A, Palmera, Sta. Monica, Nova","L5B2, Atis corner Avocado Rds., Phase 1-A, Palmera, Sta. Monica, Nova, Quezon City, Philippines",Sta. Monica,5,Schools,Private,Elementary school,"Data_QC Caring Cities Tracker, QC Administrative Data - Private schools",#N/A,#N/A,#N/A,#N/A,#N/A,#N/A,#N/A,#N/A,Administrative data
1451,School of the Holy Spirit of Quezon City,"F. Sotto, Capitol Hills, Holy Spirit, QC","F. Sotto, Capitol Hills, Holy Spirit, Quezon City, Philippines",Holy Spirit,2,Schools,Private,Preschool,"Data_QC Caring Cities Tracker, QC Administrative Data - Private schools",#N/A,#N/A,121.0726215,14.6905706,#N/A,#N/A,#N/A,#N/A,Administrative data
1452,School of the Holy Spirit of Quezon City,"F. Sotto, Capitol Hills, Holy Spirit, QC","F. Sotto, Capitol Hills, Holy Spirit, Quezon City, Philippines",Holy Spirit,2,Schools,Private,Elementary school,"Data_QC Caring Cities Tracker, QC Administrative Data - Private schools",#N/A,#N/A,121.0726215,14.6905706,#N/A,#N/A,#N/A,#N/A,Administrative data
1453,School of the Holy Spirit of Quezon City,"F. Sotto, Capitol Hills, Holy Spirit, QC","F. Sotto, Capitol Hills, Holy Spirit, Quezon City, Philippines",Holy Spirit,2,Schools,Private,Junior high school,"Data_QC Caring Cities Tracker, QC Administrative Data - Private schools",#N/A,#N/A,121.0726215,14.6905706,#N/A,#N/A,#N/A,#N/A,Administrative data
1454,School of the Holy Spirit of Quezon City,"F. Sotto, Capitol Hills, Holy Spirit, QC","F. Sotto, Capitol Hills, Holy Spirit, Quezon City, Philippines",Holy Spirit,2,Schools,Private,Senior high school,"Data_QC Caring Cities Tracker, QC Administrative Data - Private schools",#N/A,#N/A,121.0726215,14.6905706,#N/A,#N/A,#N/A,#N/A,Administrative data
1458,"Sergio Osmeña, Sr. High School",#N/A,#N/A,Masambong,1,Schools,Public,High school,"Data_QC Caring Cities Tracker, QC Administrative Data - Public schools",#N/A,#N/A,121.007103,14.639417,#N/A,#N/A,#N/A,#N/A,Administrative data
1459,shepherd's hand learning center of quezon city inc.,"27, rose  st. area 9-b, veterans village, pasong tamo, quezon city, ncr, 1107","27, rose Street area 9-b, veterans village, pasong tamo, quezon city, ncr, 1107, Philippines",Veterans Village,1,Schools,Private,Private school,"QC Future Ready dashboard, Schools",7:00AM,7:00PM,#N/A,#N/A,#N/A,#N/A,#N/A,#N/A,Administrative data
1460,"Shepherd's Hand Learning Center of Quezon City, Inc.","#27 Rose St., Area 9, Veterans Vill., Brgy. Pasong Tamo, QC","27 Rose Street, Area 9, Veterans Village, Barangay Pasong Tamo, Quezon City, Philippines",Pasong Tamo,6,Schools,Private,Elementary school,"Data_QC Caring Cities Tracker, QC Administrative Data - Private schools",#N/A,#N/A,121.0661421,14.6763382,#N/A,#N/A,#N/A,#N/A,Administrative data
1461,"Shepherd's Hand Learning Center of Quezon City, Inc.","#27 Rose St., Area 9, Veterans Vill., Brgy. Pasong Tamo, QC","27 Rose Street, Area 9, Veterans Village, Barangay Pasong Tamo, Quezon City, Philippines",Pasong Tamo,6,Schools,Private,Preschool,"Data_QC Caring Cities Tracker, QC Administrative Data - Private schools",#N/A,#N/A,121.0661421,14.6763382,#N/A,#N/A,#N/A,#N/A,Administrative data
1462,Shining Hope Academy,"21 Tulips St., St. Dominic 4, T-sora, Culiat, QC","21 Tulips Street, Street Dominic 4, T-sora, Culiat, Quezon City, Philippines",Culiat,6,Schools,Private,Junior high school,"Data_QC Caring Cities Tracker, QC Administrative Data - Private schools",#N/A,#N/A,121.0548047,14.6725041,#N/A,#N/A,#N/A,#N/A,Administrative data
1463,Shining Hope Academy,"21 Tulips St., St. Dominic 4, T-sora, Culiat, QC","21 Tulips Street, Street Dominic 4, T-sora, Culiat, Quezon City, Philippines",Culiat,6,Schools,Private,Preschool,"Data_QC Caring Cities Tracker, QC Administrative Data - Private schools",#N/A,#N/A,121.0548047,14.6725041,#N/A,#N/A,#N/A,#N/A,Administrative data
1464,Shining Hope Academy,"21 Tulips St., St. Dominic 4, T-sora, Culiat, QC","21 Tulips Street, Street Dominic 4, T-sora, Culiat, Quezon City, Philippines",Culiat,6,Schools,Private,Elementary school,"Data_QC Caring Cities Tracker, QC Administrative Data - Private schools",#N/A,#N/A,121.0548047,14.6725041,#N/A,#N/A,#N/A,#N/A,Administrative data
1467,"Siloam Christian Academy, Inc.","2 San Isidro Labrador St., Payatas A, QC","2 San Isidro Labrador Street, Payatas A, Quezon City, Philippines",San Isidro Labrador,1,Schools,Private,Preschool,"Data_QC Caring Cities Tracker, QC Administrative Data - Private schools",#N/A,#N/A,#N/A,#N/A,#N/A,#N/A,#N/A,#N/A,Administrative data
1468,"Siloam Christian Academy, Inc.","2 San Isidro Labrador St., Payatas A, QC","2 San Isidro Labrador Street, Payatas A, Quezon City, Philippines",San Isidro Labrador,1,Schools,Private,Elementary school,"Data_QC Caring Cities Tracker, QC Administrative Data - Private schools",#N/A,#N/A,#N/A,#N/A,#N/A,#N/A,#N/A,#N/A,Administrative data
1469,"Siloam Christian Academy, Inc.","2 San Isidro Labrador St., Payatas A, QC","2 San Isidro Labrador Street, Payatas A, Quezon City, Philippines",San Isidro Labrador,1,Schools,Private,Junior high school,"Data_QC Caring Cities Tracker, QC Administrative Data - Private schools",#N/A,#N/A,#N/A,#N/A,#N/A,#N/A,#N/A,#N/A,Administrative data
1470,Sinag-Tala ES,#N/A,#N/A,San Antonio,1,Schools,Public,Elementary school,"Data_QC Caring Cities Tracker, QC Administrative Data - Public schools",#N/A,#N/A,121.015983,14.650109,#N/A,#N/A,#N/A,#N/A,Administrative data
1471,sisidlan institute inc.,"98, matatag st., central, quezon city, ncr, 1100","98, matatag Street, central, quezon city, ncr, 1100, Philippines",Central,4,Schools,Private,Private school,"QC Future Ready dashboard, Schools",9:00AM,4:00PM,121.0496454,14.6406304,#N/A,#N/A,#N/A,#N/A,Administrative data
1472,"Sister Maria Carmela Brescia Found., Inc","Marytown Circle, Greenfields, Brgy. Kaligayahan, Nova., QC","Marytown Circle, Greenfields, Barangay Kaligayahan, Nova., Quezon City, Philippines",Kaligayahan,5,Schools,Private,Preschool,"Data_QC Caring Cities Tracker, QC Administrative Data - Private schools",#N/A,#N/A,121.0417217,14.7326737,#N/A,#N/A,#N/A,#N/A,Administrative data
1473,"Sister Maria Carmela Brescia Found., Inc","Marytown Circle, Greenfields, Brgy. Kaligayahan, Nova., QC","Marytown Circle, Greenfields, Barangay Kaligayahan, Nova., Quezon City, Philippines",Kaligayahan,5,Schools,Private,Elementary school,"Data_QC Caring Cities Tracker, QC Administrative Data - Private schools",#N/A,#N/A,121.0417217,14.7326737,#N/A,#N/A,#N/A,#N/A,Administrative data
1474,Sistrs. of Mt. Carmel Catholic Sch.,"6 Carmel St., Fairview Park, QC","6 Carmel Street, Fairview Park, Quezon City, Philippines",Fairview,5,Schools,Private,Junior high school,"Data_QC Caring Cities Tracker, QC Administrative Data - Private schools",#N/A,#N/A,121.0705939,14.6963165,#N/A,#N/A,#N/A,#N/A,Administrative data
1475,Sistrs. of Mt. Carmel Catholic Sch.,"6 Carmel St., Fairview Park, QC","6 Carmel Street, Fairview Park, Quezon City, Philippines",Fairview,5,Schools,Private,Preschool,"Data_QC Caring Cities Tracker, QC Administrative Data - Private schools",#N/A,#N/A,121.0705939,14.6963165,#N/A,#N/A,#N/A,#N/A,Administrative data
1476,Sistrs. of Mt. Carmel Catholic Sch.,"6 Carmel St., Fairview Park, QC","6 Carmel Street, Fairview Park, Quezon City, Philippines",Fairview,5,Schools,Private,Elementary school,"Data_QC Caring Cities Tracker, QC Administrative Data - Private schools",#N/A,#N/A,121.0705939,14.6963165,#N/A,#N/A,#N/A,#N/A,Administrative data
1477,Sistrs. of Mt. Carmel Catholic Sch.,"6 Carmel St., Fairview Park, QC","6 Carmel Street, Fairview Park, Quezon City, Philippines",Fairview,5,Schools,Private,Senior high school,"Data_QC Caring Cities Tracker, QC Administrative Data - Private schools",#N/A,#N/A,121.0705939,14.6963165,#N/A,#N/A,#N/A,#N/A,Administrative data
1496,SLDM Colleges of Quezon City,"B1L1 Salvador Ave., Cor.Quirino High-way, Jordan Plains, Brgy Sta. Monica, Nova, QC","B1L1 Salvador Avenue, cornerQuirino High-way, Jordan Plains, Barangay Sta. Monica, Nova, Quezon City, Philippines",Sta. Monica,5,Schools,Private,Senior high school,"Data_QC Caring Cities Tracker, QC Administrative Data - Private schools",#N/A,#N/A,121.042303,14.722963,#N/A,#N/A,#N/A,#N/A,Administrative data
1498,"SmallVille Montessori Circulo Verde, Inc.","Unit 110 No. 7 Level 1, Calle Industrial, Circulo Verde, Bagumbayan, QC","Unit 110 7 Level 1, Calle Industrial, Circulo Verde, Bagumbayan, Quezon City, Philippines",Bagumbayan,3,Schools,Private,Preschool,"Data_QC Caring Cities Tracker, QC Administrative Data - Private schools",#N/A,#N/A,121.0889182,14.6012295,#N/A,#N/A,#N/A,#N/A,Administrative data
1499,"SmallVille Montessori Circulo Verde, Inc.","Unit 110 No. 7 Level 1, Calle Industrial, Circulo Verde, Bagumbayan, QC","Unit 110 7 Level 1, Calle Industrial, Circulo Verde, Bagumbayan, Quezon City, Philippines",Bagumbayan,3,Schools,Private,Elementary school,"Data_QC Caring Cities Tracker, QC Administrative Data - Private schools",#N/A,#N/A,121.0889182,14.6012295,#N/A,#N/A,#N/A,#N/A,Administrative data
1500,"Smart Angels School of Quezon City, Inc.","130 Major Marcos Veterans Vill., Brgy. Pasong Tamo, QC","130 Major Marcos Veterans Village, Barangay Pasong Tamo, Quezon City, Philippines",Pasong Tamo,6,Schools,Private,Preschool,"Data_QC Caring Cities Tracker, QC Administrative Data - Private schools",#N/A,#N/A,121.0676351,14.6835487,#N/A,#N/A,#N/A,#N/A,Administrative data
1501,"Smart Angels School of Quezon City, Inc.","130 Major Marcos Veterans Vill., Brgy. Pasong Tamo, QC","130 Major Marcos Veterans Village, Barangay Pasong Tamo, Quezon City, Philippines",Pasong Tamo,6,Schools,Private,Elementary school,"Data_QC Caring Cities Tracker, QC Administrative Data - Private schools",#N/A,#N/A,121.0676351,14.6835487,#N/A,#N/A,#N/A,#N/A,Administrative data
1502,"Smart Angels School of Quezon City, Inc.","130 Major Marcos Veterans Vill., Brgy. Pasong Tamo, QC","130 Major Marcos Veterans Village, Barangay Pasong Tamo, Quezon City, Philippines",Pasong Tamo,6,Schools,Private,Junior high school,"Data_QC Caring Cities Tracker, QC Administrative Data - Private schools",#N/A,#N/A,121.0676351,14.6835487,#N/A,#N/A,#N/A,#N/A,Administrative data
1507,South East-Asia Institute of Trade and Technology Inc.,JB Crystal Bldg Quirino Hiway Lagro Quezon City,"JB Crystal Bldg Quirino Hiway Lagro Quezon City, Philippines",Greater Lagro,5,Schools,Private,Senior high school,"Data_QC Caring Cities Tracker, QC Administrative Data - Private schools",#N/A,#N/A,121.0666719,14.7353155,#N/A,#N/A,#N/A,#N/A,Administrative data
1508,"South East-Asia Institute of Trade and Technology, Inc.",Crown Link Center 1 Greater Lagro Quezon City,"Crown Link Center 1 Greater Lagro Quezon City, Philippines",Greater Lagro,5,Schools,Private,Senior high school,"Data_QC Caring Cities Tracker, QC Administrative Data - Private schools",#N/A,#N/A,121.061518,14.7337129,#N/A,#N/A,#N/A,#N/A,Administrative data
1509,"South East Asia Mission Christian Academy (SEAMCA), Inc.","# 26 Natib St., Brgy. Kaunlaran, Cubao, Quezon City","26 Natib Street, Barangay Kaunlaran, Cubao, Quezon City, Philippines",Kaunlaran,4,Schools,Private,Preschool,"Data_QC Caring Cities Tracker, QC Administrative Data - Private schools",#N/A,#N/A,121.0469699,14.6185588,#N/A,#N/A,#N/A,#N/A,Administrative data
1510,"South East Asia Mission Christian Academy (SEAMCA), Inc.","# 26 Natib St., Brgy. Kaunlaran, Cubao, Quezon City","26 Natib Street, Barangay Kaunlaran, Cubao, Quezon City, Philippines",Kaunlaran,4,Schools,Private,Elementary school,"Data_QC Caring Cities Tracker, QC Administrative Data - Private schools",#N/A,#N/A,121.0469699,14.6185588,#N/A,#N/A,#N/A,#N/A,Administrative data
1511,"South East Asia Mission Christian Academy (SEAMCA), Inc.","# 26 Natib St., Brgy. Kaunlaran, Cubao, Quezon City","26 Natib Street, Barangay Kaunlaran, Cubao, Quezon City, Philippines",Kaunlaran,4,Schools,Private,Junior high school,"Data_QC Caring Cities Tracker, QC Administrative Data - Private schools",#N/A,#N/A,121.0469699,14.6185588,#N/A,#N/A,#N/A,#N/A,Administrative data
1512,"South East Asia Mission Christian Academy (SEAMCA), Inc.","# 26 Natib St., Brgy. Kaunlaran, Cubao, Quezon City","26 Natib Street, Barangay Kaunlaran, Cubao, Quezon City, Philippines",Kaunlaran,4,Schools,Private,Senior high school,"Data_QC Caring Cities Tracker, QC Administrative Data - Private schools",#N/A,#N/A,121.0469699,14.6185588,#N/A,#N/A,#N/A,#N/A,Administrative data
1514,"Southeast Asian College, Inc.","#2E- Rodriguez Sr. Avenue Brgy. Don Manuel, Q.C","2E- Rodriguez Sr. Avenue Barangay Don Manuel, Quezon City, Philippines",Don Manuel,4,Schools,Private,Senior high school,"Data_QC Caring Cities Tracker, QC Administrative Data - Private schools",#N/A,#N/A,#N/A,#N/A,#N/A,#N/A,#N/A,#N/A,Administrative data
1518,Springfield School of Nova.,"726 Quirino H-way, Brgy. San Bartolome, Nova.","726 Quirino H-way, Barangay San Bartolome, Nova., Quezon City, Philippines",San Bartolome,5,Schools,Private,Preschool,"Data_QC Caring Cities Tracker, QC Administrative Data - Private schools",#N/A,#N/A,121.0365923,14.7034047,#N/A,#N/A,#N/A,#N/A,Administrative data
1519,Springfield School of Nova.,"726 Quirino H-way, Brgy. San Bartolome, Nova.","726 Quirino H-way, Barangay San Bartolome, Nova., Quezon City, Philippines",San Bartolome,5,Schools,Private,Elementary school,"Data_QC Caring Cities Tracker, QC Administrative Data - Private schools",#N/A,#N/A,121.0365923,14.7034047,#N/A,#N/A,#N/A,#N/A,Administrative data
1520,Springfield School of Nova.,"726 Quirino H-way, Brgy. San Bartolome, Nova.","726 Quirino H-way, Barangay San Bartolome, Nova., Quezon City, Philippines",San Bartolome,5,Schools,Private,Junior high school,"Data_QC Caring Cities Tracker, QC Administrative Data - Private schools",#N/A,#N/A,121.0365923,14.7034047,#N/A,#N/A,#N/A,#N/A,Administrative data
1521,Springfield School of Nova.,"726 Quirino H-way, Brgy. San Bartolome, Nova.","726 Quirino H-way, Barangay San Bartolome, Nova., Quezon City, Philippines",San Bartolome,5,Schools,Private,Senior high school,"Data_QC Caring Cities Tracker, QC Administrative Data - Private schools",#N/A,#N/A,121.0365923,14.7034047,#N/A,#N/A,#N/A,#N/A,Administrative data
1523,st. alexis community school of q.c. inc,"27, diego silang st., sta. lucia, quezon city, ncr, 1117","27, diego silang Street, sta. lucia, quezon city, ncr, 1117, Philippines",Sta. Lucia,5,Schools,Private,Private school,"QC Future Ready dashboard, Schools",8:00AM,5:00PM,121.049209,14.7034524,#N/A,#N/A,#N/A,#N/A,Administrative data
1524,"St. Alexis Community School of Quezon City, Inc.","#27 Diego Silang St., Rivera Ville, Sta Lucia, Nova., QC","27 Diego Silang Street, Rivera Ville, Sta Lucia, Nova., Quezon City, Philippines",Novaliches Proper,5,Schools,Private,Elementary school,"Data_QC Caring Cities Tracker, QC Administrative Data - Private schools",#N/A,#N/A,#N/A,#N/A,#N/A,#N/A,#N/A,#N/A,Administrative data
1525,"St. Alexis Community School of Quezon City, Inc.","#27 Diego Silang St., Rivera Ville, Sta Lucia, Nova., QC","27 Diego Silang Street, Rivera Ville, Sta Lucia, Nova., Quezon City, Philippines",Novaliches Proper,5,Schools,Private,Preschool,"Data_QC Caring Cities Tracker, QC Administrative Data - Private schools",#N/A,#N/A,#N/A,#N/A,#N/A,#N/A,#N/A,#N/A,Administrative data
1526,"St. Alexis Community School of Quezon City, Inc.","#27 Diego Silang St., Rivera Ville, Sta Lucia, Nova., QC","27 Diego Silang Street, Rivera Ville, Sta Lucia, Nova., Quezon City, Philippines",Novaliches Proper,5,Schools,Private,Junior high school,"Data_QC Caring Cities Tracker, QC Administrative Data - Private schools",#N/A,#N/A,#N/A,#N/A,#N/A,#N/A,#N/A,#N/A,Administrative data
1528,St. Andrew Academy Of Quezon City,"233 AFP Rd., Veterans Vill., Holy Spirit, QC","233 AFP Road, Veterans Village, Holy Spirit, Quezon City, Philippines",Holy Spirit,2,Schools,Private,Elementary school,"Data_QC Caring Cities Tracker, QC Administrative Data - Private schools",#N/A,#N/A,121.0713193,14.6841383,#N/A,#N/A,#N/A,#N/A,Administrative data
1529,St. Andrew Academy Of Quezon City,"233 AFP Rd., Veterans Vill., Holy Spirit, QC","233 AFP Road, Veterans Village, Holy Spirit, Quezon City, Philippines",Holy Spirit,2,Schools,Private,Junior high school,"Data_QC Caring Cities Tracker, QC Administrative Data - Private schools",#N/A,#N/A,121.0713193,14.6841383,#N/A,#N/A,#N/A,#N/A,Administrative data
1530,St. Andrew Academy Of Quezon City,"233 AFP Rd., Veterans Vill., Holy Spirit, QC","233 AFP Road, Veterans Village, Holy Spirit, Quezon City, Philippines",Holy Spirit,2,Schools,Private,Preschool,"Data_QC Caring Cities Tracker, QC Administrative Data - Private schools",#N/A,#N/A,121.0713193,14.6841383,#N/A,#N/A,#N/A,#N/A,Administrative data
1531,St. Andrew Academy Of Quezon City,"233 AFP Rd., Veterans Vill., Holy Spirit, QC","233 AFP Road, Veterans Village, Holy Spirit, Quezon City, Philippines",Holy Spirit,2,Schools,Private,Senior high school,"Data_QC Caring Cities Tracker, QC Administrative Data - Private schools",#N/A,#N/A,121.0713193,14.6841383,#N/A,#N/A,#N/A,#N/A,Administrative data
1532,St. Anne De Beaupré School,"7 Faith St., Teresa Vill., Brgy. Toro, Q.C.","7 Faith Street, Teresa Village, Barangay Toro, Quezon City, Philippines",Bahay Toro,1,Schools,Private,Elementary school,"Data_QC Caring Cities Tracker, QC Administrative Data - Private schools",#N/A,#N/A,#N/A,#N/A,#N/A,#N/A,#N/A,#N/A,Administrative data
1533,St. Anne De Beaupré School,"7 Faith St., Teresa Vill., Brgy. Toro, Q.C.","7 Faith Street, Teresa Village, Barangay Toro, Quezon City, Philippines",Bahay Toro,1,Schools,Private,Preschool,"Data_QC Caring Cities Tracker, QC Administrative Data - Private schools",#N/A,#N/A,#N/A,#N/A,#N/A,#N/A,#N/A,#N/A,Administrative data
1534,St. Anne De Beaupré School,"7 Faith St., Teresa Vill., Brgy. Toro, Q.C.","7 Faith Street, Teresa Village, Barangay Toro, Quezon City, Philippines",Bahay Toro,1,Schools,Private,Junior high school,"Data_QC Caring Cities Tracker, QC Administrative Data - Private schools",#N/A,#N/A,#N/A,#N/A,#N/A,#N/A,#N/A,#N/A,Administrative data
1535,St. Anne De Beaupré School,"7 Faith St., Teresa Vill., Brgy. Toro, Q.C.","7 Faith Street, Teresa Village, Barangay Toro, Quezon City, Philippines",Bahay Toro,1,Schools,Private,Senior high school,"Data_QC Caring Cities Tracker, QC Administrative Data - Private schools",#N/A,#N/A,#N/A,#N/A,#N/A,#N/A,#N/A,#N/A,Administrative data
1536,St. Anne De Beaupré School,"7 Faith St., Teresa Vill., Brgy. Toro, Q.C.","7 Faith Street, Teresa Village, Barangay Toro, Quezon City, Philippines",Bahay Toro,1,Schools,Private,Special Education Program,"Data_QC Caring Cities Tracker, QC Administrative Data - Private schools",#N/A,#N/A,#N/A,#N/A,#N/A,#N/A,#N/A,#N/A,Administrative data
1537,St. Anselm School Inc.,"No. 91 Nicanor Ramirez St. Brgy. Don Manuel, Quezon City","91 Nicanor Ramirez Street Barangay Don Manuel, Quezon City, Philippines",Don Manuel,4,Schools,Private,Elementary school,"Data_QC Caring Cities Tracker, QC Administrative Data - Private schools",#N/A,#N/A,121.0070278,14.614494,#N/A,#N/A,#N/A,#N/A,Administrative data
1538,St. Anselm School Inc.,"No. 91 Nicanor Ramirez St. Brgy. Don Manuel, Quezon City","91 Nicanor Ramirez Street Barangay Don Manuel, Quezon City, Philippines",Don Manuel,4,Schools,Private,Junior high school,"Data_QC Caring Cities Tracker, QC Administrative Data - Private schools",#N/A,#N/A,121.0070278,14.614494,#N/A,#N/A,#N/A,#N/A,Administrative data
1539,St. Anselm School Inc.,"No. 91 Nicanor Ramirez St. Brgy. Don Manuel, Quezon City","91 Nicanor Ramirez Street Barangay Don Manuel, Quezon City, Philippines",Don Manuel,4,Schools,Private,Preschool,"Data_QC Caring Cities Tracker, QC Administrative Data - Private schools",#N/A,#N/A,121.0070278,14.614494,#N/A,#N/A,#N/A,#N/A,Administrative data
1540,St. Anselm School Inc.,"No. 91 Nicanor Ramirez St. Brgy. Don Manuel, Quezon City","91 Nicanor Ramirez Street Barangay Don Manuel, Quezon City, Philippines",Don Manuel,4,Schools,Private,Senior high school,"Data_QC Caring Cities Tracker, QC Administrative Data - Private schools",#N/A,#N/A,121.0070278,14.614494,#N/A,#N/A,#N/A,#N/A,Administrative data
1541,"St. Anthony Academy of Q.C., Inc.","Himlayan Rd., Pasong Tamo, T.Sora, QC","Himlayan Road, Pasong Tamo, T.Sora, Quezon City, Philippines",Pasong Tamo,6,Schools,Private,Preschool,"Data_QC Caring Cities Tracker, QC Administrative Data - Private schools",#N/A,#N/A,121.0465051,14.6795166,#N/A,#N/A,#N/A,#N/A,Administrative data
1542,"St. Anthony Academy of Q.C., Inc.","Himlayan Rd., Pasong Tamo, T.Sora, QC","Himlayan Road, Pasong Tamo, T.Sora, Quezon City, Philippines",Pasong Tamo,6,Schools,Private,Senior high school,"Data_QC Caring Cities Tracker, QC Administrative Data - Private schools",#N/A,#N/A,121.0465051,14.6795166,#N/A,#N/A,#N/A,#N/A,Administrative data
1543,"St. Anthony Academy of Q.C., Inc.","Himlayan Rd., Pasong Tamo, T.Sora, QC","Himlayan Road, Pasong Tamo, T.Sora, Quezon City, Philippines",Pasong Tamo,6,Schools,Private,Elementary school,"Data_QC Caring Cities Tracker, QC Administrative Data - Private schools",#N/A,#N/A,121.0465051,14.6795166,#N/A,#N/A,#N/A,#N/A,Administrative data
1544,"St. Anthony Academy of Q.C., Inc.","Himlayan Rd., Pasong Tamo, T.Sora, QC","Himlayan Road, Pasong Tamo, T.Sora, Quezon City, Philippines",Pasong Tamo,6,Schools,Private,Junior high school,"Data_QC Caring Cities Tracker, QC Administrative Data - Private schools",#N/A,#N/A,121.0465051,14.6795166,#N/A,#N/A,#N/A,#N/A,Administrative data
1545,St. Anthony de Padua Lrng. Ctr. (Batasan),"129 Senatorial Rd., Batasan Hills, QC","129 Senatorial Road, Batasan Hills, Quezon City, Philippines",Batasan Hills,2,Schools,Private,Preschool,"Data_QC Caring Cities Tracker, QC Administrative Data - Private schools",#N/A,#N/A,121.0976959,14.6845822,#N/A,#N/A,#N/A,#N/A,Administrative data
1546,St. Anthony de Padua Lrng. Ctr. (Batasan),"129 Senatorial Rd., Batasan Hills, QC","129 Senatorial Road, Batasan Hills, Quezon City, Philippines",Batasan Hills,2,Schools,Private,Elementary school,"Data_QC Caring Cities Tracker, QC Administrative Data - Private schools",#N/A,#N/A,121.0976959,14.6845822,#N/A,#N/A,#N/A,#N/A,Administrative data
1547,St. Anthony Lrng. Inst. Of QC,"#34 San Pedro St., Campsite, Payatas A, Q.C.","34 San Pedro Street, Campsite, Payatas A, Quezon City, Philippines",Payatas,2,Schools,Private,Preschool,"Data_QC Caring Cities Tracker, QC Administrative Data - Private schools",#N/A,#N/A,121.0958435,14.7059069,#N/A,#N/A,#N/A,#N/A,Administrative data
1548,St. Anthony Lrng. Inst. Of QC,"#34 San Pedro St., Campsite, Payatas A, Q.C.","34 San Pedro Street, Campsite, Payatas A, Quezon City, Philippines",Payatas,2,Schools,Private,Elementary school,"Data_QC Caring Cities Tracker, QC Administrative Data - Private schools",#N/A,#N/A,121.0958435,14.7059069,#N/A,#N/A,#N/A,#N/A,Administrative data
1549,St. Anthony Lrng. Inst. Of QC,"#34 San Pedro St., Campsite, Payatas A, Q.C.","34 San Pedro Street, Campsite, Payatas A, Quezon City, Philippines",Payatas,2,Schools,Private,Junior high school,"Data_QC Caring Cities Tracker, QC Administrative Data - Private schools",#N/A,#N/A,121.0958435,14.7059069,#N/A,#N/A,#N/A,#N/A,Administrative data
1550,St. Anthony School of Sta. Lucia Inc.,"#33 F. Balagtas St., Sta Lucia, Novaliches, Quezon City","33 F. Balagtas Street, Sta Lucia, Novaliches, Quezon City, Philippines",Novaliches Proper,5,Schools,Private,Preschool,"Data_QC Caring Cities Tracker, QC Administrative Data - Private schools",#N/A,#N/A,#N/A,#N/A,#N/A,#N/A,#N/A,#N/A,Administrative data
1551,St. Anthony School of Sta. Lucia Inc.,"#33 F. Balagtas St., Sta Lucia, Novaliches, Quezon City","33 F. Balagtas Street, Sta Lucia, Novaliches, Quezon City, Philippines",Novaliches Proper,5,Schools,Private,Elementary school,"Data_QC Caring Cities Tracker, QC Administrative Data - Private schools",#N/A,#N/A,#N/A,#N/A,#N/A,#N/A,#N/A,#N/A,Administrative data
1552,St. Anthony School of Sta. Lucia Inc.,"#33 F. Balagtas St., Sta Lucia, Novaliches, Quezon City","33 F. Balagtas Street, Sta Lucia, Novaliches, Quezon City, Philippines",Novaliches Proper,5,Schools,Private,Junior high school,"Data_QC Caring Cities Tracker, QC Administrative Data - Private schools",#N/A,#N/A,#N/A,#N/A,#N/A,#N/A,#N/A,#N/A,Administrative data
1553,St. Anthony School of Sta. Lucia Inc.,"#33 F. Balagtas St., Sta Lucia, Novaliches, Quezon City","33 F. Balagtas Street, Sta Lucia, Novaliches, Quezon City, Philippines",Novaliches Proper,5,Schools,Private,Senior high school,"Data_QC Caring Cities Tracker, QC Administrative Data - Private schools",#N/A,#N/A,#N/A,#N/A,#N/A,#N/A,#N/A,#N/A,Administrative data
1554,"St. Augustine College - Quezon City, Inc.","1115 DHC Bldg. EDSA, Brgy. Veterans Village, Q.C.","1115 DHC Building EDSA, Barangay Veterans Village, Quezon City, Philippines",Veterans Village,1,Schools,Private,Senior high school,"Data_QC Caring Cities Tracker, QC Administrative Data - Private schools",#N/A,#N/A,121.027525,14.655812,#N/A,#N/A,#N/A,#N/A,Administrative data
1555,St. Bridget School,"1047 Aurora Blvd., Brgy. Duyan-duyan, QC","1047 Aurora Boulevard, Barangay Duyan-duyan, Quezon City, Philippines",Duyan-duyan,3,Schools,Private,Preschool,"Data_QC Caring Cities Tracker, QC Administrative Data - Private schools",#N/A,#N/A,121.0676649,14.6288682,#N/A,#N/A,#N/A,#N/A,Administrative data
1556,St. Bridget School,"1047 Aurora Blvd., Brgy. Duyan-duyan, QC","1047 Aurora Boulevard, Barangay Duyan-duyan, Quezon City, Philippines",Duyan-duyan,3,Schools,Private,Elementary school,"Data_QC Caring Cities Tracker, QC Administrative Data - Private schools",#N/A,#N/A,121.0676649,14.6288682,#N/A,#N/A,#N/A,#N/A,Administrative data
1557,St. Bridget School,"1047 Aurora Blvd., Brgy. Duyan-duyan, QC","1047 Aurora Boulevard, Barangay Duyan-duyan, Quezon City, Philippines",Duyan-duyan,3,Schools,Private,Junior high school,"Data_QC Caring Cities Tracker, QC Administrative Data - Private schools",#N/A,#N/A,121.0676649,14.6288682,#N/A,#N/A,#N/A,#N/A,Administrative data
1558,St. Bridget School,"1047 Aurora Blvd., Brgy. Duyan-duyan, QC","1047 Aurora Boulevard, Barangay Duyan-duyan, Quezon City, Philippines",Duyan-duyan,3,Schools,Private,Senior high school,"Data_QC Caring Cities Tracker, QC Administrative Data - Private schools",#N/A,#N/A,121.0676649,14.6288682,#N/A,#N/A,#N/A,#N/A,Administrative data
1559,"St. Carmen Salles School, Inc","57 V.S Encarnacion St., B.F Homes Subd. Holy Spirit 1127 Quezon City","57 V.S Encarnacion Street, B.F Homes Subdivision Holy Spirit 1127 Quezon City, Philippines",Holy Spirit,2,Schools,Private,Elementary school,"Data_QC Caring Cities Tracker, QC Administrative Data - Private schools",#N/A,#N/A,121.0725097,14.6918692,#N/A,#N/A,#N/A,#N/A,Administrative data
1560,"St. Carmen Salles School, Inc","57 V.S Encarnacion St., B.F Homes Subd. Holy Spirit 1127 Quezon City","57 V.S Encarnacion Street, B.F Homes Subdivision Holy Spirit 1127 Quezon City, Philippines",Holy Spirit,2,Schools,Private,Preschool,"Data_QC Caring Cities Tracker, QC Administrative Data - Private schools",#N/A,#N/A,121.0725097,14.6918692,#N/A,#N/A,#N/A,#N/A,Administrative data
1561,"St. Carmen Salles School, Inc","57 V.S Encarnacion St., B.F Homes Subd. Holy Spirit 1127 Quezon City","57 V.S Encarnacion Street, B.F Homes Subdivision Holy Spirit 1127 Quezon City, Philippines",Holy Spirit,2,Schools,Private,Junior high school,"Data_QC Caring Cities Tracker, QC Administrative Data - Private schools",#N/A,#N/A,121.0725097,14.6918692,#N/A,#N/A,#N/A,#N/A,Administrative data
1562,"St. Carmen Salles School, Inc","57 V.S Encarnacion St., B.F Homes Subd. Holy Spirit 1127 Quezon City","57 V.S Encarnacion Street, B.F Homes Subdivision Holy Spirit 1127 Quezon City, Philippines",Holy Spirit,2,Schools,Private,Senior high school,"Data_QC Caring Cities Tracker, QC Administrative Data - Private schools",#N/A,#N/A,121.0725097,14.6918692,#N/A,#N/A,#N/A,#N/A,Administrative data
1564,"St. Claire School Basic Education, Inc.","#26 Masbate St., Brgy. Nayong Kanluran, West Ave., QC","26 Masbate Street, Barangay Nayong Kanluran, West Avenue, Quezon City, Philippines",Nayong Kanluran,1,Schools,Private,Preschool,"Data_QC Caring Cities Tracker, QC Administrative Data - Private schools",#N/A,#N/A,121.025178,14.6408245,#N/A,#N/A,#N/A,#N/A,Administrative data
1565,"St. Claire School Basic Education, Inc.","#26 Masbate St., Brgy. Nayong Kanluran, West Ave., QC","26 Masbate Street, Barangay Nayong Kanluran, West Avenue, Quezon City, Philippines",Nayong Kanluran,1,Schools,Private,Elementary school,"Data_QC Caring Cities Tracker, QC Administrative Data - Private schools",#N/A,#N/A,121.025178,14.6408245,#N/A,#N/A,#N/A,#N/A,Administrative data
1566,"St. Claire School Basic Education, Inc.","#26 Masbate St., Brgy. Nayong Kanluran, West Ave., QC","26 Masbate Street, Barangay Nayong Kanluran, West Avenue, Quezon City, Philippines",Nayong Kanluran,1,Schools,Private,Junior high school,"Data_QC Caring Cities Tracker, QC Administrative Data - Private schools",#N/A,#N/A,121.025178,14.6408245,#N/A,#N/A,#N/A,#N/A,Administrative data
1567,"St. Claire School Basic Education, Inc.","#26 Masbate St., Brgy. Nayong Kanluran, West Ave., QC","26 Masbate Street, Barangay Nayong Kanluran, West Avenue, Quezon City, Philippines",Nayong Kanluran,1,Schools,Private,Senior high school,"Data_QC Caring Cities Tracker, QC Administrative Data - Private schools",#N/A,#N/A,121.025178,14.6408245,#N/A,#N/A,#N/A,#N/A,Administrative data
1569,St. Francis De Assissi School of Q.C.,"3 Kalayaaan B., Brgy. Batasan Hills, QC","3 Kalayaaan B., Barangay Batasan Hills, Quezon City, Philippines",Batasan Hills,2,Schools,Private,Preschool,"Data_QC Caring Cities Tracker, QC Administrative Data - Private schools",#N/A,#N/A,121.092598,14.6890746,#N/A,#N/A,#N/A,#N/A,Administrative data
1570,St. Francis De Assissi School of Q.C.,"3 Kalayaaan B., Brgy. Batasan Hills, QC","3 Kalayaaan B., Barangay Batasan Hills, Quezon City, Philippines",Batasan Hills,2,Schools,Private,Elementary school,"Data_QC Caring Cities Tracker, QC Administrative Data - Private schools",#N/A,#N/A,121.092598,14.6890746,#N/A,#N/A,#N/A,#N/A,Administrative data
1571,St. Francis De Assissi School of Q.C.,"3 Kalayaaan B., Brgy. Batasan Hills, QC","3 Kalayaaan B., Barangay Batasan Hills, Quezon City, Philippines",Batasan Hills,2,Schools,Private,Junior high school,"Data_QC Caring Cities Tracker, QC Administrative Data - Private schools",#N/A,#N/A,121.092598,14.6890746,#N/A,#N/A,#N/A,#N/A,Administrative data
1572,St. Francis De Assissi School of Q.C.,"3 Kalayaaan B., Brgy. Batasan Hills, QC","3 Kalayaaan B., Barangay Batasan Hills, Quezon City, Philippines",Batasan Hills,2,Schools,Private,Senior high school,"Data_QC Caring Cities Tracker, QC Administrative Data - Private schools",#N/A,#N/A,121.092598,14.6890746,#N/A,#N/A,#N/A,#N/A,Administrative data
1573,St. Francis Divine College,"12 St., Dominic Subd.,Brgy. Kaligayahan, Nova., QC","12 Street, Dominic Subdivision,Barangay Kaligayahan, Nova., Quezon City, Philippines",Kaligayahan,5,Schools,Private,Senior high school,"Data_QC Caring Cities Tracker, QC Administrative Data - Private schools",#N/A,#N/A,121.0417217,14.7326737,#N/A,#N/A,#N/A,#N/A,Administrative data
1574,"St. Francis School - VSA Arts Philippines, Inc","563 Balabac Cor. Kapiligan Sts. Brgy Doña Imelda, QC","563 Balabac corner Kapiligan Sts. Barangay Doña Imelda, Quezon City, Philippines",Doña Imelda,4,Schools,Private,Preschool,"Data_QC Caring Cities Tracker, QC Administrative Data - Private schools",#N/A,#N/A,121.0169974,14.6180629,#N/A,#N/A,#N/A,#N/A,Administrative data
1575,"St. Francis School - VSA Arts Philippines, Inc","563 Balabac Cor. Kapiligan Sts. Brgy Doña Imelda, QC","563 Balabac corner Kapiligan Sts. Barangay Doña Imelda, Quezon City, Philippines",Doña Imelda,4,Schools,Private,Special Education Program,"Data_QC Caring Cities Tracker, QC Administrative Data - Private schools",#N/A,#N/A,121.0169974,14.6180629,#N/A,#N/A,#N/A,#N/A,Administrative data
1576,"St. Francis School - VSA Arts Philippines, Inc","563 Balabac Cor. Kapiligan Sts. Brgy Doña Imelda, QC","563 Balabac corner Kapiligan Sts. Barangay Doña Imelda, Quezon City, Philippines",Doña Imelda,4,Schools,Private,Elementary school,"Data_QC Caring Cities Tracker, QC Administrative Data - Private schools",#N/A,#N/A,121.0169974,14.6180629,#N/A,#N/A,#N/A,#N/A,Administrative data
1577,St. Francis Xavier Catholic School (Novaliches) Inc.,"#160 Champaca St., Brgy. Pasong Putik, Nova., Qc","160 Champaca Street, Barangay Pasong Putik, Nova., Quezon City, Philippines",Pasong Putik Proper,5,Schools,Private,Preschool,"Data_QC Caring Cities Tracker, QC Administrative Data - Private schools",#N/A,#N/A,#N/A,#N/A,#N/A,#N/A,#N/A,#N/A,Administrative data
1578,St. Francis Xavier Catholic School (Novaliches) Inc.,"#160 Champaca St., Brgy. Pasong Putik, Nova., Qc","160 Champaca Street, Barangay Pasong Putik, Nova., Quezon City, Philippines",Pasong Putik Proper,5,Schools,Private,Elementary school,"Data_QC Caring Cities Tracker, QC Administrative Data - Private schools",#N/A,#N/A,#N/A,#N/A,#N/A,#N/A,#N/A,#N/A,Administrative data
1579,St. Francis Xavier Catholic School (Novaliches) Inc.,"#160 Champaca St., Brgy. Pasong Putik, Nova., Qc","160 Champaca Street, Barangay Pasong Putik, Nova., Quezon City, Philippines",Pasong Putik Proper,5,Schools,Private,Junior high school,"Data_QC Caring Cities Tracker, QC Administrative Data - Private schools",#N/A,#N/A,#N/A,#N/A,#N/A,#N/A,#N/A,#N/A,Administrative data
1580,St. Francis Xavier Catholic School (Novaliches) Inc.,"#160 Champaca St., Brgy. Pasong Putik, Nova., Qc","160 Champaca Street, Barangay Pasong Putik, Nova., Quezon City, Philippines",Pasong Putik Proper,5,Schools,Private,Senior high school,"Data_QC Caring Cities Tracker, QC Administrative Data - Private schools",#N/A,#N/A,#N/A,#N/A,#N/A,#N/A,#N/A,#N/A,Administrative data
1581,St. Gertrude School of Novaliches Inc.,"#6 Scorpio St., Solville, Brgy. Talipapa, Nova, QC","6 Scorpio Street, Solville, Barangay Talipapa, Nova, Quezon City, Philippines",Talipapa,6,Schools,Private,Preschool,"Data_QC Caring Cities Tracker, QC Administrative Data - Private schools",#N/A,#N/A,121.0257102,14.6915623,#N/A,#N/A,#N/A,#N/A,Administrative data
1582,St. Gertrude School of Novaliches Inc.,"#6 Scorpio St., Solville, Brgy. Talipapa, Nova, QC","6 Scorpio Street, Solville, Barangay Talipapa, Nova, Quezon City, Philippines",Talipapa,6,Schools,Private,Junior high school,"Data_QC Caring Cities Tracker, QC Administrative Data - Private schools",#N/A,#N/A,121.0257102,14.6915623,#N/A,#N/A,#N/A,#N/A,Administrative data
1583,St. Gertrude School of Novaliches Inc.,"#6 Scorpio St., Solville, Brgy. Talipapa, Nova, QC","6 Scorpio Street, Solville, Barangay Talipapa, Nova, Quezon City, Philippines",Talipapa,6,Schools,Private,Elementary school,"Data_QC Caring Cities Tracker, QC Administrative Data - Private schools",#N/A,#N/A,121.0257102,14.6915623,#N/A,#N/A,#N/A,#N/A,Administrative data
1584,St. Gertrude School of Novaliches Inc.,"#6 Scorpio St., Solville, Brgy. Talipapa, Nova, QC","6 Scorpio Street, Solville, Barangay Talipapa, Nova, Quezon City, Philippines",Talipapa,6,Schools,Private,Senior high school,"Data_QC Caring Cities Tracker, QC Administrative Data - Private schools",#N/A,#N/A,121.0257102,14.6915623,#N/A,#N/A,#N/A,#N/A,Administrative data
1585,St. Gregory Lrng. Ctr.,"Everlasting St., Brgy. Payatas A., QC","Everlasting Street, Barangay Payatas A., Quezon City, Philippines",Payatas,2,Schools,Private,Elementary school,"Data_QC Caring Cities Tracker, QC Administrative Data - Private schools",#N/A,#N/A,121.0913788,14.6997779,#N/A,#N/A,#N/A,#N/A,Administrative data
1586,St. Gregory Lrng. Ctr.,"Everlasting St., Brgy. Payatas A., QC","Everlasting Street, Barangay Payatas A., Quezon City, Philippines",Payatas,2,Schools,Private,Preschool,"Data_QC Caring Cities Tracker, QC Administrative Data - Private schools",#N/A,#N/A,121.0913788,14.6997779,#N/A,#N/A,#N/A,#N/A,Administrative data
1587,St. Ignatius School of Camp Aguinaldo,"Capinpin Rd., Brgy. Camp Gen. Emelio Aguinaldo, QC","Capinpin Road, Barangay Camp Gen. Emelio Aguinaldo, Quezon City, Philippines",Camp Aguinaldo,3,Schools,Private,Junior high school,"Data_QC Caring Cities Tracker, QC Administrative Data - Private schools",#N/A,#N/A,#N/A,#N/A,#N/A,#N/A,#N/A,#N/A,Administrative data
1588,St. Ignatius School of Camp Aguinaldo,"Capinpin Rd., Brgy. Camp Gen. Emelio Aguinaldo, QC","Capinpin Road, Barangay Camp Gen. Emelio Aguinaldo, Quezon City, Philippines",Camp Aguinaldo,3,Schools,Private,Senior high school,"Data_QC Caring Cities Tracker, QC Administrative Data - Private schools",#N/A,#N/A,#N/A,#N/A,#N/A,#N/A,#N/A,#N/A,Administrative data
1589,St. Ignatius School of Camp Aguinaldo,"Capinpin Rd., Brgy. Camp Gen. Emelio Aguinaldo, QC","Capinpin Road, Barangay Camp Gen. Emelio Aguinaldo, Quezon City, Philippines",Camp Aguinaldo,3,Schools,Private,Preschool,"Data_QC Caring Cities Tracker, QC Administrative Data - Private schools",#N/A,#N/A,#N/A,#N/A,#N/A,#N/A,#N/A,#N/A,Administrative data
1590,St. Ignatius School of Camp Aguinaldo,"Capinpin Rd., Brgy. Camp Gen. Emelio Aguinaldo, QC","Capinpin Road, Barangay Camp Gen. Emelio Aguinaldo, Quezon City, Philippines",Camp Aguinaldo,3,Schools,Private,Elementary school,"Data_QC Caring Cities Tracker, QC Administrative Data - Private schools",#N/A,#N/A,#N/A,#N/A,#N/A,#N/A,#N/A,#N/A,Administrative data
1591,St. Jerome School of Nova.,"10 Malvar St., T.S. Cruz Subd., Brgy. San Agustin, Nova., QC","10 Malvar Street, T.S. Cruz Subdivision, Barangay San Agustin, Nova., Quezon City, Philippines",San Agustin,5,Schools,Private,Preschool,"Data_QC Caring Cities Tracker, QC Administrative Data - Private schools",#N/A,#N/A,121.0342667,14.7250703,#N/A,#N/A,#N/A,#N/A,Administrative data
1592,St. Jerome School of Nova.,"10 Malvar St., T.S. Cruz Subd., Brgy. San Agustin, Nova., QC","10 Malvar Street, T.S. Cruz Subdivision, Barangay San Agustin, Nova., Quezon City, Philippines",San Agustin,5,Schools,Private,Elementary school,"Data_QC Caring Cities Tracker, QC Administrative Data - Private schools",#N/A,#N/A,121.0342667,14.7250703,#N/A,#N/A,#N/A,#N/A,Administrative data
1593,St. Jerome School of Nova.,"10 Malvar St., T.S. Cruz Subd., Brgy. San Agustin, Nova., QC","10 Malvar Street, T.S. Cruz Subdivision, Barangay San Agustin, Nova., Quezon City, Philippines",San Agustin,5,Schools,Private,Junior high school,"Data_QC Caring Cities Tracker, QC Administrative Data - Private schools",#N/A,#N/A,121.0342667,14.7250703,#N/A,#N/A,#N/A,#N/A,Administrative data
1594,St. John De Brebeuf Integrated School Inc.,"No. 78 15th Avenue, Cubao, QC","78 15th Avenue, Cubao, Quezon City, Philippines",#N/A,3,Schools,Private,Preschool,"Data_QC Caring Cities Tracker, QC Administrative Data - Private schools",#N/A,#N/A,121.061141,14.617154,#N/A,#N/A,#N/A,#N/A,Administrative data
1595,St. John De Brebeuf Integrated School Inc.,"No. 78 15th Avenue, Cubao, QC","78 15th Avenue, Cubao, Quezon City, Philippines",#N/A,3,Schools,Private,Elementary school,"Data_QC Caring Cities Tracker, QC Administrative Data - Private schools",#N/A,#N/A,121.061141,14.617154,#N/A,#N/A,#N/A,#N/A,Administrative data
1596,St. John De Brebeuf Integrated School Inc.,"No. 78 15th Avenue, Cubao, QC","78 15th Avenue, Cubao, Quezon City, Philippines",#N/A,3,Schools,Private,Junior high school,"Data_QC Caring Cities Tracker, QC Administrative Data - Private schools",#N/A,#N/A,121.061141,14.617154,#N/A,#N/A,#N/A,#N/A,Administrative data
1597,St. John De Brebeuf Integrated School Inc.,"No. 78 15th Avenue, Cubao, QC","78 15th Avenue, Cubao, Quezon City, Philippines",#N/A,3,Schools,Private,Senior high school,"Data_QC Caring Cities Tracker, QC Administrative Data - Private schools",#N/A,#N/A,121.061141,14.617154,#N/A,#N/A,#N/A,#N/A,Administrative data
1598,St. John of Beverly School,"749 Quirino H-way, San Bartolome, Nova, QC","749 Quirino H-way, San Bartolome, Nova, Quezon City, Philippines",San Bartolome,5,Schools,Private,Preschool,"Data_QC Caring Cities Tracker, QC Administrative Data - Private schools",#N/A,#N/A,121.0372727,14.7057713,#N/A,#N/A,#N/A,#N/A,Administrative data
1599,St. John of Beverly School,"749 Quirino H-way, San Bartolome, Nova, QC","749 Quirino H-way, San Bartolome, Nova, Quezon City, Philippines",San Bartolome,5,Schools,Private,Elementary school,"Data_QC Caring Cities Tracker, QC Administrative Data - Private schools",#N/A,#N/A,121.0372727,14.7057713,#N/A,#N/A,#N/A,#N/A,Administrative data
1600,St. John of Beverly School,"749 Quirino H-way, San Bartolome, Nova, QC","749 Quirino H-way, San Bartolome, Nova, Quezon City, Philippines",San Bartolome,5,Schools,Private,Junior high school,"Data_QC Caring Cities Tracker, QC Administrative Data - Private schools",#N/A,#N/A,121.0372727,14.7057713,#N/A,#N/A,#N/A,#N/A,Administrative data
1601,"St. John Technological College of the Philippines, Inc.","29 Jewel St., Forest Hills Subd., Gulod, Nova., QC","29 Jewel Street, Forest Hills Subdivision, Gulod, Nova., Quezon City, Philippines",Gulod,5,Schools,Private,Senior high school,"Data_QC Caring Cities Tracker, QC Administrative Data - Private schools",#N/A,#N/A,121.0414993,14.7169138,#N/A,#N/A,#N/A,#N/A,Administrative data
1602,"st. joseph's college of quezon city, inc.","295, e rodriguez sr. ave, kalusugan, quezon city, ncr, 1124","295, e rodriguez sr. ave, kalusugan, quezon city, ncr, 1124, Philippines",Kalusugan,4,Schools,Private,Private school,"QC Future Ready dashboard, Schools",8:00AM,5:00PM,121.0259294,14.6226698,#N/A,#N/A,#N/A,#N/A,Administrative data
1603,"St. Joseph Catholic School Proj.3, Inc","#36 Molave St., Proj 3, Brgy. Quirino 3-A, Proj. 3, QC","36 Molave Street, Proj 3, Barangay Quirino 3-A, Proj. 3, Quezon City, Philippines",Quirino 3-A,3,Schools,Private,Elementary school,"Data_QC Caring Cities Tracker, QC Administrative Data - Private schools",#N/A,#N/A,121.0631952,14.62854,#N/A,#N/A,#N/A,#N/A,Administrative data
1604,"St. Joseph Catholic School Proj.3, Inc","#36 Molave St., Proj 3, Brgy. Quirino 3-A, Proj. 3, QC","36 Molave Street, Proj 3, Barangay Quirino 3-A, Proj. 3, Quezon City, Philippines",Quirino 3-A,3,Schools,Private,Preschool,"Data_QC Caring Cities Tracker, QC Administrative Data - Private schools",#N/A,#N/A,121.0631952,14.62854,#N/A,#N/A,#N/A,#N/A,Administrative data
1605,"St. Joseph Catholic School Proj.3, Inc","#36 Molave St., Proj 3, Brgy. Quirino 3-A, Proj. 3, QC","36 Molave Street, Proj 3, Barangay Quirino 3-A, Proj. 3, Quezon City, Philippines",Quirino 3-A,3,Schools,Private,Junior high school,"Data_QC Caring Cities Tracker, QC Administrative Data - Private schools",#N/A,#N/A,121.0631952,14.62854,#N/A,#N/A,#N/A,#N/A,Administrative data
1606,"St. Joseph Catholic School Proj.3, Inc","#36 Molave St., Proj 3, Brgy. Quirino 3-A, Proj. 3, QC","36 Molave Street, Proj 3, Barangay Quirino 3-A, Proj. 3, Quezon City, Philippines",Quirino 3-A,3,Schools,Private,Senior high school,"Data_QC Caring Cities Tracker, QC Administrative Data - Private schools",#N/A,#N/A,121.0631952,14.62854,#N/A,#N/A,#N/A,#N/A,Administrative data
1607,St. Joseph College of QC,"295 E. Rodriguez Sr., Brgy. Kalusugan, Quezon City","295 E. Rodriguez Sr., Barangay Kalusugan, Quezon City, Philippines",E. Rodriguez,3,Schools,Private,Senior high school,"Data_QC Caring Cities Tracker, QC Administrative Data - Private schools",#N/A,#N/A,#N/A,#N/A,#N/A,#N/A,#N/A,#N/A,Administrative data
1608,St. Jude Academy of Q.C.,"28 Aurora St. Brgy. Pasong Tamo, QC","28 Aurora Street Barangay Pasong Tamo, Quezon City, Philippines",Pasong Tamo,6,Schools,Private,Preschool,"Data_QC Caring Cities Tracker, QC Administrative Data - Private schools",#N/A,#N/A,#N/A,#N/A,#N/A,#N/A,#N/A,#N/A,Administrative data
1609,St. Jude Academy of Q.C.,"28 Aurora St. Brgy. Pasong Tamo, QC","28 Aurora Street Barangay Pasong Tamo, Quezon City, Philippines",Pasong Tamo,6,Schools,Private,Junior high school,"Data_QC Caring Cities Tracker, QC Administrative Data - Private schools",#N/A,#N/A,#N/A,#N/A,#N/A,#N/A,#N/A,#N/A,Administrative data
1610,St. Jude Academy of Q.C.,"28 Aurora St. Brgy. Pasong Tamo, QC","28 Aurora Street Barangay Pasong Tamo, Quezon City, Philippines",Pasong Tamo,6,Schools,Private,Elementary school,"Data_QC Caring Cities Tracker, QC Administrative Data - Private schools",#N/A,#N/A,#N/A,#N/A,#N/A,#N/A,#N/A,#N/A,Administrative data
1611,St. Jude Academy of Q.C.,"28 Aurora St. Brgy. Pasong Tamo, QC","28 Aurora Street Barangay Pasong Tamo, Quezon City, Philippines",Pasong Tamo,6,Schools,Private,Senior high school,"Data_QC Caring Cities Tracker, QC Administrative Data - Private schools",#N/A,#N/A,#N/A,#N/A,#N/A,#N/A,#N/A,#N/A,Administrative data
1612,St. Jude Christian School of Quezon City Inc.,"125 Aguinaldo St. 1-A, Veterans Village, Brgy. Pasong Tamo, Quezon City","125 Aguinaldo Street 1-A, Veterans Village, Barangay Pasong Tamo, Quezon City, Philippines",Veterans Village,1,Schools,Private,Elementary school,"Data_QC Caring Cities Tracker, QC Administrative Data - Private schools",#N/A,#N/A,#N/A,#N/A,#N/A,#N/A,#N/A,#N/A,Administrative data
1613,St. Jude Christian School of Quezon City Inc.,"125 Aguinaldo St. 1-A, Veterans Village, Brgy. Pasong Tamo, Quezon City","125 Aguinaldo Street 1-A, Veterans Village, Barangay Pasong Tamo, Quezon City, Philippines",Veterans Village,1,Schools,Private,Preschool,"Data_QC Caring Cities Tracker, QC Administrative Data - Private schools",#N/A,#N/A,#N/A,#N/A,#N/A,#N/A,#N/A,#N/A,Administrative data
1614,St. Jude Christian School of Quezon City Inc.,"125 Aguinaldo St. 1-A, Veterans Village, Brgy. Pasong Tamo, Quezon City","125 Aguinaldo Street 1-A, Veterans Village, Barangay Pasong Tamo, Quezon City, Philippines",Veterans Village,1,Schools,Private,Junior high school,"Data_QC Caring Cities Tracker, QC Administrative Data - Private schools",#N/A,#N/A,#N/A,#N/A,#N/A,#N/A,#N/A,#N/A,Administrative data
1615,St. Jude Christian School of Quezon City Inc.,"125 Aguinaldo St. 1-A, Veterans Village, Brgy. Pasong Tamo, Quezon City","125 Aguinaldo Street 1-A, Veterans Village, Barangay Pasong Tamo, Quezon City, Philippines",Veterans Village,1,Schools,Private,Senior high school,"Data_QC Caring Cities Tracker, QC Administrative Data - Private schools",#N/A,#N/A,#N/A,#N/A,#N/A,#N/A,#N/A,#N/A,Administrative data
1616,"St. Mark's Integrated School, Inc.","251 T-sora Ave., Gloria Subd., Brgy. T-Sora, QC","251 T-sora Avenue, Gloria Subdivision, Barangay T-Sora, Quezon City, Philippines",Tandang Sora,6,Schools,Private,Junior high school,"Data_QC Caring Cities Tracker, QC Administrative Data - Private schools",#N/A,#N/A,121.0342616,14.6766309,#N/A,#N/A,#N/A,#N/A,Administrative data
1617,"St. Mark's Integrated School, Inc.","251 T-sora Ave., Gloria Subd., Brgy. T-Sora, QC","251 T-sora Avenue, Gloria Subdivision, Barangay T-Sora, Quezon City, Philippines",Tandang Sora,6,Schools,Private,Senior high school,"Data_QC Caring Cities Tracker, QC Administrative Data - Private schools",#N/A,#N/A,121.0342616,14.6766309,#N/A,#N/A,#N/A,#N/A,Administrative data
1618,"St. Mark's Integrated School, Inc.","251 T-sora Ave., Gloria Subd., Brgy. T-Sora, QC","251 T-sora Avenue, Gloria Subdivision, Barangay T-Sora, Quezon City, Philippines",Tandang Sora,6,Schools,Private,Preschool,"Data_QC Caring Cities Tracker, QC Administrative Data - Private schools",#N/A,#N/A,121.0342616,14.6766309,#N/A,#N/A,#N/A,#N/A,Administrative data
1619,"St. Mark's Integrated School, Inc.","251 T-sora Ave., Gloria Subd., Brgy. T-Sora, QC","251 T-sora Avenue, Gloria Subdivision, Barangay T-Sora, Quezon City, Philippines",Tandang Sora,6,Schools,Private,Elementary school,"Data_QC Caring Cities Tracker, QC Administrative Data - Private schools",#N/A,#N/A,121.0342616,14.6766309,#N/A,#N/A,#N/A,#N/A,Administrative data
1621,St. Mark International Academy,"85 Kaunlaran, Commonwealth., QC","85 Kaunlaran, Commonwealth., Quezon City, Philippines",Commonwealth,2,Schools,Private,Preschool,"Data_QC Caring Cities Tracker, QC Administrative Data - Private schools",#N/A,#N/A,121.0903929,14.6990084,#N/A,#N/A,#N/A,#N/A,Administrative data
1622,St. Mark International Academy,"85 Kaunlaran, Commonwealth., QC","85 Kaunlaran, Commonwealth., Quezon City, Philippines",Commonwealth,2,Schools,Private,Elementary school,"Data_QC Caring Cities Tracker, QC Administrative Data - Private schools",#N/A,#N/A,121.0903929,14.6990084,#N/A,#N/A,#N/A,#N/A,Administrative data
1623,St. Mark International Academy,"85 Kaunlaran, Commonwealth., QC","85 Kaunlaran, Commonwealth., Quezon City, Philippines",Commonwealth,2,Schools,Private,Junior high school,"Data_QC Caring Cities Tracker, QC Administrative Data - Private schools",#N/A,#N/A,121.0903929,14.6990084,#N/A,#N/A,#N/A,#N/A,Administrative data
1624,St. Mark International Academy,"85 Kaunlaran, Commonwealth., QC","85 Kaunlaran, Commonwealth., Quezon City, Philippines",Commonwealth,2,Schools,Private,Senior high school,"Data_QC Caring Cities Tracker, QC Administrative Data - Private schools",#N/A,#N/A,121.0903929,14.6990084,#N/A,#N/A,#N/A,#N/A,Administrative data
1625,"St. Martin Bright Kids School, Inc.","#45 Creekside Drive Real Vill.1. Brgy. T-sora, QC","45 Creekside Drive Real Village1. Barangay T-sora, Quezon City, Philippines",Tandang Sora,6,Schools,Private,Elementary school,"Data_QC Caring Cities Tracker, QC Administrative Data - Private schools",#N/A,#N/A,121.025236,14.6788146,#N/A,#N/A,#N/A,#N/A,Administrative data
1626,"St. Martin Bright Kids School, Inc.","#45 Creekside Drive Real Vill.1. Brgy. T-sora, QC","45 Creekside Drive Real Village1. Barangay T-sora, Quezon City, Philippines",Tandang Sora,6,Schools,Private,Preschool,"Data_QC Caring Cities Tracker, QC Administrative Data - Private schools",#N/A,#N/A,121.025236,14.6788146,#N/A,#N/A,#N/A,#N/A,Administrative data
1627,St. Mary's College,"37 Mother Ignacia Ave., Brgy. Paligsahan, QC","37 Mother Ignacia Avenue, Barangay Paligsahan, Quezon City, Philippines",Paligsahan,4,Schools,Private,Senior high school,"Data_QC Caring Cities Tracker, QC Administrative Data - Private schools",#N/A,#N/A,121.0247272,14.633872,#N/A,#N/A,#N/A,#N/A,Administrative data
1628,St. Mary's College,"37 Mother Ignacia Ave., Brgy. Paligsahan, QC","37 Mother Ignacia Avenue, Barangay Paligsahan, Quezon City, Philippines",Paligsahan,4,Schools,Private,Preschool,"Data_QC Caring Cities Tracker, QC Administrative Data - Private schools",#N/A,#N/A,121.0247272,14.633872,#N/A,#N/A,#N/A,#N/A,Administrative data
1629,St. Mary's College,"37 Mother Ignacia Ave., Brgy. Paligsahan, QC","37 Mother Ignacia Avenue, Barangay Paligsahan, Quezon City, Philippines",Paligsahan,4,Schools,Private,Elementary school,"Data_QC Caring Cities Tracker, QC Administrative Data - Private schools",#N/A,#N/A,121.0247272,14.633872,#N/A,#N/A,#N/A,#N/A,Administrative data
1630,St. Mary's College,"37 Mother Ignacia Ave., Brgy. Paligsahan, QC","37 Mother Ignacia Avenue, Barangay Paligsahan, Quezon City, Philippines",Paligsahan,4,Schools,Private,Junior high school,"Data_QC Caring Cities Tracker, QC Administrative Data - Private schools",#N/A,#N/A,121.0247272,14.633872,#N/A,#N/A,#N/A,#N/A,Administrative data
1631,"St. Mary's School of Nova., Inc","B18L21-25, Ph. 2, Brgy. Kaligayahan, North Olympus, QC","B18L21-25, Ph. 2, Barangay Kaligayahan, North Olympus, Quezon City, Philippines",Kaligayahan,5,Schools,Private,Preschool,"Data_QC Caring Cities Tracker, QC Administrative Data - Private schools",#N/A,#N/A,121.0474085,14.7383247,#N/A,#N/A,#N/A,#N/A,Administrative data
1632,"St. Mary's School of Nova., Inc","B18L21-25, Ph. 2, Brgy. Kaligayahan, North Olympus, QC","B18L21-25, Ph. 2, Barangay Kaligayahan, North Olympus, Quezon City, Philippines",Kaligayahan,5,Schools,Private,Elementary school,"Data_QC Caring Cities Tracker, QC Administrative Data - Private schools",#N/A,#N/A,121.0474085,14.7383247,#N/A,#N/A,#N/A,#N/A,Administrative data
1633,"St. Mary's School of Nova., Inc","B18L21-25, Ph. 2, Brgy. Kaligayahan, North Olympus, QC","B18L21-25, Ph. 2, Barangay Kaligayahan, North Olympus, Quezon City, Philippines",Kaligayahan,5,Schools,Private,Junior high school,"Data_QC Caring Cities Tracker, QC Administrative Data - Private schools",#N/A,#N/A,121.0474085,14.7383247,#N/A,#N/A,#N/A,#N/A,Administrative data
1634,"St. Mary's School of Nova., Inc","B18L21-25, Ph. 2, Brgy. Kaligayahan, North Olympus, QC","B18L21-25, Ph. 2, Barangay Kaligayahan, North Olympus, Quezon City, Philippines",Kaligayahan,5,Schools,Private,Senior high school,"Data_QC Caring Cities Tracker, QC Administrative Data - Private schools",#N/A,#N/A,121.0474085,14.7383247,#N/A,#N/A,#N/A,#N/A,Administrative data
1635,St. Nazaire School of Q.C.,"175 Ilang-ilang St., Payatas A, QC","175 Ilang-ilang Street, Payatas A, Quezon City, Philippines",Payatas,2,Schools,Private,Elementary school,"Data_QC Caring Cities Tracker, QC Administrative Data - Private schools",#N/A,#N/A,121.0958425,14.7018846,#N/A,#N/A,#N/A,#N/A,Administrative data
1636,St. Nazaire School of Q.C.,"175 Ilang-ilang St., Payatas A, QC","175 Ilang-ilang Street, Payatas A, Quezon City, Philippines",Payatas,2,Schools,Private,Junior high school,"Data_QC Caring Cities Tracker, QC Administrative Data - Private schools",#N/A,#N/A,121.0958425,14.7018846,#N/A,#N/A,#N/A,#N/A,Administrative data
1637,St. Nazaire School of Q.C.,"175 Ilang-ilang St., Payatas A, QC","175 Ilang-ilang Street, Payatas A, Quezon City, Philippines",Payatas,2,Schools,Private,Preschool,"Data_QC Caring Cities Tracker, QC Administrative Data - Private schools",#N/A,#N/A,121.0958425,14.7018846,#N/A,#N/A,#N/A,#N/A,Administrative data
1638,St. Patrick School Inc.,"43 Gen. Ave., GSIS Vill., Brgy. Tandang Sora , QC","43 Gen. Avenue, GSIS Village, Barangay Tandang Sora , Quezon City, Philippines",Tandang Sora,6,Schools,Private,Junior high school,"Data_QC Caring Cities Tracker, QC Administrative Data - Private schools",#N/A,#N/A,121.0254494,14.6743164,#N/A,#N/A,#N/A,#N/A,Administrative data
1639,St. Patrick School Inc.,"43 Gen. Ave., GSIS Vill., Brgy. Tandang Sora , QC","43 Gen. Avenue, GSIS Village, Barangay Tandang Sora , Quezon City, Philippines",Tandang Sora,6,Schools,Private,Senior high school,"Data_QC Caring Cities Tracker, QC Administrative Data - Private schools",#N/A,#N/A,121.0254494,14.6743164,#N/A,#N/A,#N/A,#N/A,Administrative data
1640,St. Patrick School Inc.,"43 Gen. Ave., GSIS Vill., Brgy. Tandang Sora , QC","43 Gen. Avenue, GSIS Village, Barangay Tandang Sora , Quezon City, Philippines",Tandang Sora,6,Schools,Private,Elementary school,"Data_QC Caring Cities Tracker, QC Administrative Data - Private schools",#N/A,#N/A,121.0254494,14.6743164,#N/A,#N/A,#N/A,#N/A,Administrative data
1641,St. Patrick School Inc.,"43 Gen. Ave., GSIS Vill., Brgy. Tandang Sora , QC","43 Gen. Avenue, GSIS Village, Barangay Tandang Sora , Quezon City, Philippines",Tandang Sora,6,Schools,Private,Preschool,"Data_QC Caring Cities Tracker, QC Administrative Data - Private schools",#N/A,#N/A,121.0254494,14.6743164,#N/A,#N/A,#N/A,#N/A,Administrative data
1642,"St. Patrick School of Nova., Inc.","49 Midway St., Forest Hills Subd., Gulod, Nova., QC","49 Midway Street, Forest Hills Subdivision, Gulod, Nova., Quezon City, Philippines",Gulod,5,Schools,Private,Elementary school,"Data_QC Caring Cities Tracker, QC Administrative Data - Private schools",#N/A,#N/A,121.0428111,14.7175384,#N/A,#N/A,#N/A,#N/A,Administrative data
1643,"St. Patrick School of Nova., Inc.","49 Midway St., Forest Hills Subd., Gulod, Nova., QC","49 Midway Street, Forest Hills Subdivision, Gulod, Nova., Quezon City, Philippines",Gulod,5,Schools,Private,Preschool,"Data_QC Caring Cities Tracker, QC Administrative Data - Private schools",#N/A,#N/A,121.0428111,14.7175384,#N/A,#N/A,#N/A,#N/A,Administrative data
1644,"St. Patrick School of Nova., Inc.","49 Midway St., Forest Hills Subd., Gulod, Nova., QC","49 Midway Street, Forest Hills Subdivision, Gulod, Nova., Quezon City, Philippines",Gulod,5,Schools,Private,Junior high school,"Data_QC Caring Cities Tracker, QC Administrative Data - Private schools",#N/A,#N/A,121.0428111,14.7175384,#N/A,#N/A,#N/A,#N/A,Administrative data
1645,"St. Patrick School of Nova., Inc.","49 Midway St., Forest Hills Subd., Gulod, Nova., QC","49 Midway Street, Forest Hills Subdivision, Gulod, Nova., Quezon City, Philippines",Gulod,5,Schools,Private,Senior high school,"Data_QC Caring Cities Tracker, QC Administrative Data - Private schools",#N/A,#N/A,121.0428111,14.7175384,#N/A,#N/A,#N/A,#N/A,Administrative data
1646,St. Paul University of QC,"16 Aurora Blvd., Cor. Gilmore Ave., Brgy. Mariana, QC","16 Aurora Boulevard, corner Gilmore Avenue, Barangay Mariana, Quezon City, Philippines",Mariana,4,Schools,Private,Elementary school,"Data_QC Caring Cities Tracker, QC Administrative Data - Private schools",#N/A,#N/A,#N/A,#N/A,#N/A,#N/A,#N/A,#N/A,Administrative data
1647,St. Paul University of QC,"16 Aurora Blvd., Cor. Gilmore Ave., Brgy. Mariana, QC","16 Aurora Boulevard, corner Gilmore Avenue, Barangay Mariana, Quezon City, Philippines",Mariana,4,Schools,Private,Preschool,"Data_QC Caring Cities Tracker, QC Administrative Data - Private schools",#N/A,#N/A,#N/A,#N/A,#N/A,#N/A,#N/A,#N/A,Administrative data
1648,St. Paul University of QC,"16 Aurora Blvd., Cor. Gilmore Ave., Brgy. Mariana, QC","16 Aurora Boulevard, corner Gilmore Avenue, Barangay Mariana, Quezon City, Philippines",Mariana,4,Schools,Private,Junior high school,"Data_QC Caring Cities Tracker, QC Administrative Data - Private schools",#N/A,#N/A,#N/A,#N/A,#N/A,#N/A,#N/A,#N/A,Administrative data
1649,St. Paul University of QC,"16 Aurora Blvd., Cor. Gilmore Ave., Brgy. Mariana, QC","16 Aurora Boulevard, corner Gilmore Avenue, Barangay Mariana, Quezon City, Philippines",Mariana,4,Schools,Private,Senior high school,"Data_QC Caring Cities Tracker, QC Administrative Data - Private schools",#N/A,#N/A,#N/A,#N/A,#N/A,#N/A,#N/A,#N/A,Administrative data
1650,St. Theresa's School of Nova.,"7 Kingfisher Zabarte, Nova, QC","7 Kingfisher Zabarte, Nova, Quezon City, Philippines",Novaliches Proper,5,Schools,Private,Elementary school,"Data_QC Caring Cities Tracker, QC Administrative Data - Private schools",#N/A,#N/A,#N/A,#N/A,#N/A,#N/A,#N/A,#N/A,Administrative data
1651,St. Theresa's School of Nova.,"7 Kingfisher Zabarte, Nova, QC","7 Kingfisher Zabarte, Nova, Quezon City, Philippines",Novaliches Proper,5,Schools,Private,Junior high school,"Data_QC Caring Cities Tracker, QC Administrative Data - Private schools",#N/A,#N/A,#N/A,#N/A,#N/A,#N/A,#N/A,#N/A,Administrative data
1652,St. Theresa's School of Nova.,"7 Kingfisher Zabarte, Nova, QC","7 Kingfisher Zabarte, Nova, Quezon City, Philippines",Novaliches Proper,5,Schools,Private,Preschool,"Data_QC Caring Cities Tracker, QC Administrative Data - Private schools",#N/A,#N/A,#N/A,#N/A,#N/A,#N/A,#N/A,#N/A,Administrative data
1653,St. Theresa's School of Nova.,"7 Kingfisher Zabarte, Nova, QC","7 Kingfisher Zabarte, Nova, Quezon City, Philippines",Novaliches Proper,5,Schools,Private,Senior high school,"Data_QC Caring Cities Tracker, QC Administrative Data - Private schools",#N/A,#N/A,#N/A,#N/A,#N/A,#N/A,#N/A,#N/A,Administrative data
1654,St. Therese Learning Center,"236-238 Ilocos Sur St., Brgy. Bago Bantay, QC","236-238 Ilocos Sur Street, Barangay Bago Bantay, Quezon City, Philippines",Sto. Cristo,1,Schools,Private,Elementary school,"Data_QC Caring Cities Tracker, QC Administrative Data - Private schools",#N/A,#N/A,121.0310895,14.6620389,#N/A,#N/A,#N/A,#N/A,Administrative data
1655,St. Therese Learning Center,"236-238 Ilocos Sur St., Brgy. Bago Bantay, QC","236-238 Ilocos Sur Street, Barangay Bago Bantay, Quezon City, Philippines",Sto. Cristo,1,Schools,Private,Special Education Program,"Data_QC Caring Cities Tracker, QC Administrative Data - Private schools",#N/A,#N/A,121.0310895,14.6620389,#N/A,#N/A,#N/A,#N/A,Administrative data
1656,St. Therese Learning Center,"236-238 Ilocos Sur St., Brgy. Bago Bantay, QC","236-238 Ilocos Sur Street, Barangay Bago Bantay, Quezon City, Philippines",Sto. Cristo,1,Schools,Private,Junior high school,"Data_QC Caring Cities Tracker, QC Administrative Data - Private schools",#N/A,#N/A,121.0310895,14.6620389,#N/A,#N/A,#N/A,#N/A,Administrative data
1657,St. Therese Learning Center,"236-238 Ilocos Sur St., Brgy. Bago Bantay, QC","236-238 Ilocos Sur Street, Barangay Bago Bantay, Quezon City, Philippines",Sto. Cristo,1,Schools,Private,Preschool,"Data_QC Caring Cities Tracker, QC Administrative Data - Private schools",#N/A,#N/A,121.0310895,14.6620389,#N/A,#N/A,#N/A,#N/A,Administrative data
1658,St. Therese Learning Center,"236-238 Ilocos Sur St., Brgy. Bago Bantay, QC","236-238 Ilocos Sur Street, Barangay Bago Bantay, Quezon City, Philippines",Sto. Cristo,1,Schools,Private,Senior high school,"Data_QC Caring Cities Tracker, QC Administrative Data - Private schools",#N/A,#N/A,121.0310895,14.6620389,#N/A,#N/A,#N/A,#N/A,Administrative data
1659,St. Vincent de Paul Academy of Nova.,"Atrium St., Zabarte Subd., Pasong Putik, Nova., QC","Atrium Street, Zabarte Subdivision, Pasong Putik, Nova., Quezon City, Philippines",Pasong Putik Proper,5,Schools,Private,Elementary school,"Data_QC Caring Cities Tracker, QC Administrative Data - Private schools",#N/A,#N/A,#N/A,#N/A,#N/A,#N/A,#N/A,#N/A,Administrative data
1660,St. Vincent de Paul Academy of Nova.,"Atrium St., Zabarte Subd., Pasong Putik, Nova., QC","Atrium Street, Zabarte Subdivision, Pasong Putik, Nova., Quezon City, Philippines",Pasong Putik Proper,5,Schools,Private,Junior high school,"Data_QC Caring Cities Tracker, QC Administrative Data - Private schools",#N/A,#N/A,#N/A,#N/A,#N/A,#N/A,#N/A,#N/A,Administrative data
1661,St. Vincent de Paul Academy of Nova.,"Atrium St., Zabarte Subd., Pasong Putik, Nova., QC","Atrium Street, Zabarte Subdivision, Pasong Putik, Nova., Quezon City, Philippines",Pasong Putik Proper,5,Schools,Private,Preschool,"Data_QC Caring Cities Tracker, QC Administrative Data - Private schools",#N/A,#N/A,#N/A,#N/A,#N/A,#N/A,#N/A,#N/A,Administrative data
1662,St. Vincent de Paul Academy of Nova.,"Atrium St., Zabarte Subd., Pasong Putik, Nova., QC","Atrium Street, Zabarte Subdivision, Pasong Putik, Nova., Quezon City, Philippines",Pasong Putik Proper,5,Schools,Private,Senior high school,"Data_QC Caring Cities Tracker, QC Administrative Data - Private schools",#N/A,#N/A,#N/A,#N/A,#N/A,#N/A,#N/A,#N/A,Administrative data
1663,"St. Vincent Institute of Arts & Sciences, Inc.","137 Legaspi St., Payatas B., QC","137 Legaspi Street, Payatas B., Quezon City, Philippines",Payatas,2,Schools,Private,Junior high school,"Data_QC Caring Cities Tracker, QC Administrative Data - Private schools",#N/A,#N/A,121.106808,14.7194327,#N/A,#N/A,#N/A,#N/A,Administrative data
1664,"St. Vincent Institute of Arts & Sciences, Inc.","137 Legaspi St., Payatas B., QC","137 Legaspi Street, Payatas B., Quezon City, Philippines",Payatas,2,Schools,Private,Preschool,"Data_QC Caring Cities Tracker, QC Administrative Data - Private schools",#N/A,#N/A,121.106808,14.7194327,#N/A,#N/A,#N/A,#N/A,Administrative data
1665,"St. Vincent Institute of Arts & Sciences, Inc.","137 Legaspi St., Payatas B., QC","137 Legaspi Street, Payatas B., Quezon City, Philippines",Payatas,2,Schools,Private,Elementary school,"Data_QC Caring Cities Tracker, QC Administrative Data - Private schools",#N/A,#N/A,121.106808,14.7194327,#N/A,#N/A,#N/A,#N/A,Administrative data
1666,"St. Vincent Institute of Arts & Sciences, Inc.","137 Legaspi St., Payatas B., QC","137 Legaspi Street, Payatas B., Quezon City, Philippines",Payatas,2,Schools,Private,Senior high school,"Data_QC Caring Cities Tracker, QC Administrative Data - Private schools",#N/A,#N/A,121.106808,14.7194327,#N/A,#N/A,#N/A,#N/A,Administrative data
1667,St. Vincent School of Q.C. - Main,"99 West Ave., Brgy. Bungad, QC","99 West Avenue, Barangay Bungad, Quezon City, Philippines",Bungad,1,Schools,Private,Preschool,"Data_QC Caring Cities Tracker, QC Administrative Data - Private schools",#N/A,#N/A,121.0284034,14.649569,#N/A,#N/A,#N/A,#N/A,Administrative data
1668,St. Vincent School of Q.C. - Main,"99 West Ave., Brgy. Bungad, QC","99 West Avenue, Barangay Bungad, Quezon City, Philippines",Bungad,1,Schools,Private,Elementary school,"Data_QC Caring Cities Tracker, QC Administrative Data - Private schools",#N/A,#N/A,121.0284034,14.649569,#N/A,#N/A,#N/A,#N/A,Administrative data
1669,"St. Vincent School of Quezon City, Inc.","126 Maginhawa St., Teacher's Vill. East, QC","126 Maginhawa Street, Teacher's Village East, Quezon City, Philippines",Teachers Village East,4,Schools,Private,Junior high school,"Data_QC Caring Cities Tracker, QC Administrative Data - Private schools",#N/A,#N/A,121.06086,14.64394,#N/A,#N/A,#N/A,#N/A,Administrative data
1670,"St. Vincent School of Quezon City, Inc.","126 Maginhawa St., Teacher's Vill. East, QC","126 Maginhawa Street, Teacher's Village East, Quezon City, Philippines",Teachers Village East,4,Schools,Private,Elementary school,"Data_QC Caring Cities Tracker, QC Administrative Data - Private schools",#N/A,#N/A,121.06086,14.64394,#N/A,#N/A,#N/A,#N/A,Administrative data
1671,"St. Vincent School of Quezon City, Inc.","126 Maginhawa St., Teacher's Vill. East, QC","126 Maginhawa Street, Teacher's Village East, Quezon City, Philippines",Teachers Village East,4,Schools,Private,Senior high school,"Data_QC Caring Cities Tracker, QC Administrative Data - Private schools",#N/A,#N/A,121.06086,14.64394,#N/A,#N/A,#N/A,#N/A,Administrative data
1672,"St. Vincent School of Quezon City, Inc.","126 Maginhawa St., Teacher's Vill. East, QC","126 Maginhawa Street, Teacher's Village East, Quezon City, Philippines",Teachers Village East,4,Schools,Private,Preschool,"Data_QC Caring Cities Tracker, QC Administrative Data - Private schools",#N/A,#N/A,121.06086,14.64394,#N/A,#N/A,#N/A,#N/A,Administrative data
1674,Sta. Lucia HS,#N/A,#N/A,Sta. Lucia,5,Schools,Public,High school,"Data_QC Caring Cities Tracker, QC Administrative Data - Public schools",#N/A,#N/A,121.049464,14.70458,#N/A,#N/A,#N/A,#N/A,Administrative data
1675,Sta. Lucia Senior High School,#N/A,#N/A,Sta. Lucia,5,Schools,Public,Senior high school,"Data_QC Caring Cities Tracker, QC Administrative Data - Public schools",#N/A,#N/A,121.0518264,14.7078058,#N/A,#N/A,#N/A,#N/A,Administrative data
1678,"Starland International School, Inc.","172 Kamias Extension, Brgy. Proj.2, Q.C.","172 Kamias Extension, Barangay Proj.2, Quezon City, Philippines",#N/A,3,Schools,Private,Preschool,"Data_QC Caring Cities Tracker, QC Administrative Data - Private schools",#N/A,#N/A,121.0614047,14.6351454,#N/A,#N/A,#N/A,#N/A,Administrative data
1679,"Starland International School, Inc.","172 Kamias Extension, Brgy. Proj.2, Q.C.","172 Kamias Extension, Barangay Proj.2, Quezon City, Philippines",#N/A,3,Schools,Private,Senior high school,"Data_QC Caring Cities Tracker, QC Administrative Data - Private schools",#N/A,#N/A,121.0614047,14.6351454,#N/A,#N/A,#N/A,#N/A,Administrative data
1680,"Starland International School, Inc.","172 Kamias Extension, Brgy. Proj.2, Q.C.","172 Kamias Extension, Barangay Proj.2, Quezon City, Philippines",#N/A,3,Schools,Private,Junior high school,"Data_QC Caring Cities Tracker, QC Administrative Data - Private schools",#N/A,#N/A,121.0614047,14.6351454,#N/A,#N/A,#N/A,#N/A,Administrative data
1681,"Starland International School, Inc.","172 Kamias Extension, Brgy. Proj.2, Q.C.","172 Kamias Extension, Barangay Proj.2, Quezon City, Philippines",#N/A,3,Schools,Private,Elementary school,"Data_QC Caring Cities Tracker, QC Administrative Data - Private schools",#N/A,#N/A,121.0614047,14.6351454,#N/A,#N/A,#N/A,#N/A,Administrative data
1682,"Starlight School, Inc.","97 4th St. Area 4, Veterans Vill., Brgy. Pasong Tamo, QC","97 4th Street Area 4, Veterans Village, Barangay Pasong Tamo, Quezon City, Philippines",Pasong Tamo,6,Schools,Private,Preschool,"Data_QC Caring Cities Tracker, QC Administrative Data - Private schools",#N/A,#N/A,121.0564684,14.682111,#N/A,#N/A,#N/A,#N/A,Administrative data
1683,"Starlight School, Inc.","97 4th St. Area 4, Veterans Vill., Brgy. Pasong Tamo, QC","97 4th Street Area 4, Veterans Village, Barangay Pasong Tamo, Quezon City, Philippines",Pasong Tamo,6,Schools,Private,Elementary school,"Data_QC Caring Cities Tracker, QC Administrative Data - Private schools",#N/A,#N/A,121.0564684,14.682111,#N/A,#N/A,#N/A,#N/A,Administrative data
1684,"Starlight School, Inc.","97 4th St. Area 4, Veterans Vill., Brgy. Pasong Tamo, QC","97 4th Street Area 4, Veterans Village, Barangay Pasong Tamo, Quezon City, Philippines",Pasong Tamo,6,Schools,Private,Junior high school,"Data_QC Caring Cities Tracker, QC Administrative Data - Private schools",#N/A,#N/A,121.0564684,14.682111,#N/A,#N/A,#N/A,#N/A,Administrative data
1686,Stella Maris College,"891 Cambridge St., Brgy. E. Rodriguez, Cubao, QC","891 Cambridge Street, Barangay E. Rodriguez, Cubao, Quezon City, Philippines",E. Rodriguez,3,Schools,Private,Preschool,"Data_QC Caring Cities Tracker, QC Administrative Data - Private schools",#N/A,#N/A,121.0537553,14.6247354,#N/A,#N/A,#N/A,#N/A,Administrative data
1687,Stella Maris College,"891 Cambridge St., Brgy. E. Rodriguez, Cubao, QC","891 Cambridge Street, Barangay E. Rodriguez, Cubao, Quezon City, Philippines",E. Rodriguez,3,Schools,Private,Elementary school,"Data_QC Caring Cities Tracker, QC Administrative Data - Private schools",#N/A,#N/A,121.0537553,14.6247354,#N/A,#N/A,#N/A,#N/A,Administrative data
1688,Stella Maris College,"891 Cambridge St., Brgy. E. Rodriguez, Cubao, QC","891 Cambridge Street, Barangay E. Rodriguez, Cubao, Quezon City, Philippines",E. Rodriguez,3,Schools,Private,Junior high school,"Data_QC Caring Cities Tracker, QC Administrative Data - Private schools",#N/A,#N/A,121.0537553,14.6247354,#N/A,#N/A,#N/A,#N/A,Administrative data
1689,Stella Maris College,"891 Cambridge St., Brgy. E. Rodriguez, Cubao, QC","891 Cambridge Street, Barangay E. Rodriguez, Cubao, Quezon City, Philippines",E. Rodriguez,3,Schools,Private,Senior high school,"Data_QC Caring Cities Tracker, QC Administrative Data - Private schools",#N/A,#N/A,121.0537553,14.6247354,#N/A,#N/A,#N/A,#N/A,Administrative data
1690,"Stepstone Christian Academy, Inc.","Hopeful Ext., Area IV, Sitio Silangan, Bagong Silangan, QC","Hopeful Extension, Area IV, Sitio Silangan, Bagong Silangan, Quezon City, Philippines",Bagong Silangan,2,Schools,Private,Preschool,"Data_QC Caring Cities Tracker, QC Administrative Data - Private schools",#N/A,#N/A,121.109457,14.7043112,#N/A,#N/A,#N/A,#N/A,Administrative data
1691,"Stepstone Christian Academy, Inc.","Hopeful Ext., Area IV, Sitio Silangan, Bagong Silangan, QC","Hopeful Extension, Area IV, Sitio Silangan, Bagong Silangan, Quezon City, Philippines",Bagong Silangan,2,Schools,Private,Elementary school,"Data_QC Caring Cities Tracker, QC Administrative Data - Private schools",#N/A,#N/A,121.109457,14.7043112,#N/A,#N/A,#N/A,#N/A,Administrative data
1692,"Stepstone Christian Academy, Inc.","Hopeful Ext., Area IV, Sitio Silangan, Bagong Silangan, QC","Hopeful Extension, Area IV, Sitio Silangan, Bagong Silangan, Quezon City, Philippines",Bagong Silangan,2,Schools,Private,Junior high school,"Data_QC Caring Cities Tracker, QC Administrative Data - Private schools",#N/A,#N/A,121.109457,14.7043112,#N/A,#N/A,#N/A,#N/A,Administrative data
1694,STI College - Cubao,"P. Tuazon Blvd., corner 5th Ave., Brgy. Socorro, Cubao, Quezon City","P. Tuazon Boulevard, corner 5th Avenue, Barangay Socorro, Cubao, Quezon City, Philippines",Socorro,3,Schools,Private,Senior high school,"Data_QC Caring Cities Tracker, QC Administrative Data - Private schools",#N/A,#N/A,121.0536391,14.6164966,#N/A,#N/A,#N/A,#N/A,Administrative data
1695,STI College - Fairview,"70 Regalado Ave. North Fairview, Quezon City","70 Regalado Avenue North Fairview, Quezon City, Philippines",Fairview,5,Schools,Private,Senior high school,"Data_QC Caring Cities Tracker, QC Administrative Data - Private schools",#N/A,#N/A,#N/A,#N/A,#N/A,#N/A,#N/A,#N/A,Administrative data
1696,STI College - Muñoz - EDSA,"Tanco-cu Building, Brgy. Ramon Magsaysay, EDSA","Tanco-cu Building, Barangay Ramon Magsaysay, EDSA, Quezon City, Philippines",Ramon Magsaysay,1,Schools,Private,Senior high school,"Data_QC Caring Cities Tracker, QC Administrative Data - Private schools",#N/A,#N/A,121.0215918,14.6595509,#N/A,#N/A,#N/A,#N/A,Administrative data
1697,STI College - Novaliches,"STI Academic Center, Diamond Ave. cor. Quirino Hiway, San Bartolome, Nova., QC","STI Academic Center, Diamond Avenue corner Quirino Hiway, San Bartolome, Nova., Quezon City, Philippines",San Bartolome,5,Schools,Private,Senior high school,"Data_QC Caring Cities Tracker, QC Administrative Data - Private schools",#N/A,#N/A,121.0367497,14.704365,#N/A,#N/A,#N/A,#N/A,Administrative data
1699,Sto. Cristo Elementary School,#N/A,#N/A,Sto. Cristo,1,Schools,Public,Elementary school,"Data_QC Caring Cities Tracker, QC Administrative Data - Public schools",#N/A,#N/A,121.028662,14.661235,#N/A,#N/A,#N/A,#N/A,Administrative data
1704,"Sto. Niño Children Educational Ctr., Inc.","B10L6, Durian St., Sta. Monica, Nova, QC","B10L6, Durian Street, Sta. Monica, Nova, Quezon City, Philippines",Sta. Monica,5,Schools,Private,Preschool,"Data_QC Caring Cities Tracker, QC Administrative Data - Private schools",#N/A,#N/A,121.0496608,14.7141401,#N/A,#N/A,#N/A,#N/A,Administrative data
1705,"Sto. Niño Children Educational Ctr., Inc.","B10L6, Durian St., Sta. Monica, Nova, QC","B10L6, Durian Street, Sta. Monica, Nova, Quezon City, Philippines",Sta. Monica,5,Schools,Private,Elementary school,"Data_QC Caring Cities Tracker, QC Administrative Data - Private schools",#N/A,#N/A,121.0496608,14.7141401,#N/A,#N/A,#N/A,#N/A,Administrative data
1706,"Sto. Niño de Novaliches School, Inc.","36 Buenamar Subd., Nova. Proper, QC","36 Buenamar Subdivision, Nova. Proper, Quezon City, Philippines",Novaliches Proper,5,Schools,Private,Senior high school,"Data_QC Caring Cities Tracker, QC Administrative Data - Private schools",#N/A,#N/A,121.0392894,14.719166,#N/A,#N/A,#N/A,#N/A,Administrative data
1707,"Sto. Niño de Novaliches School, Inc.","36 Buenamar Subd., Nova. Proper, QC","36 Buenamar Subdivision, Nova. Proper, Quezon City, Philippines",Novaliches Proper,5,Schools,Private,Junior high school,"Data_QC Caring Cities Tracker, QC Administrative Data - Private schools",#N/A,#N/A,121.0392894,14.719166,#N/A,#N/A,#N/A,#N/A,Administrative data
1708,"Sto. Niño de Novaliches School, Inc.","36 Buenamar Subd., Nova. Proper, QC","36 Buenamar Subdivision, Nova. Proper, Quezon City, Philippines",Novaliches Proper,5,Schools,Private,Preschool,"Data_QC Caring Cities Tracker, QC Administrative Data - Private schools",#N/A,#N/A,121.0392894,14.719166,#N/A,#N/A,#N/A,#N/A,Administrative data
1709,"Sto. Niño de Novaliches School, Inc.","36 Buenamar Subd., Nova. Proper, QC","36 Buenamar Subdivision, Nova. Proper, Quezon City, Philippines",Novaliches Proper,5,Schools,Private,Elementary school,"Data_QC Caring Cities Tracker, QC Administrative Data - Private schools",#N/A,#N/A,121.0392894,14.719166,#N/A,#N/A,#N/A,#N/A,Administrative data
1712,Sto. Niño Inst. Of Sci. & Tech.- (frmrly SNLC),"395 IBP Rd., Brgy. Comm., QC","395 IBP Road, Barangay Comm., Quezon City, Philippines",Commonwealth,2,Schools,Private,Preschool,"Data_QC Caring Cities Tracker, QC Administrative Data - Private schools",#N/A,#N/A,121.0894044,14.7000348,#N/A,#N/A,#N/A,#N/A,Administrative data
1713,Sto. Niño Inst. Of Sci. & Tech.- (frmrly SNLC),"395 IBP Rd., Brgy. Comm., QC","395 IBP Road, Barangay Comm., Quezon City, Philippines",Commonwealth,2,Schools,Private,Elementary school,"Data_QC Caring Cities Tracker, QC Administrative Data - Private schools",#N/A,#N/A,121.0894044,14.7000348,#N/A,#N/A,#N/A,#N/A,Administrative data
1714,Sto. Niño Inst. Of Sci. & Tech.- (frmrly SNLC),"395 IBP Rd., Brgy. Comm., QC","395 IBP Road, Barangay Comm., Quezon City, Philippines",Commonwealth,2,Schools,Private,Junior high school,"Data_QC Caring Cities Tracker, QC Administrative Data - Private schools",#N/A,#N/A,121.0894044,14.7000348,#N/A,#N/A,#N/A,#N/A,Administrative data
1715,Sto. Niño Inst. Of Sci. & Tech.- (frmrly SNLC),"395 IBP Rd., Brgy. Comm., QC","395 IBP Road, Barangay Comm., Quezon City, Philippines",Commonwealth,2,Schools,Private,Senior high school,"Data_QC Caring Cities Tracker, QC Administrative Data - Private schools",#N/A,#N/A,121.0894044,14.7000348,#N/A,#N/A,#N/A,#N/A,Administrative data
1716,Sto. Niño Parochial School,"Bukidnon St., Brgy. Alicia, Bago Bantay, QC","Bukidnon Street, Barangay Alicia, Bago Bantay, Quezon City, Philippines",Alicia,1,Schools,Private,Elementary school,"Data_QC Caring Cities Tracker, QC Administrative Data - Private schools",#N/A,#N/A,121.0257044,14.6601634,#N/A,#N/A,#N/A,#N/A,Administrative data
1717,Sto. Niño Parochial School,"Bukidnon St., Brgy. Alicia, Bago Bantay, QC","Bukidnon Street, Barangay Alicia, Bago Bantay, Quezon City, Philippines",Alicia,1,Schools,Private,Senior high school,"Data_QC Caring Cities Tracker, QC Administrative Data - Private schools",#N/A,#N/A,121.0257044,14.6601634,#N/A,#N/A,#N/A,#N/A,Administrative data
1726,Talipapa National High School,#N/A,#N/A,Talipapa,6,Schools,Public,High school,"Data_QC Caring Cities Tracker, QC Administrative Data - Public schools",#N/A,#N/A,121.0270556,14.6925268,#N/A,#N/A,#N/A,#N/A,Administrative data
1728,Tandang Sora Elementary School,#N/A,#N/A,Tandang Sora,6,Schools,Public,Elementary school,"Data_QC Caring Cities Tracker, QC Administrative Data - Public schools",#N/A,#N/A,121.035112,14.678519,#N/A,#N/A,#N/A,#N/A,Administrative data
1729,Tandang Sora NHS,#N/A,#N/A,Tandang Sora,6,Schools,Public,High school,"Data_QC Caring Cities Tracker, QC Administrative Data - Public schools",#N/A,#N/A,121.03257,14.681807,#N/A,#N/A,#N/A,#N/A,Administrative data
1734,"Teaching Children Through Personalized Interventions (TCTPI) Academy, Inc.","No. 186 Sct. Fuentebella Ext., Brgy. Sacred Heart, QC","186 Sct. Fuentebella Extension, Barangay Sacred Heart, Quezon City, Philippines",Sacred Heart,4,Schools,Private,Special Education Program,"Data_QC Caring Cities Tracker, QC Administrative Data - Private schools",#N/A,#N/A,121.0407186,14.6308023,#N/A,#N/A,#N/A,#N/A,Administrative data
1735,"Teaching Children Through Personalized Interventions (TCTPI) Academy, Inc.","No. 186 Sct. Fuentebella Ext., Brgy. Sacred Heart, QC","186 Sct. Fuentebella Extension, Barangay Sacred Heart, Quezon City, Philippines",Sacred Heart,4,Schools,Private,Preschool,"Data_QC Caring Cities Tracker, QC Administrative Data - Private schools",#N/A,#N/A,121.0407186,14.6308023,#N/A,#N/A,#N/A,#N/A,Administrative data
1736,"Teaching Children Through Personalized Interventions (TCTPI) Academy, Inc.","No. 186 Sct. Fuentebella Ext., Brgy. Sacred Heart, QC","186 Sct. Fuentebella Extension, Barangay Sacred Heart, Quezon City, Philippines",Sacred Heart,4,Schools,Private,Elementary school,"Data_QC Caring Cities Tracker, QC Administrative Data - Private schools",#N/A,#N/A,121.0407186,14.6308023,#N/A,#N/A,#N/A,#N/A,Administrative data
1737,"Temple Hill Int'l. School, Inc.","# 106. J.P. Rizal St., Proj. 4, QC","106. J.P. Rizal Street, Proj. 4, Quezon City, Philippines",#N/A,3,Schools,Private,Senior high school,"Data_QC Caring Cities Tracker, QC Administrative Data - Private schools",#N/A,#N/A,121.0719147,14.6216014,#N/A,#N/A,#N/A,#N/A,Administrative data
1738,"Temple Hill Int'l. School, Inc.","# 106. J.P. Rizal St., Proj. 4, QC","106. J.P. Rizal Street, Proj. 4, Quezon City, Philippines",#N/A,3,Schools,Private,Elementary school,"Data_QC Caring Cities Tracker, QC Administrative Data - Private schools",#N/A,#N/A,121.0719147,14.6216014,#N/A,#N/A,#N/A,#N/A,Administrative data
1739,"Temple Hill Int'l. School, Inc.","# 106. J.P. Rizal St., Proj. 4, QC","106. J.P. Rizal Street, Proj. 4, Quezon City, Philippines",#N/A,3,Schools,Private,Junior high school,"Data_QC Caring Cities Tracker, QC Administrative Data - Private schools",#N/A,#N/A,121.0719147,14.6216014,#N/A,#N/A,#N/A,#N/A,Administrative data
1740,"Temple Hill Int'l. School, Inc.","# 106. J.P. Rizal St., Proj. 4, QC","106. J.P. Rizal Street, Proj. 4, Quezon City, Philippines",#N/A,3,Schools,Private,Preschool,"Data_QC Caring Cities Tracker, QC Administrative Data - Private schools",#N/A,#N/A,121.0719147,14.6216014,#N/A,#N/A,#N/A,#N/A,Administrative data
1741,Teodora Alonzo Elementary School,#N/A,#N/A,Marilag,3,Schools,Public,Elementary school,"Data_QC Caring Cities Tracker, QC Administrative Data - Public schools",#N/A,#N/A,121.0696481,14.625505,#N/A,#N/A,#N/A,#N/A,Administrative data
1742,"Thames International School, Inc.","27 Calle Industria, Brgy. Bagumbayan, QC","27 Calle Industria, Barangay Bagumbayan, Quezon City, Philippines",Bagumbayan,3,Schools,Private,Senior high school,"Data_QC Caring Cities Tracker, QC Administrative Data - Private schools",#N/A,#N/A,121.0847367,14.6052652,#N/A,#N/A,#N/A,#N/A,Administrative data
1743,"The Abbas's Orchard School , Inc.","#214 Katipunan Ave., Blue Ridge, QC","214 Katipunan Avenue, Blue Ridge, Quezon City, Philippines",Katipunan,1,Schools,Private,Preschool,"Data_QC Caring Cities Tracker, QC Administrative Data - Private schools",#N/A,#N/A,#N/A,#N/A,#N/A,#N/A,#N/A,#N/A,Administrative data
1744,"The Abbas's Orchard School , Inc.","#214 Katipunan Ave., Blue Ridge, QC","214 Katipunan Avenue, Blue Ridge, Quezon City, Philippines",Katipunan,1,Schools,Private,Elementary school,"Data_QC Caring Cities Tracker, QC Administrative Data - Private schools",#N/A,#N/A,#N/A,#N/A,#N/A,#N/A,#N/A,#N/A,Administrative data
1745,"The Abbas's Orchard School , Inc.","#214 Katipunan Ave., Blue Ridge, QC","214 Katipunan Avenue, Blue Ridge, Quezon City, Philippines",Katipunan,1,Schools,Private,Junior high school,"Data_QC Caring Cities Tracker, QC Administrative Data - Private schools",#N/A,#N/A,#N/A,#N/A,#N/A,#N/A,#N/A,#N/A,Administrative data
1747,"The Builders' School Building Ideas, Crafting Solutions, Inc.","121 J.P Rizal St., Brgy. Milagrosa, Project 4, QC","121 J.P Rizal Street, Barangay Milagrosa, Project 4, Quezon City, Philippines",Milagrosa,3,Schools,Private,Junior high school,"Data_QC Caring Cities Tracker, QC Administrative Data - Private schools",#N/A,#N/A,121.0719037,14.6205394,#N/A,#N/A,#N/A,#N/A,Administrative data
1748,"The Builders' School Building Ideas, Crafting Solutions, Inc.","121 J.P Rizal St., Brgy. Milagrosa, Project 4, QC","121 J.P Rizal Street, Barangay Milagrosa, Project 4, Quezon City, Philippines",Milagrosa,3,Schools,Private,Preschool,"Data_QC Caring Cities Tracker, QC Administrative Data - Private schools",#N/A,#N/A,121.0719037,14.6205394,#N/A,#N/A,#N/A,#N/A,Administrative data
1749,"The Builders' School Building Ideas, Crafting Solutions, Inc.","121 J.P Rizal St., Brgy. Milagrosa, Project 4, QC","121 J.P Rizal Street, Barangay Milagrosa, Project 4, Quezon City, Philippines",Milagrosa,3,Schools,Private,Elementary school,"Data_QC Caring Cities Tracker, QC Administrative Data - Private schools",#N/A,#N/A,121.0719037,14.6205394,#N/A,#N/A,#N/A,#N/A,Administrative data
1750,"The Builders' School Building Ideas, Crafting Solutions, Inc.","121 J.P Rizal St., Brgy. Milagrosa, Project 4, QC","121 J.P Rizal Street, Barangay Milagrosa, Project 4, Quezon City, Philippines",Milagrosa,3,Schools,Private,Senior high school,"Data_QC Caring Cities Tracker, QC Administrative Data - Private schools",#N/A,#N/A,121.0719037,14.6205394,#N/A,#N/A,#N/A,#N/A,Administrative data
1751,"The Children's Ark Preparatory School, Inc.","47 Don Matias South, Don Antonio Hts., Holy Spirit, QC","47 Don Matias South, Don Antonio Hts., Holy Spirit, Quezon City, Philippines",Holy Spirit,2,Schools,Private,Elementary school,"Data_QC Caring Cities Tracker, QC Administrative Data - Private schools",#N/A,#N/A,121.0793199,14.6803141,#N/A,#N/A,#N/A,#N/A,Administrative data
1752,"The Children's Ark Preparatory School, Inc.","47 Don Matias South, Don Antonio Hts., Holy Spirit, QC","47 Don Matias South, Don Antonio Hts., Holy Spirit, Quezon City, Philippines",Holy Spirit,2,Schools,Private,Preschool,"Data_QC Caring Cities Tracker, QC Administrative Data - Private schools",#N/A,#N/A,121.0793199,14.6803141,#N/A,#N/A,#N/A,#N/A,Administrative data
1753,the fountain of life school of quezon city inc.,"433, drachma st. phase 8, north fairview, quezon city, ncr, 1121","433, drachma Street phase 8, north fairview, quezon city, ncr, 1121, Philippines",North Fairview,5,Schools,Private,Private school,"QC Future Ready dashboard, Schools",8:00AM,5:00PM,121.0575587,14.7056661,#N/A,#N/A,#N/A,#N/A,Administrative data
1754,"The Fountain of Life School of Quezon City, Inc.","#433 Drachma St., North Fairview, QC","433 Drachma Street, North Fairview, Quezon City, Philippines",Fairview,5,Schools,Private,Elementary school,"Data_QC Caring Cities Tracker, QC Administrative Data - Private schools",#N/A,#N/A,#N/A,#N/A,#N/A,#N/A,#N/A,#N/A,Administrative data
1755,"The Fountain of Life School of Quezon City, Inc.","#433 Drachma St., North Fairview, QC","433 Drachma Street, North Fairview, Quezon City, Philippines",Fairview,5,Schools,Private,Preschool,"Data_QC Caring Cities Tracker, QC Administrative Data - Private schools",#N/A,#N/A,#N/A,#N/A,#N/A,#N/A,#N/A,#N/A,Administrative data
1756,"The Fountain of Life School of Quezon City, Inc.","#433 Drachma St., North Fairview, QC","433 Drachma Street, North Fairview, Quezon City, Philippines",Fairview,5,Schools,Private,Junior high school,"Data_QC Caring Cities Tracker, QC Administrative Data - Private schools",#N/A,#N/A,#N/A,#N/A,#N/A,#N/A,#N/A,#N/A,Administrative data
1757,"The Fountain of Life School of Quezon City, Inc.","#433 Drachma St., North Fairview, QC","433 Drachma Street, North Fairview, Quezon City, Philippines",Fairview,5,Schools,Private,Senior high school,"Data_QC Caring Cities Tracker, QC Administrative Data - Private schools",#N/A,#N/A,#N/A,#N/A,#N/A,#N/A,#N/A,#N/A,Administrative data
1758,"The Great Lighthouse Found., Inc. (Frmly. Lighthouse Academy)","89 ROTC Hunters, Tatalon, QC","89 ROTC Hunters, Tatalon, Quezon City, Philippines",Tatalon,4,Schools,Private,Junior high school,"Data_QC Caring Cities Tracker, QC Administrative Data - Private schools",#N/A,#N/A,121.0162093,14.6282026,#N/A,#N/A,#N/A,#N/A,Administrative data
1759,"The Great Lighthouse Found., Inc. (Frmly. Lighthouse Academy)","89 ROTC Hunters, Tatalon, QC","89 ROTC Hunters, Tatalon, Quezon City, Philippines",Tatalon,4,Schools,Private,Senior high school,"Data_QC Caring Cities Tracker, QC Administrative Data - Private schools",#N/A,#N/A,121.0162093,14.6282026,#N/A,#N/A,#N/A,#N/A,Administrative data
1760,"The Great Lighthouse Found., Inc. (Frmly. Lighthouse Academy)","89 ROTC Hunters, Tatalon, QC","89 ROTC Hunters, Tatalon, Quezon City, Philippines",Tatalon,4,Schools,Private,Elementary school,"Data_QC Caring Cities Tracker, QC Administrative Data - Private schools",#N/A,#N/A,121.0162093,14.6282026,#N/A,#N/A,#N/A,#N/A,Administrative data
1761,"The Great Lighthouse Found., Inc. (Frmly. Lighthouse Academy)","89 ROTC Hunters, Tatalon, QC","89 ROTC Hunters, Tatalon, Quezon City, Philippines",Tatalon,4,Schools,Private,Preschool,"Data_QC Caring Cities Tracker, QC Administrative Data - Private schools",#N/A,#N/A,121.0162093,14.6282026,#N/A,#N/A,#N/A,#N/A,Administrative data
1762,The Growing Place Learning Center,"12 Fiat St., West Fairview, Quezon City","12 Fiat Street, West Fairview, Quezon City, Philippines",Fairview,5,Schools,Private,Preschool,"Data_QC Caring Cities Tracker, QC Administrative Data - Private schools",#N/A,#N/A,121.0671534,14.7008443,#N/A,#N/A,#N/A,#N/A,Administrative data
1763,The Growing Place Learning Center,"12 Fiat St., West Fairview, Quezon City","12 Fiat Street, West Fairview, Quezon City, Philippines",Fairview,5,Schools,Private,Elementary school,"Data_QC Caring Cities Tracker, QC Administrative Data - Private schools",#N/A,#N/A,121.0671534,14.7008443,#N/A,#N/A,#N/A,#N/A,Administrative data
1765,"The Learning Tree Child Growth Center, Inc.","31 Road 4 Brgy. Project 6, Quezon City","31 Road 4 Barangay Project 6, Quezon City, Philippines",Project 6,1,Schools,Private,Elementary school,"Data_QC Caring Cities Tracker, QC Administrative Data - Private schools",#N/A,#N/A,121.0372342,14.6637809,#N/A,#N/A,#N/A,#N/A,Administrative data
1766,"The Learning Tree Child Growth Center, Inc.","31 Road 4 Brgy. Project 6, Quezon City","31 Road 4 Barangay Project 6, Quezon City, Philippines",Project 6,1,Schools,Private,Preschool,"Data_QC Caring Cities Tracker, QC Administrative Data - Private schools",#N/A,#N/A,121.0372342,14.6637809,#N/A,#N/A,#N/A,#N/A,Administrative data
1767,"The Learning Tree Child Growth Center, Inc.","31 Road 4 Brgy. Project 6, Quezon City","31 Road 4 Barangay Project 6, Quezon City, Philippines",Project 6,1,Schools,Private,Senior high school,"Data_QC Caring Cities Tracker, QC Administrative Data - Private schools",#N/A,#N/A,121.0372342,14.6637809,#N/A,#N/A,#N/A,#N/A,Administrative data
1768,"The Learning Tree Child Growth Center, Inc.","31 Road 4 Brgy. Project 6, Quezon City","31 Road 4 Barangay Project 6, Quezon City, Philippines",Project 6,1,Schools,Private,Junior high school,"Data_QC Caring Cities Tracker, QC Administrative Data - Private schools",#N/A,#N/A,121.0372342,14.6637809,#N/A,#N/A,#N/A,#N/A,Administrative data
1769,The Learning Tree Child Growth Ctr.,"238 Ermin Garcia St., La Salle St., Cubao, QC","238 Ermin Garcia Street, La Salle Street, Cubao, Quezon City, Philippines",Silangan,3,Schools,Private,Preschool,"Data_QC Caring Cities Tracker, QC Administrative Data - Private schools",#N/A,#N/A,121.0585746,14.628232,#N/A,#N/A,#N/A,#N/A,Administrative data
1770,The Learning Tree Child Growth Ctr.,"238 Ermin Garcia St., La Salle St., Cubao, QC","238 Ermin Garcia Street, La Salle Street, Cubao, Quezon City, Philippines",Silangan,3,Schools,Private,Elementary school,"Data_QC Caring Cities Tracker, QC Administrative Data - Private schools",#N/A,#N/A,121.0585746,14.628232,#N/A,#N/A,#N/A,#N/A,Administrative data
1771,"The Living Epistle Christian Academy, Inc.","(5 Lauan cor. Molave-Duyan-Duyan, Proj. 3, QC)","(5 Lauan corner Molave-Duyan-Duyan, Proj. 3, Quezon City), Philippines",Duyan-duyan,3,Schools,Private,Preschool,"Data_QC Caring Cities Tracker, QC Administrative Data - Private schools",#N/A,#N/A,121.067504,14.6293002,#N/A,#N/A,#N/A,#N/A,Administrative data
1772,"The Living Epistle Christian Academy, Inc.","(5 Lauan cor. Molave-Duyan-Duyan, Proj. 3, QC)","(5 Lauan corner Molave-Duyan-Duyan, Proj. 3, Quezon City), Philippines",Duyan-duyan,3,Schools,Private,Elementary school,"Data_QC Caring Cities Tracker, QC Administrative Data - Private schools",#N/A,#N/A,121.067504,14.6293002,#N/A,#N/A,#N/A,#N/A,Administrative data
1773,"The Living Epistle Christian Academy, Inc.","(5 Lauan cor. Molave-Duyan-Duyan, Proj. 3, QC)","(5 Lauan corner Molave-Duyan-Duyan, Proj. 3, Quezon City), Philippines",Duyan-duyan,3,Schools,Private,Junior high school,"Data_QC Caring Cities Tracker, QC Administrative Data - Private schools",#N/A,#N/A,121.067504,14.6293002,#N/A,#N/A,#N/A,#N/A,Administrative data
1774,"The Living Epistle Christian Academy, Inc.","(5 Lauan cor. Molave-Duyan-Duyan, Proj. 3, QC)","(5 Lauan corner Molave-Duyan-Duyan, Proj. 3, Quezon City), Philippines",Duyan-duyan,3,Schools,Private,Senior high school,"Data_QC Caring Cities Tracker, QC Administrative Data - Private schools",#N/A,#N/A,121.067504,14.6293002,#N/A,#N/A,#N/A,#N/A,Administrative data
1775,"The Lord of Grace Christian School, Inc.","30 Diamond St., East Fairview, QC","30 Diamond Street, East Fairview, Quezon City, Philippines",Fairview,5,Schools,Private,Preschool,"Data_QC Caring Cities Tracker, QC Administrative Data - Private schools",#N/A,#N/A,#N/A,#N/A,#N/A,#N/A,#N/A,#N/A,Administrative data
1776,"The Lord of Grace Christian School, Inc.","30 Diamond St., East Fairview, QC","30 Diamond Street, East Fairview, Quezon City, Philippines",Fairview,5,Schools,Private,Elementary school,"Data_QC Caring Cities Tracker, QC Administrative Data - Private schools",#N/A,#N/A,#N/A,#N/A,#N/A,#N/A,#N/A,#N/A,Administrative data
1777,"The Lord of Grace Christian School, Inc.","30 Diamond St., East Fairview, QC","30 Diamond Street, East Fairview, Quezon City, Philippines",Fairview,5,Schools,Private,Junior high school,"Data_QC Caring Cities Tracker, QC Administrative Data - Private schools",#N/A,#N/A,#N/A,#N/A,#N/A,#N/A,#N/A,#N/A,Administrative data
1778,"The Meridian International Learning Experience, Inc.","#79 Mother Ignacia Ave., Brgy. Paligsahan, QC","79 Mother Ignacia Avenue, Barangay Paligsahan, Quezon City, Philippines",Paligsahan,4,Schools,Private,Senior high school,"Data_QC Caring Cities Tracker, QC Administrative Data - Private schools",#N/A,#N/A,121.0271615,14.6352261,#N/A,#N/A,#N/A,#N/A,Administrative data
1779,"The Meridian International Learning Experience, Inc.","#79 Mother Ignacia Ave., Brgy. Paligsahan, QC","79 Mother Ignacia Avenue, Barangay Paligsahan, Quezon City, Philippines",Paligsahan,4,Schools,Private,Preschool,"Data_QC Caring Cities Tracker, QC Administrative Data - Private schools",#N/A,#N/A,121.0271615,14.6352261,#N/A,#N/A,#N/A,#N/A,Administrative data
1780,"The Meridian International Learning Experience, Inc.","#79 Mother Ignacia Ave., Brgy. Paligsahan, QC","79 Mother Ignacia Avenue, Barangay Paligsahan, Quezon City, Philippines",Paligsahan,4,Schools,Private,Junior high school,"Data_QC Caring Cities Tracker, QC Administrative Data - Private schools",#N/A,#N/A,121.0271615,14.6352261,#N/A,#N/A,#N/A,#N/A,Administrative data
1781,"The Meridian International Learning Experience, Inc.","#79 Mother Ignacia Ave., Brgy. Paligsahan, QC","79 Mother Ignacia Avenue, Barangay Paligsahan, Quezon City, Philippines",Paligsahan,4,Schools,Private,Elementary school,"Data_QC Caring Cities Tracker, QC Administrative Data - Private schools",#N/A,#N/A,121.0271615,14.6352261,#N/A,#N/A,#N/A,#N/A,Administrative data
1784,The Philippine Timothy Christian Academy of Quezon City Inc,"Lot 1 Blk. 3 Pearl St., cor. Regalado Ext., East Fairview , Quezon City","Lot 1 Blk. 3 Pearl Street, corner Regalado Extension, East Fairview , Quezon City, Philippines",Fairview,5,Schools,Private,Preschool,"Data_QC Caring Cities Tracker, QC Administrative Data - Private schools",#N/A,#N/A,#N/A,#N/A,#N/A,#N/A,#N/A,#N/A,Administrative data
1785,The Philippine Timothy Christian Academy of Quezon City Inc,"Lot 1 Blk. 3 Pearl St., cor. Regalado Ext., East Fairview , Quezon City","Lot 1 Blk. 3 Pearl Street, corner Regalado Extension, East Fairview , Quezon City, Philippines",Fairview,5,Schools,Private,Elementary school,"Data_QC Caring Cities Tracker, QC Administrative Data - Private schools",#N/A,#N/A,#N/A,#N/A,#N/A,#N/A,#N/A,#N/A,Administrative data
1786,The Philippine Timothy Christian Academy of Quezon City Inc,"Lot 1 Blk. 3 Pearl St., cor. Regalado Ext., East Fairview , Quezon City","Lot 1 Blk. 3 Pearl Street, corner Regalado Extension, East Fairview , Quezon City, Philippines",Fairview,5,Schools,Private,Junior high school,"Data_QC Caring Cities Tracker, QC Administrative Data - Private schools",#N/A,#N/A,#N/A,#N/A,#N/A,#N/A,#N/A,#N/A,Administrative data
1787,The Philippine Timothy Christian Academy of Quezon City Inc,"Lot 1 Blk. 3 Pearl St., cor. Regalado Ext., East Fairview , Quezon City","Lot 1 Blk. 3 Pearl Street, corner Regalado Extension, East Fairview , Quezon City, Philippines",Fairview,5,Schools,Private,Senior high school,"Data_QC Caring Cities Tracker, QC Administrative Data - Private schools",#N/A,#N/A,#N/A,#N/A,#N/A,#N/A,#N/A,#N/A,Administrative data
1788,"The RAYA School, Inc.","L3B8 Neopolitan Business Park, Greater Lagro, Novaliches, QC","L3B8 Neopolitan Business Park, Greater Lagro, Novaliches, Quezon City, Philippines",Greater Lagro,5,Schools,Private,Elementary school,"Data_QC Caring Cities Tracker, QC Administrative Data - Private schools",#N/A,#N/A,#N/A,#N/A,#N/A,#N/A,#N/A,#N/A,Administrative data
1789,"The RAYA School, Inc.","L3B8 Neopolitan Business Park, Greater Lagro, Novaliches, QC","L3B8 Neopolitan Business Park, Greater Lagro, Novaliches, Quezon City, Philippines",Greater Lagro,5,Schools,Private,Junior high school,"Data_QC Caring Cities Tracker, QC Administrative Data - Private schools",#N/A,#N/A,#N/A,#N/A,#N/A,#N/A,#N/A,#N/A,Administrative data
1790,"The RAYA School, Inc.","L3B8 Neopolitan Business Park, Greater Lagro, Novaliches, QC","L3B8 Neopolitan Business Park, Greater Lagro, Novaliches, Quezon City, Philippines",Greater Lagro,5,Schools,Private,Senior high school,"Data_QC Caring Cities Tracker, QC Administrative Data - Private schools",#N/A,#N/A,#N/A,#N/A,#N/A,#N/A,#N/A,#N/A,Administrative data
1791,"The RAYA School, Inc.","L3B8 Neopolitan Business Park, Greater Lagro, Novaliches, QC","L3B8 Neopolitan Business Park, Greater Lagro, Novaliches, Quezon City, Philippines",Greater Lagro,5,Schools,Private,Preschool,"Data_QC Caring Cities Tracker, QC Administrative Data - Private schools",#N/A,#N/A,#N/A,#N/A,#N/A,#N/A,#N/A,#N/A,Administrative data
1792,The Seed Mont. School,"4 Samonte St., Capitol District, Holy Spirit, QC","4 Samonte Street, Capitol District, Holy Spirit, Quezon City, Philippines",Holy Spirit,2,Schools,Private,Senior high school,"Data_QC Caring Cities Tracker, QC Administrative Data - Private schools",#N/A,#N/A,#N/A,#N/A,#N/A,#N/A,#N/A,#N/A,Administrative data
1793,The Seed Mont. School,"4 Samonte St., Capitol District, Holy Spirit, QC","4 Samonte Street, Capitol District, Holy Spirit, Quezon City, Philippines",Holy Spirit,2,Schools,Private,Preschool,"Data_QC Caring Cities Tracker, QC Administrative Data - Private schools",#N/A,#N/A,#N/A,#N/A,#N/A,#N/A,#N/A,#N/A,Administrative data
1794,The Seed Mont. School,"4 Samonte St., Capitol District, Holy Spirit, QC","4 Samonte Street, Capitol District, Holy Spirit, Quezon City, Philippines",Holy Spirit,2,Schools,Private,Elementary school,"Data_QC Caring Cities Tracker, QC Administrative Data - Private schools",#N/A,#N/A,#N/A,#N/A,#N/A,#N/A,#N/A,#N/A,Administrative data
1795,The Seed Mont. School,"4 Samonte St., Capitol District, Holy Spirit, QC","4 Samonte Street, Capitol District, Holy Spirit, Quezon City, Philippines",Holy Spirit,2,Schools,Private,Junior high school,"Data_QC Caring Cities Tracker, QC Administrative Data - Private schools",#N/A,#N/A,#N/A,#N/A,#N/A,#N/A,#N/A,#N/A,Administrative data
1796,The Steppingstone Progressivist School,"#25 Cavalier St., East Fairview, QC","25 Cavalier Street, East Fairview, Quezon City, Philippines",Fairview,5,Schools,Private,Preschool,"Data_QC Caring Cities Tracker, QC Administrative Data - Private schools",#N/A,#N/A,121.0813801,14.7081591,#N/A,#N/A,#N/A,#N/A,Administrative data
1797,The Steppingstone Progressivist School,"#25 Cavalier St., East Fairview, QC","25 Cavalier Street, East Fairview, Quezon City, Philippines",Fairview,5,Schools,Private,Elementary school,"Data_QC Caring Cities Tracker, QC Administrative Data - Private schools",#N/A,#N/A,121.0813801,14.7081591,#N/A,#N/A,#N/A,#N/A,Administrative data
1798,The Steppingstone Progressivist School,"#25 Cavalier St., East Fairview, QC","25 Cavalier Street, East Fairview, Quezon City, Philippines",Fairview,5,Schools,Private,Junior high school,"Data_QC Caring Cities Tracker, QC Administrative Data - Private schools",#N/A,#N/A,121.0813801,14.7081591,#N/A,#N/A,#N/A,#N/A,Administrative data
1799,The Steppingstone Progressivist School,"#25 Cavalier St., East Fairview, QC","25 Cavalier Street, East Fairview, Quezon City, Philippines",Fairview,5,Schools,Private,Senior high school,"Data_QC Caring Cities Tracker, QC Administrative Data - Private schools",#N/A,#N/A,121.0813801,14.7081591,#N/A,#N/A,#N/A,#N/A,Administrative data
1810,Tomas Morato ES,#N/A,#N/A,Kamuning,4,Schools,Public,Elementary school,"Data_QC Caring Cities Tracker, QC Administrative Data - Public schools",#N/A,#N/A,121.0367182,14.6254069,#N/A,#N/A,#N/A,#N/A,Administrative data
1811,"Top Tots Academy, Inc.","68 Don Vicent St., Filinvent II, Bagong Silangan, QC","68 Don Vicent Street, Filinvent II, Bagong Silangan, Quezon City, Philippines",Bagong Silangan,2,Schools,Private,Preschool,"Data_QC Caring Cities Tracker, QC Administrative Data - Private schools",#N/A,#N/A,121.1029502,14.7010224,#N/A,#N/A,#N/A,#N/A,Administrative data
1812,"Top Tots Academy, Inc.","68 Don Vicent St., Filinvent II, Bagong Silangan, QC","68 Don Vicent Street, Filinvent II, Bagong Silangan, Quezon City, Philippines",Bagong Silangan,2,Schools,Private,Elementary school,"Data_QC Caring Cities Tracker, QC Administrative Data - Private schools",#N/A,#N/A,121.1029502,14.7010224,#N/A,#N/A,#N/A,#N/A,Administrative data
1813,Torch of Life Academy,"28 Malumanay St., Sikatuna Vill., QC","28 Malumanay Street, Sikatuna Village, Quezon City, Philippines",Sikatuna Village,4,Schools,Private,Junior high school,"Data_QC Caring Cities Tracker, QC Administrative Data - Private schools",#N/A,#N/A,121.0565866,14.6379675,#N/A,#N/A,#N/A,#N/A,Administrative data
1814,Torch of Life Academy,"28 Malumanay St., Sikatuna Vill., QC","28 Malumanay Street, Sikatuna Village, Quezon City, Philippines",Sikatuna Village,4,Schools,Private,Preschool,"Data_QC Caring Cities Tracker, QC Administrative Data - Private schools",#N/A,#N/A,121.0565866,14.6379675,#N/A,#N/A,#N/A,#N/A,Administrative data
1815,Torch of Life Academy,"28 Malumanay St., Sikatuna Vill., QC","28 Malumanay Street, Sikatuna Village, Quezon City, Philippines",Sikatuna Village,4,Schools,Private,Elementary school,"Data_QC Caring Cities Tracker, QC Administrative Data - Private schools",#N/A,#N/A,121.0565866,14.6379675,#N/A,#N/A,#N/A,#N/A,Administrative data
1816,Toro Hills ES,#N/A,#N/A,Bahay Toro,1,Schools,Public,Elementary school,"Data_QC Caring Cities Tracker, QC Administrative Data - Public schools",#N/A,#N/A,121.020629,14.665081,#N/A,#N/A,#N/A,#N/A,Administrative data
1819,"Trinity Polytechnic College, Inc.","139 Geronimo Drive, T-Sora Avenue, Brgy.Tandang Sora, Quezon City","139 Geronimo Drive, T-Sora Avenue, BarangayTandang Sora, Quezon City, Philippines",Tandang Sora,6,Schools,Private,Senior high school,"Data_QC Caring Cities Tracker, QC Administrative Data - Private schools",#N/A,#N/A,121.0331159,14.6774352,#N/A,#N/A,#N/A,#N/A,Administrative data
1820,"Trinity Polytechnic College, Inc.","892 Alfina Building, Quirino Highway, Gulod, Quezon City","892 Alfina Building, Quirino Highway, Gulod, Quezon City, Philippines",Gulod,5,Schools,Private,Senior high school,"Data_QC Caring Cities Tracker, QC Administrative Data - Private schools",#N/A,#N/A,121.0406164,14.7151322,#N/A,#N/A,#N/A,#N/A,Administrative data
1821,"Trinity University of Asia, Inc. (Frmrly Trinity Coll. of Q.C.)","275 E. Rodriguez Sr., Damayang Lagi, QC","275 E. Rodriguez Sr., Damayang Lagi, Quezon City, Philippines",Damayan,1,Schools,Private,Senior high school,"Data_QC Caring Cities Tracker, QC Administrative Data - Private schools",#N/A,#N/A,#N/A,#N/A,#N/A,#N/A,#N/A,#N/A,Administrative data
1822,Twinkle Toes Preschool,"84 Bignay St., Brgy. Proj 2, QC","84 Bignay Street, Barangay Proj 2, Quezon City, Philippines",#N/A,3,Schools,Private,Preschool,"Data_QC Caring Cities Tracker, QC Administrative Data - Private schools",#N/A,#N/A,121.0592829,14.6322839,#N/A,#N/A,#N/A,#N/A,Administrative data
1826,"Universal Evangelical Christian School (UECS), Inc.","No. 85 Feria Road, Brgy. Old Balara, Diliman, QC.","85 Feria Road, Barangay Old Balara, Diliman, Quezon City., Philippines",Matandang Balara,3,Schools,Private,Elementary school,"Data_QC Caring Cities Tracker, QC Administrative Data - Private schools",#N/A,#N/A,121.0812957,14.6715977,#N/A,#N/A,#N/A,#N/A,Administrative data
1827,"Universal Evangelical Christian School (UECS), Inc.","No. 85 Feria Road, Brgy. Old Balara, Diliman, QC.","85 Feria Road, Barangay Old Balara, Diliman, Quezon City., Philippines",Matandang Balara,3,Schools,Private,Preschool,"Data_QC Caring Cities Tracker, QC Administrative Data - Private schools",#N/A,#N/A,121.0812957,14.6715977,#N/A,#N/A,#N/A,#N/A,Administrative data
1828,"Universal Evangelical Christian School (UECS), Inc.","No. 85 Feria Road, Brgy. Old Balara, Diliman, QC.","85 Feria Road, Barangay Old Balara, Diliman, Quezon City., Philippines",Matandang Balara,3,Schools,Private,Junior high school,"Data_QC Caring Cities Tracker, QC Administrative Data - Private schools",#N/A,#N/A,121.0812957,14.6715977,#N/A,#N/A,#N/A,#N/A,Administrative data
1829,"Universal Evangelical Christian School (UECS), Inc.","No. 85 Feria Road, Brgy. Old Balara, Diliman, QC.","85 Feria Road, Barangay Old Balara, Diliman, Quezon City., Philippines",Matandang Balara,3,Schools,Private,Senior high school,"Data_QC Caring Cities Tracker, QC Administrative Data - Private schools",#N/A,#N/A,121.0812957,14.6715977,#N/A,#N/A,#N/A,#N/A,Administrative data
1832,"UST Angelicum College, Inc.","112 M.J. Cuenco St., Biak-na-Bato, Sto Domingo, QC","112 M.J. Cuenco Street, Biak-na-Bato, Sto Domingo, Quezon City, Philippines",Sto. Domingo (Matalahib),1,Schools,Private,Senior high school,"Data_QC Caring Cities Tracker, QC Administrative Data - Private schools",#N/A,#N/A,121.0105181,14.6264014,#N/A,#N/A,#N/A,#N/A,Administrative data
1840,"Vetervile Lrng. Ctr., Inc.","6 Fort Del Pilar, Luzon Ave.,Holy Spirit, QC","6 Fort Del Pilar, Luzon Avenue,Holy Spirit, Quezon City, Philippines",Holy Spirit,2,Schools,Private,Elementary school,"Data_QC Caring Cities Tracker, QC Administrative Data - Private schools",#N/A,#N/A,121.0695397,14.6814652,#N/A,#N/A,#N/A,#N/A,Administrative data
1844,Villa Verde Elementary School,#N/A,#N/A,Sta. Monica,5,Schools,Public,Elementary school,"Data_QC Caring Cities Tracker, QC Administrative Data - Public schools",#N/A,#N/A,121.0469954,14.7225551,#N/A,#N/A,#N/A,#N/A,Administrative data
1845,Village Sch of Parkwoods (Frmrly VCECP),"B6L6, Violago Homes, Parkwoods Hills, Bagong Silangn, QC","B6L6, Violago Homes, Parkwoods Hills, Bagong Silangn, Quezon City, Philippines",Bagong Silangan,2,Schools,Private,Junior high school,"Data_QC Caring Cities Tracker, QC Administrative Data - Private schools",#N/A,#N/A,121.1150813,14.7268033,#N/A,#N/A,#N/A,#N/A,Administrative data
1846,Village Sch of Parkwoods (Frmrly VCECP),"B6L6, Violago Homes, Parkwoods Hills, Bagong Silangn, QC","B6L6, Violago Homes, Parkwoods Hills, Bagong Silangn, Quezon City, Philippines",Bagong Silangan,2,Schools,Private,Preschool,"Data_QC Caring Cities Tracker, QC Administrative Data - Private schools",#N/A,#N/A,121.1150813,14.7268033,#N/A,#N/A,#N/A,#N/A,Administrative data
1847,Village Sch of Parkwoods (Frmrly VCECP),"B6L6, Violago Homes, Parkwoods Hills, Bagong Silangn, QC","B6L6, Violago Homes, Parkwoods Hills, Bagong Silangn, Quezon City, Philippines",Bagong Silangan,2,Schools,Private,Elementary school,"Data_QC Caring Cities Tracker, QC Administrative Data - Private schools",#N/A,#N/A,121.1150813,14.7268033,#N/A,#N/A,#N/A,#N/A,Administrative data
1848,Villagers Montessori School,"18 Dalsol , GSIS Vill., Sangandaan, QC","18 Dalsol , GSIS Village, Sangandaan, Quezon City, Philippines",Sangandaan,6,Schools,Private,Elementary school,"Data_QC Caring Cities Tracker, QC Administrative Data - Private schools",#N/A,#N/A,121.0199814,14.6729708,#N/A,#N/A,#N/A,#N/A,Administrative data
1849,Villagers Montessori School,"18 Dalsol , GSIS Vill., Sangandaan, QC","18 Dalsol , GSIS Village, Sangandaan, Quezon City, Philippines",Sangandaan,6,Schools,Private,Junior high school,"Data_QC Caring Cities Tracker, QC Administrative Data - Private schools",#N/A,#N/A,121.0199814,14.6729708,#N/A,#N/A,#N/A,#N/A,Administrative data
1850,Villagers Montessori School,"18 Dalsol , GSIS Vill., Sangandaan, QC","18 Dalsol , GSIS Village, Sangandaan, Quezon City, Philippines",Sangandaan,6,Schools,Private,Preschool,"Data_QC Caring Cities Tracker, QC Administrative Data - Private schools",#N/A,#N/A,121.0199814,14.6729708,#N/A,#N/A,#N/A,#N/A,Administrative data
1852,"Virgen De Guadalupe De Nova. Sch., Inc.","#41 Sampaguita St. Maligaya Park Sub., Nova., QC","41 Sampaguita Street Maligaya Park Sub., Nova., Quezon City, Philippines",Novaliches Proper,5,Schools,Private,Senior high school,"Data_QC Caring Cities Tracker, QC Administrative Data - Private schools",#N/A,#N/A,#N/A,#N/A,#N/A,#N/A,#N/A,#N/A,Administrative data
1853,"Virgen De Guadalupe De Nova. Sch., Inc.","#41 Sampaguita St. Maligaya Park Sub., Nova., QC","41 Sampaguita Street Maligaya Park Sub., Nova., Quezon City, Philippines",Novaliches Proper,5,Schools,Private,Preschool,"Data_QC Caring Cities Tracker, QC Administrative Data - Private schools",#N/A,#N/A,#N/A,#N/A,#N/A,#N/A,#N/A,#N/A,Administrative data
1854,"Virgen De Guadalupe De Nova. Sch., Inc.","#41 Sampaguita St. Maligaya Park Sub., Nova., QC","41 Sampaguita Street Maligaya Park Sub., Nova., Quezon City, Philippines",Novaliches Proper,5,Schools,Private,Elementary school,"Data_QC Caring Cities Tracker, QC Administrative Data - Private schools",#N/A,#N/A,#N/A,#N/A,#N/A,#N/A,#N/A,#N/A,Administrative data
1855,"Virgen De Guadalupe De Nova. Sch., Inc.","#41 Sampaguita St. Maligaya Park Sub., Nova., QC","41 Sampaguita Street Maligaya Park Sub., Nova., Quezon City, Philippines",Novaliches Proper,5,Schools,Private,Junior high school,"Data_QC Caring Cities Tracker, QC Administrative Data - Private schools",#N/A,#N/A,#N/A,#N/A,#N/A,#N/A,#N/A,#N/A,Administrative data
1860,Vito L. Belarmino Senior High School,#N/A,#N/A,Milagrosa,3,Schools,Public,Senior high school,"Data_QC Caring Cities Tracker, QC Administrative Data - Public schools",#N/A,#N/A,121.0673191,14.6219254,#N/A,#N/A,#N/A,#N/A,Administrative data
1866,West Fairview Elementary School,#N/A,#N/A,Fairview,5,Schools,Public,Elementary school,"Data_QC Caring Cities Tracker, QC Administrative Data - Public schools",#N/A,#N/A,121.0638937,14.7014605,#N/A,#N/A,#N/A,#N/A,Administrative data
1867,West Fairview High School,#N/A,#N/A,Fairview,5,Schools,Public,High school,"Data_QC Caring Cities Tracker, QC Administrative Data - Public schools",#N/A,#N/A,121.0640537,14.7012825,#N/A,#N/A,#N/A,#N/A,Administrative data
1870,Wisdom Light Christian Academy,"#35 Apo St., Brgy. Sta. Teresita, QC","35 Apo Street, Barangay Sta. Teresita, Quezon City, Philippines",Sta. Teresita,1,Schools,Private,Elementary school,"Data_QC Caring Cities Tracker, QC Administrative Data - Private schools",#N/A,#N/A,121.0012091,14.6220668,#N/A,#N/A,#N/A,#N/A,Administrative data
1871,Wisdom Light Christian Academy,"#35 Apo St., Brgy. Sta. Teresita, QC","35 Apo Street, Barangay Sta. Teresita, Quezon City, Philippines",Sta. Teresita,1,Schools,Private,Preschool,"Data_QC Caring Cities Tracker, QC Administrative Data - Private schools",#N/A,#N/A,121.0012091,14.6220668,#N/A,#N/A,#N/A,#N/A,Administrative data
1872,World Citi Colleges,"960 Aurora Blvd., Bagumbayan, Quezon City","960 Aurora Boulevard, Bagumbayan, Quezon City, Philippines",Bagumbayan,3,Schools,Private,Senior high school,"Data_QC Caring Cities Tracker, QC Administrative Data - Private schools",#N/A,#N/A,#N/A,#N/A,#N/A,#N/A,#N/A,#N/A,Administrative data
1875,"Young Scholars Learning Center, Inc.","34 Gold St., Felinvest,Batasan Hills, QC","34 Gold Street, Felinvest,Batasan Hills, Quezon City, Philippines",Batasan Hills,2,Schools,Private,Preschool,"Data_QC Caring Cities Tracker, QC Administrative Data - Private schools",#N/A,#N/A,121.105877,14.6843123,#N/A,#N/A,#N/A,#N/A,Administrative data
1876,"Young Scholars Learning Center, Inc.","34 Gold St., Felinvest,Batasan Hills, QC","34 Gold Street, Felinvest,Batasan Hills, Quezon City, Philippines",Batasan Hills,2,Schools,Private,Elementary school,"Data_QC Caring Cities Tracker, QC Administrative Data - Private schools",#N/A,#N/A,121.105877,14.6843123,#N/A,#N/A,#N/A,#N/A,Administrative data
1878,Zionofpraise Academy,"#44-Z St. Catherine St., Brgy Holy Spirit, QC","44-Z Street Catherine Street, Barangay Holy Spirit, Quezon City, Philippines",Holy Spirit,2,Schools,Private,Preschool,"Data_QC Caring Cities Tracker, QC Administrative Data - Private schools",#N/A,#N/A,121.0821653,14.6882557,#N/A,#N/A,#N/A,#N/A,Administrative data
1879,Zionofpraise Academy,"#44-Z St. Catherine St., Brgy Holy Spirit, QC","44-Z Street Catherine Street, Barangay Holy Spirit, Quezon City, Philippines",Holy Spirit,2,Schools,Private,Elementary school,"Data_QC Caring Cities Tracker, QC Administrative Data - Private schools",#N/A,#N/A,121.0821653,14.6882557,#N/A,#N/A,#N/A,#N/A,Administrative data
1887,Grace Christian Kindergarten,"M224+5GG, Samuel Dee, Balingasa, Quezon City",#N/A,Apolonio Samson,6,Schools,#N/A,Preschool,Google API,#N/A,#N/A,121.0062748,14.6504119,#N/A,#N/A,#N/A,#N/A,Google API
1897,Hands That Care Montessori & Intervention Center,"Don Vicente Street, Filinvest 2 Rd, Quezon City",#N/A,Bagong Silangan,2,Schools,#N/A,Preschool,Google API,#N/A,#N/A,121.1034632,14.7032159,#N/A,#N/A,#N/A,#N/A,Google API
1899,Maple Bear Canadian Preschool Eastwood,"Eastwood City, Eastwood Ave, Quezon City",#N/A,Bagumbayan,3,Schools,#N/A,Preschool,Google API,#N/A,#N/A,121.0804503,14.6105541,#N/A,#N/A,#N/A,#N/A,Google API
1900,Clenlars Child Montessori Center,"11 M. Salamat Ext, Project 4, Quezon City",#N/A,Bagumbuhay,3,Schools,#N/A,Preschool,Google API,#N/A,#N/A,121.0650871,14.6232794,#N/A,#N/A,#N/A,#N/A,Google API
1905,Integrated Center for the Young,"5-A Mercury St, Tandang Sora, Project 8, Quezon City",#N/A,Bahay Toro,1,Schools,#N/A,Preschool,Google API,#N/A,#N/A,121.035351,14.6723157,#N/A,#N/A,#N/A,#N/A,Google API
1906,Cambridge Preschool @ Congressional,"108 Residence, 108 Congressional Ave, Project 8, Quezon City",#N/A,Bahay Toro,1,Schools,#N/A,Preschool,Google API,#N/A,#N/A,121.0248797,14.6640976,#N/A,#N/A,#N/A,#N/A,Google API
1910,Saint Cecilia Pre School Learning Center,"14 Sto. Cristo St, Quezon City",#N/A,Balingasa,1,Schools,#N/A,Preschool,Google API,#N/A,#N/A,120.9999924,14.6544164,#N/A,#N/A,#N/A,#N/A,Google API
1913,NS Montessori Center Incorporated,"28 Salazar Dr, Quirino, Quezon City",#N/A,Balong-bato,6,Schools,#N/A,Preschool,Google API,#N/A,#N/A,121.0025167,14.6633526,#N/A,#N/A,#N/A,#N/A,Google API
1916,Steven and Hudson Playschool,"Royale Place Mall, Don Antonio Drive Batasan Hills, Quezon City",#N/A,Batasan Hills,2,Schools,#N/A,Preschool,Google API,#N/A,#N/A,121.0856123,14.6771208,#N/A,#N/A,#N/A,#N/A,Google API
1917,Joyful Child School of Quezon City,"M4P3+72J, Batasan-San Mateo Rd, Quezon City",#N/A,Batasan Hills,2,Schools,#N/A,Preschool,Google API,#N/A,#N/A,121.1025073,14.6857025,#N/A,#N/A,#N/A,#N/A,Google API
1918,The Learning Tree Montessori Incorporated,"Batasan Hills, Block-1 Lot 12 Sugartowne, Quezon City, 1126",#N/A,Batasan Hills,2,Schools,#N/A,Preschool,Google API,#N/A,#N/A,121.0995732,14.6927054,#N/A,#N/A,#N/A,#N/A,Google API
1921,Vancouver Hill Preschool,"33 Mount Vancouver St, Quezon City",#N/A,Batasan Hills,2,Schools,#N/A,Preschool,Google API,#N/A,#N/A,121.0912495,14.6812484,#N/A,#N/A,#N/A,#N/A,Google API
1924,Next Hands Playschool,"3F, Citigold Plaza, Katipunan Ave, Project 4, Quezon City",#N/A,Bayanihan,3,Schools,#N/A,Preschool,Google API,#N/A,#N/A,121.0703233,14.6155637,#N/A,#N/A,#N/A,#N/A,Google API
1925,The Abba's Orchard Montessori School,"214 Katipunan Ave, Subdivision, Quezon City",#N/A,Blue Ridge A,3,Schools,#N/A,Preschool,Google API,#N/A,#N/A,121.0725249,14.6194327,#N/A,#N/A,#N/A,#N/A,Google API
1936,ST. Maren Preparatory,"M3WV+JC2, Katuparan, Quezon City",#N/A,Commonwealth,2,Schools,#N/A,Preschool,Google API,#N/A,#N/A,121.093508,14.696519,#N/A,#N/A,#N/A,#N/A,Google API
1940,Fwco Montessori Child Learning School,"Central Star Bldg, Quezon City",#N/A,Culiat,6,Schools,#N/A,Preschool,Google API,#N/A,#N/A,121.049702,14.6630298,#N/A,#N/A,#N/A,#N/A,Google API
1942,Montessori Lifestyle Inc.,"Brgy, Rolling Hills Village, 49 10th St, Damayang Lagi, Quezon City",#N/A,Damayang Lagi,4,Schools,#N/A,Preschool,Google API,#N/A,#N/A,121.025469,14.617143,#N/A,#N/A,#N/A,#N/A,Google API
1944,Most Holy Rosary of Pompeii Pre-School,"90 9th St, Mariana, Quezon City",#N/A,Damayang Lagi,4,Schools,#N/A,Preschool,Google API,#N/A,#N/A,121.0258276,14.6158966,#N/A,#N/A,#N/A,#N/A,Google API
1945,Nueva Ecija Children Integrated School,"22 A. Mabini Street, Quezon City",#N/A,Doña Aurora,4,Schools,#N/A,Preschool,Google API,#N/A,#N/A,121.0102001,14.6167842,#N/A,#N/A,#N/A,#N/A,Google API
1947,Tzu Chi Great Love Preschool Philippines,"76 Cordillera, cor Agno, Quezon City",#N/A,Doña Josefa,4,Schools,#N/A,Preschool,Google API,#N/A,#N/A,121.0068444,14.6212395,#N/A,#N/A,#N/A,#N/A,Google API
1948,Jesus Our Hope For The World Preschool,"15 Cambridge, Cubao, Quezon City",#N/A,E. Rodriguez,3,Schools,#N/A,Preschool,Google API,#N/A,#N/A,121.0533134,14.6241036,#N/A,#N/A,#N/A,#N/A,Google API
1950,Learn And Play Preschool,"92 New York St. Corner Oxford Cubao, E. Rodriguez Sr., Quezon City",#N/A,E. Rodriguez,3,Schools,#N/A,Preschool,Google API,#N/A,#N/A,121.0521193,14.6292195,#N/A,#N/A,#N/A,#N/A,Google API
1954,International Montessori School,"M3W5+QRH, Chestnut St, Novaliches, Quezon City",#N/A,Fairview,5,Schools,#N/A,Preschool,Google API,#N/A,#N/A,121.0596222,14.6969275,#N/A,#N/A,#N/A,#N/A,Google API
1957,Young angels of mary kiddie center cefels 3 quirino hiway cal city,"cefels 3 quirino hiway, Caloocan",#N/A,Fairview,5,Schools,#N/A,Preschool,Google API,#N/A,#N/A,121.0721075,14.7069734,#N/A,#N/A,#N/A,#N/A,Google API
1961,Mind at Work Regalado,"West, 41 Regalado Ave, Fairview, Quezon City",#N/A,Fairview,5,Schools,#N/A,Preschool,Google API,#N/A,#N/A,121.067531,14.7005155,#N/A,#N/A,#N/A,#N/A,Google API
1962,Ichtus Christian Pre-School,"8 Hillman St, Quezon City",#N/A,Fairview,5,Schools,#N/A,Preschool,Google API,#N/A,#N/A,121.070678,14.7044549,#N/A,#N/A,#N/A,#N/A,Google API
1963,Cambridge Preschool @ Fairview,"B176, Geneva Gardens Subdivision, Commonwealth Ave, Novaliches, Quezon City",#N/A,Greater Lagro,5,Schools,#N/A,Preschool,Google API,#N/A,#N/A,121.054072,14.7185318,#N/A,#N/A,#N/A,#N/A,Google API
1964,La Mesa Watershed Nursery,"P3JC+WC5 La Mesa Watershed, La Mesa Rd, Novaliches, Quezon City",#N/A,Greater Lagro,5,Schools,#N/A,Preschool,Google API,#N/A,#N/A,121.0710939,14.7322571,#N/A,#N/A,#N/A,#N/A,Google API
1965,Cloudberry Kids Playschool,"Greater Lagro, One Rebtrade Building, Quirino Hwy, Quezon City",#N/A,Greater Lagro,5,Schools,#N/A,Preschool,Google API,#N/A,#N/A,121.0677326,14.7352814,#N/A,#N/A,#N/A,#N/A,Google API
1967,Mons and Tots Preschool,"3 Don Jose, Holy Spirit , Holy Spirit , 1127 Quezon City , Metro Manila",#N/A,Holy Spirit,2,Schools,#N/A,Preschool,Google API,#N/A,#N/A,121.0826942,14.6802584,#N/A,#N/A,#N/A,#N/A,Google API
1970,NS Montessori,"28, 1120 Victorino Salazar, Quezon City",#N/A,Holy Spirit,2,Schools,#N/A,Preschool,Google API,#N/A,#N/A,121.078964,14.6878919,#N/A,#N/A,#N/A,#N/A,Google API
1971,Joyful Scholars Montessori Inc.,"2021 Luzon Ave, Holy Spirit, Quezon City",#N/A,Holy Spirit,2,Schools,#N/A,Preschool,Google API,#N/A,#N/A,121.0696207,14.6807904,#N/A,#N/A,#N/A,#N/A,Google API
1974,Gabay M.I. Montessori School,"129 Veterans Ave, Quezon City",#N/A,Holy Spirit,2,Schools,#N/A,Preschool,Google API,#N/A,#N/A,121.0727118,14.6847987,#N/A,#N/A,#N/A,#N/A,Google API
1975,Childmatters,"67 Main Horseshoe Drive, Quezon City",#N/A,Horseshoe,4,Schools,#N/A,Preschool,Google API,#N/A,#N/A,121.0397961,14.6120225,#N/A,#N/A,#N/A,#N/A,Google API
1983,Filipino Child Learning And Development School,"50 Esteban Abada Street, Loyola Heights, Quezon City, 1101",#N/A,Loyola Heights,3,Schools,#N/A,Preschool,Google API,#N/A,#N/A,121.0732105,14.6384592,#N/A,#N/A,#N/A,#N/A,Google API
1985,Smallville Montessori Katipunan,"21 Esteban Abada St, Loyola Heights, Quezon City",#N/A,Loyola Heights,3,Schools,#N/A,Preschool,Google API,#N/A,#N/A,121.0728684,14.6337707,#N/A,#N/A,#N/A,#N/A,Google API
1986,Montessori Filipino Child Research Center,"92 Melchor Street, Loyola Heights, Quezon City, 1108",#N/A,Loyola Heights,3,Schools,#N/A,Preschool,Google API,#N/A,#N/A,121.0697751,14.6421766,#N/A,#N/A,#N/A,#N/A,Google API
1987,Sunny Hill Child Study Center - Katipunan,"347 Katipunan Avenue, Loyola Heights, Quezon City",#N/A,Loyola Heights,3,Schools,#N/A,Preschool,Google API,#N/A,#N/A,121.0749969,14.6412001,#N/A,#N/A,#N/A,#N/A,Google API
1988,HAND Preschool,"67a Xavierville Ave, Quezon City",#N/A,Loyola Heights,3,Schools,#N/A,Preschool,Google API,#N/A,#N/A,121.0700021,14.6351441,#N/A,#N/A,#N/A,#N/A,Google API
1989,Child's Place Preschool,"4 Escaler, Quezon City",#N/A,Loyola Heights,3,Schools,#N/A,Preschool,Google API,#N/A,#N/A,121.0737611,14.6451841,#N/A,#N/A,#N/A,#N/A,Google API
1990,Montessori of Loyola,"97 A. Melchor, Varsity Hills, Quezon City",#N/A,Loyola Heights,3,Schools,#N/A,Preschool,Google API,#N/A,#N/A,121.0697898,14.6424425,#N/A,#N/A,#N/A,#N/A,Google API
1991,Miriam College Child Study Center (Preschool),"Thornton Drive, Quezon City",#N/A,Loyola Heights,3,Schools,#N/A,Preschool,Google API,#N/A,#N/A,121.0789004,14.6441764,#N/A,#N/A,#N/A,#N/A,Google API
1993,Excel Preschool,"72 Don Manuel Agregado, Santa Mesa Heights, Quezon City",#N/A,Maharlika,1,Schools,#N/A,Preschool,Google API,#N/A,#N/A,120.9968203,14.6289583,#N/A,#N/A,#N/A,#N/A,Google API
1994,"Little Harvard Academy - Progressive Preschool, Nursery, Daycare","Speaker Perez, cor. N.S. Amoranto (Former Retiro), Quezon City",#N/A,Maharlika,1,Schools,#N/A,Preschool,Google API,#N/A,#N/A,120.9977491,14.6315451,#N/A,#N/A,#N/A,#N/A,Google API
1995,Bloomfield Montessori School,"145, 1114 Cordillera, Santa Mesa Heights, Quezon City",#N/A,Maharlika,1,Schools,#N/A,Preschool,Google API,#N/A,#N/A,120.9993343,14.6322673,#N/A,#N/A,#N/A,#N/A,Google API
1997,Blessed Child Kindergarten School of Quezon City,"7 Ragang, Manresa, Quezon City",#N/A,Manresa,1,Schools,#N/A,Preschool,Google API,#N/A,#N/A,120.9991024,14.6415498,#N/A,#N/A,#N/A,#N/A,Google API
2000,St. Bernadeth Preschool,"31 Alley 3 Road 8, Project 6, Quezon City",#N/A,Mariana,4,Schools,#N/A,Preschool,Google API,#N/A,#N/A,121.035034,14.6184833,#N/A,#N/A,#N/A,#N/A,Google API
2002,Daycare Center Montessori Syle,"1112 E Rodriguez Sr. Ave, Mariana, Quezon City",#N/A,Mariana,4,Schools,#N/A,Preschool,Google API,#N/A,#N/A,121.0306442,14.6235821,#N/A,#N/A,#N/A,#N/A,Google API
2009,I.D.E.A.S. Montessori,"88, 1119 Capitol Hills Dr, Quezon City",#N/A,Matandang Balara,3,Schools,#N/A,Preschool,Google API,#N/A,#N/A,121.0792065,14.6646403,#N/A,#N/A,#N/A,#N/A,Google API
2011,The Seed Montessori School,"4 Samonte St, Capitol District, Quezon City",#N/A,Matandang Balara,3,Schools,#N/A,Preschool,Google API,#N/A,#N/A,121.0777333,14.675797,#N/A,#N/A,#N/A,#N/A,Google API
2014,Menti Assorbenti Montessori,"Block 8 Lot 34, 35 New Intramuros Village, Beaterio, Matandang Balara, Quezon City",#N/A,Matandang Balara,3,Schools,#N/A,Preschool,Google API,#N/A,#N/A,121.0730559,14.6713438,#N/A,#N/A,#N/A,#N/A,Google API
2015,Child'S Basic Study Center,"348 P. Tuazon Blvd, Cubao, Quezon City",#N/A,Milagrosa,3,Schools,#N/A,Preschool,Google API,#N/A,#N/A,121.0668441,14.6223395,#N/A,#N/A,#N/A,#N/A,Google API
2017,St. Therese of the Child Jesus Montessori School,"64 A. De Legaspi Street, Project 4, Quezon City",#N/A,Milagrosa,3,Schools,#N/A,Preschool,Google API,#N/A,#N/A,121.0697363,14.6220499,#N/A,#N/A,#N/A,#N/A,Google API
2018,Expressive Minds Early Childhood Center,"Rajah Matanda, Project 4, Quezon City",#N/A,Milagrosa,3,Schools,#N/A,Preschool,Google API,#N/A,#N/A,121.0707484,14.6177665,#N/A,#N/A,#N/A,#N/A,Google API
2024,Discovery House Montessori,"North Fairview Park Subdivision, 59 Adrian, Novaliches, Quezon City",#N/A,North Fairview,5,Schools,#N/A,Preschool,Google API,#N/A,#N/A,121.0624612,14.70987,#N/A,#N/A,#N/A,#N/A,Google API
2028,Brain Gems Montessori | Novaliches,"Lot 2, yahweh building, Block 1 Ambrocia, Quezon City",#N/A,Novaliches Proper,5,Schools,#N/A,Preschool,Google API,#N/A,#N/A,121.0345495,14.7222388,#N/A,#N/A,#N/A,#N/A,Google API
2030,Child's Place,"149 P. Gonzales St, Quezon City",#N/A,Pag-ibig sa Nayon,1,Schools,#N/A,Preschool,Google API,#N/A,#N/A,120.99447,14.647197,#N/A,#N/A,#N/A,#N/A,Google API
2035,"O.B. Montessori Center, Fairview, Quezon City","Neopolitan IV, Brittany Subdivision, Belfast Street Belfast, corner Napoli Street, Quezon City",#N/A,Pasong Putik Proper,5,Schools,#N/A,Preschool,Google API,#N/A,#N/A,121.0572855,14.727498,#N/A,#N/A,#N/A,#N/A,Google API
2036,God's Children Tutorial House,"No. 51 Lily Street, Maligaya Park Subdivision, Brgy, Proper, Quezon City",#N/A,Pasong Putik Proper,5,Schools,#N/A,Preschool,Google API,#N/A,#N/A,121.0621831,14.7400009,#N/A,#N/A,#N/A,#N/A,Google API
2044,Payatas Bayanihan Preschool,"P36W+576 Morning Star, Payatas B, Quezon City",#N/A,Payatas,2,Schools,#N/A,Preschool,Google API,#N/A,#N/A,121.0956526,14.7104191,#N/A,#N/A,#N/A,#N/A,Google API
2049,Cmli Cheers Montessori,"1100 Rd 1, Project 6, Quezon City",#N/A,Project 6,1,Schools,#N/A,Preschool,Google API,#N/A,#N/A,121.03763,14.6609884,#N/A,#N/A,#N/A,#N/A,Google API
2050,St. Paul Educational Center Preschool Annex B,"20 road 4, cor Rd 2, Project 6, Quezon City",#N/A,Project 6,1,Schools,#N/A,Preschool,Google API,#N/A,#N/A,121.0375126,14.6625046,#N/A,#N/A,#N/A,#N/A,Google API
2053,First Step Montessori,"30 Anonas, Quezon City",#N/A,Quirino 2-B,3,Schools,#N/A,Preschool,Google API,#N/A,#N/A,121.0618079,14.6299676,#N/A,#N/A,#N/A,#N/A,Google API
2054,Christ the King Children's School,Zone 3 Bangued (Capital) Abra,#N/A,Ramon Magsaysay,1,Schools,#N/A,Preschool,Google API,#N/A,#N/A,121.0220032,14.6584997,#N/A,#N/A,#N/A,#N/A,Google API
2056,Little Sandbox Preschool,"112 Scout Sct. Gandia St, Diliman, Quezon City",#N/A,Sacred Heart,4,Schools,#N/A,Preschool,Google API,#N/A,#N/A,121.0363324,14.6312183,#N/A,#N/A,#N/A,#N/A,Google API
2057,Raya Playschool,"109 Scout Fernandez cor. Scout, Sct. Torillo St, Quezon City",#N/A,Sacred Heart,4,Schools,#N/A,Preschool,Google API,#N/A,#N/A,121.036796,14.6324661,#N/A,#N/A,#N/A,#N/A,Google API
2058,Little Child of Bethlehem School Incorporated,"P2MP+6M6, Bethzaida, Quezon City",#N/A,San Agustin,5,Schools,#N/A,Preschool,Google API,#N/A,#N/A,121.0366667,14.7330255,#N/A,#N/A,#N/A,#N/A,Google API
2064,Master's Child Integrated School,"180 Iba Street, Salvacion, Laloma, Quezon City, 1114",#N/A,San Isidro Labrador,1,Schools,#N/A,Preschool,Google API,#N/A,#N/A,120.9964881,14.6230515,#N/A,#N/A,#N/A,#N/A,Google API
2065,Children of Mary Immaculate Early Education,"JXFV+7Q8, Simoun St, La Loma, Quezon City",#N/A,San Isidro Labrador,1,Schools,#N/A,Preschool,Google API,#N/A,#N/A,120.9944527,14.6231608,#N/A,#N/A,#N/A,#N/A,Google API
2067,Daniel Kinder House,"112 Premium Street, Sangandaan, GSIS Village, Quezon City, 1100",#N/A,Sangandaan,6,Schools,#N/A,Preschool,Google API,#N/A,#N/A,121.019694,14.6737519,#N/A,#N/A,#N/A,#N/A,Google API
2068,The Children's School House Inc.,"M3X3+Q9R, Quezon City",#N/A,Sauyo,6,Schools,#N/A,Preschool,Google API,#N/A,#N/A,121.0533929,14.699559,#N/A,#N/A,#N/A,#N/A,Google API
2070,Richland Montessori School,"Lot 5 Block 5 Richland 5, Bag - Bag, Nova, Quezon City",#N/A,Sauyo,6,Schools,#N/A,Preschool,Google API,#N/A,#N/A,121.0314699,14.691341,#N/A,#N/A,#N/A,#N/A,Google API
2072,Cambridge Preschool @ Sto. Domingo,"94 Sto. Domingo Ave, near N.S. Amoranto Sr. St, Quezon City",#N/A,Sienna,1,Schools,#N/A,Preschool,Google API,#N/A,#N/A,121.0061527,14.6352446,#N/A,#N/A,#N/A,#N/A,Google API
2075,Children's Pre-School,"J385+WHH, Cubao, Quezon City",#N/A,Socorro,3,Schools,#N/A,Preschool,Google API,#N/A,#N/A,121.0589981,14.6173,#N/A,#N/A,#N/A,#N/A,Google API
2076,King Shepherds Flock Childrens Academy,"J385+GPQ, 13th Ave, Cubao, Marikina",#N/A,Socorro,3,Schools,#N/A,Preschool,Google API,#N/A,#N/A,121.0593994,14.6163431,#N/A,#N/A,#N/A,#N/A,Google API
2079,PAREF Preschool ROSEFIELD SOUTH TRIANGLE,"116 Panay Avenue Unit 142 Ground Floor M Place Mall, Quezon City",#N/A,South Triangle,4,Schools,#N/A,Preschool,Google API,#N/A,#N/A,121.0325192,14.6393157,#N/A,#N/A,#N/A,#N/A,Google API
2080,Kinderfield Learning Center,"102 c SJB Centro Plaza Condominium Scout Madriñan, cor Scout Torillo, Diliman, Quezon City",#N/A,South Triangle,4,Schools,#N/A,Preschool,Google API,#N/A,#N/A,121.0374788,14.6355741,#N/A,#N/A,#N/A,#N/A,Google API
2083,Children's Little University,"48 Samar Ave. cor. Eugenio Lopez Drive, Brgy. South Triangle, Quezon City",#N/A,South Triangle,4,Schools,#N/A,Preschool,Google API,#N/A,#N/A,121.0395743,14.6393214,#N/A,#N/A,#N/A,#N/A,Google API
2084,Montessori Children's House of Learning,"114 Panay Avenue, Quezon City",#N/A,South Triangle,4,Schools,#N/A,Preschool,Google API,#N/A,#N/A,121.0276407,14.6367211,#N/A,#N/A,#N/A,#N/A,Google API
2090,Little Merry Hearts Montessori Center,"Bago Bantay, Quezon City",#N/A,Sto. Cristo,1,Schools,#N/A,Preschool,Google API,#N/A,#N/A,121.027,14.6598,#N/A,#N/A,#N/A,#N/A,Google API
2091,Nueva Ecija Children Integrated School,22 Mabibi St. San Gregorio Nueva Ecija Children Integrated School Nueva Ecija,#N/A,Sto. Cristo,1,Schools,#N/A,Preschool,Google API,#N/A,#N/A,121.027,14.6598,#N/A,#N/A,#N/A,#N/A,Google API
2092,MKC Childrens World Montessori,Poblacion Sur Mkc Childrens World Montessori Nueva Ecija,#N/A,Sto. Cristo,1,Schools,#N/A,Preschool,Google API,#N/A,#N/A,121.027,14.6598,#N/A,#N/A,#N/A,#N/A,Google API
2093,Kinder Space Playgroup and Tutorial Center,"Carpark B Nueva Vizcaya Street, The Grass Residences, Bago Bantay, Quezon City",#N/A,Sto. Cristo,1,Schools,#N/A,Preschool,Google API,#N/A,#N/A,121.0272199,14.6595542,#N/A,#N/A,#N/A,#N/A,Google API
2094,The Child's World - A Growing Center Inc.,"22 Atok Quezon City, Lungsod Quezon",#N/A,Sto. Domingo (Matalahib),1,Schools,#N/A,Preschool,Google API,#N/A,#N/A,121.0050647,14.6302935,#N/A,#N/A,#N/A,#N/A,Google API
2095,Mom and Tots Preschool,"3 Don Jose Street, Don Antonio Heights, Quezon City",#N/A,Sto. Domingo (Matalahib),1,Schools,#N/A,Preschool,Google API,#N/A,#N/A,121.0080465,14.6333513,#N/A,#N/A,#N/A,#N/A,Google API
2098,Q-dees Talayan Village International Preschool (by Lieve Deheegher),"158 Maria Clara St, Quezon City",#N/A,Talayan,1,Schools,#N/A,Preschool,Google API,#N/A,#N/A,121.0128148,14.631189,#N/A,#N/A,#N/A,#N/A,Google API
2099,Glevina's Kinder House Center,"Cadaing Village, 10 Ayungin, Novaliches, Quezon City",#N/A,Talipapa,6,Schools,#N/A,Preschool,Google API,#N/A,#N/A,121.0272226,14.6842466,#N/A,#N/A,#N/A,#N/A,Google API
2101,Better Children of St. Claire Montessori,"Quirino Hwy, Novaliches, Quezon City",#N/A,Talipapa,6,Schools,#N/A,Preschool,Google API,#N/A,#N/A,121.0247033,14.6869282,#N/A,#N/A,#N/A,#N/A,Google API
2103,Shine Pre-School,"M2MM+VR7, Pisces, Barangay Tandang Sora, Quezon City",#N/A,Tandang Sora,6,Schools,#N/A,Preschool,Google API,#N/A,#N/A,121.0345324,14.6846841,#N/A,#N/A,#N/A,#N/A,Google API
2106,Holy Infant Jesus Montessori Center Phils.,"1329 Daleon St., North Emp. Vil. no data, Lucena City (Capital)",#N/A,Tandang Sora,6,Schools,#N/A,Preschool,Google API,#N/A,#N/A,121.0437003,14.6760413,#N/A,#N/A,#N/A,#N/A,Google API
2109,Barangay Teacher's Village East Pre School,"J3W6+98R, Maginhawa Corner Masinsinan Street, Teachers Village East, Diliman, Quezon",#N/A,Teachers Village East,4,Schools,#N/A,Preschool,Google API,#N/A,#N/A,121.0607963,14.6460041,#N/A,#N/A,#N/A,#N/A,Google API
2113,PAUW-UP Child Study Center,"M328+39V, T.H. Pardo de Tavera St, Diliman, Quezon City",#N/A,U. P. Campus,4,Schools,#N/A,Preschool,Google API,#N/A,#N/A,121.0659108,14.6502281,#N/A,#N/A,#N/A,#N/A,Google API
2114,PAUW-Child Study Center,"Taburaja Hall,Area 14 , University of the Philippines , 1101, Quezon City",#N/A,U. P. Campus,4,Schools,#N/A,Preschool,Google API,#N/A,#N/A,121.0651418,14.6549714,#N/A,#N/A,#N/A,#N/A,Google API
2118,REMs Preschool,"95, Blk 4 Daan Tubo, U.P. Campus, Diliman, Quezon City",#N/A,U. P. Campus,4,Schools,#N/A,Preschool,Google API,#N/A,#N/A,121.0711274,14.6462928,#N/A,#N/A,#N/A,#N/A,Google API
2119,Parish Of The Holy Sacrifice Outreach Pre-school,"Parish Office, Apacible St, U.P. Campus, Diliman, Quezon City",#N/A,U. P. Campus,4,Schools,#N/A,Preschool,Google API,#N/A,#N/A,121.0706555,14.6584449,#N/A,#N/A,#N/A,#N/A,Google API
2124,Raya Beginnings,"96 Green Meadows Ave, Quezon City",#N/A,Ugong Norte,3,Schools,#N/A,Preschool,Google API,#N/A,#N/A,121.0764859,14.6011618,#N/A,#N/A,#N/A,#N/A,Google API
2126,"Center for Childhood Education, Inc.","Don Vicente Madrigal Ave, Corinthian Gardens, Quezon City",#N/A,Ugong Norte,3,Schools,#N/A,Preschool,Google API,#N/A,#N/A,121.0656304,14.5957161,#N/A,#N/A,#N/A,#N/A,Google API
2127,Manila Montessori College,"304 Roosevelt Avenue, Corner Epifanio Delos Santos Avenue, Muñoz, Quezon City",#N/A,Veterans Village,1,Schools,#N/A,Preschool,Google API,#N/A,#N/A,121.0196263,14.6571249,#N/A,#N/A,#N/A,#N/A,Google API
2130,Little Sprouts Educational Center - West Triangle,"61 T Benitez, Quezon City",#N/A,West Triangle,1,Schools,#N/A,Preschool,Google API,#N/A,#N/A,121.0326946,14.6454346,#N/A,#N/A,#N/A,#N/A,Google API
2131,Green Scenery Nursery,"Green Scenery Nursery, Katipunan Ave, White Plains, Quezon City",#N/A,White Plains,3,Schools,#N/A,Preschool,Google API,#N/A,#N/A,121.07053,14.609408,#N/A,#N/A,#N/A,#N/A,Google API
2132,Leap and Learn MNL,"Unit 12, White Plains Community Center, 10 Nathan, Quezon City",#N/A,White Plains,3,Schools,#N/A,Preschool,Google API,#N/A,#N/A,121.0703441,14.6028777,#N/A,#N/A,#N/A,#N/A,Google API
2133,Brite International Pre School,"J35C+XJJ, Fordham, Quezon City",#N/A,White Plains,3,Schools,#N/A,Preschool,Google API,#N/A,#N/A,121.0715257,14.6099741,#N/A,#N/A,#N/A,#N/A,Google API
2134,Childstart International WP Inc.,"22, 1110 Yellowstone, Quezon City",#N/A,White Plains,3,Schools,#N/A,Preschool,Google API,#N/A,#N/A,121.074795,14.6091383,#N/A,#N/A,#N/A,#N/A,Google API
1299,QC Migrants Resource center,Quezon city Hall,"Quezon city Hall, Philippines",Central,4,Trainings,#N/A,QC Migrants Resource Center,"Data_QC Caring Cities Tracker, QC Migrant Workers Training",#N/A,#N/A,14.64667,121.0498,#N/A,#N/A,#N/A,#N/A,Administrative data