{
"type": "FeatureCollection",
"name": "qc_barangays",
"crs": { "type": "name", "properties": { "name": "urn:ogc:def:crs:OGC:1.3:CRS84" } },
"features": [
{ "type": "Feature", "properties": { "barangay_name": "Alicia", "barangay_geom": "POLYGON((121.022158854549 14.6613967047327, 121.022232550237 14.6613966976974, 121.022431510818 14.6613679820903, 121.023684203695 14.6608154480272, 121.023628926717 14.6607221877734, 121.023573645566 14.6605894754698, 121.023525715486 14.6603527319504, 121.023835212516 14.6602737873171, 121.024048914255 14.6602414806211, 121.024207344156 14.6602486405653, 121.024623714382 14.6603992466847, 121.024804238405 14.6602270485037, 121.024900034118 14.6601875862274, 121.025684810447 14.6599686844068, 121.025747436855 14.6598682442509, 121.025835863391 14.6598502934813, 121.026436468331 14.6600475223139, 121.026653944961 14.6607577335588, 121.026768182887 14.6609083793048, 121.027542027766 14.6616149367499, 121.026411019575 14.6628992428551, 121.026226756366 14.6626302307083, 121.026079359868 14.6625154613173, 121.026020399532 14.6624544867457, 121.025950380775 14.6623827578573, 121.025814045129 14.6622966835542, 121.025670343152 14.6622536502056, 121.025548751296 14.6622536635995, 121.025460325015 14.662282369794, 121.025223894618 14.6623977057605, 121.02499610933 14.6626124343633, 121.024833996433 14.6627272377091, 121.024686628726 14.6628635594856, 121.024546625922 14.6629424874051, 121.024509779017 14.6629532558667, 121.024379417959 14.662994321375, 121.02424741255 14.6630259691092, 121.024084654607 14.6630214668952, 121.023994998108 14.6630113081179, 121.023864439451 14.6629435345666, 121.023697881125 14.6627356714986, 121.023554543261 14.6625368442215, 121.023451817985 14.6623786849555, 121.023352001007 14.6622419912312, 121.023223468923 14.6621053003325, 121.022988445428 14.6619222988007, 121.022606910838 14.6617212347873, 121.022133091225 14.6616693193829, 121.022158854549 14.6613967047327))" }, "geometry": { "type": "Polygon", "coordinates": [ [ [ 121.022158854549005, 14.661396704732701 ], [ 121.022232550237007, 14.6613966976974 ], [ 121.022431510817995, 14.661367982090299 ], [ 121.023684203694998, 14.660815448027201 ], [ 121.023628926716995, 14.6607221877734 ], [ 121.023573645566003, 14.6605894754698 ], [ 121.023525715486002, 14.6603527319504 ], [ 121.023835212516005, 14.660273787317101 ], [ 121.024048914255005, 14.660241480621099 ], [ 121.024207344155997, 14.6602486405653 ], [ 121.024623714382003, 14.660399246684699 ], [ 121.024804238404997, 14.6602270485037 ], [ 121.024900034118005, 14.6601875862274 ], [ 121.025684810447004, 14.659968684406801 ], [ 121.025747436854999, 14.6598682442509 ], [ 121.025835863390995, 14.6598502934813 ], [ 121.026436468330999, 14.660047522313899 ], [ 121.026653944960998, 14.6607577335588 ], [ 121.026768182886997, 14.6609083793048 ], [ 121.027542027766003, 14.661614936749899 ], [ 121.026411019574994, 14.662899242855101 ], [ 121.026226756366, 14.662630230708301 ], [ 121.026079359868007, 14.6625154613173 ], [ 121.026020399532001, 14.6624544867457 ], [ 121.025950380775001, 14.6623827578573 ], [ 121.025814045128996, 14.662296683554199 ], [ 121.025670343152001, 14.662253650205599 ], [ 121.025548751296, 14.6622536635995 ], [ 121.025460325015004, 14.662282369793999 ], [ 121.025223894617994, 14.662397705760499 ], [ 121.024996109330004, 14.6626124343633 ], [ 121.024833996433003, 14.662727237709101 ], [ 121.024686628726002, 14.662863559485601 ], [ 121.024546625922, 14.6629424874051 ], [ 121.024509779016995, 14.6629532558667 ], [ 121.024379417958997, 14.662994321375001 ], [ 121.024247412549997, 14.663025969109199 ], [ 121.024084654606995, 14.6630214668952 ], [ 121.023994998107995, 14.6630113081179 ], [ 121.023864439451003, 14.662943534566599 ], [ 121.023697881125003, 14.6627356714986 ], [ 121.023554543261, 14.662536844221499 ], [ 121.023451817985006, 14.662378684955501 ], [ 121.023352001006998, 14.6622419912312 ], [ 121.023223468923007, 14.662105300332501 ], [ 121.022988445427998, 14.6619222988007 ], [ 121.022606910837993, 14.661721234787301 ], [ 121.022133091225001, 14.6616693193829 ], [ 121.022158854549005, 14.661396704732701 ] ] ] } },
{ "type": "Feature", "properties": { "barangay_name": "Amihan", "barangay_geom": "POLYGON((121.067016483966 14.6318739463367, 121.06735989322 14.6317122879424, 121.067902271448 14.6314466308502, 121.068361846312 14.6306081412598, 121.068652696641 14.6300054280347, 121.070863453895 14.6310414301985, 121.070211642221 14.6324299893715, 121.069863387403 14.6332046297861, 121.069652869467 14.6331317538931, 121.069588478805 14.633172445415, 121.069373933109 14.6335453385949, 121.069148828792 14.6336998607537, 121.068871600686 14.6338516595141, 121.068640496029 14.633936759905, 121.068242638357 14.6340301338253, 121.068073170197 14.6340230160626, 121.067686277719 14.6338222529883, 121.067129290832 14.6336578451373, 121.066897907724 14.6338978058255, 121.066820536017 14.6338978280371, 121.066043127854 14.6336613009928, 121.065807278942 14.6334353835499, 121.065961945604 14.6332416403406, 121.066046643945 14.6331268301341, 121.066630883689 14.6324021819979, 121.067016483966 14.6318739463367))" }, "geometry": { "type": "Polygon", "coordinates": [ [ [ 121.067016483966, 14.6318739463367 ], [ 121.067359893220001, 14.631712287942401 ], [ 121.067902271448006, 14.631446630850199 ], [ 121.068361846312001, 14.630608141259801 ], [ 121.068652696640996, 14.6300054280347 ], [ 121.070863453895001, 14.631041430198501 ], [ 121.070211642220997, 14.6324299893715 ], [ 121.069863387403004, 14.6332046297861 ], [ 121.069652869467006, 14.6331317538931 ], [ 121.069588478805002, 14.633172445414999 ], [ 121.069373933109006, 14.633545338594899 ], [ 121.069148828791995, 14.633699860753699 ], [ 121.068871600685995, 14.6338516595141 ], [ 121.068640496029005, 14.633936759905 ], [ 121.068242638357006, 14.6340301338253 ], [ 121.068073170196996, 14.634023016062599 ], [ 121.067686277719005, 14.633822252988301 ], [ 121.067129290832, 14.6336578451373 ], [ 121.066897907723998, 14.6338978058255 ], [ 121.066820536017005, 14.633897828037099 ], [ 121.066043127854002, 14.6336613009928 ], [ 121.065807278942003, 14.6334353835499 ], [ 121.065961945604002, 14.6332416403406 ], [ 121.066046643945, 14.633126830134101 ], [ 121.066630883689001, 14.6324021819979 ], [ 121.067016483966, 14.6318739463367 ] ] ] } },
{ "type": "Feature", "properties": { "barangay_name": "Apolonio Samson", "barangay_geom": "POLYGON((121.008310889542 14.6626591553205, 121.007440732533 14.6629692425171, 121.006724134682 14.6634232835548, 121.00637073583 14.6636235091668, 121.006207285032 14.6637444546186, 121.005624946789 14.6641604736732, 121.005393274192 14.6638240387788, 121.005265757961 14.6630347570768, 121.005177492088 14.6629042736128, 121.005121634333 14.6626737357952, 121.004939208382 14.6624369462026, 121.005044818597 14.6622593419983, 121.005041610858 14.6620505852231, 121.005070412398 14.6617670541661, 121.00485597809 14.6616112661352, 121.00484317303 14.6614959833053, 121.004955181166 14.6613931616175, 121.004880191452 14.6612325080023, 121.004695936138 14.6609071070523, 121.004596715097 14.6607108159373, 121.004590316295 14.6606048785268, 121.004551904256 14.6603805404335, 121.004585398956 14.6598622583607, 121.004545493275 14.6596826054814, 121.004278419823 14.6594130080326, 121.004134581768 14.6592156871491, 121.004016889911 14.6591679490753, 121.003869783455 14.6589197155101, 121.003958040327 14.6586810223721, 121.004052841611 14.6584168682765, 121.004033223048 14.658311843925, 121.003797841616 14.6577485286819, 121.003850140251 14.6574016209353, 121.003826434357 14.6571426116109, 121.003782213784 14.6570170617176, 121.003730632423 14.6569596695321, 121.003682737146 14.6569273855926, 121.003665989254 14.6569241501563, 121.003636587608 14.6569184655456, 121.003602989136 14.6568770527121, 121.003596258303 14.6568687556837, 121.003587336591 14.6568653483934, 121.003524299741 14.6568412985187, 121.003466210948 14.6568059507147, 121.003465347554 14.6568054265079, 121.003387976548 14.6567731429445, 121.003303224902 14.6567336921115, 121.003262700793 14.6566870552058, 121.003222166894 14.656604554434, 121.003225851267 14.6565184648518, 121.003329020122 14.6564538939897, 121.00337691398 14.6564036766651, 121.003402701557 14.6562386736108, 121.003391642744 14.656113123146, 121.003329012755 14.6559660532989, 121.003196365565 14.655833337181, 121.003015823825 14.6556826806427, 121.002982661969 14.6556396408205, 121.002967927916 14.6555750715959, 121.002956869818 14.6554818058102, 121.002971610969 14.6553849515011, 121.003008447499 14.6553096260694, 121.003048977955 14.6551661429735, 121.0031652732 14.6550942510039, 121.003188064349 14.6550801690646, 121.003281094908 14.6550226572453, 121.003369518981 14.6548504768951, 121.003410049561 14.6547356902456, 121.003565499465 14.6544572097009, 121.003594268562 14.6544056730276, 121.003638272649 14.6543898915195, 121.003804281258 14.6543303447233, 121.004036397168 14.6542047901646, 121.00411745055 14.6541079436506, 121.004139551715 14.6539429315094, 121.004139547068 14.6536954274392, 121.004110569996 14.6535347545695, 121.004087942537 14.6533528597165, 121.004054793419 14.6529851833269, 121.003904577482 14.6525348990905, 121.003822664438 14.6522821270368, 121.003701076204 14.652170931114, 121.003660543269 14.652106362323, 121.003649494335 14.6520130965425, 121.003667911102 14.6519090747514, 121.003708441651 14.65183374009, 121.003793180906 14.6517978748501, 121.00386307571 14.651756478402, 121.00394055518 14.651718950186, 121.004040033664 14.6515252492128, 121.004076431305 14.6513657682169, 121.004076867593 14.6513638340184, 121.004088907958 14.6513465616636, 121.004286872833 14.6510625122284, 121.004526350436 14.6506607563525, 121.004566962802 14.6505269348507, 121.004574249815 14.6505029200092, 121.004658809469 14.6503457336786, 121.004695821106 14.6502769335792, 121.004798979507 14.6498859446943, 121.004854240433 14.6497352845224, 121.004806341089 14.6494519084385, 121.00474001633 14.6492617896524, 121.004865276888 14.6488241717824, 121.004913167302 14.6487093846585, 121.004990541738 14.6485981760509, 121.005270550349 14.6487452407212, 121.005329499547 14.6487344838289, 121.005392133889 14.6487093740523, 121.005425292791 14.6486555593801, 121.005650036231 14.6487416436202, 121.005966900309 14.6488815391991, 121.006073743378 14.648903056572, 121.006180586167 14.648913809308, 121.006327959718 14.6489066379932, 121.006526909357 14.6485048810848, 121.006541641318 14.6484797632989, 121.006637432723 14.6483578071116, 121.006809605784 14.6481806428627, 121.006820044808 14.6480269918401, 121.006821633914 14.6477802829676, 121.006891623562 14.6475650523962, 121.006926786042 14.6474767835301, 121.006983726056 14.6473534093337, 121.007142149398 14.6471740579729, 121.00731162235 14.6470771985205, 121.007389774352 14.646952549156, 121.007503202861 14.6468296882083, 121.007562146395 14.646671850843, 121.007466346279 14.6464996747285, 121.007407392001 14.6463382619923, 121.007337381553 14.6461804287461, 121.007193690052 14.6460261859626, 121.006950424058 14.6457937017003, 121.006825162103 14.6456968512067, 121.006670417425 14.6456251188701, 121.006511984964 14.6454708760802, 121.006291239195 14.6451603087876, 121.008203166713 14.6454163579436, 121.008343175439 14.6453876564291, 121.008450807443 14.6454436537256, 121.00855686132 14.6454988466232, 121.010565722722 14.6446312067374, 121.01087423422 14.6444979502024, 121.010895836217 14.6444977322734, 121.010939030927 14.6444973054481, 121.011113712818 14.6444955527845, 121.011299113666 14.6446138007146, 121.011565126128 14.6450102789109, 121.01176299335 14.6452712493191, 121.012000308678 14.6455898365527, 121.012428837622 14.6465026802329, 121.012450497163 14.6466961886177, 121.012471924546 14.6468876724353, 121.012482828654 14.6469850954517, 121.012478795882 14.6474098947354, 121.012389456592 14.6476358564537, 121.012374335652 14.6476645266751, 121.012300113968 14.6478053288989, 121.012266490199 14.6483148635607, 121.012264049598 14.6483314579662, 121.012204138803 14.6487396658588, 121.012230554953 14.6489961255746, 121.012287999153 14.6491373456199, 121.012519221149 14.6493090605468, 121.012898104862 14.6493124292061, 121.013159490173 14.6493429187525, 121.013478331694 14.6495440021482, 121.013708986564 14.6498298241532, 121.01382272813 14.6501427677246, 121.013846774866 14.6503325339301, 121.013876710271 14.6505686932465, 121.013982124448 14.6510164159744, 121.014017160456 14.6511652109871, 121.014128596753 14.6517041113759, 121.014130129032 14.651711920352, 121.014171175562 14.6519210996784, 121.014212175737 14.6521300349631, 121.014247496456 14.6523697187928, 121.014266452465 14.6524983413075, 121.014277465818 14.652545872914, 121.014378759167 14.6529830118198, 121.014490197272 14.6535219119501, 121.014632087924 14.6539478316794, 121.014794020067 14.6541998536697, 121.014833154576 14.6542607691342, 121.015076663406 14.6545280332694, 121.015099448861 14.6547138948213, 121.015124584436 14.6549190167727, 121.015154101167 14.6555180534268, 121.015161506935 14.656020246414, 121.015254176516 14.6562861824413, 121.015375250868 14.6566336236744, 121.015493166351 14.6568093830971, 121.015721618411 14.6570461071829, 121.015769529122 14.6571393698502, 121.015786684592 14.6572568933137, 121.015761049625 14.6573508117173, 121.015703236293 14.6575626546007, 121.015070389548 14.6583576394018, 121.014781123778 14.6591637902215, 121.014968753739 14.660179589196, 121.014972245755 14.6601984970276, 121.014980091608 14.6602130662102, 121.01529295167 14.6607943329905, 121.015256932479 14.6608273702243, 121.014829157342 14.6612198213897, 121.01470960548 14.6614526276283, 121.014511724239 14.6616754062272, 121.013866489604 14.6614968313751, 121.013394767407 14.6613911113063, 121.011919887441 14.6613792249325, 121.011921829125 14.6620905002795, 121.01167410801 14.6619583643541, 121.01147253589 14.6617932542931, 121.01071089429 14.6612740060354, 121.010624428606 14.6613698879409, 121.010199296436 14.6614985124817, 121.010192090927 14.6614727898896, 121.010076796553 14.6615289225536, 121.010084015828 14.6616528549575, 121.010038405893 14.6623075980086, 121.009272170219 14.6620059867217, 121.009281777715 14.6619732406981, 121.009007951376 14.6618282776696, 121.008762277134 14.6622226627868, 121.008310889542 14.6626591553205))" }, "geometry": { "type": "Polygon", "coordinates": [ [ [ 121.008310889542003, 14.662659155320499 ], [ 121.007440732532999, 14.6629692425171 ], [ 121.006724134682003, 14.663423283554801 ], [ 121.006370735830004, 14.663623509166801 ], [ 121.006207285032005, 14.6637444546186 ], [ 121.005624946788998, 14.664160473673199 ], [ 121.005393274192002, 14.663824038778801 ], [ 121.005265757960998, 14.663034757076799 ], [ 121.005177492087995, 14.662904273612799 ], [ 121.005121634332994, 14.662673735795201 ], [ 121.004939208381998, 14.6624369462026 ], [ 121.005044818597, 14.6622593419983 ], [ 121.005041610858001, 14.662050585223099 ], [ 121.005070412397998, 14.6617670541661 ], [ 121.004855978090006, 14.6616112661352 ], [ 121.004843173029997, 14.661495983305301 ], [ 121.004955181165997, 14.6613931616175 ], [ 121.004880191452003, 14.6612325080023 ], [ 121.004695936138006, 14.660907107052299 ], [ 121.004596715096994, 14.6607108159373 ], [ 121.004590316294994, 14.660604878526801 ], [ 121.004551904256004, 14.660380540433501 ], [ 121.004585398955996, 14.6598622583607 ], [ 121.004545493275003, 14.6596826054814 ], [ 121.004278419822995, 14.659413008032599 ], [ 121.004134581768, 14.6592156871491 ], [ 121.004016889911, 14.6591679490753 ], [ 121.003869783455002, 14.6589197155101 ], [ 121.003958040327007, 14.6586810223721 ], [ 121.004052841610999, 14.6584168682765 ], [ 121.004033223047998, 14.658311843925 ], [ 121.003797841616006, 14.6577485286819 ], [ 121.003850140251004, 14.6574016209353 ], [ 121.003826434356995, 14.657142611610899 ], [ 121.003782213784007, 14.6570170617176 ], [ 121.003730632423, 14.6569596695321 ], [ 121.003682737145994, 14.656927385592599 ], [ 121.003665989254003, 14.6569241501563 ], [ 121.003636587608, 14.6569184655456 ], [ 121.003602989135999, 14.656877052712099 ], [ 121.003596258303006, 14.6568687556837 ], [ 121.003587336590996, 14.656865348393399 ], [ 121.003524299741002, 14.6568412985187 ], [ 121.003466210948005, 14.6568059507147 ], [ 121.003465347553998, 14.6568054265079 ], [ 121.003387976547998, 14.6567731429445 ], [ 121.003303224901998, 14.6567336921115 ], [ 121.003262700793002, 14.656687055205801 ], [ 121.003222166894005, 14.656604554434001 ], [ 121.003225851267004, 14.6565184648518 ], [ 121.003329020121996, 14.656453893989701 ], [ 121.003376913980006, 14.6564036766651 ], [ 121.003402701556993, 14.656238673610799 ], [ 121.003391642744006, 14.656113123146 ], [ 121.003329012755003, 14.655966053298901 ], [ 121.003196365565003, 14.655833337181001 ], [ 121.003015823824995, 14.6556826806427 ], [ 121.002982661969, 14.6556396408205 ], [ 121.002967927916004, 14.6555750715959 ], [ 121.002956869817993, 14.655481805810201 ], [ 121.002971610968999, 14.6553849515011 ], [ 121.003008447498999, 14.6553096260694 ], [ 121.003048977955004, 14.655166142973499 ], [ 121.003165273199997, 14.6550942510039 ], [ 121.003188064349004, 14.6550801690646 ], [ 121.003281094908004, 14.655022657245301 ], [ 121.003369518981003, 14.654850476895099 ], [ 121.003410049560998, 14.6547356902456 ], [ 121.003565499464997, 14.654457209700899 ], [ 121.003594268561997, 14.6544056730276 ], [ 121.003638272648999, 14.6543898915195 ], [ 121.003804281257999, 14.6543303447233 ], [ 121.004036397167994, 14.6542047901646 ], [ 121.004117450549998, 14.654107943650599 ], [ 121.004139551714999, 14.6539429315094 ], [ 121.004139547067993, 14.6536954274392 ], [ 121.004110569996001, 14.653534754569501 ], [ 121.004087942536998, 14.653352859716501 ], [ 121.004054793419002, 14.6529851833269 ], [ 121.003904577482004, 14.652534899090501 ], [ 121.003822664438005, 14.6522821270368 ], [ 121.003701076203996, 14.652170931114 ], [ 121.003660543269007, 14.652106362323 ], [ 121.003649494334994, 14.6520130965425 ], [ 121.003667911101999, 14.6519090747514 ], [ 121.003708441651, 14.65183374009 ], [ 121.003793180906001, 14.6517978748501 ], [ 121.003863075710001, 14.651756478402 ], [ 121.003940555179994, 14.651718950186 ], [ 121.004040033663998, 14.651525249212799 ], [ 121.004076431304995, 14.6513657682169 ], [ 121.004076867593, 14.651363834018399 ], [ 121.004088907958007, 14.651346561663599 ], [ 121.004286872833006, 14.6510625122284 ], [ 121.004526350435995, 14.650660756352501 ], [ 121.004566962802002, 14.650526934850699 ], [ 121.004574249814993, 14.650502920009201 ], [ 121.004658809469007, 14.6503457336786 ], [ 121.004695821105997, 14.6502769335792 ], [ 121.004798979507001, 14.649885944694301 ], [ 121.004854240433005, 14.6497352845224 ], [ 121.004806341088994, 14.6494519084385 ], [ 121.004740016330004, 14.6492617896524 ], [ 121.004865276887998, 14.648824171782399 ], [ 121.004913167302007, 14.648709384658501 ], [ 121.004990541737996, 14.6485981760509 ], [ 121.005270550348996, 14.648745240721199 ], [ 121.005329499547003, 14.6487344838289 ], [ 121.005392133889004, 14.6487093740523 ], [ 121.005425292791003, 14.648655559380099 ], [ 121.005650036231003, 14.6487416436202 ], [ 121.005966900309005, 14.648881539199101 ], [ 121.006073743377996, 14.648903056571999 ], [ 121.006180586167005, 14.648913809308 ], [ 121.006327959718007, 14.6489066379932 ], [ 121.006526909357007, 14.648504881084801 ], [ 121.006541641317995, 14.6484797632989 ], [ 121.006637432722997, 14.6483578071116 ], [ 121.006809605783999, 14.6481806428627 ], [ 121.006820044807995, 14.6480269918401 ], [ 121.006821633914001, 14.6477802829676 ], [ 121.006891623561998, 14.6475650523962 ], [ 121.006926786042001, 14.647476783530101 ], [ 121.006983726056006, 14.6473534093337 ], [ 121.007142149398007, 14.647174057972901 ], [ 121.007311622350002, 14.647077198520501 ], [ 121.007389774352006, 14.646952549156 ], [ 121.007503202861002, 14.6468296882083 ], [ 121.007562146395003, 14.646671850842999 ], [ 121.007466346279003, 14.646499674728499 ], [ 121.007407392000999, 14.6463382619923 ], [ 121.007337381553, 14.646180428746099 ], [ 121.007193690052006, 14.646026185962601 ], [ 121.006950424058005, 14.645793701700301 ], [ 121.006825162102999, 14.645696851206701 ], [ 121.006670417424999, 14.6456251188701 ], [ 121.006511984964007, 14.6454708760802 ], [ 121.006291239194994, 14.645160308787601 ], [ 121.008203166713002, 14.645416357943599 ], [ 121.008343175438995, 14.645387656429101 ], [ 121.008450807442998, 14.6454436537256 ], [ 121.008556861320002, 14.6454988466232 ], [ 121.010565722722006, 14.644631206737399 ], [ 121.010874234219997, 14.6444979502024 ], [ 121.010895836217003, 14.6444977322734 ], [ 121.010939030927005, 14.6444973054481 ], [ 121.011113712818002, 14.6444955527845 ], [ 121.011299113665999, 14.6446138007146 ], [ 121.011565126128005, 14.645010278910901 ], [ 121.011762993350004, 14.6452712493191 ], [ 121.012000308677997, 14.6455898365527 ], [ 121.012428837621997, 14.646502680232899 ], [ 121.012450497163002, 14.6466961886177 ], [ 121.012471924546006, 14.6468876724353 ], [ 121.012482828654001, 14.646985095451701 ], [ 121.012478795882004, 14.6474098947354 ], [ 121.012389456592004, 14.6476358564537 ], [ 121.012374335651998, 14.647664526675101 ], [ 121.012300113967996, 14.647805328898899 ], [ 121.012266490198996, 14.648314863560699 ], [ 121.012264049598002, 14.648331457966201 ], [ 121.012204138803, 14.6487396658588 ], [ 121.012230554953007, 14.6489961255746 ], [ 121.012287999153003, 14.6491373456199 ], [ 121.012519221149006, 14.6493090605468 ], [ 121.012898104862003, 14.6493124292061 ], [ 121.013159490172995, 14.649342918752501 ], [ 121.013478331694003, 14.6495440021482 ], [ 121.013708986563998, 14.649829824153199 ], [ 121.013822728129995, 14.650142767724599 ], [ 121.013846774865996, 14.650332533930101 ], [ 121.013876710271006, 14.6505686932465 ], [ 121.013982124448006, 14.6510164159744 ], [ 121.014017160456007, 14.6511652109871 ], [ 121.014128596752997, 14.651704111375899 ], [ 121.014130129031997, 14.651711920352 ], [ 121.014171175561998, 14.6519210996784 ], [ 121.014212175737001, 14.652130034963101 ], [ 121.014247496455994, 14.6523697187928 ], [ 121.014266452464994, 14.652498341307499 ], [ 121.014277465817997, 14.652545872914001 ], [ 121.014378759167002, 14.652983011819799 ], [ 121.014490197271996, 14.653521911950101 ], [ 121.014632087923999, 14.6539478316794 ], [ 121.014794020067001, 14.6541998536697 ], [ 121.014833154575996, 14.654260769134201 ], [ 121.015076663406006, 14.654528033269401 ], [ 121.015099448860994, 14.654713894821301 ], [ 121.015124584435995, 14.6549190167727 ], [ 121.015154101166999, 14.6555180534268 ], [ 121.015161506935002, 14.656020246414 ], [ 121.015254176515995, 14.656286182441301 ], [ 121.015375250868004, 14.6566336236744 ], [ 121.015493166351007, 14.6568093830971 ], [ 121.015721618411007, 14.6570461071829 ], [ 121.015769529121997, 14.657139369850199 ], [ 121.015786684592001, 14.657256893313701 ], [ 121.015761049624999, 14.657350811717301 ], [ 121.015703236293007, 14.657562654600699 ], [ 121.015070389548001, 14.6583576394018 ], [ 121.014781123777993, 14.6591637902215 ], [ 121.014968753738998, 14.660179589196 ], [ 121.014972245755004, 14.660198497027601 ], [ 121.014980091607995, 14.660213066210201 ], [ 121.015292951670006, 14.6607943329905 ], [ 121.015256932479005, 14.6608273702243 ], [ 121.014829157342007, 14.6612198213897 ], [ 121.014709605479993, 14.6614526276283 ], [ 121.014511724239, 14.6616754062272 ], [ 121.013866489603998, 14.6614968313751 ], [ 121.013394767406993, 14.661391111306299 ], [ 121.011919887440996, 14.661379224932499 ], [ 121.011921829125001, 14.662090500279501 ], [ 121.011674108009998, 14.661958364354099 ], [ 121.011472535889993, 14.6617932542931 ], [ 121.01071089429, 14.6612740060354 ], [ 121.010624428605993, 14.6613698879409 ], [ 121.010199296435999, 14.6614985124817 ], [ 121.010192090927006, 14.661472789889601 ], [ 121.010076796552994, 14.6615289225536 ], [ 121.010084015827999, 14.6616528549575 ], [ 121.010038405892999, 14.662307598008599 ], [ 121.009272170219006, 14.662005986721701 ], [ 121.009281777715003, 14.661973240698099 ], [ 121.009007951376006, 14.661828277669599 ], [ 121.008762277133997, 14.6622226627868 ], [ 121.008310889542003, 14.662659155320499 ] ] ] } },
{ "type": "Feature", "properties": { "barangay_name": "Baesa", "barangay_geom": "POLYGON((121.017370507587 14.6674879982632, 121.017596522353 14.6677326018245, 121.017399093975 14.667846073991, 121.017262734864 14.6680535303453, 121.016822345973 14.6681420743367, 121.015975682795 14.6686510876255, 121.016561309158 14.6702095410421, 121.017131889725 14.6745781509202, 121.017289803447 14.6774597520276, 121.016748907349 14.6792397944088, 121.016577799593 14.680586488251, 121.016153943417 14.6805947881226, 121.015356270216 14.6806670488362, 121.002404787376 14.6672470241136, 121.002586770488 14.666824420101, 121.002939861825 14.667287626876, 121.004228523337 14.6663988384462, 121.005249146018 14.6652509581339, 121.005492335923 14.6653657384705, 121.006073267136 14.6646387583332, 121.005949042786 14.6644987317094, 121.005624946789 14.6641604736732, 121.006207285032 14.6637444546186, 121.00637073583 14.6636235091668, 121.006724134682 14.6634232835548, 121.007440732533 14.6629692425171, 121.008310889542 14.6626591553205, 121.008762277134 14.6622226627868, 121.009007951376 14.6618282776696, 121.009281777715 14.6619732406981, 121.009272170219 14.6620059867217, 121.010038405893 14.6623075980086, 121.010084015828 14.6616528549575, 121.010076796553 14.6615289225536, 121.010192090927 14.6614727898896, 121.010199296436 14.6614985124817, 121.010624428606 14.6613698879409, 121.01071089429 14.6612740060354, 121.01147253589 14.6617932542931, 121.01167410801 14.6619583643541, 121.011921829125 14.6620905002795, 121.011919887441 14.6613792249325, 121.013394767407 14.6613911113063, 121.013866489604 14.6614968313751, 121.014511724239 14.6616754062272, 121.01470960548 14.6614526276283, 121.014829157342 14.6612198213897, 121.015256932479 14.6608273702243, 121.01529295167 14.6607943329905, 121.015407637911 14.6609613435618, 121.015575095508 14.6612808261112, 121.015444251972 14.6614681709994, 121.015347402549 14.6616068515412, 121.015139796215 14.6618872412245, 121.01510632114 14.6620632907576, 121.015206803801 14.6623697356659, 121.015214018886 14.6623907943541, 121.015254802251 14.6625098256471, 121.015289511027 14.6627205595781, 121.01532070572 14.6629956732987, 121.015367611642 14.6633086382265, 121.015514971657 14.6635042436171, 121.015655629824 14.6635824784499, 121.015829766219 14.6636607018815, 121.015943632359 14.6637585062057, 121.016064211642 14.6639932216476, 121.016084318924 14.6642214274066, 121.016171405621 14.6645083139613, 121.016245094362 14.664651755119, 121.016265196597 14.6648082422226, 121.016345578339 14.6649386406609, 121.016466143079 14.6650886040686, 121.016606802103 14.6651603126873, 121.016774250237 14.6652907047365, 121.016921612828 14.6654863091996, 121.016921626351 14.6656623564988, 121.016826782577 14.6658166826963, 121.01668466951 14.6659210306543, 121.016538166715 14.6660492036992, 121.016537479736 14.6660498002735, 121.016412649254 14.6662231358964, 121.016318894184 14.6664187485887, 121.016345705581 14.6666534703941, 121.016426088046 14.6667838778215, 121.016439161313 14.6667999559667, 121.016521825629 14.6669015853695, 121.016680617838 14.6670968276144, 121.016946389159 14.6672589819314, 121.017182967517 14.6673706413306, 121.017370507587 14.6674879982632))" }, "geometry": { "type": "Polygon", "coordinates": [ [ [ 121.017370507587003, 14.6674879982632 ], [ 121.017596522353003, 14.6677326018245 ], [ 121.017399093975001, 14.667846073991001 ], [ 121.017262734864005, 14.668053530345301 ], [ 121.016822345972997, 14.6681420743367 ], [ 121.015975682795002, 14.6686510876255 ], [ 121.016561309158007, 14.6702095410421 ], [ 121.017131889724993, 14.674578150920199 ], [ 121.017289803446999, 14.6774597520276 ], [ 121.016748907348997, 14.679239794408799 ], [ 121.016577799592994, 14.680586488251 ], [ 121.016153943416995, 14.680594788122599 ], [ 121.015356270216003, 14.680667048836201 ], [ 121.002404787375994, 14.6672470241136 ], [ 121.002586770487994, 14.666824420100999 ], [ 121.002939861824999, 14.667287626876 ], [ 121.004228523337005, 14.666398838446201 ], [ 121.005249146018002, 14.6652509581339 ], [ 121.005492335922995, 14.6653657384705 ], [ 121.006073267136003, 14.664638758333201 ], [ 121.005949042786, 14.664498731709401 ], [ 121.005624946788998, 14.664160473673199 ], [ 121.006207285032005, 14.6637444546186 ], [ 121.006370735830004, 14.663623509166801 ], [ 121.006724134682003, 14.663423283554801 ], [ 121.007440732532999, 14.6629692425171 ], [ 121.008310889542003, 14.662659155320499 ], [ 121.008762277133997, 14.6622226627868 ], [ 121.009007951376006, 14.661828277669599 ], [ 121.009281777715003, 14.661973240698099 ], [ 121.009272170219006, 14.662005986721701 ], [ 121.010038405892999, 14.662307598008599 ], [ 121.010084015827999, 14.6616528549575 ], [ 121.010076796552994, 14.6615289225536 ], [ 121.010192090927006, 14.661472789889601 ], [ 121.010199296435999, 14.6614985124817 ], [ 121.010624428605993, 14.6613698879409 ], [ 121.01071089429, 14.6612740060354 ], [ 121.011472535889993, 14.6617932542931 ], [ 121.011674108009998, 14.661958364354099 ], [ 121.011921829125001, 14.662090500279501 ], [ 121.011919887440996, 14.661379224932499 ], [ 121.013394767406993, 14.661391111306299 ], [ 121.013866489603998, 14.6614968313751 ], [ 121.014511724239, 14.6616754062272 ], [ 121.014709605479993, 14.6614526276283 ], [ 121.014829157342007, 14.6612198213897 ], [ 121.015256932479005, 14.6608273702243 ], [ 121.015292951670006, 14.6607943329905 ], [ 121.015407637910997, 14.6609613435618 ], [ 121.015575095507998, 14.6612808261112 ], [ 121.015444251971999, 14.661468170999401 ], [ 121.015347402548997, 14.661606851541199 ], [ 121.015139796214996, 14.6618872412245 ], [ 121.015106321139996, 14.662063290757599 ], [ 121.015206803800993, 14.6623697356659 ], [ 121.015214018885999, 14.662390794354099 ], [ 121.015254802250993, 14.662509825647099 ], [ 121.015289511027007, 14.6627205595781 ], [ 121.015320705720001, 14.662995673298701 ], [ 121.015367611642006, 14.6633086382265 ], [ 121.015514971656998, 14.663504243617099 ], [ 121.015655629823996, 14.6635824784499 ], [ 121.015829766218999, 14.663660701881501 ], [ 121.015943632358997, 14.663758506205699 ], [ 121.016064211642004, 14.663993221647599 ], [ 121.016084318924001, 14.6642214274066 ], [ 121.016171405620995, 14.664508313961299 ], [ 121.016245094362006, 14.664651755118999 ], [ 121.016265196597004, 14.6648082422226 ], [ 121.016345578338999, 14.6649386406609 ], [ 121.016466143079001, 14.6650886040686 ], [ 121.016606802102999, 14.6651603126873 ], [ 121.016774250237006, 14.665290704736501 ], [ 121.016921612828, 14.665486309199601 ], [ 121.016921626351007, 14.6656623564988 ], [ 121.016826782576999, 14.665816682696301 ], [ 121.016684669509999, 14.6659210306543 ], [ 121.016538166714994, 14.666049203699201 ], [ 121.016537479736002, 14.6660498002735 ], [ 121.016412649253994, 14.6662231358964 ], [ 121.016318894183996, 14.666418748588701 ], [ 121.016345705581003, 14.666653470394101 ], [ 121.016426088046003, 14.6667838778215 ], [ 121.016439161313002, 14.666799955966701 ], [ 121.016521825628999, 14.6669015853695 ], [ 121.016680617838006, 14.667096827614399 ], [ 121.016946389159003, 14.667258981931401 ], [ 121.017182967517002, 14.667370641330599 ], [ 121.017370507587003, 14.6674879982632 ] ] ] } },
{ "type": "Feature", "properties": { "barangay_name": "Bagbag", "barangay_geom": "POLYGON((121.021780669023 14.7039245549961, 121.021412233078 14.7038528618856, 121.021338455945 14.7029695349395, 121.020163391751 14.7034717049706, 121.019903557899 14.703554779752, 121.019027042083 14.7033132522851, 121.018565558094 14.703592634399, 121.01836388057 14.7035737786246, 121.01817090878 14.7035031961778, 121.017970385494 14.7034037912257, 121.017936712806 14.7032557927434, 121.019389537272 14.6989026353403, 121.021084812396 14.6933291291121, 121.021090476404 14.6933291285974, 121.030349133387 14.6933372942442, 121.033211919624 14.6932884300661, 121.033246595932 14.6938751877098, 121.033248284857 14.6941141856677, 121.03324886943 14.694172934148, 121.033280221147 14.6942644418389, 121.033276327549 14.694428269544, 121.033261528026 14.6946206506115, 121.033333991989 14.6948135072191, 121.033449322908 14.6948611040697, 121.033577796357 14.6949332197061, 121.03533673795 14.6946684363148, 121.035578837717 14.6945770227098, 121.036102670399 14.695154078597, 121.036290445815 14.6952550516291, 121.036389222968 14.6950289897857, 121.036813639701 14.6951018162348, 121.037140449234 14.6947897189253, 121.037844410482 14.6944897977172, 121.038127264511 14.6944652758559, 121.038152246658 14.6935291269706, 121.038742241914 14.6939517748329, 121.040145023649 14.6945016488449, 121.040673083523 14.6947768887707, 121.040811332276 14.6945749502233, 121.041314202514 14.6946054556674, 121.04142109482 14.6947522808861, 121.041917673551 14.6947521917036, 121.042443038291 14.6940867009972, 121.043095413734 14.6945147673478, 121.043146933863 14.6943049531192, 121.046320609751 14.6942527329009, 121.046495169759 14.6959042282163, 121.046278633785 14.6963392728597, 121.0472679866 14.6969215335617, 121.047063540224 14.6972238589648, 121.046730217875 14.6970322253407, 121.046533349126 14.697341932989, 121.046003077212 14.6970766128431, 121.045828944147 14.6975042734151, 121.046224418279 14.6978492477104, 121.044606830546 14.6995069870863, 121.042400682456 14.6973309302488, 121.04212206737 14.69802697949, 121.042194906331 14.6986757760634, 121.041334616756 14.6996196674101, 121.040789283019 14.6997967145276, 121.040062060843 14.6995019236407, 121.03997718651 14.6992719061407, 121.038819860123 14.6996967732743, 121.035838392229 14.6990897299695, 121.035626373827 14.6995321391122, 121.035450646327 14.6995380589664, 121.03489319704 14.6998153642761, 121.034632596708 14.6995676743168, 121.034166038719 14.6998213744951, 121.033507688206 14.6997799940703, 121.033246250412 14.6998783225097, 121.032573861243 14.6994683079359, 121.032627230488 14.6993169099717, 121.032471114809 14.6992649620177, 121.032220822347 14.6994441618863, 121.031699658162 14.6992142015332, 121.030802851636 14.6993912639214, 121.030475588131 14.6991553820533, 121.030414986342 14.6990551198062, 121.030051400902 14.6990374703273, 121.029930190506 14.6989195189279, 121.029839329243 14.6991731526051, 121.029038631043 14.6990338123042, 121.028299134621 14.7001930575665, 121.027821592753 14.7002292050172, 121.027555022961 14.7006716133082, 121.027252835745 14.7006902858552, 121.027076352739 14.7010550535719, 121.026482596272 14.7019103741953, 121.026312928709 14.7019045005782, 121.025955432114 14.7022171462981, 121.024598043636 14.7021701146561, 121.023207718927 14.7023804692238, 121.022311838021 14.7023579073287, 121.022145215943 14.7038263652493, 121.021780669023 14.7039245549961))" }, "geometry": { "type": "Polygon", "coordinates": [ [ [ 121.021780669023002, 14.7039245549961 ], [ 121.021412233077996, 14.703852861885601 ], [ 121.021338455944999, 14.7029695349395 ], [ 121.020163391750998, 14.7034717049706 ], [ 121.019903557898999, 14.703554779752 ], [ 121.019027042082996, 14.703313252285101 ], [ 121.018565558093997, 14.703592634399 ], [ 121.018363880570007, 14.7035737786246 ], [ 121.018170908779993, 14.703503196177801 ], [ 121.017970385493996, 14.7034037912257 ], [ 121.017936712806005, 14.7032557927434 ], [ 121.019389537272005, 14.6989026353403 ], [ 121.021084812395998, 14.693329129112101 ], [ 121.021090476403998, 14.6933291285974 ], [ 121.030349133387006, 14.6933372942442 ], [ 121.033211919623994, 14.693288430066101 ], [ 121.033246595931999, 14.6938751877098 ], [ 121.033248284856995, 14.694114185667701 ], [ 121.033248869429997, 14.694172934148 ], [ 121.033280221146995, 14.6942644418389 ], [ 121.033276327549004, 14.694428269544 ], [ 121.033261528026003, 14.694620650611499 ], [ 121.033333991988997, 14.6948135072191 ], [ 121.033449322907998, 14.6948611040697 ], [ 121.033577796356994, 14.694933219706099 ], [ 121.035336737950004, 14.694668436314799 ], [ 121.035578837716997, 14.694577022709799 ], [ 121.036102670399004, 14.695154078597 ], [ 121.036290445814998, 14.695255051629101 ], [ 121.036389222967998, 14.695028989785699 ], [ 121.036813639700995, 14.6951018162348 ], [ 121.037140449234002, 14.6947897189253 ], [ 121.037844410481995, 14.6944897977172 ], [ 121.038127264511004, 14.694465275855899 ], [ 121.038152246658001, 14.693529126970599 ], [ 121.038742241913994, 14.6939517748329 ], [ 121.040145023649004, 14.6945016488449 ], [ 121.040673083523004, 14.694776888770701 ], [ 121.040811332275993, 14.6945749502233 ], [ 121.041314202514002, 14.6946054556674 ], [ 121.041421094819995, 14.6947522808861 ], [ 121.041917673550998, 14.6947521917036 ], [ 121.042443038290997, 14.6940867009972 ], [ 121.043095413733994, 14.694514767347799 ], [ 121.043146933863, 14.6943049531192 ], [ 121.046320609751007, 14.6942527329009 ], [ 121.046495169758998, 14.6959042282163 ], [ 121.046278633784993, 14.696339272859699 ], [ 121.047267986600005, 14.696921533561699 ], [ 121.047063540224002, 14.697223858964801 ], [ 121.046730217874995, 14.697032225340701 ], [ 121.046533349125994, 14.697341932989 ], [ 121.046003077212006, 14.6970766128431 ], [ 121.045828944147004, 14.697504273415101 ], [ 121.046224418278996, 14.697849247710399 ], [ 121.044606830546002, 14.6995069870863 ], [ 121.042400682456005, 14.6973309302488 ], [ 121.042122067370002, 14.698026979490001 ], [ 121.042194906331005, 14.6986757760634 ], [ 121.041334616756004, 14.699619667410101 ], [ 121.040789283018995, 14.699796714527601 ], [ 121.040062060842999, 14.6995019236407 ], [ 121.039977186510001, 14.6992719061407 ], [ 121.038819860122999, 14.699696773274299 ], [ 121.035838392228996, 14.699089729969501 ], [ 121.035626373827, 14.6995321391122 ], [ 121.035450646327007, 14.6995380589664 ], [ 121.034893197040006, 14.6998153642761 ], [ 121.034632596707993, 14.6995676743168 ], [ 121.034166038718993, 14.6998213744951 ], [ 121.033507688206001, 14.699779994070299 ], [ 121.033246250412006, 14.699878322509701 ], [ 121.032573861242994, 14.6994683079359 ], [ 121.032627230488004, 14.699316909971699 ], [ 121.032471114808999, 14.6992649620177 ], [ 121.032220822347, 14.6994441618863 ], [ 121.031699658161997, 14.6992142015332 ], [ 121.030802851635997, 14.699391263921401 ], [ 121.030475588130997, 14.6991553820533 ], [ 121.030414986341995, 14.6990551198062 ], [ 121.030051400901996, 14.699037470327299 ], [ 121.029930190505993, 14.6989195189279 ], [ 121.029839329243003, 14.6991731526051 ], [ 121.029038631042994, 14.699033812304201 ], [ 121.028299134620994, 14.7001930575665 ], [ 121.027821592753, 14.7002292050172 ], [ 121.027555022960996, 14.7006716133082 ], [ 121.027252835745003, 14.700690285855201 ], [ 121.027076352739002, 14.701055053571899 ], [ 121.026482596272004, 14.7019103741953 ], [ 121.026312928709004, 14.7019045005782 ], [ 121.025955432114003, 14.7022171462981 ], [ 121.024598043636004, 14.7021701146561 ], [ 121.023207718926997, 14.702380469223799 ], [ 121.022311838020997, 14.7023579073287 ], [ 121.022145215942999, 14.7038263652493 ], [ 121.021780669023002, 14.7039245549961 ] ] ] } },
{ "type": "Feature", "properties": { "barangay_name": "Bagong Lipunan ng Crame", "barangay_geom": "POLYGON((121.054142175387 14.612990713342, 121.053123660904 14.6152092989744, 121.052552001551 14.6164519686781, 121.051514986533 14.6164117537272, 121.051123647651 14.6162120301925, 121.049227661631 14.6147267767347, 121.048923448115 14.6145273022028, 121.04868723507 14.6144565907881, 121.048455356218 14.6144254027215, 121.048240238031 14.6144249773326, 121.048055333598 14.6144721321735, 121.047891101793 14.6145277515106, 121.047022705879 14.6149376796035, 121.046737942601 14.6140931438036, 121.046281772171 14.612712742669, 121.046170692865 14.6124748404175, 121.043090350762 14.6096081184139, 121.043235553422 14.6096042502646, 121.043235590549 14.6096042502577, 121.044157926494 14.6089117523377, 121.045608078128 14.6086720214839, 121.045608115253 14.6086720124384, 121.045608143098 14.6086720124329, 121.045608245193 14.6086719943363, 121.045695833534 14.6086575159059, 121.045721849226 14.6086532085746, 121.04585154714 14.6086317623329, 121.045965420427 14.6086582492713, 121.045972994653 14.6086600102482, 121.04600199206 14.6086667471073, 121.046002038471 14.6086667561364, 121.046124572031 14.6086952477927, 121.04612460916 14.6086952568236, 121.046301053859 14.608738199009, 121.046341199238 14.6087479704833, 121.049266084999 14.6094598335124, 121.049350859596 14.6094804590786, 121.049350933854 14.6094804771395, 121.049712801735 14.6095685418388, 121.049712838864 14.6095685508692, 121.049712913122 14.60956856893, 121.049712950251 14.6095685779604, 121.050180747407 14.6096824236894, 121.052186545817 14.6045159500508, 121.052188578467 14.6045159405578, 121.056991794588 14.6066902919069, 121.056992982773 14.606690833915, 121.056995015683 14.6066917553255, 121.055120102886 14.6108628409077, 121.054142175387 14.612990713342))" }, "geometry": { "type": "Polygon", "coordinates": [ [ [ 121.054142175387, 14.612990713342001 ], [ 121.053123660904006, 14.615209298974399 ], [ 121.052552001551007, 14.616451968678099 ], [ 121.051514986532993, 14.616411753727199 ], [ 121.051123647650996, 14.6162120301925 ], [ 121.049227661630994, 14.614726776734701 ], [ 121.048923448115005, 14.6145273022028 ], [ 121.048687235070005, 14.6144565907881 ], [ 121.048455356218, 14.614425402721499 ], [ 121.048240238030999, 14.6144249773326 ], [ 121.048055333598001, 14.6144721321735 ], [ 121.047891101792999, 14.6145277515106 ], [ 121.047022705879002, 14.6149376796035 ], [ 121.046737942600998, 14.614093143803601 ], [ 121.046281772171, 14.612712742669 ], [ 121.046170692865005, 14.6124748404175 ], [ 121.043090350762, 14.609608118413901 ], [ 121.043235553421994, 14.609604250264599 ], [ 121.043235590549003, 14.6096042502577 ], [ 121.044157926493995, 14.608911752337701 ], [ 121.045608078127998, 14.608672021483899 ], [ 121.045608115253003, 14.608672012438401 ], [ 121.045608143097994, 14.608672012432899 ], [ 121.045608245192994, 14.6086719943363 ], [ 121.045695833533998, 14.6086575159059 ], [ 121.045721849225998, 14.6086532085746 ], [ 121.045851547140003, 14.6086317623329 ], [ 121.045965420426995, 14.608658249271301 ], [ 121.045972994652999, 14.608660010248199 ], [ 121.046001992059999, 14.6086667471073 ], [ 121.046002038471002, 14.608666756136399 ], [ 121.046124572031005, 14.608695247792699 ], [ 121.046124609160003, 14.6086952568236 ], [ 121.046301053858997, 14.608738199009 ], [ 121.046341199238, 14.6087479704833 ], [ 121.049266084999005, 14.6094598335124 ], [ 121.049350859596004, 14.6094804590786 ], [ 121.049350933854001, 14.609480477139501 ], [ 121.049712801734998, 14.609568541838801 ], [ 121.049712838863996, 14.6095685508692 ], [ 121.049712913121994, 14.609568568929999 ], [ 121.049712950251006, 14.609568577960401 ], [ 121.050180747406998, 14.609682423689399 ], [ 121.052186545816994, 14.6045159500508 ], [ 121.052188578466996, 14.6045159405578 ], [ 121.056991794588001, 14.606690291906901 ], [ 121.056992982772996, 14.606690833915 ], [ 121.056995015683, 14.6066917553255 ], [ 121.055120102885994, 14.6108628409077 ], [ 121.054142175387, 14.612990713342001 ] ] ] } },
{ "type": "Feature", "properties": { "barangay_name": "Bagong Pag-asa", "barangay_geom": "POLYGON((121.031961664307 14.6639729245008, 121.031042119119 14.6598855296073, 121.034365455613 14.659156885145, 121.033405991926 14.6549310646657, 121.030165805935 14.6556004841226, 121.035197170492 14.6477939537936, 121.037556564562 14.6442302440799, 121.040860414747 14.6462402885487, 121.040867053035 14.6462443274928, 121.040611760002 14.646631129087, 121.040452339136 14.6468899227119, 121.04006270574 14.647838774117, 121.039726219416 14.6487531256751, 121.039513688762 14.6492361853532, 121.038947107106 14.6516168808814, 121.038690860408 14.6537656282357, 121.035243797263 14.6545105138553, 121.036518562626 14.6600798249892, 121.036702951546 14.6610411330732, 121.036775658781 14.6622952080261, 121.036716847376 14.6631453474528, 121.036573270993 14.663930939838, 121.03645544767 14.6644367395709, 121.036396519509 14.6645909867674, 121.036009577927 14.664243101006, 121.035847453774 14.6642036740433, 121.03524831202 14.66462885327, 121.034922735969 14.6649606789752, 121.034760660156 14.6652297362036, 121.034355400816 14.6655849188356, 121.033898523927 14.665660310795, 121.033051049852 14.6656353245506, 121.032766760996 14.6658798859568, 121.032698585446 14.6659262166528, 121.032343591206 14.6655600991872, 121.031961664307 14.6639729245008))" }, "geometry": { "type": "Polygon", "coordinates": [ [ [ 121.031961664307005, 14.663972924500801 ], [ 121.031042119118993, 14.659885529607299 ], [ 121.034365455612999, 14.659156885145 ], [ 121.033405991926003, 14.6549310646657 ], [ 121.030165805934999, 14.6556004841226 ], [ 121.035197170491998, 14.647793953793601 ], [ 121.037556564561996, 14.6442302440799 ], [ 121.040860414747002, 14.6462402885487 ], [ 121.040867053035001, 14.6462443274928 ], [ 121.040611760001994, 14.646631129087 ], [ 121.040452339135996, 14.6468899227119 ], [ 121.040062705739999, 14.647838774117 ], [ 121.039726219415996, 14.6487531256751 ], [ 121.039513688762, 14.6492361853532 ], [ 121.038947107105997, 14.6516168808814 ], [ 121.038690860407996, 14.6537656282357 ], [ 121.035243797263007, 14.6545105138553 ], [ 121.036518562626, 14.6600798249892 ], [ 121.036702951546005, 14.6610411330732 ], [ 121.036775658780996, 14.6622952080261 ], [ 121.036716847375999, 14.663145347452801 ], [ 121.036573270993003, 14.663930939838 ], [ 121.036455447669994, 14.664436739570901 ], [ 121.036396519508997, 14.664590986767401 ], [ 121.036009577927004, 14.664243101006001 ], [ 121.035847453773997, 14.6642036740433 ], [ 121.035248312020002, 14.664628853270001 ], [ 121.034922735969005, 14.6649606789752 ], [ 121.034760660155996, 14.665229736203599 ], [ 121.034355400815997, 14.6655849188356 ], [ 121.033898523926993, 14.665660310794999 ], [ 121.033051049852006, 14.6656353245506 ], [ 121.032766760995997, 14.6658798859568 ], [ 121.032698585445999, 14.665926216652799 ], [ 121.032343591206001, 14.6655600991872 ], [ 121.031961664307005, 14.663972924500801 ] ] ] } },
{ "type": "Feature", "properties": { "barangay_name": "Bagong Silangan", "barangay_geom": "POLYGON((121.115530856141 14.6980203188274, 121.117180460446 14.6988725549475, 121.117235210992 14.6991573939506, 121.122743739419 14.7380870274512, 121.122008482843 14.7364291613885, 121.121971947483 14.7359951486189, 121.122085374584 14.7348191838766, 121.121411217795 14.7347943038727, 121.121089626865 14.7346582125535, 121.119657817498 14.7336596854916, 121.119492987387 14.7332749785614, 121.118838063724 14.7328980434079, 121.118640996347 14.7323678012824, 121.118536130392 14.7321475218762, 121.118539365028 14.7318778656518, 121.118552521814 14.7312201674654, 121.11852864247 14.7308025427113, 121.118437245711 14.7304836134478, 121.118098939971 14.7297142831966, 121.117865568721 14.7293099156567, 121.117669421278 14.728977879724, 121.117381754186 14.7281263110925, 121.117276907387 14.727935640144, 121.117107903985 14.7278239141192, 121.116290071274 14.7275448019064, 121.115252587652 14.7272394950538, 121.114647615592 14.7269537001788, 121.113474835275 14.7263524873159, 121.113130078462 14.7261191721375, 121.112700536211 14.7252906869032, 121.112457032818 14.7248567275142, 121.112341957492 14.7244654562857, 121.11237214438 14.7240412245255, 121.112517175095 14.7235215748931, 121.112929058341 14.7228867027016, 121.112979589908 14.7225874321483, 121.112908452543 14.7222388813584, 121.112685338479 14.7220087959682, 121.112252732002 14.721778821012, 121.111701556616 14.7215841695237, 121.111889288856 14.7138925453367, 121.108011328714 14.7121080365933, 121.106307501995 14.7115781546277, 121.100457587348 14.7046294968362, 121.099976674217 14.7006585895473, 121.098677345266 14.699456881218, 121.097092897051 14.697676350287, 121.096657544723 14.6971584608557, 121.096591505929 14.6971773963354, 121.096113440954 14.6966973305395, 121.095806346415 14.6962739171126, 121.095424470408 14.6958755518469, 121.096332297974 14.694918407747, 121.096331859371 14.6932605342927, 121.101530994836 14.6932255540384, 121.111433947959 14.6932125859993, 121.11144598162 14.6932125711818, 121.11150742838 14.6946713024773, 121.111589547908 14.6957511773652, 121.111901077927 14.6961473173493, 121.112292220816 14.6964867848555, 121.113912109804 14.6973634620775, 121.115530856141 14.6980203188274))" }, "geometry": { "type": "Polygon", "coordinates": [ [ [ 121.115530856141007, 14.6980203188274 ], [ 121.117180460445994, 14.698872554947499 ], [ 121.117235210992007, 14.6991573939506 ], [ 121.122743739418993, 14.738087027451201 ], [ 121.122008482843, 14.7364291613885 ], [ 121.121971947483004, 14.735995148618899 ], [ 121.122085374584003, 14.734819183876599 ], [ 121.121411217795, 14.7347943038727 ], [ 121.121089626865, 14.7346582125535 ], [ 121.119657817497995, 14.733659685491601 ], [ 121.119492987387005, 14.733274978561401 ], [ 121.118838063723999, 14.7328980434079 ], [ 121.118640996346997, 14.7323678012824 ], [ 121.118536130392002, 14.7321475218762 ], [ 121.118539365027999, 14.7318778656518 ], [ 121.118552521813996, 14.7312201674654 ], [ 121.118528642469997, 14.730802542711301 ], [ 121.118437245710993, 14.730483613447801 ], [ 121.118098939971006, 14.7297142831966 ], [ 121.117865568721001, 14.7293099156567 ], [ 121.117669421277995, 14.728977879724001 ], [ 121.117381754185999, 14.728126311092501 ], [ 121.117276907386994, 14.727935640144 ], [ 121.117107903985001, 14.727823914119201 ], [ 121.116290071273994, 14.727544801906401 ], [ 121.115252587651995, 14.7272394950538 ], [ 121.114647615592006, 14.7269537001788 ], [ 121.113474835274999, 14.7263524873159 ], [ 121.113130078462007, 14.7261191721375 ], [ 121.112700536210994, 14.7252906869032 ], [ 121.112457032818, 14.724856727514201 ], [ 121.112341957492006, 14.724465456285699 ], [ 121.112372144380004, 14.7240412245255 ], [ 121.112517175094993, 14.7235215748931 ], [ 121.112929058340995, 14.722886702701601 ], [ 121.112979589907994, 14.7225874321483 ], [ 121.112908452542996, 14.7222388813584 ], [ 121.112685338478997, 14.7220087959682 ], [ 121.112252732002005, 14.721778821012 ], [ 121.111701556615998, 14.7215841695237 ], [ 121.111889288856005, 14.7138925453367 ], [ 121.108011328713999, 14.7121080365933 ], [ 121.106307501995005, 14.7115781546277 ], [ 121.100457587348004, 14.704629496836199 ], [ 121.099976674217004, 14.700658589547301 ], [ 121.098677345265997, 14.699456881218 ], [ 121.097092897050999, 14.697676350287001 ], [ 121.096657544723001, 14.6971584608557 ], [ 121.096591505928998, 14.6971773963354 ], [ 121.096113440953999, 14.6966973305395 ], [ 121.095806346415003, 14.696273917112601 ], [ 121.095424470408005, 14.6958755518469 ], [ 121.096332297974001, 14.694918407747 ], [ 121.096331859371006, 14.693260534292699 ], [ 121.101530994835997, 14.693225554038399 ], [ 121.111433947959, 14.6932125859993 ], [ 121.111445981619994, 14.6932125711818 ], [ 121.111507428379994, 14.6946713024773 ], [ 121.111589547907997, 14.695751177365199 ], [ 121.111901077927001, 14.6961473173493 ], [ 121.112292220816002, 14.6964867848555 ], [ 121.113912109804005, 14.697363462077501 ], [ 121.115530856141007, 14.6980203188274 ] ] ] } },
{ "type": "Feature", "properties": { "barangay_name": "Bagumbayan", "barangay_geom": "POLYGON((121.078420154454 14.6151166249541, 121.078226136941 14.6149946550587, 121.077872324355 14.6147486606954, 121.077452197321 14.6147265483397, 121.077362924443 14.6145963090148, 121.077227409377 14.6144934619726, 121.077135314058 14.6144934924558, 121.077072637606 14.6143464510617, 121.076840542937 14.6142927136428, 121.07671164882 14.6144111306498, 121.07648698855 14.6145439318322, 121.076361751769 14.614583425042, 121.076166570528 14.614770021237, 121.075860871332 14.6149100156415, 121.075746675516 14.6149100527662, 121.07562506321 14.6147737856949, 121.075514540662 14.614766645107, 121.075234616542 14.6148779337528, 121.075035690257 14.6148636540763, 121.074807280892 14.6148386190795, 121.075461712226 14.6115973470246, 121.075676106647 14.6108742136363, 121.075772272209 14.6107030151013, 121.075591514572 14.6099569621141, 121.075580357752 14.6096305384824, 121.075631773705 14.6091821407711, 121.07560958935 14.6089346431373, 121.075266535614 14.6075644843278, 121.075033593309 14.6064671196582, 121.074989719185 14.6059467986619, 121.075807459299 14.6058819647491, 121.075715255696 14.6057449649763, 121.075595162326 14.6057201485855, 121.075439479226 14.6042401767217, 121.07532806206 14.6032527779166, 121.075328613665 14.603182730873, 121.075304513344 14.6031115619978, 121.075330005418 14.6030177813517, 121.0754268617 14.6029488329854, 121.075436170347 14.6028652618041, 121.079341433319 14.6029501197639, 121.079356107079 14.6027683725422, 121.082022150005 14.6028323999157, 121.082562992972 14.6026940767795, 121.082948746137 14.603159530129, 121.083519499811 14.6034296712392, 121.084429460382 14.6034443654225, 121.085231352618 14.6031587075474, 121.086079434808 14.6026777934925, 121.086850246681 14.6018214268666, 121.087266357869 14.6010402808004, 121.087512792268 14.6001841074019, 121.087790146585 14.5995532018315, 121.088176327329 14.5992844016574, 121.088576528732 14.5991023361435, 121.089455169395 14.5990795860474, 121.090124695452 14.5993128511773, 121.090444569777 14.5996630069551, 121.090494871856 14.6005192222037, 121.090394065176 14.6014686808667, 121.089951093289 14.6025663551133, 121.089120159824 14.6037541351606, 121.087993298914 14.6062365798075, 121.086174047384 14.6080095068414, 121.084740020389 14.6089261903578, 121.083552775577 14.6098728110414, 121.082334617649 14.6106842688226, 121.081048817291 14.6115800077955, 121.079842581707 14.6125068041771, 121.07896128834 14.6137272110551, 121.078520737686 14.6146311352055, 121.078420154454 14.6151166249541))" }, "geometry": { "type": "Polygon", "coordinates": [ [ [ 121.078420154453994, 14.6151166249541 ], [ 121.078226136940998, 14.6149946550587 ], [ 121.077872324354999, 14.614748660695399 ], [ 121.077452197320994, 14.6147265483397 ], [ 121.077362924442994, 14.6145963090148 ], [ 121.077227409377002, 14.6144934619726 ], [ 121.077135314057998, 14.6144934924558 ], [ 121.077072637605994, 14.614346451061699 ], [ 121.076840542937006, 14.614292713642801 ], [ 121.076711648819995, 14.614411130649801 ], [ 121.076486988550002, 14.6145439318322 ], [ 121.076361751768999, 14.614583425041999 ], [ 121.076166570528002, 14.614770021237 ], [ 121.075860871331997, 14.614910015641501 ], [ 121.075746675516001, 14.6149100527662 ], [ 121.075625063209998, 14.614773785694901 ], [ 121.075514540661999, 14.614766645107 ], [ 121.075234616542005, 14.614877933752799 ], [ 121.075035690256996, 14.6148636540763 ], [ 121.074807280892003, 14.614838619079499 ], [ 121.075461712226002, 14.611597347024601 ], [ 121.075676106646995, 14.610874213636301 ], [ 121.075772272208994, 14.610703015101301 ], [ 121.075591514571997, 14.609956962114101 ], [ 121.075580357752003, 14.609630538482399 ], [ 121.075631773704998, 14.6091821407711 ], [ 121.075609589349995, 14.6089346431373 ], [ 121.075266535614006, 14.607564484327799 ], [ 121.075033593309001, 14.6064671196582 ], [ 121.074989719184998, 14.6059467986619 ], [ 121.075807459299, 14.6058819647491 ], [ 121.075715255695997, 14.605744964976299 ], [ 121.075595162325996, 14.605720148585499 ], [ 121.075439479226006, 14.604240176721699 ], [ 121.075328062059995, 14.6032527779166 ], [ 121.075328613664993, 14.603182730873 ], [ 121.075304513343994, 14.6031115619978 ], [ 121.075330005417996, 14.603017781351699 ], [ 121.075426861699995, 14.602948832985399 ], [ 121.075436170347004, 14.6028652618041 ], [ 121.079341433319001, 14.6029501197639 ], [ 121.079356107078993, 14.602768372542201 ], [ 121.082022150005002, 14.6028323999157 ], [ 121.082562992972001, 14.6026940767795 ], [ 121.082948746137006, 14.603159530129 ], [ 121.083519499811004, 14.6034296712392 ], [ 121.084429460381998, 14.603444365422501 ], [ 121.085231352617996, 14.603158707547401 ], [ 121.086079434807999, 14.6026777934925 ], [ 121.086850246680996, 14.6018214268666 ], [ 121.087266357868998, 14.601040280800399 ], [ 121.087512792268001, 14.600184107401899 ], [ 121.087790146584993, 14.599553201831499 ], [ 121.088176327328995, 14.5992844016574 ], [ 121.088576528732005, 14.599102336143501 ], [ 121.089455169394995, 14.599079586047401 ], [ 121.090124695452005, 14.5993128511773 ], [ 121.090444569777006, 14.599663006955099 ], [ 121.090494871855995, 14.600519222203699 ], [ 121.090394065176, 14.6014686808667 ], [ 121.089951093289002, 14.6025663551133 ], [ 121.089120159824006, 14.6037541351606 ], [ 121.087993298914, 14.606236579807501 ], [ 121.086174047384006, 14.6080095068414 ], [ 121.084740020389006, 14.608926190357799 ], [ 121.083552775577004, 14.6098728110414 ], [ 121.082334617648996, 14.610684268822601 ], [ 121.081048817291006, 14.611580007795499 ], [ 121.079842581706998, 14.6125068041771 ], [ 121.078961288339997, 14.6137272110551 ], [ 121.078520737686006, 14.614631135205499 ], [ 121.078420154453994, 14.6151166249541 ] ] ] } },
{ "type": "Feature", "properties": { "barangay_name": "Bagumbuhay", "barangay_geom": "POLYGON((121.063286563436 14.6277038202688, 121.062682566223 14.6275254773509, 121.062725762677 14.6274452509137, 121.062939504234 14.6272610381396, 121.063067917033 14.6268677293878, 121.063178409351 14.6267493249813, 121.063255733328 14.6266237621652, 121.063366209969 14.6264838375054, 121.063318249903 14.6262327487862, 121.06309725805 14.6260848880862, 121.063104463986 14.6258346430059, 121.063181754909 14.6255620091595, 121.063141193099 14.6254400574672, 121.063004852581 14.6253073670791, 121.062967919792 14.6249881265679, 121.063131384853 14.6247042800139, 121.063321832223 14.6245462570951, 121.063723308338 14.6243058104645, 121.064021540563 14.6237282090347, 121.064017840932 14.6236779933041, 121.064106218597 14.6235524181038, 121.064095116455 14.6233587215313, 121.064102470996 14.6233049145584, 121.064139302135 14.623301316223, 121.064190879729 14.6232869582535, 121.064275561632 14.6231255110236, 121.064290274893 14.6230645256106, 121.064246067398 14.6230466058304, 121.064260770229 14.6229497474411, 121.064301275826 14.6228779993459, 121.064308627169 14.6228134277595, 121.064481670151 14.6224726092194, 121.064581679644 14.6224170412224, 121.06472474265 14.6222429692174, 121.065063604733 14.6220671071938, 121.065137268212 14.6220025170567, 121.066459935464 14.6225043382755, 121.066791493184 14.6225185872623, 121.067450909454 14.622500465382, 121.067501591456 14.624478083005, 121.067516346664 14.6245569920421, 121.067534921262 14.6250448283606, 121.067498113484 14.6251560371039, 121.06697887482 14.6258269726239, 121.066934682857 14.6258628582925, 121.065943791203 14.6261931468431, 121.066578054677 14.6282411872098, 121.065266481593 14.6280191622143, 121.063286563436 14.6277038202688))" }, "geometry": { "type": "Polygon", "coordinates": [ [ [ 121.063286563435994, 14.627703820268801 ], [ 121.062682566223003, 14.6275254773509 ], [ 121.062725762677005, 14.6274452509137 ], [ 121.062939504233995, 14.627261038139601 ], [ 121.063067917032996, 14.626867729387801 ], [ 121.063178409350996, 14.626749324981301 ], [ 121.063255733328006, 14.626623762165201 ], [ 121.063366209969004, 14.6264838375054 ], [ 121.063318249903006, 14.626232748786199 ], [ 121.063097258050007, 14.626084888086201 ], [ 121.063104463985994, 14.6258346430059 ], [ 121.063181754908996, 14.6255620091595 ], [ 121.063141193099, 14.6254400574672 ], [ 121.063004852581003, 14.625307367079101 ], [ 121.062967919792001, 14.624988126567899 ], [ 121.063131384852994, 14.6247042800139 ], [ 121.063321832222996, 14.624546257095099 ], [ 121.063723308337998, 14.624305810464501 ], [ 121.064021540563004, 14.6237282090347 ], [ 121.064017840931996, 14.623677993304099 ], [ 121.064106218597004, 14.623552418103801 ], [ 121.064095116454993, 14.6233587215313 ], [ 121.064102470996005, 14.6233049145584 ], [ 121.064139302135004, 14.623301316222999 ], [ 121.064190879728997, 14.6232869582535 ], [ 121.064275561632002, 14.6231255110236 ], [ 121.064290274892997, 14.6230645256106 ], [ 121.064246067398003, 14.6230466058304 ], [ 121.064260770228998, 14.622949747441099 ], [ 121.064301275825997, 14.622877999345899 ], [ 121.064308627168998, 14.6228134277595 ], [ 121.064481670150997, 14.6224726092194 ], [ 121.064581679643993, 14.6224170412224 ], [ 121.06472474265, 14.6222429692174 ], [ 121.065063604732998, 14.6220671071938 ], [ 121.065137268211998, 14.6220025170567 ], [ 121.066459935463996, 14.622504338275499 ], [ 121.066791493183999, 14.6225185872623 ], [ 121.067450909453996, 14.622500465382 ], [ 121.067501591455994, 14.624478083005 ], [ 121.067516346663993, 14.6245569920421 ], [ 121.067534921261995, 14.6250448283606 ], [ 121.067498113484007, 14.625156037103901 ], [ 121.066978874819995, 14.6258269726239 ], [ 121.066934682856996, 14.6258628582925 ], [ 121.065943791202997, 14.6261931468431 ], [ 121.066578054676995, 14.628241187209801 ], [ 121.065266481593, 14.628019162214301 ], [ 121.063286563435994, 14.627703820268801 ] ] ] } },
{ "type": "Feature", "properties": { "barangay_name": "Bahay Toro", "barangay_geom": "POLYGON((121.032276263813 14.6746875031245, 121.032266402938 14.6746822713443, 121.031915295956 14.6746447658929, 121.03165889413 14.6745668098668, 121.03159020248 14.6744013649044, 121.031190133959 14.6741963861215, 121.031084336405 14.6740560723348, 121.031080771068 14.6740552864835, 121.030742695529 14.6739811635353, 121.030562513956 14.6740594134178, 121.030244256034 14.6739501102419, 121.03024206501 14.6739508697407, 121.029973859459 14.67404369124, 121.029559681329 14.6741888083233, 121.029326201201 14.6740189186933, 121.029130995563 14.6738768799362, 121.028662370063 14.6744969987667, 121.028154510149 14.674426128636, 121.026847616565 14.6742437286425, 121.026619255083 14.6741579637901, 121.026150546396 14.6741424169918, 121.02597120953 14.6740767560985, 121.025563818592 14.6739276158185, 121.025465065861 14.673657120673, 121.025390795486 14.6735398845313, 121.025312713066 14.6734554486153, 121.025113110565 14.6732396005401, 121.024988934904 14.6731053144624, 121.024911985626 14.673022098451, 121.024901584294 14.6729152221702, 121.024885366442 14.6728506726718, 121.024869360033 14.6726030713142, 121.024869525226 14.6725860161039, 121.024871076815 14.6724313442297, 121.024848434508 14.6723693351641, 121.024832934104 14.672326911238, 121.024794754275 14.6722223426691, 121.02474211631 14.672178856182, 121.024682625868 14.6721296943847, 121.024572082234 14.672093842293, 121.024421013859 14.6721548393487, 121.02427731521 14.6721978945936, 121.02414097075 14.6721656241416, 121.023941986212 14.6720616234164, 121.023783532338 14.6719970703723, 121.023591916823 14.6718643721202, 121.023590132788 14.6718509324109, 121.023572933526 14.6717208465009, 121.023514486162 14.6714375120502, 121.023418667892 14.6712258908945, 121.02339791337 14.6711877334557, 121.023219647648 14.6708600240603, 121.023127514031 14.6707201390703, 121.022843779352 14.6705695083898, 121.022582149855 14.6704081196842, 121.0223131512 14.6702682514857, 121.022274118058 14.6702484072119, 121.022066260193 14.6701427245938, 121.02201798056 14.6701289548653, 121.021852539303 14.6700817636505, 121.021528279255 14.670013645437, 121.021266665929 14.6700029049588, 121.020544455464 14.66994557698, 121.020279157401 14.6699456002834, 121.019962280475 14.669995844294, 121.01980153856 14.6699593525141, 121.019741189561 14.6699456466081, 121.019567168732 14.6698812366076, 121.019479568786 14.6698488146895, 121.019306382738 14.6697735042811, 121.019280744601 14.6697245913446, 121.019260250814 14.6696854935296, 121.01912211527 14.6694219854137, 121.018886269797 14.6691242753535, 121.018870735929 14.6691086494623, 121.018590523165 14.6688268229165, 121.018554618026 14.6687907088945, 121.01824139582 14.6684499641262, 121.017939225988 14.6681486700841, 121.017754973919 14.6679442206762, 121.017596522353 14.6677326018245, 121.017370507587 14.6674879982632, 121.017182967517 14.6673706413306, 121.016946389159 14.6672589819314, 121.016680617838 14.6670968276144, 121.016521825629 14.6669015853695, 121.016439161313 14.6667999559667, 121.016426088046 14.6667838778215, 121.016345705581 14.6666534703941, 121.016318894184 14.6664187485887, 121.016412649254 14.6662231358964, 121.016537479736 14.6660498002735, 121.016538166715 14.6660492036992, 121.01668466951 14.6659210306543, 121.016826782577 14.6658166826963, 121.016921626351 14.6656623564988, 121.016921612828 14.6654863091996, 121.016774250237 14.6652907047365, 121.016606802103 14.6651603126873, 121.016466143079 14.6650886040686, 121.016345578339 14.6649386406609, 121.016265196597 14.6648082422226, 121.016245094362 14.664651755119, 121.016171405621 14.6645083139613, 121.016084318924 14.6642214274066, 121.016064211642 14.6639932216476, 121.015943632359 14.6637585062057, 121.015829766219 14.6636607018815, 121.015655629824 14.6635824784499, 121.015514971657 14.6635042436171, 121.015367611642 14.6633086382265, 121.01532070572 14.6629956732987, 121.015289511027 14.6627205595781, 121.015254802251 14.6625098256471, 121.015214018886 14.6623907943541, 121.015206803801 14.6623697356659, 121.01510632114 14.6620632907576, 121.015139796215 14.6618872412245, 121.015347402549 14.6616068515412, 121.015444251972 14.6614681709994, 121.015575095508 14.6612808261112, 121.015407637911 14.6609613435618, 121.01529295167 14.6607943329905, 121.014980091608 14.6602130662102, 121.014972245755 14.6601984970276, 121.014968753739 14.660179589196, 121.014781123778 14.6591637902215, 121.015070389548 14.6583576394018, 121.015703236293 14.6575626546007, 121.019060840217 14.6576289162698, 121.019011025631 14.6584059132559, 121.018821544936 14.6591829215269, 121.018771706826 14.6596976910909, 121.018771728335 14.6599502112603, 121.0188515589 14.6602610037177, 121.019101009463 14.660717470099, 121.019430251643 14.6609116932582, 121.019863761336 14.6612029147821, 121.020070341457 14.6613486390947, 121.020170154135 14.6614649981417, 121.020454185838 14.6615610049108, 121.020681367776 14.6616084809044, 121.020949719703 14.6616106712542, 121.021367497433 14.6616241906339, 121.02181110409 14.661647874891, 121.022133091225 14.6616693193829, 121.022606910838 14.6617212347873, 121.022988445428 14.6619222988007, 121.023223468923 14.6621053003325, 121.023352001007 14.6622419912312, 121.023451817985 14.6623786849555, 121.023554543261 14.6625368442215, 121.023697881125 14.6627356714986, 121.023864439451 14.6629435345666, 121.023994998108 14.6630113081179, 121.024084654607 14.6630214668952, 121.02424741255 14.6630259691092, 121.024379417959 14.662994321375, 121.024509779017 14.6629532558667, 121.024546625922 14.6629424874051, 121.024686628726 14.6628635594856, 121.024833996433 14.6627272377091, 121.02499610933 14.6626124343633, 121.025223894618 14.6623977057605, 121.025460325015 14.662282369794, 121.025548751296 14.6622536635995, 121.025670343152 14.6622536502056, 121.025814045129 14.6622966835542, 121.025950380775 14.6623827578573, 121.026020399532 14.6624544867457, 121.026079359868 14.6625154613173, 121.026226756366 14.6626302307083, 121.026411019575 14.6628992428551, 121.026598963347 14.6631216169801, 121.026863213637 14.663352188888, 121.026996936966 14.6634766935717, 121.027188549867 14.66355558433, 121.027354349739 14.6635304565804, 121.027505411835 14.6634730457751, 121.027703126233 14.6633441818334, 121.027884893158 14.6632362522575, 121.028028577041 14.6631286253961, 121.028201741191 14.6629779456143, 121.028334372152 14.662906192777, 121.028478065799 14.6628774787276, 121.028761779806 14.6628451591172, 121.029251832594 14.662902490956, 121.02948766378 14.6630387672372, 121.029675599176 14.6631750493959, 121.029928093278 14.6633619825721, 121.030047776615 14.6634547991494, 121.030169377969 14.6635193437238, 121.030261499238 14.6635587928131, 121.030442058603 14.6636556232805, 121.030652090864 14.6637237441948, 121.030873171465 14.6637273031299, 121.031074714433 14.6637018968301, 121.031235457755 14.6638329301191, 121.031439734904 14.6640351337409, 121.031541312486 14.6642373511365, 121.031744450299 14.6645819072893, 121.031902910951 14.6649705309228, 121.03210691036 14.6652303529008, 121.032149582491 14.6653749592107, 121.032343591206 14.6655600991872, 121.032698585446 14.6659262166528, 121.032766751712 14.6658798859581, 121.033051049852 14.6656353245506, 121.033898523927 14.665660310795, 121.034355400816 14.6655849188356, 121.034760660156 14.6652297362036, 121.034922735969 14.6649606789752, 121.03524831202 14.66462885327, 121.035847453774 14.6642036740433, 121.036009577927 14.664243101006, 121.036396519509 14.6645909867674, 121.036709743654 14.6647523608924, 121.036868118279 14.6647958098724, 121.037063955908 14.6647946489461, 121.037335810311 14.6648420563209, 121.037546175748 14.6648849451476, 121.037704619845 14.6649530770411, 121.037822563739 14.6651646888013, 121.03782260685 14.6654157898038, 121.03787789286 14.665519802163, 121.037992170623 14.6657888164262, 121.038124861532 14.6660721713285, 121.038235415541 14.6661725863342, 121.03839016989 14.6661582171038, 121.038578078263 14.6660936166491, 121.038762275488 14.6658855342532, 121.038806464884 14.6657635736102, 121.038806443399 14.6656416113048, 121.038758495035 14.6653474780972, 121.038795308159 14.6651465965725, 121.038843191384 14.6650712636955, 121.038905987699 14.6649073262236, 121.039064202468 14.6647268598106, 121.039182109905 14.6647268399661, 121.039303709509 14.6647626923026, 121.039535882054 14.6649527727861, 121.039561713109 14.6651751638793, 121.039513854281 14.6654370285569, 121.039506521597 14.6656020323179, 121.039709202451 14.6657562447611, 121.03989054519 14.6657883899227, 121.040114515365 14.6657920480264, 121.040261903649 14.6658099544547, 121.04040785354 14.6658312323112, 121.040608260749 14.6658350024933, 121.040847759265 14.6658170286163, 121.041024622626 14.6658241648092, 121.041181911704 14.6658130199327, 121.041371085125 14.6658660861268, 121.041757907971 14.6660177422529, 121.041820547822 14.6660177309909, 121.041978957135 14.6658921519431, 121.042303138849 14.6655513235851, 121.042583137939 14.6653611526179, 121.042912222385 14.6651759523375, 121.043081716014 14.665147224503, 121.043278833374 14.665184479755, 121.043522663081 14.6651486065578, 121.043557031702 14.66514355677, 121.043472346821 14.6654950977453, 121.043339828643 14.666122865912, 121.043269521581 14.6665085868079, 121.043248386892 14.6667718300917, 121.043264408899 14.6670904258006, 121.043277456275 14.6674844644124, 121.043279296183 14.6675400764852, 121.043287037555 14.6676735339937, 121.043329368389 14.6684032209777, 121.04333447816 14.6686095454129, 121.043349479898 14.6692148619478, 121.043408661129 14.6703159277071, 121.04345814937 14.6711779422911, 121.043442123087 14.6719230863215, 121.043592612283 14.6736536943892, 121.043255180116 14.6736588911882, 121.043183985851 14.6736050183529, 121.042967749996 14.6732637287179, 121.042751532438 14.6730610314857, 121.042319196992 14.6730713780966, 121.041719606356 14.6729034653552, 121.041427817039 14.6727095113945, 121.041038329671 14.6725704727107, 121.040739485005 14.6725256142065, 121.040412792007 14.6724556699622, 121.040108676612 14.672271712789, 121.039888835547 14.6722397461676, 121.039917526503 14.6718937206054, 121.0399186004 14.6716206204372, 121.039918902102 14.6715435873169, 121.039881416798 14.6715191091143, 121.039661277861 14.6713754023459, 121.039520882332 14.6712837421816, 121.039349956431 14.6712756548354, 121.039014985589 14.6715808700155, 121.03863689402 14.6719732929879, 121.038210240387 14.6721853377913, 121.038031880424 14.6727342694392, 121.038023193991 14.6727560078684, 121.037307604047 14.6725076350797, 121.035754666728 14.6718522440587, 121.035550319998 14.6722661643401, 121.03528172683 14.6728101908651, 121.035160682862 14.6730217315405, 121.0349948499 14.6732284253564, 121.034605239679 14.6735874651883, 121.034300433996 14.6738384756533, 121.033992813968 14.6740864944635, 121.033736925829 14.6737865610791, 121.032988338842 14.6739608719323, 121.032281284719 14.6744839609058, 121.032276263813 14.6746875031245))" }, "geometry": { "type": "Polygon", "coordinates": [ [ [ 121.032276263813003, 14.674687503124501 ], [ 121.032266402938006, 14.674682271344301 ], [ 121.031915295955997, 14.6746447658929 ], [ 121.031658894130004, 14.6745668098668 ], [ 121.031590202480004, 14.6744013649044 ], [ 121.031190133959001, 14.674196386121499 ], [ 121.031084336405002, 14.6740560723348 ], [ 121.031080771068005, 14.674055286483499 ], [ 121.030742695529, 14.6739811635353 ], [ 121.030562513955999, 14.674059413417799 ], [ 121.030244256033995, 14.673950110241901 ], [ 121.03024206501, 14.6739508697407 ], [ 121.029973859459005, 14.67404369124 ], [ 121.029559681329005, 14.674188808323301 ], [ 121.029326201201002, 14.674018918693299 ], [ 121.029130995562994, 14.6738768799362 ], [ 121.028662370063003, 14.674496998766701 ], [ 121.028154510148994, 14.674426128636 ], [ 121.026847616564993, 14.6742437286425 ], [ 121.026619255083006, 14.674157963790099 ], [ 121.026150546395996, 14.674142416991801 ], [ 121.025971209529999, 14.674076756098501 ], [ 121.025563818592005, 14.673927615818499 ], [ 121.025465065860999, 14.673657120673001 ], [ 121.025390795486004, 14.6735398845313 ], [ 121.025312713066, 14.6734554486153 ], [ 121.025113110565002, 14.6732396005401 ], [ 121.024988934904002, 14.673105314462401 ], [ 121.024911985626005, 14.673022098451 ], [ 121.024901584294, 14.6729152221702 ], [ 121.024885366442007, 14.6728506726718 ], [ 121.024869360032994, 14.672603071314199 ], [ 121.024869525225995, 14.672586016103899 ], [ 121.024871076815003, 14.6724313442297 ], [ 121.024848434508002, 14.672369335164101 ], [ 121.024832934103998, 14.672326911238001 ], [ 121.024794754275007, 14.6722223426691 ], [ 121.024742116309994, 14.672178856182001 ], [ 121.024682625867996, 14.672129694384701 ], [ 121.024572082234002, 14.672093842293 ], [ 121.024421013858998, 14.6721548393487 ], [ 121.02427731521, 14.6721978945936 ], [ 121.024140970749997, 14.6721656241416 ], [ 121.023941986211995, 14.672061623416401 ], [ 121.023783532338001, 14.671997070372299 ], [ 121.023591916822994, 14.671864372120201 ], [ 121.023590132788001, 14.6718509324109 ], [ 121.023572933525998, 14.6717208465009 ], [ 121.023514486162, 14.671437512050201 ], [ 121.023418667892003, 14.671225890894499 ], [ 121.023397913370005, 14.671187733455699 ], [ 121.023219647648006, 14.6708600240603 ], [ 121.023127514031003, 14.670720139070299 ], [ 121.022843779352002, 14.6705695083898 ], [ 121.022582149854998, 14.6704081196842 ], [ 121.022313151199995, 14.6702682514857 ], [ 121.022274118057993, 14.670248407211901 ], [ 121.022066260193, 14.6701427245938 ], [ 121.022017980559994, 14.6701289548653 ], [ 121.021852539302998, 14.670081763650501 ], [ 121.021528279254994, 14.670013645437001 ], [ 121.021266665929005, 14.6700029049588 ], [ 121.020544455464005, 14.66994557698 ], [ 121.020279157401006, 14.6699456002834 ], [ 121.019962280474999, 14.669995844294 ], [ 121.019801538560003, 14.6699593525141 ], [ 121.019741189561003, 14.669945646608101 ], [ 121.019567168731996, 14.669881236607599 ], [ 121.019479568785997, 14.6698488146895 ], [ 121.019306382737994, 14.6697735042811 ], [ 121.019280744601005, 14.6697245913446 ], [ 121.019260250814, 14.669685493529601 ], [ 121.019122115269994, 14.669421985413701 ], [ 121.018886269796994, 14.6691242753535 ], [ 121.018870735928999, 14.6691086494623 ], [ 121.018590523165003, 14.6688268229165 ], [ 121.018554618026002, 14.6687907088945 ], [ 121.018241395819999, 14.6684499641262 ], [ 121.017939225988002, 14.668148670084101 ], [ 121.017754973918997, 14.667944220676199 ], [ 121.017596522353003, 14.6677326018245 ], [ 121.017370507587003, 14.6674879982632 ], [ 121.017182967517002, 14.667370641330599 ], [ 121.016946389159003, 14.667258981931401 ], [ 121.016680617838006, 14.667096827614399 ], [ 121.016521825628999, 14.6669015853695 ], [ 121.016439161313002, 14.666799955966701 ], [ 121.016426088046003, 14.6667838778215 ], [ 121.016345705581003, 14.666653470394101 ], [ 121.016318894183996, 14.666418748588701 ], [ 121.016412649253994, 14.6662231358964 ], [ 121.016537479736002, 14.6660498002735 ], [ 121.016538166714994, 14.666049203699201 ], [ 121.016684669509999, 14.6659210306543 ], [ 121.016826782576999, 14.665816682696301 ], [ 121.016921626351007, 14.6656623564988 ], [ 121.016921612828, 14.665486309199601 ], [ 121.016774250237006, 14.665290704736501 ], [ 121.016606802102999, 14.6651603126873 ], [ 121.016466143079001, 14.6650886040686 ], [ 121.016345578338999, 14.6649386406609 ], [ 121.016265196597004, 14.6648082422226 ], [ 121.016245094362006, 14.664651755118999 ], [ 121.016171405620995, 14.664508313961299 ], [ 121.016084318924001, 14.6642214274066 ], [ 121.016064211642004, 14.663993221647599 ], [ 121.015943632358997, 14.663758506205699 ], [ 121.015829766218999, 14.663660701881501 ], [ 121.015655629823996, 14.6635824784499 ], [ 121.015514971656998, 14.663504243617099 ], [ 121.015367611642006, 14.6633086382265 ], [ 121.015320705720001, 14.662995673298701 ], [ 121.015289511027007, 14.6627205595781 ], [ 121.015254802250993, 14.662509825647099 ], [ 121.015214018885999, 14.662390794354099 ], [ 121.015206803800993, 14.6623697356659 ], [ 121.015106321139996, 14.662063290757599 ], [ 121.015139796214996, 14.6618872412245 ], [ 121.015347402548997, 14.661606851541199 ], [ 121.015444251971999, 14.661468170999401 ], [ 121.015575095507998, 14.6612808261112 ], [ 121.015407637910997, 14.6609613435618 ], [ 121.015292951670006, 14.6607943329905 ], [ 121.014980091607995, 14.660213066210201 ], [ 121.014972245755004, 14.660198497027601 ], [ 121.014968753738998, 14.660179589196 ], [ 121.014781123777993, 14.6591637902215 ], [ 121.015070389548001, 14.6583576394018 ], [ 121.015703236293007, 14.657562654600699 ], [ 121.019060840216994, 14.6576289162698 ], [ 121.019011025631002, 14.658405913255899 ], [ 121.018821544936003, 14.659182921526901 ], [ 121.018771706826001, 14.6596976910909 ], [ 121.018771728334997, 14.6599502112603 ], [ 121.018851558899996, 14.6602610037177 ], [ 121.019101009463, 14.660717470099 ], [ 121.019430251643001, 14.6609116932582 ], [ 121.019863761335998, 14.6612029147821 ], [ 121.020070341457, 14.661348639094699 ], [ 121.020170154135002, 14.6614649981417 ], [ 121.020454185838005, 14.6615610049108 ], [ 121.020681367776007, 14.6616084809044 ], [ 121.020949719702998, 14.6616106712542 ], [ 121.021367497433005, 14.6616241906339 ], [ 121.021811104090006, 14.661647874891001 ], [ 121.022133091225001, 14.6616693193829 ], [ 121.022606910837993, 14.661721234787301 ], [ 121.022988445427998, 14.6619222988007 ], [ 121.023223468923007, 14.662105300332501 ], [ 121.023352001006998, 14.6622419912312 ], [ 121.023451817985006, 14.662378684955501 ], [ 121.023554543261, 14.662536844221499 ], [ 121.023697881125003, 14.6627356714986 ], [ 121.023864439451003, 14.662943534566599 ], [ 121.023994998107995, 14.6630113081179 ], [ 121.024084654606995, 14.6630214668952 ], [ 121.024247412549997, 14.663025969109199 ], [ 121.024379417958997, 14.662994321375001 ], [ 121.024509779016995, 14.6629532558667 ], [ 121.024546625922, 14.6629424874051 ], [ 121.024686628726002, 14.662863559485601 ], [ 121.024833996433003, 14.662727237709101 ], [ 121.024996109330004, 14.6626124343633 ], [ 121.025223894617994, 14.662397705760499 ], [ 121.025460325015004, 14.662282369793999 ], [ 121.025548751296, 14.6622536635995 ], [ 121.025670343152001, 14.662253650205599 ], [ 121.025814045128996, 14.662296683554199 ], [ 121.025950380775001, 14.6623827578573 ], [ 121.026020399532001, 14.6624544867457 ], [ 121.026079359868007, 14.6625154613173 ], [ 121.026226756366, 14.662630230708301 ], [ 121.026411019574994, 14.662899242855101 ], [ 121.026598963346999, 14.663121616980099 ], [ 121.026863213637, 14.663352188888 ], [ 121.026996936966, 14.663476693571701 ], [ 121.027188549867006, 14.66355558433 ], [ 121.027354349738999, 14.6635304565804 ], [ 121.027505411834994, 14.663473045775101 ], [ 121.027703126233007, 14.6633441818334 ], [ 121.027884893158003, 14.6632362522575 ], [ 121.028028577040999, 14.6631286253961 ], [ 121.028201741190998, 14.662977945614299 ], [ 121.028334372152003, 14.662906192776999 ], [ 121.028478065799007, 14.6628774787276 ], [ 121.028761779806004, 14.6628451591172 ], [ 121.029251832593999, 14.662902490956 ], [ 121.029487663780003, 14.6630387672372 ], [ 121.029675599176002, 14.6631750493959 ], [ 121.029928093278002, 14.6633619825721 ], [ 121.030047776615007, 14.663454799149401 ], [ 121.030169377969003, 14.663519343723801 ], [ 121.030261499237994, 14.663558792813101 ], [ 121.030442058603001, 14.6636556232805 ], [ 121.030652090863995, 14.663723744194799 ], [ 121.030873171465004, 14.6637273031299 ], [ 121.031074714433004, 14.6637018968301 ], [ 121.031235457755002, 14.663832930119099 ], [ 121.031439734903998, 14.664035133740899 ], [ 121.031541312485999, 14.664237351136499 ], [ 121.031744450299001, 14.6645819072893 ], [ 121.031902910951004, 14.664970530922799 ], [ 121.03210691036, 14.665230352900799 ], [ 121.032149582491002, 14.6653749592107 ], [ 121.032343591206001, 14.6655600991872 ], [ 121.032698585445999, 14.665926216652799 ], [ 121.032766751712003, 14.6658798859581 ], [ 121.033051049852006, 14.6656353245506 ], [ 121.033898523926993, 14.665660310794999 ], [ 121.034355400815997, 14.6655849188356 ], [ 121.034760660155996, 14.665229736203599 ], [ 121.034922735969005, 14.6649606789752 ], [ 121.035248312020002, 14.664628853270001 ], [ 121.035847453773997, 14.6642036740433 ], [ 121.036009577927004, 14.664243101006001 ], [ 121.036396519508997, 14.664590986767401 ], [ 121.036709743654001, 14.6647523608924 ], [ 121.036868118279003, 14.6647958098724 ], [ 121.037063955907996, 14.664794648946099 ], [ 121.037335810311006, 14.6648420563209 ], [ 121.037546175748005, 14.6648849451476 ], [ 121.037704619845002, 14.664953077041099 ], [ 121.037822563738999, 14.665164688801299 ], [ 121.03782260685, 14.6654157898038 ], [ 121.037877892859996, 14.665519802163001 ], [ 121.037992170622999, 14.6657888164262 ], [ 121.038124861531998, 14.6660721713285 ], [ 121.038235415540996, 14.6661725863342 ], [ 121.038390169889993, 14.666158217103799 ], [ 121.038578078263001, 14.6660936166491 ], [ 121.038762275487997, 14.665885534253199 ], [ 121.038806464884004, 14.665763573610199 ], [ 121.038806443398997, 14.6656416113048 ], [ 121.038758495034998, 14.6653474780972 ], [ 121.038795308158996, 14.6651465965725 ], [ 121.038843191384004, 14.6650712636955 ], [ 121.038905987698996, 14.6649073262236 ], [ 121.039064202467998, 14.6647268598106 ], [ 121.039182109904999, 14.6647268399661 ], [ 121.039303709508999, 14.664762692302601 ], [ 121.039535882053997, 14.6649527727861 ], [ 121.039561713108995, 14.665175163879301 ], [ 121.039513854280997, 14.6654370285569 ], [ 121.039506521597005, 14.665602032317899 ], [ 121.039709202450993, 14.6657562447611 ], [ 121.039890545190005, 14.6657883899227 ], [ 121.040114515365005, 14.6657920480264 ], [ 121.040261903648997, 14.6658099544547 ], [ 121.040407853540003, 14.6658312323112 ], [ 121.040608260748996, 14.665835002493299 ], [ 121.040847759265006, 14.665817028616299 ], [ 121.041024622625997, 14.6658241648092 ], [ 121.041181911704001, 14.665813019932701 ], [ 121.041371085124993, 14.665866086126799 ], [ 121.041757907971004, 14.666017742252899 ], [ 121.041820547821999, 14.6660177309909 ], [ 121.041978957135001, 14.665892151943099 ], [ 121.042303138848993, 14.665551323585101 ], [ 121.042583137939005, 14.6653611526179 ], [ 121.042912222384999, 14.665175952337499 ], [ 121.043081716014001, 14.665147224503 ], [ 121.043278833374004, 14.665184479755 ], [ 121.043522663081006, 14.6651486065578 ], [ 121.043557031701994, 14.665143556769999 ], [ 121.043472346821005, 14.6654950977453 ], [ 121.043339828642999, 14.666122865912 ], [ 121.043269521580996, 14.6665085868079 ], [ 121.043248386892003, 14.666771830091699 ], [ 121.043264408899006, 14.6670904258006 ], [ 121.043277456275007, 14.6674844644124 ], [ 121.043279296183002, 14.667540076485199 ], [ 121.043287037555004, 14.6676735339937 ], [ 121.043329368388996, 14.6684032209777 ], [ 121.043334478160006, 14.668609545412901 ], [ 121.043349479897998, 14.6692148619478 ], [ 121.043408661129007, 14.670315927707099 ], [ 121.043458149369997, 14.6711779422911 ], [ 121.043442123087004, 14.671923086321501 ], [ 121.043592612283007, 14.6736536943892 ], [ 121.043255180116006, 14.6736588911882 ], [ 121.043183985851002, 14.6736050183529 ], [ 121.042967749995995, 14.673263728717901 ], [ 121.042751532438004, 14.6730610314857 ], [ 121.042319196991997, 14.6730713780966 ], [ 121.041719606355997, 14.6729034653552 ], [ 121.041427817038993, 14.672709511394499 ], [ 121.041038329670997, 14.672570472710699 ], [ 121.040739485005005, 14.672525614206499 ], [ 121.040412792007004, 14.672455669962201 ], [ 121.040108676611993, 14.672271712789 ], [ 121.039888835547004, 14.6722397461676 ], [ 121.039917526503004, 14.6718937206054 ], [ 121.0399186004, 14.671620620437199 ], [ 121.039918902102002, 14.671543587316901 ], [ 121.039881416797996, 14.6715191091143 ], [ 121.039661277861001, 14.6713754023459 ], [ 121.039520882331999, 14.6712837421816 ], [ 121.039349956430996, 14.6712756548354 ], [ 121.039014985589006, 14.6715808700155 ], [ 121.038636894020001, 14.6719732929879 ], [ 121.038210240387002, 14.6721853377913 ], [ 121.038031880424001, 14.6727342694392 ], [ 121.038023193990995, 14.672756007868401 ], [ 121.037307604047001, 14.6725076350797 ], [ 121.035754666727996, 14.6718522440587 ], [ 121.035550319997995, 14.672266164340099 ], [ 121.035281726829993, 14.6728101908651 ], [ 121.035160682861999, 14.6730217315405 ], [ 121.034994849900002, 14.673228425356401 ], [ 121.034605239678996, 14.6735874651883 ], [ 121.034300433995995, 14.6738384756533 ], [ 121.033992813967998, 14.6740864944635 ], [ 121.033736925829004, 14.673786561079099 ], [ 121.032988338842003, 14.6739608719323 ], [ 121.032281284719005, 14.6744839609058 ], [ 121.032276263813003, 14.674687503124501 ] ] ] } },
{ "type": "Feature", "properties": { "barangay_name": "Balingasa", "barangay_geom": "POLYGON((121.004798979507 14.6498859446943, 121.004695821106 14.6502769335792, 121.004658809469 14.6503457336786, 121.004574249815 14.6505029200092, 121.004566962802 14.6505269348507, 121.004526350436 14.6506607563525, 121.004286872833 14.6510625122284, 121.004088907958 14.6513465616636, 121.004076867593 14.6513638340184, 121.004076431305 14.6513657682169, 121.004040033664 14.6515252492128, 121.00394055518 14.651718950186, 121.00386307571 14.651756478402, 121.003793180906 14.6517978748501, 121.003708441651 14.65183374009, 121.003667911102 14.6519090747514, 121.003649494335 14.6520130965425, 121.003660552552 14.6521063623229, 121.003701076204 14.652170931114, 121.003822664438 14.6522821270368, 121.003904577482 14.6525348990905, 121.004054793419 14.6529851833269, 121.004087942537 14.6533528597165, 121.004110569996 14.6535347545695, 121.004139547068 14.6536954274392, 121.004139551715 14.6539429315094, 121.00411745055 14.6541079436506, 121.004036397168 14.6542047901646, 121.003804281258 14.6543303447233, 121.003638272649 14.6543898915195, 121.003594268562 14.6544056730276, 121.003565499465 14.6544572097009, 121.003410049561 14.6547356902456, 121.003369518981 14.6548504768951, 121.003281094908 14.6550226572453, 121.003188064349 14.6550801690646, 121.0031652732 14.6550942510039, 121.003048977955 14.6551661429735, 121.003008447499 14.6553096260694, 121.002971610969 14.6553849605394, 121.002956869818 14.6554818058102, 121.002967927916 14.6555750715959, 121.002982661969 14.6556396408205, 121.003015823825 14.6556826806427, 121.003196365565 14.655833337181, 121.003329003471 14.655966053299, 121.003391642744 14.656113123146, 121.003402701557 14.6562386736108, 121.00337691398 14.6564036766651, 121.003329010838 14.6564538939898, 121.003225851267 14.6565184648518, 121.003222166894 14.656604554434, 121.003262700793 14.6566870552058, 121.003303234186 14.6567336921113, 121.003387976548 14.6567731429445, 121.003465347554 14.6568054265079, 121.003466210948 14.656805959753, 121.003524299741 14.6568412985187, 121.003587336591 14.6568653483934, 121.003596258303 14.6568687556837, 121.003602979853 14.6568770527122, 121.003636587608 14.6569184655456, 121.003665989254 14.6569241501563, 121.003682737146 14.6569273855926, 121.003730632423 14.6569596695321, 121.003782213784 14.6570170617176, 121.003826434357 14.6571426116109, 121.003850140251 14.6574016299736, 121.003808660466 14.6574005551024, 120.999087366597 14.6573095781521, 120.998899856283 14.6567759488047, 120.997314976781 14.6545233364913, 120.996268201539 14.6523524914727, 120.995642307734 14.650849099151, 120.995593200345 14.6507412354471, 120.99559696017 14.650740141887, 120.99862838785 14.6498375811324, 121.000688565356 14.6497692909427, 121.000771446687 14.6494652159514, 121.001663350387 14.6494826190057, 121.001836604613 14.6492352129588, 121.001977524182 14.6489630602527, 121.002143855133 14.6490125433454, 121.002109204022 14.649408393065, 121.002275535059 14.6494308787298, 121.002358692798 14.6491474917772, 121.002702901761 14.6490822587903, 121.002497297838 14.6486751680572, 121.002386402287 14.6481556219284, 121.002598934819 14.6481061350826, 121.002762952355 14.6480476555373, 121.002848428416 14.6476585566516, 121.002818386744 14.6475955782971, 121.002862286769 14.6475303485095, 121.003077120826 14.6474786197031, 121.003315060231 14.6473774057979, 121.003395915746 14.6472334610146, 121.003208790318 14.6471210094124, 121.003174142866 14.6469725652044, 121.00316720504 14.6467498982706, 121.003444418377 14.6464664991054, 121.003516027976 14.646363036857, 121.003220335202 14.646241593783, 121.003702186185 14.6452934530409, 121.003891899297 14.6453469204082, 121.00539465339 14.6450649593681, 121.006291239195 14.6451603087876, 121.006511984964 14.6454708760802, 121.006670417425 14.6456251188701, 121.006825162103 14.645696860245, 121.006950424058 14.6457937017003, 121.007193690052 14.6460261950009, 121.007337381553 14.6461804287461, 121.007407392001 14.6463382619923, 121.007466346279 14.6464996747285, 121.007562146395 14.646671850843, 121.007503202861 14.6468296882083, 121.007389774352 14.646952549156, 121.00731162235 14.6470771985205, 121.007142149398 14.6471740579729, 121.006983726056 14.647353418372, 121.006926786042 14.6474767835301, 121.006891632845 14.647565052396, 121.006821633914 14.6477802829676, 121.006820044808 14.6480269918401, 121.006809605784 14.6481806428627, 121.006637432723 14.6483578071116, 121.006541641318 14.6484797632989, 121.006526909357 14.6485048810848, 121.006327959718 14.6489066379932, 121.006180586167 14.6489138183463, 121.006073743378 14.648903056572, 121.005966900309 14.6488815391991, 121.005650036231 14.6487416526585, 121.005425292791 14.6486555684184, 121.005392133889 14.6487093740523, 121.005329499547 14.6487344838289, 121.005270550349 14.6487452407212, 121.004990541739 14.6485981850892, 121.004913167302 14.6487093846585, 121.004865276888 14.6488241717824, 121.00474001633 14.6492617986907, 121.004806341089 14.6494519084385, 121.004854240433 14.6497352845224, 121.004798979507 14.6498859446943))" }, "geometry": { "type": "Polygon", "coordinates": [ [ [ 121.004798979507001, 14.649885944694301 ], [ 121.004695821105997, 14.6502769335792 ], [ 121.004658809469007, 14.6503457336786 ], [ 121.004574249814993, 14.650502920009201 ], [ 121.004566962802002, 14.650526934850699 ], [ 121.004526350435995, 14.650660756352501 ], [ 121.004286872833006, 14.6510625122284 ], [ 121.004088907958007, 14.651346561663599 ], [ 121.004076867593, 14.651363834018399 ], [ 121.004076431304995, 14.6513657682169 ], [ 121.004040033663998, 14.651525249212799 ], [ 121.003940555179994, 14.651718950186 ], [ 121.003863075710001, 14.651756478402 ], [ 121.003793180906001, 14.6517978748501 ], [ 121.003708441651, 14.65183374009 ], [ 121.003667911101999, 14.6519090747514 ], [ 121.003649494334994, 14.6520130965425 ], [ 121.003660552552006, 14.6521063623229 ], [ 121.003701076203996, 14.652170931114 ], [ 121.003822664438005, 14.6522821270368 ], [ 121.003904577482004, 14.652534899090501 ], [ 121.004054793419002, 14.6529851833269 ], [ 121.004087942536998, 14.653352859716501 ], [ 121.004110569996001, 14.653534754569501 ], [ 121.004139547067993, 14.6536954274392 ], [ 121.004139551714999, 14.6539429315094 ], [ 121.004117450549998, 14.654107943650599 ], [ 121.004036397167994, 14.6542047901646 ], [ 121.003804281257999, 14.6543303447233 ], [ 121.003638272648999, 14.6543898915195 ], [ 121.003594268561997, 14.6544056730276 ], [ 121.003565499464997, 14.654457209700899 ], [ 121.003410049560998, 14.6547356902456 ], [ 121.003369518981003, 14.654850476895099 ], [ 121.003281094908004, 14.655022657245301 ], [ 121.003188064349004, 14.6550801690646 ], [ 121.003165273199997, 14.6550942510039 ], [ 121.003048977955004, 14.655166142973499 ], [ 121.003008447498999, 14.6553096260694 ], [ 121.002971610968999, 14.655384960539401 ], [ 121.002956869817993, 14.655481805810201 ], [ 121.002967927916004, 14.6555750715959 ], [ 121.002982661969, 14.6556396408205 ], [ 121.003015823824995, 14.6556826806427 ], [ 121.003196365565003, 14.655833337181001 ], [ 121.003329003470995, 14.655966053299 ], [ 121.003391642744006, 14.656113123146 ], [ 121.003402701556993, 14.656238673610799 ], [ 121.003376913980006, 14.6564036766651 ], [ 121.003329010838002, 14.6564538939898 ], [ 121.003225851267004, 14.6565184648518 ], [ 121.003222166894005, 14.656604554434001 ], [ 121.003262700793002, 14.656687055205801 ], [ 121.003303234186006, 14.656733692111301 ], [ 121.003387976547998, 14.6567731429445 ], [ 121.003465347553998, 14.6568054265079 ], [ 121.003466210948005, 14.656805959752999 ], [ 121.003524299741002, 14.6568412985187 ], [ 121.003587336590996, 14.656865348393399 ], [ 121.003596258303006, 14.6568687556837 ], [ 121.003602979853, 14.656877052712201 ], [ 121.003636587608, 14.6569184655456 ], [ 121.003665989254003, 14.6569241501563 ], [ 121.003682737145994, 14.656927385592599 ], [ 121.003730632423, 14.6569596695321 ], [ 121.003782213784007, 14.6570170617176 ], [ 121.003826434356995, 14.657142611610899 ], [ 121.003850140251004, 14.657401629973601 ], [ 121.003808660466007, 14.6574005551024 ], [ 120.999087366596996, 14.6573095781521 ], [ 120.998899856283003, 14.6567759488047 ], [ 120.997314976780999, 14.6545233364913 ], [ 120.996268201538996, 14.652352491472699 ], [ 120.995642307734002, 14.650849099150999 ], [ 120.995593200344999, 14.6507412354471 ], [ 120.995596960170005, 14.650740141887001 ], [ 120.998628387850005, 14.649837581132401 ], [ 121.000688565356, 14.6497692909427 ], [ 121.000771446686997, 14.6494652159514 ], [ 121.001663350387005, 14.649482619005701 ], [ 121.001836604613004, 14.6492352129588 ], [ 121.001977524181996, 14.648963060252701 ], [ 121.002143855132999, 14.6490125433454 ], [ 121.002109204022005, 14.649408393065 ], [ 121.002275535058999, 14.649430878729801 ], [ 121.002358692797998, 14.6491474917772 ], [ 121.002702901760998, 14.649082258790299 ], [ 121.002497297838005, 14.648675168057199 ], [ 121.002386402287001, 14.648155621928399 ], [ 121.002598934819005, 14.6481061350826 ], [ 121.002762952354999, 14.648047655537299 ], [ 121.002848428416002, 14.647658556651599 ], [ 121.002818386743996, 14.6475955782971 ], [ 121.002862286769002, 14.6475303485095 ], [ 121.003077120826006, 14.647478619703101 ], [ 121.003315060231003, 14.647377405797901 ], [ 121.003395915745998, 14.647233461014601 ], [ 121.003208790317998, 14.6471210094124 ], [ 121.003174142866001, 14.6469725652044 ], [ 121.00316720504, 14.646749898270601 ], [ 121.003444418377001, 14.646466499105401 ], [ 121.003516027976005, 14.646363036857 ], [ 121.003220335202002, 14.646241593783 ], [ 121.003702186184995, 14.6452934530409 ], [ 121.003891899297003, 14.645346920408199 ], [ 121.005394653389999, 14.645064959368099 ], [ 121.006291239194994, 14.645160308787601 ], [ 121.006511984964007, 14.6454708760802 ], [ 121.006670417424999, 14.6456251188701 ], [ 121.006825162102999, 14.645696860245 ], [ 121.006950424058005, 14.645793701700301 ], [ 121.007193690052006, 14.6460261950009 ], [ 121.007337381553, 14.646180428746099 ], [ 121.007407392000999, 14.6463382619923 ], [ 121.007466346279003, 14.646499674728499 ], [ 121.007562146395003, 14.646671850842999 ], [ 121.007503202861002, 14.6468296882083 ], [ 121.007389774352006, 14.646952549156 ], [ 121.007311622350002, 14.647077198520501 ], [ 121.007142149398007, 14.647174057972901 ], [ 121.006983726056006, 14.647353418371999 ], [ 121.006926786042001, 14.647476783530101 ], [ 121.006891632844997, 14.647565052396001 ], [ 121.006821633914001, 14.6477802829676 ], [ 121.006820044807995, 14.6480269918401 ], [ 121.006809605783999, 14.6481806428627 ], [ 121.006637432722997, 14.6483578071116 ], [ 121.006541641317995, 14.6484797632989 ], [ 121.006526909357007, 14.648504881084801 ], [ 121.006327959718007, 14.6489066379932 ], [ 121.006180586167005, 14.648913818346299 ], [ 121.006073743377996, 14.648903056571999 ], [ 121.005966900309005, 14.648881539199101 ], [ 121.005650036231003, 14.648741652658501 ], [ 121.005425292791003, 14.6486555684184 ], [ 121.005392133889004, 14.6487093740523 ], [ 121.005329499547003, 14.6487344838289 ], [ 121.005270550348996, 14.648745240721199 ], [ 121.004990541739005, 14.648598185089201 ], [ 121.004913167302007, 14.648709384658501 ], [ 121.004865276887998, 14.648824171782399 ], [ 121.004740016330004, 14.6492617986907 ], [ 121.004806341088994, 14.6494519084385 ], [ 121.004854240433005, 14.6497352845224 ], [ 121.004798979507001, 14.649885944694301 ] ] ] } },
{ "type": "Feature", "properties": { "barangay_name": "Balong-bato", "barangay_geom": "POLYGON((121.002586770488 14.666824420101, 121.002404787376 14.6672470241136, 120.99937751996 14.6641098904529, 120.999377659406 14.664044037653, 121.000780405534 14.6626781292661, 121.000879627877 14.6615042840209, 121.000992770804 14.6614681304966, 121.001107081538 14.6610478505478, 121.001194405821 14.6610376820647, 121.001402417456 14.6605100720238, 121.001647278999 14.6604230770888, 121.001944657321 14.6601248119439, 121.002261463992 14.6596378723672, 121.002514688012 14.6594677153205, 121.002728391357 14.6593744470158, 121.002983882146 14.6593652881115, 121.003513469651 14.6594225652605, 121.003676918989 14.6593175380499, 121.003869783455 14.6589197155101, 121.004016889911 14.6591679490753, 121.004134581768 14.6592156871491, 121.004278419823 14.6594130080326, 121.004545493275 14.6596826054814, 121.004585398956 14.6598622583607, 121.004551904256 14.6603805404335, 121.004590316295 14.6606048785268, 121.004596715097 14.6607108159373, 121.004695936138 14.6609071070523, 121.004880191452 14.6612325080023, 121.004955181166 14.6613931616175, 121.00484317303 14.6614959833053, 121.00485597809 14.6616112661352, 121.005070412398 14.6617670541661, 121.005041610858 14.6620505852231, 121.005044818597 14.6622593419983, 121.004939208382 14.6624369462026, 121.005121634333 14.6626737357952, 121.005177492088 14.6629042736128, 121.005265757961 14.6630347570768, 121.005393274192 14.6638240387788, 121.005624946789 14.6641604736732, 121.005949042786 14.6644987317094, 121.006073267136 14.6646387583332, 121.005492335923 14.6653657384705, 121.005249146018 14.6652509581339, 121.004228523337 14.6663988384462, 121.002939861825 14.667287626876, 121.002586770488 14.666824420101))" }, "geometry": { "type": "Polygon", "coordinates": [ [ [ 121.002586770487994, 14.666824420100999 ], [ 121.002404787375994, 14.6672470241136 ], [ 120.999377519960007, 14.664109890452901 ], [ 120.999377659405994, 14.664044037652999 ], [ 121.000780405534002, 14.6626781292661 ], [ 121.000879627876998, 14.6615042840209 ], [ 121.000992770804004, 14.661468130496599 ], [ 121.001107081537995, 14.661047850547799 ], [ 121.001194405820996, 14.6610376820647 ], [ 121.001402417456006, 14.660510072023801 ], [ 121.001647278999002, 14.660423077088801 ], [ 121.001944657321005, 14.6601248119439 ], [ 121.002261463991999, 14.659637872367201 ], [ 121.002514688011999, 14.659467715320501 ], [ 121.002728391356996, 14.6593744470158 ], [ 121.002983882145998, 14.6593652881115 ], [ 121.003513469650997, 14.659422565260501 ], [ 121.003676918989001, 14.659317538049899 ], [ 121.003869783455002, 14.6589197155101 ], [ 121.004016889911, 14.6591679490753 ], [ 121.004134581768, 14.6592156871491 ], [ 121.004278419822995, 14.659413008032599 ], [ 121.004545493275003, 14.6596826054814 ], [ 121.004585398955996, 14.6598622583607 ], [ 121.004551904256004, 14.660380540433501 ], [ 121.004590316294994, 14.660604878526801 ], [ 121.004596715096994, 14.6607108159373 ], [ 121.004695936138006, 14.660907107052299 ], [ 121.004880191452003, 14.6612325080023 ], [ 121.004955181165997, 14.6613931616175 ], [ 121.004843173029997, 14.661495983305301 ], [ 121.004855978090006, 14.6616112661352 ], [ 121.005070412397998, 14.6617670541661 ], [ 121.005041610858001, 14.662050585223099 ], [ 121.005044818597, 14.6622593419983 ], [ 121.004939208381998, 14.6624369462026 ], [ 121.005121634332994, 14.662673735795201 ], [ 121.005177492087995, 14.662904273612799 ], [ 121.005265757960998, 14.663034757076799 ], [ 121.005393274192002, 14.663824038778801 ], [ 121.005624946788998, 14.664160473673199 ], [ 121.005949042786, 14.664498731709401 ], [ 121.006073267136003, 14.664638758333201 ], [ 121.005492335922995, 14.6653657384705 ], [ 121.005249146018002, 14.6652509581339 ], [ 121.004228523337005, 14.666398838446201 ], [ 121.002939861824999, 14.667287626876 ], [ 121.002586770487994, 14.666824420100999 ] ] ] } },
{ "type": "Feature", "properties": { "barangay_name": "Batasan Hills", "barangay_geom": "POLYGON((121.101208097832 14.6709951342681, 121.102764227921 14.6719242608965, 121.104418198565 14.6735537969831, 121.105390603265 14.6744888161645, 121.106467345234 14.6759980913587, 121.108371278715 14.6776296166832, 121.108963161361 14.6781544344062, 121.109714798627 14.6796487793696, 121.109957540556 14.680009064322, 121.111304200062 14.6829643329452, 121.111328553289 14.6830177643569, 121.112043080825 14.6839408300183, 121.112047732453 14.6839589042428, 121.112247715763 14.6846626872586, 121.112075187147 14.6856344440044, 121.112074856045 14.6856406353541, 121.112035638121 14.6863729319289, 121.11165048761 14.6879796180899, 121.111229068453 14.6899071689538, 121.111225566777 14.6899231682996, 121.111381329365 14.6919678845543, 121.111407841659 14.6924687614106, 121.111447272905 14.6932138268752, 121.111435229958 14.6932138416973, 121.101532276775 14.6932268007532, 121.096333141281 14.6932617810365, 121.096333579894 14.6949196544905, 121.095425752328 14.6958767985954, 121.094676520139 14.6965954911504, 121.093004909091 14.694883332294, 121.092933135273 14.6933277006378, 121.087422978399 14.6933216805346, 121.087380626067 14.6886659930906, 121.087126960824 14.6870312972121, 121.086719547197 14.6857885744318, 121.086027867763 14.6841067068327, 121.085239296102 14.68233538483, 121.084360803924 14.680269337288, 121.083879587312 14.6791001886996, 121.083427762401 14.6781535952242, 121.082826013905 14.6770582847413, 121.088551838785 14.6770525209582, 121.088556766281 14.6769998893747, 121.088788503872 14.6745243878395, 121.088803702007 14.6743619827963, 121.08880450632 14.6743534684595, 121.091906621026 14.6741856689552, 121.092104672818 14.6741763624688, 121.094222001396 14.6736404943521, 121.096065348666 14.6735141620434, 121.096304443017 14.673497947862, 121.096322045738 14.6734967565543, 121.095902334773 14.6721967240824, 121.09644032706 14.6721354389962, 121.096039750476 14.6711276865935, 121.09772620815 14.6698929280585, 121.098480142364 14.6706538291497, 121.098590535103 14.6697884784829, 121.098968528911 14.6686403878264, 121.09958176489 14.6697806625354, 121.100105240882 14.6703364345123, 121.100867094914 14.6707930517555, 121.101208097832 14.6709951342681))" }, "geometry": { "type": "Polygon", "coordinates": [ [ [ 121.101208097832, 14.6709951342681 ], [ 121.102764227921, 14.6719242608965 ], [ 121.104418198565, 14.6735537969831 ], [ 121.105390603264993, 14.6744888161645 ], [ 121.106467345233995, 14.6759980913587 ], [ 121.108371278714998, 14.6776296166832 ], [ 121.108963161361004, 14.678154434406199 ], [ 121.109714798626996, 14.6796487793696 ], [ 121.109957540555996, 14.680009064322 ], [ 121.111304200061994, 14.6829643329452 ], [ 121.111328553288999, 14.683017764356901 ], [ 121.112043080825003, 14.683940830018299 ], [ 121.112047732452993, 14.6839589042428 ], [ 121.112247715763004, 14.6846626872586 ], [ 121.112075187146999, 14.6856344440044 ], [ 121.112074856044998, 14.685640635354099 ], [ 121.112035638121, 14.686372931928901 ], [ 121.111650487610007, 14.6879796180899 ], [ 121.111229068453, 14.6899071689538 ], [ 121.111225566776994, 14.6899231682996 ], [ 121.111381329365003, 14.6919678845543 ], [ 121.111407841659002, 14.6924687614106 ], [ 121.111447272904996, 14.6932138268752 ], [ 121.111435229958005, 14.6932138416973 ], [ 121.101532276775004, 14.6932268007532 ], [ 121.096333141280994, 14.693261781036499 ], [ 121.096333579893994, 14.6949196544905 ], [ 121.095425752327998, 14.6958767985954 ], [ 121.094676520139004, 14.696595491150401 ], [ 121.093004909090993, 14.694883332293999 ], [ 121.092933135273, 14.6933277006378 ], [ 121.087422978399005, 14.6933216805346 ], [ 121.087380626067002, 14.6886659930906 ], [ 121.087126960823994, 14.6870312972121 ], [ 121.086719547197006, 14.6857885744318 ], [ 121.086027867762994, 14.684106706832701 ], [ 121.085239296102003, 14.682335384829999 ], [ 121.084360803924, 14.680269337287999 ], [ 121.083879587311998, 14.6791001886996 ], [ 121.083427762401001, 14.678153595224201 ], [ 121.082826013905006, 14.6770582847413 ], [ 121.088551838784994, 14.677052520958201 ], [ 121.088556766281002, 14.6769998893747 ], [ 121.088788503871996, 14.674524387839501 ], [ 121.088803702006999, 14.674361982796301 ], [ 121.088804506320002, 14.674353468459501 ], [ 121.091906621025998, 14.6741856689552 ], [ 121.092104672817996, 14.674176362468801 ], [ 121.094222001396005, 14.673640494352099 ], [ 121.096065348666002, 14.6735141620434 ], [ 121.096304443017004, 14.673497947862 ], [ 121.096322045738006, 14.6734967565543 ], [ 121.095902334773001, 14.672196724082401 ], [ 121.096440327059995, 14.6721354389962 ], [ 121.096039750475995, 14.671127686593501 ], [ 121.097726208149993, 14.6698929280585 ], [ 121.098480142363996, 14.6706538291497 ], [ 121.098590535103, 14.6697884784829 ], [ 121.098968528911001, 14.6686403878264 ], [ 121.099581764890004, 14.6697806625354 ], [ 121.100105240882002, 14.670336434512301 ], [ 121.100867094913994, 14.670793051755499 ], [ 121.101208097832, 14.6709951342681 ] ] ] } },
{ "type": "Feature", "properties": { "barangay_name": "Bayanihan", "barangay_geom": "POLYGON((121.070106022642 14.6168050779048, 121.069952697985 14.6164695229954, 121.069749913369 14.615938692306, 121.06971667009 14.6156302161491, 121.069650240965 14.6152535920972, 121.069362874433 14.6151747643886, 121.068522923128 14.6149992449759, 121.067730840633 14.6147950120348, 121.067579807518 14.6147735356701, 121.067388967591 14.6147937282293, 121.06725438969 14.6148276607006, 121.067181906472 14.6146122266531, 121.067207624093 14.6143898228828, 121.067229698188 14.6143037267304, 121.067325419391 14.6141099993453, 121.06736606007 14.6138808667457, 121.067377942619 14.613856007992, 121.069984610928 14.6144506381118, 121.07080220616 14.6146129902613, 121.070769090115 14.6147349540587, 121.070681588003 14.6152537065401, 121.070671210799 14.6154570713616, 121.070700576853 14.6156536454091, 121.070749070248 14.6158411753499, 121.070800460905 14.6159744746204, 121.071422812257 14.6173335631183, 121.070546201883 14.617757102419, 121.070106022642 14.6168050779048))" }, "geometry": { "type": "Polygon", "coordinates": [ [ [ 121.070106022641994, 14.6168050779048 ], [ 121.069952697985002, 14.6164695229954 ], [ 121.069749913368994, 14.615938692306001 ], [ 121.069716670090003, 14.6156302161491 ], [ 121.069650240965004, 14.615253592097201 ], [ 121.069362874432997, 14.6151747643886 ], [ 121.068522923128, 14.6149992449759 ], [ 121.067730840633004, 14.614795012034801 ], [ 121.067579807518001, 14.6147735356701 ], [ 121.067388967591, 14.6147937282293 ], [ 121.067254389690007, 14.6148276607006 ], [ 121.067181906472001, 14.614612226653099 ], [ 121.067207624093001, 14.614389822882799 ], [ 121.067229698188001, 14.6143037267304 ], [ 121.067325419390997, 14.614109999345301 ], [ 121.06736606007, 14.613880866745699 ], [ 121.067377942619004, 14.613856007992 ], [ 121.069984610928003, 14.6144506381118 ], [ 121.070802206159996, 14.6146129902613 ], [ 121.070769090114993, 14.614734954058701 ], [ 121.070681588002998, 14.6152537065401 ], [ 121.070671210799006, 14.6154570713616 ], [ 121.070700576853, 14.6156536454091 ], [ 121.070749070247999, 14.6158411753499 ], [ 121.070800460905005, 14.615974474620399 ], [ 121.071422812256998, 14.617333563118301 ], [ 121.070546201883005, 14.617757102419001 ], [ 121.070106022641994, 14.6168050779048 ] ] ] } },
{ "type": "Feature", "properties": { "barangay_name": "Blue Ridge A", "barangay_geom": "POLYGON((121.076533441716 14.6219077034969, 121.075390630786 14.6238131034783, 121.074302303379 14.6235840069942, 121.073057277814 14.6208666497807, 121.071422812257 14.6173335631183, 121.070800460905 14.6159744746204, 121.070749070248 14.6158411753499, 121.070700576853 14.6156536454091, 121.070671210799 14.6154570713616, 121.070681588003 14.6152537065401, 121.070769090115 14.6147349540587, 121.07080220616 14.6146129902613, 121.071262622946 14.6144263176267, 121.073049367873 14.6147952322305, 121.073860157005 14.6158567596975, 121.072887856987 14.6163284218372, 121.074657365098 14.6201337518853, 121.075776733179 14.6196294245401, 121.076610836494 14.6209153821785, 121.076533441716 14.6219077034969))" }, "geometry": { "type": "Polygon", "coordinates": [ [ [ 121.076533441715995, 14.6219077034969 ], [ 121.075390630786003, 14.6238131034783 ], [ 121.074302303379, 14.6235840069942 ], [ 121.073057277814002, 14.6208666497807 ], [ 121.071422812256998, 14.617333563118301 ], [ 121.070800460905005, 14.615974474620399 ], [ 121.070749070247999, 14.6158411753499 ], [ 121.070700576853, 14.6156536454091 ], [ 121.070671210799006, 14.6154570713616 ], [ 121.070681588002998, 14.6152537065401 ], [ 121.070769090114993, 14.614734954058701 ], [ 121.070802206159996, 14.6146129902613 ], [ 121.071262622945994, 14.6144263176267 ], [ 121.073049367872997, 14.614795232230501 ], [ 121.073860157005001, 14.6158567596975 ], [ 121.072887856986995, 14.616328421837199 ], [ 121.074657365098005, 14.6201337518853 ], [ 121.075776733178998, 14.619629424540101 ], [ 121.076610836493998, 14.620915382178501 ], [ 121.076533441715995, 14.6219077034969 ] ] ] } },
{ "type": "Feature", "properties": { "barangay_name": "Blue Ridge B", "barangay_geom": "POLYGON((121.078024849129 14.618494060837, 121.077644391454 14.6185913133611, 121.076732097009 14.6190376551889, 121.075776733179 14.6196294245401, 121.074657365098 14.6201337518853, 121.072887856987 14.6163284218372, 121.073860157005 14.6158567596975, 121.074258974708 14.6162942582503, 121.074748796548 14.6161873775371, 121.075349261019 14.6161943606628, 121.076222385555 14.6163662563777, 121.076277690866 14.6165097212219, 121.076436393581 14.6173920869728, 121.07656172263 14.6176144421111, 121.076734890819 14.6177004749269, 121.077213800991 14.6177326015884, 121.077616965441 14.6177528490631, 121.077777370045 14.6177561849643, 121.078933331981 14.6177328120666, 121.078935058433 14.6177327753289, 121.078998284779 14.617905909536, 121.078024849129 14.618494060837))" }, "geometry": { "type": "Polygon", "coordinates": [ [ [ 121.078024849128994, 14.618494060837 ], [ 121.077644391454001, 14.618591313361099 ], [ 121.076732097009, 14.619037655188899 ], [ 121.075776733178998, 14.619629424540101 ], [ 121.074657365098005, 14.6201337518853 ], [ 121.072887856986995, 14.616328421837199 ], [ 121.073860157005001, 14.6158567596975 ], [ 121.074258974708002, 14.616294258250299 ], [ 121.074748796547993, 14.6161873775371 ], [ 121.075349261018999, 14.616194360662799 ], [ 121.076222385554999, 14.616366256377701 ], [ 121.076277690865993, 14.616509721221901 ], [ 121.076436393581005, 14.617392086972799 ], [ 121.076561722630004, 14.617614442111099 ], [ 121.076734890818997, 14.617700474926901 ], [ 121.077213800991004, 14.617732601588401 ], [ 121.077616965440996, 14.6177528490631 ], [ 121.077777370044998, 14.6177561849643 ], [ 121.078933331981005, 14.617732812066601 ], [ 121.078935058433004, 14.6177327753289 ], [ 121.078998284779004, 14.617905909536001 ], [ 121.078024849128994, 14.618494060837 ] ] ] } },
{ "type": "Feature", "properties": { "barangay_name": "Botocan", "barangay_geom": "POLYGON((121.062037646121 14.6370703501277, 121.061628695278 14.6370274184272, 121.061602820342 14.636715342449, 121.061551199441 14.636586226168, 121.06141481704 14.6363244050734, 121.061698197955 14.6352733134931, 121.062103501861 14.6354310412905, 121.062564139013 14.6358757099446, 121.063400487065 14.6360440838568, 121.064037902987 14.636237608858, 121.063879737268 14.637120068751, 121.063087668839 14.6371956187712, 121.062958710015 14.6371597807373, 121.062037646121 14.6370703501277))" }, "geometry": { "type": "Polygon", "coordinates": [ [ [ 121.062037646120999, 14.637070350127701 ], [ 121.061628695278003, 14.6370274184272 ], [ 121.061602820342003, 14.636715342449 ], [ 121.061551199440999, 14.636586226167999 ], [ 121.061414817040003, 14.636324405073401 ], [ 121.061698197954996, 14.6352733134931 ], [ 121.062103501861003, 14.6354310412905 ], [ 121.062564139013006, 14.6358757099446 ], [ 121.063400487064996, 14.636044083856801 ], [ 121.064037902986996, 14.636237608858 ], [ 121.063879737267996, 14.637120068751001 ], [ 121.063087668839003, 14.6371956187712 ], [ 121.062958710014996, 14.637159780737299 ], [ 121.062037646120999, 14.637070350127701 ] ] ] } },
{ "type": "Feature", "properties": { "barangay_name": "Bungad", "barangay_geom": "POLYGON((121.027824346422 14.6506133577095, 121.026962197126 14.6505811745027, 121.026619635039 14.6512519985293, 121.025923321826 14.6516000235995, 121.025543862971 14.6518762661861, 121.025149639659 14.6519659868908, 121.0246191365 14.6524108441974, 121.023860130653 14.6522136358484, 121.021362159697 14.652816505532, 121.020113709554 14.6459128923498, 121.025434018913 14.6475157893161, 121.02688569586 14.6479460740603, 121.027456789283 14.6481002546047, 121.027607850664 14.6481217568677, 121.028366807057 14.6479458982184, 121.030165805935 14.6556004841226, 121.029049581951 14.6558647335221, 121.027824346422 14.6506133577095))" }, "geometry": { "type": "Polygon", "coordinates": [ [ [ 121.027824346421994, 14.650613357709499 ], [ 121.026962197125997, 14.650581174502699 ], [ 121.026619635038998, 14.6512519985293 ], [ 121.025923321825999, 14.651600023599499 ], [ 121.025543862971006, 14.6518762661861 ], [ 121.025149639659006, 14.651965986890801 ], [ 121.024619136499993, 14.6524108441974 ], [ 121.023860130653006, 14.652213635848399 ], [ 121.021362159697006, 14.652816505532 ], [ 121.020113709553996, 14.6459128923498 ], [ 121.025434018913003, 14.647515789316101 ], [ 121.026885695860003, 14.6479460740603 ], [ 121.027456789282994, 14.648100254604699 ], [ 121.027607850663998, 14.648121756867701 ], [ 121.028366807056997, 14.647945898218399 ], [ 121.030165805934999, 14.6556004841226 ], [ 121.029049581951, 14.655864733522099 ], [ 121.027824346421994, 14.650613357709499 ] ] ] } },
{ "type": "Feature", "properties": { "barangay_name": "Camp Aguinaldo", "barangay_geom": "POLYGON((121.070624157103 14.6107676910057, 121.069984610928 14.6144506381118, 121.067378453276 14.6138565049509, 121.062831323251 14.6126881733257, 121.055120102886 14.6108628409077, 121.056995015683 14.6066917553255, 121.057291634322 14.6068235786617, 121.059270609042 14.6025452988945, 121.059644363098 14.6015810963152, 121.059959402953 14.60045622509, 121.060042459721 14.5997304003181, 121.068756906504 14.6017838222525, 121.069950036961 14.6050926174518, 121.070629569643 14.6106553975238, 121.070636600049 14.6106682478578, 121.070624157103 14.6107676910057))" }, "geometry": { "type": "Polygon", "coordinates": [ [ [ 121.070624157102998, 14.6107676910057 ], [ 121.069984610928003, 14.6144506381118 ], [ 121.067378453276007, 14.613856504950901 ], [ 121.062831323251004, 14.612688173325701 ], [ 121.055120102885994, 14.6108628409077 ], [ 121.056995015683, 14.6066917553255 ], [ 121.057291634321999, 14.6068235786617 ], [ 121.059270609042002, 14.602545298894499 ], [ 121.059644363098002, 14.601581096315201 ], [ 121.059959402952998, 14.600456225089999 ], [ 121.060042459721004, 14.5997304003181 ], [ 121.068756906504007, 14.6017838222525 ], [ 121.069950036961004, 14.605092617451801 ], [ 121.070629569643003, 14.6106553975238 ], [ 121.070636600048999, 14.6106682478578 ], [ 121.070624157102998, 14.6107676910057 ] ] ] } },
{ "type": "Feature", "properties": { "barangay_name": "Capri", "barangay_geom": "POLYGON((121.026378700872 14.7165332741946, 121.026780593899 14.7163309978343, 121.027378660153 14.7161490336825, 121.027769544252 14.7160687729287, 121.028220765663 14.7158111290257, 121.028632234747 14.7156472607332, 121.028872214698 14.7155511998225, 121.029132198678 14.715328601006, 121.029234025167 14.7150755178925, 121.029407532345 14.7148992505553, 121.029470498632 14.7146676832333, 121.030383551996 14.716285009792, 121.030414792471 14.7164976299041, 121.030375810414 14.7167102592246, 121.030169187661 14.7170881472193, 121.029606550215 14.7174220194483, 121.029392904545 14.717796274263, 121.029221288065 14.718031696477, 121.028946829218 14.7182263328964, 121.02868066542 14.7180875027497, 121.028527015962 14.7181008711737, 121.028475956651 14.7184340172909, 121.027596903463 14.7182051312671, 121.027451754923 14.7181769763716, 121.02727039815 14.7182158531074, 121.026831312252 14.7175215881043, 121.026894358006 14.7170008435656, 121.026389502854 14.7169368115733, 121.026285842949 14.7165705674205, 121.026378700872 14.7165332741946))" }, "geometry": { "type": "Polygon", "coordinates": [ [ [ 121.026378700872002, 14.7165332741946 ], [ 121.026780593899005, 14.7163309978343 ], [ 121.027378660153005, 14.7161490336825 ], [ 121.027769544251996, 14.716068772928701 ], [ 121.028220765662994, 14.715811129025701 ], [ 121.028632234746993, 14.715647260733199 ], [ 121.028872214697998, 14.715551199822499 ], [ 121.029132198677999, 14.715328601006 ], [ 121.029234025167, 14.715075517892499 ], [ 121.029407532345004, 14.7148992505553 ], [ 121.029470498631994, 14.7146676832333 ], [ 121.030383551995996, 14.716285009791999 ], [ 121.030414792471007, 14.716497629904101 ], [ 121.030375810414, 14.7167102592246 ], [ 121.030169187661002, 14.7170881472193 ], [ 121.029606550214993, 14.7174220194483 ], [ 121.029392904545006, 14.717796274263 ], [ 121.029221288065003, 14.718031696477 ], [ 121.028946829218, 14.7182263328964 ], [ 121.028680665419998, 14.7180875027497 ], [ 121.028527015961998, 14.7181008711737 ], [ 121.028475956650993, 14.7184340172909 ], [ 121.027596903463007, 14.7182051312671 ], [ 121.027451754923007, 14.7181769763716 ], [ 121.027270398149994, 14.718215853107401 ], [ 121.026831312252, 14.717521588104299 ], [ 121.026894358006004, 14.7170008435656 ], [ 121.026389502854002, 14.7169368115733 ], [ 121.026285842948994, 14.716570567420501 ], [ 121.026378700872002, 14.7165332741946 ] ] ] } },
{ "type": "Feature", "properties": { "barangay_name": "Central", "barangay_geom": "POLYGON((121.0513 14.64899, 121.0515 14.64918, 121.0517 14.64944, 121.0519 14.64974, 121.052 14.6501, 121.0521 14.65053, 121.052 14.65118, 121.052 14.65156, 121.0519 14.65189, 121.0517 14.65244, 121.0515 14.65279, 121.0512 14.65318, 121.0508 14.65352, 121.0504 14.65386, 121.0499 14.65416, 121.0495 14.65432, 121.0491 14.65438, 121.0487 14.65444, 121.0483 14.65435, 121.048 14.65427, 121.0476 14.6541, 121.0474 14.65392, 121.0471 14.65369, 121.0469 14.6534, 121.0467 14.65318, 121.0466 14.65297, 121.0466 14.65265, 121.0465 14.6524, 121.0465 14.65224, 121.0465 14.652, 121.0465 14.65166, 121.0466 14.65137, 121.0466 14.65109, 121.0467 14.65084, 121.0468 14.65064, 121.0469 14.65042, 121.0471 14.6502, 121.0471 14.65007, 121.0408 14.64624, 121.0408 14.64618, 121.0409 14.6461, 121.0411 14.64578, 121.0414 14.64547, 121.0417 14.64511, 121.042 14.64468, 121.0424 14.64422, 121.0426 14.64401, 121.0431 14.64356, 121.0439 14.64294, 121.0448 14.64227, 121.0453 14.64202, 121.0459 14.64164, 121.0463 14.64139, 121.0467 14.6412, 121.0469 14.64106, 121.0468 14.6408, 121.0479 14.64054, 121.0487 14.64037, 121.0493 14.64027, 121.0499 14.64021, 121.0508 14.64025, 121.0516 14.64037, 121.0515 14.64098, 121.0522 14.64115, 121.053 14.64134, 121.0535 14.64146, 121.0536 14.64126, 121.0539 14.64107, 121.0547 14.64122, 121.0545 14.64202, 121.0554 14.64222, 121.0552 14.64297, 121.055 14.64337, 121.0549 14.64386, 121.0546 14.64446, 121.0543 14.64518, 121.054 14.64565, 121.0529 14.64749, 121.0522 14.64699, 121.051 14.64878, 121.0513 14.64899))" }, "geometry": { "type": "Polygon", "coordinates": [ [ [ 121.0513, 14.64899 ], [ 121.0515, 14.64918 ], [ 121.0517, 14.64944 ], [ 121.0519, 14.64974 ], [ 121.052, 14.6501 ], [ 121.0521, 14.65053 ], [ 121.052, 14.65118 ], [ 121.052, 14.65156 ], [ 121.0519, 14.65189 ], [ 121.0517, 14.65244 ], [ 121.0515, 14.65279 ], [ 121.0512, 14.65318 ], [ 121.0508, 14.65352 ], [ 121.0504, 14.65386 ], [ 121.0499, 14.65416 ], [ 121.0495, 14.65432 ], [ 121.0491, 14.65438 ], [ 121.0487, 14.65444 ], [ 121.0483, 14.65435 ], [ 121.048, 14.65427 ], [ 121.0476, 14.6541 ], [ 121.0474, 14.65392 ], [ 121.0471, 14.65369 ], [ 121.0469, 14.6534 ], [ 121.0467, 14.65318 ], [ 121.0466, 14.65297 ], [ 121.0466, 14.65265 ], [ 121.0465, 14.6524 ], [ 121.0465, 14.65224 ], [ 121.0465, 14.652 ], [ 121.0465, 14.65166 ], [ 121.0466, 14.65137 ], [ 121.0466, 14.65109 ], [ 121.0467, 14.65084 ], [ 121.0468, 14.65064 ], [ 121.0469, 14.65042 ], [ 121.0471, 14.6502 ], [ 121.0471, 14.65007 ], [ 121.0408, 14.64624 ], [ 121.0408, 14.64618 ], [ 121.0409, 14.6461 ], [ 121.0411, 14.64578 ], [ 121.0414, 14.64547 ], [ 121.0417, 14.64511 ], [ 121.042, 14.64468 ], [ 121.0424, 14.64422 ], [ 121.0426, 14.64401 ], [ 121.0431, 14.64356 ], [ 121.0439, 14.64294 ], [ 121.0448, 14.64227 ], [ 121.0453, 14.64202 ], [ 121.0459, 14.64164 ], [ 121.0463, 14.64139 ], [ 121.0467, 14.6412 ], [ 121.0469, 14.64106 ], [ 121.0468, 14.6408 ], [ 121.0479, 14.64054 ], [ 121.0487, 14.64037 ], [ 121.0493, 14.64027 ], [ 121.0499, 14.64021 ], [ 121.0508, 14.64025 ], [ 121.0516, 14.64037 ], [ 121.0515, 14.64098 ], [ 121.0522, 14.64115 ], [ 121.053, 14.64134 ], [ 121.0535, 14.64146 ], [ 121.0536, 14.64126 ], [ 121.0539, 14.64107 ], [ 121.0547, 14.64122 ], [ 121.0545, 14.64202 ], [ 121.0554, 14.64222 ], [ 121.0552, 14.64297 ], [ 121.055, 14.64337 ], [ 121.0549, 14.64386 ], [ 121.0546, 14.64446 ], [ 121.0543, 14.64518 ], [ 121.054, 14.64565 ], [ 121.0529, 14.64749 ], [ 121.0522, 14.64699 ], [ 121.051, 14.64878 ], [ 121.0513, 14.64899 ] ] ] } },
{ "type": "Feature", "properties": { "barangay_name": "Claro (Quirino 3-B)", "barangay_geom": "POLYGON((121.064462853582 14.6337591493278, 121.064374799621 14.6336391543149, 121.064323112915 14.633255348835, 121.064216211304 14.6330258059186, 121.064109327712 14.6328895289987, 121.063785053548 14.6326277608532, 121.063737149627 14.632577557258, 121.063700282817 14.6324950658816, 121.063843837909 14.6320717456236, 121.063851187608 14.6320000067411, 121.063847483719 14.6319354382481, 121.063795833575 14.6316735952024, 121.063784754102 14.6315910967684, 121.063773636308 14.631375871122, 121.063685157069 14.6311606756728, 121.063556173797 14.6309957079563, 121.063360867426 14.6308343373761, 121.063183973987 14.630626333117, 121.063084470845 14.6304864654906, 121.062951780649 14.6302748608725, 121.062881717355 14.6300201989564, 121.062774812597 14.6298014199042, 121.062484720492 14.6295309006197, 121.062277342237 14.6293459966407, 121.062546226725 14.6291701570321, 121.063183682539 14.6296076098415, 121.06335317703 14.6296864770922, 121.063460009119 14.6296828598148, 121.06428888464 14.629578610905, 121.064369941187 14.6296144524441, 121.06481747848 14.6295402053642, 121.065068192926 14.6302073327399, 121.065584371799 14.6315882199489, 121.065857082053 14.6319145606632, 121.066026591064 14.6320328870895, 121.066630883689 14.6324021819979, 121.066046643945 14.6331268301341, 121.065961945604 14.6332416403406, 121.065807278942 14.6334353835499, 121.065718855935 14.6334497522731, 121.065652558996 14.6334820557198, 121.06549870439 14.6335984307863, 121.065329607295 14.6336832121877, 121.065289288086 14.6337001702755, 121.064942086148 14.6337962991103, 121.064862312898 14.6338053596242, 121.064589801291 14.633780308931, 121.064462853582 14.6337591493278))" }, "geometry": { "type": "Polygon", "coordinates": [ [ [ 121.064462853582, 14.633759149327799 ], [ 121.064374799621007, 14.633639154314899 ], [ 121.064323112915005, 14.633255348835 ], [ 121.064216211304, 14.633025805918599 ], [ 121.064109327712004, 14.6328895289987 ], [ 121.063785053548003, 14.6326277608532 ], [ 121.063737149627002, 14.632577557257999 ], [ 121.063700282816995, 14.632495065881599 ], [ 121.063843837909005, 14.6320717456236 ], [ 121.063851187607995, 14.6320000067411 ], [ 121.063847483719002, 14.6319354382481 ], [ 121.063795833575, 14.6316735952024 ], [ 121.063784754102002, 14.6315910967684 ], [ 121.063773636307999, 14.631375871122 ], [ 121.063685157069003, 14.631160675672801 ], [ 121.063556173796997, 14.6309957079563 ], [ 121.063360867425999, 14.630834337376101 ], [ 121.063183973986995, 14.630626333117 ], [ 121.063084470844998, 14.6304864654906 ], [ 121.062951780649001, 14.6302748608725 ], [ 121.062881717354998, 14.6300201989564 ], [ 121.062774812596999, 14.629801419904201 ], [ 121.062484720491994, 14.629530900619701 ], [ 121.062277342236996, 14.6293459966407 ], [ 121.062546226725004, 14.6291701570321 ], [ 121.063183682539005, 14.6296076098415 ], [ 121.063353177029995, 14.6296864770922 ], [ 121.063460009118998, 14.6296828598148 ], [ 121.064288884640007, 14.629578610905 ], [ 121.064369941186996, 14.6296144524441 ], [ 121.064817478479995, 14.629540205364201 ], [ 121.065068192926006, 14.6302073327399 ], [ 121.065584371799005, 14.631588219948901 ], [ 121.065857082053, 14.6319145606632 ], [ 121.066026591064002, 14.632032887089499 ], [ 121.066630883689001, 14.6324021819979 ], [ 121.066046643945, 14.633126830134101 ], [ 121.065961945604002, 14.6332416403406 ], [ 121.065807278942003, 14.6334353835499 ], [ 121.065718855935003, 14.6334497522731 ], [ 121.065652558996007, 14.633482055719799 ], [ 121.065498704389995, 14.6335984307863 ], [ 121.065329607294998, 14.6336832121877 ], [ 121.065289288086007, 14.6337001702755 ], [ 121.064942086147994, 14.633796299110299 ], [ 121.064862312898001, 14.633805359624199 ], [ 121.064589801291007, 14.633780308931 ], [ 121.064462853582, 14.633759149327799 ] ] ] } },
{ "type": "Feature", "properties": { "barangay_name": "Commonwealth", "barangay_geom": "POLYGON((121.093876157142 14.7050724975497, 121.093857875231 14.7054025175775, 121.093861583133 14.7054527324413, 121.093887507756 14.7057540382053, 121.093766003785 14.7060159427492, 121.093548066538 14.7061906221202, 121.093338579612 14.7061918724792, 121.092951729943 14.7064467159523, 121.093567374539 14.7068948454566, 121.093143739934 14.7073182849877, 121.092484433283 14.7081937921882, 121.090827058323 14.7106766861635, 121.090827079098 14.7107269115393, 121.089905033043 14.7121016677566, 121.083216017471 14.7098959027007, 121.083151511454 14.70970890697, 121.081189715743 14.704129249173, 121.077748950711 14.7041764690863, 121.077334982863 14.7038025695258, 121.076820508254 14.7034287025249, 121.076093275791 14.7032505547938, 121.075401514343 14.7030954136107, 121.074804283643 14.7027273172978, 121.07428382263 14.7020945012731, 121.073781181633 14.7017321293096, 121.073296647153 14.7011966141838, 121.072911735298 14.7005354895395, 121.072775565138 14.6999543288717, 121.072751752722 14.6994364366518, 121.072668759067 14.6987631957467, 121.07019588462 14.6933778112066, 121.087422978399 14.6933216805346, 121.092933135273 14.6933277006378, 121.093004909091 14.694883332294, 121.094676520139 14.6965954911504, 121.091350165782 14.6997804143346, 121.091961384453 14.7000226955597, 121.092798038993 14.7003093260368, 121.093074509908 14.700492158003, 121.094195232722 14.7014745584011, 121.093775303862 14.7018944095378, 121.093237397087 14.7022210509622, 121.093444075155 14.7029383768783, 121.093698638006 14.7036054668427, 121.093341330228 14.7039894281606, 121.093558802298 14.7040790177756, 121.09397548209 14.7046491882939, 121.093876157142 14.7050724975497))" }, "geometry": { "type": "Polygon", "coordinates": [ [ [ 121.093876157142006, 14.7050724975497 ], [ 121.093857875230995, 14.7054025175775 ], [ 121.093861583133005, 14.7054527324413 ], [ 121.093887507755994, 14.705754038205299 ], [ 121.093766003785007, 14.7060159427492 ], [ 121.093548066538006, 14.7061906221202 ], [ 121.093338579611995, 14.7061918724792 ], [ 121.092951729942996, 14.7064467159523 ], [ 121.093567374539006, 14.706894845456601 ], [ 121.093143739934007, 14.7073182849877 ], [ 121.092484433283005, 14.708193792188201 ], [ 121.090827058323001, 14.710676686163501 ], [ 121.090827079098005, 14.7107269115393 ], [ 121.089905033042996, 14.712101667756601 ], [ 121.083216017471003, 14.709895902700699 ], [ 121.083151511454005, 14.70970890697 ], [ 121.081189715742994, 14.704129249173 ], [ 121.077748950710998, 14.704176469086301 ], [ 121.077334982862993, 14.7038025695258 ], [ 121.076820508254002, 14.703428702524899 ], [ 121.076093275790996, 14.703250554793801 ], [ 121.075401514343, 14.703095413610701 ], [ 121.074804283643005, 14.7027273172978 ], [ 121.074283822629994, 14.7020945012731 ], [ 121.073781181632995, 14.701732129309599 ], [ 121.073296647153001, 14.7011966141838 ], [ 121.072911735298007, 14.700535489539501 ], [ 121.072775565138002, 14.6999543288717 ], [ 121.072751752721999, 14.6994364366518 ], [ 121.072668759067, 14.6987631957467 ], [ 121.070195884620006, 14.6933778112066 ], [ 121.087422978399005, 14.6933216805346 ], [ 121.092933135273, 14.6933277006378 ], [ 121.093004909090993, 14.694883332293999 ], [ 121.094676520139004, 14.696595491150401 ], [ 121.091350165782004, 14.699780414334599 ], [ 121.091961384453001, 14.700022695559699 ], [ 121.092798038992996, 14.7003093260368 ], [ 121.093074509908007, 14.700492158003 ], [ 121.094195232722001, 14.701474558401101 ], [ 121.093775303862003, 14.7018944095378 ], [ 121.093237397086995, 14.7022210509622 ], [ 121.093444075155006, 14.702938376878301 ], [ 121.093698638006003, 14.703605466842699 ], [ 121.093341330228, 14.7039894281606 ], [ 121.093558802298006, 14.7040790177756 ], [ 121.093975482090002, 14.704649188293899 ], [ 121.093876157142006, 14.7050724975497 ] ] ] } },
{ "type": "Feature", "properties": { "barangay_name": "Culiat", "barangay_geom": "POLYGON((121.068553848753 14.6715230115089, 121.054798119045 14.6736678435096, 121.053752492673 14.6737991424753, 121.053040187642 14.6737462064462, 121.051617047628 14.6736889081241, 121.05038506987 14.673448535042, 121.049242185083 14.6731953383786, 121.049875829964 14.6725925684982, 121.04956629195 14.6725244862923, 121.049426252512 14.6724276621768, 121.049197772698 14.6723416212823, 121.048880892648 14.6723632082519, 121.048523487244 14.6724314406571, 121.048427684159 14.6724422252082, 121.048320832657 14.6724530029796, 121.048110797614 14.6724351146667, 121.047863901231 14.6723634199842, 121.047528531134 14.6720621804842, 121.046957364714 14.6719224024865, 121.046253583693 14.6719261318418, 121.046017741642 14.6718329129012, 121.045870304781 14.6716033703334, 121.045652882614 14.6715065591934, 121.045206983141 14.671277074646, 121.044661546578 14.6708144484604, 121.044591478265 14.6704952125784, 121.044775621684 14.6700324454739, 121.044945067788 14.6697992528142, 121.044941352655 14.6696557711808, 121.044830778509 14.6694800255254, 121.044657570476 14.6693832139343, 121.044399640505 14.6693617342254, 121.044174838649 14.6691644899536, 121.043898444024 14.6689636670227, 121.04375473419 14.6689206539349, 121.043349479898 14.6692148619478, 121.043329368389 14.6684032209777, 121.043279296183 14.6675400764852, 121.043264408899 14.6670904258006, 121.043248386892 14.6667718300917, 121.043269521581 14.6665085868079, 121.043339828643 14.666122865912, 121.043472346821 14.6654950977453, 121.043557031702 14.66514355677, 121.043774421697 14.6651614478445, 121.043966011257 14.6650860868093, 121.044135501142 14.6650860546895, 121.044212863737 14.6650322261751, 121.044367580763 14.6648384976994, 121.044518636396 14.6647667321311, 121.044695495387 14.6647559336219, 121.044809708306 14.66471286239, 121.044879705436 14.6646447003884, 121.044912777371 14.664199893989, 121.045119050965 14.6638877809075, 121.045159525416 14.663597220008, 121.045203680636 14.6633281784838, 121.045262610394 14.6632133810731, 121.045328929284 14.6631846716651, 121.045443118332 14.6630304114063, 121.045461500738 14.6628510525099, 121.045310368536 14.6625425970338, 121.045188760082 14.6624170701784, 121.045578955048 14.662370880785, 121.045819116174 14.6620770899945, 121.053366629565 14.6619116614998, 121.05357392033 14.6624810244058, 121.053737298663 14.6626685306538, 121.05463572952 14.6635054902991, 121.054698007462 14.6641447971006, 121.053788987911 14.6642879673993, 121.054187891368 14.6655949338272, 121.054965483334 14.66650159603, 121.055381423461 14.6661038138642, 121.055491665958 14.6660789323559, 121.055710722271 14.6661071245166, 121.055817363932 14.6662344570507, 121.055873354882 14.6664114398373, 121.056009936222 14.6664584149525, 121.05611108587 14.6663092683103, 121.056229921443 14.6661594756283, 121.056482115811 14.6658730733704, 121.056747235456 14.6655602849975, 121.057635550567 14.6664654740934, 121.057509978609 14.6676227909831, 121.058335868147 14.6674384939017, 121.058173949288 14.6663019553478, 121.05998489581 14.6656411598066, 121.061768064698 14.6657155747676, 121.061733346926 14.6665937683487, 121.06205245625 14.6664783461539, 121.06230671423 14.6664234249421, 121.062614355077 14.666300801558, 121.062887031199 14.6661441581851, 121.063211068019 14.6659278299443, 121.063377567799 14.665794470285, 121.063586170573 14.6656606290022, 121.063763084581 14.6655842253253, 121.063984134514 14.6655062095967, 121.064504940137 14.6655896695467, 121.064834245579 14.6656178224861, 121.065247365225 14.6655431412517, 121.065605059181 14.6654391005922, 121.06618408249 14.6652028119309, 121.066542919573 14.6650445399491, 121.067011693089 14.6648094105433, 121.067536441645 14.6644917898189, 121.067841267478 14.6642002171899, 121.067951787954 14.6641211001382, 121.068172538377 14.6640148359545, 121.068466558356 14.6639096888136, 121.068669393569 14.6640525871365, 121.070550514469 14.6652489785214, 121.068977032111 14.6685698805325, 121.068852633365 14.6687789270898, 121.068792063676 14.6690184588047, 121.068639362586 14.6715096729153, 121.068553848753 14.6715230115089))" }, "geometry": { "type": "Polygon", "coordinates": [ [ [ 121.068553848752998, 14.671523011508899 ], [ 121.054798119045003, 14.6736678435096 ], [ 121.053752492672999, 14.6737991424753 ], [ 121.053040187641997, 14.6737462064462 ], [ 121.051617047628, 14.673688908124101 ], [ 121.050385069870003, 14.673448535042001 ], [ 121.049242185083003, 14.6731953383786 ], [ 121.049875829963995, 14.672592568498199 ], [ 121.049566291950001, 14.6725244862923 ], [ 121.049426252512006, 14.6724276621768 ], [ 121.049197772697994, 14.6723416212823 ], [ 121.048880892648, 14.6723632082519 ], [ 121.048523487243997, 14.6724314406571 ], [ 121.048427684158995, 14.672442225208201 ], [ 121.048320832656998, 14.6724530029796 ], [ 121.048110797614001, 14.672435114666699 ], [ 121.047863901230997, 14.672363419984199 ], [ 121.047528531134006, 14.6720621804842 ], [ 121.046957364714004, 14.6719224024865 ], [ 121.046253583693002, 14.671926131841801 ], [ 121.046017741642004, 14.6718329129012 ], [ 121.045870304781005, 14.671603370333401 ], [ 121.045652882613993, 14.6715065591934 ], [ 121.045206983141, 14.671277074646 ], [ 121.044661546577998, 14.6708144484604 ], [ 121.044591478265005, 14.6704952125784 ], [ 121.044775621683996, 14.6700324454739 ], [ 121.044945067788007, 14.669799252814199 ], [ 121.044941352655002, 14.6696557711808 ], [ 121.044830778508995, 14.669480025525401 ], [ 121.044657570476005, 14.669383213934299 ], [ 121.044399640505006, 14.669361734225401 ], [ 121.044174838648999, 14.6691644899536 ], [ 121.043898444023995, 14.6689636670227 ], [ 121.043754734190003, 14.668920653934901 ], [ 121.043349479897998, 14.6692148619478 ], [ 121.043329368388996, 14.6684032209777 ], [ 121.043279296183002, 14.667540076485199 ], [ 121.043264408899006, 14.6670904258006 ], [ 121.043248386892003, 14.666771830091699 ], [ 121.043269521580996, 14.6665085868079 ], [ 121.043339828642999, 14.666122865912 ], [ 121.043472346821005, 14.6654950977453 ], [ 121.043557031701994, 14.665143556769999 ], [ 121.043774421696995, 14.6651614478445 ], [ 121.043966011256998, 14.6650860868093 ], [ 121.044135501141994, 14.6650860546895 ], [ 121.044212863737002, 14.6650322261751 ], [ 121.044367580762994, 14.6648384976994 ], [ 121.044518636396006, 14.664766732131101 ], [ 121.044695495387003, 14.664755933621899 ], [ 121.044809708306005, 14.664712862389999 ], [ 121.044879705436003, 14.664644700388401 ], [ 121.044912777370996, 14.664199893989 ], [ 121.045119050964999, 14.663887780907499 ], [ 121.045159525415997, 14.663597220008 ], [ 121.045203680636007, 14.6633281784838 ], [ 121.045262610394005, 14.663213381073099 ], [ 121.045328929283997, 14.6631846716651 ], [ 121.045443118332003, 14.6630304114063 ], [ 121.045461500738, 14.6628510525099 ], [ 121.045310368535993, 14.6625425970338 ], [ 121.045188760081999, 14.6624170701784 ], [ 121.045578955048001, 14.662370880785 ], [ 121.045819116174002, 14.662077089994501 ], [ 121.053366629565005, 14.661911661499801 ], [ 121.053573920329995, 14.6624810244058 ], [ 121.053737298662995, 14.6626685306538 ], [ 121.054635729520001, 14.6635054902991 ], [ 121.054698007461994, 14.664144797100599 ], [ 121.053788987911005, 14.6642879673993 ], [ 121.054187891368002, 14.665594933827199 ], [ 121.054965483334001, 14.666501596030001 ], [ 121.055381423461, 14.666103813864201 ], [ 121.055491665958002, 14.6660789323559 ], [ 121.055710722271002, 14.6661071245166 ], [ 121.055817363931993, 14.666234457050701 ], [ 121.055873354881996, 14.666411439837299 ], [ 121.056009936221997, 14.666458414952499 ], [ 121.05611108587, 14.6663092683103 ], [ 121.056229921443006, 14.6661594756283 ], [ 121.056482115810994, 14.665873073370401 ], [ 121.056747235456001, 14.6655602849975 ], [ 121.057635550566999, 14.6664654740934 ], [ 121.057509978609005, 14.667622790983099 ], [ 121.058335868146997, 14.667438493901701 ], [ 121.058173949288005, 14.6663019553478 ], [ 121.059984895810004, 14.665641159806601 ], [ 121.061768064698001, 14.665715574767599 ], [ 121.061733346926005, 14.666593768348701 ], [ 121.062052456250001, 14.6664783461539 ], [ 121.062306714230004, 14.666423424942099 ], [ 121.062614355077002, 14.666300801558 ], [ 121.062887031198997, 14.6661441581851 ], [ 121.063211068019001, 14.6659278299443 ], [ 121.063377567798995, 14.665794470285 ], [ 121.063586170573004, 14.6656606290022 ], [ 121.063763084580998, 14.665584225325301 ], [ 121.063984134514001, 14.6655062095967 ], [ 121.064504940136999, 14.6655896695467 ], [ 121.064834245578993, 14.6656178224861 ], [ 121.065247365225005, 14.6655431412517 ], [ 121.065605059180996, 14.6654391005922 ], [ 121.066184082489997, 14.6652028119309 ], [ 121.066542919572996, 14.665044539949101 ], [ 121.067011693089, 14.664809410543301 ], [ 121.067536441645004, 14.6644917898189 ], [ 121.067841267478002, 14.664200217189901 ], [ 121.067951787954001, 14.6641211001382 ], [ 121.068172538376999, 14.6640148359545 ], [ 121.068466558355993, 14.6639096888136 ], [ 121.068669393568996, 14.664052587136499 ], [ 121.070550514469005, 14.665248978521401 ], [ 121.068977032110993, 14.6685698805325 ], [ 121.068852633364997, 14.6687789270898 ], [ 121.068792063676, 14.6690184588047 ], [ 121.068639362585998, 14.671509672915301 ], [ 121.068553848752998, 14.671523011508899 ] ] ] } },
{ "type": "Feature", "properties": { "barangay_name": "Damar", "barangay_geom": "POLYGON((121.001663350387 14.6494826190057, 121.000771446687 14.6494652159514, 121.000725512336 14.6494530144259, 121.00074852416 14.6489383296876, 121.000584672073 14.6488248093988, 121.000414350029 14.6489183920837, 121.000104062202 14.6490973503102, 120.999594849627 14.6490135651546, 120.99931852048 14.6489310631181, 120.999388526889 14.6487911688623, 120.99950642591 14.6487552962209, 120.999605897682 14.6485544207023, 120.999698007374 14.6484934395838, 120.999698007561 14.6483571333243, 120.999812220768 14.6483643007985, 120.999812220921 14.6481849542603, 120.999915386864 14.6481526695936, 120.999852752179 14.6479948341216, 120.99981590659 14.6479733139564, 120.999930741647 14.6477867730056, 120.999891473178 14.6476765692693, 120.999905333207 14.6476518224706, 120.999712332979 14.6474449632445, 120.999378626321 14.6470872908106, 120.99931625157 14.6471502603205, 120.999171153625 14.6470908873988, 120.998916929629 14.6472056724881, 120.99782854353 14.6463675543467, 120.998001429079 14.6460318922909, 120.99795354615 14.6460154602833, 120.9979521261 14.6449843100748, 120.99896115592 14.6451108255701, 120.999653805175 14.6451789852995, 121.000511511025 14.6453778452253, 121.00061690173 14.6447019895151, 121.000618349885 14.6446927162359, 121.000664273955 14.6447049087493, 121.001478504713 14.6447766508691, 121.002576423408 14.6449882816699, 121.003702186185 14.6452934530409, 121.003220335202 14.646241593783, 121.003516027976 14.646363036857, 121.003444418377 14.6464664991054, 121.00316720504 14.6467498982706, 121.003174142866 14.6469725652044, 121.003208790318 14.6471210094124, 121.003395915746 14.6472334610146, 121.003315060231 14.6473774057979, 121.003077120826 14.6474786197031, 121.002862286769 14.6475303485095, 121.002818386744 14.6475955782971, 121.002848428416 14.6476585566516, 121.002762952355 14.6480476555373, 121.002598934819 14.6481061350826, 121.002386402287 14.6481556219284, 121.002497297838 14.6486751680572, 121.002702901761 14.6490822587903, 121.002358692798 14.6491474917772, 121.002275535059 14.6494308787298, 121.002109204022 14.649408393065, 121.002143855133 14.6490125433454, 121.001977524182 14.6489630602527, 121.001836604613 14.6492352129588, 121.001663350387 14.6494826190057))" }, "geometry": { "type": "Polygon", "coordinates": [ [ [ 121.001663350387005, 14.649482619005701 ], [ 121.000771446686997, 14.6494652159514 ], [ 121.000725512336004, 14.6494530144259 ], [ 121.000748524160002, 14.648938329687599 ], [ 121.000584672073003, 14.6488248093988 ], [ 121.000414350029004, 14.648918392083701 ], [ 121.000104062201999, 14.6490973503102 ], [ 120.999594849627002, 14.649013565154601 ], [ 120.999318520480003, 14.6489310631181 ], [ 120.999388526889007, 14.648791168862299 ], [ 120.999506425909999, 14.6487552962209 ], [ 120.999605897682002, 14.6485544207023 ], [ 120.999698007373993, 14.648493439583801 ], [ 120.999698007560994, 14.6483571333243 ], [ 120.999812220768007, 14.6483643007985 ], [ 120.999812220921001, 14.6481849542603 ], [ 120.999915386864004, 14.6481526695936 ], [ 120.999852752178995, 14.647994834121601 ], [ 120.999815906590001, 14.647973313956401 ], [ 120.999930741647006, 14.647786773005601 ], [ 120.999891473177996, 14.647676569269301 ], [ 120.999905333206996, 14.6476518224706 ], [ 120.999712332979001, 14.647444963244499 ], [ 120.999378626321004, 14.6470872908106 ], [ 120.999316251569994, 14.647150260320499 ], [ 120.999171153624999, 14.6470908873988 ], [ 120.998916929629004, 14.6472056724881 ], [ 120.997828543530005, 14.6463675543467 ], [ 120.998001429078997, 14.6460318922909 ], [ 120.997953546150001, 14.6460154602833 ], [ 120.997952126100003, 14.644984310074801 ], [ 120.99896115592, 14.6451108255701 ], [ 120.999653805175001, 14.6451789852995 ], [ 121.000511511024996, 14.645377845225299 ], [ 121.000616901729998, 14.6447019895151 ], [ 121.000618349885002, 14.6446927162359 ], [ 121.000664273954996, 14.644704908749301 ], [ 121.001478504713006, 14.644776650869099 ], [ 121.002576423408001, 14.6449882816699 ], [ 121.003702186184995, 14.6452934530409 ], [ 121.003220335202002, 14.646241593783 ], [ 121.003516027976005, 14.646363036857 ], [ 121.003444418377001, 14.646466499105401 ], [ 121.00316720504, 14.646749898270601 ], [ 121.003174142866001, 14.6469725652044 ], [ 121.003208790317998, 14.6471210094124 ], [ 121.003395915745998, 14.647233461014601 ], [ 121.003315060231003, 14.647377405797901 ], [ 121.003077120826006, 14.647478619703101 ], [ 121.002862286769002, 14.6475303485095 ], [ 121.002818386743996, 14.6475955782971 ], [ 121.002848428416002, 14.647658556651599 ], [ 121.002762952354999, 14.648047655537299 ], [ 121.002598934819005, 14.6481061350826 ], [ 121.002386402287001, 14.648155621928399 ], [ 121.002497297838005, 14.648675168057199 ], [ 121.002702901760998, 14.649082258790299 ], [ 121.002358692797998, 14.6491474917772 ], [ 121.002275535058999, 14.649430878729801 ], [ 121.002109204022005, 14.649408393065 ], [ 121.002143855132999, 14.6490125433454 ], [ 121.001977524181996, 14.648963060252701 ], [ 121.001836604613004, 14.6492352129588 ], [ 121.001663350387005, 14.649482619005701 ] ] ] } },
{ "type": "Feature", "properties": { "barangay_name": "Damayan", "barangay_geom": "POLYGON((121.014531248368 14.6346211930455, 121.01474129478 14.6353888106283, 121.015533500901 14.6371213172852, 121.016410482303 14.6391049075939, 121.016620501344 14.6394887124634, 121.016462152417 14.6403639730112, 121.012696863299 14.6398656028663, 121.012715267349 14.6396324412555, 121.012601045752 14.6394064632521, 121.012483144728 14.6392809187993, 121.01232471597 14.6391840820248, 121.012225241522 14.6390513600649, 121.012192074229 14.6388971234811, 121.012180985728 14.6386448203486, 121.012129829858 14.6383522898952, 121.012078674124 14.638059759423, 121.011842018375 14.6377743786857, 121.011558316828 14.6374766718191, 121.011510411919 14.6372004641824, 121.011768277986 14.6367879439233, 121.012081409892 14.6363144301475, 121.012291615262 14.6358928734603, 121.012702661408 14.6357674451721, 121.013263975442 14.6356077073481, 121.013687631623 14.6354139833036, 121.013923397331 14.6351305919089, 121.014166514099 14.6345530577902, 121.014531248368 14.6346211930455))" }, "geometry": { "type": "Polygon", "coordinates": [ [ [ 121.014531248368002, 14.634621193045501 ], [ 121.014741294779995, 14.635388810628299 ], [ 121.015533500901, 14.637121317285199 ], [ 121.016410482303002, 14.6391049075939 ], [ 121.016620501343994, 14.6394887124634 ], [ 121.016462152417006, 14.640363973011199 ], [ 121.012696863298999, 14.639865602866299 ], [ 121.012715267348995, 14.6396324412555 ], [ 121.012601045752007, 14.639406463252101 ], [ 121.012483144727994, 14.639280918799299 ], [ 121.012324715969996, 14.6391840820248 ], [ 121.012225241522003, 14.639051360064901 ], [ 121.012192074229006, 14.638897123481099 ], [ 121.012180985727994, 14.638644820348601 ], [ 121.012129829857997, 14.638352289895201 ], [ 121.012078674123998, 14.638059759422999 ], [ 121.011842018375006, 14.6377743786857 ], [ 121.011558316828001, 14.637476671819099 ], [ 121.011510411919005, 14.637200464182399 ], [ 121.011768277985993, 14.6367879439233 ], [ 121.012081409892005, 14.6363144301475 ], [ 121.012291615262001, 14.6358928734603 ], [ 121.012702661407999, 14.6357674451721 ], [ 121.013263975442001, 14.6356077073481 ], [ 121.013687631623, 14.6354139833036 ], [ 121.013923397330998, 14.635130591908901 ], [ 121.014166514099003, 14.6345530577902 ], [ 121.014531248368002, 14.634621193045501 ] ] ] } },
{ "type": "Feature", "properties": { "barangay_name": "Damayang Lagi", "barangay_geom": "POLYGON((121.016319229127 14.6192341933482, 121.016401376921 14.6189957662795, 121.016673790227 14.6187683704485, 121.017053231537 14.6186167616737, 121.017675938129 14.6187019826105, 121.018386204218 14.6187966671314, 121.019008915086 14.6189197820949, 121.019310517687 14.6187965923976, 121.019475910866 14.6186355161377, 121.019758018566 14.6180765277751, 121.020040106803 14.6173185789349, 121.020312490791 14.616835376833, 121.020575101484 14.6159732173467, 121.020643176537 14.6155847722282, 121.020633410112 14.6151679175559, 121.020594442287 14.6146468538185, 121.020349943031 14.6133982517634, 121.019961802139 14.612164701394, 121.019893652691 14.6116246865738, 121.02002980261 14.61105623782, 121.020331361395 14.610478293417, 121.021502801035 14.6092985899544, 121.021506319096 14.6094924703489, 121.021556808774 14.609652895631, 121.021559130309 14.6096641932997, 121.021650806143 14.6098551190328, 121.021944564758 14.6103298557294, 121.02241408354 14.6109783095206, 121.023121920351 14.6120257257498, 121.023239119342 14.6123529278399, 121.023283337315 14.6129628191568, 121.023322843544 14.613251191331, 121.023363390364 14.61354823112, 121.023432140779 14.6137176291428, 121.023589878041 14.6138097768181, 121.023779168278 14.6138492549776, 121.023981978521 14.6138536177852, 121.024378562981 14.6137350845065, 121.02469824613 14.6136136212617, 121.025027728701 14.6133932774864, 121.025167180161 14.6131513342059, 121.025207703464 14.6128134147645, 121.025347378928 14.6125062057467, 121.025664582119 14.612389956539, 121.026051801511 14.6123040497141, 121.026153613551 14.6122995191665, 121.026825570727 14.612282224872, 121.027286307277 14.6123170231211, 121.027668343242 14.6123523449932, 121.028010848283 14.6123171902951, 121.028267721459 14.6122293883292, 121.028538112408 14.612097703459, 121.028652924305 14.6120634613231, 121.02875893733 14.6120318503624, 121.029015821899 14.6121064207067, 121.029115207662 14.6122158169924, 121.029208207155 14.6123217523641, 121.029272767033 14.6124969698688, 121.029267443977 14.6128132027101, 121.029440059152 14.613024451329, 121.029187764822 14.6134187790272, 121.024144009427 14.6216404491873, 121.016319229127 14.6192341933482))" }, "geometry": { "type": "Polygon", "coordinates": [ [ [ 121.016319229127006, 14.6192341933482 ], [ 121.016401376920996, 14.6189957662795 ], [ 121.016673790227003, 14.6187683704485 ], [ 121.017053231537005, 14.6186167616737 ], [ 121.017675938129003, 14.618701982610499 ], [ 121.018386204218004, 14.6187966671314 ], [ 121.019008915086005, 14.618919782094901 ], [ 121.019310517687003, 14.618796592397601 ], [ 121.019475910866007, 14.618635516137701 ], [ 121.019758018565994, 14.6180765277751 ], [ 121.020040106802995, 14.617318578934899 ], [ 121.020312490791, 14.616835376833 ], [ 121.020575101483999, 14.615973217346699 ], [ 121.020643176537007, 14.6155847722282 ], [ 121.020633410111998, 14.615167917555899 ], [ 121.020594442287006, 14.614646853818501 ], [ 121.020349943030993, 14.6133982517634 ], [ 121.019961802138994, 14.612164701394001 ], [ 121.019893652690996, 14.6116246865738 ], [ 121.020029802609997, 14.61105623782 ], [ 121.020331361394994, 14.610478293417 ], [ 121.021502801034998, 14.609298589954401 ], [ 121.021506319096005, 14.609492470348901 ], [ 121.021556808773994, 14.609652895630999 ], [ 121.021559130309001, 14.6096641932997 ], [ 121.021650806143001, 14.609855119032799 ], [ 121.021944564758002, 14.6103298557294 ], [ 121.022414083539999, 14.610978309520601 ], [ 121.023121920351002, 14.612025725749801 ], [ 121.023239119341994, 14.6123529278399 ], [ 121.023283337314993, 14.612962819156801 ], [ 121.023322843543994, 14.613251191331001 ], [ 121.023363390363997, 14.613548231119999 ], [ 121.023432140778993, 14.613717629142799 ], [ 121.023589878040994, 14.613809776818099 ], [ 121.023779168277997, 14.6138492549776 ], [ 121.023981978520993, 14.6138536177852 ], [ 121.024378562980999, 14.6137350845065 ], [ 121.024698246130001, 14.613613621261701 ], [ 121.025027728701005, 14.6133932774864 ], [ 121.025167180161006, 14.613151334205901 ], [ 121.025207703464005, 14.612813414764499 ], [ 121.025347378928004, 14.612506205746699 ], [ 121.025664582119006, 14.612389956538999 ], [ 121.026051801511002, 14.612304049714099 ], [ 121.026153613551003, 14.6122995191665 ], [ 121.026825570726999, 14.612282224872001 ], [ 121.027286307276995, 14.612317023121101 ], [ 121.027668343241999, 14.6123523449932 ], [ 121.028010848283003, 14.6123171902951 ], [ 121.028267721459002, 14.612229388329199 ], [ 121.028538112408, 14.612097703459 ], [ 121.028652924305007, 14.6120634613231 ], [ 121.028758937329997, 14.612031850362399 ], [ 121.029015821898994, 14.6121064207067 ], [ 121.029115207662002, 14.6122158169924 ], [ 121.029208207154994, 14.6123217523641 ], [ 121.029272767033007, 14.612496969868801 ], [ 121.029267443977005, 14.6128132027101 ], [ 121.029440059151995, 14.613024451329 ], [ 121.029187764821998, 14.613418779027199 ], [ 121.024144009427005, 14.6216404491873 ], [ 121.016319229127006, 14.6192341933482 ] ] ] } },
{ "type": "Feature", "properties": { "barangay_name": "Del Monte", "barangay_geom": "POLYGON((121.01176299335 14.6452712493191, 121.011565126128 14.6450102789109, 121.011299113666 14.6446138007146, 121.011113712818 14.6444955527845, 121.01087423422 14.6444979502024, 121.010595891128 14.6443959931632, 121.010423283077 14.6442777350596, 121.010277363764 14.6441464514875, 121.010251564574 14.6439204594589, 121.010362074064 14.6435796842663, 121.01069677631 14.6433438874898, 121.011024140403 14.6430328920754, 121.011135727347 14.6427366842059, 121.011176238399 14.6423600389913, 121.011235167338 14.6419905692654, 121.011279365116 14.6416462085757, 121.011393556703 14.641294668056, 121.01153723099 14.6411224816948, 121.011644065354 14.6410399749305, 121.012296141524 14.6404911187815, 121.012528230912 14.6402400138591, 121.012616640819 14.640049888792, 121.012696863299 14.6398656028663, 121.016462152417 14.6403639730112, 121.018289536027 14.6406041645661, 121.020113709554 14.6459128923498, 121.017259717071 14.6450457811264, 121.01750896714 14.6466269280574, 121.016691049495 14.6466951367768, 121.015799452653 14.6468028177965, 121.014867289324 14.6462576450679, 121.014150379732 14.6459767258282, 121.013289827991 14.6457795703513, 121.0123965924 14.645598854061, 121.012000308678 14.6455898365527, 121.01176299335 14.6452712493191))" }, "geometry": { "type": "Polygon", "coordinates": [ [ [ 121.011762993350004, 14.6452712493191 ], [ 121.011565126128005, 14.645010278910901 ], [ 121.011299113665999, 14.6446138007146 ], [ 121.011113712818002, 14.6444955527845 ], [ 121.010874234219997, 14.6444979502024 ], [ 121.010595891128006, 14.644395993163201 ], [ 121.010423283077003, 14.6442777350596 ], [ 121.010277363764004, 14.644146451487501 ], [ 121.010251564574006, 14.643920459458901 ], [ 121.010362074064005, 14.6435796842663 ], [ 121.010696776309999, 14.643343887489801 ], [ 121.011024140402995, 14.6430328920754 ], [ 121.011135727346996, 14.6427366842059 ], [ 121.011176238399003, 14.642360038991299 ], [ 121.011235167338, 14.641990569265401 ], [ 121.011279365115996, 14.6416462085757 ], [ 121.011393556702998, 14.641294668056 ], [ 121.011537230990001, 14.641122481694801 ], [ 121.011644065354005, 14.6410399749305 ], [ 121.012296141524004, 14.640491118781499 ], [ 121.012528230911997, 14.640240013859099 ], [ 121.012616640819004, 14.640049888791999 ], [ 121.012696863298999, 14.639865602866299 ], [ 121.016462152417006, 14.640363973011199 ], [ 121.018289536026998, 14.640604164566099 ], [ 121.020113709553996, 14.6459128923498 ], [ 121.017259717070999, 14.645045781126401 ], [ 121.017508967140003, 14.646626928057399 ], [ 121.016691049494995, 14.646695136776801 ], [ 121.015799452652999, 14.6468028177965 ], [ 121.014867289324002, 14.6462576450679 ], [ 121.014150379732001, 14.6459767258282 ], [ 121.013289827991002, 14.6457795703513 ], [ 121.012396592399995, 14.645598854060999 ], [ 121.012000308677997, 14.6455898365527 ], [ 121.011762993350004, 14.6452712493191 ] ] ] } },
{ "type": "Feature", "properties": { "barangay_name": "Dioquino Zobel", "barangay_geom": "POLYGON((121.064119539298 14.6186596427915, 121.0650076507 14.6190356248897, 121.065714924167 14.6193280413687, 121.065970325262 14.6194317017343, 121.066154537238 14.6194890426976, 121.065550801362 14.6209061104234, 121.065258511565 14.6208976602919, 121.064672701337 14.6206718391156, 121.064197420468 14.6204639180178, 121.063475301687 14.6201663943759, 121.064119539298 14.6186596427915))" }, "geometry": { "type": "Polygon", "coordinates": [ [ [ 121.064119539298005, 14.618659642791499 ], [ 121.065007650699997, 14.619035624889699 ], [ 121.065714924166997, 14.6193280413687 ], [ 121.065970325262001, 14.6194317017343 ], [ 121.066154537238006, 14.6194890426976 ], [ 121.065550801361994, 14.6209061104234 ], [ 121.065258511565006, 14.620897660291901 ], [ 121.064672701337003, 14.6206718391156 ], [ 121.064197420468005, 14.6204639180178 ], [ 121.063475301687006, 14.6201663943759 ], [ 121.064119539298005, 14.618659642791499 ] ] ] } },
{ "type": "Feature", "properties": { "barangay_name": "Don Manuel", "barangay_geom": "POLYGON((121.001775582172 14.6177382502631, 121.00107618416 14.617143805474, 121.005325112636 14.6138749907802, 121.005485860628 14.6144028691789, 121.008019937999 14.6143361563824, 121.008004736743 14.6182517662301, 121.001775582172 14.6177382502631))" }, "geometry": { "type": "Polygon", "coordinates": [ [ [ 121.001775582172002, 14.6177382502631 ], [ 121.001076184159999, 14.617143805474001 ], [ 121.005325112636001, 14.6138749907802 ], [ 121.005485860627999, 14.6144028691789 ], [ 121.008019937998995, 14.6143361563824 ], [ 121.008004736743004, 14.618251766230101 ], [ 121.001775582172002, 14.6177382502631 ] ] ] } },
{ "type": "Feature", "properties": { "barangay_name": "Doña Aurora", "barangay_geom": "POLYGON((121.009948840624 14.6183799086996, 121.008004736743 14.6182517662301, 121.008019937999 14.6143361563824, 121.007978220599 14.6139571546283, 121.007912192876 14.6138048795353, 121.008555099439 14.613916525079, 121.00874971496 14.6139571269567, 121.009176859769 14.6139638621511, 121.009607867302 14.6140033060251, 121.009722063064 14.6140104777052, 121.009843630273 14.6140535130071, 121.010090438185 14.614089375485, 121.010786173404 14.6142683660193, 121.010800096248 14.6146473685473, 121.010560306139 14.6146406098412, 121.01062999224 14.6184441680656, 121.009948840624 14.6183799086996))" }, "geometry": { "type": "Polygon", "coordinates": [ [ [ 121.009948840624006, 14.6183799086996 ], [ 121.008004736743004, 14.618251766230101 ], [ 121.008019937998995, 14.6143361563824 ], [ 121.007978220599, 14.6139571546283 ], [ 121.007912192876006, 14.6138048795353 ], [ 121.008555099438993, 14.613916525079 ], [ 121.008749714960004, 14.6139571269567 ], [ 121.009176859768999, 14.613963862151101 ], [ 121.009607867301995, 14.614003306025101 ], [ 121.009722063064004, 14.6140104777052 ], [ 121.009843630272997, 14.6140535130071 ], [ 121.010090438185003, 14.614089375484999 ], [ 121.010786173404, 14.614268366019299 ], [ 121.010800096248005, 14.614647368547301 ], [ 121.010560306138998, 14.614640609841199 ], [ 121.010629992239998, 14.618444168065601 ], [ 121.009948840624006, 14.6183799086996 ] ] ] } },
{ "type": "Feature", "properties": { "barangay_name": "Doña Imelda", "barangay_geom": "POLYGON((121.016401376921 14.6189957662795, 121.016319229127 14.6192341933482, 121.014995247575 14.6188837770152, 121.01062999224 14.6184441680656, 121.010560306139 14.6146406098412, 121.010800096248 14.6146473685473, 121.010786173404 14.6142683660193, 121.012138640405 14.6145520118783, 121.015023082324 14.6151616491391, 121.015851942887 14.6152835571176, 121.016772893609 14.6153193657108, 121.016887033565 14.614584001163, 121.017177547671 14.6081128785979, 121.017177543214 14.6080554853425, 121.017265905752 14.6074743698294, 121.017416907862 14.6071084788344, 121.017755771994 14.6066600627852, 121.017925200794 14.6064591734081, 121.018776047023 14.6056053839204, 121.017580794997 14.6044398332805, 121.01963195371 14.6028608213433, 121.019806513864 14.6034229443868, 121.020132431652 14.6044300103041, 121.020132431992 14.6044337521647, 121.020907575148 14.605681874626, 121.020907574795 14.6056781327658, 121.02148450442 14.6065031243419, 121.021749400564 14.6067780090001, 121.022237191035 14.6072842077153, 121.02248159328 14.6077231297273, 121.02247612403 14.6080653386674, 121.022386013282 14.6082979301035, 121.02200299976 14.6088070401715, 121.021669534073 14.609070375351, 121.021502801035 14.6092985899544, 121.020331361395 14.610478293417, 121.02002980261 14.61105623782, 121.019893652691 14.6116246865738, 121.019961802139 14.612164701394, 121.020349943031 14.6133982517634, 121.020594442287 14.6146468538185, 121.020633410112 14.6151679175559, 121.020643176537 14.6155847722282, 121.020575101484 14.6159732173467, 121.020312490791 14.616835376833, 121.020040106803 14.6173185789349, 121.019758018566 14.6180765277751, 121.019475910866 14.6186355161377, 121.019310517687 14.6187965923976, 121.019008915086 14.6189197820949, 121.018386204218 14.6187966671314, 121.017675938129 14.6187019826105, 121.017053231537 14.6186167616737, 121.016673790227 14.6187683704485, 121.016401376921 14.6189957662795))" }, "geometry": { "type": "Polygon", "coordinates": [ [ [ 121.016401376920996, 14.6189957662795 ], [ 121.016319229127006, 14.6192341933482 ], [ 121.014995247575001, 14.618883777015199 ], [ 121.010629992239998, 14.618444168065601 ], [ 121.010560306138998, 14.614640609841199 ], [ 121.010800096248005, 14.614647368547301 ], [ 121.010786173404, 14.614268366019299 ], [ 121.012138640404999, 14.614552011878301 ], [ 121.015023082324007, 14.6151616491391 ], [ 121.015851942886997, 14.6152835571176 ], [ 121.016772893609001, 14.6153193657108 ], [ 121.016887033564998, 14.614584001162999 ], [ 121.017177547670997, 14.6081128785979 ], [ 121.017177543214004, 14.608055485342501 ], [ 121.017265905751998, 14.607474369829401 ], [ 121.017416907862, 14.6071084788344 ], [ 121.017755771994004, 14.606660062785201 ], [ 121.017925200793997, 14.6064591734081 ], [ 121.018776047022996, 14.6056053839204 ], [ 121.017580794997002, 14.6044398332805 ], [ 121.019631953710004, 14.602860821343301 ], [ 121.019806513863998, 14.6034229443868 ], [ 121.020132431652002, 14.6044300103041 ], [ 121.020132431991996, 14.604433752164701 ], [ 121.020907575148001, 14.605681874626001 ], [ 121.020907574795004, 14.605678132765799 ], [ 121.021484504420002, 14.6065031243419 ], [ 121.021749400564005, 14.6067780090001 ], [ 121.022237191035003, 14.607284207715299 ], [ 121.022481593280006, 14.607723129727299 ], [ 121.022476124030007, 14.6080653386674 ], [ 121.022386013282002, 14.6082979301035 ], [ 121.022002999760005, 14.6088070401715 ], [ 121.021669534072998, 14.609070375350999 ], [ 121.021502801034998, 14.609298589954401 ], [ 121.020331361394994, 14.610478293417 ], [ 121.020029802609997, 14.61105623782 ], [ 121.019893652690996, 14.6116246865738 ], [ 121.019961802138994, 14.612164701394001 ], [ 121.020349943030993, 14.6133982517634 ], [ 121.020594442287006, 14.614646853818501 ], [ 121.020633410111998, 14.615167917555899 ], [ 121.020643176537007, 14.6155847722282 ], [ 121.020575101483999, 14.615973217346699 ], [ 121.020312490791, 14.616835376833 ], [ 121.020040106802995, 14.617318578934899 ], [ 121.019758018565994, 14.6180765277751 ], [ 121.019475910866007, 14.618635516137701 ], [ 121.019310517687003, 14.618796592397601 ], [ 121.019008915086005, 14.618919782094901 ], [ 121.018386204218004, 14.6187966671314 ], [ 121.017675938129003, 14.618701982610499 ], [ 121.017053231537005, 14.6186167616737 ], [ 121.016673790227003, 14.6187683704485 ], [ 121.016401376920996, 14.6189957662795 ] ] ] } },
{ "type": "Feature", "properties": { "barangay_name": "Doña Josefa", "barangay_geom": "POLYGON((121.009948840624 14.6183799086996, 121.009614735958 14.6218997707498, 121.008104385678 14.6234673852064, 121.00366519066 14.6194571411928, 121.001775582172 14.6177382502631, 121.008004736743 14.6182517662301, 121.009948840624 14.6183799086996))" }, "geometry": { "type": "Polygon", "coordinates": [ [ [ 121.009948840624006, 14.6183799086996 ], [ 121.009614735957996, 14.621899770749801 ], [ 121.008104385677996, 14.6234673852064 ], [ 121.003665190660001, 14.6194571411928 ], [ 121.001775582172002, 14.6177382502631 ], [ 121.008004736743004, 14.618251766230101 ], [ 121.009948840624006, 14.6183799086996 ] ] ] } },
{ "type": "Feature", "properties": { "barangay_name": "Duyan-duyan", "barangay_geom": "POLYGON((121.066026591064 14.6320328870895, 121.065857082053 14.6319145606632, 121.065584371799 14.6315882199489, 121.065068192926 14.6302073327399, 121.06481747848 14.6295402053642, 121.064776927468 14.6294290186008, 121.064765827762 14.6292783715208, 121.064798919796 14.6290559571894, 121.064835711675 14.6288837675822, 121.065128654117 14.6289291123034, 121.065266481593 14.6280191622143, 121.066578054677 14.6282411872098, 121.067200685055 14.6283522155375, 121.067454914692 14.6284740956774, 121.069481401568 14.6293631025084, 121.070575721337 14.6298828997867, 121.071209483254 14.6302091245956, 121.070863453895 14.6310414301985, 121.068652696641 14.6300054280347, 121.068361846312 14.6306081412598, 121.067902271448 14.6314466308502, 121.06735989322 14.6317122879424, 121.067016483966 14.6318739463367, 121.066630883689 14.6324021819979, 121.066026591064 14.6320328870895))" }, "geometry": { "type": "Polygon", "coordinates": [ [ [ 121.066026591064002, 14.632032887089499 ], [ 121.065857082053, 14.6319145606632 ], [ 121.065584371799005, 14.631588219948901 ], [ 121.065068192926006, 14.6302073327399 ], [ 121.064817478479995, 14.629540205364201 ], [ 121.064776927468003, 14.629429018600799 ], [ 121.064765827762002, 14.629278371520799 ], [ 121.064798919796004, 14.629055957189401 ], [ 121.064835711675002, 14.628883767582201 ], [ 121.065128654117004, 14.6289291123034 ], [ 121.065266481593, 14.628019162214301 ], [ 121.066578054676995, 14.628241187209801 ], [ 121.067200685054999, 14.6283522155375 ], [ 121.067454914691993, 14.628474095677401 ], [ 121.069481401567998, 14.6293631025084 ], [ 121.070575721336994, 14.629882899786701 ], [ 121.071209483253995, 14.6302091245956 ], [ 121.070863453895001, 14.631041430198501 ], [ 121.068652696640996, 14.6300054280347 ], [ 121.068361846312001, 14.630608141259801 ], [ 121.067902271448006, 14.631446630850199 ], [ 121.067359893220001, 14.631712287942401 ], [ 121.067016483966, 14.6318739463367 ], [ 121.066630883689001, 14.6324021819979 ], [ 121.066026591064002, 14.632032887089499 ] ] ] } },
{ "type": "Feature", "properties": { "barangay_name": "E. Rodriguez", "barangay_geom": "POLYGON((121.052492498979 14.6302632082084, 121.052294960831 14.6300875935094, 121.052037030472 14.6298724315496, 121.05188932602 14.6298328948702, 121.051790120164 14.6298600318115, 121.051605925864 14.6298996151997, 121.051454237525 14.6299323944719, 121.051203736609 14.6300077838001, 121.050997665974 14.6300601787695, 121.050631856562 14.629974394825, 121.050463005784 14.6298908272947, 121.050167110375 14.6298332721143, 121.049927498709 14.6297903917205, 121.049815216094 14.6297056818016, 121.049760077701 14.6295825469014, 121.049621352486 14.6293057788932, 121.049524430401 14.6291272933074, 121.049384291542 14.6290019167929, 121.049221468789 14.6288459955676, 121.049059336461 14.6286630857478, 121.048871402713 14.6284550728563, 121.048668763264 14.6283618582012, 121.04851478501 14.6283626404941, 121.048175112877 14.6284193539418, 121.047843569889 14.6284660508001, 121.047622539863 14.6285342538295, 121.047355675298 14.6285718894358, 121.046970479411 14.6285774265412, 121.04829607355 14.6256178202347, 121.050229407372 14.621511721545, 121.057290915675 14.6248604613716, 121.055321843722 14.6289271735187, 121.055048411603 14.6291283130939, 121.054881969742 14.6293667372204, 121.054786008674 14.6295994957296, 121.054925077747 14.6300751028863, 121.054810265983 14.6303180339098, 121.05442800888 14.6306209061689, 121.05427342834 14.6306323756692, 121.053767455405 14.6304572406095, 121.053669922149 14.6301861144687, 121.053497895717 14.6301420923851, 121.05323770462 14.6301805647167, 121.052924478248 14.6304359677213, 121.052792386641 14.6304354282821, 121.052492498979 14.6302632082084))" }, "geometry": { "type": "Polygon", "coordinates": [ [ [ 121.052492498979007, 14.630263208208399 ], [ 121.052294960831006, 14.630087593509399 ], [ 121.052037030471993, 14.6298724315496 ], [ 121.051889326020003, 14.6298328948702 ], [ 121.051790120164, 14.6298600318115 ], [ 121.051605925863996, 14.629899615199699 ], [ 121.051454237524993, 14.629932394471901 ], [ 121.051203736608997, 14.630007783800099 ], [ 121.050997665973995, 14.630060178769501 ], [ 121.050631856562006, 14.629974394825 ], [ 121.050463005783996, 14.6298908272947 ], [ 121.050167110375, 14.629833272114301 ], [ 121.049927498708996, 14.629790391720499 ], [ 121.049815216094004, 14.6297056818016 ], [ 121.049760077700995, 14.6295825469014 ], [ 121.049621352486, 14.629305778893199 ], [ 121.049524430400993, 14.6291272933074 ], [ 121.049384291541998, 14.6290019167929 ], [ 121.049221468789, 14.6288459955676 ], [ 121.049059336460999, 14.628663085747799 ], [ 121.048871402713004, 14.628455072856299 ], [ 121.048668763264004, 14.628361858201201 ], [ 121.048514785009999, 14.6283626404941 ], [ 121.048175112877004, 14.628419353941799 ], [ 121.047843569888997, 14.6284660508001 ], [ 121.047622539862999, 14.6285342538295 ], [ 121.047355675297993, 14.628571889435801 ], [ 121.046970479411002, 14.628577426541201 ], [ 121.048296073550006, 14.6256178202347 ], [ 121.050229407372001, 14.621511721545 ], [ 121.057290915674997, 14.6248604613716 ], [ 121.055321843721998, 14.628927173518701 ], [ 121.055048411602996, 14.629128313093901 ], [ 121.054881969741999, 14.629366737220399 ], [ 121.054786008674, 14.6295994957296 ], [ 121.054925077747001, 14.6300751028863 ], [ 121.054810265982994, 14.6303180339098 ], [ 121.054428008879995, 14.6306209061689 ], [ 121.054273428339997, 14.630632375669199 ], [ 121.053767455404994, 14.6304572406095 ], [ 121.053669922148998, 14.6301861144687 ], [ 121.053497895717001, 14.6301420923851 ], [ 121.053237704620003, 14.630180564716699 ], [ 121.052924478248002, 14.630435967721301 ], [ 121.052792386641002, 14.6304354282821 ], [ 121.052492498979007, 14.630263208208399 ] ] ] } },
{ "type": "Feature", "properties": { "barangay_name": "East Kamias", "barangay_geom": "POLYGON((121.057323958254 14.6340059443178, 121.054450156501 14.6331780220274, 121.052169549242 14.6325077585971, 121.052792386641 14.6304354282821, 121.052924478248 14.6304359677213, 121.05323770462 14.6301805647167, 121.053497895717 14.6301420923851, 121.053669922149 14.6301861144687, 121.053767455405 14.6304572406095, 121.05427342834 14.6306323756692, 121.05442800888 14.6306209061689, 121.054810265983 14.6303180339098, 121.054925077747 14.6300751028863, 121.054786008674 14.6295994957296, 121.054881969742 14.6293667372204, 121.055048411603 14.6291283130939, 121.055321843722 14.6289271735187, 121.055362375501 14.6289809688222, 121.055380811245 14.6290204256082, 121.05538081754 14.6290455339722, 121.05555031489 14.6291853882461, 121.059530395832 14.6330455882409, 121.061488100683 14.6348752055803, 121.062103501861 14.6354310412905, 121.061698197955 14.6352733134931, 121.057323958254 14.6340059443178))" }, "geometry": { "type": "Polygon", "coordinates": [ [ [ 121.057323958254003, 14.634005944317799 ], [ 121.054450156501005, 14.633178022027399 ], [ 121.052169549241995, 14.6325077585971 ], [ 121.052792386641002, 14.6304354282821 ], [ 121.052924478248002, 14.630435967721301 ], [ 121.053237704620003, 14.630180564716699 ], [ 121.053497895717001, 14.6301420923851 ], [ 121.053669922148998, 14.6301861144687 ], [ 121.053767455404994, 14.6304572406095 ], [ 121.054273428339997, 14.630632375669199 ], [ 121.054428008879995, 14.6306209061689 ], [ 121.054810265982994, 14.6303180339098 ], [ 121.054925077747001, 14.6300751028863 ], [ 121.054786008674, 14.6295994957296 ], [ 121.054881969741999, 14.629366737220399 ], [ 121.055048411602996, 14.629128313093901 ], [ 121.055321843721998, 14.628927173518701 ], [ 121.055362375501005, 14.6289809688222 ], [ 121.055380811245001, 14.6290204256082 ], [ 121.055380817539998, 14.629045533972199 ], [ 121.055550314889999, 14.6291853882461 ], [ 121.059530395831999, 14.633045588240901 ], [ 121.061488100682993, 14.6348752055803 ], [ 121.062103501861003, 14.6354310412905 ], [ 121.061698197954996, 14.6352733134931 ], [ 121.057323958254003, 14.634005944317799 ] ] ] } },
{ "type": "Feature", "properties": { "barangay_name": "Escopa 1", "barangay_geom": "POLYGON((121.073793934731 14.6236272088586, 121.074000323089 14.6238925889437, 121.074051568364 14.6240514386799, 121.07404834973 14.6242799818869, 121.074011597028 14.6245454300382, 121.073960389966 14.6249446494406, 121.072932265999 14.6247502345128, 121.07333711319 14.6235663717209, 121.073609731689 14.6236129233476, 121.073793934731 14.6236272088586))" }, "geometry": { "type": "Polygon", "coordinates": [ [ [ 121.073793934731, 14.623627208858601 ], [ 121.074000323088995, 14.623892588943701 ], [ 121.074051568363998, 14.624051438679899 ], [ 121.074048349730006, 14.6242799818869 ], [ 121.074011597028004, 14.6245454300382 ], [ 121.073960389966004, 14.6249446494406 ], [ 121.072932265999, 14.624750234512801 ], [ 121.073337113189993, 14.6235663717209 ], [ 121.073609731689004, 14.623612923347601 ], [ 121.073793934731, 14.623627208858601 ] ] ] } },
{ "type": "Feature", "properties": { "barangay_name": "Escopa 2", "barangay_geom": "POLYGON((121.07528833217 14.6242272167325, 121.075113083988 14.625162636748, 121.075111310918 14.6251622396348, 121.074525999013 14.6250734094612, 121.073960389966 14.6249446494406, 121.074011597028 14.6245454300382, 121.07404834973 14.6242799818869, 121.074051568364 14.6240514386799, 121.074000323089 14.6238925889437, 121.073793934731 14.6236272088586, 121.073996545506 14.6236163890493, 121.074302303379 14.6235840069942, 121.075390630786 14.6238131034783, 121.07528833217 14.6242272167325))" }, "geometry": { "type": "Polygon", "coordinates": [ [ [ 121.075288332170004, 14.6242272167325 ], [ 121.075113083988001, 14.625162636748 ], [ 121.075111310918004, 14.6251622396348 ], [ 121.074525999013005, 14.6250734094612 ], [ 121.073960389966004, 14.6249446494406 ], [ 121.074011597028004, 14.6245454300382 ], [ 121.074048349730006, 14.6242799818869 ], [ 121.074051568363998, 14.624051438679899 ], [ 121.074000323088995, 14.623892588943701 ], [ 121.073793934731, 14.623627208858601 ], [ 121.073996545506006, 14.6236163890493 ], [ 121.074302303379, 14.6235840069942 ], [ 121.075390630786003, 14.6238131034783 ], [ 121.075288332170004, 14.6242272167325 ] ] ] } },
{ "type": "Feature", "properties": { "barangay_name": "Escopa 3", "barangay_geom": "POLYGON((121.074081784038 14.6285129538441, 121.073622401932 14.6284590595534, 121.073125060787 14.628452039787, 121.072390629445 14.6285134854607, 121.071709429106 14.6282199518168, 121.071883910104 14.627784930497, 121.072932265999 14.6247502345128, 121.073960389966 14.6249446494406, 121.07381032292 14.6260591450906, 121.074874266019 14.6263924992178, 121.074376810081 14.6285670895602, 121.074081784038 14.6285129538441))" }, "geometry": { "type": "Polygon", "coordinates": [ [ [ 121.074081784038, 14.628512953844099 ], [ 121.073622401931999, 14.6284590595534 ], [ 121.073125060787007, 14.628452039787 ], [ 121.072390629444996, 14.628513485460701 ], [ 121.071709429105994, 14.628219951816799 ], [ 121.071883910104006, 14.627784930497 ], [ 121.072932265999, 14.624750234512801 ], [ 121.073960389966004, 14.6249446494406 ], [ 121.073810322919996, 14.626059145090601 ], [ 121.074874266018995, 14.6263924992178 ], [ 121.074376810081006, 14.6285670895602 ], [ 121.074081784038, 14.628512953844099 ] ] ] } },
{ "type": "Feature", "properties": { "barangay_name": "Escopa 4", "barangay_geom": "POLYGON((121.075111310918 14.6251622396348, 121.075113083988 14.625162636748, 121.074891526404 14.6263231700056, 121.074874266019 14.6263924992178, 121.07381032292 14.6260591450906, 121.073960389966 14.6249446494406, 121.074525999013 14.6250734094612, 121.075111310918 14.6251622396348))" }, "geometry": { "type": "Polygon", "coordinates": [ [ [ 121.075111310918004, 14.6251622396348 ], [ 121.075113083988001, 14.625162636748 ], [ 121.074891526404002, 14.6263231700056 ], [ 121.074874266018995, 14.6263924992178 ], [ 121.073810322919996, 14.626059145090601 ], [ 121.073960389966004, 14.6249446494406 ], [ 121.074525999013005, 14.6250734094612 ], [ 121.075111310918004, 14.6251622396348 ] ] ] } },
{ "type": "Feature", "properties": { "barangay_name": "Fairview", "barangay_geom": "POLYGON((121.075807094121 14.7100385817141, 121.073804969093 14.7105137345374, 121.073369531267 14.7109036461268, 121.072894025203 14.7112449890517, 121.072434119416 14.7113648896784, 121.072132334733 14.7113977473489, 121.071730679513 14.7112905431083, 121.07142091056 14.711243007334, 121.071202276136 14.7108278676846, 121.070733936682 14.7104229269548, 121.070255506488 14.7109800619997, 121.069928493964 14.710931824471, 121.069580818334 14.7108189513117, 121.069087468058 14.7107174188731, 121.068881993505 14.7106766634088, 121.068555150587 14.7103662159822, 121.06836791605 14.7101527432441, 121.068175750869 14.7099686460281, 121.068049390261 14.7099173821977, 121.067789309647 14.7100389773266, 121.067588128053 14.7099744670008, 121.067420063056 14.7100399526871, 121.067071322474 14.7098062711473, 121.066717506507 14.7096139584901, 121.066533513667 14.7094874219981, 121.066273806086 14.709461574765, 121.065974121271 14.7093385144367, 121.065800893845 14.7090339393347, 121.065767543666 14.7088330290505, 121.065807456683 14.7087163523101, 121.065987180233 14.7084829794299, 121.066120356558 14.7084764520377, 121.066299297819 14.7086371819244, 121.066513266765 14.7085865246459, 121.066599702149 14.7081652190971, 121.06673920931 14.7070827971665, 121.066752296712 14.706330966574, 121.066718934271 14.7060911648934, 121.066505798259 14.7059097475584, 121.066166136084 14.7057024445273, 121.065906419409 14.7056312249558, 121.065526793851 14.7053980016589, 121.065413540938 14.7052295249115, 121.065200439542 14.7051582913878, 121.065034004552 14.7052620337217, 121.06490089716 14.7054954019158, 121.064701166817 14.7056121231838, 121.064354913461 14.7056251803657, 121.063989118008 14.7055580552645, 121.063707898802 14.705463231307, 121.063556092826 14.7052949359641, 121.06328179745 14.7050577574869, 121.063118078996 14.7048589610776, 121.063014178352 14.704785553727, 121.062876382879 14.7046728301882, 121.06263510356 14.7044489823993, 121.062299319292 14.7042739571636, 121.061971422411 14.7042751748055, 121.061501635444 14.7043272697014, 121.061131377174 14.7043623907481, 121.061004618757 14.7045330207127, 121.060667463591 14.7046686826103, 121.060302162622 14.7048032215604, 121.060078173222 14.7049094788979, 121.059788633484 14.7051106543369, 121.0595768344 14.7052462822902, 121.059004399135 14.7055718049114, 121.058778311564 14.7057890057839, 121.058550173254 14.7058390268349, 121.05856682664 14.7041124677363, 121.058237441464 14.704103187088, 121.058091043707 14.6951134170091, 121.06029825477 14.6950961964055, 121.060303486931 14.6933862960858, 121.07019588462 14.6933778112066, 121.072668759067 14.6987631957467, 121.072751752722 14.6994364366518, 121.072775565138 14.6999543288717, 121.072911735298 14.7005354895395, 121.073296647153 14.7011966141838, 121.073781181633 14.7017321293096, 121.07428382263 14.7020945012731, 121.074804283643 14.7027273172978, 121.075401514343 14.7030954136107, 121.076093275791 14.7032505547938, 121.076820508254 14.7034287025249, 121.077334982863 14.7038025695258, 121.077748950711 14.7041764690863, 121.081189715743 14.704129249173, 121.083151511454 14.70970890697, 121.080899844036 14.7097771379115, 121.079987972749 14.7107440198737, 121.079687766804 14.710822791956, 121.075807094121 14.7100385817141))" }, "geometry": { "type": "Polygon", "coordinates": [ [ [ 121.075807094121004, 14.7100385817141 ], [ 121.073804969093004, 14.7105137345374 ], [ 121.073369531267005, 14.7109036461268 ], [ 121.072894025202999, 14.7112449890517 ], [ 121.072434119416002, 14.7113648896784 ], [ 121.072132334732999, 14.711397747348901 ], [ 121.071730679512996, 14.7112905431083 ], [ 121.071420910559993, 14.711243007334 ], [ 121.071202276136006, 14.7108278676846 ], [ 121.070733936682004, 14.7104229269548 ], [ 121.070255506487996, 14.710980061999701 ], [ 121.069928493963999, 14.710931824471 ], [ 121.069580818334003, 14.710818951311699 ], [ 121.069087468058001, 14.7107174188731 ], [ 121.068881993505002, 14.710676663408799 ], [ 121.068555150587002, 14.7103662159822 ], [ 121.068367916049993, 14.7101527432441 ], [ 121.068175750869003, 14.7099686460281 ], [ 121.068049390260995, 14.7099173821977 ], [ 121.067789309646997, 14.710038977326599 ], [ 121.067588128053004, 14.7099744670008 ], [ 121.067420063056005, 14.710039952687101 ], [ 121.067071322474007, 14.709806271147301 ], [ 121.066717506507004, 14.709613958490101 ], [ 121.066533513666997, 14.7094874219981 ], [ 121.066273806086002, 14.709461574764999 ], [ 121.065974121270997, 14.7093385144367 ], [ 121.065800893844994, 14.7090339393347 ], [ 121.065767543665999, 14.708833029050499 ], [ 121.065807456683004, 14.7087163523101 ], [ 121.065987180232995, 14.708482979429901 ], [ 121.066120356558002, 14.708476452037701 ], [ 121.066299297819, 14.7086371819244 ], [ 121.066513266765, 14.7085865246459 ], [ 121.066599702149006, 14.708165219097101 ], [ 121.066739209310001, 14.7070827971665 ], [ 121.066752296711996, 14.706330966574001 ], [ 121.066718934270995, 14.706091164893399 ], [ 121.066505798259001, 14.705909747558399 ], [ 121.066166136083993, 14.705702444527301 ], [ 121.065906419409004, 14.7056312249558 ], [ 121.065526793851006, 14.705398001658899 ], [ 121.065413540937996, 14.7052295249115 ], [ 121.065200439541997, 14.7051582913878 ], [ 121.065034004552004, 14.7052620337217 ], [ 121.064900897160001, 14.705495401915799 ], [ 121.064701166817002, 14.7056121231838 ], [ 121.064354913461003, 14.705625180365701 ], [ 121.063989118007996, 14.7055580552645 ], [ 121.063707898801994, 14.705463231307 ], [ 121.063556092826005, 14.705294935964099 ], [ 121.063281797450003, 14.7050577574869 ], [ 121.063118078995998, 14.704858961077599 ], [ 121.063014178352006, 14.704785553727 ], [ 121.062876382878997, 14.704672830188199 ], [ 121.062635103559998, 14.704448982399301 ], [ 121.062299319291995, 14.704273957163601 ], [ 121.061971422411006, 14.704275174805501 ], [ 121.061501635444003, 14.7043272697014 ], [ 121.061131377173993, 14.7043623907481 ], [ 121.061004618756996, 14.704533020712701 ], [ 121.060667463591003, 14.704668682610301 ], [ 121.060302162621994, 14.7048032215604 ], [ 121.060078173221996, 14.7049094788979 ], [ 121.059788633484004, 14.705110654336901 ], [ 121.059576834400005, 14.705246282290201 ], [ 121.059004399135006, 14.705571804911401 ], [ 121.058778311563998, 14.705789005783901 ], [ 121.058550173254005, 14.7058390268349 ], [ 121.058566826640003, 14.7041124677363 ], [ 121.058237441464001, 14.704103187088 ], [ 121.058091043706995, 14.6951134170091 ], [ 121.060298254770004, 14.695096196405499 ], [ 121.060303486931005, 14.6933862960858 ], [ 121.070195884620006, 14.6933778112066 ], [ 121.072668759067, 14.6987631957467 ], [ 121.072751752721999, 14.6994364366518 ], [ 121.072775565138002, 14.6999543288717 ], [ 121.072911735298007, 14.700535489539501 ], [ 121.073296647153001, 14.7011966141838 ], [ 121.073781181632995, 14.701732129309599 ], [ 121.074283822629994, 14.7020945012731 ], [ 121.074804283643005, 14.7027273172978 ], [ 121.075401514343, 14.703095413610701 ], [ 121.076093275790996, 14.703250554793801 ], [ 121.076820508254002, 14.703428702524899 ], [ 121.077334982862993, 14.7038025695258 ], [ 121.077748950710998, 14.704176469086301 ], [ 121.081189715742994, 14.704129249173 ], [ 121.083151511454005, 14.70970890697 ], [ 121.080899844035997, 14.7097771379115 ], [ 121.079987972748995, 14.710744019873699 ], [ 121.079687766804, 14.710822791956 ], [ 121.075807094121004, 14.7100385817141 ] ] ] } },
{ "type": "Feature", "properties": { "barangay_name": "Greater Lagro", "barangay_geom": "POLYGON((121.048812134059 14.7153198772826, 121.052192217572 14.7153015432075, 121.052161586004 14.7131669748731, 121.053432870766 14.7131666852563, 121.053441852894 14.7121086505843, 121.057925447267 14.7156010543211, 121.057979326623 14.7159558271793, 121.057178408044 14.7169484770661, 121.057168122128 14.7174244503551, 121.060717122449 14.7207148327358, 121.060873263781 14.7209477066046, 121.060946188043 14.72124137524, 121.060928323308 14.7223869195955, 121.061206759518 14.7228515008391, 121.062861202028 14.7228713123692, 121.063014204969 14.7230924720634, 121.063271701523 14.7233827545082, 121.063891128231 14.7238186782994, 121.064873800602 14.7239697952119, 121.064008004107 14.7235802631303, 121.064037076287 14.7231849326355, 121.063495930545 14.7229217803506, 121.063204412915 14.7223243617617, 121.063204310811 14.7219699191322, 121.06533737142 14.7219591954269, 121.065335782475 14.7166222550712, 121.06612654592 14.7166017760953, 121.066125865617 14.7143434504445, 121.067412651121 14.7143290342967, 121.067776730288 14.7145012146638, 121.067763215656 14.7154832935551, 121.06923489625 14.7167070943402, 121.069291788494 14.7171927188904, 121.069258784383 14.7177200907093, 121.068942580808 14.7203626613902, 121.068789132313 14.7209548366722, 121.068875279889 14.7213017248933, 121.070098584736 14.7224437520946, 121.070307726105 14.7230537681399, 121.070611889922 14.7253127768697, 121.0716555335 14.7271777261132, 121.071685110164 14.7274575037896, 121.071537901508 14.7281247409206, 121.071538165948 14.7289354139709, 121.071623542354 14.7307934714364, 121.071137525149 14.7323109464257, 121.071473474691 14.7340075129675, 121.071473551879 14.734244259681, 121.071293134585 14.7348182413127, 121.0713742953 14.7350226785543, 121.071559240417 14.7352609136946, 121.071599262907 14.7354458771966, 121.071459325605 14.735815384136, 121.071172031396 14.7364181039115, 121.071067967727 14.7364692559687, 121.070954586158 14.7364827305675, 121.070748382774 14.7364753371806, 121.070588606661 14.7365292084705, 121.069518899147 14.7354947935322, 121.066925670259 14.73543293224, 121.058488837729 14.7353024921243, 121.058094430963 14.7352129143816, 121.056951728522 14.7348956862041, 121.055541337865 14.7344565732691, 121.055788181524 14.7340368337918, 121.055596039345 14.7321536789922, 121.055544066063 14.7306722385704, 121.055617679413 14.7302561288186, 121.056000834274 14.7296354729238, 121.058071415316 14.7266828298633, 121.05328929021 14.7222735658026, 121.052464346206 14.7215043758904, 121.052161607531 14.7212287786244, 121.049991614813 14.7192566658678, 121.048728479233 14.7181004947338, 121.048812134059 14.7153198772826))" }, "geometry": { "type": "Polygon", "coordinates": [ [ [ 121.048812134059006, 14.715319877282599 ], [ 121.052192217571999, 14.715301543207501 ], [ 121.052161586004004, 14.713166974873101 ], [ 121.053432870766002, 14.713166685256301 ], [ 121.053441852893997, 14.7121086505843 ], [ 121.057925447266996, 14.7156010543211 ], [ 121.057979326622998, 14.7159558271793 ], [ 121.057178408043995, 14.716948477066101 ], [ 121.057168122128004, 14.7174244503551 ], [ 121.060717122449006, 14.7207148327358 ], [ 121.060873263781005, 14.7209477066046 ], [ 121.060946188043005, 14.72124137524 ], [ 121.060928323308005, 14.7223869195955 ], [ 121.061206759518001, 14.7228515008391 ], [ 121.062861202028003, 14.7228713123692 ], [ 121.063014204968994, 14.723092472063399 ], [ 121.063271701523007, 14.723382754508201 ], [ 121.063891128231006, 14.7238186782994 ], [ 121.064873800602001, 14.7239697952119 ], [ 121.064008004106995, 14.7235802631303 ], [ 121.064037076286994, 14.723184932635499 ], [ 121.063495930545002, 14.7229217803506 ], [ 121.063204412914999, 14.7223243617617 ], [ 121.063204310811003, 14.721969919132199 ], [ 121.06533737142, 14.7219591954269 ], [ 121.065335782475003, 14.716622255071201 ], [ 121.06612654592, 14.716601776095301 ], [ 121.066125865616996, 14.714343450444501 ], [ 121.067412651121003, 14.7143290342967 ], [ 121.067776730288003, 14.7145012146638 ], [ 121.067763215656001, 14.715483293555099 ], [ 121.069234896249995, 14.716707094340199 ], [ 121.069291788493999, 14.7171927188904 ], [ 121.069258784382995, 14.7177200907093 ], [ 121.068942580807999, 14.720362661390199 ], [ 121.068789132313, 14.720954836672201 ], [ 121.068875279888999, 14.7213017248933 ], [ 121.070098584736002, 14.7224437520946 ], [ 121.070307726105, 14.7230537681399 ], [ 121.070611889922006, 14.7253127768697 ], [ 121.071655533500007, 14.727177726113201 ], [ 121.071685110163997, 14.7274575037896 ], [ 121.071537901507995, 14.728124740920601 ], [ 121.071538165947999, 14.7289354139709 ], [ 121.071623542354004, 14.730793471436399 ], [ 121.071137525148998, 14.7323109464257 ], [ 121.071473474691004, 14.7340075129675 ], [ 121.071473551878995, 14.734244259681001 ], [ 121.071293134585005, 14.7348182413127 ], [ 121.071374295300004, 14.7350226785543 ], [ 121.071559240417002, 14.735260913694599 ], [ 121.071599262907, 14.7354458771966 ], [ 121.071459325605005, 14.735815384136 ], [ 121.071172031396003, 14.7364181039115 ], [ 121.071067967727004, 14.7364692559687 ], [ 121.070954586157995, 14.7364827305675 ], [ 121.070748382773999, 14.7364753371806 ], [ 121.070588606661005, 14.7365292084705 ], [ 121.069518899146999, 14.735494793532199 ], [ 121.066925670258996, 14.73543293224 ], [ 121.058488837729001, 14.735302492124299 ], [ 121.058094430962996, 14.7352129143816 ], [ 121.056951728521994, 14.7348956862041 ], [ 121.055541337864994, 14.7344565732691 ], [ 121.055788181523994, 14.7340368337918 ], [ 121.055596039345005, 14.7321536789922 ], [ 121.055544066063007, 14.730672238570399 ], [ 121.055617679413004, 14.730256128818599 ], [ 121.056000834274002, 14.7296354729238 ], [ 121.058071415315993, 14.7266828298633 ], [ 121.053289290210003, 14.722273565802601 ], [ 121.052464346205994, 14.721504375890399 ], [ 121.052161607531005, 14.7212287786244 ], [ 121.049991614812996, 14.7192566658678 ], [ 121.048728479233006, 14.7181004947338 ], [ 121.048812134059006, 14.715319877282599 ] ] ] } },
{ "type": "Feature", "properties": { "barangay_name": "Gulod", "barangay_geom": "POLYGON((121.047376344806 14.7051789052214, 121.04684034427 14.7079278741873, 121.04669914134 14.7079187379099, 121.04666585934 14.7090045431242, 121.046876789063 14.7093094413307, 121.046804535584 14.709485385029, 121.04653945245 14.7095851300491, 121.046256296151 14.7096731467538, 121.046057500577 14.7097963412234, 121.046022858109 14.7100341980909, 121.046012469766 14.7101354734875, 121.04606454577 14.7103582554384, 121.046616098771 14.7108543709274, 121.046855439959 14.7110467374686, 121.047053201323 14.711380885816, 121.046866020329 14.7118467719729, 121.046549505632 14.7121092787127, 121.046401814169 14.7122121181425, 121.046241407304 14.7125228391953, 121.046061236253 14.7126866929029, 121.045767305495 14.7128268436211, 121.045479736584 14.7128833891369, 121.045064177436 14.7128495769684, 121.044800940478 14.7126914590639, 121.044378655783 14.7124136148801, 121.043999332823 14.7121527084387, 121.043729133381 14.7119968501814, 121.043410807177 14.7120409713732, 121.0432262937 14.7122782592853, 121.043005537001 14.7127087458432, 121.043051714955 14.7128895017756, 121.0432148727 14.7132261452936, 121.043322871958 14.7134712869785, 121.043134067482 14.7140418601198, 121.043017801702 14.7145457627262, 121.042983055389 14.7149378021303, 121.043174338365 14.7152066537202, 121.043371415992 14.7153794729387, 121.043663092854 14.715554533736, 121.04397535861 14.7156414675822, 121.044287931801 14.7157781111733, 121.044435075103 14.7158865416768, 121.044467030845 14.7160334066652, 121.044143518514 14.7163147831998, 121.043958768682 14.7168232183256, 121.043930688994 14.7171576378631, 121.043829167734 14.7174175059642, 121.043683266942 14.7177700241566, 121.043502913553 14.7184976348894, 121.043270496852 14.7186456792796, 121.043040936403 14.7185858438283, 121.042934125332 14.7184920921057, 121.042720803436 14.7183667262238, 121.04247702499 14.7183012439443, 121.042193500036 14.7182775704224, 121.041984872929 14.7184188305277, 121.041546159251 14.718761232234, 121.041260643212 14.7189669027818, 121.041095060054 14.7191241249463, 121.040924072365 14.7192833002012, 121.040389720586 14.7187478793993, 121.040067273594 14.7185570029697, 121.039698957328 14.7182373392969, 121.039484451731 14.7179730079735, 121.039302737523 14.7176623499969, 121.038998263928 14.717377697452, 121.038782035862 14.7171834119679, 121.038804900532 14.7168263983531, 121.038694584487 14.7165891634567, 121.03838142047 14.7163530919696, 121.038103674897 14.7161712435705, 121.037577796713 14.7159035720855, 121.037439934851 14.7158019143877, 121.037390853017 14.7155590200537, 121.037317075424 14.7151839456571, 121.037197474879 14.714942192392, 121.036966744299 14.7147388692676, 121.036718021523 14.714614633225, 121.036397367427 14.7146519664863, 121.036062494068 14.7146768739585, 121.03560980021 14.7147164861969, 121.035317877871 14.7148159513412, 121.035261582596 14.7148001430214, 121.035116767637 14.7147594930017, 121.034893276626 14.7145200138091, 121.034719126953 14.7143031225703, 121.034542653602 14.7140704146484, 121.034280861594 14.7137902685401, 121.034177809169 14.7135835343546, 121.034223930732 14.7134479541648, 121.034445584792 14.7131180260876, 121.03462082881 14.7129214185618, 121.034680279246 14.7126920646869, 121.034624828389 14.7125508506933, 121.034441992269 14.7124153045412, 121.034268133641 14.7122051915468, 121.034090231377 14.7120854612793, 121.033895783144 14.7119759012992, 121.033697546169 14.7116833176098, 121.033628452156 14.7115233600638, 121.033745454768 14.7113334950961, 121.033956070622 14.7111512175207, 121.034182285259 14.7109005994133, 121.03417823202 14.7106924315515, 121.034101307006 14.7105139378822, 121.033952132977 14.7104280966152, 121.033710686052 14.7103535664742, 121.033558052506 14.7103539501509, 121.033597036173 14.7101792897836, 121.034072839461 14.709457825092, 121.036210493237 14.7093056226362, 121.036894044041 14.7086663222721, 121.037243734967 14.7087894122254, 121.037700548893 14.7091305315204, 121.037854071456 14.7092287972377, 121.03806851012 14.7091677540787, 121.038143632668 14.7090039238358, 121.038267792465 14.7087779476534, 121.038663270955 14.7085191627289, 121.039011736872 14.7082762019432, 121.039697388876 14.7079710453107, 121.040231050645 14.7080353506987, 121.040337375138 14.7079912437407, 121.041320302983 14.7075430456029, 121.041410031049 14.7065517526904, 121.041834760364 14.7051661518162, 121.045509318449 14.7052034202953, 121.045587200289 14.7045427645288, 121.047376344806 14.7051789052214))" }, "geometry": { "type": "Polygon", "coordinates": [ [ [ 121.047376344805997, 14.7051789052214 ], [ 121.046840344269995, 14.7079278741873 ], [ 121.04669914134, 14.7079187379099 ], [ 121.046665859339996, 14.7090045431242 ], [ 121.046876789063006, 14.709309441330699 ], [ 121.046804535584002, 14.709485385029 ], [ 121.046539452450006, 14.709585130049099 ], [ 121.046256296151, 14.709673146753801 ], [ 121.046057500577007, 14.709796341223401 ], [ 121.046022858108998, 14.7100341980909 ], [ 121.046012469765998, 14.710135473487499 ], [ 121.046064545769994, 14.7103582554384 ], [ 121.046616098770997, 14.7108543709274 ], [ 121.046855439959003, 14.7110467374686 ], [ 121.047053201322996, 14.711380885816 ], [ 121.046866020329006, 14.711846771972899 ], [ 121.046549505632001, 14.712109278712701 ], [ 121.046401814169002, 14.712212118142499 ], [ 121.046241407303995, 14.7125228391953 ], [ 121.046061236252996, 14.712686692902899 ], [ 121.045767305495005, 14.7128268436211 ], [ 121.045479736583999, 14.7128833891369 ], [ 121.045064177436004, 14.7128495769684 ], [ 121.044800940477998, 14.712691459063899 ], [ 121.044378655783007, 14.7124136148801 ], [ 121.043999332823006, 14.712152708438699 ], [ 121.043729133381007, 14.7119968501814 ], [ 121.043410807176997, 14.712040971373201 ], [ 121.043226293700002, 14.7122782592853 ], [ 121.043005537000994, 14.7127087458432 ], [ 121.043051714954998, 14.712889501775599 ], [ 121.043214872700005, 14.7132261452936 ], [ 121.043322871957997, 14.7134712869785 ], [ 121.043134067482001, 14.714041860119799 ], [ 121.043017801702007, 14.7145457627262 ], [ 121.042983055389001, 14.714937802130301 ], [ 121.043174338365006, 14.7152066537202 ], [ 121.043371415991999, 14.7153794729387 ], [ 121.043663092854004, 14.715554533736 ], [ 121.043975358609998, 14.7156414675822 ], [ 121.044287931800994, 14.7157781111733 ], [ 121.044435075102996, 14.715886541676801 ], [ 121.044467030844999, 14.716033406665201 ], [ 121.044143518514005, 14.716314783199801 ], [ 121.043958768682003, 14.716823218325599 ], [ 121.043930688993996, 14.717157637863099 ], [ 121.043829167734003, 14.7174175059642 ], [ 121.043683266941997, 14.7177700241566 ], [ 121.043502913552999, 14.718497634889401 ], [ 121.043270496852003, 14.7186456792796 ], [ 121.043040936403003, 14.718585843828301 ], [ 121.042934125331996, 14.7184920921057 ], [ 121.042720803435998, 14.718366726223801 ], [ 121.042477024990006, 14.7183012439443 ], [ 121.042193500036007, 14.7182775704224 ], [ 121.041984872929007, 14.7184188305277 ], [ 121.041546159250998, 14.718761232234 ], [ 121.041260643211999, 14.7189669027818 ], [ 121.041095060054005, 14.719124124946299 ], [ 121.040924072365002, 14.7192833002012 ], [ 121.040389720586006, 14.718747879399301 ], [ 121.040067273594005, 14.7185570029697 ], [ 121.039698957328, 14.7182373392969 ], [ 121.039484451730999, 14.7179730079735 ], [ 121.039302737523002, 14.7176623499969 ], [ 121.038998263927994, 14.717377697451999 ], [ 121.038782035861999, 14.7171834119679 ], [ 121.038804900532, 14.716826398353099 ], [ 121.038694584487004, 14.7165891634567 ], [ 121.038381420470003, 14.7163530919696 ], [ 121.038103674897002, 14.7161712435705 ], [ 121.037577796712995, 14.7159035720855 ], [ 121.037439934850994, 14.715801914387701 ], [ 121.037390853017001, 14.7155590200537 ], [ 121.037317075423999, 14.715183945657101 ], [ 121.037197474878994, 14.714942192392 ], [ 121.036966744298994, 14.714738869267601 ], [ 121.036718021523001, 14.714614633225001 ], [ 121.036397367427, 14.714651966486301 ], [ 121.036062494068005, 14.714676873958499 ], [ 121.035609800209997, 14.714716486196901 ], [ 121.035317877870995, 14.714815951341199 ], [ 121.035261582595993, 14.714800143021399 ], [ 121.035116767637007, 14.714759493001701 ], [ 121.034893276625994, 14.7145200138091 ], [ 121.034719126952993, 14.7143031225703 ], [ 121.034542653602003, 14.7140704146484 ], [ 121.034280861593999, 14.7137902685401 ], [ 121.034177809168995, 14.7135835343546 ], [ 121.034223930731997, 14.713447954164799 ], [ 121.034445584791996, 14.713118026087599 ], [ 121.034620828810006, 14.7129214185618 ], [ 121.034680279246004, 14.7126920646869 ], [ 121.034624828388999, 14.712550850693299 ], [ 121.034441992268995, 14.712415304541199 ], [ 121.034268133641007, 14.712205191546801 ], [ 121.034090231376993, 14.712085461279299 ], [ 121.033895783144004, 14.7119759012992 ], [ 121.033697546168995, 14.711683317609801 ], [ 121.033628452155995, 14.711523360063801 ], [ 121.033745454767995, 14.711333495096101 ], [ 121.033956070621997, 14.711151217520699 ], [ 121.034182285259007, 14.7109005994133 ], [ 121.034178232019997, 14.7106924315515 ], [ 121.034101307005997, 14.710513937882199 ], [ 121.033952132977006, 14.7104280966152 ], [ 121.033710686052004, 14.7103535664742 ], [ 121.033558052505995, 14.7103539501509 ], [ 121.033597036173006, 14.7101792897836 ], [ 121.034072839461004, 14.709457825092001 ], [ 121.036210493236993, 14.709305622636199 ], [ 121.036894044041006, 14.7086663222721 ], [ 121.037243734967007, 14.7087894122254 ], [ 121.037700548893, 14.709130531520399 ], [ 121.037854071455996, 14.709228797237699 ], [ 121.038068510119999, 14.709167754078701 ], [ 121.038143632667996, 14.7090039238358 ], [ 121.038267792465007, 14.708777947653401 ], [ 121.038663270954999, 14.7085191627289 ], [ 121.039011736871998, 14.7082762019432 ], [ 121.039697388875993, 14.7079710453107 ], [ 121.040231050645005, 14.708035350698699 ], [ 121.040337375137995, 14.7079912437407 ], [ 121.041320302982996, 14.7075430456029 ], [ 121.041410031048997, 14.7065517526904 ], [ 121.041834760363997, 14.705166151816201 ], [ 121.045509318449007, 14.7052034202953 ], [ 121.045587200289006, 14.704542764528799 ], [ 121.047376344805997, 14.7051789052214 ] ] ] } },
{ "type": "Feature", "properties": { "barangay_name": "Holy Spirit", "barangay_geom": "POLYGON((121.074322036072 14.6770196126519, 121.078305033303 14.6770283726513, 121.078337603341 14.6711307769726, 121.078337855969 14.6710840671993, 121.079029505619 14.6717978548922, 121.079657617516 14.6725116622544, 121.080235524723 14.6731780343853, 121.08071446271 14.6737664845252, 121.081226805332 14.6744464342324, 121.081684610729 14.6751173636899, 121.08236335292 14.6761847670834, 121.082503871542 14.6764500711252, 121.082826013905 14.6770582847413, 121.083427762401 14.6781535952242, 121.083879587312 14.6791001886996, 121.084360803924 14.680269337288, 121.085239296102 14.68233538483, 121.086027867763 14.6841067068327, 121.086719547197 14.6857885744318, 121.087126960824 14.6870312972121, 121.087380626067 14.6886659930906, 121.087422978399 14.6933216805346, 121.07019588462 14.6933778112066, 121.0699651285 14.6927391396605, 121.069963843232 14.6886995354161, 121.069874436042 14.6863862787518, 121.069375704285 14.6795271416715, 121.069227129237 14.6770124922197, 121.074322036072 14.6770196126519))" }, "geometry": { "type": "Polygon", "coordinates": [ [ [ 121.074322036072004, 14.6770196126519 ], [ 121.078305033302996, 14.6770283726513 ], [ 121.078337603340998, 14.6711307769726 ], [ 121.078337855968996, 14.671084067199301 ], [ 121.079029505619005, 14.671797854892199 ], [ 121.079657617516006, 14.672511662254401 ], [ 121.080235524722994, 14.6731780343853 ], [ 121.080714462710006, 14.673766484525199 ], [ 121.081226805331994, 14.674446434232401 ], [ 121.081684610728999, 14.6751173636899 ], [ 121.082363352919998, 14.6761847670834 ], [ 121.082503871542002, 14.676450071125201 ], [ 121.082826013905006, 14.6770582847413 ], [ 121.083427762401001, 14.678153595224201 ], [ 121.083879587311998, 14.6791001886996 ], [ 121.084360803924, 14.680269337287999 ], [ 121.085239296102003, 14.682335384829999 ], [ 121.086027867762994, 14.684106706832701 ], [ 121.086719547197006, 14.6857885744318 ], [ 121.087126960823994, 14.6870312972121 ], [ 121.087380626067002, 14.6886659930906 ], [ 121.087422978399005, 14.6933216805346 ], [ 121.070195884620006, 14.6933778112066 ], [ 121.069965128500002, 14.6927391396605 ], [ 121.069963843232003, 14.688699535416101 ], [ 121.069874436041999, 14.686386278751799 ], [ 121.069375704284994, 14.6795271416715 ], [ 121.069227129237007, 14.677012492219699 ], [ 121.074322036072004, 14.6770196126519 ] ] ] } },
{ "type": "Feature", "properties": { "barangay_name": "Horseshoe", "barangay_geom": "POLYGON((121.044050585078 14.6142778042646, 121.042194320048 14.6161254948655, 121.041194570972 14.6155127232326, 121.040746372317 14.6152122784881, 121.040538656397 14.6150383274008, 121.040027195505 14.6145932794255, 121.039787558058 14.6143560650236, 121.039676431805 14.6141843562264, 121.039567593028 14.6137753915582, 121.039488381033 14.6136183644857, 121.039344770969 14.6134590886824, 121.039072654481 14.6132535130547, 121.03842313237 14.6127519951744, 121.038361386643 14.6126825550192, 121.037610071072 14.61254656959, 121.037384379034 14.6124697170329, 121.037604156838 14.6119907962282, 121.037802110909 14.6116675092925, 121.038279573028 14.6110549417007, 121.0382737156 14.610890481676, 121.038312580347 14.6107407557814, 121.038361029536 14.6106239186929, 121.038588053028 14.6099887143707, 121.038582165109 14.6095974019196, 121.038931595465 14.6096030199142, 121.03915873174 14.6096199919832, 121.03922927381 14.6098867185929, 121.039324152074 14.6100448729542, 121.039429759983 14.6102018956728, 121.039504028973 14.6102854874252, 121.039600331284 14.6103080668564, 121.039696334369 14.6103182186298, 121.039825412373 14.6102989902281, 121.039900179824 14.6102634117206, 121.039948055998 14.6102167658731, 121.040169082492 14.6102167279124, 121.040264832 14.6102616317772, 121.040382598964 14.6102616114172, 121.040489914874 14.6102627226003, 121.040565321503 14.6102209073385, 121.040626456178 14.6101471622079, 121.040713802481 14.6100734215254, 121.040841916258 14.6100110077092, 121.041057407657 14.610044999094, 121.041156293437 14.6101340541598, 121.041261745709 14.6101959298392, 121.041314828713 14.6102490204822, 121.041421294959 14.6103224378239, 121.041453215397 14.610374402404, 121.041484195359 14.61041019762, 121.041524725611 14.6104424842696, 121.041929095442 14.6098568743996, 121.04221810234 14.6092800609077, 121.043051061936 14.6096119488717, 121.043090350762 14.6096081184139, 121.046170692865 14.6124748404175, 121.046281772171 14.612712742669, 121.046737942601 14.6140931438036, 121.04641556324 14.614227128703, 121.046275581775 14.614223568319, 121.046201050168 14.6141899335031, 121.046135240913 14.6141434715885, 121.046036103838 14.6140693680738, 121.045726698104 14.6142380294218, 121.045652853088 14.6142476606433, 121.045556543328 14.6142002283982, 121.045303213871 14.6137122094801, 121.045284486969 14.6134597191231, 121.045099465401 14.6130682699707, 121.045019077946 14.6125809312077, 121.044478296262 14.6122933548412, 121.044333273561 14.6123238867266, 121.044140083969 14.6122911595244, 121.044096211665 14.6121664392452, 121.043043986858 14.6132715321596, 121.044050585078 14.6142778042646))" }, "geometry": { "type": "Polygon", "coordinates": [ [ [ 121.044050585077997, 14.614277804264599 ], [ 121.042194320047997, 14.6161254948655 ], [ 121.041194570971996, 14.6155127232326 ], [ 121.040746372317003, 14.6152122784881 ], [ 121.040538656397004, 14.6150383274008 ], [ 121.040027195505004, 14.614593279425501 ], [ 121.039787558057995, 14.6143560650236 ], [ 121.039676431805006, 14.614184356226399 ], [ 121.039567593027996, 14.6137753915582 ], [ 121.039488381032996, 14.613618364485699 ], [ 121.039344770968995, 14.613459088682401 ], [ 121.039072654481004, 14.613253513054699 ], [ 121.038423132369999, 14.612751995174399 ], [ 121.038361386643004, 14.6126825550192 ], [ 121.037610071071995, 14.61254656959 ], [ 121.037384379033995, 14.6124697170329 ], [ 121.037604156838, 14.6119907962282 ], [ 121.037802110908999, 14.6116675092925 ], [ 121.038279573028007, 14.611054941700701 ], [ 121.038273715599999, 14.610890481676 ], [ 121.038312580346997, 14.6107407557814 ], [ 121.038361029536006, 14.6106239186929 ], [ 121.038588053027993, 14.609988714370701 ], [ 121.038582165109005, 14.609597401919601 ], [ 121.038931595465002, 14.6096030199142 ], [ 121.039158731740002, 14.6096199919832 ], [ 121.039229273809994, 14.6098867185929 ], [ 121.039324152074002, 14.6100448729542 ], [ 121.039429759982994, 14.6102018956728 ], [ 121.039504028972999, 14.6102854874252 ], [ 121.039600331284007, 14.610308066856399 ], [ 121.039696334368998, 14.6103182186298 ], [ 121.039825412373006, 14.610298990228101 ], [ 121.039900179824002, 14.610263411720601 ], [ 121.039948055997996, 14.610216765873099 ], [ 121.040169082492, 14.6102167279124 ], [ 121.040264832, 14.610261631777201 ], [ 121.040382598964001, 14.610261611417201 ], [ 121.040489914874001, 14.6102627226003 ], [ 121.040565321502996, 14.610220907338499 ], [ 121.040626456178003, 14.6101471622079 ], [ 121.040713802480994, 14.610073421525399 ], [ 121.040841916258003, 14.6100110077092 ], [ 121.041057407656993, 14.610044999094001 ], [ 121.041156293436998, 14.610134054159801 ], [ 121.041261745708994, 14.6101959298392 ], [ 121.041314828712999, 14.6102490204822 ], [ 121.041421294958994, 14.6103224378239 ], [ 121.041453215396999, 14.610374402404 ], [ 121.041484195359004, 14.61041019762 ], [ 121.041524725610998, 14.610442484269599 ], [ 121.041929095442001, 14.6098568743996 ], [ 121.042218102340001, 14.6092800609077 ], [ 121.043051061935998, 14.6096119488717 ], [ 121.043090350762, 14.609608118413901 ], [ 121.046170692865005, 14.6124748404175 ], [ 121.046281772171, 14.612712742669 ], [ 121.046737942600998, 14.614093143803601 ], [ 121.046415563240004, 14.614227128703 ], [ 121.046275581775006, 14.614223568319 ], [ 121.046201050167994, 14.6141899335031 ], [ 121.046135240913003, 14.6141434715885 ], [ 121.046036103838006, 14.6140693680738 ], [ 121.045726698104005, 14.6142380294218 ], [ 121.045652853088001, 14.614247660643301 ], [ 121.045556543328004, 14.6142002283982 ], [ 121.045303213870994, 14.6137122094801 ], [ 121.045284486968995, 14.613459719123099 ], [ 121.045099465400995, 14.6130682699707 ], [ 121.045019077945994, 14.612580931207701 ], [ 121.044478296262, 14.612293354841199 ], [ 121.044333273560994, 14.6123238867266 ], [ 121.044140083968998, 14.6122911595244 ], [ 121.044096211665007, 14.6121664392452 ], [ 121.043043986857995, 14.613271532159599 ], [ 121.044050585077997, 14.614277804264599 ] ] ] } },
{ "type": "Feature", "properties": { "barangay_name": "Immaculate Concepcion", "barangay_geom": "POLYGON((121.03788660883 14.6235057876972, 121.038947368678 14.6222680713916, 121.039868359837 14.6223468290246, 121.040531523592 14.6227090147048, 121.042640121546 14.6190883669586, 121.043144793399 14.6190057725186, 121.043284735699 14.6187941057958, 121.043675274 14.6190415467369, 121.044227912224 14.6193606932833, 121.04894992371 14.6209143545653, 121.050229407372 14.621511721545, 121.04829607355 14.6256178202347, 121.047459747083 14.6252700449364, 121.046243786618 14.6240506802369, 121.045875316208 14.6236992176704, 121.045175241346 14.623053685813, 121.043771811736 14.6237928884096, 121.042622538966 14.6243706213003, 121.042132602182 14.6245393016856, 121.041414253338 14.624657804987, 121.040162450341 14.6246472323715, 121.037558903032 14.6244169640875, 121.03788660883 14.6235057876972))" }, "geometry": { "type": "Polygon", "coordinates": [ [ [ 121.037886608829993, 14.6235057876972 ], [ 121.038947368677995, 14.6222680713916 ], [ 121.039868359837001, 14.6223468290246 ], [ 121.040531523591994, 14.6227090147048 ], [ 121.042640121546, 14.6190883669586 ], [ 121.043144793398994, 14.6190057725186 ], [ 121.043284735699004, 14.6187941057958 ], [ 121.043675274, 14.6190415467369 ], [ 121.044227912224002, 14.6193606932833 ], [ 121.048949923709998, 14.620914354565301 ], [ 121.050229407372001, 14.621511721545 ], [ 121.048296073550006, 14.6256178202347 ], [ 121.047459747082996, 14.6252700449364 ], [ 121.046243786618007, 14.6240506802369 ], [ 121.045875316207997, 14.623699217670399 ], [ 121.045175241346001, 14.623053685813 ], [ 121.043771811735994, 14.6237928884096 ], [ 121.042622538966, 14.624370621300301 ], [ 121.042132602181994, 14.6245393016856 ], [ 121.041414253338004, 14.624657804987001 ], [ 121.040162450341001, 14.624647232371499 ], [ 121.037558903031993, 14.6244169640875 ], [ 121.037886608829993, 14.6235057876972 ] ] ] } },
{ "type": "Feature", "properties": { "barangay_name": "Kaligayahan", "barangay_geom": "POLYGON((121.040940339057 14.742147541432, 121.040259607858 14.7414995946244, 121.038852994157 14.7401539652112, 121.039414645163 14.7396669911684, 121.039518260489 14.7397065156405, 121.039504479725 14.7356958139314, 121.038628586895 14.7356767555922, 121.038627857203 14.7348034388342, 121.038523946776 14.734761654438, 121.038638827915 14.7345029165609, 121.038327129377 14.7344555177896, 121.037981433395 14.7342058942506, 121.037544939832 14.7341754615109, 121.037537065055 14.7339619350925, 121.03892640139 14.7333087582331, 121.038941049304 14.7327993984068, 121.039228448408 14.7322612961775, 121.038550142361 14.7315224731223, 121.03703153623 14.7310384717337, 121.038380398552 14.73041768841, 121.038992115821 14.7297575707366, 121.039109945225 14.729176457049, 121.038730302154 14.7290724910354, 121.038672917602 14.7286947304283, 121.038951377888 14.7286778817112, 121.039334454387 14.7273721294603, 121.039253372883 14.7273757313907, 121.039271756583 14.7271461576264, 121.039419174354 14.7270994953904, 121.0395002392 14.7269524207861, 121.03971766989 14.7268591182564, 121.039736076455 14.7267586734179, 121.039991683647 14.726610646723, 121.040363966638 14.7267576519605, 121.040489269048 14.7266930701169, 121.040596169885 14.7268042485561, 121.04068831757 14.7268329287144, 121.040894739299 14.7269691976653, 121.040913190165 14.7271090878895, 121.040978372388 14.7272030286018, 121.040916920476 14.7273422460453, 121.040924370415 14.7277511696862, 121.040983386617 14.7279950735242, 121.041127152743 14.728134950542, 121.041178738356 14.7280739605462, 121.041333571239 14.7282461109264, 121.041433085838 14.7282353286278, 121.041462537984 14.7280595572166, 121.041716918675 14.728443328297, 121.041860616795 14.728174270902, 121.042840950656 14.7279301773234, 121.042947800057 14.7277221068892, 121.043091539766 14.7277220801835, 121.043084083673 14.7273023921094, 121.043290415997 14.7269759385222, 121.04320926475 14.7266244213678, 121.043080248196 14.7265455237162, 121.043117014584 14.7260756200854, 121.043083822269 14.7259715964081, 121.043013801732 14.7259751975962, 121.042951138472 14.7259429247229, 121.042917938537 14.7257994492124, 121.042943684828 14.7255340101318, 121.043301193887 14.7255446990361, 121.043349092919 14.7254908855785, 121.043846674903 14.7256091654082, 121.044104724855 14.7258530307179, 121.043979408893 14.7258422990752, 121.044112118732 14.7260001081823, 121.043994188505 14.7260503469389, 121.043994217283 14.7261938285944, 121.04428543061 14.7263910592362, 121.044458646573 14.7263515652001, 121.045151608005 14.7266706789317, 121.049718136025 14.7266518116759, 121.049735162928 14.7290056840318, 121.053395062378 14.7290228007269, 121.053385691988 14.7421400422551, 121.040940339057 14.742147541432))" }, "geometry": { "type": "Polygon", "coordinates": [ [ [ 121.040940339057002, 14.742147541432001 ], [ 121.040259607858005, 14.741499594624401 ], [ 121.038852994156997, 14.740153965211199 ], [ 121.039414645163006, 14.7396669911684 ], [ 121.039518260489004, 14.739706515640499 ], [ 121.039504479724997, 14.7356958139314 ], [ 121.038628586895001, 14.7356767555922 ], [ 121.038627857202997, 14.7348034388342 ], [ 121.038523946775996, 14.734761654438 ], [ 121.038638827914994, 14.734502916560899 ], [ 121.038327129376995, 14.7344555177896 ], [ 121.037981433395004, 14.7342058942506 ], [ 121.037544939832003, 14.734175461510899 ], [ 121.037537065055005, 14.7339619350925 ], [ 121.03892640139, 14.7333087582331 ], [ 121.038941049304, 14.732799398406801 ], [ 121.039228448407997, 14.7322612961775 ], [ 121.038550142361004, 14.7315224731223 ], [ 121.037031536230003, 14.731038471733701 ], [ 121.038380398551993, 14.73041768841 ], [ 121.038992115821003, 14.7297575707366 ], [ 121.039109945224993, 14.729176457049 ], [ 121.038730302153994, 14.729072491035399 ], [ 121.038672917602, 14.7286947304283 ], [ 121.038951377887997, 14.728677881711199 ], [ 121.039334454387003, 14.727372129460299 ], [ 121.039253372882996, 14.727375731390699 ], [ 121.039271756583005, 14.7271461576264 ], [ 121.039419174353995, 14.7270994953904 ], [ 121.039500239199995, 14.7269524207861 ], [ 121.039717669889995, 14.726859118256399 ], [ 121.039736076455, 14.726758673417899 ], [ 121.039991683647003, 14.726610646723 ], [ 121.040363966637997, 14.726757651960501 ], [ 121.040489269047995, 14.7266930701169 ], [ 121.040596169885006, 14.7268042485561 ], [ 121.040688317570002, 14.7268329287144 ], [ 121.040894739299006, 14.7269691976653 ], [ 121.040913190165, 14.727109087889501 ], [ 121.040978372387997, 14.727203028601799 ], [ 121.040916920475993, 14.7273422460453 ], [ 121.040924370414999, 14.727751169686201 ], [ 121.040983386617, 14.7279950735242 ], [ 121.041127152743002, 14.728134950542 ], [ 121.041178738355995, 14.728073960546199 ], [ 121.041333571238994, 14.728246110926399 ], [ 121.041433085837994, 14.7282353286278 ], [ 121.041462537984003, 14.7280595572166 ], [ 121.041716918674993, 14.728443328297001 ], [ 121.041860616795006, 14.728174270902 ], [ 121.042840950656, 14.727930177323399 ], [ 121.042947800056993, 14.7277221068892 ], [ 121.043091539765996, 14.727722080183501 ], [ 121.043084083672994, 14.727302392109401 ], [ 121.043290415997006, 14.7269759385222 ], [ 121.043209264750004, 14.7266244213678 ], [ 121.043080248196006, 14.726545523716201 ], [ 121.043117014583999, 14.7260756200854 ], [ 121.043083822268997, 14.725971596408099 ], [ 121.043013801732002, 14.725975197596201 ], [ 121.042951138472006, 14.725942924722901 ], [ 121.042917938537002, 14.725799449212399 ], [ 121.042943684828003, 14.725534010131801 ], [ 121.043301193887004, 14.725544699036099 ], [ 121.043349092919001, 14.7254908855785 ], [ 121.043846674902994, 14.7256091654082 ], [ 121.044104724855003, 14.7258530307179 ], [ 121.043979408892994, 14.7258422990752 ], [ 121.044112118732002, 14.7260001081823 ], [ 121.043994188504996, 14.7260503469389 ], [ 121.043994217283, 14.726193828594401 ], [ 121.044285430610003, 14.7263910592362 ], [ 121.044458646573005, 14.726351565200099 ], [ 121.045151608005, 14.726670678931701 ], [ 121.049718136025007, 14.7266518116759 ], [ 121.049735162928002, 14.729005684031801 ], [ 121.053395062378002, 14.7290228007269 ], [ 121.053385691987998, 14.7421400422551 ], [ 121.040940339057002, 14.742147541432001 ] ] ] } },
{ "type": "Feature", "properties": { "barangay_name": "Kalusugan", "barangay_geom": "POLYGON((121.024144009427 14.6216404491873, 121.026543667622 14.6223738448839, 121.024959875934 14.6249638892535, 121.024303367928 14.6257848617299, 121.02406930467 14.6260594242027, 121.023696417078 14.626201562477, 121.023445892949 14.6261083216663, 121.023258004175 14.6259899659614, 121.022867484533 14.6258214133156, 121.022348036629 14.6257820115599, 121.021806491813 14.6256923849139, 121.021305453025 14.6254772023611, 121.020911256437 14.6253696281356, 121.020461812125 14.625369668035, 121.02009289326 14.6254790906163, 121.019926579096 14.6249490179531, 121.019578667543 14.624544222208, 121.018108675467 14.6242014642998, 121.017922733816 14.6241156148664, 121.017852239777 14.6240670394382, 121.017791304308 14.6238749803138, 121.017751841957 14.6237202025063, 121.018381176731 14.6221859028883, 121.018364921318 14.6220480701383, 121.018337067143 14.6219588191463, 121.018268605114 14.6218932968672, 121.01816533182 14.6217927538809, 121.016657448069 14.6205410622591, 121.016505147367 14.6203128560555, 121.016355441058 14.6198925857149, 121.016287832048 14.6195457457219, 121.016319229127 14.6192341933482, 121.024144009427 14.6216404491873))" }, "geometry": { "type": "Polygon", "coordinates": [ [ [ 121.024144009427005, 14.6216404491873 ], [ 121.026543667621993, 14.622373844883899 ], [ 121.024959875934002, 14.6249638892535 ], [ 121.024303367927999, 14.625784861729899 ], [ 121.024069304669993, 14.626059424202699 ], [ 121.023696417078, 14.626201562477 ], [ 121.023445892948999, 14.626108321666299 ], [ 121.023258004175005, 14.6259899659614 ], [ 121.022867484532995, 14.625821413315601 ], [ 121.022348036628998, 14.625782011559901 ], [ 121.021806491812995, 14.625692384913901 ], [ 121.021305453024993, 14.6254772023611 ], [ 121.020911256437003, 14.6253696281356 ], [ 121.020461812125006, 14.625369668035001 ], [ 121.020092893259999, 14.625479090616301 ], [ 121.019926579095994, 14.624949017953099 ], [ 121.019578667543001, 14.624544222208 ], [ 121.018108675467005, 14.6242014642998 ], [ 121.017922733815993, 14.624115614866399 ], [ 121.017852239777, 14.6240670394382 ], [ 121.017791304308005, 14.623874980313801 ], [ 121.017751841956994, 14.6237202025063 ], [ 121.018381176730998, 14.622185902888299 ], [ 121.018364921317996, 14.6220480701383 ], [ 121.018337067142994, 14.6219588191463 ], [ 121.018268605114002, 14.621893296867199 ], [ 121.018165331820001, 14.6217927538809 ], [ 121.016657448068997, 14.6205410622591 ], [ 121.016505147366999, 14.6203128560555 ], [ 121.016355441057996, 14.619892585714901 ], [ 121.016287832047993, 14.619545745721901 ], [ 121.016319229127006, 14.6192341933482 ], [ 121.024144009427005, 14.6216404491873 ] ] ] } },
{ "type": "Feature", "properties": { "barangay_name": "Kamuning", "barangay_geom": "POLYGON((121.033809173776 14.6278647161325, 121.033433130951 14.6260281893664, 121.033709420608 14.6260173849528, 121.033960585001 14.6259610308773, 121.034109383268 14.6259079091706, 121.034281657724 14.6257418052499, 121.034545017139 14.625556481341, 121.034785472144 14.6254027945801, 121.035163110279 14.625184689067, 121.035517559724 14.6250208162378, 121.035814866048 14.6249123112076, 121.036043146276 14.624847878167, 121.036305368284 14.6248173332192, 121.036567008983 14.6248082540157, 121.036760778659 14.6248093533155, 121.03690872316 14.6248217575842, 121.037102773203 14.6247787948729, 121.037320023746 14.6247041942571, 121.037502180979 14.6246499352501, 121.037661724517 14.6246397414393, 121.0378781173 14.6246532638072, 121.038036801701 14.6247210251635, 121.038216689772 14.624965029661, 121.038386124365 14.6251446378954, 121.038622584427 14.6254134880494, 121.03885990018 14.6256360165617, 121.039074585575 14.6258043188659, 121.03930087412 14.6259714892259, 121.039495174957 14.6260822116115, 121.03988202839 14.6262830217698, 121.040640986935 14.6266308377646, 121.041772048893 14.6270503217784, 121.042413126574 14.6273551127256, 121.042619462154 14.6275236663204, 121.04285894258 14.6276276440832, 121.043172085758 14.6276670474479, 121.043474156759 14.6275737251541, 121.043614156555 14.6276275039356, 121.04408949235 14.6281296090201, 121.044196368485 14.6283017682042, 121.044391654426 14.6284882542739, 121.044771125819 14.6285886241786, 121.045437931832 14.6285669749147, 121.046005275117 14.6285883837416, 121.046333151081 14.6285811423634, 121.046970479411 14.6285774265412, 121.045957815418 14.6306940071899, 121.045646584041 14.6313493442774, 121.033809173776 14.6278647161325))" }, "geometry": { "type": "Polygon", "coordinates": [ [ [ 121.033809173776007, 14.6278647161325 ], [ 121.033433130950996, 14.6260281893664 ], [ 121.033709420608005, 14.626017384952799 ], [ 121.033960585000997, 14.625961030877299 ], [ 121.034109383268003, 14.6259079091706 ], [ 121.034281657723994, 14.6257418052499 ], [ 121.034545017138996, 14.625556481341 ], [ 121.034785472143994, 14.625402794580101 ], [ 121.035163110279001, 14.625184689067 ], [ 121.035517559723999, 14.6250208162378 ], [ 121.035814866048, 14.6249123112076 ], [ 121.036043146276, 14.624847878166999 ], [ 121.036305368284005, 14.6248173332192 ], [ 121.036567008982999, 14.624808254015701 ], [ 121.036760778659001, 14.6248093533155 ], [ 121.036908723159996, 14.624821757584201 ], [ 121.037102773203003, 14.624778794872899 ], [ 121.037320023746005, 14.624704194257101 ], [ 121.037502180979004, 14.624649935250099 ], [ 121.037661724516994, 14.624639741439299 ], [ 121.037878117299996, 14.6246532638072 ], [ 121.038036801700997, 14.624721025163501 ], [ 121.038216689772, 14.624965029661 ], [ 121.038386124365005, 14.625144637895399 ], [ 121.038622584427003, 14.6254134880494 ], [ 121.03885990018, 14.6256360165617 ], [ 121.039074585574994, 14.625804318865899 ], [ 121.039300874120002, 14.625971489225901 ], [ 121.039495174956997, 14.6260822116115 ], [ 121.039882028389997, 14.626283021769799 ], [ 121.040640986935003, 14.626630837764599 ], [ 121.041772048892994, 14.6270503217784 ], [ 121.042413126574004, 14.627355112725599 ], [ 121.042619462153993, 14.6275236663204 ], [ 121.042858942579997, 14.6276276440832 ], [ 121.043172085758002, 14.6276670474479 ], [ 121.043474156759004, 14.6275737251541 ], [ 121.043614156554995, 14.627627503935599 ], [ 121.044089492349997, 14.6281296090201 ], [ 121.044196368485004, 14.628301768204199 ], [ 121.044391654425993, 14.628488254273901 ], [ 121.044771125818997, 14.628588624178599 ], [ 121.045437931831998, 14.628566974914699 ], [ 121.046005275116997, 14.628588383741601 ], [ 121.046333151081001, 14.6285811423634 ], [ 121.046970479411002, 14.628577426541201 ], [ 121.045957815418006, 14.6306940071899 ], [ 121.045646584040995, 14.6313493442774 ], [ 121.033809173776007, 14.6278647161325 ] ] ] } },
{ "type": "Feature", "properties": { "barangay_name": "Katipunan", "barangay_geom": "POLYGON((121.015703236293 14.6575626546007, 121.015786684592 14.6572568933137, 121.015769529122 14.6571393698502, 121.015721618411 14.6570461071829, 121.015493166351 14.6568093830971, 121.015375250868 14.6566336236744, 121.015161506935 14.656020246414, 121.015154101167 14.6555180534268, 121.015124584436 14.6549190167727, 121.015076663406 14.6545280332694, 121.015795138903 14.6546212424827, 121.016156221256 14.6546893752927, 121.016436054618 14.6546481773194, 121.01662724377 14.6546764083313, 121.016764155878 14.654761078075, 121.016823115701 14.6548758598724, 121.016893129379 14.6549511797561, 121.016981561025 14.6550157427308, 121.01707367694 14.6550623644316, 121.017209997979 14.6550623543848, 121.017327898858 14.6550444137, 121.017445798582 14.6550121201798, 121.017486330396 14.6550049407484, 121.01760054533 14.6549834120085, 121.01772950093 14.6549403529257, 121.017858450394 14.6549367639052, 121.018050049669 14.6549797893659, 121.018120049208 14.6549905485049, 121.018237949973 14.6549725983205, 121.018363220138 14.6549331364077, 121.018459013206 14.6548757357988, 121.018775867209 14.6548075528288, 121.018823794038 14.6550801703478, 121.019280766208 14.6562853863837, 121.019472404639 14.6567552791428, 121.019655973266 14.6572950111187, 121.019774614983 14.6576591891048, 121.019060840217 14.6576289162698, 121.015703236293 14.6575626546007))" }, "geometry": { "type": "Polygon", "coordinates": [ [ [ 121.015703236293007, 14.657562654600699 ], [ 121.015786684592001, 14.657256893313701 ], [ 121.015769529121997, 14.657139369850199 ], [ 121.015721618411007, 14.6570461071829 ], [ 121.015493166351007, 14.6568093830971 ], [ 121.015375250868004, 14.6566336236744 ], [ 121.015161506935002, 14.656020246414 ], [ 121.015154101166999, 14.6555180534268 ], [ 121.015124584435995, 14.6549190167727 ], [ 121.015076663406006, 14.654528033269401 ], [ 121.015795138903002, 14.654621242482699 ], [ 121.016156221255997, 14.654689375292699 ], [ 121.016436054617998, 14.6546481773194 ], [ 121.016627243770003, 14.6546764083313 ], [ 121.016764155877993, 14.654761078075 ], [ 121.016823115701001, 14.6548758598724 ], [ 121.016893129379, 14.6549511797561 ], [ 121.016981561025005, 14.6550157427308 ], [ 121.017073676940001, 14.6550623644316 ], [ 121.017209997978995, 14.6550623543848 ], [ 121.017327898857999, 14.655044413700001 ], [ 121.017445798582003, 14.6550121201798 ], [ 121.017486330395997, 14.6550049407484 ], [ 121.017600545329998, 14.6549834120085 ], [ 121.017729500930002, 14.654940352925699 ], [ 121.017858450394002, 14.6549367639052 ], [ 121.018050049669, 14.6549797893659 ], [ 121.018120049207994, 14.6549905485049 ], [ 121.018237949972999, 14.6549725983205 ], [ 121.018363220137999, 14.654933136407699 ], [ 121.018459013205998, 14.6548757357988 ], [ 121.018775867209001, 14.6548075528288 ], [ 121.018823794037999, 14.6550801703478 ], [ 121.019280766207999, 14.656285386383701 ], [ 121.019472404639004, 14.6567552791428 ], [ 121.019655973265998, 14.6572950111187 ], [ 121.019774614983007, 14.6576591891048 ], [ 121.019060840216994, 14.6576289162698 ], [ 121.015703236293007, 14.657562654600699 ] ] ] } },
{ "type": "Feature", "properties": { "barangay_name": "Kaunlaran", "barangay_geom": "POLYGON((121.048532141938 14.617072252791, 121.048642686321 14.6172193009466, 121.048650012661 14.6172320343805, 121.048694277148 14.6173089681738, 121.048751236361 14.6174136649563, 121.048761144102 14.6174308175745, 121.048971307217 14.618262974806, 121.04905332028 14.618623513326, 121.049089348348 14.618976776626, 121.049115785066 14.620193596926, 121.049115785156 14.6201940036493, 121.049082322994 14.6204869418711, 121.048950035109 14.6209144087716, 121.048949923802 14.6209147703268, 121.044226213788 14.6193616697417, 121.043673575564 14.6190425231912, 121.043283037262 14.6187950822473, 121.036985474214 14.615085908204, 121.03842313237 14.6127519951744, 121.039072654481 14.6132535130547, 121.039344770969 14.6134590886824, 121.039488381033 14.6136183644857, 121.039567593028 14.6137753915582, 121.039676431805 14.6141843562264, 121.039787558058 14.6143560650236, 121.040027195505 14.6145932794255, 121.040538656397 14.6150383274008, 121.040746372317 14.6152122784881, 121.041194570972 14.6155127232326, 121.042194320048 14.6161254948655, 121.044050585078 14.6142778042646, 121.043043986858 14.6132715321596, 121.044096211665 14.6121664392452, 121.044140083969 14.6122911595244, 121.044333273561 14.6123238867266, 121.044478296262 14.6122933548412, 121.045019077946 14.6125809312077, 121.045099465401 14.6130682699707, 121.045284486969 14.6134597191231, 121.045303213871 14.6137122094801, 121.045556543328 14.6142002283982, 121.045652853088 14.6142476606433, 121.045726698104 14.6142380294218, 121.046036103838 14.6140693680738, 121.046135240913 14.6141434715885, 121.046201050168 14.6141899335031, 121.046275581775 14.614223568319, 121.04641556324 14.614227128703, 121.046737942601 14.6140931438036, 121.047022705879 14.6149376796035, 121.047697007669 14.6159067557027, 121.048278119852 14.616688060336, 121.048532141938 14.617072252791))" }, "geometry": { "type": "Polygon", "coordinates": [ [ [ 121.048532141937997, 14.617072252791001 ], [ 121.048642686321003, 14.6172193009466 ], [ 121.048650012661, 14.6172320343805 ], [ 121.048694277148002, 14.6173089681738 ], [ 121.048751236360999, 14.617413664956301 ], [ 121.048761144102002, 14.617430817574499 ], [ 121.048971307217002, 14.618262974805999 ], [ 121.049053320279995, 14.618623513326 ], [ 121.049089348348005, 14.618976776626001 ], [ 121.049115785065993, 14.620193596926001 ], [ 121.049115785156005, 14.620194003649299 ], [ 121.049082322993996, 14.6204869418711 ], [ 121.048950035109002, 14.620914408771601 ], [ 121.048949923801999, 14.620914770326801 ], [ 121.044226213787994, 14.6193616697417 ], [ 121.043673575564, 14.619042523191199 ], [ 121.043283037262, 14.618795082247299 ], [ 121.036985474214006, 14.615085908204 ], [ 121.038423132369999, 14.612751995174399 ], [ 121.039072654481004, 14.613253513054699 ], [ 121.039344770968995, 14.613459088682401 ], [ 121.039488381032996, 14.613618364485699 ], [ 121.039567593027996, 14.6137753915582 ], [ 121.039676431805006, 14.614184356226399 ], [ 121.039787558057995, 14.6143560650236 ], [ 121.040027195505004, 14.614593279425501 ], [ 121.040538656397004, 14.6150383274008 ], [ 121.040746372317003, 14.6152122784881 ], [ 121.041194570971996, 14.6155127232326 ], [ 121.042194320047997, 14.6161254948655 ], [ 121.044050585077997, 14.614277804264599 ], [ 121.043043986857995, 14.613271532159599 ], [ 121.044096211665007, 14.6121664392452 ], [ 121.044140083968998, 14.6122911595244 ], [ 121.044333273560994, 14.6123238867266 ], [ 121.044478296262, 14.612293354841199 ], [ 121.045019077945994, 14.612580931207701 ], [ 121.045099465400995, 14.6130682699707 ], [ 121.045284486968995, 14.613459719123099 ], [ 121.045303213870994, 14.6137122094801 ], [ 121.045556543328004, 14.6142002283982 ], [ 121.045652853088001, 14.614247660643301 ], [ 121.045726698104005, 14.6142380294218 ], [ 121.046036103838006, 14.6140693680738 ], [ 121.046135240913003, 14.6141434715885 ], [ 121.046201050167994, 14.6141899335031 ], [ 121.046275581775006, 14.614223568319 ], [ 121.046415563240004, 14.614227128703 ], [ 121.046737942600998, 14.614093143803601 ], [ 121.047022705879002, 14.6149376796035 ], [ 121.047697007669001, 14.615906755702699 ], [ 121.048278119852, 14.616688060335999 ], [ 121.048532141937997, 14.617072252791001 ] ] ] } },
{ "type": "Feature", "properties": { "barangay_name": "Kristong Hari", "barangay_geom": "POLYGON((121.029274010771 14.6266528973864, 121.029089805132 14.62661705651, 121.028828240115 14.6265848042358, 121.028577719427 14.6265381975039, 121.028264580867 14.6265023717521, 121.028015256793 14.6264476298057, 121.02778464015 14.6264182829663, 121.027671434116 14.6262908022718, 121.027553525284 14.6261150485511, 121.027402457169 14.6259177784924, 121.027219201779 14.6257517755526, 121.027058181625 14.6255393943984, 121.02695054009 14.6253642899246, 121.026843197822 14.6252061321656, 121.026640417119 14.6250717108079, 121.026491307704 14.6250174980403, 121.026301314193 14.6250028323334, 121.026137999869 14.6250017209223, 121.025973819113 14.6250525796866, 121.025754836734 14.625197216703, 121.025618504486 14.6252616295784, 121.02542706558 14.6253520334895, 121.025290739448 14.625390461076, 121.025113792212 14.6254175950963, 121.02493685243 14.6254289119665, 121.024814152854 14.6254684676022, 121.02464940476 14.6255984105667, 121.024553399115 14.6257023610848, 121.02441592405 14.6258469882344, 121.024278727403 14.625992745059, 121.024141535412 14.6260978294789, 121.024004914382 14.6261622414367, 121.023696417078 14.626201562477, 121.02406930467 14.6260594242027, 121.024303367928 14.6257848617299, 121.024959875934 14.6249638892535, 121.026543667622 14.6223738448839, 121.031557310429 14.6239435695783, 121.037558903032 14.6244169640875, 121.040162450341 14.6246472323715, 121.039730675308 14.6254404166312, 121.039643102916 14.6256347548458, 121.039605118978 14.6257364421001, 121.039495174957 14.6260822116115, 121.03930087412 14.6259714892259, 121.039074585575 14.6258043188659, 121.03885990018 14.6256360165617, 121.038622584427 14.6254134880494, 121.038386124365 14.6251446378954, 121.038216689772 14.624965029661, 121.038036801701 14.6247210251635, 121.0378781173 14.6246532638072, 121.037661724517 14.6246397414393, 121.037502180979 14.6246499352501, 121.037320023746 14.6247041942571, 121.037102773203 14.6247787948729, 121.03690872316 14.6248217575842, 121.036760778659 14.6248093533155, 121.036567008983 14.6248082540157, 121.036305368284 14.6248173332192, 121.036043146276 14.624847878167, 121.035814866048 14.6249123112076, 121.035517559724 14.6250208162378, 121.035163110279 14.625184689067, 121.034785472144 14.6254027945801, 121.034545017139 14.625556481341, 121.034281657724 14.6257418052499, 121.034109383268 14.6259079091706, 121.033960585001 14.6259610308773, 121.033709420608 14.6260173849528, 121.033433130951 14.6260281893664, 121.033325042874 14.6260661927963, 121.033233377918 14.6260594271682, 121.033125178092 14.6260334574821, 121.032966787059 14.6259995863457, 121.032841471686 14.6259815274551, 121.032708615664 14.6259408738225, 121.032563698739 14.6259422227489, 121.032405285507 14.6259458330357, 121.032306578819 14.6260267936968, 121.032222760963 14.6261070201555, 121.032146197391 14.6262200093955, 121.032087031251 14.6262844153891, 121.032002061306 14.626486658881, 121.031843114475 14.6265262231888, 121.031667608889 14.6265093003085, 121.031492695956 14.6264822091362, 121.031325893836 14.626440429516, 121.031125734199 14.6264235095405, 121.030858576003 14.6264212855018, 121.030657564283 14.6264845800879, 121.030356468977 14.6265467577744, 121.030088450245 14.6266337861086, 121.029912959495 14.6266575342232, 121.029704107278 14.6266790268879, 121.029274010771 14.6266528973864))" }, "geometry": { "type": "Polygon", "coordinates": [ [ [ 121.029274010771005, 14.6266528973864 ], [ 121.029089805132003, 14.62661705651 ], [ 121.028828240115004, 14.626584804235801 ], [ 121.028577719427005, 14.626538197503899 ], [ 121.028264580867003, 14.6265023717521 ], [ 121.028015256792997, 14.6264476298057 ], [ 121.027784640150003, 14.6264182829663 ], [ 121.027671434116002, 14.6262908022718 ], [ 121.027553525284006, 14.6261150485511 ], [ 121.027402457169003, 14.625917778492401 ], [ 121.027219201779005, 14.625751775552599 ], [ 121.027058181624994, 14.6255393943984 ], [ 121.026950540089999, 14.625364289924599 ], [ 121.026843197822004, 14.6252061321656 ], [ 121.026640417118998, 14.6250717108079 ], [ 121.026491307704006, 14.6250174980403 ], [ 121.026301314193006, 14.625002832333401 ], [ 121.026137999868993, 14.625001720922301 ], [ 121.025973819113005, 14.625052579686599 ], [ 121.025754836733995, 14.625197216703 ], [ 121.025618504486005, 14.6252616295784 ], [ 121.025427065580004, 14.6253520334895 ], [ 121.025290739447996, 14.625390461076 ], [ 121.025113792211997, 14.6254175950963 ], [ 121.024936852430002, 14.6254289119665 ], [ 121.024814152854006, 14.6254684676022 ], [ 121.024649404759998, 14.625598410566701 ], [ 121.024553399115007, 14.6257023610848 ], [ 121.024415924050004, 14.6258469882344 ], [ 121.024278727403001, 14.625992745058999 ], [ 121.024141535411999, 14.626097829478899 ], [ 121.024004914382004, 14.626162241436701 ], [ 121.023696417078, 14.626201562477 ], [ 121.024069304669993, 14.626059424202699 ], [ 121.024303367927999, 14.625784861729899 ], [ 121.024959875934002, 14.6249638892535 ], [ 121.026543667621993, 14.622373844883899 ], [ 121.031557310428994, 14.6239435695783 ], [ 121.037558903031993, 14.6244169640875 ], [ 121.040162450341001, 14.624647232371499 ], [ 121.039730675307993, 14.6254404166312 ], [ 121.039643102916003, 14.6256347548458 ], [ 121.039605118978002, 14.6257364421001 ], [ 121.039495174956997, 14.6260822116115 ], [ 121.039300874120002, 14.625971489225901 ], [ 121.039074585574994, 14.625804318865899 ], [ 121.03885990018, 14.6256360165617 ], [ 121.038622584427003, 14.6254134880494 ], [ 121.038386124365005, 14.625144637895399 ], [ 121.038216689772, 14.624965029661 ], [ 121.038036801700997, 14.624721025163501 ], [ 121.037878117299996, 14.6246532638072 ], [ 121.037661724516994, 14.624639741439299 ], [ 121.037502180979004, 14.624649935250099 ], [ 121.037320023746005, 14.624704194257101 ], [ 121.037102773203003, 14.624778794872899 ], [ 121.036908723159996, 14.624821757584201 ], [ 121.036760778659001, 14.6248093533155 ], [ 121.036567008982999, 14.624808254015701 ], [ 121.036305368284005, 14.6248173332192 ], [ 121.036043146276, 14.624847878166999 ], [ 121.035814866048, 14.6249123112076 ], [ 121.035517559723999, 14.6250208162378 ], [ 121.035163110279001, 14.625184689067 ], [ 121.034785472143994, 14.625402794580101 ], [ 121.034545017138996, 14.625556481341 ], [ 121.034281657723994, 14.6257418052499 ], [ 121.034109383268003, 14.6259079091706 ], [ 121.033960585000997, 14.625961030877299 ], [ 121.033709420608005, 14.626017384952799 ], [ 121.033433130950996, 14.6260281893664 ], [ 121.033325042873997, 14.6260661927963 ], [ 121.033233377917995, 14.626059427168199 ], [ 121.033125178092007, 14.6260334574821 ], [ 121.032966787058996, 14.625999586345699 ], [ 121.032841471685998, 14.625981527455099 ], [ 121.032708615664006, 14.625940873822501 ], [ 121.032563698738997, 14.6259422227489 ], [ 121.032405285506997, 14.625945833035701 ], [ 121.032306578819004, 14.6260267936968 ], [ 121.032222760962995, 14.6261070201555 ], [ 121.032146197391, 14.626220009395499 ], [ 121.032087031250995, 14.626284415389099 ], [ 121.032002061306002, 14.626486658880999 ], [ 121.031843114474995, 14.626526223188799 ], [ 121.031667608888995, 14.6265093003085 ], [ 121.031492695956004, 14.626482209136199 ], [ 121.031325893835998, 14.626440429516 ], [ 121.031125734198994, 14.6264235095405 ], [ 121.030858576002998, 14.626421285501801 ], [ 121.030657564283004, 14.626484580087901 ], [ 121.030356468977004, 14.626546757774401 ], [ 121.030088450245003, 14.6266337861086 ], [ 121.029912959494993, 14.626657534223201 ], [ 121.029704107277993, 14.626679026887899 ], [ 121.029274010771005, 14.6266528973864 ] ] ] } },
{ "type": "Feature", "properties": { "barangay_name": "Krus na Ligas", "barangay_geom": "POLYGON((121.062037646121 14.6370703501277, 121.062958710015 14.6371597807373, 121.063087668839 14.6371956187712, 121.063879737268 14.637120068751, 121.064514724215 14.6377251783064, 121.064720644818 14.6474973059195, 121.061226795057 14.6468045187287, 121.061548308355 14.6429625432192, 121.062037646121 14.6370703501277))" }, "geometry": { "type": "Polygon", "coordinates": [ [ [ 121.062037646120999, 14.637070350127701 ], [ 121.062958710014996, 14.637159780737299 ], [ 121.063087668839003, 14.6371956187712 ], [ 121.063879737267996, 14.637120068751001 ], [ 121.064514724215002, 14.6377251783064 ], [ 121.064720644817996, 14.647497305919501 ], [ 121.061226795056996, 14.6468045187287 ], [ 121.061548308355, 14.6429625432192 ], [ 121.062037646120999, 14.637070350127701 ] ] ] } },
{ "type": "Feature", "properties": { "barangay_name": "Laging Handa", "barangay_geom": "POLYGON((121.028063099612 14.6354413912287, 121.026548820731 14.6345878483717, 121.025608887574 14.6304628153778, 121.033993493281 14.6286287412785, 121.035434930843 14.6348162383158, 121.031124655728 14.6357638407035, 121.029205271796 14.6361801939343, 121.028063099612 14.6354413912287))" }, "geometry": { "type": "Polygon", "coordinates": [ [ [ 121.028063099611998, 14.635441391228699 ], [ 121.026548820730994, 14.6345878483717 ], [ 121.025608887573995, 14.6304628153778 ], [ 121.033993493281002, 14.628628741278501 ], [ 121.035434930842996, 14.6348162383158 ], [ 121.031124655727993, 14.6357638407035 ], [ 121.029205271796002, 14.636180193934299 ], [ 121.028063099611998, 14.635441391228699 ] ] ] } },
{ "type": "Feature", "properties": { "barangay_name": "Libis", "barangay_geom": "POLYGON((121.078420154454 14.6151166249541, 121.078358601365 14.6154445911574, 121.078405323734 14.6163257640132, 121.078935058433 14.6177327753289, 121.077777370045 14.6177561849643, 121.077616965441 14.6177528490631, 121.077213800991 14.6177326015884, 121.076734890819 14.6177004749269, 121.07656172263 14.6176144421111, 121.076436393581 14.6173920869728, 121.076277690866 14.6165097212219, 121.076222385555 14.6163662563777, 121.075349261019 14.6161943606628, 121.074748796548 14.6161873775371, 121.075035690257 14.6148636540763, 121.075234616542 14.6148779337528, 121.075514540662 14.614766645107, 121.07562506321 14.6147737856949, 121.075746675516 14.6149100527662, 121.075860871332 14.6149100156415, 121.076166570528 14.614770021237, 121.076361751769 14.614583425042, 121.07648698855 14.6145439318322, 121.07671164882 14.6144111306498, 121.076840542937 14.6142927136428, 121.077072637606 14.6143464510617, 121.077135314058 14.6144934924558, 121.077227409377 14.6144934619726, 121.077362924443 14.6145963090148, 121.077452197321 14.6147265483397, 121.077872324355 14.6147486606954, 121.078226136941 14.6149946550587, 121.078420154454 14.6151166249541))" }, "geometry": { "type": "Polygon", "coordinates": [ [ [ 121.078420154453994, 14.6151166249541 ], [ 121.078358601364997, 14.6154445911574 ], [ 121.078405323734003, 14.616325764013199 ], [ 121.078935058433004, 14.6177327753289 ], [ 121.077777370044998, 14.6177561849643 ], [ 121.077616965440996, 14.6177528490631 ], [ 121.077213800991004, 14.617732601588401 ], [ 121.076734890818997, 14.617700474926901 ], [ 121.076561722630004, 14.617614442111099 ], [ 121.076436393581005, 14.617392086972799 ], [ 121.076277690865993, 14.616509721221901 ], [ 121.076222385554999, 14.616366256377701 ], [ 121.075349261018999, 14.616194360662799 ], [ 121.074748796547993, 14.6161873775371 ], [ 121.075035690256996, 14.6148636540763 ], [ 121.075234616542005, 14.614877933752799 ], [ 121.075514540661999, 14.614766645107 ], [ 121.075625063209998, 14.614773785694901 ], [ 121.075746675516001, 14.6149100527662 ], [ 121.075860871331997, 14.614910015641501 ], [ 121.076166570528002, 14.614770021237 ], [ 121.076361751768999, 14.614583425041999 ], [ 121.076486988550002, 14.6145439318322 ], [ 121.076711648819995, 14.614411130649801 ], [ 121.076840542937006, 14.614292713642801 ], [ 121.077072637605994, 14.614346451061699 ], [ 121.077135314057998, 14.6144934924558 ], [ 121.077227409377002, 14.6144934619726 ], [ 121.077362924442994, 14.6145963090148 ], [ 121.077452197320994, 14.6147265483397 ], [ 121.077872324354999, 14.614748660695399 ], [ 121.078226136940998, 14.6149946550587 ], [ 121.078420154453994, 14.6151166249541 ] ] ] } },
{ "type": "Feature", "properties": { "barangay_name": "Lourdes", "barangay_geom": "POLYGON((120.996554409587 14.6287755192476, 120.997179549721 14.6274593262489, 120.99912047774 14.6233627344482, 121.001372892604 14.6243592042217, 121.003652734458 14.6194837772572, 121.00366519066 14.6194571411928, 121.008104385678 14.6234673852064, 121.004336928618 14.6274050731999, 121.002418580872 14.6314400385538, 121.000366259395 14.6305153523353, 120.996554409587 14.6287755192476))" }, "geometry": { "type": "Polygon", "coordinates": [ [ [ 120.996554409587006, 14.628775519247601 ], [ 120.997179549720997, 14.6274593262489 ], [ 120.999120477739993, 14.6233627344482 ], [ 121.001372892603996, 14.624359204221699 ], [ 121.003652734458001, 14.6194837772572 ], [ 121.003665190660001, 14.6194571411928 ], [ 121.008104385677996, 14.6234673852064 ], [ 121.004336928618002, 14.627405073199901 ], [ 121.002418580872003, 14.6314400385538 ], [ 121.000366259394994, 14.6305153523353 ], [ 120.996554409587006, 14.628775519247601 ] ] ] } },
{ "type": "Feature", "properties": { "barangay_name": "Loyola Heights", "barangay_geom": "POLYGON((121.077508508815 14.6451117681112, 121.077259660593 14.6452643717021, 121.077050567347 14.64545650431, 121.076715338262 14.6458237948661, 121.076596725684 14.6459560186653, 121.076409649211 14.64606227986, 121.076248657175 14.6461109133752, 121.075623831168 14.6462534700399, 121.074823166694 14.6463045691258, 121.074484907912 14.6463193648288, 121.074432444096 14.6472977745395, 121.064514724215 14.6377251783064, 121.064489449098 14.6377010982906, 121.063879737268 14.637120068751, 121.063884584398 14.6370930519991, 121.064037902987 14.636237608858, 121.064589801291 14.633780308931, 121.064862312898 14.6338053596242, 121.064942086148 14.6337962991103, 121.065289288086 14.6337001702755, 121.065329607295 14.6336832121877, 121.06549870439 14.6335984307863, 121.065652558996 14.6334820557198, 121.065718855935 14.6334497522731, 121.065807278942 14.6334353835499, 121.066043127854 14.6336613009928, 121.066820536017 14.6338978280371, 121.066897907724 14.6338978058255, 121.067129290832 14.6336578451373, 121.067686277719 14.6338222529883, 121.068073170197 14.6340230160626, 121.068242638357 14.6340301338253, 121.068640496029 14.633936759905, 121.068871600686 14.6338516595141, 121.069148828792 14.6336998607537, 121.069373933109 14.6335453385949, 121.069588478805 14.633172445415, 121.069652869467 14.6331317538931, 121.069863387403 14.6332046297861, 121.070211642221 14.6324299893715, 121.070863453895 14.6310414301985, 121.071209483254 14.6302091245956, 121.070575721337 14.6298828997867, 121.071709429106 14.6282199518168, 121.072390629445 14.6285134854607, 121.073125060787 14.628452039787, 121.073622401932 14.6284590595534, 121.074081784038 14.6285129538441, 121.074376810081 14.6285670895602, 121.076109542304 14.629107841894, 121.076785497771 14.6294829800525, 121.076953869586 14.6295764255503, 121.076980553498 14.6296463820955, 121.076982097139 14.6296542268164, 121.076991982232 14.6297050639002, 121.077501302049 14.6310117766426, 121.077809444711 14.632767233795, 121.07790365226 14.6353118851354, 121.078070019997 14.6357354987895, 121.079028661382 14.6370694513678, 121.080018362382 14.6384451911536, 121.080047684183 14.6384881128913, 121.081357910765 14.6405404772155, 121.083433171389 14.6433722292811, 121.083315928376 14.6451012385028, 121.082800527598 14.6461739579207, 121.082021328671 14.6467009571513, 121.081688136029 14.6468845873928, 121.081459772293 14.6470496701073, 121.081135554367 14.6470784798833, 121.080818696864 14.6470534818279, 121.080446987644 14.6468336914248, 121.079015056084 14.6452457058045, 121.078855168691 14.6451350411977, 121.078598093882 14.6450198901848, 121.078362225694 14.6449668698701, 121.078067183956 14.6449330755009, 121.077752452915 14.6450054870393, 121.077508508815 14.6451117681112))" }, "geometry": { "type": "Polygon", "coordinates": [ [ [ 121.077508508815001, 14.6451117681112 ], [ 121.077259660593, 14.645264371702099 ], [ 121.077050567347001, 14.645456504309999 ], [ 121.076715338262005, 14.6458237948661 ], [ 121.076596725683999, 14.6459560186653 ], [ 121.076409649211001, 14.646062279860001 ], [ 121.076248657175, 14.6461109133752 ], [ 121.075623831168002, 14.6462534700399 ], [ 121.074823166694003, 14.6463045691258 ], [ 121.074484907911994, 14.6463193648288 ], [ 121.074432444096004, 14.647297774539499 ], [ 121.064514724215002, 14.6377251783064 ], [ 121.064489449098005, 14.6377010982906 ], [ 121.063879737267996, 14.637120068751001 ], [ 121.063884584397996, 14.6370930519991 ], [ 121.064037902986996, 14.636237608858 ], [ 121.064589801291007, 14.633780308931 ], [ 121.064862312898001, 14.633805359624199 ], [ 121.064942086147994, 14.633796299110299 ], [ 121.065289288086007, 14.6337001702755 ], [ 121.065329607294998, 14.6336832121877 ], [ 121.065498704389995, 14.6335984307863 ], [ 121.065652558996007, 14.633482055719799 ], [ 121.065718855935003, 14.6334497522731 ], [ 121.065807278942003, 14.6334353835499 ], [ 121.066043127854002, 14.6336613009928 ], [ 121.066820536017005, 14.633897828037099 ], [ 121.066897907723998, 14.6338978058255 ], [ 121.067129290832, 14.6336578451373 ], [ 121.067686277719005, 14.633822252988301 ], [ 121.068073170196996, 14.634023016062599 ], [ 121.068242638357006, 14.6340301338253 ], [ 121.068640496029005, 14.633936759905 ], [ 121.068871600685995, 14.6338516595141 ], [ 121.069148828791995, 14.633699860753699 ], [ 121.069373933109006, 14.633545338594899 ], [ 121.069588478805002, 14.633172445414999 ], [ 121.069652869467006, 14.6331317538931 ], [ 121.069863387403004, 14.6332046297861 ], [ 121.070211642220997, 14.6324299893715 ], [ 121.070863453895001, 14.631041430198501 ], [ 121.071209483253995, 14.6302091245956 ], [ 121.070575721336994, 14.629882899786701 ], [ 121.071709429105994, 14.628219951816799 ], [ 121.072390629444996, 14.628513485460701 ], [ 121.073125060787007, 14.628452039787 ], [ 121.073622401931999, 14.6284590595534 ], [ 121.074081784038, 14.628512953844099 ], [ 121.074376810081006, 14.6285670895602 ], [ 121.076109542303996, 14.629107841893999 ], [ 121.076785497770999, 14.629482980052501 ], [ 121.076953869586006, 14.629576425550299 ], [ 121.076980553498004, 14.629646382095499 ], [ 121.076982097138995, 14.629654226816401 ], [ 121.076991982232002, 14.6297050639002 ], [ 121.077501302049001, 14.6310117766426 ], [ 121.077809444710994, 14.632767233795001 ], [ 121.077903652260005, 14.635311885135399 ], [ 121.078070019997, 14.635735498789501 ], [ 121.079028661381997, 14.6370694513678 ], [ 121.080018362382006, 14.6384451911536 ], [ 121.080047684183, 14.6384881128913 ], [ 121.081357910765007, 14.640540477215501 ], [ 121.083433171389004, 14.6433722292811 ], [ 121.083315928375995, 14.6451012385028 ], [ 121.082800527597996, 14.6461739579207 ], [ 121.082021328671004, 14.6467009571513 ], [ 121.081688136029001, 14.646884587392799 ], [ 121.081459772293002, 14.6470496701073 ], [ 121.081135554366995, 14.6470784798833 ], [ 121.080818696864, 14.6470534818279 ], [ 121.080446987643995, 14.646833691424799 ], [ 121.079015056084003, 14.6452457058045 ], [ 121.078855168691007, 14.645135041197699 ], [ 121.078598093881993, 14.6450198901848 ], [ 121.078362225693994, 14.6449668698701 ], [ 121.078067183955994, 14.6449330755009 ], [ 121.077752452915007, 14.645005487039301 ], [ 121.077508508815001, 14.6451117681112 ] ] ] } },
{ "type": "Feature", "properties": { "barangay_name": "Maharlika", "barangay_geom": "POLYGON((120.993586941259 14.6373471438528, 120.995927797147 14.6299943770335, 120.996554409587 14.6287755192476, 121.000366259395 14.6305153523353, 120.996913452906 14.637787538911, 120.99599592262 14.6376425508403, 120.993586941259 14.6373471438528))" }, "geometry": { "type": "Polygon", "coordinates": [ [ [ 120.993586941258997, 14.6373471438528 ], [ 120.995927797147004, 14.629994377033499 ], [ 120.996554409587006, 14.628775519247601 ], [ 121.000366259394994, 14.6305153523353 ], [ 120.996913452906, 14.637787538911001 ], [ 120.995995922619997, 14.637642550840299 ], [ 120.993586941258997, 14.6373471438528 ] ] ] } },
{ "type": "Feature", "properties": { "barangay_name": "Malaya", "barangay_geom": "POLYGON((121.055004025555 14.6387170851084, 121.054963356837 14.6381575166394, 121.054915334657 14.6376660985162, 121.054786166249 14.6367442512651, 121.054647228992 14.6361421173527, 121.054333220908 14.6344181381881, 121.054257966207 14.633930088359, 121.054299400257 14.6337244577196, 121.054450156501 14.6331780220274, 121.057323958254 14.6340059443178, 121.057220899392 14.6343575046908, 121.057033106935 14.634744958724, 121.056915332998 14.6352005441515, 121.056790082825 14.6352472032336, 121.056311200587 14.6354625481676, 121.056101247568 14.6356311899416, 121.056222959908 14.6361620512615, 121.056326252881 14.6366821523535, 121.056407483085 14.6373923699445, 121.056488729427 14.6381635687428, 121.056499798869 14.6387239033326, 121.056488898946 14.6393337097353, 121.054993113454 14.6392946067195, 121.055004025555 14.6387170851084))" }, "geometry": { "type": "Polygon", "coordinates": [ [ [ 121.055004025554993, 14.6387170851084 ], [ 121.054963356837007, 14.638157516639399 ], [ 121.054915334656997, 14.637666098516201 ], [ 121.054786166249002, 14.6367442512651 ], [ 121.054647228991996, 14.6361421173527 ], [ 121.054333220908006, 14.634418138188099 ], [ 121.054257966207004, 14.633930088359 ], [ 121.054299400256994, 14.6337244577196 ], [ 121.054450156501005, 14.633178022027399 ], [ 121.057323958254003, 14.634005944317799 ], [ 121.057220899391993, 14.634357504690801 ], [ 121.057033106934995, 14.634744958723999 ], [ 121.056915332998003, 14.6352005441515 ], [ 121.056790082825003, 14.6352472032336 ], [ 121.056311200587004, 14.635462548167601 ], [ 121.056101247567995, 14.6356311899416 ], [ 121.056222959907998, 14.6361620512615 ], [ 121.056326252880993, 14.636682152353499 ], [ 121.056407483084996, 14.6373923699445 ], [ 121.056488729427002, 14.638163568742799 ], [ 121.056499798868998, 14.6387239033326 ], [ 121.056488898946, 14.6393337097353 ], [ 121.054993113454003, 14.639294606719499 ], [ 121.055004025554993, 14.6387170851084 ] ] ] } },
{ "type": "Feature", "properties": { "barangay_name": "Mangga", "barangay_geom": "POLYGON((121.06206153761 14.6231870924846, 121.062234733879 14.6233771577317, 121.062699091317 14.624001190567, 121.062817086072 14.6243849788641, 121.063141314145 14.6245319532713, 121.063131384853 14.6247042800139, 121.062967919792 14.6249881265679, 121.063004852581 14.6253073670791, 121.063141193099 14.6254400574672, 121.063181754909 14.6255620091595, 121.063104463986 14.6258346430059, 121.06309725805 14.6260848880862, 121.063318249903 14.6262327487862, 121.063366209969 14.6264838375054, 121.063255733328 14.6266237621652, 121.063178409351 14.6267493249813, 121.063067917033 14.6268677293878, 121.062939504234 14.6272610381396, 121.062725762677 14.6274452509137, 121.062682566223 14.6275254773509, 121.060503756303 14.6264487254003, 121.06206153761 14.6231870924846))" }, "geometry": { "type": "Polygon", "coordinates": [ [ [ 121.062061537610006, 14.623187092484599 ], [ 121.062234733878995, 14.623377157731699 ], [ 121.062699091317, 14.624001190567 ], [ 121.062817086072002, 14.6243849788641 ], [ 121.063141314145, 14.624531953271299 ], [ 121.063131384852994, 14.6247042800139 ], [ 121.062967919792001, 14.624988126567899 ], [ 121.063004852581003, 14.625307367079101 ], [ 121.063141193099, 14.6254400574672 ], [ 121.063181754908996, 14.6255620091595 ], [ 121.063104463985994, 14.6258346430059 ], [ 121.063097258050007, 14.626084888086201 ], [ 121.063318249903006, 14.626232748786199 ], [ 121.063366209969004, 14.6264838375054 ], [ 121.063255733328006, 14.626623762165201 ], [ 121.063178409350996, 14.626749324981301 ], [ 121.063067917032996, 14.626867729387801 ], [ 121.062939504233995, 14.627261038139601 ], [ 121.062725762677005, 14.6274452509137 ], [ 121.062682566223003, 14.6275254773509 ], [ 121.060503756303007, 14.6264487254003 ], [ 121.062061537610006, 14.623187092484599 ] ] ] } },
{ "type": "Feature", "properties": { "barangay_name": "Manresa", "barangay_geom": "POLYGON((121.003702186185 14.6452934530409, 121.002576423408 14.6449882816699, 121.001478504713 14.6447766508691, 121.000664273955 14.6447049087493, 121.00061690173 14.6447019895151, 120.998044757985 14.6445434868366, 120.996704237999 14.6443902999773, 120.995113072294 14.6443033689399, 120.995153603277 14.6438549806871, 120.99599592262 14.6376425508403, 120.996913452906 14.637787538911, 121.001062474398 14.6383361085563, 121.003518791945 14.638641939954, 121.005516332421 14.6389045447115, 121.006923691595 14.6390946274283, 121.00683159393 14.639352899123, 121.006728451582 14.6396864961539, 121.006121593712 14.6420131658052, 121.006058742468 14.642518723752, 121.005999812914 14.64318951038, 121.006007184996 14.6435769180334, 121.006080886399 14.6440001878479, 121.006291239195 14.6451603087876, 121.00539465339 14.6450649593681, 121.003891899297 14.6453469204082, 121.003702186185 14.6452934530409))" }, "geometry": { "type": "Polygon", "coordinates": [ [ [ 121.003702186184995, 14.6452934530409 ], [ 121.002576423408001, 14.6449882816699 ], [ 121.001478504713006, 14.644776650869099 ], [ 121.000664273954996, 14.644704908749301 ], [ 121.000616901729998, 14.6447019895151 ], [ 120.998044757984999, 14.6445434868366 ], [ 120.996704237998998, 14.644390299977299 ], [ 120.995113072294004, 14.6443033689399 ], [ 120.995153603277004, 14.643854980687101 ], [ 120.995995922619997, 14.637642550840299 ], [ 120.996913452906, 14.637787538911001 ], [ 121.001062474397997, 14.638336108556301 ], [ 121.003518791944998, 14.638641939954001 ], [ 121.005516332420996, 14.638904544711499 ], [ 121.006923691595006, 14.6390946274283 ], [ 121.006831593930002, 14.639352899123001 ], [ 121.006728451582006, 14.639686496153899 ], [ 121.006121593711995, 14.642013165805199 ], [ 121.006058742467999, 14.642518723752 ], [ 121.005999812913998, 14.643189510379999 ], [ 121.006007184995994, 14.6435769180334 ], [ 121.006080886399005, 14.644000187847899 ], [ 121.006291239194994, 14.645160308787601 ], [ 121.005394653389999, 14.645064959368099 ], [ 121.003891899297003, 14.645346920408199 ], [ 121.003702186184995, 14.6452934530409 ] ] ] } },
{ "type": "Feature", "properties": { "barangay_name": "Mariana", "barangay_geom": "POLYGON((121.037558903032 14.6244169640875, 121.031557310429 14.6239435695783, 121.026543667622 14.6223738448839, 121.024144009427 14.6216404491873, 121.029187764822 14.6134187790272, 121.029440059152 14.613024451329, 121.029755074021 14.613142017752, 121.029984926606 14.6131814856964, 121.030259826608 14.6131024554162, 121.030482445561 14.6129848109809, 121.030818994219 14.6129643944109, 121.031034483324 14.6128400891605, 121.03120274388 14.6124371843219, 121.031299280305 14.6122113674393, 121.032492582127 14.6125925754613, 121.033041494821 14.6127933746307, 121.033357587203 14.6129674344678, 121.03475521324 14.6137851967659, 121.03698717265 14.6150849317981, 121.043284735699 14.6187941057958, 121.043144793399 14.6190057725186, 121.042640121546 14.6190883669586, 121.040531523592 14.6227090147048, 121.039868359837 14.6223468290246, 121.038947368678 14.6222680713916, 121.037886618112 14.6235057876957, 121.037558903032 14.6244169640875))" }, "geometry": { "type": "Polygon", "coordinates": [ [ [ 121.037558903031993, 14.6244169640875 ], [ 121.031557310428994, 14.6239435695783 ], [ 121.026543667621993, 14.622373844883899 ], [ 121.024144009427005, 14.6216404491873 ], [ 121.029187764821998, 14.613418779027199 ], [ 121.029440059151995, 14.613024451329 ], [ 121.029755074020997, 14.613142017752001 ], [ 121.029984926606005, 14.6131814856964 ], [ 121.030259826608003, 14.6131024554162 ], [ 121.030482445561006, 14.612984810980899 ], [ 121.030818994219004, 14.6129643944109 ], [ 121.031034483324007, 14.6128400891605 ], [ 121.031202743880002, 14.6124371843219 ], [ 121.031299280305007, 14.612211367439301 ], [ 121.032492582127006, 14.612592575461299 ], [ 121.033041494821006, 14.6127933746307 ], [ 121.033357587203, 14.6129674344678 ], [ 121.034755213240004, 14.6137851967659 ], [ 121.036987172650001, 14.6150849317981 ], [ 121.043284735699004, 14.6187941057958 ], [ 121.043144793398994, 14.6190057725186 ], [ 121.042640121546, 14.6190883669586 ], [ 121.040531523591994, 14.6227090147048 ], [ 121.039868359837001, 14.6223468290246 ], [ 121.038947368677995, 14.6222680713916 ], [ 121.037886618111997, 14.6235057876957 ], [ 121.037558903031993, 14.6244169640875 ] ] ] } },
{ "type": "Feature", "properties": { "barangay_name": "Mariblo", "barangay_geom": "POLYGON((121.01474129478 14.6353888106283, 121.014531248368 14.6346211930455, 121.014166514099 14.6345530577902, 121.014192290138 14.6343737004379, 121.014173860448 14.6341764138111, 121.014074373293 14.6339719556912, 121.013849630142 14.6337029354752, 121.013772950431 14.6334863464773, 121.013912232353 14.6332509630862, 121.014048531702 14.6331218158347, 121.014494292201 14.6329029805851, 121.014903208282 14.6326769704379, 121.01521266169 14.632483250856, 121.015628991141 14.6328849752433, 121.015934788737 14.633103762458, 121.016185308625 14.6332005994857, 121.016579506399 14.6331682869914, 121.01697369854 14.6330642278943, 121.017172641796 14.6331323710465, 121.017290540511 14.6332363839881, 121.017323708542 14.6333655205905, 121.017342153938 14.6337278099692, 121.017334808783 14.6340506491292, 121.01730905249 14.6344488237773, 121.017353278763 14.6346066470646, 121.017419606576 14.6347537131271, 121.01757065228 14.6348218595055, 121.01793170772 14.6349509619958, 121.018414328198 14.6349329923728, 121.018797479031 14.6349724138853, 121.018970642492 14.6351051270908, 121.019070135309 14.6353167504554, 121.018292790927 14.6354100788967, 121.01813069348 14.6353993360118, 121.017928055657 14.6353598905392, 121.017732798607 14.635331208928, 121.017544935948 14.6357186312464, 121.016402922895 14.6365652584693, 121.015931378651 14.6369168263026, 121.015533500901 14.6371213172852, 121.01474129478 14.6353888106283))" }, "geometry": { "type": "Polygon", "coordinates": [ [ [ 121.014741294779995, 14.635388810628299 ], [ 121.014531248368002, 14.634621193045501 ], [ 121.014166514099003, 14.6345530577902 ], [ 121.014192290137998, 14.6343737004379 ], [ 121.014173860447997, 14.634176413811099 ], [ 121.014074373292999, 14.6339719556912 ], [ 121.013849630142005, 14.633702935475201 ], [ 121.013772950431004, 14.6334863464773 ], [ 121.013912232352993, 14.6332509630862 ], [ 121.014048531702002, 14.6331218158347 ], [ 121.014494292200993, 14.632902980585101 ], [ 121.014903208282007, 14.632676970437901 ], [ 121.015212661690001, 14.632483250856 ], [ 121.015628991141, 14.6328849752433 ], [ 121.015934788736999, 14.633103762457999 ], [ 121.016185308624998, 14.633200599485701 ], [ 121.016579506398998, 14.633168286991401 ], [ 121.016973698539999, 14.6330642278943 ], [ 121.017172641795995, 14.6331323710465 ], [ 121.017290540510999, 14.6332363839881 ], [ 121.017323708541994, 14.6333655205905 ], [ 121.017342153938003, 14.6337278099692 ], [ 121.017334808783005, 14.6340506491292 ], [ 121.017309052490006, 14.6344488237773 ], [ 121.017353278762997, 14.634606647064601 ], [ 121.017419606575999, 14.6347537131271 ], [ 121.01757065228, 14.6348218595055 ], [ 121.017931707719995, 14.6349509619958 ], [ 121.018414328198006, 14.6349329923728 ], [ 121.018797479030994, 14.634972413885301 ], [ 121.018970642491993, 14.635105127090799 ], [ 121.019070135308993, 14.6353167504554 ], [ 121.018292790927006, 14.635410078896699 ], [ 121.018130693480003, 14.635399336011799 ], [ 121.017928055656995, 14.635359890539201 ], [ 121.017732798607, 14.635331208927999 ], [ 121.017544935947996, 14.6357186312464 ], [ 121.016402922894997, 14.6365652584693 ], [ 121.015931378651004, 14.636916826302601 ], [ 121.015533500901, 14.637121317285199 ], [ 121.014741294779995, 14.635388810628299 ] ] ] } },
{ "type": "Feature", "properties": { "barangay_name": "Marilag", "barangay_geom": "POLYGON((121.066578054677 14.6282411872098, 121.065943791203 14.6261931468431, 121.066934682857 14.6258628582925, 121.06697887482 14.6258269726239, 121.067498113484 14.6251560371039, 121.067534921262 14.6250448283606, 121.067516346664 14.6245569920421, 121.067501591456 14.624478083005, 121.067450909454 14.622500465382, 121.06889792811 14.6224588907661, 121.071665502072 14.6231197675351, 121.072172228951 14.6212351364854, 121.072253270798 14.6212315231753, 121.073057277814 14.6208666497807, 121.074302303379 14.6235840069942, 121.073996545506 14.6236163890493, 121.073793934731 14.6236272088586, 121.073609731689 14.6236129233476, 121.07333711319 14.6235663717209, 121.072932265999 14.6247502345128, 121.071883910104 14.627784930497, 121.071709429106 14.6282199518168, 121.070575721337 14.6298828997867, 121.069481401568 14.6293631025084, 121.067454914692 14.6284740956774, 121.067200685055 14.6283522155375, 121.066578054677 14.6282411872098))" }, "geometry": { "type": "Polygon", "coordinates": [ [ [ 121.066578054676995, 14.628241187209801 ], [ 121.065943791202997, 14.6261931468431 ], [ 121.066934682856996, 14.6258628582925 ], [ 121.066978874819995, 14.6258269726239 ], [ 121.067498113484007, 14.625156037103901 ], [ 121.067534921261995, 14.6250448283606 ], [ 121.067516346663993, 14.6245569920421 ], [ 121.067501591455994, 14.624478083005 ], [ 121.067450909453996, 14.622500465382 ], [ 121.068897928110005, 14.622458890766101 ], [ 121.071665502071994, 14.623119767535099 ], [ 121.072172228951004, 14.621235136485399 ], [ 121.072253270798001, 14.6212315231753 ], [ 121.073057277814002, 14.6208666497807 ], [ 121.074302303379, 14.6235840069942 ], [ 121.073996545506006, 14.6236163890493 ], [ 121.073793934731, 14.623627208858601 ], [ 121.073609731689004, 14.623612923347601 ], [ 121.073337113189993, 14.6235663717209 ], [ 121.072932265999, 14.624750234512801 ], [ 121.071883910104006, 14.627784930497 ], [ 121.071709429105994, 14.628219951816799 ], [ 121.070575721336994, 14.629882899786701 ], [ 121.069481401567998, 14.6293631025084 ], [ 121.067454914691993, 14.628474095677401 ], [ 121.067200685054999, 14.6283522155375 ], [ 121.066578054676995, 14.628241187209801 ] ] ] } },
{ "type": "Feature", "properties": { "barangay_name": "Masagana", "barangay_geom": "POLYGON((121.066154537238 14.6194890426976, 121.065970325262 14.6194317017343, 121.065714924167 14.6193280413687, 121.0650076507 14.6190356248897, 121.066032322159 14.6166401885647, 121.066373217297 14.615879021991, 121.066516774955 14.6155166899778, 121.066771215674 14.6150661846628, 121.067046664363 14.6148736531512, 121.06725438969 14.6148276607006, 121.067305763565 14.6149440139593, 121.067374614278 14.6151784565504, 121.067396774211 14.6153434533023, 121.067437331585 14.6154797571742, 121.067452114042 14.6156196476608, 121.067488993641 14.615748767138, 121.067507458392 14.6159101857749, 121.067938749454 14.6168570480055, 121.068344262367 14.6177859849279, 121.068698147847 14.6185535123375, 121.068739668899 14.6190978223379, 121.068674227555 14.6192695059459, 121.0686263711 14.6193663653597, 121.06858219256 14.6194704091248, 121.068519622663 14.6196533625923, 121.068353911556 14.6198435317516, 121.067805165242 14.6203458776841, 121.066328329451 14.6216627661455, 121.06619570235 14.6216233426652, 121.065830933239 14.6214189817186, 121.065945103542 14.6213221041363, 121.065550801362 14.6209061104234, 121.066154537238 14.6194890426976))" }, "geometry": { "type": "Polygon", "coordinates": [ [ [ 121.066154537238006, 14.6194890426976 ], [ 121.065970325262001, 14.6194317017343 ], [ 121.065714924166997, 14.6193280413687 ], [ 121.065007650699997, 14.619035624889699 ], [ 121.066032322159003, 14.6166401885647 ], [ 121.066373217296999, 14.615879021991001 ], [ 121.066516774955005, 14.615516689977801 ], [ 121.066771215673995, 14.615066184662799 ], [ 121.067046664363005, 14.6148736531512 ], [ 121.067254389690007, 14.6148276607006 ], [ 121.067305763565003, 14.614944013959301 ], [ 121.067374614277995, 14.615178456550399 ], [ 121.067396774211005, 14.6153434533023 ], [ 121.067437331584998, 14.615479757174199 ], [ 121.067452114041998, 14.6156196476608 ], [ 121.067488993641007, 14.615748767137999 ], [ 121.067507458392001, 14.615910185774901 ], [ 121.067938749454001, 14.6168570480055 ], [ 121.068344262367006, 14.617785984927901 ], [ 121.068698147847002, 14.618553512337501 ], [ 121.068739668898999, 14.619097822337899 ], [ 121.068674227554993, 14.619269505945899 ], [ 121.068626371099995, 14.619366365359699 ], [ 121.068582192560001, 14.6194704091248 ], [ 121.068519622663004, 14.619653362592301 ], [ 121.068353911556002, 14.6198435317516 ], [ 121.067805165242007, 14.6203458776841 ], [ 121.066328329450997, 14.6216627661455 ], [ 121.066195702350001, 14.621623342665201 ], [ 121.065830933238999, 14.6214189817186 ], [ 121.065945103542006, 14.621322104136301 ], [ 121.065550801361994, 14.6209061104234 ], [ 121.066154537238006, 14.6194890426976 ] ] ] } },
{ "type": "Feature", "properties": { "barangay_name": "Masambong", "barangay_geom": "POLYGON((121.008450807443 14.6454436537256, 121.008343175439 14.6453876564291, 121.008203166713 14.6454163579436, 121.006291239195 14.6451603087876, 121.006080886399 14.6440001878479, 121.006007184996 14.6435769180334, 121.005999812914 14.64318951038, 121.006058742468 14.642518723752, 121.006121593712 14.6420131658052, 121.006728451582 14.6396864961539, 121.00683159393 14.639352899123, 121.006923691595 14.6390946274283, 121.012696863299 14.6398656028663, 121.012616640819 14.640049888792, 121.012528230912 14.6402400138591, 121.012296141524 14.6404911187815, 121.011644065354 14.6410399749305, 121.01153723099 14.6411224816948, 121.011393556703 14.641294668056, 121.011279365116 14.6416462085757, 121.011235167338 14.6419905692654, 121.011176238399 14.6423600389913, 121.011135727347 14.6427366842059, 121.011024140403 14.6430328920754, 121.01069677631 14.6433438874898, 121.010362074064 14.6435796842663, 121.010251564574 14.6439204594589, 121.010277363764 14.6441464514875, 121.010423283077 14.6442777350596, 121.010595891128 14.6443959931632, 121.01087423422 14.6444979502024, 121.010565722722 14.6446312067374, 121.00855686132 14.6454988466232, 121.008450807443 14.6454436537256))" }, "geometry": { "type": "Polygon", "coordinates": [ [ [ 121.008450807442998, 14.6454436537256 ], [ 121.008343175438995, 14.645387656429101 ], [ 121.008203166713002, 14.645416357943599 ], [ 121.006291239194994, 14.645160308787601 ], [ 121.006080886399005, 14.644000187847899 ], [ 121.006007184995994, 14.6435769180334 ], [ 121.005999812913998, 14.643189510379999 ], [ 121.006058742467999, 14.642518723752 ], [ 121.006121593711995, 14.642013165805199 ], [ 121.006728451582006, 14.639686496153899 ], [ 121.006831593930002, 14.639352899123001 ], [ 121.006923691595006, 14.6390946274283 ], [ 121.012696863298999, 14.639865602866299 ], [ 121.012616640819004, 14.640049888791999 ], [ 121.012528230911997, 14.640240013859099 ], [ 121.012296141524004, 14.640491118781499 ], [ 121.011644065354005, 14.6410399749305 ], [ 121.011537230990001, 14.641122481694801 ], [ 121.011393556702998, 14.641294668056 ], [ 121.011279365115996, 14.6416462085757 ], [ 121.011235167338, 14.641990569265401 ], [ 121.011176238399003, 14.642360038991299 ], [ 121.011135727346996, 14.6427366842059 ], [ 121.011024140402995, 14.6430328920754 ], [ 121.010696776309999, 14.643343887489801 ], [ 121.010362074064005, 14.6435796842663 ], [ 121.010251564574006, 14.643920459458901 ], [ 121.010277363764004, 14.644146451487501 ], [ 121.010423283077003, 14.6442777350596 ], [ 121.010595891128006, 14.644395993163201 ], [ 121.010874234219997, 14.6444979502024 ], [ 121.010565722722006, 14.644631206737399 ], [ 121.008556861320002, 14.6454988466232 ], [ 121.008450807442998, 14.6454436537256 ] ] ] } },
{ "type": "Feature", "properties": { "barangay_name": "Matandang Balara", "barangay_geom": "POLYGON((121.09644032706 14.6721354389962, 121.095902334773 14.6721967240824, 121.096322045738 14.6734967565543, 121.096304443017 14.673497947862, 121.096065348666 14.6735141620434, 121.094222001396 14.6736404943521, 121.092104672818 14.6741763624688, 121.091906621026 14.6741856689552, 121.08880450632 14.6743534684595, 121.088803702007 14.6743619827963, 121.088788503872 14.6745243878395, 121.088556766281 14.6769998893747, 121.088551838785 14.6770525209582, 121.082826013905 14.6770582847413, 121.082503871542 14.6764500711252, 121.08236335292 14.6761847670834, 121.081684610729 14.6751173636899, 121.081226805332 14.6744464342324, 121.08071446271 14.6737664845252, 121.080235524723 14.6731780343853, 121.079657617516 14.6725116622544, 121.079029505619 14.6717978548922, 121.078337855969 14.6710840671993, 121.078337603341 14.6711307769726, 121.078305033303 14.6770283726513, 121.078300177474 14.67702836525, 121.074322036072 14.6770196126519, 121.069227129237 14.6770124922197, 121.069219007846 14.6756921057468, 121.069210045 14.6742345367934, 121.069077469049 14.6733657742861, 121.06863503042 14.6715808504432, 121.068639362586 14.6715096729153, 121.068792063676 14.6690184588047, 121.068852633365 14.6687789270898, 121.068977032111 14.6685698805325, 121.070550514469 14.6652489785214, 121.068669393569 14.6640525871365, 121.06846656764 14.6639096888109, 121.065836797165 14.6622017381629, 121.073378264258 14.6632672060052, 121.074011777685 14.6633566918242, 121.076172401512 14.6635941429848, 121.076843675685 14.6635258458978, 121.089167305221 14.6683229006458, 121.089443848076 14.6686981710635, 121.089775489721 14.6687446805645, 121.090339163132 14.6685435869831, 121.090777578263 14.6683999338972, 121.090972792389 14.668231258011, 121.091333861856 14.6681593797853, 121.091720824117 14.6683314060843, 121.091930924478 14.6685070899488, 121.092380466668 14.6685320199481, 121.092380552429 14.6687364832363, 121.092483718561 14.6687364422031, 121.092815300409 14.6686394561097, 121.093106344111 14.6685353184554, 121.093179954075 14.6683272374453, 121.093629387758 14.668097485226, 121.094084627713 14.6680306533093, 121.094119413353 14.6680255416506, 121.094571079221 14.6680250329182, 121.095470012999 14.6677305245323, 121.095890087747 14.667802088192, 121.09618864763 14.6680136045027, 121.096457600688 14.6679704438422, 121.096328527395 14.6677050529812, 121.096531142842 14.6676153004232, 121.096556902789 14.6675435440842, 121.096752177886 14.6675255309833, 121.096777926547 14.667407146286, 121.096682091892 14.667335440533, 121.0970652161 14.667155925781, 121.097356287515 14.6671235284416, 121.097422575333 14.6670374113204, 121.097452001682 14.6669226131902, 121.096976672529 14.6669012828908, 121.096729743082 14.6667758444733, 121.096740669719 14.6664781108692, 121.097035378674 14.6663380939536, 121.097484824878 14.6661549626226, 121.097750114825 14.666147683871, 121.097838456642 14.6659467625103, 121.097937881161 14.6658032383843, 121.098226372696 14.665694323206, 121.098420605561 14.665903476581, 121.098601251161 14.666122207061, 121.098587790356 14.6664151696251, 121.098748916006 14.6667462989124, 121.098881723758 14.6670941880045, 121.098820514774 14.6677387045886, 121.098820566274 14.6678534903484, 121.098828066665 14.6681404516082, 121.098968528911 14.6686403878264, 121.098590535103 14.6697884784829, 121.098480142364 14.6706538291497, 121.09772620815 14.6698929280585, 121.096039750476 14.6711276865935, 121.09644032706 14.6721354389962))" }, "geometry": { "type": "Polygon", "coordinates": [ [ [ 121.096440327059995, 14.6721354389962 ], [ 121.095902334773001, 14.672196724082401 ], [ 121.096322045738006, 14.6734967565543 ], [ 121.096304443017004, 14.673497947862 ], [ 121.096065348666002, 14.6735141620434 ], [ 121.094222001396005, 14.673640494352099 ], [ 121.092104672817996, 14.674176362468801 ], [ 121.091906621025998, 14.6741856689552 ], [ 121.088804506320002, 14.674353468459501 ], [ 121.088803702006999, 14.674361982796301 ], [ 121.088788503871996, 14.674524387839501 ], [ 121.088556766281002, 14.6769998893747 ], [ 121.088551838784994, 14.677052520958201 ], [ 121.082826013905006, 14.6770582847413 ], [ 121.082503871542002, 14.676450071125201 ], [ 121.082363352919998, 14.6761847670834 ], [ 121.081684610728999, 14.6751173636899 ], [ 121.081226805331994, 14.674446434232401 ], [ 121.080714462710006, 14.673766484525199 ], [ 121.080235524722994, 14.6731780343853 ], [ 121.079657617516006, 14.672511662254401 ], [ 121.079029505619005, 14.671797854892199 ], [ 121.078337855968996, 14.671084067199301 ], [ 121.078337603340998, 14.6711307769726 ], [ 121.078305033302996, 14.6770283726513 ], [ 121.078300177474006, 14.677028365250001 ], [ 121.074322036072004, 14.6770196126519 ], [ 121.069227129237007, 14.677012492219699 ], [ 121.069219007846002, 14.675692105746799 ], [ 121.069210045, 14.674234536793399 ], [ 121.069077469049006, 14.673365774286101 ], [ 121.068635030419998, 14.671580850443201 ], [ 121.068639362585998, 14.671509672915301 ], [ 121.068792063676, 14.6690184588047 ], [ 121.068852633364997, 14.6687789270898 ], [ 121.068977032110993, 14.6685698805325 ], [ 121.070550514469005, 14.665248978521401 ], [ 121.068669393568996, 14.664052587136499 ], [ 121.068466567640002, 14.6639096888109 ], [ 121.065836797165005, 14.662201738162899 ], [ 121.073378264257997, 14.6632672060052 ], [ 121.074011777685001, 14.6633566918242 ], [ 121.076172401511997, 14.663594142984801 ], [ 121.076843675684998, 14.6635258458978 ], [ 121.089167305220997, 14.6683229006458 ], [ 121.089443848076002, 14.6686981710635 ], [ 121.089775489721006, 14.668744680564499 ], [ 121.090339163132001, 14.6685435869831 ], [ 121.090777578263001, 14.6683999338972 ], [ 121.090972792388996, 14.668231258011 ], [ 121.091333861856, 14.668159379785299 ], [ 121.091720824117004, 14.668331406084301 ], [ 121.091930924478007, 14.6685070899488 ], [ 121.092380466668004, 14.668532019948101 ], [ 121.092380552429006, 14.6687364832363 ], [ 121.092483718560999, 14.6687364422031 ], [ 121.092815300409001, 14.6686394561097 ], [ 121.093106344111007, 14.668535318455399 ], [ 121.093179954074998, 14.6683272374453 ], [ 121.093629387758, 14.668097485225999 ], [ 121.094084627713002, 14.6680306533093 ], [ 121.094119413352999, 14.6680255416506 ], [ 121.094571079220998, 14.6680250329182 ], [ 121.095470012999002, 14.667730524532301 ], [ 121.095890087746994, 14.667802088191999 ], [ 121.096188647630001, 14.668013604502701 ], [ 121.096457600687998, 14.667970443842201 ], [ 121.096328527395002, 14.6677050529812 ], [ 121.096531142841997, 14.667615300423201 ], [ 121.096556902789004, 14.6675435440842 ], [ 121.096752177886003, 14.667525530983299 ], [ 121.096777926547006, 14.667407146285999 ], [ 121.096682091892006, 14.667335440533 ], [ 121.097065216100006, 14.667155925781 ], [ 121.097356287514998, 14.6671235284416 ], [ 121.097422575332999, 14.667037411320401 ], [ 121.097452001682001, 14.6669226131902 ], [ 121.096976672528996, 14.6669012828908 ], [ 121.096729743081994, 14.6667758444733 ], [ 121.096740669718997, 14.6664781108692 ], [ 121.097035378673993, 14.6663380939536 ], [ 121.097484824877995, 14.666154962622601 ], [ 121.097750114825004, 14.666147683870999 ], [ 121.097838456641995, 14.6659467625103 ], [ 121.097937881161002, 14.665803238384299 ], [ 121.098226372696004, 14.665694323206001 ], [ 121.098420605561003, 14.665903476581001 ], [ 121.098601251161, 14.666122207060999 ], [ 121.098587790356007, 14.6664151696251 ], [ 121.098748916006002, 14.6667462989124 ], [ 121.098881723757998, 14.6670941880045 ], [ 121.098820514774005, 14.667738704588601 ], [ 121.098820566274, 14.667853490348399 ], [ 121.098828066665007, 14.668140451608201 ], [ 121.098968528911001, 14.6686403878264 ], [ 121.098590535103, 14.6697884784829 ], [ 121.098480142363996, 14.6706538291497 ], [ 121.097726208149993, 14.6698929280585 ], [ 121.096039750475995, 14.671127686593501 ], [ 121.096440327059995, 14.6721354389962 ] ] ] } },
{ "type": "Feature", "properties": { "barangay_name": "Milagrosa", "barangay_geom": "POLYGON((121.065431812858 14.6214392675745, 121.065479691354 14.6214105575488, 121.065603853213 14.6213888036167, 121.065830933239 14.6214189817186, 121.06619570235 14.6216233426652, 121.066328329451 14.6216627661455, 121.067805165242 14.6203458776841, 121.068353911556 14.6198435317516, 121.068519622663 14.6196533625923, 121.06858219256 14.6194704091248, 121.0686263711 14.6193663653597, 121.068674227555 14.6192695059459, 121.068739668899 14.6190978223379, 121.068698147847 14.6185535123375, 121.070546201883 14.617757102419, 121.071422812257 14.6173335631183, 121.073057277814 14.6208666497807, 121.072253270798 14.6212315231753, 121.072172228951 14.6212351364854, 121.071665502072 14.6231197675351, 121.06889792811 14.6224588907661, 121.067450909454 14.622500465382, 121.066791493184 14.6225185872623, 121.066459935464 14.6225043382755, 121.065137268212 14.6220025170567, 121.065431812858 14.6214392675745))" }, "geometry": { "type": "Polygon", "coordinates": [ [ [ 121.065431812857994, 14.6214392675745 ], [ 121.065479691354, 14.621410557548799 ], [ 121.065603853213005, 14.6213888036167 ], [ 121.065830933238999, 14.6214189817186 ], [ 121.066195702350001, 14.621623342665201 ], [ 121.066328329450997, 14.6216627661455 ], [ 121.067805165242007, 14.6203458776841 ], [ 121.068353911556002, 14.6198435317516 ], [ 121.068519622663004, 14.619653362592301 ], [ 121.068582192560001, 14.6194704091248 ], [ 121.068626371099995, 14.619366365359699 ], [ 121.068674227554993, 14.619269505945899 ], [ 121.068739668898999, 14.619097822337899 ], [ 121.068698147847002, 14.618553512337501 ], [ 121.070546201883005, 14.617757102419001 ], [ 121.071422812256998, 14.617333563118301 ], [ 121.073057277814002, 14.6208666497807 ], [ 121.072253270798001, 14.6212315231753 ], [ 121.072172228951004, 14.621235136485399 ], [ 121.071665502071994, 14.623119767535099 ], [ 121.068897928110005, 14.622458890766101 ], [ 121.067450909453996, 14.622500465382 ], [ 121.066791493183999, 14.6225185872623 ], [ 121.066459935463996, 14.622504338275499 ], [ 121.065137268211998, 14.6220025170567 ], [ 121.065431812857994, 14.6214392675745 ] ] ] } },
{ "type": "Feature", "properties": { "barangay_name": "N. S. Amoranto (Gintong Silahis)", "barangay_geom": "POLYGON((120.993586941259 14.6373471438528, 120.993517971726 14.6375811521973, 120.992103621597 14.6380096317145, 120.992482916991 14.6373393469404, 120.992186250048 14.6364047151224, 120.993040995852 14.6361538936299, 120.991195463064 14.6305722178436, 120.994498409872 14.6295531344172, 120.994631026838 14.6296822766237, 120.995069435134 14.6292016118769, 120.995927797147 14.6299943770335, 120.993586941259 14.6373471438528))" }, "geometry": { "type": "Polygon", "coordinates": [ [ [ 120.993586941258997, 14.6373471438528 ], [ 120.993517971726007, 14.637581152197299 ], [ 120.992103621596996, 14.6380096317145 ], [ 120.992482916990994, 14.637339346940401 ], [ 120.992186250047993, 14.636404715122399 ], [ 120.993040995851999, 14.636153893629899 ], [ 120.991195463064003, 14.6305722178436 ], [ 120.994498409871994, 14.629553134417201 ], [ 120.994631026837993, 14.629682276623701 ], [ 120.995069435133999, 14.629201611876899 ], [ 120.995927797147004, 14.629994377033499 ], [ 120.993586941258997, 14.6373471438528 ] ] ] } },
{ "type": "Feature", "properties": { "barangay_name": "Nagkaisang Nayon", "barangay_geom": "POLYGON((121.030999145848 14.7326524258, 121.030993333664 14.7326625312981, 121.030649669493 14.7323186098566, 121.030643642291 14.7323186106545, 121.025815978025 14.7277013321521, 121.024881029749 14.7268070940353, 121.022789314394 14.7248069621569, 121.018437223669 14.7206599908216, 121.013780197188 14.7162031511827, 121.01356858911 14.7160067359324, 121.013574615865 14.7160067355794, 121.016226205197 14.7083805966258, 121.017936712806 14.7032557927434, 121.017970385494 14.7034037912257, 121.018014796561 14.7036014991558, 121.017983475105 14.7038184192069, 121.017906881143 14.7039788537882, 121.017722649347 14.704282778555, 121.017709592716 14.70438671924, 121.017787974303 14.7047403341267, 121.017993158349 14.7050442288888, 121.018305425889 14.7054531844883, 121.018522204594 14.705701718672, 121.018675441692 14.7059570364481, 121.018859736497 14.706277878776, 121.018966850534 14.7067343007523, 121.018896664951 14.7071274695593, 121.018802673177 14.7074472046356, 121.018692145786 14.7077997045864, 121.01869390061 14.7080154922073, 121.018608313906 14.7082493633126, 121.018449896007 14.7084629041711, 121.018114757829 14.7087905664514, 121.017955750075 14.7089555265226, 121.017869871597 14.709155503998, 121.017843482615 14.7094040573519, 121.017780544217 14.7097689807092, 121.01768597014 14.7100412646043, 121.017645945829 14.7103655141255, 121.017612893278 14.7106660377508, 121.017762953669 14.7111100292807, 121.017969016025 14.7115212527842, 121.01828159178 14.7119528037248, 121.018642021444 14.712184379599, 121.018983009589 14.7123402613458, 121.019339652471 14.7123673465428, 121.019791463544 14.7122385136606, 121.020059587102 14.7121142149814, 121.020290872718 14.7120915992796, 121.020539574084 14.7122158530015, 121.020733718518 14.7123231646655, 121.020902327751 14.712444035811, 121.021134201651 14.7125490841744, 121.02136260064 14.7127275682197, 121.021543705327 14.7129941791497, 121.021656904989 14.7132992087499, 121.021745461633 14.7137183482068, 121.021835450325 14.7140606625591, 121.021874086052 14.7144877150846, 121.021935638648 14.7148063067155, 121.0220331824 14.7151949411464, 121.022070651095 14.7154615652175, 121.022332721209 14.7157790077521, 121.0226879365 14.7159518292887, 121.022988891417 14.7161099685527, 121.023244560659 14.716207103957, 121.023527229958 14.7164352905874, 121.023735040493 14.7167222330029, 121.024198469666 14.7165448099246, 121.024524912841 14.716331247561, 121.024751265853 14.7163413914947, 121.024937309918 14.7166192969324, 121.025265265951 14.7168881485589, 121.02581430083 14.7167615529104, 121.026285842949 14.7165705674205, 121.026389502854 14.7169368115733, 121.026894358006 14.7170008435656, 121.026831312252 14.7175215881043, 121.02727039815 14.7182158531074, 121.027451754923 14.7181769763716, 121.027596903463 14.7182051312671, 121.028475965937 14.7184340172898, 121.028527025249 14.7181008711726, 121.02868066542 14.7180875027497, 121.028946829218 14.7182263328964, 121.029221288065 14.718031696477, 121.029392904545 14.717796274263, 121.029606550215 14.7174220194483, 121.030169187661 14.7170881472193, 121.030375810414 14.7167102592246, 121.030414792471 14.7164976299041, 121.030383551996 14.716285009792, 121.029470498632 14.7146676832333, 121.02943302099 14.7145388480979, 121.029381925367 14.7143761665285, 121.029550763569 14.7139434400186, 121.029785172722 14.7134598649319, 121.029960412252 14.7131977337888, 121.030112703562 14.7127864747556, 121.030313731313 14.7122678802966, 121.030494210016 14.7120972600887, 121.030843268388 14.7118023417434, 121.031057659574 14.7114396542452, 121.030970828553 14.7109312655608, 121.030969342129 14.7107290354105, 121.031028801726 14.7104759570729, 121.031232777703 14.7103460051479, 121.031735723244 14.7106566259247, 121.03294638602 14.7106688845689, 121.033138757308 14.7105637877467, 121.033291672106 14.710457566656, 121.033558052506 14.7103539501509, 121.033710686052 14.7103535664742, 121.033952132977 14.7104280966152, 121.034101307006 14.7105139378822, 121.03417823202 14.7106924315515, 121.034182285259 14.7109005994133, 121.033956070622 14.7111512175207, 121.033745445482 14.7113334950975, 121.033628452154 14.7115233510256, 121.033697546169 14.7116833176098, 121.033895783144 14.7119759012992, 121.034090231377 14.7120854612793, 121.034268133641 14.7122051915468, 121.034441992269 14.7124153045412, 121.034624828389 14.7125508506933, 121.034680279246 14.7126920646869, 121.03462082881 14.7129214185618, 121.034445584792 14.7131180260876, 121.034223930732 14.7134479541648, 121.034177809169 14.7135835343546, 121.034280861594 14.7137902685401, 121.034542653602 14.7140704146484, 121.034719126953 14.7143031225703, 121.034893276626 14.7145200138091, 121.035116767637 14.7147594930017, 121.035261582596 14.7148001430214, 121.03501962325 14.7152136784759, 121.035125303107 14.7155232216544, 121.034964008729 14.7158576603286, 121.034833769504 14.7162079111065, 121.034497217383 14.7166756895104, 121.034526304783 14.717107260322, 121.03445464647 14.7172496229964, 121.034538857168 14.717562558913, 121.034475390412 14.7181263274737, 121.034354434505 14.7184709276482, 121.034422354506 14.7185884144483, 121.034868440911 14.71893405971, 121.035094848196 14.7192639205956, 121.035087915404 14.7194638922842, 121.035266999003 14.7196129957344, 121.035232769016 14.7197259787015, 121.035121354055 14.7198604391511, 121.034994580164 14.7201169178422, 121.03496705136 14.7203835494972, 121.034791410117 14.7205117288662, 121.034669831392 14.7207987105786, 121.034324629402 14.7209305844232, 121.034328331826 14.7210310256107, 121.034427876992 14.7212928661359, 121.034305088018 14.7215663899108, 121.034295272835 14.7217484391761, 121.034426806096 14.7221618187628, 121.034375261844 14.7225492315859, 121.034084187142 14.7230945051239, 121.03377464895 14.7233958575438, 121.033988457392 14.7237258387124, 121.033774699756 14.7237258699831, 121.033844777839 14.7240989121816, 121.033901399076 14.7248871629642, 121.033776117842 14.72509523198, 121.033698732682 14.7251562241009, 121.033606592653 14.7251669929679, 121.032843669232 14.7251599260797, 121.032740470958 14.7251850578965, 121.031362174566 14.7260497269375, 121.03126263438 14.7258775623795, 121.031134570009 14.7258002486546, 121.030658177931 14.7258202505192, 121.030625029392 14.7259206875644, 121.031034236583 14.7266488059893, 121.031041689243 14.727272947992, 121.030993804539 14.7274523087464, 121.030853771992 14.7275958091103, 121.031668426125 14.7284709417417, 121.031834340476 14.7288367949308, 121.031974387815 14.7287937356582, 121.032117221162 14.7298288986319, 121.032275731428 14.7302288175098, 121.032157941048 14.7304434914525, 121.031637639738 14.7307824961099, 121.03216092835 14.7310558299252, 121.032255890035 14.731459146922, 121.031491986044 14.731760287821, 121.030939111909 14.731641988915, 121.03123774201 14.7322373952228, 121.030999145848 14.7326524258))" }, "geometry": { "type": "Polygon", "coordinates": [ [ [ 121.030999145848, 14.7326524258 ], [ 121.030993333664, 14.7326625312981 ], [ 121.030649669493002, 14.7323186098566 ], [ 121.030643642290997, 14.732318610654501 ], [ 121.025815978024994, 14.727701332152099 ], [ 121.024881029748997, 14.7268070940353 ], [ 121.022789314394004, 14.724806962156901 ], [ 121.018437223668997, 14.7206599908216 ], [ 121.013780197187998, 14.7162031511827 ], [ 121.013568589109994, 14.7160067359324 ], [ 121.013574615864997, 14.7160067355794 ], [ 121.016226205197, 14.708380596625799 ], [ 121.017936712806005, 14.7032557927434 ], [ 121.017970385493996, 14.7034037912257 ], [ 121.018014796561005, 14.7036014991558 ], [ 121.017983475104998, 14.7038184192069 ], [ 121.017906881143006, 14.7039788537882 ], [ 121.017722649346993, 14.704282778554999 ], [ 121.017709592716002, 14.70438671924 ], [ 121.017787974303005, 14.704740334126701 ], [ 121.017993158349, 14.7050442288888 ], [ 121.018305425888997, 14.705453184488301 ], [ 121.018522204594007, 14.705701718672 ], [ 121.018675441691997, 14.705957036448099 ], [ 121.018859736497006, 14.706277878776 ], [ 121.018966850533999, 14.7067343007523 ], [ 121.018896664951001, 14.7071274695593 ], [ 121.018802673177007, 14.707447204635599 ], [ 121.018692145786005, 14.7077997045864 ], [ 121.018693900610003, 14.7080154922073 ], [ 121.018608313906, 14.7082493633126 ], [ 121.018449896006999, 14.7084629041711 ], [ 121.018114757828997, 14.7087905664514 ], [ 121.017955750075004, 14.708955526522599 ], [ 121.017869871597, 14.709155503998 ], [ 121.017843482615007, 14.7094040573519 ], [ 121.017780544217004, 14.7097689807092 ], [ 121.017685970139993, 14.7100412646043 ], [ 121.017645945829003, 14.710365514125501 ], [ 121.017612893277999, 14.7106660377508 ], [ 121.017762953669006, 14.7111100292807 ], [ 121.017969016025006, 14.7115212527842 ], [ 121.018281591779996, 14.711952803724801 ], [ 121.018642021443995, 14.712184379599 ], [ 121.018983009588993, 14.712340261345799 ], [ 121.019339652471004, 14.7123673465428 ], [ 121.019791463543996, 14.7122385136606 ], [ 121.020059587101997, 14.712114214981399 ], [ 121.020290872717993, 14.712091599279599 ], [ 121.020539574083998, 14.712215853001499 ], [ 121.020733718518002, 14.7123231646655 ], [ 121.020902327751003, 14.712444035811 ], [ 121.021134201650995, 14.7125490841744 ], [ 121.021362600640003, 14.7127275682197 ], [ 121.021543705327005, 14.7129941791497 ], [ 121.021656904989001, 14.7132992087499 ], [ 121.021745461633003, 14.7137183482068 ], [ 121.021835450325, 14.714060662559101 ], [ 121.021874086051994, 14.7144877150846 ], [ 121.021935638648003, 14.7148063067155 ], [ 121.022033182399994, 14.7151949411464 ], [ 121.022070651095007, 14.715461565217501 ], [ 121.022332721208997, 14.715779007752101 ], [ 121.022687936500006, 14.7159518292887 ], [ 121.022988891417, 14.716109968552701 ], [ 121.023244560658995, 14.716207103957 ], [ 121.023527229958006, 14.7164352905874 ], [ 121.023735040492994, 14.7167222330029 ], [ 121.024198469666004, 14.716544809924599 ], [ 121.024524912841002, 14.716331247561 ], [ 121.024751265852998, 14.7163413914947 ], [ 121.024937309918002, 14.7166192969324 ], [ 121.025265265951006, 14.716888148558899 ], [ 121.025814300830007, 14.7167615529104 ], [ 121.026285842948994, 14.716570567420501 ], [ 121.026389502854002, 14.7169368115733 ], [ 121.026894358006004, 14.7170008435656 ], [ 121.026831312252, 14.717521588104299 ], [ 121.027270398149994, 14.718215853107401 ], [ 121.027451754923007, 14.7181769763716 ], [ 121.027596903463007, 14.7182051312671 ], [ 121.028475965937005, 14.7184340172898 ], [ 121.028527025249005, 14.7181008711726 ], [ 121.028680665419998, 14.7180875027497 ], [ 121.028946829218, 14.7182263328964 ], [ 121.029221288065003, 14.718031696477 ], [ 121.029392904545006, 14.717796274263 ], [ 121.029606550214993, 14.7174220194483 ], [ 121.030169187661002, 14.7170881472193 ], [ 121.030375810414, 14.7167102592246 ], [ 121.030414792471007, 14.716497629904101 ], [ 121.030383551995996, 14.716285009791999 ], [ 121.029470498631994, 14.7146676832333 ], [ 121.029433020989998, 14.7145388480979 ], [ 121.029381925367005, 14.714376166528499 ], [ 121.029550763569006, 14.7139434400186 ], [ 121.029785172722001, 14.713459864931901 ], [ 121.029960412251995, 14.7131977337888 ], [ 121.030112703561997, 14.7127864747556 ], [ 121.030313731313001, 14.712267880296601 ], [ 121.030494210016002, 14.712097260088701 ], [ 121.030843268387997, 14.7118023417434 ], [ 121.031057659574003, 14.711439654245201 ], [ 121.030970828552995, 14.7109312655608 ], [ 121.030969342128998, 14.7107290354105 ], [ 121.031028801725995, 14.7104759570729 ], [ 121.031232777702996, 14.710346005147899 ], [ 121.031735723243997, 14.710656625924701 ], [ 121.032946386020001, 14.7106688845689 ], [ 121.033138757307995, 14.7105637877467 ], [ 121.033291672106003, 14.710457566656 ], [ 121.033558052505995, 14.7103539501509 ], [ 121.033710686052004, 14.7103535664742 ], [ 121.033952132977006, 14.7104280966152 ], [ 121.034101307005997, 14.710513937882199 ], [ 121.034178232019997, 14.7106924315515 ], [ 121.034182285259007, 14.7109005994133 ], [ 121.033956070621997, 14.711151217520699 ], [ 121.033745445481998, 14.711333495097501 ], [ 121.033628452154005, 14.711523351025599 ], [ 121.033697546168995, 14.711683317609801 ], [ 121.033895783144004, 14.7119759012992 ], [ 121.034090231376993, 14.712085461279299 ], [ 121.034268133641007, 14.712205191546801 ], [ 121.034441992268995, 14.712415304541199 ], [ 121.034624828388999, 14.712550850693299 ], [ 121.034680279246004, 14.7126920646869 ], [ 121.034620828810006, 14.7129214185618 ], [ 121.034445584791996, 14.713118026087599 ], [ 121.034223930731997, 14.713447954164799 ], [ 121.034177809168995, 14.7135835343546 ], [ 121.034280861593999, 14.7137902685401 ], [ 121.034542653602003, 14.7140704146484 ], [ 121.034719126952993, 14.7143031225703 ], [ 121.034893276625994, 14.7145200138091 ], [ 121.035116767637007, 14.714759493001701 ], [ 121.035261582595993, 14.714800143021399 ], [ 121.035019623249994, 14.7152136784759 ], [ 121.035125303106994, 14.715523221654401 ], [ 121.034964008729006, 14.7158576603286 ], [ 121.034833769504004, 14.716207911106499 ], [ 121.034497217383006, 14.716675689510399 ], [ 121.034526304783, 14.717107260322001 ], [ 121.034454646469996, 14.7172496229964 ], [ 121.034538857168002, 14.717562558913 ], [ 121.034475390411998, 14.7181263274737 ], [ 121.034354434505005, 14.7184709276482 ], [ 121.034422354506006, 14.7185884144483 ], [ 121.034868440910998, 14.71893405971 ], [ 121.035094848195996, 14.7192639205956 ], [ 121.035087915404006, 14.7194638922842 ], [ 121.035266999002999, 14.7196129957344 ], [ 121.035232769016005, 14.719725978701501 ], [ 121.035121354054994, 14.7198604391511 ], [ 121.034994580163996, 14.7201169178422 ], [ 121.034967051359999, 14.7203835494972 ], [ 121.034791410116995, 14.7205117288662 ], [ 121.034669831391994, 14.720798710578601 ], [ 121.034324629401993, 14.720930584423201 ], [ 121.034328331826003, 14.721031025610699 ], [ 121.034427876991998, 14.721292866135901 ], [ 121.034305088018002, 14.7215663899108 ], [ 121.034295272834996, 14.7217484391761 ], [ 121.034426806095993, 14.7221618187628 ], [ 121.034375261844005, 14.7225492315859 ], [ 121.034084187142, 14.7230945051239 ], [ 121.033774648950001, 14.7233958575438 ], [ 121.033988457391999, 14.723725838712401 ], [ 121.033774699755995, 14.723725869983101 ], [ 121.033844777838993, 14.724098912181599 ], [ 121.033901399076001, 14.724887162964199 ], [ 121.033776117841995, 14.725095231979999 ], [ 121.033698732681998, 14.7251562241009 ], [ 121.033606592653001, 14.7251669929679 ], [ 121.032843669231994, 14.7251599260797 ], [ 121.032740470958004, 14.7251850578965 ], [ 121.031362174565999, 14.7260497269375 ], [ 121.031262634379999, 14.7258775623795 ], [ 121.031134570009002, 14.7258002486546 ], [ 121.030658177931002, 14.725820250519201 ], [ 121.030625029391999, 14.7259206875644 ], [ 121.031034236582997, 14.726648805989299 ], [ 121.031041689242997, 14.727272947992001 ], [ 121.030993804538994, 14.7274523087464 ], [ 121.030853771992, 14.7275958091103 ], [ 121.031668426124995, 14.728470941741699 ], [ 121.031834340475996, 14.7288367949308 ], [ 121.031974387814998, 14.728793735658201 ], [ 121.032117221161997, 14.729828898631901 ], [ 121.032275731428001, 14.730228817509801 ], [ 121.032157941047998, 14.730443491452499 ], [ 121.031637639737994, 14.730782496109899 ], [ 121.032160928349995, 14.7310558299252 ], [ 121.032255890035003, 14.731459146922001 ], [ 121.031491986044003, 14.731760287821 ], [ 121.030939111909007, 14.731641988914999 ], [ 121.031237742010006, 14.7322373952228 ], [ 121.030999145848, 14.7326524258 ] ] ] } },
{ "type": "Feature", "properties": { "barangay_name": "Nayong Kanluran", "barangay_geom": "POLYGON((121.021768699495 14.6392146991746, 121.021952910901 14.6392146818781, 121.022140802684 14.6392577043931, 121.022280806044 14.6392325826847, 121.022678584017 14.6392554653655, 121.022947791706 14.639267866627, 121.023139219727 14.6392145669979, 121.023367627175 14.639124866334, 121.023680791709 14.6392432090941, 121.023865003525 14.6392467784832, 121.024008690152 14.6392898040172, 121.024189213916 14.6392682651781, 121.02436604557 14.6391857452856, 121.024542865524 14.6389991946135, 121.024620217057 14.6388018987862, 121.024594412206 14.6386512423571, 121.024546488629 14.6384396159908, 121.02460910466 14.6382961266179, 121.024719616883 14.6382028488548, 121.024874344017 14.6381131545182, 121.025106436165 14.6380342163459, 121.025423276507 14.637994720816, 121.025902201689 14.6378404206661, 121.026071665583 14.6377973614412, 121.027199632084 14.642761744155, 121.027118582871 14.6427761064015, 121.025991166031 14.6424641522172, 121.026009540603 14.6420982715038, 121.025910039753 14.6419009949935, 121.025497362871 14.6415243972875, 121.025291034618 14.6414203891711, 121.025062608877 14.6413630207856, 121.024683134031 14.6413487175777, 121.024322068139 14.6412554895495, 121.024019948416 14.6411479111317, 121.023592561536 14.6410224040588, 121.023364134367 14.6409435138534, 121.023257289316 14.6408825432607, 121.023128319705 14.6407032004313, 121.023043569133 14.6405597260988, 121.022885124415 14.6403624540918, 121.022715629129 14.640125721908, 121.022472454837 14.6399786745651, 121.02212613245 14.6398746861351, 121.022052441087 14.6398459965775, 121.021971387964 14.6398137194929, 121.02184980173 14.6397455732409, 121.021606614387 14.6394550512754, 121.021473979267 14.6393617974976, 121.021768699495 14.6392146991746))" }, "geometry": { "type": "Polygon", "coordinates": [ [ [ 121.021768699494999, 14.6392146991746 ], [ 121.021952910901007, 14.6392146818781 ], [ 121.022140802684007, 14.639257704393099 ], [ 121.022280806043995, 14.6392325826847 ], [ 121.022678584017001, 14.639255465365499 ], [ 121.022947791706002, 14.639267866627 ], [ 121.023139219727, 14.6392145669979 ], [ 121.023367627175006, 14.639124866334001 ], [ 121.023680791708998, 14.639243209094101 ], [ 121.023865003525003, 14.6392467784832 ], [ 121.024008690152002, 14.639289804017199 ], [ 121.024189213916003, 14.639268265178099 ], [ 121.024366045570005, 14.6391857452856 ], [ 121.024542865523998, 14.638999194613501 ], [ 121.024620217057006, 14.6388018987862 ], [ 121.024594412206, 14.638651242357099 ], [ 121.024546488628999, 14.6384396159908 ], [ 121.024609104660001, 14.638296126617901 ], [ 121.024719616883004, 14.638202848854799 ], [ 121.024874344016993, 14.6381131545182 ], [ 121.025106436165004, 14.638034216345901 ], [ 121.025423276506999, 14.637994720816 ], [ 121.025902201688993, 14.6378404206661 ], [ 121.026071665583004, 14.6377973614412 ], [ 121.027199632084006, 14.642761744155001 ], [ 121.027118582870997, 14.642776106401501 ], [ 121.025991166031005, 14.642464152217199 ], [ 121.026009540602999, 14.6420982715038 ], [ 121.025910039753001, 14.641900994993501 ], [ 121.025497362870993, 14.641524397287499 ], [ 121.025291034617993, 14.641420389171101 ], [ 121.025062608876993, 14.641363020785599 ], [ 121.024683134030994, 14.641348717577699 ], [ 121.024322068139, 14.641255489549501 ], [ 121.024019948415997, 14.6411479111317 ], [ 121.023592561536006, 14.6410224040588 ], [ 121.023364134367, 14.640943513853401 ], [ 121.023257289316007, 14.6408825432607 ], [ 121.023128319704995, 14.6407032004313 ], [ 121.023043569132994, 14.6405597260988 ], [ 121.022885124414998, 14.6403624540918 ], [ 121.022715629128996, 14.640125721907999 ], [ 121.022472454837001, 14.6399786745651 ], [ 121.022126132449998, 14.6398746861351 ], [ 121.022052441086998, 14.639845996577501 ], [ 121.021971387964001, 14.639813719492899 ], [ 121.021849801729999, 14.6397455732409 ], [ 121.021606614386997, 14.6394550512754 ], [ 121.021473979267, 14.6393617974976 ], [ 121.021768699494999, 14.6392146991746 ] ] ] } },
{ "type": "Feature", "properties": { "barangay_name": "New Era", "barangay_geom": "POLYGON((121.059836363655 14.6618953992343, 121.062563479871 14.6617624967811, 121.062694039985 14.661763591394, 121.065836797165 14.6622017381629, 121.068466558356 14.6639096888136, 121.068172538377 14.6640148359545, 121.067951787954 14.6641211001382, 121.067841267478 14.6642002171899, 121.067536441645 14.6644917898189, 121.067011693089 14.6648094105433, 121.066542919573 14.6650445399491, 121.06618408249 14.6652028119309, 121.065605059181 14.6654391005922, 121.065247365225 14.6655431412517, 121.064834245579 14.6656178224861, 121.064504940137 14.6655896695467, 121.063984134514 14.6655062095967, 121.063763084581 14.6655842253253, 121.063586170573 14.6656606290022, 121.063377567799 14.665794470285, 121.063211068019 14.6659278299443, 121.062887031199 14.6661441581851, 121.062614355077 14.666300801558, 121.06230671423 14.6664234249421, 121.06205245625 14.6664783461539, 121.061733346926 14.6665937683487, 121.061768064698 14.6657155747676, 121.05998489581 14.6656411598066, 121.058173949288 14.6663019553478, 121.058335868147 14.6674384939017, 121.057509978609 14.6676227909831, 121.057635550567 14.6664654740934, 121.056747235456 14.6655602849975, 121.056482115811 14.6658730733704, 121.056229921443 14.6661594756283, 121.05611108587 14.6663092683103, 121.056009936222 14.6664584149525, 121.055873354882 14.6664114398373, 121.055817363932 14.6662344570507, 121.055710722271 14.6661071245166, 121.055491665958 14.6660789323559, 121.055381423461 14.6661038138642, 121.054965483334 14.66650159603, 121.054187891368 14.6655949338272, 121.053788987911 14.6642879673993, 121.054698007462 14.6641447971006, 121.05463572952 14.6635054902991, 121.053737298663 14.6626685306538, 121.05357392033 14.6624810244058, 121.053366629565 14.6619116614998, 121.059836363655 14.6618953992343))" }, "geometry": { "type": "Polygon", "coordinates": [ [ [ 121.059836363654995, 14.6618953992343 ], [ 121.062563479871002, 14.661762496781099 ], [ 121.062694039985004, 14.661763591393999 ], [ 121.065836797165005, 14.662201738162899 ], [ 121.068466558355993, 14.6639096888136 ], [ 121.068172538376999, 14.6640148359545 ], [ 121.067951787954001, 14.6641211001382 ], [ 121.067841267478002, 14.664200217189901 ], [ 121.067536441645004, 14.6644917898189 ], [ 121.067011693089, 14.664809410543301 ], [ 121.066542919572996, 14.665044539949101 ], [ 121.066184082489997, 14.6652028119309 ], [ 121.065605059180996, 14.6654391005922 ], [ 121.065247365225005, 14.6655431412517 ], [ 121.064834245578993, 14.6656178224861 ], [ 121.064504940136999, 14.6655896695467 ], [ 121.063984134514001, 14.6655062095967 ], [ 121.063763084580998, 14.665584225325301 ], [ 121.063586170573004, 14.6656606290022 ], [ 121.063377567798995, 14.665794470285 ], [ 121.063211068019001, 14.6659278299443 ], [ 121.062887031198997, 14.6661441581851 ], [ 121.062614355077002, 14.666300801558 ], [ 121.062306714230004, 14.666423424942099 ], [ 121.062052456250001, 14.6664783461539 ], [ 121.061733346926005, 14.666593768348701 ], [ 121.061768064698001, 14.665715574767599 ], [ 121.059984895810004, 14.665641159806601 ], [ 121.058173949288005, 14.6663019553478 ], [ 121.058335868146997, 14.667438493901701 ], [ 121.057509978609005, 14.667622790983099 ], [ 121.057635550566999, 14.6664654740934 ], [ 121.056747235456001, 14.6655602849975 ], [ 121.056482115810994, 14.665873073370401 ], [ 121.056229921443006, 14.6661594756283 ], [ 121.05611108587, 14.6663092683103 ], [ 121.056009936221997, 14.666458414952499 ], [ 121.055873354881996, 14.666411439837299 ], [ 121.055817363931993, 14.666234457050701 ], [ 121.055710722271002, 14.6661071245166 ], [ 121.055491665958002, 14.6660789323559 ], [ 121.055381423461, 14.666103813864201 ], [ 121.054965483334001, 14.666501596030001 ], [ 121.054187891368002, 14.665594933827199 ], [ 121.053788987911005, 14.6642879673993 ], [ 121.054698007461994, 14.664144797100599 ], [ 121.054635729520001, 14.6635054902991 ], [ 121.053737298662995, 14.6626685306538 ], [ 121.053573920329995, 14.6624810244058 ], [ 121.053366629565005, 14.661911661499801 ], [ 121.059836363654995, 14.6618953992343 ] ] ] } },
{ "type": "Feature", "properties": { "barangay_name": "North Fairview", "barangay_geom": "POLYGON((121.066125865617 14.7143434504445, 121.06612654592 14.7166017760953, 121.065335782475 14.7166222550712, 121.06533737142 14.7219591954269, 121.063204310811 14.7219699191322, 121.063204412915 14.7223243617617, 121.063495930545 14.7229217803506, 121.064037076287 14.7231849326355, 121.064008004107 14.7235802631303, 121.064873800602 14.7239697952119, 121.063891128231 14.7238186782994, 121.063271701523 14.7233827545082, 121.063014204969 14.7230924720634, 121.062861202028 14.7228713123692, 121.061206759518 14.7228515008391, 121.060928323308 14.7223869195955, 121.060946188043 14.72124137524, 121.060873263781 14.7209477066046, 121.060717122449 14.7207148327358, 121.057168122128 14.7174244503551, 121.057178408044 14.7169484770661, 121.057979326623 14.7159558271793, 121.057925447267 14.7156010543211, 121.053441852894 14.7121086505843, 121.053461905455 14.7086922688651, 121.053580224203 14.7086449896963, 121.053944857817 14.7085481780243, 121.054224996073 14.7085533277241, 121.054558420866 14.7085747333596, 121.054793381011 14.7085336263156, 121.054968080968 14.7084397591211, 121.055196974554 14.7082403214406, 121.055347550644 14.708040902243, 121.055542471784 14.7076421342129, 121.055677647461 14.7073180361272, 121.055839211866 14.706770018532, 121.056100534353 14.7065915860079, 121.056300991136 14.7063531541378, 121.056405646912 14.706082361443, 121.056624076363 14.7058291293318, 121.05688415299 14.70568729201, 121.057176504866 14.7053960173951, 121.057243894718 14.7053008462891, 121.057822994371 14.7052749707584, 121.057948672209 14.7053619323396, 121.058247857387 14.7057391763214, 121.058550173254 14.7058390268349, 121.058778311564 14.7057890057839, 121.059004399135 14.7055718049114, 121.0595768344 14.7052462822902, 121.059788633484 14.7051106543369, 121.060078173222 14.7049094788979, 121.060302162622 14.7048032215604, 121.060667463591 14.7046686826103, 121.061004618757 14.7045330207127, 121.061131377174 14.7043623907481, 121.061501635444 14.7043272697014, 121.061971422411 14.7042751748055, 121.062299319292 14.7042739571636, 121.06263510356 14.7044489823993, 121.062876382879 14.7046728301882, 121.063014178352 14.704785553727, 121.063118078996 14.7048589610776, 121.06328179745 14.7050577574869, 121.063556092826 14.7052949359641, 121.063707898802 14.705463231307, 121.063989118008 14.7055580552645, 121.064354913461 14.7056251803657, 121.064701166817 14.7056121231838, 121.06490089716 14.7054954019158, 121.065034004552 14.7052620337217, 121.065200439542 14.7051582913878, 121.065413540938 14.7052295249115, 121.065526793851 14.7053980016589, 121.065906419409 14.7056312249558, 121.066166136084 14.7057024445273, 121.066505798259 14.7059097475584, 121.066718934271 14.7060911648934, 121.066752296712 14.706330966574, 121.06673920931 14.7070827971665, 121.066599702149 14.7081652190971, 121.066513266765 14.7085865246459, 121.066299297819 14.7086371819244, 121.066120356558 14.7084764520377, 121.065987180233 14.7084829794299, 121.065807456683 14.7087163523101, 121.065767543666 14.7088330290505, 121.065800893845 14.7090339393347, 121.065974121271 14.7093385144367, 121.066273806086 14.709461574765, 121.066533513667 14.7094874219981, 121.066717506507 14.7096139584901, 121.067071322474 14.7098062711473, 121.067420063056 14.7100399526871, 121.067412651121 14.7143290342967, 121.066125865617 14.7143434504445))" }, "geometry": { "type": "Polygon", "coordinates": [ [ [ 121.066125865616996, 14.714343450444501 ], [ 121.06612654592, 14.716601776095301 ], [ 121.065335782475003, 14.716622255071201 ], [ 121.06533737142, 14.7219591954269 ], [ 121.063204310811003, 14.721969919132199 ], [ 121.063204412914999, 14.7223243617617 ], [ 121.063495930545002, 14.7229217803506 ], [ 121.064037076286994, 14.723184932635499 ], [ 121.064008004106995, 14.7235802631303 ], [ 121.064873800602001, 14.7239697952119 ], [ 121.063891128231006, 14.7238186782994 ], [ 121.063271701523007, 14.723382754508201 ], [ 121.063014204968994, 14.723092472063399 ], [ 121.062861202028003, 14.7228713123692 ], [ 121.061206759518001, 14.7228515008391 ], [ 121.060928323308005, 14.7223869195955 ], [ 121.060946188043005, 14.72124137524 ], [ 121.060873263781005, 14.7209477066046 ], [ 121.060717122449006, 14.7207148327358 ], [ 121.057168122128004, 14.7174244503551 ], [ 121.057178408043995, 14.716948477066101 ], [ 121.057979326622998, 14.7159558271793 ], [ 121.057925447266996, 14.7156010543211 ], [ 121.053441852893997, 14.7121086505843 ], [ 121.053461905454995, 14.7086922688651 ], [ 121.053580224203003, 14.7086449896963 ], [ 121.053944857817001, 14.7085481780243 ], [ 121.054224996073003, 14.708553327724101 ], [ 121.054558420866002, 14.708574733359599 ], [ 121.054793381010995, 14.708533626315599 ], [ 121.054968080967996, 14.7084397591211 ], [ 121.055196974553994, 14.7082403214406 ], [ 121.055347550644001, 14.708040902243001 ], [ 121.055542471783994, 14.7076421342129 ], [ 121.055677647460996, 14.7073180361272 ], [ 121.055839211866001, 14.706770018532 ], [ 121.056100534353007, 14.7065915860079 ], [ 121.056300991135998, 14.706353154137799 ], [ 121.056405646911998, 14.706082361443 ], [ 121.056624076362993, 14.7058291293318 ], [ 121.056884152989994, 14.705687292009999 ], [ 121.057176504866007, 14.705396017395101 ], [ 121.057243894717999, 14.7053008462891 ], [ 121.057822994370994, 14.705274970758399 ], [ 121.057948672208994, 14.705361932339599 ], [ 121.058247857387002, 14.7057391763214 ], [ 121.058550173254005, 14.7058390268349 ], [ 121.058778311563998, 14.705789005783901 ], [ 121.059004399135006, 14.705571804911401 ], [ 121.059576834400005, 14.705246282290201 ], [ 121.059788633484004, 14.705110654336901 ], [ 121.060078173221996, 14.7049094788979 ], [ 121.060302162621994, 14.7048032215604 ], [ 121.060667463591003, 14.704668682610301 ], [ 121.061004618756996, 14.704533020712701 ], [ 121.061131377173993, 14.7043623907481 ], [ 121.061501635444003, 14.7043272697014 ], [ 121.061971422411006, 14.704275174805501 ], [ 121.062299319291995, 14.704273957163601 ], [ 121.062635103559998, 14.704448982399301 ], [ 121.062876382878997, 14.704672830188199 ], [ 121.063014178352006, 14.704785553727 ], [ 121.063118078995998, 14.704858961077599 ], [ 121.063281797450003, 14.7050577574869 ], [ 121.063556092826005, 14.705294935964099 ], [ 121.063707898801994, 14.705463231307 ], [ 121.063989118007996, 14.7055580552645 ], [ 121.064354913461003, 14.705625180365701 ], [ 121.064701166817002, 14.7056121231838 ], [ 121.064900897160001, 14.705495401915799 ], [ 121.065034004552004, 14.7052620337217 ], [ 121.065200439541997, 14.7051582913878 ], [ 121.065413540937996, 14.7052295249115 ], [ 121.065526793851006, 14.705398001658899 ], [ 121.065906419409004, 14.7056312249558 ], [ 121.066166136083993, 14.705702444527301 ], [ 121.066505798259001, 14.705909747558399 ], [ 121.066718934270995, 14.706091164893399 ], [ 121.066752296711996, 14.706330966574001 ], [ 121.066739209310001, 14.7070827971665 ], [ 121.066599702149006, 14.708165219097101 ], [ 121.066513266765, 14.7085865246459 ], [ 121.066299297819, 14.7086371819244 ], [ 121.066120356558002, 14.708476452037701 ], [ 121.065987180232995, 14.708482979429901 ], [ 121.065807456683004, 14.7087163523101 ], [ 121.065767543665999, 14.708833029050499 ], [ 121.065800893844994, 14.7090339393347 ], [ 121.065974121270997, 14.7093385144367 ], [ 121.066273806086002, 14.709461574764999 ], [ 121.066533513666997, 14.7094874219981 ], [ 121.066717506507004, 14.709613958490101 ], [ 121.067071322474007, 14.709806271147301 ], [ 121.067420063056005, 14.710039952687101 ], [ 121.067412651121003, 14.7143290342967 ], [ 121.066125865616996, 14.714343450444501 ] ] ] } },
{ "type": "Feature", "properties": { "barangay_name": "Novaliches Proper", "barangay_geom": "POLYGON((121.035236831786 14.7243228885093, 121.034417388844 14.7248799105113, 121.034155613743 14.7243131988335, 121.033844777839 14.7240989121816, 121.033774699756 14.7237258699831, 121.033988457392 14.7237258387124, 121.033774648951 14.723395866582, 121.034084187142 14.7230945051239, 121.034375261844 14.7225492315859, 121.034426806096 14.7221618187628, 121.034295272835 14.7217484391761, 121.034305088018 14.7215663899108, 121.034427876991 14.7212928570977, 121.034328331825 14.7210310165725, 121.034324629402 14.7209305844232, 121.034669831391 14.7207987015404, 121.034791410116 14.720511719828, 121.03496705136 14.7203835494972, 121.034994580164 14.7201169178422, 121.035121354055 14.7198604391511, 121.035232769016 14.7197259787015, 121.035266999003 14.7196129957344, 121.035087915404 14.7194638922842, 121.035094848196 14.7192639205956, 121.034868440911 14.71893405971, 121.034422354506 14.7185884144483, 121.034354434505 14.7184709276482, 121.034475390412 14.7181263274737, 121.034538857168 14.717562558913, 121.03445464647 14.7172496229964, 121.034526304783 14.717107260322, 121.034497217383 14.7166756895104, 121.034833769504 14.7162079111065, 121.034964008729 14.7158576603286, 121.035125303107 14.7155232216544, 121.03501962325 14.7152136784759, 121.035261582596 14.7148001430214, 121.035317877871 14.7148159513412, 121.03560980021 14.7147164861969, 121.036062494068 14.7146768739585, 121.036397367427 14.7146519664863, 121.036718021523 14.714614633225, 121.036966744299 14.7147388692676, 121.037197474879 14.714942192392, 121.037317075424 14.7151839456571, 121.037390853017 14.7155590200537, 121.037439934851 14.7158019143877, 121.037577796713 14.7159035720855, 121.038103674897 14.7161712435705, 121.03838142047 14.7163530919696, 121.038694584487 14.7165891634567, 121.038804900532 14.7168263983531, 121.038782035862 14.7171834119679, 121.038998263928 14.717377697452, 121.039302737523 14.7176623499969, 121.039484451731 14.7179730079735, 121.039698957328 14.7182373392969, 121.040067273594 14.7185570029697, 121.040389720586 14.7187478793993, 121.040924072365 14.7192833002012, 121.040723103153 14.7200165612298, 121.040792808375 14.7203249782166, 121.040620180802 14.7205611320382, 121.040619041542 14.7206774993137, 121.040471091699 14.7209362442377, 121.040566596334 14.7211034345868, 121.040468525644 14.721222078366, 121.040487779457 14.7217417725834, 121.040413514014 14.721884137495, 121.040431628475 14.7225710389203, 121.040259862976 14.7227597416389, 121.040209960871 14.7228297964957, 121.040183035126 14.723161955668, 121.04010990359 14.723160838567, 121.040085247062 14.7232071637005, 121.040059730999 14.7233269244967, 121.04008439601 14.7233269202293, 121.040180193806 14.7234681257762, 121.040227228742 14.7236127290876, 121.040177060069 14.7238002808012, 121.040028806315 14.7240364298902, 121.040101082347 14.7241313186638, 121.040075007343 14.7243437212702, 121.039975778239 14.7244849605536, 121.039927032567 14.7245335493764, 121.039804010853 14.724673662908, 121.039680426293 14.7248860821997, 121.03962825759 14.7252645664322, 121.039247030888 14.725771404114, 121.039172073885 14.7262135391905, 121.038727466204 14.7263705354665, 121.038381008872 14.7263167796155, 121.038063946615 14.7257967097623, 121.037617970546 14.7257178699759, 121.037367421408 14.7261232473985, 121.036401770476 14.7260803612249, 121.035881959624 14.7252267195836, 121.035929658896 14.7239425533023, 121.035317847552 14.72391753924, 121.035236831786 14.7243228885093))" }, "geometry": { "type": "Polygon", "coordinates": [ [ [ 121.035236831785994, 14.724322888509301 ], [ 121.034417388844005, 14.7248799105113 ], [ 121.034155613742996, 14.724313198833499 ], [ 121.033844777838993, 14.724098912181599 ], [ 121.033774699755995, 14.723725869983101 ], [ 121.033988457391999, 14.723725838712401 ], [ 121.033774648950995, 14.723395866582001 ], [ 121.034084187142, 14.7230945051239 ], [ 121.034375261844005, 14.7225492315859 ], [ 121.034426806095993, 14.7221618187628 ], [ 121.034295272834996, 14.7217484391761 ], [ 121.034305088018002, 14.7215663899108 ], [ 121.034427876991003, 14.7212928570977 ], [ 121.034328331824995, 14.7210310165725 ], [ 121.034324629401993, 14.720930584423201 ], [ 121.034669831391, 14.720798701540399 ], [ 121.034791410116, 14.720511719828 ], [ 121.034967051359999, 14.7203835494972 ], [ 121.034994580163996, 14.7201169178422 ], [ 121.035121354054994, 14.7198604391511 ], [ 121.035232769016005, 14.719725978701501 ], [ 121.035266999002999, 14.7196129957344 ], [ 121.035087915404006, 14.7194638922842 ], [ 121.035094848195996, 14.7192639205956 ], [ 121.034868440910998, 14.71893405971 ], [ 121.034422354506006, 14.7185884144483 ], [ 121.034354434505005, 14.7184709276482 ], [ 121.034475390411998, 14.7181263274737 ], [ 121.034538857168002, 14.717562558913 ], [ 121.034454646469996, 14.7172496229964 ], [ 121.034526304783, 14.717107260322001 ], [ 121.034497217383006, 14.716675689510399 ], [ 121.034833769504004, 14.716207911106499 ], [ 121.034964008729006, 14.7158576603286 ], [ 121.035125303106994, 14.715523221654401 ], [ 121.035019623249994, 14.7152136784759 ], [ 121.035261582595993, 14.714800143021399 ], [ 121.035317877870995, 14.714815951341199 ], [ 121.035609800209997, 14.714716486196901 ], [ 121.036062494068005, 14.714676873958499 ], [ 121.036397367427, 14.714651966486301 ], [ 121.036718021523001, 14.714614633225001 ], [ 121.036966744298994, 14.714738869267601 ], [ 121.037197474878994, 14.714942192392 ], [ 121.037317075423999, 14.715183945657101 ], [ 121.037390853017001, 14.7155590200537 ], [ 121.037439934850994, 14.715801914387701 ], [ 121.037577796712995, 14.7159035720855 ], [ 121.038103674897002, 14.7161712435705 ], [ 121.038381420470003, 14.7163530919696 ], [ 121.038694584487004, 14.7165891634567 ], [ 121.038804900532, 14.716826398353099 ], [ 121.038782035861999, 14.7171834119679 ], [ 121.038998263927994, 14.717377697451999 ], [ 121.039302737523002, 14.7176623499969 ], [ 121.039484451730999, 14.7179730079735 ], [ 121.039698957328, 14.7182373392969 ], [ 121.040067273594005, 14.7185570029697 ], [ 121.040389720586006, 14.718747879399301 ], [ 121.040924072365002, 14.7192833002012 ], [ 121.040723103152999, 14.7200165612298 ], [ 121.040792808375002, 14.720324978216601 ], [ 121.040620180801994, 14.720561132038201 ], [ 121.040619041542001, 14.7206774993137 ], [ 121.040471091699004, 14.7209362442377 ], [ 121.040566596334003, 14.7211034345868 ], [ 121.040468525644002, 14.721222078366001 ], [ 121.040487779456996, 14.7217417725834 ], [ 121.040413514014006, 14.721884137495 ], [ 121.040431628475005, 14.7225710389203 ], [ 121.040259862976001, 14.7227597416389 ], [ 121.040209960870996, 14.7228297964957 ], [ 121.040183035126006, 14.723161955667999 ], [ 121.040109903589993, 14.723160838567001 ], [ 121.040085247061995, 14.723207163700501 ], [ 121.040059730999005, 14.7233269244967 ], [ 121.040084396010002, 14.723326920229299 ], [ 121.040180193805995, 14.723468125776201 ], [ 121.040227228741998, 14.7236127290876 ], [ 121.040177060068999, 14.7238002808012 ], [ 121.040028806314993, 14.7240364298902 ], [ 121.040101082346993, 14.724131318663799 ], [ 121.040075007343006, 14.7243437212702 ], [ 121.039975778238997, 14.7244849605536 ], [ 121.039927032566993, 14.7245335493764 ], [ 121.039804010853004, 14.724673662908 ], [ 121.039680426293003, 14.724886082199699 ], [ 121.039628257589996, 14.7252645664322 ], [ 121.039247030888006, 14.725771404114001 ], [ 121.039172073884998, 14.7262135391905 ], [ 121.038727466203994, 14.726370535466501 ], [ 121.038381008871994, 14.7263167796155 ], [ 121.038063946614997, 14.725796709762299 ], [ 121.037617970545995, 14.725717869975901 ], [ 121.037367421408007, 14.726123247398499 ], [ 121.036401770476004, 14.7260803612249 ], [ 121.035881959624007, 14.725226719583601 ], [ 121.035929658895995, 14.723942553302299 ], [ 121.035317847551994, 14.72391753924 ], [ 121.035236831785994, 14.724322888509301 ] ] ] } },
{ "type": "Feature", "properties": { "barangay_name": "Obrero", "barangay_geom": "POLYGON((121.025152425954 14.6284375106039, 121.028216840625 14.6277327422515, 121.029292543688 14.6275317334458, 121.029325703585 14.6275532494485, 121.029244617352 14.627244773681, 121.029240926511 14.6272017247566, 121.029251960085 14.6270367203009, 121.029248257374 14.6269040024746, 121.029274010771 14.6266528973864, 121.029704107278 14.6266790268879, 121.029912959495 14.6266575342232, 121.030088450245 14.6266337861086, 121.030356468977 14.6265467577744, 121.030657564283 14.6264845800879, 121.030858576003 14.6264212855018, 121.031125734199 14.6264235095405, 121.031325893836 14.626440429516, 121.031492695956 14.6264822091362, 121.031667608889 14.6265093003085, 121.031843114475 14.6265262231888, 121.032002070589 14.6264866588797, 121.032087031251 14.6262844153891, 121.032146197391 14.6262200093955, 121.032222760963 14.6261070201555, 121.032306578819 14.6260267936968, 121.032405285507 14.6259458330357, 121.032563698739 14.6259422227489, 121.032708615664 14.6259408738225, 121.032841471686 14.6259815274551, 121.032966787059 14.6259995863457, 121.033125178092 14.6260334574821, 121.033233377918 14.6260594271682, 121.033325042874 14.6260661927963, 121.033433130951 14.6260281893664, 121.033809173776 14.6278647161325, 121.033993493281 14.6286287412785, 121.025608887574 14.6304628153778, 121.025152425954 14.6284375106039))" }, "geometry": { "type": "Polygon", "coordinates": [ [ [ 121.025152425954005, 14.6284375106039 ], [ 121.028216840625007, 14.627732742251499 ], [ 121.029292543688001, 14.627531733445799 ], [ 121.029325703585002, 14.6275532494485 ], [ 121.029244617352006, 14.627244773680999 ], [ 121.029240926510994, 14.627201724756601 ], [ 121.029251960085006, 14.6270367203009 ], [ 121.029248257373993, 14.6269040024746 ], [ 121.029274010771005, 14.6266528973864 ], [ 121.029704107277993, 14.626679026887899 ], [ 121.029912959494993, 14.626657534223201 ], [ 121.030088450245003, 14.6266337861086 ], [ 121.030356468977004, 14.626546757774401 ], [ 121.030657564283004, 14.626484580087901 ], [ 121.030858576002998, 14.626421285501801 ], [ 121.031125734198994, 14.6264235095405 ], [ 121.031325893835998, 14.626440429516 ], [ 121.031492695956004, 14.626482209136199 ], [ 121.031667608888995, 14.6265093003085 ], [ 121.031843114474995, 14.626526223188799 ], [ 121.032002070589002, 14.626486658879699 ], [ 121.032087031250995, 14.626284415389099 ], [ 121.032146197391, 14.626220009395499 ], [ 121.032222760962995, 14.6261070201555 ], [ 121.032306578819004, 14.6260267936968 ], [ 121.032405285506997, 14.625945833035701 ], [ 121.032563698738997, 14.6259422227489 ], [ 121.032708615664006, 14.625940873822501 ], [ 121.032841471685998, 14.625981527455099 ], [ 121.032966787058996, 14.625999586345699 ], [ 121.033125178092007, 14.6260334574821 ], [ 121.033233377917995, 14.626059427168199 ], [ 121.033325042873997, 14.6260661927963 ], [ 121.033433130950996, 14.6260281893664 ], [ 121.033809173776007, 14.6278647161325 ], [ 121.033993493281002, 14.628628741278501 ], [ 121.025608887573995, 14.6304628153778 ], [ 121.025152425954005, 14.6284375106039 ] ] ] } },
{ "type": "Feature", "properties": { "barangay_name": "Old Capitol Site", "barangay_geom": "POLYGON((121.05159208164 14.6527935441174, 121.051750423687 14.652445562635, 121.051951078538 14.6518964519788, 121.05203165608 14.6515676668468, 121.052087267646 14.6511891767742, 121.052119019825 14.6505327651511, 121.052070765199 14.6501034580105, 121.051944482395 14.6497476042451, 121.051765417487 14.6494437322194, 121.051550705266 14.6491813716989, 121.051370128496 14.6489984679412, 121.051092218313 14.6487863466166, 121.052239164233 14.6469966943814, 121.052924567051 14.6474915567828, 121.0533704888 14.6479792957956, 121.053720618368 14.6484706442574, 121.053915977583 14.6488508211655, 121.05419619842 14.6496901314469, 121.054244181551 14.6500560076164, 121.053669445894 14.6501386422541, 121.053673314202 14.6509278000192, 121.053621894007 14.6515806552733, 121.054318274547 14.6516845151852, 121.05512857819 14.651583900349, 121.055165749793 14.6519569371354, 121.055224875797 14.6526955848083, 121.05520433808 14.652907989033, 121.054537423011 14.6542830931209, 121.054013142379 14.6541013202863, 121.053524544625 14.6539025913009, 121.053090205367 14.6537219254452, 121.052801215372 14.6535615619332, 121.05159208164 14.6527935441174))" }, "geometry": { "type": "Polygon", "coordinates": [ [ [ 121.051592081639996, 14.652793544117401 ], [ 121.051750423686997, 14.652445562635 ], [ 121.051951078537996, 14.6518964519788 ], [ 121.052031656080004, 14.6515676668468 ], [ 121.052087267646002, 14.651189176774199 ], [ 121.052119019825, 14.6505327651511 ], [ 121.052070765199005, 14.6501034580105 ], [ 121.051944482395001, 14.6497476042451 ], [ 121.051765417487005, 14.6494437322194 ], [ 121.051550705265996, 14.6491813716989 ], [ 121.051370128496004, 14.648998467941199 ], [ 121.051092218313002, 14.6487863466166 ], [ 121.052239164233001, 14.6469966943814 ], [ 121.052924567050994, 14.6474915567828 ], [ 121.053370488799999, 14.647979295795601 ], [ 121.053720618368004, 14.648470644257401 ], [ 121.053915977583003, 14.6488508211655 ], [ 121.054196198420001, 14.649690131446899 ], [ 121.054244181550999, 14.650056007616399 ], [ 121.053669445894002, 14.650138642254101 ], [ 121.053673314202001, 14.6509278000192 ], [ 121.053621894006994, 14.6515806552733 ], [ 121.054318274547001, 14.651684515185201 ], [ 121.055128578189994, 14.651583900348999 ], [ 121.055165749793005, 14.651956937135401 ], [ 121.055224875796995, 14.652695584808299 ], [ 121.055204338080003, 14.652907989033 ], [ 121.054537423010999, 14.654283093120901 ], [ 121.054013142379006, 14.6541013202863 ], [ 121.053524544625006, 14.6539025913009 ], [ 121.053090205366999, 14.6537219254452 ], [ 121.052801215372, 14.6535615619332 ], [ 121.051592081639996, 14.652793544117401 ] ] ] } },
{ "type": "Feature", "properties": { "barangay_name": "Paang Bundok", "barangay_geom": "POLYGON((120.989912782751 14.6266956512562, 120.989660827688 14.6259338114335, 120.990594084886 14.6252160296041, 120.995069435134 14.6292016118769, 120.994631026838 14.6296822766237, 120.994498409872 14.6295531344172, 120.991195463064 14.6305722178436, 120.989912782751 14.6266956512562))" }, "geometry": { "type": "Polygon", "coordinates": [ [ [ 120.989912782751006, 14.626695651256201 ], [ 120.989660827687999, 14.6259338114335 ], [ 120.990594084885998, 14.6252160296041 ], [ 120.995069435133999, 14.629201611876899 ], [ 120.994631026837993, 14.629682276623701 ], [ 120.994498409871994, 14.629553134417201 ], [ 120.991195463064003, 14.6305722178436 ], [ 120.989912782751006, 14.626695651256201 ] ] ] } },
{ "type": "Feature", "properties": { "barangay_name": "Pag-ibig sa Nayon", "barangay_geom": "POLYGON((121.000511511025 14.6453778452253, 120.999653805175 14.6451789852995, 120.99896115592 14.6451108255701, 120.9979521261 14.6449843100748, 120.99795354615 14.6460154602833, 120.998001429079 14.6460318922909, 120.99782854353 14.6463675543467, 120.998916938912 14.6472056815265, 120.999171153625 14.6470908964371, 120.99931625157 14.6471502603205, 120.999378626321 14.6470872908106, 120.999712332979 14.6474449722828, 120.999905333207 14.6476518224706, 120.999891473178 14.6476765692693, 120.999930741647 14.6477867730056, 120.99981590659 14.6479733139564, 120.999852752179 14.6479948341216, 120.999915386864 14.6481526695936, 120.999812220921 14.6481849542603, 120.999812220768 14.6483643098368, 120.999698007561 14.6483571333243, 120.999698007374 14.6484934395838, 120.999605897682 14.6485544207023, 120.99950642591 14.6487552962209, 120.999388526889 14.6487911688623, 120.99931852048 14.6489310631181, 120.999594849627 14.6490135651546, 121.000104071486 14.6490973503102, 121.000414350029 14.6489183920837, 121.000584672073 14.6488248093988, 121.00074852416 14.6489383296876, 121.000725512336 14.6494530144259, 121.000771446687 14.6494652159514, 121.000688565356 14.6497692909427, 120.99862838785 14.6498375811324, 120.99559696017 14.650740141887, 120.995593200345 14.6507412354471, 120.995525471706 14.6505683500201, 120.995525443857 14.650568268675, 120.994696627737 14.6485738651977, 120.994089534509 14.6471073086701, 120.992762084572 14.644042345429, 120.992762066007 14.6440423183136, 120.992632676995 14.6437652457593, 120.992642164383 14.6437655804758, 120.995153603277 14.6438549806871, 120.995113072294 14.6443033689399, 120.996704237999 14.6443902999773, 120.998044757985 14.6445434868366, 121.000618349885 14.6446927162359, 121.000664283238 14.6447049087492, 121.00061690173 14.6447019895151, 121.000511511025 14.6453778452253))" }, "geometry": { "type": "Polygon", "coordinates": [ [ [ 121.000511511024996, 14.645377845225299 ], [ 120.999653805175001, 14.6451789852995 ], [ 120.99896115592, 14.6451108255701 ], [ 120.997952126100003, 14.644984310074801 ], [ 120.997953546150001, 14.6460154602833 ], [ 120.998001429078997, 14.6460318922909 ], [ 120.997828543530005, 14.6463675543467 ], [ 120.998916938912004, 14.647205681526501 ], [ 120.999171153624999, 14.647090896437099 ], [ 120.999316251569994, 14.647150260320499 ], [ 120.999378626321004, 14.6470872908106 ], [ 120.999712332979001, 14.6474449722828 ], [ 120.999905333206996, 14.6476518224706 ], [ 120.999891473177996, 14.647676569269301 ], [ 120.999930741647006, 14.647786773005601 ], [ 120.999815906590001, 14.647973313956401 ], [ 120.999852752178995, 14.647994834121601 ], [ 120.999915386864004, 14.6481526695936 ], [ 120.999812220921001, 14.6481849542603 ], [ 120.999812220768007, 14.648364309836801 ], [ 120.999698007560994, 14.6483571333243 ], [ 120.999698007373993, 14.648493439583801 ], [ 120.999605897682002, 14.6485544207023 ], [ 120.999506425909999, 14.6487552962209 ], [ 120.999388526889007, 14.648791168862299 ], [ 120.999318520480003, 14.6489310631181 ], [ 120.999594849627002, 14.649013565154601 ], [ 121.000104071486007, 14.6490973503102 ], [ 121.000414350029004, 14.648918392083701 ], [ 121.000584672073003, 14.6488248093988 ], [ 121.000748524160002, 14.648938329687599 ], [ 121.000725512336004, 14.6494530144259 ], [ 121.000771446686997, 14.6494652159514 ], [ 121.000688565356, 14.6497692909427 ], [ 120.998628387850005, 14.649837581132401 ], [ 120.995596960170005, 14.650740141887001 ], [ 120.995593200344999, 14.6507412354471 ], [ 120.995525471706003, 14.6505683500201 ], [ 120.995525443857005, 14.650568268675 ], [ 120.994696627737, 14.648573865197701 ], [ 120.994089534509001, 14.647107308670099 ], [ 120.992762084572007, 14.644042345429 ], [ 120.992762066007003, 14.6440423183136 ], [ 120.992632676995001, 14.643765245759299 ], [ 120.992642164383, 14.643765580475799 ], [ 120.995153603277004, 14.643854980687101 ], [ 120.995113072294004, 14.6443033689399 ], [ 120.996704237998998, 14.644390299977299 ], [ 120.998044757984999, 14.6445434868366 ], [ 121.000618349885002, 14.6446927162359 ], [ 121.000664283237995, 14.644704908749199 ], [ 121.000616901729998, 14.6447019895151 ], [ 121.000511511024996, 14.645377845225299 ] ] ] } },
{ "type": "Feature", "properties": { "barangay_name": "Paligsahan", "barangay_geom": "POLYGON((121.01868778008 14.6325109985816, 121.017235144931 14.6315002502187, 121.0166014508 14.6310698476762, 121.016229345082 14.6307900755415, 121.015801965219 14.6304206376776, 121.016776830533 14.6302527013321, 121.025152425954 14.6284375106039, 121.025608887574 14.6304628153778, 121.026548820731 14.6345878483717, 121.028063099612 14.6354413912287, 121.029205271796 14.6361801939343, 121.026534487975 14.6367491934743, 121.025955950792 14.6369015809048, 121.01868778008 14.6325109985816))" }, "geometry": { "type": "Polygon", "coordinates": [ [ [ 121.01868778008, 14.6325109985816 ], [ 121.017235144931007, 14.6315002502187 ], [ 121.016601450799996, 14.6310698476762 ], [ 121.016229345081996, 14.630790075541499 ], [ 121.015801965218998, 14.6304206376776 ], [ 121.016776830533004, 14.6302527013321 ], [ 121.025152425954005, 14.6284375106039 ], [ 121.025608887573995, 14.6304628153778 ], [ 121.026548820730994, 14.6345878483717 ], [ 121.028063099611998, 14.635441391228699 ], [ 121.029205271796002, 14.636180193934299 ], [ 121.026534487974999, 14.6367491934743 ], [ 121.025955950791996, 14.6369015809048 ], [ 121.01868778008, 14.6325109985816 ] ] ] } },
{ "type": "Feature", "properties": { "barangay_name": "Paltok", "barangay_geom": "POLYGON((121.027872365022 14.6458008764472, 121.028366807057 14.6479458982184, 121.027607850664 14.6481217568677, 121.027456789283 14.6481002546047, 121.02688569586 14.6479460740603, 121.025434018913 14.6475157893161, 121.020113709554 14.6459128923498, 121.018289536027 14.6406041645661, 121.0183042403 14.6401557832255, 121.018307900959 14.6398580528455, 121.018248938456 14.6396715344172, 121.018149444161 14.6394563135447, 121.018385225181 14.6393737935903, 121.0185546869 14.639273337698, 121.018668883573 14.6391334340099, 121.018978320815 14.6386850287525, 121.019446155259 14.6380680097294, 121.019641400613 14.6378312445068, 121.019847748334 14.638218635011, 121.019928826795 14.6385414665709, 121.020018669346 14.6387700551507, 121.020103424126 14.6389888647071, 121.020269221172 14.6391251566933, 121.020412920619 14.6392148219916, 121.020730612246 14.6393166553795, 121.020976612662 14.6393313205564, 121.02125660892 14.6393618174451, 121.021473979267 14.6393617974976, 121.021606614387 14.6394550512754, 121.02184980173 14.6397455732409, 121.021971387964 14.6398137194929, 121.022052441087 14.6398459965775, 121.02212613245 14.6398746861351, 121.022472454837 14.6399786745651, 121.022715629129 14.640125721908, 121.022885124415 14.6403624540918, 121.023043569133 14.6405597260988, 121.023128319705 14.6407032004313, 121.023257289316 14.6408825432607, 121.023364134367 14.6409435138534, 121.023592561536 14.6410224040588, 121.024019948416 14.6411479111317, 121.024322068139 14.6412554895495, 121.024683134031 14.6413487175777, 121.025062608877 14.6413630207856, 121.025291034618 14.6414203891711, 121.025497362871 14.6415243972875, 121.025910039753 14.6419009949935, 121.026009540603 14.6420982715038, 121.025991166031 14.6424641522172, 121.027118582871 14.6427761064015, 121.027199632084 14.642761744155, 121.027872365022 14.6458008764472))" }, "geometry": { "type": "Polygon", "coordinates": [ [ [ 121.027872365022006, 14.645800876447201 ], [ 121.028366807056997, 14.647945898218399 ], [ 121.027607850663998, 14.648121756867701 ], [ 121.027456789282994, 14.648100254604699 ], [ 121.026885695860003, 14.6479460740603 ], [ 121.025434018913003, 14.647515789316101 ], [ 121.020113709553996, 14.6459128923498 ], [ 121.018289536026998, 14.640604164566099 ], [ 121.018304240299997, 14.6401557832255 ], [ 121.018307900959002, 14.639858052845501 ], [ 121.018248938455997, 14.6396715344172 ], [ 121.018149444160997, 14.6394563135447 ], [ 121.018385225181007, 14.6393737935903 ], [ 121.018554686900004, 14.639273337698 ], [ 121.018668883573, 14.639133434009899 ], [ 121.018978320814995, 14.6386850287525 ], [ 121.019446155259004, 14.6380680097294 ], [ 121.019641400612997, 14.637831244506801 ], [ 121.019847748334001, 14.638218635011 ], [ 121.019928826794995, 14.638541466570899 ], [ 121.020018669346001, 14.638770055150699 ], [ 121.020103424126006, 14.6389888647071 ], [ 121.020269221172001, 14.6391251566933 ], [ 121.020412920618995, 14.639214821991599 ], [ 121.020730612245998, 14.639316655379501 ], [ 121.020976612661997, 14.6393313205564 ], [ 121.021256608919998, 14.639361817445099 ], [ 121.021473979267, 14.6393617974976 ], [ 121.021606614386997, 14.6394550512754 ], [ 121.021849801729999, 14.6397455732409 ], [ 121.021971387964001, 14.639813719492899 ], [ 121.022052441086998, 14.639845996577501 ], [ 121.022126132449998, 14.6398746861351 ], [ 121.022472454837001, 14.6399786745651 ], [ 121.022715629128996, 14.640125721907999 ], [ 121.022885124414998, 14.6403624540918 ], [ 121.023043569132994, 14.6405597260988 ], [ 121.023128319704995, 14.6407032004313 ], [ 121.023257289316007, 14.6408825432607 ], [ 121.023364134367, 14.640943513853401 ], [ 121.023592561536006, 14.6410224040588 ], [ 121.024019948415997, 14.6411479111317 ], [ 121.024322068139, 14.641255489549501 ], [ 121.024683134030994, 14.641348717577699 ], [ 121.025062608876993, 14.641363020785599 ], [ 121.025291034617993, 14.641420389171101 ], [ 121.025497362870993, 14.641524397287499 ], [ 121.025910039753001, 14.641900994993501 ], [ 121.026009540602999, 14.6420982715038 ], [ 121.025991166031005, 14.642464152217199 ], [ 121.027118582870997, 14.642776106401501 ], [ 121.027199632084006, 14.642761744155001 ], [ 121.027872365022006, 14.645800876447201 ] ] ] } },
{ "type": "Feature", "properties": { "barangay_name": "Pansol", "barangay_geom": "POLYGON((121.074484907912 14.6463193648288, 121.074823166694 14.6463045691258, 121.075623831168 14.6462534700399, 121.076248657175 14.6461109133752, 121.076409649211 14.64606227986, 121.076596725684 14.6459560186653, 121.076715338262 14.6458237948661, 121.077050567347 14.64545650431, 121.077259660593 14.6452643717021, 121.077508508815 14.6451117681112, 121.077752452915 14.6450054870393, 121.078067183956 14.6449330755009, 121.078362225694 14.6449668698701, 121.078598093882 14.6450198901848, 121.078855168691 14.6451350411977, 121.079015056084 14.6452457058045, 121.080446987644 14.6468336914248, 121.080818696864 14.6470534818279, 121.081135554367 14.6470784798833, 121.081459772293 14.6470496701073, 121.081688136029 14.6468845873928, 121.082021328671 14.6467009571513, 121.082800527598 14.6461739579207, 121.083315928376 14.6451012385028, 121.083433171389 14.6433722292811, 121.086997541271 14.6476682332505, 121.085071601946 14.6501655499771, 121.082423638408 14.6550713801822, 121.087173501812 14.6525174506088, 121.088637307424 14.6552358873349, 121.089758756116 14.6586180625817, 121.091348198026 14.6620502644072, 121.093961769001 14.66489376954, 121.094571079217 14.6680250238799, 121.094119413357 14.6680255506888, 121.094084627713 14.6680306533093, 121.093629387758 14.668097485226, 121.093179954075 14.6683272374453, 121.093106344111 14.6685353184554, 121.092815300409 14.6686394561097, 121.092483718561 14.6687364422031, 121.092380552429 14.6687364832363, 121.092380466668 14.6685320199481, 121.091930924478 14.6685070899488, 121.091720824117 14.6683314060843, 121.091333861856 14.6681593797853, 121.090972792389 14.668231258011, 121.090777578263 14.6683999338972, 121.090339163132 14.6685435869831, 121.089775489721 14.6687446805645, 121.089443848076 14.6686981710635, 121.089167305221 14.6683229006458, 121.076843675685 14.6635258458978, 121.076172401512 14.6635941429848, 121.074011777685 14.6633566918242, 121.074434507666 14.6628684456652, 121.074868955584 14.6623904081856, 121.076149163671 14.6598061887081, 121.076396554253 14.6593361089158, 121.07433450468 14.6574853975559, 121.074332962195 14.6529107523383, 121.07628227812 14.6530000158811, 121.076368352365 14.6491048013476, 121.074432444096 14.6472977745395, 121.074484907912 14.6463193648288))" }, "geometry": { "type": "Polygon", "coordinates": [ [ [ 121.074484907911994, 14.6463193648288 ], [ 121.074823166694003, 14.6463045691258 ], [ 121.075623831168002, 14.6462534700399 ], [ 121.076248657175, 14.6461109133752 ], [ 121.076409649211001, 14.646062279860001 ], [ 121.076596725683999, 14.6459560186653 ], [ 121.076715338262005, 14.6458237948661 ], [ 121.077050567347001, 14.645456504309999 ], [ 121.077259660593, 14.645264371702099 ], [ 121.077508508815001, 14.6451117681112 ], [ 121.077752452915007, 14.645005487039301 ], [ 121.078067183955994, 14.6449330755009 ], [ 121.078362225693994, 14.6449668698701 ], [ 121.078598093881993, 14.6450198901848 ], [ 121.078855168691007, 14.645135041197699 ], [ 121.079015056084003, 14.6452457058045 ], [ 121.080446987643995, 14.646833691424799 ], [ 121.080818696864, 14.6470534818279 ], [ 121.081135554366995, 14.6470784798833 ], [ 121.081459772293002, 14.6470496701073 ], [ 121.081688136029001, 14.646884587392799 ], [ 121.082021328671004, 14.6467009571513 ], [ 121.082800527597996, 14.6461739579207 ], [ 121.083315928375995, 14.6451012385028 ], [ 121.083433171389004, 14.6433722292811 ], [ 121.086997541271003, 14.647668233250499 ], [ 121.085071601945998, 14.6501655499771 ], [ 121.082423638408002, 14.6550713801822 ], [ 121.087173501812003, 14.6525174506088 ], [ 121.088637307423994, 14.6552358873349 ], [ 121.089758756115998, 14.6586180625817 ], [ 121.091348198025997, 14.662050264407201 ], [ 121.093961769000998, 14.664893769540001 ], [ 121.094571079217005, 14.668025023879901 ], [ 121.094119413357006, 14.6680255506888 ], [ 121.094084627713002, 14.6680306533093 ], [ 121.093629387758, 14.668097485225999 ], [ 121.093179954074998, 14.6683272374453 ], [ 121.093106344111007, 14.668535318455399 ], [ 121.092815300409001, 14.6686394561097 ], [ 121.092483718560999, 14.6687364422031 ], [ 121.092380552429006, 14.6687364832363 ], [ 121.092380466668004, 14.668532019948101 ], [ 121.091930924478007, 14.6685070899488 ], [ 121.091720824117004, 14.668331406084301 ], [ 121.091333861856, 14.668159379785299 ], [ 121.090972792388996, 14.668231258011 ], [ 121.090777578263001, 14.6683999338972 ], [ 121.090339163132001, 14.6685435869831 ], [ 121.089775489721006, 14.668744680564499 ], [ 121.089443848076002, 14.6686981710635 ], [ 121.089167305220997, 14.6683229006458 ], [ 121.076843675684998, 14.6635258458978 ], [ 121.076172401511997, 14.663594142984801 ], [ 121.074011777685001, 14.6633566918242 ], [ 121.074434507665998, 14.6628684456652 ], [ 121.074868955583995, 14.662390408185599 ], [ 121.076149163671005, 14.659806188708099 ], [ 121.076396554252995, 14.659336108915801 ], [ 121.074334504679996, 14.657485397555901 ], [ 121.074332962195001, 14.6529107523383 ], [ 121.076282278120004, 14.6530000158811 ], [ 121.076368352364995, 14.649104801347599 ], [ 121.074432444096004, 14.647297774539499 ], [ 121.074484907911994, 14.6463193648288 ] ] ] } },
{ "type": "Feature", "properties": { "barangay_name": "Paraiso", "barangay_geom": "POLYGON((121.016620501344 14.6394887124634, 121.016410482303 14.6391049075939, 121.015533500901 14.6371213172852, 121.015931378651 14.6369168263026, 121.016402922895 14.6365652584693, 121.017544935948 14.6357186312464, 121.017732798607 14.635331208928, 121.017928055657 14.6353598905392, 121.01813069348 14.6353993360118, 121.018292790927 14.6354100788967, 121.019070135309 14.6353167504554, 121.019008336072 14.6360302559339, 121.0189898044 14.6364256824689, 121.019016809141 14.6366516374151, 121.01914417967 14.6369758754808, 121.019286069125 14.637301242051, 121.019457173284 14.6376375604874, 121.019641400613 14.6378312445068, 121.019446155259 14.6380680097294, 121.018978320815 14.6386850287525, 121.018668883573 14.6391334340099, 121.0185546869 14.639273337698, 121.018385225181 14.6393737935903, 121.018149444161 14.6394563135447, 121.018248938456 14.6396715344172, 121.018307900959 14.6398580528455, 121.0183042403 14.6401557832255, 121.018289536027 14.6406041645661, 121.016462152417 14.6403639730112, 121.016620501344 14.6394887124634))" }, "geometry": { "type": "Polygon", "coordinates": [ [ [ 121.016620501343994, 14.6394887124634 ], [ 121.016410482303002, 14.6391049075939 ], [ 121.015533500901, 14.637121317285199 ], [ 121.015931378651004, 14.636916826302601 ], [ 121.016402922894997, 14.6365652584693 ], [ 121.017544935947996, 14.6357186312464 ], [ 121.017732798607, 14.635331208927999 ], [ 121.017928055656995, 14.635359890539201 ], [ 121.018130693480003, 14.635399336011799 ], [ 121.018292790927006, 14.635410078896699 ], [ 121.019070135308993, 14.6353167504554 ], [ 121.019008336072005, 14.6360302559339 ], [ 121.018989804399993, 14.6364256824689 ], [ 121.019016809140993, 14.636651637415101 ], [ 121.019144179669993, 14.6369758754808 ], [ 121.019286069125002, 14.637301242051 ], [ 121.019457173283996, 14.6376375604874 ], [ 121.019641400612997, 14.637831244506801 ], [ 121.019446155259004, 14.6380680097294 ], [ 121.018978320814995, 14.6386850287525 ], [ 121.018668883573, 14.639133434009899 ], [ 121.018554686900004, 14.639273337698 ], [ 121.018385225181007, 14.6393737935903 ], [ 121.018149444160997, 14.6394563135447 ], [ 121.018248938455997, 14.6396715344172 ], [ 121.018307900959002, 14.639858052845501 ], [ 121.018304240299997, 14.6401557832255 ], [ 121.018289536026998, 14.640604164566099 ], [ 121.016462152417006, 14.640363973011199 ], [ 121.016620501343994, 14.6394887124634 ] ] ] } },
{ "type": "Feature", "properties": { "barangay_name": "Pasong Putik Proper", "barangay_geom": "POLYGON((121.053385691988 14.7421400422551, 121.053395062378 14.7290228007269, 121.049735162928 14.7290056840318, 121.049718136025 14.7266518116759, 121.051043929065 14.7221856415868, 121.048799406523 14.7221861253409, 121.048728479233 14.7181004947338, 121.049991614813 14.7192566658678, 121.052161607531 14.7212287786244, 121.052464346206 14.7215043758904, 121.05328929021 14.7222735658026, 121.058071415316 14.7266828298633, 121.056000834274 14.7296354729238, 121.055617679413 14.7302561288186, 121.055544066063 14.7306722385704, 121.055596048632 14.7321536789899, 121.055788181524 14.7340368337918, 121.055541337865 14.7344565732691, 121.056951728522 14.7348956862041, 121.058094430963 14.7352129143816, 121.058488837729 14.7353024921243, 121.066925670259 14.73543293224, 121.06951889915 14.7354948025704, 121.070588606661 14.7365292084705, 121.070941791149 14.7368350346032, 121.071492298066 14.7373064876352, 121.071682862294 14.7374260492906, 121.071904397721 14.7375408470712, 121.072376661913 14.7377519678144, 121.072932264459 14.7381144512105, 121.073532593724 14.7385537437535, 121.074063842103 14.7389501253814, 121.074370108924 14.7392064860853, 121.074963287751 14.7399293506674, 121.075386085692 14.7405957805014, 121.076118095844 14.7416066892969, 121.076700961693 14.7418584365579, 121.077547662766 14.7420834675196, 121.077725008932 14.742123456257, 121.073789621088 14.74212648935, 121.068128649417 14.7421303045208, 121.068128092178 14.7421303046849, 121.064435231213 14.7421292839414, 121.064195610192 14.7421329929531, 121.053385691988 14.7421400422551))" }, "geometry": { "type": "Polygon", "coordinates": [ [ [ 121.053385691987998, 14.7421400422551 ], [ 121.053395062378002, 14.7290228007269 ], [ 121.049735162928002, 14.729005684031801 ], [ 121.049718136025007, 14.7266518116759 ], [ 121.051043929065003, 14.722185641586799 ], [ 121.048799406523003, 14.722186125340899 ], [ 121.048728479233006, 14.7181004947338 ], [ 121.049991614812996, 14.7192566658678 ], [ 121.052161607531005, 14.7212287786244 ], [ 121.052464346205994, 14.721504375890399 ], [ 121.053289290210003, 14.722273565802601 ], [ 121.058071415315993, 14.7266828298633 ], [ 121.056000834274002, 14.7296354729238 ], [ 121.055617679413004, 14.730256128818599 ], [ 121.055544066063007, 14.730672238570399 ], [ 121.055596048631998, 14.732153678989899 ], [ 121.055788181523994, 14.7340368337918 ], [ 121.055541337864994, 14.7344565732691 ], [ 121.056951728521994, 14.7348956862041 ], [ 121.058094430962996, 14.7352129143816 ], [ 121.058488837729001, 14.735302492124299 ], [ 121.066925670258996, 14.73543293224 ], [ 121.069518899149998, 14.7354948025704 ], [ 121.070588606661005, 14.7365292084705 ], [ 121.070941791148996, 14.7368350346032 ], [ 121.071492298066005, 14.7373064876352 ], [ 121.071682862293997, 14.737426049290599 ], [ 121.071904397720999, 14.7375408470712 ], [ 121.072376661912998, 14.7377519678144 ], [ 121.072932264458998, 14.7381144512105 ], [ 121.073532593723996, 14.738553743753499 ], [ 121.074063842103001, 14.7389501253814 ], [ 121.074370108924001, 14.739206486085299 ], [ 121.074963287751004, 14.739929350667399 ], [ 121.075386085692003, 14.740595780501399 ], [ 121.076118095843995, 14.7416066892969 ], [ 121.076700961693007, 14.7418584365579 ], [ 121.077547662765994, 14.742083467519601 ], [ 121.077725008932006, 14.742123456257 ], [ 121.073789621087997, 14.742126489349999 ], [ 121.068128649417005, 14.742130304520799 ], [ 121.068128092178, 14.742130304684901 ], [ 121.064435231212997, 14.7421292839414 ], [ 121.064195610192002, 14.742132992953101 ], [ 121.053385691987998, 14.7421400422551 ] ] ] } },
{ "type": "Feature", "properties": { "barangay_name": "Pasong Tamo", "barangay_geom": "POLYGON((121.069219007843 14.6756920967085, 121.069227129237 14.6770124922197, 121.069375704285 14.6795271416715, 121.069874436042 14.6863862787518, 121.069963843232 14.6886995354161, 121.0699651285 14.6927391396605, 121.07019588462 14.6933778112066, 121.060303486931 14.6933862960858, 121.056508322127 14.6933798490374, 121.056452076406 14.6901419132649, 121.056448950055 14.6892844108595, 121.056347851747 14.6888042788159, 121.055937099961 14.6881140823933, 121.055454169078 14.6876814923845, 121.054950060448 14.6872466468021, 121.054446270171 14.6869270376387, 121.053957033117 14.686767852821, 121.053253683738 14.686717175117, 121.052519281407 14.6866484258195, 121.05204688408 14.6865457221841, 121.05157649861 14.686349245349, 121.051055553444 14.6858556463722, 121.0488789009 14.6836293169298, 121.048053455554 14.6824635552769, 121.047801195623 14.6819021061607, 121.047381502943 14.68128759125, 121.047027698706 14.6807679638295, 121.046612963695 14.6802189737676, 121.044297300994 14.6773486524007, 121.043970252049 14.6770255970082, 121.043822490898 14.6766663543756, 121.043771317348 14.6761206794775, 121.043592612283 14.6736536943892, 121.043442123087 14.6719230863215, 121.04345814937 14.6711779422911, 121.043408661129 14.6703159277071, 121.043349479898 14.6692148619478, 121.043364601762 14.6692038866801, 121.04375473419 14.6689206539349, 121.043898444024 14.6689636670227, 121.044174838649 14.6691644899536, 121.044399640505 14.6693617342254, 121.044657570476 14.6693832139343, 121.044830778509 14.6694800255254, 121.044941352655 14.6696557711808, 121.044945067788 14.6697992528142, 121.044775621684 14.6700324454739, 121.044591478265 14.6704952125784, 121.044661546578 14.6708144484604, 121.045206983141 14.671277074646, 121.045652882614 14.6715065591934, 121.045870304781 14.6716033703334, 121.046017741642 14.6718329129012, 121.046253583693 14.6719261318418, 121.046957364714 14.6719224024865, 121.047528531134 14.6720621804842, 121.047863901231 14.6723634199842, 121.048110797614 14.6724351146667, 121.048320832657 14.6724530029796, 121.048427684159 14.6724422252082, 121.048523487244 14.6724314406571, 121.048880892648 14.6723632082519, 121.049197772698 14.6723416212823, 121.049426252512 14.6724276621768, 121.04956629195 14.6725244862923, 121.049875829964 14.6725925684982, 121.049242185083 14.6731953383786, 121.05038506987 14.673448535042, 121.051617047628 14.6736889081241, 121.053040187642 14.6737462064462, 121.053752492673 14.6737991424753, 121.054798119045 14.6736678435096, 121.068553848753 14.6715230115089, 121.068639362586 14.6715096729153, 121.06863503042 14.6715808504432, 121.069077469049 14.6733657742861, 121.069210045 14.6742345367934, 121.069219007843 14.6756920967085))" }, "geometry": { "type": "Polygon", "coordinates": [ [ [ 121.069219007843003, 14.675692096708501 ], [ 121.069227129237007, 14.677012492219699 ], [ 121.069375704284994, 14.6795271416715 ], [ 121.069874436041999, 14.686386278751799 ], [ 121.069963843232003, 14.688699535416101 ], [ 121.069965128500002, 14.6927391396605 ], [ 121.070195884620006, 14.6933778112066 ], [ 121.060303486931005, 14.6933862960858 ], [ 121.056508322127002, 14.693379849037401 ], [ 121.056452076406003, 14.690141913264901 ], [ 121.056448950055, 14.6892844108595 ], [ 121.056347851747006, 14.688804278815899 ], [ 121.055937099961, 14.6881140823933 ], [ 121.055454169078004, 14.687681492384501 ], [ 121.054950060447993, 14.6872466468021 ], [ 121.054446270170999, 14.6869270376387 ], [ 121.053957033117001, 14.686767852820999 ], [ 121.053253683738006, 14.686717175117 ], [ 121.052519281407001, 14.6866484258195 ], [ 121.052046884079999, 14.6865457221841 ], [ 121.051576498610004, 14.686349245349 ], [ 121.051055553444002, 14.6858556463722 ], [ 121.048878900899993, 14.6836293169298 ], [ 121.048053455553998, 14.6824635552769 ], [ 121.047801195622995, 14.681902106160701 ], [ 121.047381502942997, 14.681287591249999 ], [ 121.047027698706003, 14.680767963829499 ], [ 121.046612963694997, 14.6802189737676 ], [ 121.044297300994003, 14.677348652400701 ], [ 121.043970252048993, 14.6770255970082 ], [ 121.043822490897995, 14.6766663543756 ], [ 121.043771317348003, 14.676120679477499 ], [ 121.043592612283007, 14.6736536943892 ], [ 121.043442123087004, 14.671923086321501 ], [ 121.043458149369997, 14.6711779422911 ], [ 121.043408661129007, 14.670315927707099 ], [ 121.043349479897998, 14.6692148619478 ], [ 121.043364601761994, 14.6692038866801 ], [ 121.043754734190003, 14.668920653934901 ], [ 121.043898444023995, 14.6689636670227 ], [ 121.044174838648999, 14.6691644899536 ], [ 121.044399640505006, 14.669361734225401 ], [ 121.044657570476005, 14.669383213934299 ], [ 121.044830778508995, 14.669480025525401 ], [ 121.044941352655002, 14.6696557711808 ], [ 121.044945067788007, 14.669799252814199 ], [ 121.044775621683996, 14.6700324454739 ], [ 121.044591478265005, 14.6704952125784 ], [ 121.044661546577998, 14.6708144484604 ], [ 121.045206983141, 14.671277074646 ], [ 121.045652882613993, 14.6715065591934 ], [ 121.045870304781005, 14.671603370333401 ], [ 121.046017741642004, 14.6718329129012 ], [ 121.046253583693002, 14.671926131841801 ], [ 121.046957364714004, 14.6719224024865 ], [ 121.047528531134006, 14.6720621804842 ], [ 121.047863901230997, 14.672363419984199 ], [ 121.048110797614001, 14.672435114666699 ], [ 121.048320832656998, 14.6724530029796 ], [ 121.048427684158995, 14.672442225208201 ], [ 121.048523487243997, 14.6724314406571 ], [ 121.048880892648, 14.6723632082519 ], [ 121.049197772697994, 14.6723416212823 ], [ 121.049426252512006, 14.6724276621768 ], [ 121.049566291950001, 14.6725244862923 ], [ 121.049875829963995, 14.672592568498199 ], [ 121.049242185083003, 14.6731953383786 ], [ 121.050385069870003, 14.673448535042001 ], [ 121.051617047628, 14.673688908124101 ], [ 121.053040187641997, 14.6737462064462 ], [ 121.053752492672999, 14.6737991424753 ], [ 121.054798119045003, 14.6736678435096 ], [ 121.068553848752998, 14.671523011508899 ], [ 121.068639362585998, 14.671509672915301 ], [ 121.068635030419998, 14.671580850443201 ], [ 121.069077469049006, 14.673365774286101 ], [ 121.069210045, 14.674234536793399 ], [ 121.069219007843003, 14.675692096708501 ] ] ] } },
{ "type": "Feature", "properties": { "barangay_name": "Payatas", "barangay_geom": "POLYGON((121.109921393838 14.7218457010727, 121.109320167887 14.7222504724368, 121.1085634707 14.7225533642041, 121.107860879811 14.7229614691809, 121.107438610522 14.7231260884801, 121.107087236557 14.7231821525081, 121.106631106805 14.7231922326743, 121.106367574912 14.7232318146577, 121.105803412598 14.7234293770964, 121.10550272511 14.7234887054714, 121.105279702879 14.7234559259631, 121.104755882976 14.7232325492211, 121.104367215235 14.7230189711057, 121.103329625227 14.7223880452663, 121.102869954701 14.7220725633648, 121.10253533657 14.7218162073971, 121.102143140136 14.7212737808889, 121.10177802426 14.7208102724609, 121.101588738981 14.7206689437331, 121.101396130094 14.7206295673007, 121.100872434229 14.7206528162574, 121.100054607791 14.7203045943157, 121.09994981423 14.7201895469917, 121.099834618552 14.7194792837384, 121.100489904337 14.7190613627975, 121.100682403061 14.7188639660453, 121.100928758972 14.7182357664701, 121.100935337912 14.7178411462664, 121.100833821032 14.7174991845479, 121.100671542875 14.7172953711351, 121.099799430358 14.7164111514672, 121.098210831061 14.7150503950945, 121.097974257188 14.7149058024664, 121.09688293723 14.7149029804287, 121.096102408838 14.7147783430836, 121.095801657289 14.7146699457672, 121.09487217428 14.7138646525938, 121.094642386053 14.7137923956325, 121.093649250803 14.7142400371308, 121.093172910964 14.7143750522029, 121.092642481211 14.7144278853543, 121.092247218778 14.7144329327077, 121.091679548554 14.7143904433746, 121.090635526492 14.7143678427576, 121.090422610072 14.7142232331261, 121.090129762584 14.7142231574046, 121.090401554622 14.7123422256369, 121.089905033043 14.7121016677566, 121.090827079098 14.7107269115393, 121.090827058323 14.7106766861635, 121.092484433283 14.7081937921882, 121.093143739934 14.7073182849877, 121.093567374539 14.7068948454566, 121.092951729943 14.7064467159523, 121.093338579612 14.7061918724792, 121.093548066538 14.7061906221202, 121.093766003785 14.7060159427492, 121.093887507756 14.7057540382053, 121.093861583133 14.7054527324413, 121.093857875231 14.7054025175775, 121.093876157142 14.7050724975497, 121.09397548209 14.7046491882939, 121.093558802298 14.7040790177756, 121.093341330228 14.7039894281606, 121.093698638006 14.7036054668427, 121.093444075155 14.7029383768783, 121.093237397087 14.7022210509622, 121.093775303862 14.7018944095378, 121.094195232722 14.7014745584011, 121.093074509908 14.700492158003, 121.092798038993 14.7003093260368, 121.091961384453 14.7000226955597, 121.091350165782 14.6997804143346, 121.094676520139 14.6965954911504, 121.095424470408 14.6958755518469, 121.095806346415 14.6962739171126, 121.096113440954 14.6966973305395, 121.096591505929 14.6971773963354, 121.096657544723 14.6971584608557, 121.097092897051 14.697676350287, 121.098677345266 14.699456881218, 121.099976674217 14.7006585895473, 121.100457587348 14.7046294968362, 121.106307501995 14.7115781546277, 121.108011328714 14.7121080365933, 121.11188927957 14.7138925453412, 121.111701556616 14.7215841695237, 121.110742301389 14.7215592146858, 121.110309828415 14.7215890211678, 121.109921393838 14.7218457010727))" }, "geometry": { "type": "Polygon", "coordinates": [ [ [ 121.109921393837993, 14.7218457010727 ], [ 121.109320167887006, 14.7222504724368 ], [ 121.108563470700005, 14.722553364204099 ], [ 121.107860879811, 14.7229614691809 ], [ 121.107438610521996, 14.7231260884801 ], [ 121.107087236557007, 14.7231821525081 ], [ 121.106631106804997, 14.7231922326743 ], [ 121.106367574911999, 14.7232318146577 ], [ 121.105803412597993, 14.7234293770964 ], [ 121.10550272511, 14.7234887054714 ], [ 121.105279702879002, 14.723455925963099 ], [ 121.104755882975994, 14.7232325492211 ], [ 121.104367215235001, 14.7230189711057 ], [ 121.103329625227005, 14.7223880452663 ], [ 121.102869954701006, 14.722072563364801 ], [ 121.10253533657, 14.721816207397101 ], [ 121.102143140135993, 14.7212737808889 ], [ 121.10177802426, 14.7208102724609 ], [ 121.101588738980993, 14.7206689437331 ], [ 121.101396130094003, 14.720629567300699 ], [ 121.100872434229004, 14.720652816257401 ], [ 121.100054607790995, 14.720304594315699 ], [ 121.099949814230001, 14.720189546991699 ], [ 121.099834618551995, 14.7194792837384 ], [ 121.100489904336996, 14.7190613627975 ], [ 121.100682403061001, 14.7188639660453 ], [ 121.100928758972003, 14.7182357664701 ], [ 121.100935337912006, 14.7178411462664 ], [ 121.100833821031998, 14.717499184547901 ], [ 121.100671542875006, 14.7172953711351 ], [ 121.099799430358004, 14.7164111514672 ], [ 121.098210831060996, 14.715050395094501 ], [ 121.097974257188, 14.714905802466401 ], [ 121.096882937230006, 14.7149029804287 ], [ 121.096102408837993, 14.7147783430836 ], [ 121.095801657289002, 14.7146699457672 ], [ 121.094872174279999, 14.7138646525938 ], [ 121.094642386052996, 14.713792395632501 ], [ 121.093649250802997, 14.7142400371308 ], [ 121.093172910964, 14.7143750522029 ], [ 121.092642481211001, 14.714427885354301 ], [ 121.092247218777999, 14.7144329327077 ], [ 121.091679548553998, 14.714390443374599 ], [ 121.090635526491994, 14.7143678427576 ], [ 121.090422610071997, 14.7142232331261 ], [ 121.090129762583999, 14.7142231574046 ], [ 121.090401554622005, 14.712342225636901 ], [ 121.089905033042996, 14.712101667756601 ], [ 121.090827079098005, 14.7107269115393 ], [ 121.090827058323001, 14.710676686163501 ], [ 121.092484433283005, 14.708193792188201 ], [ 121.093143739934007, 14.7073182849877 ], [ 121.093567374539006, 14.706894845456601 ], [ 121.092951729942996, 14.7064467159523 ], [ 121.093338579611995, 14.7061918724792 ], [ 121.093548066538006, 14.7061906221202 ], [ 121.093766003785007, 14.7060159427492 ], [ 121.093887507755994, 14.705754038205299 ], [ 121.093861583133005, 14.7054527324413 ], [ 121.093857875230995, 14.7054025175775 ], [ 121.093876157142006, 14.7050724975497 ], [ 121.093975482090002, 14.704649188293899 ], [ 121.093558802298006, 14.7040790177756 ], [ 121.093341330228, 14.7039894281606 ], [ 121.093698638006003, 14.703605466842699 ], [ 121.093444075155006, 14.702938376878301 ], [ 121.093237397086995, 14.7022210509622 ], [ 121.093775303862003, 14.7018944095378 ], [ 121.094195232722001, 14.701474558401101 ], [ 121.093074509908007, 14.700492158003 ], [ 121.092798038992996, 14.7003093260368 ], [ 121.091961384453001, 14.700022695559699 ], [ 121.091350165782004, 14.699780414334599 ], [ 121.094676520139004, 14.696595491150401 ], [ 121.095424470408005, 14.6958755518469 ], [ 121.095806346415003, 14.696273917112601 ], [ 121.096113440953999, 14.6966973305395 ], [ 121.096591505928998, 14.6971773963354 ], [ 121.096657544723001, 14.6971584608557 ], [ 121.097092897050999, 14.697676350287001 ], [ 121.098677345265997, 14.699456881218 ], [ 121.099976674217004, 14.700658589547301 ], [ 121.100457587348004, 14.704629496836199 ], [ 121.106307501995005, 14.7115781546277 ], [ 121.108011328713999, 14.7121080365933 ], [ 121.111889279569994, 14.713892545341199 ], [ 121.111701556615998, 14.7215841695237 ], [ 121.110742301388996, 14.721559214685801 ], [ 121.110309828414998, 14.7215890211678 ], [ 121.109921393837993, 14.7218457010727 ] ] ] } },
{ "type": "Feature", "properties": { "barangay_name": "Phil-Am", "barangay_geom": "POLYGON((121.027872365022 14.6458008764472, 121.028104447528 14.6458098868145, 121.028530891155 14.6457284904206, 121.029041159726 14.6455578298007, 121.029169390048 14.6456346391308, 121.02920276002 14.6456798263378, 121.029314461651 14.6457916609887, 121.029460382853 14.6457746957908, 121.029652141067 14.6457995267027, 121.029863917493 14.645781423067, 121.029983425865 14.6456819866398, 121.030164133311 14.6455441295436, 121.030272632292 14.6455181304053, 121.030413321165 14.6454604930376, 121.030587369691 14.6453723470129, 121.030714133381 14.6453135815078, 121.03080638842 14.6453011416815, 121.030900671782 14.645321465309, 121.030992631813 14.6453237126506, 121.031134502817 14.6453564574742, 121.031262151143 14.645383555198, 121.031392412592 14.6454422864735, 121.031625395826 14.6456490055463, 121.031867660649 14.6459054336396, 121.032208845298 14.6460759841653, 121.032560202715 14.6463572516653, 121.032688743341 14.6465120141478, 121.032926459776 14.6473163872995, 121.033872490906 14.6473512748401, 121.034467548379 14.6476867334787, 121.034785494159 14.6476335862932, 121.035073861421 14.6476866428811, 121.035197170492 14.6477939537936, 121.030165805935 14.6556004841226, 121.028366807057 14.6479458982184, 121.027872365022 14.6458008764472))" }, "geometry": { "type": "Polygon", "coordinates": [ [ [ 121.027872365022006, 14.645800876447201 ], [ 121.028104447527994, 14.645809886814501 ], [ 121.028530891155, 14.6457284904206 ], [ 121.029041159726006, 14.645557829800699 ], [ 121.029169390047997, 14.645634639130799 ], [ 121.029202760019999, 14.645679826337799 ], [ 121.029314461650998, 14.645791660988699 ], [ 121.029460382853003, 14.6457746957908 ], [ 121.029652141067004, 14.645799526702699 ], [ 121.029863917493003, 14.645781423067 ], [ 121.029983425864998, 14.645681986639801 ], [ 121.030164133311004, 14.6455441295436 ], [ 121.030272632291997, 14.6455181304053 ], [ 121.030413321165, 14.6454604930376 ], [ 121.030587369691006, 14.6453723470129 ], [ 121.030714133380997, 14.6453135815078 ], [ 121.030806388420004, 14.6453011416815 ], [ 121.030900671782007, 14.645321465308999 ], [ 121.030992631813007, 14.645323712650599 ], [ 121.031134502816997, 14.6453564574742 ], [ 121.031262151142997, 14.645383555198 ], [ 121.031392412591998, 14.6454422864735 ], [ 121.031625395825998, 14.6456490055463 ], [ 121.031867660648999, 14.6459054336396 ], [ 121.032208845298001, 14.6460759841653 ], [ 121.032560202715004, 14.6463572516653 ], [ 121.032688743340998, 14.646512014147801 ], [ 121.032926459775993, 14.647316387299499 ], [ 121.033872490906006, 14.6473512748401 ], [ 121.034467548378998, 14.6476867334787 ], [ 121.034785494158996, 14.6476335862932 ], [ 121.035073861420997, 14.6476866428811 ], [ 121.035197170491998, 14.647793953793601 ], [ 121.030165805934999, 14.6556004841226 ], [ 121.028366807056997, 14.647945898218399 ], [ 121.027872365022006, 14.645800876447201 ] ] ] } },
{ "type": "Feature", "properties": { "barangay_name": "Pinagkaisahan", "barangay_geom": "POLYGON((121.039605118978 14.6257364421001, 121.039643102916 14.6256347548458, 121.039730675308 14.6254404166312, 121.040162450341 14.6246472323715, 121.041414253338 14.624657804987, 121.042132602182 14.6245393016856, 121.042622538966 14.6243706213003, 121.043771811736 14.6237928884096, 121.045175241346 14.623053685813, 121.045875316208 14.6236992176704, 121.046243786618 14.6240506802369, 121.047459747083 14.6252700449364, 121.04829607355 14.6256178202347, 121.046970479411 14.6285774265412, 121.046333151081 14.6285811423634, 121.046005275117 14.6285883837416, 121.045437931832 14.6285669749147, 121.044771125819 14.6285886241786, 121.044391654426 14.6284882542739, 121.044196368485 14.6283017682042, 121.04408949235 14.6281296090201, 121.043614156555 14.6276275039356, 121.043474156759 14.6275737251541, 121.043172085758 14.6276670474479, 121.04285894258 14.6276276440832, 121.042619462154 14.6275236663204, 121.042413126574 14.6273551127256, 121.041772048893 14.6270503217784, 121.040640986935 14.6266308377646, 121.03988202839 14.6262830217698, 121.039495174957 14.6260822116115, 121.039605118978 14.6257364421001))" }, "geometry": { "type": "Polygon", "coordinates": [ [ [ 121.039605118978002, 14.6257364421001 ], [ 121.039643102916003, 14.6256347548458 ], [ 121.039730675307993, 14.6254404166312 ], [ 121.040162450341001, 14.624647232371499 ], [ 121.041414253338004, 14.624657804987001 ], [ 121.042132602181994, 14.6245393016856 ], [ 121.042622538966, 14.624370621300301 ], [ 121.043771811735994, 14.6237928884096 ], [ 121.045175241346001, 14.623053685813 ], [ 121.045875316207997, 14.623699217670399 ], [ 121.046243786618007, 14.6240506802369 ], [ 121.047459747082996, 14.6252700449364 ], [ 121.048296073550006, 14.6256178202347 ], [ 121.046970479411002, 14.628577426541201 ], [ 121.046333151081001, 14.6285811423634 ], [ 121.046005275116997, 14.628588383741601 ], [ 121.045437931831998, 14.628566974914699 ], [ 121.044771125818997, 14.628588624178599 ], [ 121.044391654425993, 14.628488254273901 ], [ 121.044196368485004, 14.628301768204199 ], [ 121.044089492349997, 14.6281296090201 ], [ 121.043614156554995, 14.627627503935599 ], [ 121.043474156759004, 14.6275737251541 ], [ 121.043172085758002, 14.6276670474479 ], [ 121.042858942579997, 14.6276276440832 ], [ 121.042619462153993, 14.6275236663204 ], [ 121.042413126574004, 14.627355112725599 ], [ 121.041772048892994, 14.6270503217784 ], [ 121.040640986935003, 14.626630837764599 ], [ 121.039882028389997, 14.626283021769799 ], [ 121.039495174956997, 14.6260822116115 ], [ 121.039605118978002, 14.6257364421001 ] ] ] } },
{ "type": "Feature", "properties": { "barangay_name": "Pinyahan", "barangay_geom": "POLYGON((121.046902956344 14.6408029500871, 121.046965645876 14.6410700547866, 121.04671955219 14.641201900508, 121.046369137988 14.6413915304197, 121.045979803133 14.6416443541085, 121.045343878834 14.642023598535, 121.044902621285 14.6422764305232, 121.044007158104 14.6429463832317, 121.043176578166 14.6435657693513, 121.042696411277 14.6440208087206, 121.042488776245 14.6442230420433, 121.042060529883 14.6446906970725, 121.041736116698 14.6451204261657, 121.041450631205 14.6454743257547, 121.041204071683 14.6457903025233, 121.040970489461 14.6461062767397, 121.040907776592 14.6461826340977, 121.040867053035 14.6462443274928, 121.040860414747 14.6462402885487, 121.037556564562 14.6442302440799, 121.045028642961 14.632783063474, 121.045646584041 14.6313493442774, 121.045957815418 14.6306940071899, 121.052169549242 14.6325077585971, 121.054450156501 14.6331780220274, 121.054299400257 14.6337244577196, 121.054257966207 14.633930088359, 121.054333220908 14.6344181381881, 121.054647228992 14.6361421173527, 121.054786166249 14.6367442512651, 121.054915334657 14.6376660985162, 121.054963356837 14.6381575166394, 121.055004025555 14.6387170851084, 121.054993113454 14.6392946067195, 121.054857140664 14.6406936018731, 121.05474674854 14.6412245183157, 121.053936262958 14.6410715357901, 121.053714677936 14.6412681696004, 121.053527327929 14.6414625357585, 121.053022244517 14.6413428941488, 121.052297824305 14.6411566435071, 121.051573418551 14.6409873373757, 121.051663498209 14.640379493071, 121.05090487093 14.6402587731881, 121.050010795634 14.6402182947056, 121.049334884708 14.6402783175308, 121.048777051907 14.6403733370222, 121.047981942818 14.6405463593724, 121.046902956344 14.6408029500871))" }, "geometry": { "type": "Polygon", "coordinates": [ [ [ 121.046902956343999, 14.6408029500871 ], [ 121.046965645876, 14.641070054786599 ], [ 121.046719552189998, 14.641201900507999 ], [ 121.046369137987995, 14.6413915304197 ], [ 121.045979803132994, 14.6416443541085 ], [ 121.045343878834004, 14.642023598534999 ], [ 121.044902621285004, 14.6422764305232 ], [ 121.044007158103994, 14.642946383231701 ], [ 121.043176578165998, 14.6435657693513 ], [ 121.042696411277007, 14.644020808720599 ], [ 121.042488776244994, 14.644223042043301 ], [ 121.042060529883003, 14.6446906970725 ], [ 121.041736116698004, 14.6451204261657 ], [ 121.041450631204995, 14.6454743257547 ], [ 121.041204071682998, 14.6457903025233 ], [ 121.040970489461003, 14.646106276739699 ], [ 121.040907776591993, 14.6461826340977 ], [ 121.040867053035001, 14.6462443274928 ], [ 121.040860414747002, 14.6462402885487 ], [ 121.037556564561996, 14.6442302440799 ], [ 121.045028642961, 14.632783063473999 ], [ 121.045646584040995, 14.6313493442774 ], [ 121.045957815418006, 14.6306940071899 ], [ 121.052169549241995, 14.6325077585971 ], [ 121.054450156501005, 14.633178022027399 ], [ 121.054299400256994, 14.6337244577196 ], [ 121.054257966207004, 14.633930088359 ], [ 121.054333220908006, 14.634418138188099 ], [ 121.054647228991996, 14.6361421173527 ], [ 121.054786166249002, 14.6367442512651 ], [ 121.054915334656997, 14.637666098516201 ], [ 121.054963356837007, 14.638157516639399 ], [ 121.055004025554993, 14.6387170851084 ], [ 121.054993113454003, 14.639294606719499 ], [ 121.054857140663998, 14.6406936018731 ], [ 121.054746748539998, 14.641224518315701 ], [ 121.053936262958004, 14.6410715357901 ], [ 121.053714677936, 14.6412681696004 ], [ 121.053527327929004, 14.6414625357585 ], [ 121.053022244516995, 14.641342894148799 ], [ 121.052297824305001, 14.641156643507101 ], [ 121.051573418551001, 14.6409873373757 ], [ 121.051663498208995, 14.640379493071 ], [ 121.050904870929998, 14.6402587731881 ], [ 121.050010795633995, 14.640218294705599 ], [ 121.049334884708003, 14.6402783175308 ], [ 121.048777051906995, 14.640373337022201 ], [ 121.047981942817998, 14.640546359372401 ], [ 121.046902956343999, 14.6408029500871 ] ] ] } },
{ "type": "Feature", "properties": { "barangay_name": "Project 6", "barangay_geom": "POLYGON((121.03645544767 14.6644367395709, 121.036573270993 14.663930939838, 121.036716847376 14.6631453474528, 121.036775658781 14.6622952080261, 121.036702951546 14.6610411330732, 121.036518562626 14.6600798249892, 121.035243797263 14.6545105138553, 121.038690860408 14.6537656282357, 121.038947107106 14.6516168808814, 121.039513688762 14.6492361853532, 121.039726219416 14.6487531256751, 121.04006270574 14.647838774117, 121.040452339136 14.6468899227119, 121.040611760002 14.646631129087, 121.040867053035 14.6462443274928, 121.047171428167 14.6500796476613, 121.047119522958 14.6502028046523, 121.046989026924 14.6504265283045, 121.046884635705 14.6506502466209, 121.04678052655 14.6508479797959, 121.046701381711 14.6510954184109, 121.046622233384 14.6513711015961, 121.04659387037 14.6516693702629, 121.046554198073 14.652002664486, 121.043189831141 14.6527933397354, 121.04458005451 14.6587296838335, 121.043081716014 14.665147224503, 121.042912222385 14.6651759523375, 121.042583137939 14.6653611526179, 121.042303138849 14.6655513235851, 121.041978957135 14.6658921519431, 121.041820547822 14.6660177309909, 121.041757907971 14.6660177422529, 121.041371085125 14.6658660861268, 121.041181911704 14.6658130199327, 121.041024622626 14.6658241648092, 121.040847759265 14.6658170286163, 121.040608260749 14.6658350024933, 121.04040785354 14.6658312323112, 121.040261903649 14.6658099544547, 121.040114515365 14.6657920480264, 121.03989054519 14.6657883899227, 121.039709202451 14.6657562447611, 121.039506521597 14.6656020323179, 121.039513854281 14.6654370285569, 121.039561713109 14.6651751638793, 121.039535882054 14.6649527727861, 121.039303709509 14.6647626923026, 121.039182109905 14.6647268399661, 121.039064202468 14.6647268598106, 121.038905987699 14.6649073262236, 121.038843191384 14.6650712636955, 121.038795308159 14.6651465965725, 121.038758495035 14.6653474780972, 121.038806443399 14.6656416113048, 121.038806464884 14.6657635736102, 121.038762275488 14.6658855342532, 121.038578078263 14.6660936166491, 121.03839016989 14.6661582171038, 121.038235415541 14.6661725863342, 121.038124861532 14.6660721713285, 121.037992170623 14.6657888164262, 121.03787789286 14.665519802163, 121.03782260685 14.6654157898038, 121.037822563739 14.6651646888013, 121.037704619845 14.6649530770411, 121.037546175748 14.6648849451476, 121.037335810311 14.6648420563209, 121.037063955908 14.6647946489461, 121.036868118279 14.6647958098724, 121.036709743654 14.6647523608924, 121.036396519509 14.6645909867674, 121.03645544767 14.6644367395709))" }, "geometry": { "type": "Polygon", "coordinates": [ [ [ 121.036455447669994, 14.664436739570901 ], [ 121.036573270993003, 14.663930939838 ], [ 121.036716847375999, 14.663145347452801 ], [ 121.036775658780996, 14.6622952080261 ], [ 121.036702951546005, 14.6610411330732 ], [ 121.036518562626, 14.6600798249892 ], [ 121.035243797263007, 14.6545105138553 ], [ 121.038690860407996, 14.6537656282357 ], [ 121.038947107105997, 14.6516168808814 ], [ 121.039513688762, 14.6492361853532 ], [ 121.039726219415996, 14.6487531256751 ], [ 121.040062705739999, 14.647838774117 ], [ 121.040452339135996, 14.6468899227119 ], [ 121.040611760001994, 14.646631129087 ], [ 121.040867053035001, 14.6462443274928 ], [ 121.047171428167005, 14.6500796476613 ], [ 121.047119522957999, 14.650202804652301 ], [ 121.046989026923995, 14.6504265283045 ], [ 121.046884635704998, 14.6506502466209 ], [ 121.046780526549995, 14.6508479797959 ], [ 121.046701381711003, 14.6510954184109 ], [ 121.046622233383999, 14.6513711015961 ], [ 121.046593870370003, 14.6516693702629 ], [ 121.046554198072997, 14.652002664486 ], [ 121.043189831141007, 14.6527933397354 ], [ 121.044580054510007, 14.658729683833499 ], [ 121.043081716014001, 14.665147224503 ], [ 121.042912222384999, 14.665175952337499 ], [ 121.042583137939005, 14.6653611526179 ], [ 121.042303138848993, 14.665551323585101 ], [ 121.041978957135001, 14.665892151943099 ], [ 121.041820547821999, 14.6660177309909 ], [ 121.041757907971004, 14.666017742252899 ], [ 121.041371085124993, 14.665866086126799 ], [ 121.041181911704001, 14.665813019932701 ], [ 121.041024622625997, 14.6658241648092 ], [ 121.040847759265006, 14.665817028616299 ], [ 121.040608260748996, 14.665835002493299 ], [ 121.040407853540003, 14.6658312323112 ], [ 121.040261903648997, 14.6658099544547 ], [ 121.040114515365005, 14.6657920480264 ], [ 121.039890545190005, 14.6657883899227 ], [ 121.039709202450993, 14.6657562447611 ], [ 121.039506521597005, 14.665602032317899 ], [ 121.039513854280997, 14.6654370285569 ], [ 121.039561713108995, 14.665175163879301 ], [ 121.039535882053997, 14.6649527727861 ], [ 121.039303709508999, 14.664762692302601 ], [ 121.039182109904999, 14.6647268399661 ], [ 121.039064202467998, 14.6647268598106 ], [ 121.038905987698996, 14.6649073262236 ], [ 121.038843191384004, 14.6650712636955 ], [ 121.038795308158996, 14.6651465965725 ], [ 121.038758495034998, 14.6653474780972 ], [ 121.038806443398997, 14.6656416113048 ], [ 121.038806464884004, 14.665763573610199 ], [ 121.038762275487997, 14.665885534253199 ], [ 121.038578078263001, 14.6660936166491 ], [ 121.038390169889993, 14.666158217103799 ], [ 121.038235415540996, 14.6661725863342 ], [ 121.038124861531998, 14.6660721713285 ], [ 121.037992170622999, 14.6657888164262 ], [ 121.037877892859996, 14.665519802163001 ], [ 121.03782260685, 14.6654157898038 ], [ 121.037822563738999, 14.665164688801299 ], [ 121.037704619845002, 14.664953077041099 ], [ 121.037546175748005, 14.6648849451476 ], [ 121.037335810311006, 14.6648420563209 ], [ 121.037063955907996, 14.664794648946099 ], [ 121.036868118279003, 14.6647958098724 ], [ 121.036709743654001, 14.6647523608924 ], [ 121.036396519508997, 14.664590986767401 ], [ 121.036455447669994, 14.664436739570901 ] ] ] } },
{ "type": "Feature", "properties": { "barangay_name": "Quirino 2-A", "barangay_geom": "POLYGON((121.05555031489 14.6291853882461, 121.05538081754 14.6290455339722, 121.055380811245 14.6290204256082, 121.055362375501 14.6289809688222, 121.055578077577 14.6290321555208, 121.055912862206 14.6291800773847, 121.056290828233 14.6292856439542, 121.056662934224 14.6293429468753, 121.056913451876 14.6293787587734, 121.057086592979 14.6293536080462, 121.057241293275 14.6292351956276, 121.057331024746 14.6290091350136, 121.057219264586 14.6287289755497, 121.057198646671 14.6286160020058, 121.057239511526 14.6284849367842, 121.057344198037 14.6283708026455, 121.057495604631 14.6282973292335, 121.057670515937 14.6283006753607, 121.058197963217 14.6286033268691, 121.058686206577 14.6287466872196, 121.059236766124 14.6287239521616, 121.059941159805 14.6290242950702, 121.060529827909 14.6293856743726, 121.060997714551 14.6293155056058, 121.061444699577 14.629222745695, 121.061905155392 14.6290053162477, 121.06224787517 14.6293639364781, 121.06182464993 14.6297090044492, 121.061460105035 14.6303440134493, 121.061066130701 14.6311081686016, 121.060786274926 14.631603250645, 121.060672140423 14.6318579702544, 121.060499048879 14.6320696467323, 121.059530395832 14.6330455882409, 121.05555031489 14.6291853882461))" }, "geometry": { "type": "Polygon", "coordinates": [ [ [ 121.055550314889999, 14.6291853882461 ], [ 121.055380817539998, 14.629045533972199 ], [ 121.055380811245001, 14.6290204256082 ], [ 121.055362375501005, 14.6289809688222 ], [ 121.055578077576996, 14.6290321555208 ], [ 121.055912862206, 14.629180077384699 ], [ 121.056290828233003, 14.6292856439542 ], [ 121.056662934223993, 14.629342946875299 ], [ 121.056913451875999, 14.629378758773401 ], [ 121.057086592979005, 14.6293536080462 ], [ 121.057241293274998, 14.629235195627601 ], [ 121.057331024746006, 14.6290091350136 ], [ 121.057219264585996, 14.6287289755497 ], [ 121.057198646670997, 14.628616002005799 ], [ 121.057239511526006, 14.628484936784201 ], [ 121.057344198037001, 14.628370802645501 ], [ 121.057495604631001, 14.628297329233501 ], [ 121.057670515937005, 14.6283006753607 ], [ 121.058197963216998, 14.628603326869101 ], [ 121.058686206576994, 14.6287466872196 ], [ 121.059236766124002, 14.6287239521616 ], [ 121.059941159805007, 14.629024295070201 ], [ 121.060529827908994, 14.6293856743726 ], [ 121.060997714550993, 14.629315505605801 ], [ 121.061444699576995, 14.629222745694999 ], [ 121.061905155391997, 14.629005316247699 ], [ 121.062247875170002, 14.6293639364781 ], [ 121.061824649930003, 14.6297090044492 ], [ 121.061460105034996, 14.630344013449299 ], [ 121.061066130700993, 14.6311081686016 ], [ 121.060786274926002, 14.631603250645 ], [ 121.060672140422994, 14.6318579702544 ], [ 121.060499048878995, 14.632069646732299 ], [ 121.059530395831999, 14.633045588240901 ], [ 121.055550314889999, 14.6291853882461 ] ] ] } },
{ "type": "Feature", "properties": { "barangay_name": "Quirino 2-B", "barangay_geom": "POLYGON((121.060499048879 14.6320696467323, 121.060672140423 14.6318579702544, 121.060786274926 14.631603250645, 121.061066130701 14.6311081686016, 121.061460105035 14.6303440134493, 121.06182464993 14.6297090044492, 121.06224787517 14.6293639364781, 121.062277342237 14.6293459966407, 121.062484720492 14.6295309006197, 121.062774812597 14.6298014199042, 121.062881717355 14.6300201989564, 121.062951780649 14.6302748608725, 121.063084470845 14.6304864654906, 121.063183973987 14.630626333117, 121.063360867426 14.6308343373761, 121.063556173797 14.6309957079563, 121.063685157069 14.6311606756728, 121.063773636308 14.631375871122, 121.063784754102 14.6315910967684, 121.063795833575 14.6316735952024, 121.063847483719 14.6319354382481, 121.063851187608 14.6320000067411, 121.063843837909 14.6320717456236, 121.063700282817 14.6324950658816, 121.063737149627 14.632577557258, 121.063785053548 14.6326277608532, 121.061488100683 14.6348752055803, 121.059530395832 14.6330455882409, 121.060499048879 14.6320696467323))" }, "geometry": { "type": "Polygon", "coordinates": [ [ [ 121.060499048878995, 14.632069646732299 ], [ 121.060672140422994, 14.6318579702544 ], [ 121.060786274926002, 14.631603250645 ], [ 121.061066130700993, 14.6311081686016 ], [ 121.061460105034996, 14.630344013449299 ], [ 121.061824649930003, 14.6297090044492 ], [ 121.062247875170002, 14.6293639364781 ], [ 121.062277342236996, 14.6293459966407 ], [ 121.062484720491994, 14.629530900619701 ], [ 121.062774812596999, 14.629801419904201 ], [ 121.062881717354998, 14.6300201989564 ], [ 121.062951780649001, 14.6302748608725 ], [ 121.063084470844998, 14.6304864654906 ], [ 121.063183973986995, 14.630626333117 ], [ 121.063360867425999, 14.630834337376101 ], [ 121.063556173796997, 14.6309957079563 ], [ 121.063685157069003, 14.631160675672801 ], [ 121.063773636307999, 14.631375871122 ], [ 121.063784754102002, 14.6315910967684 ], [ 121.063795833575, 14.6316735952024 ], [ 121.063847483719002, 14.6319354382481 ], [ 121.063851187607995, 14.6320000067411 ], [ 121.063843837909005, 14.6320717456236 ], [ 121.063700282816995, 14.632495065881599 ], [ 121.063737149627002, 14.632577557257999 ], [ 121.063785053548003, 14.6326277608532 ], [ 121.061488100682993, 14.6348752055803 ], [ 121.059530395831999, 14.633045588240901 ], [ 121.060499048878995, 14.632069646732299 ] ] ] } },
{ "type": "Feature", "properties": { "barangay_name": "Quirino 2-C", "barangay_geom": "POLYGON((121.061488100683 14.6348752055803, 121.063785053548 14.6326277608532, 121.064109327712 14.6328895289987, 121.064216211304 14.6330258059186, 121.064323112915 14.633255348835, 121.064374799621 14.6336391543149, 121.064462853582 14.6337591493278, 121.064589801291 14.633780308931, 121.064037902987 14.636237608858, 121.063400487065 14.6360440838568, 121.062564139013 14.6358757099446, 121.062103501861 14.6354310412905, 121.061488100683 14.6348752055803))" }, "geometry": { "type": "Polygon", "coordinates": [ [ [ 121.061488100682993, 14.6348752055803 ], [ 121.063785053548003, 14.6326277608532 ], [ 121.064109327712004, 14.6328895289987 ], [ 121.064216211304, 14.633025805918599 ], [ 121.064323112915005, 14.633255348835 ], [ 121.064374799621007, 14.633639154314899 ], [ 121.064462853582, 14.633759149327799 ], [ 121.064589801291007, 14.633780308931 ], [ 121.064037902986996, 14.636237608858 ], [ 121.063400487064996, 14.636044083856801 ], [ 121.062564139013006, 14.6358757099446 ], [ 121.062103501861003, 14.6354310412905 ], [ 121.061488100682993, 14.6348752055803 ] ] ] } },
{ "type": "Feature", "properties": { "barangay_name": "Quirino 3-A", "barangay_geom": "POLYGON((121.061905155392 14.6290053162477, 121.062188744074 14.6287003431223, 121.062446568309 14.6285101628109, 121.062534951838 14.6283953528471, 121.0625797621 14.6281457575282, 121.062583482462 14.6279423950433, 121.062606323463 14.6277017444777, 121.062682566223 14.6275254773509, 121.063286563436 14.6277038202688, 121.065266481593 14.6280191622143, 121.065128654117 14.6289291123034, 121.064835711675 14.6288837675822, 121.064798919796 14.6290559571894, 121.064765827762 14.6292783715208, 121.064776927468 14.6294290186008, 121.06481747848 14.6295402053642, 121.064369941187 14.6296144524441, 121.06428888464 14.629578610905, 121.063460009119 14.6296828598148, 121.06335317703 14.6296864770922, 121.063183682539 14.6296076098415, 121.062546226725 14.6291701570321, 121.062277342237 14.6293459966407, 121.06224787517 14.6293639364781, 121.061905155392 14.6290053162477))" }, "geometry": { "type": "Polygon", "coordinates": [ [ [ 121.061905155391997, 14.629005316247699 ], [ 121.062188744074007, 14.628700343122301 ], [ 121.062446568308999, 14.628510162810899 ], [ 121.062534951838003, 14.6283953528471 ], [ 121.0625797621, 14.6281457575282 ], [ 121.062583482462003, 14.6279423950433 ], [ 121.062606323463001, 14.627701744477701 ], [ 121.062682566223003, 14.6275254773509 ], [ 121.063286563435994, 14.627703820268801 ], [ 121.065266481593, 14.628019162214301 ], [ 121.065128654117004, 14.6289291123034 ], [ 121.064835711675002, 14.628883767582201 ], [ 121.064798919796004, 14.629055957189401 ], [ 121.064765827762002, 14.629278371520799 ], [ 121.064776927468003, 14.629429018600799 ], [ 121.064817478479995, 14.629540205364201 ], [ 121.064369941186996, 14.6296144524441 ], [ 121.064288884640007, 14.629578610905 ], [ 121.063460009118998, 14.6296828598148 ], [ 121.063353177029995, 14.6296864770922 ], [ 121.063183682539005, 14.6296076098415 ], [ 121.062546226725004, 14.6291701570321 ], [ 121.062277342236996, 14.6293459966407 ], [ 121.062247875170002, 14.6293639364781 ], [ 121.061905155391997, 14.629005316247699 ] ] ] } },
{ "type": "Feature", "properties": { "barangay_name": "Ramon Magsaysay", "barangay_geom": "POLYGON((121.019774614983 14.6576591891048, 121.020156743647 14.6576598883975, 121.020668508572 14.6576383775868, 121.021146616868 14.6575863645527, 121.021512159815 14.6575377503267, 121.021949943204 14.6574337693169, 121.022990859939 14.6572122311314, 121.026142020374 14.6565148216922, 121.02711081949 14.6607253960465, 121.027552497486 14.6606293306178, 121.027670937723 14.6612669753054, 121.027682016484 14.661439152961, 121.027645175835 14.6614965503353, 121.027597584333 14.6615534880284, 121.027542027766 14.6616149367499, 121.026768182887 14.6609083793048, 121.026653944961 14.6607577335588, 121.026436468331 14.6600475223139, 121.025835863391 14.6598502934813, 121.025747436855 14.6598682442509, 121.025684810447 14.6599686844068, 121.024900034118 14.6601875862274, 121.024804238405 14.6602270485037, 121.024623714382 14.6603992466847, 121.024207344156 14.6602486405653, 121.024048914255 14.6602414806211, 121.023835212516 14.6602737873171, 121.023525715486 14.6603527319504, 121.023573645566 14.6605894754698, 121.023628926717 14.6607221877734, 121.023684203695 14.6608154480272, 121.022431510818 14.6613679820903, 121.022232550237 14.6613966976974, 121.022158854549 14.6613967047327, 121.022133091225 14.6616693193829, 121.02181110409 14.661647874891, 121.021367497433 14.6616241906339, 121.020949719703 14.6616106712542, 121.020681367776 14.6616084809044, 121.020454185838 14.6615610049108, 121.020170154135 14.6614649981417, 121.020070341457 14.6613486390947, 121.019863761336 14.6612029147821, 121.019430251643 14.6609116932582, 121.019101009463 14.660717470099, 121.0188515589 14.6602610037177, 121.018771728335 14.6599502112603, 121.018771706826 14.6596976910909, 121.018821544936 14.6591829215269, 121.019011025631 14.6584059132559, 121.019060840217 14.6576289162698, 121.019774614983 14.6576591891048))" }, "geometry": { "type": "Polygon", "coordinates": [ [ [ 121.019774614983007, 14.6576591891048 ], [ 121.020156743646993, 14.6576598883975 ], [ 121.020668508572001, 14.6576383775868 ], [ 121.021146616867995, 14.657586364552699 ], [ 121.021512159815003, 14.6575377503267 ], [ 121.021949943204007, 14.657433769316899 ], [ 121.022990859939, 14.6572122311314 ], [ 121.026142020373996, 14.6565148216922 ], [ 121.027110819490005, 14.6607253960465 ], [ 121.027552497485999, 14.6606293306178 ], [ 121.027670937723002, 14.6612669753054 ], [ 121.027682016483993, 14.661439152961 ], [ 121.027645175835005, 14.661496550335301 ], [ 121.027597584332995, 14.6615534880284 ], [ 121.027542027766003, 14.661614936749899 ], [ 121.026768182886997, 14.6609083793048 ], [ 121.026653944960998, 14.6607577335588 ], [ 121.026436468330999, 14.660047522313899 ], [ 121.025835863390995, 14.6598502934813 ], [ 121.025747436854999, 14.6598682442509 ], [ 121.025684810447004, 14.659968684406801 ], [ 121.024900034118005, 14.6601875862274 ], [ 121.024804238404997, 14.6602270485037 ], [ 121.024623714382003, 14.660399246684699 ], [ 121.024207344155997, 14.6602486405653 ], [ 121.024048914255005, 14.660241480621099 ], [ 121.023835212516005, 14.660273787317101 ], [ 121.023525715486002, 14.6603527319504 ], [ 121.023573645566003, 14.6605894754698 ], [ 121.023628926716995, 14.6607221877734 ], [ 121.023684203694998, 14.660815448027201 ], [ 121.022431510817995, 14.661367982090299 ], [ 121.022232550237007, 14.6613966976974 ], [ 121.022158854549005, 14.661396704732701 ], [ 121.022133091225001, 14.6616693193829 ], [ 121.021811104090006, 14.661647874891001 ], [ 121.021367497433005, 14.6616241906339 ], [ 121.020949719702998, 14.6616106712542 ], [ 121.020681367776007, 14.6616084809044 ], [ 121.020454185838005, 14.6615610049108 ], [ 121.020170154135002, 14.6614649981417 ], [ 121.020070341457, 14.661348639094699 ], [ 121.019863761335998, 14.6612029147821 ], [ 121.019430251643001, 14.6609116932582 ], [ 121.019101009463, 14.660717470099 ], [ 121.018851558899996, 14.6602610037177 ], [ 121.018771728334997, 14.6599502112603 ], [ 121.018771706826001, 14.6596976910909 ], [ 121.018821544936003, 14.659182921526901 ], [ 121.019011025631002, 14.658405913255899 ], [ 121.019060840216994, 14.6576289162698 ], [ 121.019774614983007, 14.6576591891048 ] ] ] } },
{ "type": "Feature", "properties": { "barangay_name": "Reservoir", "barangay_geom": "POLYGON((121.134281099985 14.7765427474767, 121.134165147506 14.7772676569356, 121.132745109645 14.7772911275167, 121.131929540993 14.7759778176062, 121.13092861678 14.7761369438386, 121.130090989966 14.7768622685809, 121.129369460609 14.7770891793295, 121.127576529029 14.7763879845702, 121.126273115709 14.7767964306161, 121.124618695932 14.7740338579387, 121.123851115804 14.7751441932899, 121.121732974455 14.7756436479035, 121.120219476854 14.7750328557207, 121.118983507091 14.7735035429269, 121.118980356311 14.7734999925523, 121.118641402191 14.7731189462648, 121.115003348143 14.7720455254425, 121.114799421753 14.7712930640262, 121.114536865821 14.7703242487016, 121.113884134355 14.7685577633248, 121.113223320797 14.7676654515137, 121.110859361716 14.7652863597095, 121.109913544416 14.7638262067812, 121.109417158089 14.7637238049052, 121.107689595677 14.7633674279747, 121.105515068412 14.7625793986198, 121.101912133793 14.7654219584269, 121.099844540602 14.7651592267941, 121.099878818374 14.7644152978551, 121.099955926515 14.7627418913947, 121.099671818246 14.7624741316058, 121.099036867818 14.7618757157702, 121.09840886072 14.7620036845064, 121.096369392272 14.7608787214864, 121.095133184832 14.7608204855742, 121.095135033165 14.7608204848133, 121.09279458049 14.7591590801473, 121.092371033081 14.75906228822, 121.091723180773 14.7587231535014, 121.091019679983 14.7584141179395, 121.089830037846 14.7587825097285, 121.089000842087 14.7583980299313, 121.086659247219 14.7583609052253, 121.086048360147 14.7585822978244, 121.085595799862 14.7569626516201, 121.085565290346 14.7568711512991, 121.085563432759 14.7568711519868, 121.085222255299 14.7555738736822, 121.085092832363 14.7550817650309, 121.084935446328 14.7519136038659, 121.084928851505 14.7518882812843, 121.084862317455 14.751633049192, 121.084829494951 14.7515139379088, 121.084812438949 14.751480249798, 121.084796162605 14.7514452327861, 121.084727211381 14.7513031235044, 121.084597865881 14.7510980401269, 121.084549566392 14.7510168858164, 121.08451171622 14.7509614322865, 121.084433523625 14.7508422019447, 121.084339945641 14.7507097904688, 121.084274030969 14.7506132233704, 121.083643042116 14.7497305568887, 121.082925200188 14.7486747841621, 121.082872446068 14.7485995872444, 121.082872408901 14.7485995420668, 121.082685838577 14.7483257154935, 121.082634176934 14.7482655305643, 121.082269972854 14.7478423115047, 121.082264314261 14.7478357337137, 121.081650631541 14.7471682547238, 121.081139455543 14.7466426467841, 121.081015492561 14.7465602167264, 121.080435337732 14.746100537851, 121.080062431774 14.7459620484566, 121.079710492176 14.745860255339, 121.078897672944 14.7456077628536, 121.07867142894 14.7455263063648, 121.078545719826 14.7454651876253, 121.07842000548 14.7453633155981, 121.078277523578 14.7452247450666, 121.078197887958 14.7451065433743, 121.0781266015 14.7449353388563, 121.078088773008 14.7445684370503, 121.078047495247 14.7436435091278, 121.0780435503 14.7435453737234, 121.078012721832 14.7427787190921, 121.077987507564 14.7425463465098, 121.077941365801 14.7423832768303, 121.077877330212 14.742306383337, 121.077857261029 14.7422822852199, 121.077725008932 14.742123456257, 121.077547662766 14.7420834675196, 121.076700961693 14.7418584365579, 121.076118095844 14.7416066892969, 121.075386085692 14.7405957805014, 121.074963287751 14.7399293506674, 121.074370108924 14.7392064860853, 121.074063842103 14.7389501253814, 121.073532593724 14.7385537437535, 121.072932264459 14.7381144512105, 121.072376661913 14.7377519678144, 121.071904397721 14.7375408470712, 121.071682862294 14.7374260492906, 121.071492298066 14.7373064876352, 121.070941791149 14.7368350346032, 121.070588606661 14.7365292084705, 121.070748382774 14.7364753371806, 121.070954586158 14.7364827305675, 121.071067967727 14.7364692559687, 121.071172022109 14.7364181039144, 121.071459325608 14.7358153931742, 121.071599262907 14.7354458771966, 121.07155923113 14.7352609136975, 121.0713742953 14.7350226785543, 121.071293143872 14.7348182413098, 121.071473551879 14.734244259681, 121.071473474691 14.7340075129675, 121.071137525149 14.7323109464257, 121.071623542354 14.7307934714364, 121.071538165948 14.7289354139709, 121.071537901508 14.7281247409206, 121.071685110164 14.7274575037896, 121.0716555335 14.7271777261132, 121.070611889922 14.7253127768697, 121.070307726105 14.7230537681399, 121.070098584739 14.7224437611328, 121.068875279889 14.7213017248933, 121.068789141603 14.7209548457077, 121.068942590094 14.7203626613874, 121.069258784383 14.7177200907093, 121.069291788494 14.7171927188904, 121.06923489625 14.7167070943402, 121.067763215656 14.7154832935551, 121.067776730288 14.7145012146638, 121.067412651121 14.7143290342967, 121.067420063056 14.7100399526871, 121.067588128053 14.7099744670008, 121.067789309647 14.7100389773266, 121.068049390261 14.7099173821977, 121.068175750869 14.7099686460281, 121.06836791605 14.7101527432441, 121.068555150587 14.7103662159822, 121.068881993505 14.7106766634088, 121.069087468058 14.7107174188731, 121.069580818334 14.7108189513117, 121.069928493964 14.710931824471, 121.070255506488 14.7109800619997, 121.070733936682 14.7104229269548, 121.071202276136 14.7108278676846, 121.07142091056 14.711243007334, 121.071730679513 14.7112905431083, 121.072132334733 14.7113977473489, 121.072434119416 14.7113648896784, 121.072894025203 14.7112449890517, 121.073369531267 14.7109036461268, 121.073804969093 14.7105137345374, 121.075807094121 14.7100385817141, 121.079687766807 14.7108228009942, 121.079987963463 14.7107440198769, 121.080899844036 14.7097771379115, 121.083151511454 14.70970890697, 121.083216017471 14.7098959027007, 121.089905033043 14.7121016677566, 121.090401554622 14.7123422256369, 121.090129762587 14.7142231664428, 121.090422610072 14.7142232331261, 121.090635526492 14.7143678427576, 121.091679548554 14.7143904433746, 121.092247228064 14.714432932704, 121.092642481211 14.7144278853543, 121.09317292025 14.7143750521992, 121.093649250803 14.7142400371308, 121.09464239534 14.7137923956287, 121.09487217428 14.7138646525938, 121.095801657289 14.7146699457672, 121.096102408838 14.7147783430836, 121.09688293723 14.7149029804287, 121.097974257188 14.7149058024664, 121.098210831065 14.7150504041327, 121.099799430358 14.7164111514672, 121.100671552161 14.7172953711311, 121.100833821032 14.7174991845479, 121.100935337912 14.7178411462664, 121.100928758972 14.7182357664701, 121.100682403061 14.7188639660453, 121.100489904337 14.7190613627975, 121.099834618552 14.7194792837384, 121.099949814226 14.7201895379535, 121.100054617077 14.7203045943116, 121.100872434229 14.7206528162574, 121.10139613938 14.7206295672966, 121.101588738985 14.7206689527713, 121.101778014969 14.7208102634268, 121.102143149422 14.7212737808848, 121.10253533657 14.7218162073971, 121.102869954701 14.7220725633648, 121.103329625232 14.7223880543045, 121.104367215235 14.7230189711057, 121.104755882976 14.7232325492211, 121.105279702879 14.7234559259631, 121.10550272511 14.7234887054714, 121.105803412598 14.7234293770964, 121.106367574912 14.7232318146577, 121.106631106805 14.7231922326743, 121.107087236557 14.7231821525081, 121.107438610522 14.7231260884801, 121.107860879811 14.7229614691809, 121.1085634707 14.7225533642041, 121.109320167887 14.7222504724368, 121.109921393842 14.7218457101109, 121.110309828415 14.7215890211678, 121.110742301389 14.7215592146858, 121.111701556616 14.7215841695237, 121.112252732002 14.721778821012, 121.112685338479 14.7220087959682, 121.112908452543 14.7222388813584, 121.112979589908 14.7225874321483, 121.112929058341 14.7228867027016, 121.112517175095 14.7235215748931, 121.11237214438 14.7240412245255, 121.112341957492 14.7244654562857, 121.112457032818 14.7248567275142, 121.112700536211 14.7252906869032, 121.113130078462 14.7261191721375, 121.113474835275 14.7263524873159, 121.114647615592 14.7269537001788, 121.115252587652 14.7272394950538, 121.116290071274 14.7275448019064, 121.117107903985 14.7278239141192, 121.117276907387 14.727935640144, 121.117381754186 14.7281263110925, 121.117669421278 14.728977879724, 121.117865568721 14.7293099156567, 121.118098939971 14.7297142831966, 121.118437245711 14.7304836134478, 121.11852864247 14.7308025427113, 121.118552521814 14.7312201674654, 121.118539365028 14.7318778656518, 121.118536130392 14.7321475218762, 121.118640996347 14.7323678012824, 121.118838063724 14.7328980434079, 121.119492987387 14.7332749785614, 121.119657817498 14.7336596854916, 121.121089626865 14.7346582125535, 121.121411217795 14.7347943038727, 121.122085374584 14.7348191838766, 121.121971947483 14.7359951486189, 121.122008482843 14.7364291613885, 121.122743739419 14.7380870274512, 121.119493736377 14.7399296542184, 121.118342605846 14.7394326844777, 121.118152683461 14.7398645900976, 121.117796341605 14.7406749370214, 121.117768430388 14.7407383902802, 121.118248598164 14.7427662063402, 121.118560333685 14.7433954390164, 121.118441471378 14.7450738910892, 121.117867194181 14.7462164212667, 121.118921861076 14.7474979839395, 121.118419926441 14.7495262922521, 121.120888454538 14.7517628684013, 121.121008821536 14.7528351130944, 121.121523819207 14.7537566106129, 121.121098989814 14.7551905596457, 121.121770708519 14.7561460300712, 121.121345504817 14.7569268357444, 121.121607805501 14.7575957668809, 121.122604504037 14.7576753185298, 121.123392279607 14.7577381936217, 121.123393740325 14.758862785702, 121.123573488083 14.7597453124463, 121.124244625636 14.7596334396135, 121.125669540756 14.7607955835634, 121.125473316831 14.7611780138743, 121.126341903864 14.7628024318511, 121.125703745851 14.7633284850581, 121.125737475528 14.7650648615768, 121.125099181939 14.7653678873162, 121.12490315292 14.7661167151963, 121.126330815409 14.7670028450834, 121.126852024268 14.7673263517316, 121.127934445785 14.7690746034824, 121.128015489795 14.7692054854198, 121.127803008044 14.7697950269526, 121.128343552721 14.7702885633914, 121.129031048628 14.7700970141121, 121.129080617662 14.7708775673313, 121.129390297199 14.7713016634321, 121.130162023864 14.7723584776905, 121.131389833111 14.7722462694971, 121.132728791315 14.7725523944668, 121.133440703395 14.7727151500486, 121.133767873688 14.7747762303225, 121.135049088826 14.7761572197926, 121.134281099985 14.7765427474767))" }, "geometry": { "type": "Polygon", "coordinates": [ [ [ 121.134281099985003, 14.7765427474767 ], [ 121.134165147505996, 14.777267656935599 ], [ 121.132745109645001, 14.777291127516699 ], [ 121.131929540992999, 14.775977817606201 ], [ 121.130928616779997, 14.776136943838599 ], [ 121.130090989966007, 14.776862268580899 ], [ 121.129369460608999, 14.777089179329501 ], [ 121.127576529029, 14.776387984570199 ], [ 121.126273115708997, 14.7767964306161 ], [ 121.124618695932, 14.774033857938701 ], [ 121.123851115804001, 14.775144193289901 ], [ 121.121732974455, 14.7756436479035 ], [ 121.120219476854004, 14.775032855720699 ], [ 121.118983507091002, 14.7735035429269 ], [ 121.118980356310999, 14.773499992552299 ], [ 121.118641402191002, 14.7731189462648 ], [ 121.115003348143006, 14.7720455254425 ], [ 121.114799421753006, 14.771293064026199 ], [ 121.114536865820995, 14.7703242487016 ], [ 121.113884134355004, 14.7685577633248 ], [ 121.113223320797005, 14.7676654515137 ], [ 121.110859361715995, 14.765286359709499 ], [ 121.109913544416003, 14.7638262067812 ], [ 121.109417158089002, 14.763723804905201 ], [ 121.107689595677002, 14.7633674279747 ], [ 121.105515068412004, 14.762579398619801 ], [ 121.101912133792993, 14.7654219584269 ], [ 121.099844540602007, 14.765159226794101 ], [ 121.099878818373995, 14.7644152978551 ], [ 121.099955926514994, 14.7627418913947 ], [ 121.099671818245994, 14.762474131605799 ], [ 121.099036867818, 14.7618757157702 ], [ 121.098408860719999, 14.7620036845064 ], [ 121.096369392271995, 14.760878721486399 ], [ 121.095133184831994, 14.7608204855742 ], [ 121.095135033164993, 14.7608204848133 ], [ 121.092794580489993, 14.759159080147301 ], [ 121.092371033080994, 14.759062288220001 ], [ 121.091723180773002, 14.7587231535014 ], [ 121.091019679983006, 14.7584141179395 ], [ 121.089830037845999, 14.758782509728499 ], [ 121.089000842087003, 14.7583980299313 ], [ 121.086659247219004, 14.758360905225301 ], [ 121.086048360147004, 14.7585822978244 ], [ 121.085595799862006, 14.7569626516201 ], [ 121.085565290345997, 14.7568711512991 ], [ 121.085563432759002, 14.7568711519868 ], [ 121.085222255299001, 14.7555738736822 ], [ 121.085092832363003, 14.7550817650309 ], [ 121.084935446328004, 14.7519136038659 ], [ 121.084928851504998, 14.7518882812843 ], [ 121.084862317455006, 14.751633049192 ], [ 121.084829494950995, 14.751513937908801 ], [ 121.084812438949001, 14.751480249798 ], [ 121.084796162605002, 14.7514452327861 ], [ 121.084727211380994, 14.7513031235044 ], [ 121.084597865880994, 14.7510980401269 ], [ 121.084549566391999, 14.7510168858164 ], [ 121.084511716220007, 14.7509614322865 ], [ 121.084433523624995, 14.7508422019447 ], [ 121.084339945641005, 14.7507097904688 ], [ 121.084274030968999, 14.750613223370401 ], [ 121.083643042115995, 14.7497305568887 ], [ 121.082925200188001, 14.7486747841621 ], [ 121.082872446067995, 14.748599587244399 ], [ 121.082872408900997, 14.748599542066801 ], [ 121.082685838577007, 14.7483257154935 ], [ 121.082634176933993, 14.7482655305643 ], [ 121.082269972853993, 14.7478423115047 ], [ 121.082264314260996, 14.7478357337137 ], [ 121.081650631540995, 14.7471682547238 ], [ 121.081139455542996, 14.7466426467841 ], [ 121.081015492560994, 14.746560216726399 ], [ 121.080435337731998, 14.746100537851 ], [ 121.080062431773996, 14.745962048456599 ], [ 121.079710492176005, 14.745860255339 ], [ 121.078897672943995, 14.7456077628536 ], [ 121.078671428939998, 14.7455263063648 ], [ 121.078545719825996, 14.7454651876253 ], [ 121.078420005479998, 14.7453633155981 ], [ 121.078277523577995, 14.745224745066601 ], [ 121.078197887957998, 14.7451065433743 ], [ 121.078126601500003, 14.744935338856299 ], [ 121.078088773008005, 14.744568437050299 ], [ 121.078047495247006, 14.7436435091278 ], [ 121.078043550299995, 14.7435453737234 ], [ 121.078012721831996, 14.742778719092099 ], [ 121.077987507564004, 14.742546346509799 ], [ 121.077941365800996, 14.742383276830299 ], [ 121.077877330212004, 14.742306383337 ], [ 121.077857261028996, 14.7422822852199 ], [ 121.077725008932006, 14.742123456257 ], [ 121.077547662765994, 14.742083467519601 ], [ 121.076700961693007, 14.7418584365579 ], [ 121.076118095843995, 14.7416066892969 ], [ 121.075386085692003, 14.740595780501399 ], [ 121.074963287751004, 14.739929350667399 ], [ 121.074370108924001, 14.739206486085299 ], [ 121.074063842103001, 14.7389501253814 ], [ 121.073532593723996, 14.738553743753499 ], [ 121.072932264458998, 14.7381144512105 ], [ 121.072376661912998, 14.7377519678144 ], [ 121.071904397720999, 14.7375408470712 ], [ 121.071682862293997, 14.737426049290599 ], [ 121.071492298066005, 14.7373064876352 ], [ 121.070941791148996, 14.7368350346032 ], [ 121.070588606661005, 14.7365292084705 ], [ 121.070748382773999, 14.7364753371806 ], [ 121.070954586157995, 14.7364827305675 ], [ 121.071067967727004, 14.7364692559687 ], [ 121.071172022108996, 14.736418103914399 ], [ 121.071459325608004, 14.7358153931742 ], [ 121.071599262907, 14.7354458771966 ], [ 121.071559231129996, 14.7352609136975 ], [ 121.071374295300004, 14.7350226785543 ], [ 121.071293143871998, 14.734818241309799 ], [ 121.071473551878995, 14.734244259681001 ], [ 121.071473474691004, 14.7340075129675 ], [ 121.071137525148998, 14.7323109464257 ], [ 121.071623542354004, 14.730793471436399 ], [ 121.071538165947999, 14.7289354139709 ], [ 121.071537901507995, 14.728124740920601 ], [ 121.071685110163997, 14.7274575037896 ], [ 121.071655533500007, 14.727177726113201 ], [ 121.070611889922006, 14.7253127768697 ], [ 121.070307726105, 14.7230537681399 ], [ 121.070098584739, 14.7224437611328 ], [ 121.068875279888999, 14.7213017248933 ], [ 121.068789141603006, 14.7209548457077 ], [ 121.068942590093997, 14.7203626613874 ], [ 121.069258784382995, 14.7177200907093 ], [ 121.069291788493999, 14.7171927188904 ], [ 121.069234896249995, 14.716707094340199 ], [ 121.067763215656001, 14.715483293555099 ], [ 121.067776730288003, 14.7145012146638 ], [ 121.067412651121003, 14.7143290342967 ], [ 121.067420063056005, 14.710039952687101 ], [ 121.067588128053004, 14.7099744670008 ], [ 121.067789309646997, 14.710038977326599 ], [ 121.068049390260995, 14.7099173821977 ], [ 121.068175750869003, 14.7099686460281 ], [ 121.068367916049993, 14.7101527432441 ], [ 121.068555150587002, 14.7103662159822 ], [ 121.068881993505002, 14.710676663408799 ], [ 121.069087468058001, 14.7107174188731 ], [ 121.069580818334003, 14.710818951311699 ], [ 121.069928493963999, 14.710931824471 ], [ 121.070255506487996, 14.710980061999701 ], [ 121.070733936682004, 14.7104229269548 ], [ 121.071202276136006, 14.7108278676846 ], [ 121.071420910559993, 14.711243007334 ], [ 121.071730679512996, 14.7112905431083 ], [ 121.072132334732999, 14.711397747348901 ], [ 121.072434119416002, 14.7113648896784 ], [ 121.072894025202999, 14.7112449890517 ], [ 121.073369531267005, 14.7109036461268 ], [ 121.073804969093004, 14.7105137345374 ], [ 121.075807094121004, 14.7100385817141 ], [ 121.079687766806998, 14.710822800994199 ], [ 121.079987963462997, 14.7107440198769 ], [ 121.080899844035997, 14.7097771379115 ], [ 121.083151511454005, 14.70970890697 ], [ 121.083216017471003, 14.709895902700699 ], [ 121.089905033042996, 14.712101667756601 ], [ 121.090401554622005, 14.712342225636901 ], [ 121.090129762586997, 14.7142231664428 ], [ 121.090422610071997, 14.7142232331261 ], [ 121.090635526491994, 14.7143678427576 ], [ 121.091679548553998, 14.714390443374599 ], [ 121.092247228063997, 14.714432932704 ], [ 121.092642481211001, 14.714427885354301 ], [ 121.093172920249998, 14.7143750521992 ], [ 121.093649250802997, 14.7142400371308 ], [ 121.094642395340003, 14.713792395628699 ], [ 121.094872174279999, 14.7138646525938 ], [ 121.095801657289002, 14.7146699457672 ], [ 121.096102408837993, 14.7147783430836 ], [ 121.096882937230006, 14.7149029804287 ], [ 121.097974257188, 14.714905802466401 ], [ 121.098210831065003, 14.7150504041327 ], [ 121.099799430358004, 14.7164111514672 ], [ 121.100671552161003, 14.717295371131099 ], [ 121.100833821031998, 14.717499184547901 ], [ 121.100935337912006, 14.7178411462664 ], [ 121.100928758972003, 14.7182357664701 ], [ 121.100682403061001, 14.7188639660453 ], [ 121.100489904336996, 14.7190613627975 ], [ 121.099834618551995, 14.7194792837384 ], [ 121.099949814225994, 14.7201895379535 ], [ 121.100054617077006, 14.7203045943116 ], [ 121.100872434229004, 14.720652816257401 ], [ 121.10139613938, 14.7206295672966 ], [ 121.101588738985001, 14.7206689527713 ], [ 121.101778014969, 14.720810263426801 ], [ 121.102143149422005, 14.7212737808848 ], [ 121.10253533657, 14.721816207397101 ], [ 121.102869954701006, 14.722072563364801 ], [ 121.103329625232007, 14.722388054304499 ], [ 121.104367215235001, 14.7230189711057 ], [ 121.104755882975994, 14.7232325492211 ], [ 121.105279702879002, 14.723455925963099 ], [ 121.10550272511, 14.7234887054714 ], [ 121.105803412597993, 14.7234293770964 ], [ 121.106367574911999, 14.7232318146577 ], [ 121.106631106804997, 14.7231922326743 ], [ 121.107087236557007, 14.7231821525081 ], [ 121.107438610521996, 14.7231260884801 ], [ 121.107860879811, 14.7229614691809 ], [ 121.108563470700005, 14.722553364204099 ], [ 121.109320167887006, 14.7222504724368 ], [ 121.109921393842001, 14.7218457101109 ], [ 121.110309828414998, 14.7215890211678 ], [ 121.110742301388996, 14.721559214685801 ], [ 121.111701556615998, 14.7215841695237 ], [ 121.112252732002005, 14.721778821012 ], [ 121.112685338478997, 14.7220087959682 ], [ 121.112908452542996, 14.7222388813584 ], [ 121.112979589907994, 14.7225874321483 ], [ 121.112929058340995, 14.722886702701601 ], [ 121.112517175094993, 14.7235215748931 ], [ 121.112372144380004, 14.7240412245255 ], [ 121.112341957492006, 14.724465456285699 ], [ 121.112457032818, 14.724856727514201 ], [ 121.112700536210994, 14.7252906869032 ], [ 121.113130078462007, 14.7261191721375 ], [ 121.113474835274999, 14.7263524873159 ], [ 121.114647615592006, 14.7269537001788 ], [ 121.115252587651995, 14.7272394950538 ], [ 121.116290071273994, 14.727544801906401 ], [ 121.117107903985001, 14.727823914119201 ], [ 121.117276907386994, 14.727935640144 ], [ 121.117381754185999, 14.728126311092501 ], [ 121.117669421277995, 14.728977879724001 ], [ 121.117865568721001, 14.7293099156567 ], [ 121.118098939971006, 14.7297142831966 ], [ 121.118437245710993, 14.730483613447801 ], [ 121.118528642469997, 14.730802542711301 ], [ 121.118552521813996, 14.7312201674654 ], [ 121.118539365027999, 14.7318778656518 ], [ 121.118536130392002, 14.7321475218762 ], [ 121.118640996346997, 14.7323678012824 ], [ 121.118838063723999, 14.7328980434079 ], [ 121.119492987387005, 14.733274978561401 ], [ 121.119657817497995, 14.733659685491601 ], [ 121.121089626865, 14.7346582125535 ], [ 121.121411217795, 14.7347943038727 ], [ 121.122085374584003, 14.734819183876599 ], [ 121.121971947483004, 14.735995148618899 ], [ 121.122008482843, 14.7364291613885 ], [ 121.122743739418993, 14.738087027451201 ], [ 121.119493736376995, 14.7399296542184 ], [ 121.118342605845996, 14.7394326844777 ], [ 121.118152683461005, 14.7398645900976 ], [ 121.117796341605001, 14.740674937021399 ], [ 121.117768430387997, 14.7407383902802 ], [ 121.118248598164001, 14.7427662063402 ], [ 121.118560333684997, 14.7433954390164 ], [ 121.118441471378006, 14.7450738910892 ], [ 121.117867194181002, 14.7462164212667 ], [ 121.118921861076004, 14.7474979839395 ], [ 121.118419926441007, 14.749526292252099 ], [ 121.120888454538004, 14.7517628684013 ], [ 121.121008821535995, 14.752835113094401 ], [ 121.121523819206999, 14.7537566106129 ], [ 121.121098989814001, 14.755190559645699 ], [ 121.121770708518994, 14.7561460300712 ], [ 121.121345504817, 14.7569268357444 ], [ 121.121607805501, 14.7575957668809 ], [ 121.122604504037, 14.757675318529801 ], [ 121.123392279607003, 14.7577381936217 ], [ 121.123393740325, 14.758862785702 ], [ 121.123573488082997, 14.759745312446301 ], [ 121.124244625635995, 14.7596334396135 ], [ 121.125669540755993, 14.7607955835634 ], [ 121.125473316831005, 14.7611780138743 ], [ 121.126341903864002, 14.7628024318511 ], [ 121.125703745850998, 14.7633284850581 ], [ 121.125737475527998, 14.7650648615768 ], [ 121.125099181939007, 14.7653678873162 ], [ 121.124903152919998, 14.766116715196301 ], [ 121.126330815409005, 14.7670028450834 ], [ 121.126852024268004, 14.767326351731599 ], [ 121.127934445785002, 14.7690746034824 ], [ 121.128015489795004, 14.7692054854198 ], [ 121.127803008043998, 14.7697950269526 ], [ 121.128343552721006, 14.7702885633914 ], [ 121.129031048627994, 14.7700970141121 ], [ 121.129080617661998, 14.770877567331301 ], [ 121.129390297198995, 14.7713016634321 ], [ 121.130162023864003, 14.772358477690499 ], [ 121.131389833111001, 14.772246269497099 ], [ 121.132728791315003, 14.7725523944668 ], [ 121.133440703394996, 14.772715150048599 ], [ 121.133767873688001, 14.7747762303225 ], [ 121.135049088825994, 14.7761572197926 ], [ 121.134281099985003, 14.7765427474767 ] ] ] } },
{ "type": "Feature", "properties": { "barangay_name": "Roxas", "barangay_geom": "POLYGON((121.020461812125 14.625369668035, 121.020911256437 14.6253696281356, 121.021305453025 14.6254772023611, 121.021806491813 14.6256923849139, 121.022348036629 14.6257820115599, 121.022867484533 14.6258214133156, 121.023258004175 14.6259899659614, 121.023445892949 14.6261083216663, 121.023696417078 14.626201562477, 121.024004914382 14.6261622414367, 121.024141535412 14.6260978294789, 121.024278727403 14.625992745059, 121.02441592405 14.6258469882344, 121.024553399115 14.6257023610848, 121.02464940476 14.6255984105667, 121.024814152854 14.6254684676022, 121.02493685243 14.6254289119665, 121.025113792212 14.6254175950963, 121.025290739448 14.625390461076, 121.02542706558 14.6253520334895, 121.025618504486 14.6252616295784, 121.025754836734 14.625197216703, 121.025973819113 14.6250525796866, 121.026137999869 14.6250017209223, 121.026301314193 14.6250028323334, 121.026491307704 14.6250174980403, 121.026640417119 14.6250717108079, 121.026843197822 14.6252061321656, 121.02695054009 14.6253642899246, 121.027058181625 14.6255393943984, 121.027219201779 14.6257517755526, 121.027402457169 14.6259177784924, 121.027553525284 14.6261150485511, 121.027671434116 14.6262908022718, 121.02778464015 14.6264182829663, 121.028015256793 14.6264476298057, 121.028264580867 14.6265023717521, 121.028577719427 14.6265381975039, 121.028828240115 14.6265848042358, 121.029089805132 14.62661705651, 121.029274010771 14.6266528973864, 121.029248257374 14.6269040024746, 121.029251960085 14.6270367203009, 121.029240926511 14.6272017247566, 121.029244617352 14.627244773681, 121.029325703585 14.6275532494485, 121.029292543688 14.6275317334458, 121.028216840625 14.6277327422515, 121.025152425954 14.6284375106039, 121.016776830533 14.6302527013321, 121.015801965219 14.6304206376776, 121.014987750691 14.6297391501043, 121.015408599041 14.6292648744513, 121.015990273782 14.628903836837, 121.016508026658 14.6285365749159, 121.017006591994 14.6280635109827, 121.017402858172 14.6273041385812, 121.017686768743 14.6269154525128, 121.018017654253 14.626609752072, 121.018407944387 14.6265023195207, 121.019154609142 14.6265435643387, 121.019740024895 14.6262295793818, 121.02009289326 14.6254790906163, 121.020461812125 14.625369668035))" }, "geometry": { "type": "Polygon", "coordinates": [ [ [ 121.020461812125006, 14.625369668035001 ], [ 121.020911256437003, 14.6253696281356 ], [ 121.021305453024993, 14.6254772023611 ], [ 121.021806491812995, 14.625692384913901 ], [ 121.022348036628998, 14.625782011559901 ], [ 121.022867484532995, 14.625821413315601 ], [ 121.023258004175005, 14.6259899659614 ], [ 121.023445892948999, 14.626108321666299 ], [ 121.023696417078, 14.626201562477 ], [ 121.024004914382004, 14.626162241436701 ], [ 121.024141535411999, 14.626097829478899 ], [ 121.024278727403001, 14.625992745058999 ], [ 121.024415924050004, 14.6258469882344 ], [ 121.024553399115007, 14.6257023610848 ], [ 121.024649404759998, 14.625598410566701 ], [ 121.024814152854006, 14.6254684676022 ], [ 121.024936852430002, 14.6254289119665 ], [ 121.025113792211997, 14.6254175950963 ], [ 121.025290739447996, 14.625390461076 ], [ 121.025427065580004, 14.6253520334895 ], [ 121.025618504486005, 14.6252616295784 ], [ 121.025754836733995, 14.625197216703 ], [ 121.025973819113005, 14.625052579686599 ], [ 121.026137999868993, 14.625001720922301 ], [ 121.026301314193006, 14.625002832333401 ], [ 121.026491307704006, 14.6250174980403 ], [ 121.026640417118998, 14.6250717108079 ], [ 121.026843197822004, 14.6252061321656 ], [ 121.026950540089999, 14.625364289924599 ], [ 121.027058181624994, 14.6255393943984 ], [ 121.027219201779005, 14.625751775552599 ], [ 121.027402457169003, 14.625917778492401 ], [ 121.027553525284006, 14.6261150485511 ], [ 121.027671434116002, 14.6262908022718 ], [ 121.027784640150003, 14.6264182829663 ], [ 121.028015256792997, 14.6264476298057 ], [ 121.028264580867003, 14.6265023717521 ], [ 121.028577719427005, 14.626538197503899 ], [ 121.028828240115004, 14.626584804235801 ], [ 121.029089805132003, 14.62661705651 ], [ 121.029274010771005, 14.6266528973864 ], [ 121.029248257373993, 14.6269040024746 ], [ 121.029251960085006, 14.6270367203009 ], [ 121.029240926510994, 14.627201724756601 ], [ 121.029244617352006, 14.627244773680999 ], [ 121.029325703585002, 14.6275532494485 ], [ 121.029292543688001, 14.627531733445799 ], [ 121.028216840625007, 14.627732742251499 ], [ 121.025152425954005, 14.6284375106039 ], [ 121.016776830533004, 14.6302527013321 ], [ 121.015801965218998, 14.6304206376776 ], [ 121.014987750691006, 14.629739150104299 ], [ 121.015408599040995, 14.6292648744513 ], [ 121.015990273781995, 14.628903836837001 ], [ 121.016508026658002, 14.6285365749159 ], [ 121.017006591994004, 14.628063510982701 ], [ 121.017402858172005, 14.6273041385812 ], [ 121.017686768743005, 14.626915452512799 ], [ 121.018017654253001, 14.626609752072 ], [ 121.018407944386993, 14.6265023195207 ], [ 121.019154609142007, 14.6265435643387 ], [ 121.019740024895, 14.6262295793818 ], [ 121.020092893259999, 14.625479090616301 ], [ 121.020461812125006, 14.625369668035001 ] ] ] } },
{ "type": "Feature", "properties": { "barangay_name": "Sacred Heart", "barangay_geom": "POLYGON((121.033993493281 14.6286287412785, 121.033809173776 14.6278647161325, 121.045646584041 14.6313493442774, 121.045028642961 14.632783063474, 121.04170135774 14.6334628740752, 121.037649005057 14.6343172848066, 121.035434930843 14.6348162383158, 121.033993493281 14.6286287412785))" }, "geometry": { "type": "Polygon", "coordinates": [ [ [ 121.033993493281002, 14.628628741278501 ], [ 121.033809173776007, 14.6278647161325 ], [ 121.045646584040995, 14.6313493442774 ], [ 121.045028642961, 14.632783063473999 ], [ 121.041701357739996, 14.6334628740752 ], [ 121.037649005057006, 14.634317284806601 ], [ 121.035434930842996, 14.6348162383158 ], [ 121.033993493281002, 14.628628741278501 ] ] ] } },
{ "type": "Feature", "properties": { "barangay_name": "Salvacion", "barangay_geom": "POLYGON((120.996554409587 14.6287755192476, 120.995927797147 14.6299943770335, 120.995069435134 14.6292016118769, 120.990594084886 14.6252160296041, 120.99276684087 14.6235395756244, 120.997179549721 14.6274593262489, 120.996554409587 14.6287755192476))" }, "geometry": { "type": "Polygon", "coordinates": [ [ [ 120.996554409587006, 14.628775519247601 ], [ 120.995927797147004, 14.629994377033499 ], [ 120.995069435133999, 14.629201611876899 ], [ 120.990594084885998, 14.6252160296041 ], [ 120.992766840870004, 14.623539575624401 ], [ 120.997179549720997, 14.6274593262489 ], [ 120.996554409587006, 14.628775519247601 ] ] ] } },
{ "type": "Feature", "properties": { "barangay_name": "San Agustin", "barangay_geom": "POLYGON((121.033489397595 14.7350303301888, 121.033378810342 14.734925421596, 121.030993333664 14.7326625312981, 121.030999145848 14.7326524258, 121.03123774201 14.7322373952228, 121.030939111909 14.731641988915, 121.031491986044 14.731760287821, 121.032255890035 14.731459146922, 121.03216092835 14.7310558299252, 121.031637639738 14.7307824961099, 121.032157941048 14.7304434914525, 121.032275731428 14.7302288175098, 121.032117221162 14.7298288986319, 121.031974387815 14.7287937356582, 121.031834340476 14.7288367949308, 121.031668426125 14.7284709417417, 121.030853771992 14.7275958091103, 121.030993804539 14.7274523087464, 121.031041689243 14.727272947992, 121.031034236583 14.7266488059893, 121.030625029392 14.7259206875644, 121.030658177931 14.7258202505192, 121.031134570009 14.7258002486546, 121.03126263438 14.7258775623795, 121.031362174566 14.7260497269375, 121.032740470958 14.7251850578965, 121.032843669232 14.7251599260797, 121.033606592653 14.7251669929679, 121.033698732682 14.7251562241009, 121.033776117842 14.72509523198, 121.033901399076 14.7248871629642, 121.033844777839 14.7240989121816, 121.034155613743 14.7243131988335, 121.034417388844 14.7248799105113, 121.035236831784 14.7243228794711, 121.035317847552 14.72391753924, 121.035929658896 14.7239425533023, 121.035881959624 14.7252267195836, 121.036401770476 14.7260803612249, 121.037367421408 14.7261232473985, 121.037617970546 14.7257178699759, 121.038063946617 14.7257967188005, 121.038381008874 14.7263167886538, 121.038727466204 14.7263705354665, 121.039172073885 14.7262135391905, 121.039736076455 14.7267586734179, 121.03971766989 14.7268591182564, 121.0395002392 14.7269524207861, 121.039419174354 14.7270994953904, 121.039271756583 14.7271461576264, 121.039253372883 14.7273757313907, 121.039334454387 14.7273721294603, 121.038951377888 14.7286778817112, 121.038672917602 14.7286947304283, 121.038730302154 14.7290724910354, 121.039109945225 14.729176457049, 121.038992115821 14.7297575707366, 121.038380398552 14.73041768841, 121.03703153623 14.7310384717337, 121.038550142361 14.7315224731223, 121.039228448408 14.7322612961775, 121.038941049304 14.7327993984068, 121.03892640139 14.7333087582331, 121.037537065055 14.7339619350925, 121.037544939832 14.7341754615109, 121.037981433395 14.7342058942506, 121.038327129377 14.7344555177896, 121.038638827915 14.7345029165609, 121.038523946776 14.734761654438, 121.038627857203 14.7348034388342, 121.038628586895 14.7356767555922, 121.039504470438 14.735695813933, 121.039518260489 14.7397065156405, 121.039414645163 14.7396669911684, 121.038852994157 14.7401539652112, 121.033489397595 14.7350303301888))" }, "geometry": { "type": "Polygon", "coordinates": [ [ [ 121.033489397595005, 14.735030330188801 ], [ 121.033378810342001, 14.734925421595999 ], [ 121.030993333664, 14.7326625312981 ], [ 121.030999145848, 14.7326524258 ], [ 121.031237742010006, 14.7322373952228 ], [ 121.030939111909007, 14.731641988914999 ], [ 121.031491986044003, 14.731760287821 ], [ 121.032255890035003, 14.731459146922001 ], [ 121.032160928349995, 14.7310558299252 ], [ 121.031637639737994, 14.730782496109899 ], [ 121.032157941047998, 14.730443491452499 ], [ 121.032275731428001, 14.730228817509801 ], [ 121.032117221161997, 14.729828898631901 ], [ 121.031974387814998, 14.728793735658201 ], [ 121.031834340475996, 14.7288367949308 ], [ 121.031668426124995, 14.728470941741699 ], [ 121.030853771992, 14.7275958091103 ], [ 121.030993804538994, 14.7274523087464 ], [ 121.031041689242997, 14.727272947992001 ], [ 121.031034236582997, 14.726648805989299 ], [ 121.030625029391999, 14.7259206875644 ], [ 121.030658177931002, 14.725820250519201 ], [ 121.031134570009002, 14.7258002486546 ], [ 121.031262634379999, 14.7258775623795 ], [ 121.031362174565999, 14.7260497269375 ], [ 121.032740470958004, 14.7251850578965 ], [ 121.032843669231994, 14.7251599260797 ], [ 121.033606592653001, 14.7251669929679 ], [ 121.033698732681998, 14.7251562241009 ], [ 121.033776117841995, 14.725095231979999 ], [ 121.033901399076001, 14.724887162964199 ], [ 121.033844777838993, 14.724098912181599 ], [ 121.034155613742996, 14.724313198833499 ], [ 121.034417388844005, 14.7248799105113 ], [ 121.035236831784005, 14.724322879471099 ], [ 121.035317847551994, 14.72391753924 ], [ 121.035929658895995, 14.723942553302299 ], [ 121.035881959624007, 14.725226719583601 ], [ 121.036401770476004, 14.7260803612249 ], [ 121.037367421408007, 14.726123247398499 ], [ 121.037617970545995, 14.725717869975901 ], [ 121.038063946617001, 14.725796718800501 ], [ 121.038381008873998, 14.726316788653801 ], [ 121.038727466203994, 14.726370535466501 ], [ 121.039172073884998, 14.7262135391905 ], [ 121.039736076455, 14.726758673417899 ], [ 121.039717669889995, 14.726859118256399 ], [ 121.039500239199995, 14.7269524207861 ], [ 121.039419174353995, 14.7270994953904 ], [ 121.039271756583005, 14.7271461576264 ], [ 121.039253372882996, 14.727375731390699 ], [ 121.039334454387003, 14.727372129460299 ], [ 121.038951377887997, 14.728677881711199 ], [ 121.038672917602, 14.7286947304283 ], [ 121.038730302153994, 14.729072491035399 ], [ 121.039109945224993, 14.729176457049 ], [ 121.038992115821003, 14.7297575707366 ], [ 121.038380398551993, 14.73041768841 ], [ 121.037031536230003, 14.731038471733701 ], [ 121.038550142361004, 14.7315224731223 ], [ 121.039228448407997, 14.7322612961775 ], [ 121.038941049304, 14.732799398406801 ], [ 121.03892640139, 14.7333087582331 ], [ 121.037537065055005, 14.7339619350925 ], [ 121.037544939832003, 14.734175461510899 ], [ 121.037981433395004, 14.7342058942506 ], [ 121.038327129376995, 14.7344555177896 ], [ 121.038638827914994, 14.734502916560899 ], [ 121.038523946775996, 14.734761654438 ], [ 121.038627857202997, 14.7348034388342 ], [ 121.038628586895001, 14.7356767555922 ], [ 121.039504470438004, 14.735695813933001 ], [ 121.039518260489004, 14.739706515640499 ], [ 121.039414645163006, 14.7396669911684 ], [ 121.038852994156997, 14.740153965211199 ], [ 121.033489397595005, 14.735030330188801 ] ] ] } },
{ "type": "Feature", "properties": { "barangay_name": "San Antonio", "barangay_geom": "POLYGON((121.021362159697 14.652816505532, 121.021141102212 14.6528416340502, 121.020721115996 14.6532541876663, 121.020654980675 14.6533620472596, 121.02042843066 14.6535302604858, 121.020354819522 14.6538142675443, 121.020085762698 14.6537150235841, 121.01988184869 14.6537150411024, 121.019881858885 14.6538280918161, 121.019479760672 14.6544815929311, 121.019451461442 14.6546608151963, 121.018890082221 14.6547896116495, 121.018775867209 14.6548075528288, 121.018459013206 14.6548757357988, 121.018363220138 14.6549331364077, 121.018237949973 14.6549725983205, 121.018120049208 14.6549905485049, 121.018050049669 14.6549797893659, 121.017858450394 14.6549367639052, 121.01772950093 14.6549403529257, 121.01760054533 14.6549834120085, 121.017486330396 14.6550049407484, 121.017445798582 14.6550121201798, 121.017327898858 14.6550444137, 121.017209997979 14.6550623543848, 121.01707367694 14.6550623644316, 121.016981561025 14.6550157427308, 121.016893129379 14.6549511797561, 121.016823115701 14.6548758598724, 121.016764155878 14.654761078075, 121.01662724377 14.6546764083313, 121.016436054618 14.6546481773194, 121.016156221256 14.6546893752927, 121.015795138903 14.6546212424827, 121.015076663406 14.6545280332694, 121.014833154576 14.6542607691342, 121.014632087924 14.6539478316794, 121.014490197272 14.6535219119501, 121.014378759167 14.6529830118198, 121.014266452465 14.6524983413075, 121.014212175737 14.6521300349631, 121.014128596753 14.6517041113759, 121.014017160456 14.6511652109871, 121.013876710271 14.6505686932465, 121.01382272813 14.6501427677246, 121.013708986564 14.6498298241532, 121.013478331694 14.6495440021482, 121.013159490173 14.6493429187525, 121.012898104862 14.6493124292061, 121.012519221149 14.6493090605468, 121.012287999153 14.6491373456199, 121.012230554953 14.6489961255746, 121.012204138803 14.6487396658588, 121.012266490199 14.6483148635607, 121.012300113968 14.6478053288989, 121.012389456592 14.6476358564537, 121.012478795882 14.6474098947354, 121.012482828654 14.6469850954517, 121.012428846905 14.6465026802324, 121.012000308678 14.6455898365527, 121.0123965924 14.645598854061, 121.013289827991 14.6457795703513, 121.014150379732 14.6459767258282, 121.014867289324 14.6462576450679, 121.015799452653 14.6468028177965, 121.016691049495 14.6466951367768, 121.01750896714 14.6466269280574, 121.017259717071 14.6450457811264, 121.020113709554 14.6459128923498, 121.021362159697 14.652816505532))" }, "geometry": { "type": "Polygon", "coordinates": [ [ [ 121.021362159697006, 14.652816505532 ], [ 121.021141102211999, 14.652841634050199 ], [ 121.020721115995997, 14.653254187666301 ], [ 121.020654980675005, 14.6533620472596 ], [ 121.020428430660004, 14.6535302604858 ], [ 121.020354819521998, 14.6538142675443 ], [ 121.020085762698002, 14.6537150235841 ], [ 121.019881848690005, 14.6537150411024 ], [ 121.019881858885, 14.6538280918161 ], [ 121.019479760671999, 14.6544815929311 ], [ 121.019451461442003, 14.6546608151963 ], [ 121.018890082221006, 14.6547896116495 ], [ 121.018775867209001, 14.6548075528288 ], [ 121.018459013205998, 14.6548757357988 ], [ 121.018363220137999, 14.654933136407699 ], [ 121.018237949972999, 14.6549725983205 ], [ 121.018120049207994, 14.6549905485049 ], [ 121.018050049669, 14.6549797893659 ], [ 121.017858450394002, 14.6549367639052 ], [ 121.017729500930002, 14.654940352925699 ], [ 121.017600545329998, 14.6549834120085 ], [ 121.017486330395997, 14.6550049407484 ], [ 121.017445798582003, 14.6550121201798 ], [ 121.017327898857999, 14.655044413700001 ], [ 121.017209997978995, 14.6550623543848 ], [ 121.017073676940001, 14.6550623644316 ], [ 121.016981561025005, 14.6550157427308 ], [ 121.016893129379, 14.6549511797561 ], [ 121.016823115701001, 14.6548758598724 ], [ 121.016764155877993, 14.654761078075 ], [ 121.016627243770003, 14.6546764083313 ], [ 121.016436054617998, 14.6546481773194 ], [ 121.016156221255997, 14.654689375292699 ], [ 121.015795138903002, 14.654621242482699 ], [ 121.015076663406006, 14.654528033269401 ], [ 121.014833154575996, 14.654260769134201 ], [ 121.014632087923999, 14.6539478316794 ], [ 121.014490197271996, 14.653521911950101 ], [ 121.014378759167002, 14.652983011819799 ], [ 121.014266452464994, 14.652498341307499 ], [ 121.014212175737001, 14.652130034963101 ], [ 121.014128596752997, 14.651704111375899 ], [ 121.014017160456007, 14.6511652109871 ], [ 121.013876710271006, 14.6505686932465 ], [ 121.013822728129995, 14.650142767724599 ], [ 121.013708986563998, 14.649829824153199 ], [ 121.013478331694003, 14.6495440021482 ], [ 121.013159490172995, 14.649342918752501 ], [ 121.012898104862003, 14.6493124292061 ], [ 121.012519221149006, 14.6493090605468 ], [ 121.012287999153003, 14.6491373456199 ], [ 121.012230554953007, 14.6489961255746 ], [ 121.012204138803, 14.6487396658588 ], [ 121.012266490198996, 14.648314863560699 ], [ 121.012300113967996, 14.647805328898899 ], [ 121.012389456592004, 14.6476358564537 ], [ 121.012478795882004, 14.6474098947354 ], [ 121.012482828654001, 14.646985095451701 ], [ 121.012428846904996, 14.6465026802324 ], [ 121.012000308677997, 14.6455898365527 ], [ 121.012396592399995, 14.645598854060999 ], [ 121.013289827991002, 14.6457795703513 ], [ 121.014150379732001, 14.6459767258282 ], [ 121.014867289324002, 14.6462576450679 ], [ 121.015799452652999, 14.6468028177965 ], [ 121.016691049494995, 14.646695136776801 ], [ 121.017508967140003, 14.646626928057399 ], [ 121.017259717070999, 14.645045781126401 ], [ 121.020113709553996, 14.6459128923498 ], [ 121.021362159697006, 14.652816505532 ] ] ] } },
{ "type": "Feature", "properties": { "barangay_name": "San Bartolome", "barangay_geom": "POLYGON((121.047638686222 14.7030388061289, 121.047350194033 14.7037906382431, 121.04559498139 14.7044516395495, 121.045587200289 14.7045427645288, 121.045509318449 14.7052034202953, 121.041834760364 14.7051661518162, 121.041410031049 14.7065517526904, 121.041320302983 14.7075430456029, 121.040337375138 14.7079912437407, 121.040231050645 14.7080353506987, 121.039697388876 14.7079710453107, 121.039011736872 14.7082762019432, 121.038663270955 14.7085191627289, 121.038267792465 14.7087779476534, 121.038143632668 14.7090039238358, 121.03806851012 14.7091677540787, 121.037854071456 14.7092287972377, 121.037700548893 14.7091305315204, 121.037243734967 14.7087894122254, 121.036894044041 14.7086663222721, 121.036210493237 14.7093056226362, 121.034072839461 14.709457825092, 121.033597036173 14.7101792897836, 121.033558052506 14.7103539501509, 121.033291672106 14.710457566656, 121.033138757308 14.7105637877467, 121.03294638602 14.7106688845689, 121.031735723244 14.7106566259247, 121.031232777703 14.7103460051479, 121.031028801726 14.7104759570729, 121.030969342129 14.7107290354105, 121.030970828553 14.7109312655608, 121.031057659574 14.7114396542452, 121.030843268388 14.7118023417434, 121.030494210016 14.7120972600887, 121.030313731313 14.7122678802966, 121.030112703562 14.7127864747556, 121.029960412252 14.7131977337888, 121.029785172722 14.7134598649319, 121.029550763569 14.7139434400186, 121.029381925367 14.7143761665285, 121.02943302099 14.7145388480979, 121.029470498632 14.7146676832333, 121.029407532345 14.7148992505553, 121.029234025167 14.7150755178925, 121.029132198678 14.715328601006, 121.028872214698 14.7155511998225, 121.028632234747 14.7156472607332, 121.028220765663 14.7158111290257, 121.027769544252 14.7160687729287, 121.027378660153 14.7161490336825, 121.026780593899 14.7163309978343, 121.026378700872 14.7165332741946, 121.026285842949 14.7165705674205, 121.02581430083 14.7167615529104, 121.025265265951 14.7168881485589, 121.024937309918 14.7166192969324, 121.024751265853 14.7163413914947, 121.024524912841 14.716331247561, 121.024198469666 14.7165448099246, 121.023735040493 14.7167222330029, 121.023527229958 14.7164352905874, 121.023244560659 14.716207103957, 121.022988891417 14.7161099685527, 121.0226879365 14.7159518292887, 121.022332721209 14.7157790077521, 121.022070651095 14.7154615652175, 121.0220331824 14.7151949411464, 121.021935638648 14.7148063067155, 121.021874086052 14.7144877150846, 121.021835450325 14.7140606625591, 121.021745461633 14.7137183482068, 121.021656904989 14.7132992087499, 121.021543705327 14.7129941791497, 121.02136260064 14.7127275682197, 121.021134201651 14.7125490841744, 121.020902327751 14.712444035811, 121.020733718518 14.7123231646655, 121.020539574084 14.7122158530015, 121.020290872718 14.7120915992796, 121.020059587102 14.7121142149814, 121.019791463544 14.7122385136606, 121.019339652471 14.7123673465428, 121.018983009589 14.7123402613458, 121.018642021444 14.712184379599, 121.01828159178 14.7119528037248, 121.017969016025 14.7115212527842, 121.017762953669 14.7111100292807, 121.017612893278 14.7106660377508, 121.017645945829 14.7103655141255, 121.01768597014 14.7100412646043, 121.017780544217 14.7097689807092, 121.017843482615 14.7094040573519, 121.017869871597 14.709155503998, 121.017955750075 14.7089555265226, 121.018114757829 14.7087905664514, 121.018449896007 14.7084629041711, 121.018608313906 14.7082493633126, 121.01869390061 14.7080154922073, 121.018692145786 14.7077997045864, 121.018802673177 14.7074472046356, 121.018896664951 14.7071274695593, 121.018966850534 14.7067343007523, 121.018859736497 14.706277878776, 121.018675441692 14.7059570364481, 121.018522204594 14.705701718672, 121.018305425889 14.7054531844883, 121.017993158349 14.7050442288888, 121.017787974303 14.7047403341267, 121.017709592716 14.70438671924, 121.017722649347 14.704282778555, 121.017906881143 14.7039788537882, 121.017983475105 14.7038184192069, 121.018014796561 14.7036014991558, 121.017970385494 14.7034037912257, 121.01817090878 14.7035031961778, 121.01836388057 14.7035737786246, 121.018565548808 14.7035926343997, 121.019027042083 14.7033132522851, 121.019903548613 14.7035547797528, 121.020163391751 14.7034717049706, 121.021338455945 14.7029695349395, 121.021412233078 14.7038528618856, 121.021780669023 14.7039245549961, 121.022145225229 14.7038263652484, 121.022311838021 14.7023579073287, 121.023207718927 14.7023804692238, 121.024598043636 14.7021701146561, 121.025955432114 14.7022171462981, 121.026312928709 14.7019045005782, 121.026482596273 14.7019103832335, 121.027076343454 14.7010550535729, 121.027252835745 14.7006902858552, 121.027555022961 14.7006716133082, 121.027821592753 14.7002292050172, 121.028299134621 14.7001930575665, 121.029038631043 14.6990338123042, 121.029839329243 14.6991731526051, 121.029930190506 14.6989195189279, 121.030051400902 14.6990374703273, 121.030414977055 14.6990551107692, 121.030475588131 14.6991553820533, 121.030802851636 14.6993912639214, 121.031699658161 14.6992141924949, 121.032220822347 14.6994441618863, 121.032471114809 14.6992649620177, 121.032627230488 14.6993169099717, 121.032573861243 14.6994683079359, 121.033246250412 14.6998783225097, 121.033507688206 14.6997799940703, 121.034166038719 14.6998213744951, 121.034632596708 14.6995676743168, 121.03489319704 14.6998153642761, 121.035450646327 14.6995380589664, 121.035626373827 14.6995321391122, 121.035838392229 14.6990897299695, 121.038819860123 14.6996967732743, 121.039977186509 14.6992718971025, 121.040062060843 14.6995019236407, 121.040789273732 14.699796705491, 121.041334616756 14.6996196674101, 121.042194915616 14.6986757760617, 121.04212206737 14.69802697949, 121.042400682456 14.6973309302488, 121.04460682126 14.6995069870881, 121.044785715771 14.6996879252015, 121.046230970101 14.7004800508011, 121.047803349275 14.6994550131602, 121.047981151214 14.6995108237029, 121.048352723141 14.699944979496, 121.04813094527 14.7007830959031, 121.047248080635 14.7019405509521, 121.047252468904 14.7020954563363, 121.047356047753 14.7023001331105, 121.047864795821 14.7024160886146, 121.047638686222 14.7030388061289))" }, "geometry": { "type": "Polygon", "coordinates": [ [ [ 121.047638686222001, 14.7030388061289 ], [ 121.047350194033001, 14.703790638243101 ], [ 121.045594981389996, 14.7044516395495 ], [ 121.045587200289006, 14.704542764528799 ], [ 121.045509318449007, 14.7052034202953 ], [ 121.041834760363997, 14.705166151816201 ], [ 121.041410031048997, 14.7065517526904 ], [ 121.041320302982996, 14.7075430456029 ], [ 121.040337375137995, 14.7079912437407 ], [ 121.040231050645005, 14.708035350698699 ], [ 121.039697388875993, 14.7079710453107 ], [ 121.039011736871998, 14.7082762019432 ], [ 121.038663270954999, 14.7085191627289 ], [ 121.038267792465007, 14.708777947653401 ], [ 121.038143632667996, 14.7090039238358 ], [ 121.038068510119999, 14.709167754078701 ], [ 121.037854071455996, 14.709228797237699 ], [ 121.037700548893, 14.709130531520399 ], [ 121.037243734967007, 14.7087894122254 ], [ 121.036894044041006, 14.7086663222721 ], [ 121.036210493236993, 14.709305622636199 ], [ 121.034072839461004, 14.709457825092001 ], [ 121.033597036173006, 14.7101792897836 ], [ 121.033558052505995, 14.7103539501509 ], [ 121.033291672106003, 14.710457566656 ], [ 121.033138757307995, 14.7105637877467 ], [ 121.032946386020001, 14.7106688845689 ], [ 121.031735723243997, 14.710656625924701 ], [ 121.031232777702996, 14.710346005147899 ], [ 121.031028801725995, 14.7104759570729 ], [ 121.030969342128998, 14.7107290354105 ], [ 121.030970828552995, 14.7109312655608 ], [ 121.031057659574003, 14.711439654245201 ], [ 121.030843268387997, 14.7118023417434 ], [ 121.030494210016002, 14.712097260088701 ], [ 121.030313731313001, 14.712267880296601 ], [ 121.030112703561997, 14.7127864747556 ], [ 121.029960412251995, 14.7131977337888 ], [ 121.029785172722001, 14.713459864931901 ], [ 121.029550763569006, 14.7139434400186 ], [ 121.029381925367005, 14.714376166528499 ], [ 121.029433020989998, 14.7145388480979 ], [ 121.029470498631994, 14.7146676832333 ], [ 121.029407532345004, 14.7148992505553 ], [ 121.029234025167, 14.715075517892499 ], [ 121.029132198677999, 14.715328601006 ], [ 121.028872214697998, 14.715551199822499 ], [ 121.028632234746993, 14.715647260733199 ], [ 121.028220765662994, 14.715811129025701 ], [ 121.027769544251996, 14.716068772928701 ], [ 121.027378660153005, 14.7161490336825 ], [ 121.026780593899005, 14.7163309978343 ], [ 121.026378700872002, 14.7165332741946 ], [ 121.026285842948994, 14.716570567420501 ], [ 121.025814300830007, 14.7167615529104 ], [ 121.025265265951006, 14.716888148558899 ], [ 121.024937309918002, 14.7166192969324 ], [ 121.024751265852998, 14.7163413914947 ], [ 121.024524912841002, 14.716331247561 ], [ 121.024198469666004, 14.716544809924599 ], [ 121.023735040492994, 14.7167222330029 ], [ 121.023527229958006, 14.7164352905874 ], [ 121.023244560658995, 14.716207103957 ], [ 121.022988891417, 14.716109968552701 ], [ 121.022687936500006, 14.7159518292887 ], [ 121.022332721208997, 14.715779007752101 ], [ 121.022070651095007, 14.715461565217501 ], [ 121.022033182399994, 14.7151949411464 ], [ 121.021935638648003, 14.7148063067155 ], [ 121.021874086051994, 14.7144877150846 ], [ 121.021835450325, 14.714060662559101 ], [ 121.021745461633003, 14.7137183482068 ], [ 121.021656904989001, 14.7132992087499 ], [ 121.021543705327005, 14.7129941791497 ], [ 121.021362600640003, 14.7127275682197 ], [ 121.021134201650995, 14.7125490841744 ], [ 121.020902327751003, 14.712444035811 ], [ 121.020733718518002, 14.7123231646655 ], [ 121.020539574083998, 14.712215853001499 ], [ 121.020290872717993, 14.712091599279599 ], [ 121.020059587101997, 14.712114214981399 ], [ 121.019791463543996, 14.7122385136606 ], [ 121.019339652471004, 14.7123673465428 ], [ 121.018983009588993, 14.712340261345799 ], [ 121.018642021443995, 14.712184379599 ], [ 121.018281591779996, 14.711952803724801 ], [ 121.017969016025006, 14.7115212527842 ], [ 121.017762953669006, 14.7111100292807 ], [ 121.017612893277999, 14.7106660377508 ], [ 121.017645945829003, 14.710365514125501 ], [ 121.017685970139993, 14.7100412646043 ], [ 121.017780544217004, 14.7097689807092 ], [ 121.017843482615007, 14.7094040573519 ], [ 121.017869871597, 14.709155503998 ], [ 121.017955750075004, 14.708955526522599 ], [ 121.018114757828997, 14.7087905664514 ], [ 121.018449896006999, 14.7084629041711 ], [ 121.018608313906, 14.7082493633126 ], [ 121.018693900610003, 14.7080154922073 ], [ 121.018692145786005, 14.7077997045864 ], [ 121.018802673177007, 14.707447204635599 ], [ 121.018896664951001, 14.7071274695593 ], [ 121.018966850533999, 14.7067343007523 ], [ 121.018859736497006, 14.706277878776 ], [ 121.018675441691997, 14.705957036448099 ], [ 121.018522204594007, 14.705701718672 ], [ 121.018305425888997, 14.705453184488301 ], [ 121.017993158349, 14.7050442288888 ], [ 121.017787974303005, 14.704740334126701 ], [ 121.017709592716002, 14.70438671924 ], [ 121.017722649346993, 14.704282778554999 ], [ 121.017906881143006, 14.7039788537882 ], [ 121.017983475104998, 14.7038184192069 ], [ 121.018014796561005, 14.7036014991558 ], [ 121.017970385493996, 14.7034037912257 ], [ 121.018170908779993, 14.703503196177801 ], [ 121.018363880570007, 14.7035737786246 ], [ 121.018565548807999, 14.703592634399699 ], [ 121.019027042082996, 14.703313252285101 ], [ 121.019903548613001, 14.7035547797528 ], [ 121.020163391750998, 14.7034717049706 ], [ 121.021338455944999, 14.7029695349395 ], [ 121.021412233077996, 14.703852861885601 ], [ 121.021780669023002, 14.7039245549961 ], [ 121.022145225228996, 14.7038263652484 ], [ 121.022311838020997, 14.7023579073287 ], [ 121.023207718926997, 14.702380469223799 ], [ 121.024598043636004, 14.7021701146561 ], [ 121.025955432114003, 14.7022171462981 ], [ 121.026312928709004, 14.7019045005782 ], [ 121.026482596272999, 14.7019103832335 ], [ 121.027076343453999, 14.701055053572899 ], [ 121.027252835745003, 14.700690285855201 ], [ 121.027555022960996, 14.7006716133082 ], [ 121.027821592753, 14.7002292050172 ], [ 121.028299134620994, 14.7001930575665 ], [ 121.029038631042994, 14.699033812304201 ], [ 121.029839329243003, 14.6991731526051 ], [ 121.029930190505993, 14.6989195189279 ], [ 121.030051400901996, 14.699037470327299 ], [ 121.030414977055003, 14.6990551107692 ], [ 121.030475588130997, 14.6991553820533 ], [ 121.030802851635997, 14.699391263921401 ], [ 121.031699658161003, 14.6992141924949 ], [ 121.032220822347, 14.6994441618863 ], [ 121.032471114808999, 14.6992649620177 ], [ 121.032627230488004, 14.699316909971699 ], [ 121.032573861242994, 14.6994683079359 ], [ 121.033246250412006, 14.699878322509701 ], [ 121.033507688206001, 14.699779994070299 ], [ 121.034166038718993, 14.6998213744951 ], [ 121.034632596707993, 14.6995676743168 ], [ 121.034893197040006, 14.6998153642761 ], [ 121.035450646327007, 14.6995380589664 ], [ 121.035626373827, 14.6995321391122 ], [ 121.035838392228996, 14.699089729969501 ], [ 121.038819860122999, 14.699696773274299 ], [ 121.039977186509006, 14.6992718971025 ], [ 121.040062060842999, 14.6995019236407 ], [ 121.040789273732003, 14.699796705491 ], [ 121.041334616756004, 14.699619667410101 ], [ 121.042194915615994, 14.6986757760617 ], [ 121.042122067370002, 14.698026979490001 ], [ 121.042400682456005, 14.6973309302488 ], [ 121.044606821260004, 14.6995069870881 ], [ 121.044785715770999, 14.6996879252015 ], [ 121.046230970101007, 14.700480050801101 ], [ 121.047803349275, 14.6994550131602 ], [ 121.047981151214003, 14.6995108237029 ], [ 121.048352723140994, 14.699944979495999 ], [ 121.048130945270003, 14.7007830959031 ], [ 121.047248080635001, 14.7019405509521 ], [ 121.047252468904006, 14.7020954563363 ], [ 121.047356047752999, 14.7023001331105 ], [ 121.047864795820999, 14.7024160886146 ], [ 121.047638686222001, 14.7030388061289 ] ] ] } },
{ "type": "Feature", "properties": { "barangay_name": "San Isidro", "barangay_geom": "POLYGON((121.008019937999 14.6143361563824, 121.005485860628 14.6144028691789, 121.005325112636 14.6138749907802, 121.008583096793 14.6113658963722, 121.009409800248 14.6107269375965, 121.009411118329 14.6107285463618, 121.010941321345 14.6125899366832, 121.009792024587 14.6134652390961, 121.009176859769 14.6139638621511, 121.00874971496 14.6139571269567, 121.008555099439 14.613916525079, 121.007912192876 14.6138048795353, 121.007978220599 14.6139571546283, 121.008019937999 14.6143361563824))" }, "geometry": { "type": "Polygon", "coordinates": [ [ [ 121.008019937998995, 14.6143361563824 ], [ 121.005485860627999, 14.6144028691789 ], [ 121.005325112636001, 14.6138749907802 ], [ 121.008583096793004, 14.611365896372201 ], [ 121.009409800247994, 14.6107269375965 ], [ 121.009411118328998, 14.6107285463618 ], [ 121.010941321345001, 14.6125899366832 ], [ 121.009792024587, 14.613465239096101 ], [ 121.009176859768999, 14.613963862151101 ], [ 121.008749714960004, 14.6139571269567 ], [ 121.008555099438993, 14.613916525079 ], [ 121.007912192876006, 14.6138048795353 ], [ 121.007978220599, 14.6139571546283 ], [ 121.008019937998995, 14.6143361563824 ] ] ] } },
{ "type": "Feature", "properties": { "barangay_name": "San Isidro Labrador", "barangay_geom": "POLYGON((120.997179549721 14.6274593262489, 120.992768455947 14.6235410127637, 120.99276684087 14.6235395756244, 120.993246200319 14.6231731593915, 120.996280764135 14.6208297777708, 120.99912047774 14.6233627344482, 120.997179549721 14.6274593262489))" }, "geometry": { "type": "Polygon", "coordinates": [ [ [ 120.997179549720997, 14.6274593262489 ], [ 120.992768455947001, 14.623541012763701 ], [ 120.992766840870004, 14.623539575624401 ], [ 120.993246200319007, 14.6231731593915 ], [ 120.996280764134994, 14.620829777770799 ], [ 120.999120477739993, 14.6233627344482 ], [ 120.997179549720997, 14.6274593262489 ] ] ] } },
{ "type": "Feature", "properties": { "barangay_name": "San Jose", "barangay_geom": "POLYGON((120.995153603277 14.6438549806871, 120.992642164383 14.6437655804758, 120.992632676995 14.6437652457593, 120.992476333611 14.6433828039763, 120.991011694373 14.6399392297018, 120.992103621597 14.6380096317145, 120.993517971726 14.6375811521973, 120.993586941259 14.6373471438528, 120.99599592262 14.6376425508403, 120.995153603277 14.6438549806871))" }, "geometry": { "type": "Polygon", "coordinates": [ [ [ 120.995153603277004, 14.643854980687101 ], [ 120.992642164383, 14.643765580475799 ], [ 120.992632676995001, 14.643765245759299 ], [ 120.992476333610995, 14.6433828039763 ], [ 120.991011694373, 14.639939229701801 ], [ 120.992103621596996, 14.6380096317145 ], [ 120.993517971726007, 14.637581152197299 ], [ 120.993586941258997, 14.6373471438528 ], [ 120.995995922619997, 14.637642550840299 ], [ 120.995153603277004, 14.643854980687101 ] ] ] } },
{ "type": "Feature", "properties": { "barangay_name": "San Martin de Porres", "barangay_geom": "POLYGON((121.04868723507 14.6144565907881, 121.048923448115 14.6145273022028, 121.049227661631 14.6147267767347, 121.051123647651 14.6162120301925, 121.051514986533 14.6164117537272, 121.052547731782 14.6164517979128, 121.052552001551 14.6164519686781, 121.050229407372 14.621511721545, 121.04894992371 14.6209143545653, 121.049082322994 14.6204869418711, 121.049115785156 14.6201940036493, 121.049089348348 14.618976776626, 121.04905332028 14.618623513326, 121.048971307217 14.618262974806, 121.048761144102 14.6174308175745, 121.048751236361 14.6174136649563, 121.048694277148 14.6173089681738, 121.048650012661 14.6172320343805, 121.048642686321 14.6172193009466, 121.048532141938 14.617072252791, 121.048278119852 14.616688060336, 121.047697007669 14.6159067557027, 121.047022705879 14.6149376796035, 121.047891101793 14.6145277515106, 121.048055333598 14.6144721321735, 121.048240238031 14.6144249773326, 121.048455402628 14.6144254027118, 121.04868723507 14.6144565907881))" }, "geometry": { "type": "Polygon", "coordinates": [ [ [ 121.048687235070005, 14.6144565907881 ], [ 121.048923448115005, 14.6145273022028 ], [ 121.049227661630994, 14.614726776734701 ], [ 121.051123647650996, 14.6162120301925 ], [ 121.051514986532993, 14.616411753727199 ], [ 121.052547731781999, 14.6164517979128 ], [ 121.052552001551007, 14.616451968678099 ], [ 121.050229407372001, 14.621511721545 ], [ 121.048949923709998, 14.620914354565301 ], [ 121.049082322993996, 14.6204869418711 ], [ 121.049115785156005, 14.620194003649299 ], [ 121.049089348348005, 14.618976776626001 ], [ 121.049053320279995, 14.618623513326 ], [ 121.048971307217002, 14.618262974805999 ], [ 121.048761144102002, 14.617430817574499 ], [ 121.048751236360999, 14.617413664956301 ], [ 121.048694277148002, 14.6173089681738 ], [ 121.048650012661, 14.6172320343805 ], [ 121.048642686321003, 14.6172193009466 ], [ 121.048532141937997, 14.617072252791001 ], [ 121.048278119852, 14.616688060335999 ], [ 121.047697007669001, 14.615906755702699 ], [ 121.047022705879002, 14.6149376796035 ], [ 121.047891101792999, 14.6145277515106 ], [ 121.048055333598001, 14.6144721321735 ], [ 121.048240238030999, 14.6144249773326 ], [ 121.048455402627994, 14.614425402711801 ], [ 121.048687235070005, 14.6144565907881 ] ] ] } },
{ "type": "Feature", "properties": { "barangay_name": "San Roque", "barangay_geom": "POLYGON((121.058849625502 14.6215329599672, 121.061197298712 14.6166127660227, 121.06283082189 14.6126876763543, 121.067377942619 14.613856007992, 121.06736606007 14.6138808667457, 121.067325419391 14.6141099993453, 121.067229698188 14.6143037267304, 121.067207624093 14.6143898228828, 121.067181906472 14.6146122266531, 121.06725438969 14.6148276607006, 121.067046664363 14.6148736531512, 121.066771215674 14.6150661846628, 121.066516774955 14.6155166899778, 121.066373217297 14.615879021991, 121.066032322159 14.6166401885647, 121.0650076507 14.6190356248897, 121.064119539298 14.6186596427915, 121.063475301687 14.6201663943759, 121.06206153761 14.6231870924846, 121.060503756303 14.6264487254003, 121.057290915675 14.6248604613716, 121.058849625502 14.6215329599672))" }, "geometry": { "type": "Polygon", "coordinates": [ [ [ 121.058849625502006, 14.621532959967199 ], [ 121.061197298712003, 14.616612766022699 ], [ 121.062830821890003, 14.6126876763543 ], [ 121.067377942619004, 14.613856007992 ], [ 121.06736606007, 14.613880866745699 ], [ 121.067325419390997, 14.614109999345301 ], [ 121.067229698188001, 14.6143037267304 ], [ 121.067207624093001, 14.614389822882799 ], [ 121.067181906472001, 14.614612226653099 ], [ 121.067254389690007, 14.6148276607006 ], [ 121.067046664363005, 14.6148736531512 ], [ 121.066771215673995, 14.615066184662799 ], [ 121.066516774955005, 14.615516689977801 ], [ 121.066373217296999, 14.615879021991001 ], [ 121.066032322159003, 14.6166401885647 ], [ 121.065007650699997, 14.619035624889699 ], [ 121.064119539298005, 14.618659642791499 ], [ 121.063475301687006, 14.6201663943759 ], [ 121.062061537610006, 14.623187092484599 ], [ 121.060503756303007, 14.6264487254003 ], [ 121.057290915674997, 14.6248604613716 ], [ 121.058849625502006, 14.621532959967199 ] ] ] } },
{ "type": "Feature", "properties": { "barangay_name": "San Vicente", "barangay_geom": "POLYGON((121.05520433808 14.652907989033, 121.055224875797 14.6526955848083, 121.055165749793 14.6519569371354, 121.055677872134 14.6519101866915, 121.056204739064 14.651910059998, 121.056635847314 14.6520211532875, 121.057089022907 14.6520246307125, 121.057328504084 14.6520030426598, 121.057560603808 14.6519420041364, 121.057763233795 14.6518666289652, 121.058220024548 14.6516046583205, 121.057694552104 14.6547670086067, 121.057276783266 14.6547456459701, 121.05665969504 14.6546881781475, 121.056243068739 14.6545956370091, 121.05577132595 14.6545031083447, 121.055336421215 14.6544116997441, 121.054973473827 14.6543564264094, 121.054537423011 14.6542830931209, 121.05520433808 14.652907989033))" }, "geometry": { "type": "Polygon", "coordinates": [ [ [ 121.055204338080003, 14.652907989033 ], [ 121.055224875796995, 14.652695584808299 ], [ 121.055165749793005, 14.651956937135401 ], [ 121.055677872133998, 14.6519101866915 ], [ 121.056204739064, 14.651910059998 ], [ 121.056635847313999, 14.6520211532875 ], [ 121.057089022906993, 14.6520246307125 ], [ 121.057328504083998, 14.6520030426598 ], [ 121.057560603808, 14.6519420041364 ], [ 121.057763233795001, 14.6518666289652 ], [ 121.058220024548007, 14.651604658320499 ], [ 121.057694552103996, 14.654767008606701 ], [ 121.057276783266005, 14.654745645970101 ], [ 121.056659695039997, 14.6546881781475 ], [ 121.056243068738993, 14.6545956370091 ], [ 121.055771325950005, 14.6545031083447 ], [ 121.055336421215003, 14.654411699744101 ], [ 121.054973473827005, 14.6543564264094 ], [ 121.054537423010999, 14.654283093120901 ], [ 121.055204338080003, 14.652907989033 ] ] ] } },
{ "type": "Feature", "properties": { "barangay_name": "Sangandaan", "barangay_geom": "POLYGON((121.024832934104 14.672326911238, 121.024848434508 14.6723693351641, 121.024871076815 14.6724313442297, 121.024869525226 14.6725860161039, 121.024869360033 14.6726030713142, 121.024885366442 14.6728506726718, 121.024901584294 14.6729152221702, 121.024911985626 14.673022098451, 121.024988934904 14.6731053144624, 121.025113110565 14.6732396005401, 121.025312713066 14.6734554486153, 121.025390795486 14.6735398845313, 121.025465065861 14.673657120673, 121.025290517097 14.6740480172346, 121.025130948448 14.674156493631, 121.024921483198 14.6742491583259, 121.024633665286 14.6742503188051, 121.024433758966 14.6743090885841, 121.02431161791 14.6743565522452, 121.024127410691 14.6746627423861, 121.023949867811 14.6748706406513, 121.023756380551 14.6751406784186, 121.023757259615 14.6752852904232, 121.023807458812 14.6753519424207, 121.02402739953 14.6754389129874, 121.024169580444 14.6755055553733, 121.024462627685 14.6755925179084, 121.024714491188 14.675781164832, 121.024876710895 14.676033088883, 121.024922563065 14.6761607493221, 121.024843060306 14.6763315085529, 121.02465853531 14.6764612723644, 121.024597054187 14.6767207581399, 121.02446334558 14.6768725607088, 121.024357187781 14.6771414599362, 121.024320314974 14.6773595207232, 121.024330591632 14.6775990424196, 121.024371631522 14.6778685046195, 121.024469003288 14.678155992194, 121.02458190465 14.6784090513699, 121.024810568552 14.6786745257456, 121.025087799909 14.6790117583763, 121.023572008998 14.6793875469568, 121.023240088141 14.6794451992697, 121.021708131718 14.6795922191245, 121.021314123399 14.6796498744801, 121.020754730431 14.6797459565798, 121.020237116204 14.6798216976268, 121.019739519616 14.6798996953826, 121.019035053418 14.6800127323486, 121.017502338128 14.680393083159, 121.016577799593 14.680586488251, 121.016748907349 14.6792397944088, 121.017289803447 14.6774597520276, 121.017131889725 14.6745781509202, 121.016561309158 14.6702095410421, 121.015975682795 14.6686510876255, 121.016822345973 14.6681420743367, 121.017262734864 14.6680535303453, 121.017399093975 14.667846073991, 121.017596522353 14.6677326018245, 121.017754973919 14.6679442206762, 121.017939225988 14.6681486700841, 121.01824139582 14.6684499641262, 121.018554618026 14.6687907088945, 121.018590523165 14.6688268229165, 121.018870735929 14.6691086494623, 121.018886269797 14.6691242753535, 121.01912211527 14.6694219854137, 121.019260250814 14.6696854935296, 121.019280744601 14.6697245913446, 121.019306382738 14.6697735042811, 121.019479568786 14.6698488146895, 121.019567168732 14.6698812366076, 121.019741189561 14.6699456466081, 121.01980153856 14.6699593525141, 121.019962280475 14.669995844294, 121.020279157401 14.6699456002834, 121.020544455464 14.66994557698, 121.021266665929 14.6700029049588, 121.021528279255 14.670013645437, 121.021852539303 14.6700817636505, 121.02201798056 14.6701289548653, 121.022066260193 14.6701427245938, 121.022274118058 14.6702484072119, 121.0223131512 14.6702682514857, 121.022582149855 14.6704081196842, 121.022843779352 14.6705695083898, 121.023127514031 14.6707201390703, 121.023219647648 14.6708600240603, 121.02339791337 14.6711877334557, 121.023418667892 14.6712258908945, 121.023514486162 14.6714375120502, 121.023572933526 14.6717208465009, 121.023590132788 14.6718509324109, 121.023591916823 14.6718643721202, 121.023783532338 14.6719970703723, 121.023941986212 14.6720616234164, 121.02414097075 14.6721656241416, 121.02427731521 14.6721978945936, 121.024421013859 14.6721548393487, 121.024572082234 14.672093842293, 121.024682625868 14.6721296943847, 121.02474211631 14.672178856182, 121.024794754275 14.6722223426691, 121.024832934104 14.672326911238))" }, "geometry": { "type": "Polygon", "coordinates": [ [ [ 121.024832934103998, 14.672326911238001 ], [ 121.024848434508002, 14.672369335164101 ], [ 121.024871076815003, 14.6724313442297 ], [ 121.024869525225995, 14.672586016103899 ], [ 121.024869360032994, 14.672603071314199 ], [ 121.024885366442007, 14.6728506726718 ], [ 121.024901584294, 14.6729152221702 ], [ 121.024911985626005, 14.673022098451 ], [ 121.024988934904002, 14.673105314462401 ], [ 121.025113110565002, 14.6732396005401 ], [ 121.025312713066, 14.6734554486153 ], [ 121.025390795486004, 14.6735398845313 ], [ 121.025465065860999, 14.673657120673001 ], [ 121.025290517097005, 14.6740480172346 ], [ 121.025130948447995, 14.674156493630999 ], [ 121.024921483198, 14.6742491583259 ], [ 121.024633665286004, 14.6742503188051 ], [ 121.024433758965998, 14.674309088584099 ], [ 121.024311617910001, 14.6743565522452 ], [ 121.024127410690994, 14.674662742386101 ], [ 121.023949867810998, 14.674870640651299 ], [ 121.023756380551006, 14.6751406784186 ], [ 121.023757259614996, 14.675285290423201 ], [ 121.023807458812001, 14.675351942420701 ], [ 121.024027399529999, 14.675438912987399 ], [ 121.024169580443996, 14.6755055553733 ], [ 121.024462627684997, 14.675592517908401 ], [ 121.024714491188007, 14.675781164831999 ], [ 121.024876710895001, 14.676033088883001 ], [ 121.024922563065005, 14.676160749322101 ], [ 121.024843060305997, 14.6763315085529 ], [ 121.024658535309996, 14.676461272364399 ], [ 121.024597054186998, 14.676720758139901 ], [ 121.024463345580003, 14.6768725607088 ], [ 121.024357187781007, 14.6771414599362 ], [ 121.024320314974005, 14.677359520723201 ], [ 121.024330591631994, 14.677599042419599 ], [ 121.024371631522001, 14.6778685046195 ], [ 121.024469003288004, 14.678155992194 ], [ 121.024581904650006, 14.678409051369901 ], [ 121.024810568551999, 14.678674525745601 ], [ 121.025087799909002, 14.6790117583763 ], [ 121.023572008998002, 14.6793875469568 ], [ 121.023240088140994, 14.679445199269701 ], [ 121.021708131718, 14.679592219124499 ], [ 121.021314123398994, 14.6796498744801 ], [ 121.020754730430994, 14.679745956579801 ], [ 121.020237116204001, 14.679821697626799 ], [ 121.019739519615996, 14.6798996953826 ], [ 121.019035053417994, 14.680012732348599 ], [ 121.017502338127997, 14.680393083159 ], [ 121.016577799592994, 14.680586488251 ], [ 121.016748907348997, 14.679239794408799 ], [ 121.017289803446999, 14.6774597520276 ], [ 121.017131889724993, 14.674578150920199 ], [ 121.016561309158007, 14.6702095410421 ], [ 121.015975682795002, 14.6686510876255 ], [ 121.016822345972997, 14.6681420743367 ], [ 121.017262734864005, 14.668053530345301 ], [ 121.017399093975001, 14.667846073991001 ], [ 121.017596522353003, 14.6677326018245 ], [ 121.017754973918997, 14.667944220676199 ], [ 121.017939225988002, 14.668148670084101 ], [ 121.018241395819999, 14.6684499641262 ], [ 121.018554618026002, 14.6687907088945 ], [ 121.018590523165003, 14.6688268229165 ], [ 121.018870735928999, 14.6691086494623 ], [ 121.018886269796994, 14.6691242753535 ], [ 121.019122115269994, 14.669421985413701 ], [ 121.019260250814, 14.669685493529601 ], [ 121.019280744601005, 14.6697245913446 ], [ 121.019306382737994, 14.6697735042811 ], [ 121.019479568785997, 14.6698488146895 ], [ 121.019567168731996, 14.669881236607599 ], [ 121.019741189561003, 14.669945646608101 ], [ 121.019801538560003, 14.6699593525141 ], [ 121.019962280474999, 14.669995844294 ], [ 121.020279157401006, 14.6699456002834 ], [ 121.020544455464005, 14.66994557698 ], [ 121.021266665929005, 14.6700029049588 ], [ 121.021528279254994, 14.670013645437001 ], [ 121.021852539302998, 14.670081763650501 ], [ 121.022017980559994, 14.6701289548653 ], [ 121.022066260193, 14.6701427245938 ], [ 121.022274118057993, 14.670248407211901 ], [ 121.022313151199995, 14.6702682514857 ], [ 121.022582149854998, 14.6704081196842 ], [ 121.022843779352002, 14.6705695083898 ], [ 121.023127514031003, 14.670720139070299 ], [ 121.023219647648006, 14.6708600240603 ], [ 121.023397913370005, 14.671187733455699 ], [ 121.023418667892003, 14.671225890894499 ], [ 121.023514486162, 14.671437512050201 ], [ 121.023572933525998, 14.6717208465009 ], [ 121.023590132788001, 14.6718509324109 ], [ 121.023591916822994, 14.671864372120201 ], [ 121.023783532338001, 14.671997070372299 ], [ 121.023941986211995, 14.672061623416401 ], [ 121.024140970749997, 14.6721656241416 ], [ 121.02427731521, 14.6721978945936 ], [ 121.024421013858998, 14.6721548393487 ], [ 121.024572082234002, 14.672093842293 ], [ 121.024682625867996, 14.672129694384701 ], [ 121.024742116309994, 14.672178856182001 ], [ 121.024794754275007, 14.6722223426691 ], [ 121.024832934103998, 14.672326911238001 ] ] ] } },
{ "type": "Feature", "properties": { "barangay_name": "Santol", "barangay_geom": "POLYGON((121.017925200794 14.6064591734081, 121.017755771994 14.6066600627852, 121.017416907862 14.6071084788344, 121.017265905752 14.6074743698294, 121.017177543214 14.6080554853425, 121.017177547671 14.6081128785979, 121.016887033565 14.614584001163, 121.016772893609 14.6153193566725, 121.015851942887 14.6152835571176, 121.015023082324 14.6151616491391, 121.012138640405 14.6145520118783, 121.013164471934 14.6112883239163, 121.013324574336 14.6105272352327, 121.01342339866 14.6096309097392, 121.013670768724 14.6092215233291, 121.013784944931 14.6089524823531, 121.01379966381 14.6087731253083, 121.014069898857 14.6071424718282, 121.014071717867 14.6071394981149, 121.017580794997 14.6044398332805, 121.018776047023 14.6056053839204, 121.017925200794 14.6064591734081))" }, "geometry": { "type": "Polygon", "coordinates": [ [ [ 121.017925200793997, 14.6064591734081 ], [ 121.017755771994004, 14.606660062785201 ], [ 121.017416907862, 14.6071084788344 ], [ 121.017265905751998, 14.607474369829401 ], [ 121.017177543214004, 14.608055485342501 ], [ 121.017177547670997, 14.6081128785979 ], [ 121.016887033564998, 14.614584001162999 ], [ 121.016772893609001, 14.615319356672501 ], [ 121.015851942886997, 14.6152835571176 ], [ 121.015023082324007, 14.6151616491391 ], [ 121.012138640404999, 14.614552011878301 ], [ 121.013164471934004, 14.6112883239163 ], [ 121.013324574335996, 14.6105272352327 ], [ 121.013423398659995, 14.609630909739201 ], [ 121.013670768723998, 14.609221523329101 ], [ 121.013784944931004, 14.6089524823531 ], [ 121.013799663810005, 14.6087731253083 ], [ 121.014069898857002, 14.607142471828199 ], [ 121.014071717866997, 14.607139498114901 ], [ 121.017580794997002, 14.6044398332805 ], [ 121.018776047022996, 14.6056053839204 ], [ 121.017925200793997, 14.6064591734081 ] ] ] } },
{ "type": "Feature", "properties": { "barangay_name": "Sauyo", "barangay_geom": "POLYGON((121.046224408994 14.6978492477123, 121.045828953433 14.6975042734133, 121.046003077212 14.6970766128431, 121.046533349126 14.697341932989, 121.046730217877 14.6970322343789, 121.047063540224 14.6972238589648, 121.047267986598 14.6969215245234, 121.046278633785 14.6963392728597, 121.046495169759 14.6959042282163, 121.046320609751 14.6942527329009, 121.043146933863 14.6943049531192, 121.043095413734 14.6945147673478, 121.042443038291 14.6940867009972, 121.041917673551 14.6947521917036, 121.04142109482 14.6947522808861, 121.041314202514 14.6946054556674, 121.040811332276 14.6945749502233, 121.040673083523 14.6947768887707, 121.040145023649 14.6945016488449, 121.038742241914 14.6939517748329, 121.038152246658 14.6935291269706, 121.038127264511 14.6944652758559, 121.037844410482 14.6944897977172, 121.037140449234 14.6947897189253, 121.036813639701 14.6951018162348, 121.036389222968 14.6950289897857, 121.036290445815 14.6952550516291, 121.036102670399 14.695154078597, 121.035578837717 14.6945770227098, 121.03533673795 14.6946684363148, 121.033577796357 14.6949332197061, 121.033449322907 14.6948610950314, 121.033333991989 14.6948135072191, 121.033261528026 14.6946206506115, 121.033276318264 14.6944282695454, 121.033280221147 14.6942644418389, 121.03324886943 14.694172934148, 121.033248284857 14.6941141856677, 121.033246595931 14.6938751786716, 121.033211919624 14.6932884300661, 121.030349133387 14.6933372942442, 121.030709291248 14.6916843783379, 121.031325191185 14.6887148352391, 121.031507331787 14.6877113665111, 121.03165806134 14.6868486273401, 121.031827038298 14.68594700297, 121.031986846039 14.6847010856965, 121.032009608759 14.6841003825037, 121.032068975165 14.6821185122073, 121.03243901339 14.6823239092658, 121.03256295782 14.6826492689061, 121.032877220668 14.6828356385165, 121.033061268689 14.6834829769773, 121.032785958502 14.6837586826048, 121.032908698021 14.6837790012998, 121.03298675633 14.6838445175253, 121.033045654711 14.6838128752797, 121.033289083347 14.6838015426943, 121.03346870849 14.6839257927882, 121.033574909585 14.68393142636, 121.033631790582 14.6840048538963, 121.033749884491 14.6840635853743, 121.033743831395 14.6843098785198, 121.033942013203 14.6843448728429, 121.034135262757 14.6848453917193, 121.034323842184 14.684984417356, 121.034158177667 14.685262548666, 121.034106781081 14.6854127267024, 121.034175195377 14.6855514446983, 121.035489631249 14.6860465885997, 121.035586786303 14.6862023117543, 121.035605780653 14.6863578932172, 121.035620312625 14.6864787775334, 121.035797903449 14.686575911363, 121.035923276033 14.6867318017423, 121.036127597704 14.6870492384237, 121.03630459195 14.6870718064244, 121.036438268806 14.6869085547585, 121.036901102166 14.6869362923281, 121.037072525438 14.6870141385405, 121.037301119659 14.687219893737, 121.037506819527 14.6872198605916, 121.037661108833 14.6873310783368, 121.037935408294 14.6875034562793, 121.038232551846 14.6876368933723, 121.038455408775 14.6877314146798, 121.038849678155 14.6877814028278, 121.039181129713 14.6880650124331, 121.039364000801 14.6881817827293, 121.03950113055 14.6881762009127, 121.039683955736 14.6880371163325, 121.039878212369 14.6879592185611, 121.040107854853 14.6880891128011, 121.040287472856 14.6881342729183, 121.040516104411 14.688066446288, 121.040728376055 14.6878506571985, 121.040948360463 14.6878200240364, 121.04119239996 14.6879256108235, 121.041512410001 14.6880812918061, 121.041735277225 14.6882203052322, 121.04196045184 14.6883338030612, 121.042130170934 14.6883704856663, 121.042287313423 14.6883826948732, 121.042375293671 14.6883092521313, 121.042466674916 14.6882980370458, 121.042660964232 14.6883925595291, 121.042984893831 14.6887359620782, 121.043118172384 14.6888819321102, 121.04328388138 14.6889208380213, 121.043406279987 14.6889821125322, 121.043651427335 14.6890432464281, 121.04382148116 14.6890781291187, 121.043920715321 14.6890543849725, 121.044088139051 14.6890769488393, 121.044232433174 14.6891431355573, 121.044329588249 14.6892154229691, 121.044503960587 14.6892079240105, 121.044745210849 14.6894162724018, 121.044418575826 14.6904993245115, 121.045053449781 14.6906032142253, 121.044594895737 14.6920778828902, 121.045996615306 14.6920653715086, 121.046204235737 14.6929647527038, 121.046198034484 14.6933685825078, 121.056508322127 14.6933798490374, 121.060303486931 14.6933862960858, 121.06029825477 14.6950961964055, 121.058091043707 14.6951134170091, 121.058237441464 14.704103187088, 121.05856682664 14.7041124677363, 121.058550173254 14.7058390268349, 121.058247857387 14.7057391763214, 121.057948672209 14.7053619323396, 121.057822994371 14.7052749707584, 121.057243894718 14.7053008462891, 121.057194190291 14.7044535154819, 121.052805600459 14.7044608379847, 121.052715246553 14.7041354460834, 121.051177398168 14.7041163493532, 121.050982805385 14.7046704267337, 121.050837870934 14.7040969918418, 121.050742972197 14.7039414917833, 121.050982543729 14.7035429255366, 121.050966194987 14.7034372993177, 121.050887622338 14.7033291108635, 121.050737813744 14.7032368000752, 121.050378256475 14.7029647282626, 121.050178503817 14.7028043881411, 121.04955932301 14.7025809696507, 121.049058451373 14.7025221468713, 121.04878030789 14.702056257529, 121.047864795821 14.7024160886146, 121.047356047753 14.7023001331105, 121.047252468904 14.7020954563363, 121.047248080635 14.7019405509521, 121.04813094527 14.7007830959031, 121.048352723141 14.699944979496, 121.047981151214 14.6995108237029, 121.047803349275 14.6994550131602, 121.046230970101 14.7004800508011, 121.044785715771 14.6996879252015, 121.04460682126 14.6995069870881, 121.046224408994 14.6978492477123))" }, "geometry": { "type": "Polygon", "coordinates": [ [ [ 121.046224408993993, 14.6978492477123 ], [ 121.045828953433002, 14.697504273413299 ], [ 121.046003077212006, 14.6970766128431 ], [ 121.046533349125994, 14.697341932989 ], [ 121.046730217876998, 14.6970322343789 ], [ 121.047063540224002, 14.697223858964801 ], [ 121.047267986598001, 14.6969215245234 ], [ 121.046278633784993, 14.696339272859699 ], [ 121.046495169758998, 14.6959042282163 ], [ 121.046320609751007, 14.6942527329009 ], [ 121.043146933863, 14.6943049531192 ], [ 121.043095413733994, 14.694514767347799 ], [ 121.042443038290997, 14.6940867009972 ], [ 121.041917673550998, 14.6947521917036 ], [ 121.041421094819995, 14.6947522808861 ], [ 121.041314202514002, 14.6946054556674 ], [ 121.040811332275993, 14.6945749502233 ], [ 121.040673083523004, 14.694776888770701 ], [ 121.040145023649004, 14.6945016488449 ], [ 121.038742241913994, 14.6939517748329 ], [ 121.038152246658001, 14.693529126970599 ], [ 121.038127264511004, 14.694465275855899 ], [ 121.037844410481995, 14.6944897977172 ], [ 121.037140449234002, 14.6947897189253 ], [ 121.036813639700995, 14.6951018162348 ], [ 121.036389222967998, 14.695028989785699 ], [ 121.036290445814998, 14.695255051629101 ], [ 121.036102670399004, 14.695154078597 ], [ 121.035578837716997, 14.694577022709799 ], [ 121.035336737950004, 14.694668436314799 ], [ 121.033577796356994, 14.694933219706099 ], [ 121.033449322907003, 14.694861095031399 ], [ 121.033333991988997, 14.6948135072191 ], [ 121.033261528026003, 14.694620650611499 ], [ 121.033276318264001, 14.6944282695454 ], [ 121.033280221146995, 14.6942644418389 ], [ 121.033248869429997, 14.694172934148 ], [ 121.033248284856995, 14.694114185667701 ], [ 121.033246595931004, 14.6938751786716 ], [ 121.033211919623994, 14.693288430066101 ], [ 121.030349133387006, 14.6933372942442 ], [ 121.030709291248002, 14.6916843783379 ], [ 121.031325191185005, 14.6887148352391 ], [ 121.031507331786997, 14.687711366511101 ], [ 121.031658061339996, 14.686848627340099 ], [ 121.031827038298005, 14.68594700297 ], [ 121.031986846039004, 14.684701085696499 ], [ 121.032009608758997, 14.684100382503701 ], [ 121.032068975165004, 14.6821185122073 ], [ 121.032439013390004, 14.682323909265801 ], [ 121.032562957820005, 14.682649268906101 ], [ 121.032877220667999, 14.682835638516501 ], [ 121.033061268688996, 14.683482976977301 ], [ 121.032785958502004, 14.6837586826048 ], [ 121.032908698021004, 14.683779001299801 ], [ 121.032986756330004, 14.6838445175253 ], [ 121.033045654711003, 14.683812875279701 ], [ 121.033289083347, 14.683801542694299 ], [ 121.033468708490005, 14.6839257927882 ], [ 121.033574909584999, 14.683931426359999 ], [ 121.033631790582007, 14.684004853896299 ], [ 121.033749884491002, 14.6840635853743 ], [ 121.033743831395, 14.6843098785198 ], [ 121.033942013203003, 14.6843448728429 ], [ 121.034135262757005, 14.6848453917193 ], [ 121.034323842183994, 14.684984417356 ], [ 121.034158177666995, 14.685262548666 ], [ 121.034106781080993, 14.685412726702401 ], [ 121.034175195377003, 14.6855514446983 ], [ 121.035489631249007, 14.6860465885997 ], [ 121.035586786303, 14.6862023117543 ], [ 121.035605780653, 14.686357893217201 ], [ 121.035620312624999, 14.6864787775334 ], [ 121.035797903448994, 14.686575911363001 ], [ 121.035923276033003, 14.686731801742299 ], [ 121.036127597703995, 14.6870492384237 ], [ 121.03630459195, 14.687071806424401 ], [ 121.036438268805995, 14.686908554758499 ], [ 121.036901102165999, 14.686936292328101 ], [ 121.037072525438006, 14.6870141385405 ], [ 121.037301119659006, 14.687219893737 ], [ 121.037506819526996, 14.6872198605916 ], [ 121.037661108833007, 14.687331078336801 ], [ 121.037935408294004, 14.6875034562793 ], [ 121.038232551845994, 14.6876368933723 ], [ 121.038455408774993, 14.687731414679799 ], [ 121.038849678155003, 14.687781402827801 ], [ 121.039181129713, 14.6880650124331 ], [ 121.039364000801001, 14.6881817827293 ], [ 121.039501130549993, 14.6881762009127 ], [ 121.039683955735995, 14.688037116332501 ], [ 121.039878212369004, 14.687959218561099 ], [ 121.040107854853005, 14.6880891128011 ], [ 121.040287472855994, 14.688134272918299 ], [ 121.040516104410997, 14.688066446288 ], [ 121.040728376055, 14.687850657198499 ], [ 121.040948360463005, 14.6878200240364 ], [ 121.041192399959996, 14.6879256108235 ], [ 121.041512410001005, 14.6880812918061 ], [ 121.041735277225001, 14.6882203052322 ], [ 121.041960451839998, 14.6883338030612 ], [ 121.042130170934001, 14.688370485666301 ], [ 121.042287313423003, 14.6883826948732 ], [ 121.042375293671, 14.688309252131299 ], [ 121.042466674916, 14.688298037045801 ], [ 121.042660964231999, 14.688392559529101 ], [ 121.042984893831004, 14.6887359620782 ], [ 121.043118172383998, 14.688881932110201 ], [ 121.043283881380006, 14.6889208380213 ], [ 121.043406279986996, 14.6889821125322 ], [ 121.043651427335007, 14.689043246428101 ], [ 121.043821481159995, 14.6890781291187 ], [ 121.043920715320994, 14.689054384972501 ], [ 121.044088139050999, 14.6890769488393 ], [ 121.044232433174002, 14.6891431355573 ], [ 121.044329588248999, 14.689215422969101 ], [ 121.044503960586994, 14.6892079240105 ], [ 121.044745210849001, 14.6894162724018 ], [ 121.044418575826001, 14.690499324511499 ], [ 121.045053449780994, 14.6906032142253 ], [ 121.044594895737006, 14.692077882890199 ], [ 121.045996615305995, 14.692065371508599 ], [ 121.046204235736994, 14.6929647527038 ], [ 121.046198034483993, 14.6933685825078 ], [ 121.056508322127002, 14.693379849037401 ], [ 121.060303486931005, 14.6933862960858 ], [ 121.060298254770004, 14.695096196405499 ], [ 121.058091043706995, 14.6951134170091 ], [ 121.058237441464001, 14.704103187088 ], [ 121.058566826640003, 14.7041124677363 ], [ 121.058550173254005, 14.7058390268349 ], [ 121.058247857387002, 14.7057391763214 ], [ 121.057948672208994, 14.705361932339599 ], [ 121.057822994370994, 14.705274970758399 ], [ 121.057243894717999, 14.7053008462891 ], [ 121.057194190291, 14.7044535154819 ], [ 121.052805600458996, 14.704460837984699 ], [ 121.052715246553007, 14.7041354460834 ], [ 121.051177398167994, 14.7041163493532 ], [ 121.050982805385004, 14.704670426733699 ], [ 121.050837870934004, 14.7040969918418 ], [ 121.050742972197, 14.703941491783301 ], [ 121.050982543729006, 14.703542925536601 ], [ 121.050966194986998, 14.7034372993177 ], [ 121.050887622337996, 14.7033291108635 ], [ 121.050737813744007, 14.703236800075199 ], [ 121.050378256475, 14.7029647282626 ], [ 121.050178503816994, 14.7028043881411 ], [ 121.049559323010001, 14.7025809696507 ], [ 121.049058451373, 14.702522146871299 ], [ 121.048780307889999, 14.702056257529 ], [ 121.047864795820999, 14.7024160886146 ], [ 121.047356047752999, 14.7023001331105 ], [ 121.047252468904006, 14.7020954563363 ], [ 121.047248080635001, 14.7019405509521 ], [ 121.048130945270003, 14.7007830959031 ], [ 121.048352723140994, 14.699944979495999 ], [ 121.047981151214003, 14.6995108237029 ], [ 121.047803349275, 14.6994550131602 ], [ 121.046230970101007, 14.700480050801101 ], [ 121.044785715770999, 14.6996879252015 ], [ 121.044606821260004, 14.6995069870881 ], [ 121.046224408993993, 14.6978492477123 ] ] ] } },
{ "type": "Feature", "properties": { "barangay_name": "Sienna", "barangay_geom": "POLYGON((121.001855208338 14.6326468542654, 121.008880747109 14.6358783412999, 121.008743285692 14.6367866942951, 121.008716896123 14.6370634927947, 121.008619437449 14.637361759855, 121.008475561346 14.6375922414199, 121.0082603279 14.6378430615759, 121.008045666954 14.6380238347979, 121.007711778986 14.6383006435774, 121.007192626552 14.6387466724356, 121.007037902776 14.6388901599322, 121.006923691595 14.6390946274283, 121.005516332421 14.6389045447115, 121.003518791945 14.638641939954, 121.001062474398 14.6383361085563, 121.001855208338 14.6326468542654))" }, "geometry": { "type": "Polygon", "coordinates": [ [ [ 121.001855208338, 14.632646854265399 ], [ 121.008880747109004, 14.6358783412999 ], [ 121.008743285692006, 14.6367866942951 ], [ 121.008716896123005, 14.637063492794701 ], [ 121.008619437448999, 14.637361759855001 ], [ 121.008475561346003, 14.637592241419901 ], [ 121.008260327900004, 14.6378430615759 ], [ 121.008045666954004, 14.638023834797901 ], [ 121.007711778986007, 14.6383006435774 ], [ 121.007192626551998, 14.6387466724356 ], [ 121.007037902776005, 14.638890159932201 ], [ 121.006923691595006, 14.6390946274283 ], [ 121.005516332420996, 14.638904544711499 ], [ 121.003518791944998, 14.638641939954001 ], [ 121.001062474397997, 14.638336108556301 ], [ 121.001855208338, 14.632646854265399 ] ] ] } },
{ "type": "Feature", "properties": { "barangay_name": "Sikatuna Village", "barangay_geom": "POLYGON((121.057918775752 14.6408937360463, 121.057723487116 14.6407825866037, 121.057620297537 14.6406785815737, 121.057572357699 14.6404920704642, 121.057645740075 14.6393549463221, 121.056488898946 14.6393337097353, 121.056499798869 14.6387239033326, 121.056488729427 14.6381635687428, 121.056407483085 14.6373923699445, 121.056326252881 14.6366821523535, 121.056222959908 14.6361620512615, 121.056101247568 14.6356311899416, 121.056311200587 14.6354625481676, 121.056790082825 14.6352472032336, 121.056915332998 14.6352005441515, 121.057033106935 14.634744958724, 121.057220899392 14.6343575046908, 121.057323958254 14.6340059443178, 121.061698197955 14.6352733134931, 121.06141481704 14.6363244050734, 121.061551199441 14.636586226168, 121.061602820342 14.636715342449, 121.061628695278 14.6370274184272, 121.062037646121 14.6370703501277, 121.061548308355 14.6429625432192, 121.059916150394 14.6428338392071, 121.060059355238 14.6410725492393, 121.058287214467 14.6409438607666, 121.057918775752 14.6408937360463))" }, "geometry": { "type": "Polygon", "coordinates": [ [ [ 121.057918775752, 14.6408937360463 ], [ 121.057723487115993, 14.6407825866037 ], [ 121.057620297536999, 14.640678581573701 ], [ 121.057572357699001, 14.6404920704642 ], [ 121.057645740075003, 14.639354946322101 ], [ 121.056488898946, 14.6393337097353 ], [ 121.056499798868998, 14.6387239033326 ], [ 121.056488729427002, 14.638163568742799 ], [ 121.056407483084996, 14.6373923699445 ], [ 121.056326252880993, 14.636682152353499 ], [ 121.056222959907998, 14.6361620512615 ], [ 121.056101247567995, 14.6356311899416 ], [ 121.056311200587004, 14.635462548167601 ], [ 121.056790082825003, 14.6352472032336 ], [ 121.056915332998003, 14.6352005441515 ], [ 121.057033106934995, 14.634744958723999 ], [ 121.057220899391993, 14.634357504690801 ], [ 121.057323958254003, 14.634005944317799 ], [ 121.061698197954996, 14.6352733134931 ], [ 121.061414817040003, 14.636324405073401 ], [ 121.061551199440999, 14.636586226167999 ], [ 121.061602820342003, 14.636715342449 ], [ 121.061628695278003, 14.6370274184272 ], [ 121.062037646120999, 14.637070350127701 ], [ 121.061548308355, 14.6429625432192 ], [ 121.059916150394002, 14.6428338392071 ], [ 121.060059355237996, 14.641072549239301 ], [ 121.058287214467001, 14.640943860766599 ], [ 121.057918775752, 14.6408937360463 ] ] ] } },
{ "type": "Feature", "properties": { "barangay_name": "Silangan", "barangay_geom": "POLYGON((121.057290915675 14.6248604613716, 121.060503756303 14.6264487254003, 121.062682566223 14.6275254773509, 121.062606323463 14.6277017444777, 121.062583482462 14.6279423950433, 121.0625797621 14.6281457575282, 121.062534951838 14.6283953528471, 121.062446568309 14.6285101628109, 121.062188744074 14.6287003431223, 121.061905155392 14.6290053162477, 121.061444699577 14.629222745695, 121.060997714551 14.6293155056058, 121.060529827909 14.6293856743726, 121.059941159805 14.6290242950702, 121.059236766124 14.6287239521616, 121.058686206577 14.6287466872196, 121.058197963217 14.6286033268691, 121.057670515937 14.6283006753607, 121.057495604631 14.6282973292335, 121.057344198037 14.6283708026455, 121.057239511526 14.6284849367842, 121.057198646671 14.6286160020058, 121.057219264586 14.6287289755497, 121.057331024746 14.6290091350136, 121.057241293275 14.6292351956276, 121.057086592979 14.6293536080462, 121.056913451876 14.6293787587734, 121.056662934224 14.6293429468753, 121.056290828233 14.6292856439542, 121.055912862206 14.6291800773847, 121.055578077577 14.6290321555208, 121.055362375501 14.6289809688222, 121.055321843722 14.6289271735187, 121.057290915675 14.6248604613716))" }, "geometry": { "type": "Polygon", "coordinates": [ [ [ 121.057290915674997, 14.6248604613716 ], [ 121.060503756303007, 14.6264487254003 ], [ 121.062682566223003, 14.6275254773509 ], [ 121.062606323463001, 14.627701744477701 ], [ 121.062583482462003, 14.6279423950433 ], [ 121.0625797621, 14.6281457575282 ], [ 121.062534951838003, 14.6283953528471 ], [ 121.062446568308999, 14.628510162810899 ], [ 121.062188744074007, 14.628700343122301 ], [ 121.061905155391997, 14.629005316247699 ], [ 121.061444699576995, 14.629222745694999 ], [ 121.060997714550993, 14.629315505605801 ], [ 121.060529827908994, 14.6293856743726 ], [ 121.059941159805007, 14.629024295070201 ], [ 121.059236766124002, 14.6287239521616 ], [ 121.058686206576994, 14.6287466872196 ], [ 121.058197963216998, 14.628603326869101 ], [ 121.057670515937005, 14.6283006753607 ], [ 121.057495604631001, 14.628297329233501 ], [ 121.057344198037001, 14.628370802645501 ], [ 121.057239511526006, 14.628484936784201 ], [ 121.057198646670997, 14.628616002005799 ], [ 121.057219264585996, 14.6287289755497 ], [ 121.057331024746006, 14.6290091350136 ], [ 121.057241293274998, 14.629235195627601 ], [ 121.057086592979005, 14.6293536080462 ], [ 121.056913451875999, 14.629378758773401 ], [ 121.056662934223993, 14.629342946875299 ], [ 121.056290828233003, 14.6292856439542 ], [ 121.055912862206, 14.629180077384699 ], [ 121.055578077576996, 14.6290321555208 ], [ 121.055362375501005, 14.6289809688222 ], [ 121.055321843721998, 14.628927173518701 ], [ 121.057290915674997, 14.6248604613716 ] ] ] } },
{ "type": "Feature", "properties": { "barangay_name": "Socorro", "barangay_geom": "POLYGON((121.05512127246 14.6108631208186, 121.06283082189 14.6126876763543, 121.061198534425 14.6166171131193, 121.058850861194 14.6215372980362, 121.057292151355 14.6248647994477, 121.050229407372 14.621511721545, 121.052551509583 14.616451878406, 121.053123660904 14.6152092989744, 121.054142175387 14.612990713342, 121.055120102886 14.6108628409077, 121.055120140013 14.6108628408989, 121.05512127246 14.6108631208186))" }, "geometry": { "type": "Polygon", "coordinates": [ [ [ 121.055121272459999, 14.6108631208186 ], [ 121.062830821890003, 14.6126876763543 ], [ 121.061198534425003, 14.6166171131193 ], [ 121.058850861194003, 14.6215372980362 ], [ 121.057292151355, 14.6248647994477 ], [ 121.050229407372001, 14.621511721545 ], [ 121.052551509582997, 14.616451878406 ], [ 121.053123660904006, 14.615209298974399 ], [ 121.054142175387, 14.612990713342001 ], [ 121.055120102885994, 14.6108628409077 ], [ 121.055120140013003, 14.6108628408989 ], [ 121.055121272459999, 14.6108631208186 ] ] ] } },
{ "type": "Feature", "properties": { "barangay_name": "South Triangle", "barangay_geom": "POLYGON((121.026534487975 14.6367491934743, 121.029205271796 14.6361801939343, 121.031124655728 14.6357638407035, 121.035434930843 14.6348162383158, 121.037649005057 14.6343172848066, 121.04170135774 14.6334628740752, 121.045028642961 14.632783063474, 121.037556564562 14.6442302440799, 121.025955950792 14.6369015809048, 121.026534487975 14.6367491934743))" }, "geometry": { "type": "Polygon", "coordinates": [ [ [ 121.026534487974999, 14.6367491934743 ], [ 121.029205271796002, 14.636180193934299 ], [ 121.031124655727993, 14.6357638407035 ], [ 121.035434930842996, 14.6348162383158 ], [ 121.037649005057006, 14.634317284806601 ], [ 121.041701357739996, 14.6334628740752 ], [ 121.045028642961, 14.632783063473999 ], [ 121.037556564561996, 14.6442302440799 ], [ 121.025955950791996, 14.6369015809048 ], [ 121.026534487974999, 14.6367491934743 ] ] ] } },
{ "type": "Feature", "properties": { "barangay_name": "St. Ignatius", "barangay_geom": "POLYGON((121.073049367873 14.6147952322305, 121.071262622946 14.6144263176267, 121.07080220616 14.6146129902613, 121.069984610928 14.6144506381118, 121.070624157103 14.6107676910057, 121.070636600049 14.6106682478578, 121.070629569643 14.6106553975238, 121.071705193435 14.6105869114954, 121.071970424627 14.6106011735853, 121.072088315951 14.6106405983956, 121.072294611503 14.6106656429401, 121.075772272209 14.6107030151013, 121.075676106647 14.6108742136363, 121.075461712226 14.6115973470246, 121.074807280892 14.6148386190795, 121.075035690257 14.6148636540763, 121.074748796548 14.6161873775371, 121.074258974708 14.6162942582503, 121.073860157005 14.6158567596975, 121.073049367873 14.6147952322305))" }, "geometry": { "type": "Polygon", "coordinates": [ [ [ 121.073049367872997, 14.614795232230501 ], [ 121.071262622945994, 14.6144263176267 ], [ 121.070802206159996, 14.6146129902613 ], [ 121.069984610928003, 14.6144506381118 ], [ 121.070624157102998, 14.6107676910057 ], [ 121.070636600048999, 14.6106682478578 ], [ 121.070629569643003, 14.6106553975238 ], [ 121.071705193434994, 14.6105869114954 ], [ 121.071970424626997, 14.6106011735853 ], [ 121.072088315951007, 14.6106405983956 ], [ 121.072294611502997, 14.6106656429401 ], [ 121.075772272208994, 14.610703015101301 ], [ 121.075676106646995, 14.610874213636301 ], [ 121.075461712226002, 14.611597347024601 ], [ 121.074807280892003, 14.614838619079499 ], [ 121.075035690256996, 14.6148636540763 ], [ 121.074748796547993, 14.6161873775371 ], [ 121.074258974708002, 14.616294258250299 ], [ 121.073860157005001, 14.6158567596975 ], [ 121.073049367872997, 14.614795232230501 ] ] ] } },
{ "type": "Feature", "properties": { "barangay_name": "St. Peter", "barangay_geom": "POLYGON((121.000366259395 14.6305153523353, 121.002418580872 14.6314400385538, 121.001855208338 14.6326468542654, 121.001062474398 14.6383361085563, 120.996913452906 14.637787538911, 121.000366259395 14.6305153523353))" }, "geometry": { "type": "Polygon", "coordinates": [ [ [ 121.000366259394994, 14.6305153523353 ], [ 121.002418580872003, 14.6314400385538 ], [ 121.001855208338, 14.632646854265399 ], [ 121.001062474397997, 14.638336108556301 ], [ 120.996913452906, 14.637787538911001 ], [ 121.000366259394994, 14.6305153523353 ] ] ] } },
{ "type": "Feature", "properties": { "barangay_name": "Sta. Cruz", "barangay_geom": "POLYGON((121.014829376098 14.6303633084748, 121.014829500181 14.6301375952253, 121.01486986569 14.6299328572804, 121.014987750691 14.6297391501043, 121.015801965219 14.6304206376776, 121.016229345082 14.6307900755415, 121.0166014508 14.6310698476762, 121.017235144931 14.6315002502187, 121.01868778008 14.6325109985816, 121.025955950792 14.6369015809048, 121.026071665583 14.6377973614412, 121.025902201689 14.6378404206661, 121.025423276507 14.637994720816, 121.025106436165 14.6380342163459, 121.024874344017 14.6381131545182, 121.024719616883 14.6382028488548, 121.02460910466 14.6382961266179, 121.024546488629 14.6384396159908, 121.024594412206 14.6386512423571, 121.024620217057 14.6388018987862, 121.024542865524 14.6389991946135, 121.02436604557 14.6391857452856, 121.024189213916 14.6392682651781, 121.024008690152 14.6392898040172, 121.023865003525 14.6392467784832, 121.023680791709 14.6392432090941, 121.023367627175 14.639124866334, 121.023139219727 14.6392145669979, 121.022947791706 14.639267866627, 121.022678584017 14.6392554653655, 121.022280806044 14.6392325826847, 121.022140802684 14.6392577043931, 121.021952910901 14.6392146818781, 121.021768699495 14.6392146991746, 121.021473979267 14.6393617974976, 121.02125660892 14.6393618174451, 121.020976612662 14.6393313205564, 121.020730612246 14.6393166553795, 121.020412920619 14.6392148219916, 121.020269221172 14.6391251566933, 121.020103424126 14.6389888647071, 121.020018669346 14.6387700551507, 121.019928826795 14.6385414665709, 121.019847748334 14.638218635011, 121.019641400613 14.6378312445068, 121.019457173284 14.6376375604874, 121.019286069125 14.637301242051, 121.01914417967 14.6369758754808, 121.019016809141 14.6366516374151, 121.0189898044 14.6364256824689, 121.019008336072 14.6360302559339, 121.019070135309 14.6353167504554, 121.018970642492 14.6351051270908, 121.018797479031 14.6349724138853, 121.018414328198 14.6349329923728, 121.01793170772 14.6349509619958, 121.01757065228 14.6348218595055, 121.017419606576 14.6347537131271, 121.017353278763 14.6346066470646, 121.01730905249 14.6344488237773, 121.017334808783 14.6340506491292, 121.017342153938 14.6337278099692, 121.017323708542 14.6333655205905, 121.017290540511 14.6332363839881, 121.017172641796 14.6331323710465, 121.01697369854 14.6330642278943, 121.016579506399 14.6331682869914, 121.016185308625 14.6332005994857, 121.015934788737 14.633103762458, 121.015628991141 14.6328849752433, 121.01521266169 14.632483250856, 121.015348937364 14.6320312641749, 121.015455612026 14.6317395915113, 121.015458201237 14.6314650532822, 121.015359930406 14.6311309051564, 121.015190447568 14.630854715153, 121.014914124196 14.6306072284574, 121.014829376098 14.6303633084748))" }, "geometry": { "type": "Polygon", "coordinates": [ [ [ 121.014829376098007, 14.6303633084748 ], [ 121.014829500180994, 14.6301375952253 ], [ 121.014869865690002, 14.6299328572804 ], [ 121.014987750691006, 14.629739150104299 ], [ 121.015801965218998, 14.6304206376776 ], [ 121.016229345081996, 14.630790075541499 ], [ 121.016601450799996, 14.6310698476762 ], [ 121.017235144931007, 14.6315002502187 ], [ 121.01868778008, 14.6325109985816 ], [ 121.025955950791996, 14.6369015809048 ], [ 121.026071665583004, 14.6377973614412 ], [ 121.025902201688993, 14.6378404206661 ], [ 121.025423276506999, 14.637994720816 ], [ 121.025106436165004, 14.638034216345901 ], [ 121.024874344016993, 14.6381131545182 ], [ 121.024719616883004, 14.638202848854799 ], [ 121.024609104660001, 14.638296126617901 ], [ 121.024546488628999, 14.6384396159908 ], [ 121.024594412206, 14.638651242357099 ], [ 121.024620217057006, 14.6388018987862 ], [ 121.024542865523998, 14.638999194613501 ], [ 121.024366045570005, 14.6391857452856 ], [ 121.024189213916003, 14.639268265178099 ], [ 121.024008690152002, 14.639289804017199 ], [ 121.023865003525003, 14.6392467784832 ], [ 121.023680791708998, 14.639243209094101 ], [ 121.023367627175006, 14.639124866334001 ], [ 121.023139219727, 14.6392145669979 ], [ 121.022947791706002, 14.639267866627 ], [ 121.022678584017001, 14.639255465365499 ], [ 121.022280806043995, 14.6392325826847 ], [ 121.022140802684007, 14.639257704393099 ], [ 121.021952910901007, 14.6392146818781 ], [ 121.021768699494999, 14.6392146991746 ], [ 121.021473979267, 14.6393617974976 ], [ 121.021256608919998, 14.639361817445099 ], [ 121.020976612661997, 14.6393313205564 ], [ 121.020730612245998, 14.639316655379501 ], [ 121.020412920618995, 14.639214821991599 ], [ 121.020269221172001, 14.6391251566933 ], [ 121.020103424126006, 14.6389888647071 ], [ 121.020018669346001, 14.638770055150699 ], [ 121.019928826794995, 14.638541466570899 ], [ 121.019847748334001, 14.638218635011 ], [ 121.019641400612997, 14.637831244506801 ], [ 121.019457173283996, 14.6376375604874 ], [ 121.019286069125002, 14.637301242051 ], [ 121.019144179669993, 14.6369758754808 ], [ 121.019016809140993, 14.636651637415101 ], [ 121.018989804399993, 14.6364256824689 ], [ 121.019008336072005, 14.6360302559339 ], [ 121.019070135308993, 14.6353167504554 ], [ 121.018970642491993, 14.635105127090799 ], [ 121.018797479030994, 14.634972413885301 ], [ 121.018414328198006, 14.6349329923728 ], [ 121.017931707719995, 14.6349509619958 ], [ 121.01757065228, 14.6348218595055 ], [ 121.017419606575999, 14.6347537131271 ], [ 121.017353278762997, 14.634606647064601 ], [ 121.017309052490006, 14.6344488237773 ], [ 121.017334808783005, 14.6340506491292 ], [ 121.017342153938003, 14.6337278099692 ], [ 121.017323708541994, 14.6333655205905 ], [ 121.017290540510999, 14.6332363839881 ], [ 121.017172641795995, 14.6331323710465 ], [ 121.016973698539999, 14.6330642278943 ], [ 121.016579506398998, 14.633168286991401 ], [ 121.016185308624998, 14.633200599485701 ], [ 121.015934788736999, 14.633103762457999 ], [ 121.015628991141, 14.6328849752433 ], [ 121.015212661690001, 14.632483250856 ], [ 121.015348937363996, 14.6320312641749 ], [ 121.015455612026003, 14.6317395915113 ], [ 121.015458201236996, 14.6314650532822 ], [ 121.015359930406007, 14.6311309051564 ], [ 121.015190447568003, 14.630854715152999 ], [ 121.014914124195997, 14.6306072284574 ], [ 121.014829376098007, 14.6303633084748 ] ] ] } },
{ "type": "Feature", "properties": { "barangay_name": "Sta. Lucia", "barangay_geom": "POLYGON((121.057176504866 14.7053960173951, 121.05688415299 14.70568729201, 121.056624076363 14.7058291293318, 121.056405646912 14.706082361443, 121.056300991136 14.7063531541378, 121.056100534353 14.7065915860079, 121.055839211866 14.706770018532, 121.055677647461 14.7073180361272, 121.055542471784 14.7076421342129, 121.055347550644 14.708040902243, 121.055196974554 14.7082403214406, 121.054968080968 14.7084397591211, 121.054793381011 14.7085336263156, 121.054558420866 14.7085747333596, 121.054224996073 14.7085533277241, 121.053944857817 14.7085481780243, 121.053580224203 14.7086449896963, 121.053461905455 14.7086922688651, 121.052727339576 14.7089447211428, 121.052564260851 14.708985692309, 121.052431729077 14.7090502281498, 121.05235344149 14.7092144433144, 121.052299262863 14.7093903846311, 121.052248375215 14.7095044133378, 121.052196806412 14.709604857731, 121.052100491819 14.7096015352546, 121.052052270422 14.7095253176833, 121.05193778184 14.7094373743016, 121.051787153291 14.7094315421923, 121.051540171498 14.7096133921324, 121.051275125681 14.7098245658115, 121.051178758277 14.7099535987546, 121.051136619693 14.7101178055153, 121.051046277567 14.7102820228866, 121.05087760921 14.7104110716115, 121.050726998789 14.7104462904354, 121.050540217916 14.7104346086567, 121.050230435983 14.7103460561848, 121.049847310037 14.7102822838221, 121.049443650117 14.7103292877103, 121.049141626388 14.7102163650669, 121.048696466638 14.7099248135128, 121.048346950372 14.7096199459327, 121.048107485749 14.7096259429067, 121.047919225971 14.7098546038552, 121.047714396936 14.7099426061331, 121.047551063694 14.7099309532688, 121.046840782778 14.70998383594, 121.046022858109 14.7100341980909, 121.046057500577 14.7097963412234, 121.046256296151 14.7096731467538, 121.04653945245 14.7095851300491, 121.046804535584 14.709485385029, 121.046876789063 14.7093094413307, 121.04666585934 14.7090045431242, 121.04669914134 14.7079187379099, 121.04684034427 14.7079278741873, 121.047376344806 14.7051789052214, 121.045587200289 14.7045427645288, 121.04559498139 14.7044516395495, 121.047350194033 14.7037906382431, 121.047638686222 14.7030388061289, 121.047864795821 14.7024160886146, 121.04878030789 14.702056257529, 121.049058451373 14.7025221468713, 121.04955932301 14.7025809696507, 121.050178503817 14.7028043881411, 121.050378256475 14.7029647282626, 121.050737813744 14.7032368000752, 121.050887622338 14.7033291108635, 121.050966194987 14.7034372993177, 121.050982543729 14.7035429255366, 121.050742972197 14.7039414917833, 121.050837870934 14.7040969918418, 121.050982805385 14.7046704267337, 121.051177398168 14.7041163493532, 121.052715246553 14.7041354460834, 121.052805600459 14.7044608379847, 121.057194190291 14.7044535154819, 121.057243894718 14.7053008462891, 121.057176504866 14.7053960173951))" }, "geometry": { "type": "Polygon", "coordinates": [ [ [ 121.057176504866007, 14.705396017395101 ], [ 121.056884152989994, 14.705687292009999 ], [ 121.056624076362993, 14.7058291293318 ], [ 121.056405646911998, 14.706082361443 ], [ 121.056300991135998, 14.706353154137799 ], [ 121.056100534353007, 14.7065915860079 ], [ 121.055839211866001, 14.706770018532 ], [ 121.055677647460996, 14.7073180361272 ], [ 121.055542471783994, 14.7076421342129 ], [ 121.055347550644001, 14.708040902243001 ], [ 121.055196974553994, 14.7082403214406 ], [ 121.054968080967996, 14.7084397591211 ], [ 121.054793381010995, 14.708533626315599 ], [ 121.054558420866002, 14.708574733359599 ], [ 121.054224996073003, 14.708553327724101 ], [ 121.053944857817001, 14.7085481780243 ], [ 121.053580224203003, 14.7086449896963 ], [ 121.053461905454995, 14.7086922688651 ], [ 121.052727339575995, 14.708944721142799 ], [ 121.052564260851, 14.708985692309 ], [ 121.052431729077, 14.709050228149801 ], [ 121.052353441489998, 14.7092144433144 ], [ 121.052299262863002, 14.709390384631099 ], [ 121.052248375215001, 14.7095044133378 ], [ 121.052196806411999, 14.709604857731 ], [ 121.052100491819004, 14.709601535254601 ], [ 121.052052270421996, 14.709525317683299 ], [ 121.051937781839996, 14.709437374301601 ], [ 121.051787153291002, 14.7094315421923 ], [ 121.051540171498004, 14.7096133921324 ], [ 121.051275125681002, 14.7098245658115 ], [ 121.051178758277004, 14.7099535987546 ], [ 121.051136619692997, 14.710117805515299 ], [ 121.051046277566996, 14.7102820228866 ], [ 121.050877609210005, 14.7104110716115 ], [ 121.050726998789003, 14.710446290435399 ], [ 121.050540217915994, 14.710434608656699 ], [ 121.050230435982996, 14.7103460561848 ], [ 121.049847310036995, 14.710282283822099 ], [ 121.049443650116999, 14.7103292877103 ], [ 121.049141626388007, 14.7102163650669 ], [ 121.048696466638006, 14.709924813512799 ], [ 121.048346950371993, 14.709619945932699 ], [ 121.048107485749, 14.709625942906699 ], [ 121.047919225971, 14.7098546038552 ], [ 121.047714396936001, 14.709942606133099 ], [ 121.047551063694002, 14.709930953268801 ], [ 121.046840782778006, 14.709983835939999 ], [ 121.046022858108998, 14.7100341980909 ], [ 121.046057500577007, 14.709796341223401 ], [ 121.046256296151, 14.709673146753801 ], [ 121.046539452450006, 14.709585130049099 ], [ 121.046804535584002, 14.709485385029 ], [ 121.046876789063006, 14.709309441330699 ], [ 121.046665859339996, 14.7090045431242 ], [ 121.04669914134, 14.7079187379099 ], [ 121.046840344269995, 14.7079278741873 ], [ 121.047376344805997, 14.7051789052214 ], [ 121.045587200289006, 14.704542764528799 ], [ 121.045594981389996, 14.7044516395495 ], [ 121.047350194033001, 14.703790638243101 ], [ 121.047638686222001, 14.7030388061289 ], [ 121.047864795820999, 14.7024160886146 ], [ 121.048780307889999, 14.702056257529 ], [ 121.049058451373, 14.702522146871299 ], [ 121.049559323010001, 14.7025809696507 ], [ 121.050178503816994, 14.7028043881411 ], [ 121.050378256475, 14.7029647282626 ], [ 121.050737813744007, 14.703236800075199 ], [ 121.050887622337996, 14.7033291108635 ], [ 121.050966194986998, 14.7034372993177 ], [ 121.050982543729006, 14.703542925536601 ], [ 121.050742972197, 14.703941491783301 ], [ 121.050837870934004, 14.7040969918418 ], [ 121.050982805385004, 14.704670426733699 ], [ 121.051177398167994, 14.7041163493532 ], [ 121.052715246553007, 14.7041354460834 ], [ 121.052805600458996, 14.704460837984699 ], [ 121.057194190291, 14.7044535154819 ], [ 121.057243894717999, 14.7053008462891 ], [ 121.057176504866007, 14.705396017395101 ] ] ] } },
{ "type": "Feature", "properties": { "barangay_name": "Sta. Monica", "barangay_geom": "POLYGON((121.046840782778 14.70998383594, 121.047551063694 14.7099309532688, 121.047714396936 14.7099426061331, 121.047919225971 14.7098546038552, 121.048107485749 14.7096259429067, 121.048346950372 14.7096199459327, 121.048696466638 14.7099248135128, 121.049141626388 14.7102163650669, 121.049443650117 14.7103292877103, 121.049847310037 14.7102822838221, 121.050230435983 14.7103460561848, 121.050540217916 14.7104346086567, 121.050726998789 14.7104462904354, 121.05087760921 14.7104110716115, 121.051046277567 14.7102820228866, 121.051136619693 14.7101178055153, 121.051178758277 14.7099535987546, 121.051275125681 14.7098245658115, 121.051540171498 14.7096133921324, 121.051787153291 14.7094315421923, 121.05193778184 14.7094373743016, 121.052052270422 14.7095253176833, 121.052100491819 14.7096015352546, 121.052196806412 14.709604857731, 121.052248375215 14.7095044133378, 121.052299262863 14.7093903846311, 121.05235344149 14.7092144433144, 121.052431729077 14.7090502281498, 121.052564260851 14.708985692309, 121.052727339576 14.7089447211428, 121.053461905455 14.7086922688651, 121.053441852894 14.7121086505843, 121.053432870766 14.7131666852563, 121.052161586004 14.7131669748731, 121.052192217572 14.7153015432075, 121.048812134059 14.7153198772826, 121.048728479233 14.7181004947338, 121.04879941581 14.722186125339, 121.051043929065 14.7221856415868, 121.049718136025 14.7266518116759, 121.045151608005 14.7266706789317, 121.044458646573 14.7263515652001, 121.04428543061 14.7263910592362, 121.043994217283 14.7261938285944, 121.043994188505 14.7260503469389, 121.044112128017 14.7260000991423, 121.043979408893 14.7258422990752, 121.044104724855 14.7258530307179, 121.043846674903 14.7256091654082, 121.043349092919 14.7254908855785, 121.043301193887 14.7255446990361, 121.042943684828 14.7255340101318, 121.042917938537 14.7257994492124, 121.042951138472 14.7259429247229, 121.043013801732 14.7259751975962, 121.043083822269 14.7259715964081, 121.043117014584 14.7260756200854, 121.043080248198 14.7265455327544, 121.04320926475 14.7266244213678, 121.043290415997 14.7269759385222, 121.043084083673 14.7273023921094, 121.043091539766 14.7277220801835, 121.042947800057 14.7277221068892, 121.042840950656 14.7279301773234, 121.041860607508 14.7281742709037, 121.041716918675 14.728443328297, 121.041462537984 14.7280595572166, 121.041433085838 14.7282353286278, 121.041333571239 14.7282461109264, 121.041178738356 14.7280739605462, 121.041127152743 14.728134950542, 121.040983386617 14.7279950735242, 121.040924370415 14.7277511696862, 121.040916920476 14.7273422460453, 121.040978372388 14.7272030286018, 121.040913190165 14.7271090878895, 121.040894739299 14.7269691976653, 121.04068831757 14.7268329287144, 121.040596169885 14.7268042485561, 121.040489269047 14.7266930610787, 121.040363966638 14.7267576519605, 121.039991683647 14.726610646723, 121.039736076455 14.7267586734179, 121.039172073885 14.7262135391905, 121.039247030888 14.725771404114, 121.03962825759 14.7252645664322, 121.039680426293 14.7248860821997, 121.039804010853 14.724673662908, 121.039927032567 14.7245335493764, 121.039975778239 14.7244849605536, 121.040075007343 14.7243437212702, 121.040101082347 14.7241313186638, 121.040028806315 14.7240364298902, 121.040177060069 14.7238002808012, 121.040227228742 14.7236127290876, 121.040180193806 14.7234681257762, 121.04008439601 14.7233269202293, 121.040059730999 14.7233269244967, 121.040085247062 14.7232071637005, 121.04010990359 14.723160838567, 121.040183035126 14.723161955668, 121.040209960871 14.7228297964957, 121.040259862976 14.7227597416389, 121.040431628475 14.7225710389203, 121.040413514014 14.721884137495, 121.040487779457 14.7217417725834, 121.040468525644 14.721222078366, 121.040566596334 14.7211034345868, 121.040471082412 14.7209362442394, 121.040619041542 14.7206774993137, 121.040620180802 14.7205611320382, 121.040792808375 14.7203249782166, 121.040723103153 14.7200165612298, 121.040924072365 14.7192833002012, 121.041095060054 14.7191241249463, 121.041260643212 14.7189669027818, 121.041546159251 14.718761232234, 121.041984872929 14.7184188305277, 121.042193500036 14.7182775704224, 121.04247702499 14.7183012439443, 121.042720803436 14.7183667262238, 121.042934125332 14.7184920921057, 121.043040936403 14.7185858438283, 121.043270496852 14.7186456792796, 121.043502913553 14.7184976348894, 121.043683266942 14.7177700241566, 121.043829167734 14.7174175059642, 121.043930679707 14.7171576378649, 121.043958768682 14.7168232183256, 121.044143518514 14.7163147831998, 121.044467030845 14.7160334066652, 121.044435075103 14.7158865416768, 121.044287931801 14.7157781111733, 121.04397535861 14.7156414675822, 121.043663092854 14.715554533736, 121.043371415992 14.7153794729387, 121.043174338365 14.7152066537202, 121.042983055389 14.7149378021303, 121.043017801702 14.7145457627262, 121.043134067482 14.7140418601198, 121.043322871958 14.7134712869785, 121.0432148727 14.7132261452936, 121.043051714955 14.7128895017756, 121.043005537001 14.7127087458432, 121.0432262937 14.7122782592853, 121.043410807177 14.7120409713732, 121.043729133381 14.7119968501814, 121.043999332823 14.7121527084387, 121.044378655783 14.7124136148801, 121.044800940478 14.7126914590639, 121.045064177436 14.7128495769684, 121.045479736584 14.7128833891369, 121.045767305495 14.7128268436211, 121.046061236253 14.7126866929029, 121.046241407304 14.7125228391953, 121.046401814169 14.7122121181425, 121.046549505632 14.7121092787127, 121.046866020329 14.7118467719729, 121.047053201323 14.711380885816, 121.046855439959 14.7110467374686, 121.046616098771 14.7108543709274, 121.04606454577 14.7103582554384, 121.046012469766 14.7101354734875, 121.046022858109 14.7100341980909, 121.046840782778 14.70998383594))" }, "geometry": { "type": "Polygon", "coordinates": [ [ [ 121.046840782778006, 14.709983835939999 ], [ 121.047551063694002, 14.709930953268801 ], [ 121.047714396936001, 14.709942606133099 ], [ 121.047919225971, 14.7098546038552 ], [ 121.048107485749, 14.709625942906699 ], [ 121.048346950371993, 14.709619945932699 ], [ 121.048696466638006, 14.709924813512799 ], [ 121.049141626388007, 14.7102163650669 ], [ 121.049443650116999, 14.7103292877103 ], [ 121.049847310036995, 14.710282283822099 ], [ 121.050230435982996, 14.7103460561848 ], [ 121.050540217915994, 14.710434608656699 ], [ 121.050726998789003, 14.710446290435399 ], [ 121.050877609210005, 14.7104110716115 ], [ 121.051046277566996, 14.7102820228866 ], [ 121.051136619692997, 14.710117805515299 ], [ 121.051178758277004, 14.7099535987546 ], [ 121.051275125681002, 14.7098245658115 ], [ 121.051540171498004, 14.7096133921324 ], [ 121.051787153291002, 14.7094315421923 ], [ 121.051937781839996, 14.709437374301601 ], [ 121.052052270421996, 14.709525317683299 ], [ 121.052100491819004, 14.709601535254601 ], [ 121.052196806411999, 14.709604857731 ], [ 121.052248375215001, 14.7095044133378 ], [ 121.052299262863002, 14.709390384631099 ], [ 121.052353441489998, 14.7092144433144 ], [ 121.052431729077, 14.709050228149801 ], [ 121.052564260851, 14.708985692309 ], [ 121.052727339575995, 14.708944721142799 ], [ 121.053461905454995, 14.7086922688651 ], [ 121.053441852893997, 14.7121086505843 ], [ 121.053432870766002, 14.713166685256301 ], [ 121.052161586004004, 14.713166974873101 ], [ 121.052192217571999, 14.715301543207501 ], [ 121.048812134059006, 14.715319877282599 ], [ 121.048728479233006, 14.7181004947338 ], [ 121.048799415809995, 14.722186125339 ], [ 121.051043929065003, 14.722185641586799 ], [ 121.049718136025007, 14.7266518116759 ], [ 121.045151608005, 14.726670678931701 ], [ 121.044458646573005, 14.726351565200099 ], [ 121.044285430610003, 14.7263910592362 ], [ 121.043994217283, 14.726193828594401 ], [ 121.043994188504996, 14.7260503469389 ], [ 121.044112128017005, 14.726000099142301 ], [ 121.043979408892994, 14.7258422990752 ], [ 121.044104724855003, 14.7258530307179 ], [ 121.043846674902994, 14.7256091654082 ], [ 121.043349092919001, 14.7254908855785 ], [ 121.043301193887004, 14.725544699036099 ], [ 121.042943684828003, 14.725534010131801 ], [ 121.042917938537002, 14.725799449212399 ], [ 121.042951138472006, 14.725942924722901 ], [ 121.043013801732002, 14.725975197596201 ], [ 121.043083822268997, 14.725971596408099 ], [ 121.043117014583999, 14.7260756200854 ], [ 121.043080248197995, 14.7265455327544 ], [ 121.043209264750004, 14.7266244213678 ], [ 121.043290415997006, 14.7269759385222 ], [ 121.043084083672994, 14.727302392109401 ], [ 121.043091539765996, 14.727722080183501 ], [ 121.042947800056993, 14.7277221068892 ], [ 121.042840950656, 14.727930177323399 ], [ 121.041860607507999, 14.7281742709037 ], [ 121.041716918674993, 14.728443328297001 ], [ 121.041462537984003, 14.7280595572166 ], [ 121.041433085837994, 14.7282353286278 ], [ 121.041333571238994, 14.728246110926399 ], [ 121.041178738355995, 14.728073960546199 ], [ 121.041127152743002, 14.728134950542 ], [ 121.040983386617, 14.7279950735242 ], [ 121.040924370414999, 14.727751169686201 ], [ 121.040916920475993, 14.7273422460453 ], [ 121.040978372387997, 14.727203028601799 ], [ 121.040913190165, 14.727109087889501 ], [ 121.040894739299006, 14.7269691976653 ], [ 121.040688317570002, 14.7268329287144 ], [ 121.040596169885006, 14.7268042485561 ], [ 121.040489269047001, 14.7266930610787 ], [ 121.040363966637997, 14.726757651960501 ], [ 121.039991683647003, 14.726610646723 ], [ 121.039736076455, 14.726758673417899 ], [ 121.039172073884998, 14.7262135391905 ], [ 121.039247030888006, 14.725771404114001 ], [ 121.039628257589996, 14.7252645664322 ], [ 121.039680426293003, 14.724886082199699 ], [ 121.039804010853004, 14.724673662908 ], [ 121.039927032566993, 14.7245335493764 ], [ 121.039975778238997, 14.7244849605536 ], [ 121.040075007343006, 14.7243437212702 ], [ 121.040101082346993, 14.724131318663799 ], [ 121.040028806314993, 14.7240364298902 ], [ 121.040177060068999, 14.7238002808012 ], [ 121.040227228741998, 14.7236127290876 ], [ 121.040180193805995, 14.723468125776201 ], [ 121.040084396010002, 14.723326920229299 ], [ 121.040059730999005, 14.7233269244967 ], [ 121.040085247061995, 14.723207163700501 ], [ 121.040109903589993, 14.723160838567001 ], [ 121.040183035126006, 14.723161955667999 ], [ 121.040209960870996, 14.7228297964957 ], [ 121.040259862976001, 14.7227597416389 ], [ 121.040431628475005, 14.7225710389203 ], [ 121.040413514014006, 14.721884137495 ], [ 121.040487779456996, 14.7217417725834 ], [ 121.040468525644002, 14.721222078366001 ], [ 121.040566596334003, 14.7211034345868 ], [ 121.040471082411997, 14.7209362442394 ], [ 121.040619041542001, 14.7206774993137 ], [ 121.040620180801994, 14.720561132038201 ], [ 121.040792808375002, 14.720324978216601 ], [ 121.040723103152999, 14.7200165612298 ], [ 121.040924072365002, 14.7192833002012 ], [ 121.041095060054005, 14.719124124946299 ], [ 121.041260643211999, 14.7189669027818 ], [ 121.041546159250998, 14.718761232234 ], [ 121.041984872929007, 14.7184188305277 ], [ 121.042193500036007, 14.7182775704224 ], [ 121.042477024990006, 14.7183012439443 ], [ 121.042720803435998, 14.718366726223801 ], [ 121.042934125331996, 14.7184920921057 ], [ 121.043040936403003, 14.718585843828301 ], [ 121.043270496852003, 14.7186456792796 ], [ 121.043502913552999, 14.718497634889401 ], [ 121.043683266941997, 14.7177700241566 ], [ 121.043829167734003, 14.7174175059642 ], [ 121.043930679707003, 14.717157637864901 ], [ 121.043958768682003, 14.716823218325599 ], [ 121.044143518514005, 14.716314783199801 ], [ 121.044467030844999, 14.716033406665201 ], [ 121.044435075102996, 14.715886541676801 ], [ 121.044287931800994, 14.7157781111733 ], [ 121.043975358609998, 14.7156414675822 ], [ 121.043663092854004, 14.715554533736 ], [ 121.043371415991999, 14.7153794729387 ], [ 121.043174338365006, 14.7152066537202 ], [ 121.042983055389001, 14.714937802130301 ], [ 121.043017801702007, 14.7145457627262 ], [ 121.043134067482001, 14.714041860119799 ], [ 121.043322871957997, 14.7134712869785 ], [ 121.043214872700005, 14.7132261452936 ], [ 121.043051714954998, 14.712889501775599 ], [ 121.043005537000994, 14.7127087458432 ], [ 121.043226293700002, 14.7122782592853 ], [ 121.043410807176997, 14.712040971373201 ], [ 121.043729133381007, 14.7119968501814 ], [ 121.043999332823006, 14.712152708438699 ], [ 121.044378655783007, 14.7124136148801 ], [ 121.044800940477998, 14.712691459063899 ], [ 121.045064177436004, 14.7128495769684 ], [ 121.045479736583999, 14.7128833891369 ], [ 121.045767305495005, 14.7128268436211 ], [ 121.046061236252996, 14.712686692902899 ], [ 121.046241407303995, 14.7125228391953 ], [ 121.046401814169002, 14.712212118142499 ], [ 121.046549505632001, 14.712109278712701 ], [ 121.046866020329006, 14.711846771972899 ], [ 121.047053201322996, 14.711380885816 ], [ 121.046855439959003, 14.7110467374686 ], [ 121.046616098770997, 14.7108543709274 ], [ 121.046064545769994, 14.7103582554384 ], [ 121.046012469765998, 14.710135473487499 ], [ 121.046022858108998, 14.7100341980909 ], [ 121.046840782778006, 14.709983835939999 ] ] ] } },
{ "type": "Feature", "properties": { "barangay_name": "Sta. Teresita", "barangay_geom": "POLYGON((121.00366519066 14.6194571411928, 121.003652734458 14.6194837772572, 121.001372892604 14.6243592042217, 120.99912047774 14.6233627344482, 120.996280764135 14.6208297777708, 121.00107618416 14.617143805474, 121.001775582172 14.6177382502631, 121.00366519066 14.6194571411928))" }, "geometry": { "type": "Polygon", "coordinates": [ [ [ 121.003665190660001, 14.6194571411928 ], [ 121.003652734458001, 14.6194837772572 ], [ 121.001372892603996, 14.624359204221699 ], [ 120.999120477739993, 14.6233627344482 ], [ 120.996280764134994, 14.620829777770799 ], [ 121.001076184159999, 14.617143805474001 ], [ 121.001775582172002, 14.6177382502631 ], [ 121.003665190660001, 14.6194571411928 ] ] ] } },
{ "type": "Feature", "properties": { "barangay_name": "Sto. Cristo", "barangay_geom": "POLYGON((121.027542027766 14.6616149367499, 121.027597584333 14.6615534880284, 121.027645175835 14.6614965503353, 121.027682016484 14.661439152961, 121.027670937723 14.6612669753054, 121.027552497486 14.6606293306178, 121.02711081949 14.6607253960465, 121.026142020374 14.6565148216922, 121.029049581951 14.6558647335221, 121.030165805935 14.6556004841226, 121.033405991926 14.6549310646657, 121.034365455613 14.659156885145, 121.031042119119 14.6598855296073, 121.031961664307 14.6639729245008, 121.032343591206 14.6655600991872, 121.032149582491 14.6653749592107, 121.03210691036 14.6652303529008, 121.031902910951 14.6649705309228, 121.031744450299 14.6645819072893, 121.031541312486 14.6642373511365, 121.031439734904 14.6640351337409, 121.031235457755 14.6638329301191, 121.031074714433 14.6637018968301, 121.030873171465 14.6637273031299, 121.030652090864 14.6637237441948, 121.030442058603 14.6636556232805, 121.030261499238 14.6635587928131, 121.030169377969 14.6635193437238, 121.030047776615 14.6634547991494, 121.029928093278 14.6633619825721, 121.029675599176 14.6631750493959, 121.02948766378 14.6630387672372, 121.029251832594 14.662902490956, 121.028761779806 14.6628451591172, 121.028478065799 14.6628774787276, 121.028334372152 14.662906192777, 121.028201741191 14.6629779456143, 121.028028577041 14.6631286253961, 121.027884893158 14.6632362522575, 121.027703126233 14.6633441818334, 121.027505411835 14.6634730457751, 121.027354349739 14.6635304565804, 121.027188549867 14.66355558433, 121.026996936966 14.6634766935717, 121.026863213637 14.663352188888, 121.026598963347 14.6631216169801, 121.026411019575 14.6628992428551, 121.027542027766 14.6616149367499))" }, "geometry": { "type": "Polygon", "coordinates": [ [ [ 121.027542027766003, 14.661614936749899 ], [ 121.027597584332995, 14.6615534880284 ], [ 121.027645175835005, 14.661496550335301 ], [ 121.027682016483993, 14.661439152961 ], [ 121.027670937723002, 14.6612669753054 ], [ 121.027552497485999, 14.6606293306178 ], [ 121.027110819490005, 14.6607253960465 ], [ 121.026142020373996, 14.6565148216922 ], [ 121.029049581951, 14.655864733522099 ], [ 121.030165805934999, 14.6556004841226 ], [ 121.033405991926003, 14.6549310646657 ], [ 121.034365455612999, 14.659156885145 ], [ 121.031042119118993, 14.659885529607299 ], [ 121.031961664307005, 14.663972924500801 ], [ 121.032343591206001, 14.6655600991872 ], [ 121.032149582491002, 14.6653749592107 ], [ 121.03210691036, 14.665230352900799 ], [ 121.031902910951004, 14.664970530922799 ], [ 121.031744450299001, 14.6645819072893 ], [ 121.031541312485999, 14.664237351136499 ], [ 121.031439734903998, 14.664035133740899 ], [ 121.031235457755002, 14.663832930119099 ], [ 121.031074714433004, 14.6637018968301 ], [ 121.030873171465004, 14.6637273031299 ], [ 121.030652090863995, 14.663723744194799 ], [ 121.030442058603001, 14.6636556232805 ], [ 121.030261499237994, 14.663558792813101 ], [ 121.030169377969003, 14.663519343723801 ], [ 121.030047776615007, 14.663454799149401 ], [ 121.029928093278002, 14.6633619825721 ], [ 121.029675599176002, 14.6631750493959 ], [ 121.029487663780003, 14.6630387672372 ], [ 121.029251832593999, 14.662902490956 ], [ 121.028761779806004, 14.6628451591172 ], [ 121.028478065799007, 14.6628774787276 ], [ 121.028334372152003, 14.662906192776999 ], [ 121.028201741190998, 14.662977945614299 ], [ 121.028028577040999, 14.6631286253961 ], [ 121.027884893158003, 14.6632362522575 ], [ 121.027703126233007, 14.6633441818334 ], [ 121.027505411834994, 14.663473045775101 ], [ 121.027354349738999, 14.6635304565804 ], [ 121.027188549867006, 14.66355558433 ], [ 121.026996936966, 14.663476693571701 ], [ 121.026863213637, 14.663352188888 ], [ 121.026598963346999, 14.663121616980099 ], [ 121.026411019574994, 14.662899242855101 ], [ 121.027542027766003, 14.661614936749899 ] ] ] } },
{ "type": "Feature", "properties": { "barangay_name": "Sto. Domingo (Matalahib)", "barangay_geom": "POLYGON((121.002418580872 14.6314400385538, 121.004336928618 14.6274050731999, 121.008104385678 14.6234673852064, 121.014987750691 14.6297391501043, 121.01486986569 14.6299328572804, 121.014829500181 14.6301375952253, 121.014829376098 14.6303633084748, 121.014914124196 14.6306072284574, 121.014575192773 14.6306789868239, 121.013974706049 14.6307722897433, 121.013713132798 14.6308010018614, 121.012946828618 14.6303992936857, 121.0118489541 14.6298433525935, 121.011186099777 14.6305061090283, 121.010643958551 14.6309004298668, 121.01007484698 14.6314472717483, 121.009738653823 14.6317918708571, 121.009504569296 14.6321409844719, 121.009322409185 14.6324369958183, 121.009217702537 14.6327104082396, 121.009164049584 14.6329600930956, 121.008880747109 14.6358783412999, 121.001855208338 14.6326468542654, 121.002418580872 14.6314400385538))" }, "geometry": { "type": "Polygon", "coordinates": [ [ [ 121.002418580872003, 14.6314400385538 ], [ 121.004336928618002, 14.627405073199901 ], [ 121.008104385677996, 14.6234673852064 ], [ 121.014987750691006, 14.629739150104299 ], [ 121.014869865690002, 14.6299328572804 ], [ 121.014829500180994, 14.6301375952253 ], [ 121.014829376098007, 14.6303633084748 ], [ 121.014914124195997, 14.6306072284574 ], [ 121.014575192772995, 14.6306789868239 ], [ 121.013974706048998, 14.6307722897433 ], [ 121.013713132798003, 14.6308010018614 ], [ 121.012946828617999, 14.6303992936857 ], [ 121.011848954100003, 14.6298433525935 ], [ 121.011186099777007, 14.6305061090283 ], [ 121.010643958551, 14.6309004298668 ], [ 121.010074846980004, 14.6314472717483 ], [ 121.009738653823007, 14.6317918708571 ], [ 121.009504569295999, 14.632140984471899 ], [ 121.009322409185003, 14.632436995818299 ], [ 121.009217702537001, 14.6327104082396 ], [ 121.009164049584001, 14.632960093095599 ], [ 121.008880747109004, 14.6358783412999 ], [ 121.001855208338, 14.632646854265399 ], [ 121.002418580872003, 14.6314400385538 ] ] ] } },
{ "type": "Feature", "properties": { "barangay_name": "Sto. Niño", "barangay_geom": "POLYGON((121.01379966381 14.6087731253083, 121.013784944931 14.6089524823531, 121.013670768724 14.6092215233291, 121.01342339866 14.6096309097392, 121.013324574336 14.6105272352327, 121.013164471934 14.6112883239163, 121.012138640405 14.6145520118783, 121.010786173404 14.6142683660193, 121.010090438185 14.614089375485, 121.009843630273 14.6140535130071, 121.009722063064 14.6140104777052, 121.009607867302 14.6140033060251, 121.009176859769 14.6139638621511, 121.009792024587 14.6134652390961, 121.010941321345 14.6125899366832, 121.009411118329 14.6107285463618, 121.009409800248 14.6107269375965, 121.014071717867 14.6071394981149, 121.014069898857 14.6071424718282, 121.01379966381 14.6087731253083))" }, "geometry": { "type": "Polygon", "coordinates": [ [ [ 121.013799663810005, 14.6087731253083 ], [ 121.013784944931004, 14.6089524823531 ], [ 121.013670768723998, 14.609221523329101 ], [ 121.013423398659995, 14.609630909739201 ], [ 121.013324574335996, 14.6105272352327 ], [ 121.013164471934004, 14.6112883239163 ], [ 121.012138640404999, 14.614552011878301 ], [ 121.010786173404, 14.614268366019299 ], [ 121.010090438185003, 14.614089375484999 ], [ 121.009843630272997, 14.6140535130071 ], [ 121.009722063064004, 14.6140104777052 ], [ 121.009607867301995, 14.614003306025101 ], [ 121.009176859768999, 14.613963862151101 ], [ 121.009792024587, 14.613465239096101 ], [ 121.010941321345001, 14.6125899366832 ], [ 121.009411118328998, 14.6107285463618 ], [ 121.009409800247994, 14.6107269375965 ], [ 121.014071717866997, 14.607139498114901 ], [ 121.014069898857002, 14.607142471828199 ], [ 121.013799663810005, 14.6087731253083 ] ] ] } },
{ "type": "Feature", "properties": { "barangay_name": "Tagumpay", "barangay_geom": "POLYGON((121.063475301687 14.6201663943759, 121.064197420468 14.6204639180178, 121.064672701337 14.6206718391156, 121.065258511565 14.6208976602919, 121.065550801362 14.6209061104234, 121.065945103542 14.6213221041363, 121.065830933239 14.6214189817186, 121.065603853213 14.6213888036167, 121.065479691354 14.6214105575488, 121.065431812858 14.6214392675745, 121.065137268212 14.6220025170567, 121.065063604733 14.6220671071938, 121.06472474265 14.6222429692174, 121.064581679644 14.6224170412224, 121.064481670151 14.6224726092194, 121.064308627169 14.6228134277595, 121.064301275826 14.6228779993459, 121.064260770229 14.6229497474411, 121.064246067398 14.6230466058304, 121.064290274893 14.6230645256106, 121.064275561632 14.6231255110236, 121.064190879729 14.6232869582535, 121.064139302135 14.623301316223, 121.064102470996 14.6233049145584, 121.064095116455 14.6233587215313, 121.064106218597 14.6235524181038, 121.064017840932 14.6236779933041, 121.064021540563 14.6237282090347, 121.063723308338 14.6243058104645, 121.063321832223 14.6245462570951, 121.063131384853 14.6247042800139, 121.063141314145 14.6245319532713, 121.062817086072 14.6243849788641, 121.062699091317 14.624001190567, 121.062234733879 14.6233771577317, 121.06206153761 14.6231870924846, 121.063475301687 14.6201663943759))" }, "geometry": { "type": "Polygon", "coordinates": [ [ [ 121.063475301687006, 14.6201663943759 ], [ 121.064197420468005, 14.6204639180178 ], [ 121.064672701337003, 14.6206718391156 ], [ 121.065258511565006, 14.620897660291901 ], [ 121.065550801361994, 14.6209061104234 ], [ 121.065945103542006, 14.621322104136301 ], [ 121.065830933238999, 14.6214189817186 ], [ 121.065603853213005, 14.6213888036167 ], [ 121.065479691354, 14.621410557548799 ], [ 121.065431812857994, 14.6214392675745 ], [ 121.065137268211998, 14.6220025170567 ], [ 121.065063604732998, 14.6220671071938 ], [ 121.06472474265, 14.6222429692174 ], [ 121.064581679643993, 14.6224170412224 ], [ 121.064481670150997, 14.6224726092194 ], [ 121.064308627168998, 14.6228134277595 ], [ 121.064301275825997, 14.622877999345899 ], [ 121.064260770228998, 14.622949747441099 ], [ 121.064246067398003, 14.6230466058304 ], [ 121.064290274892997, 14.6230645256106 ], [ 121.064275561632002, 14.6231255110236 ], [ 121.064190879728997, 14.6232869582535 ], [ 121.064139302135004, 14.623301316222999 ], [ 121.064102470996005, 14.6233049145584 ], [ 121.064095116454993, 14.6233587215313 ], [ 121.064106218597004, 14.623552418103801 ], [ 121.064017840931996, 14.623677993304099 ], [ 121.064021540563004, 14.6237282090347 ], [ 121.063723308337998, 14.624305810464501 ], [ 121.063321832222996, 14.624546257095099 ], [ 121.063131384852994, 14.6247042800139 ], [ 121.063141314145, 14.624531953271299 ], [ 121.062817086072002, 14.6243849788641 ], [ 121.062699091317, 14.624001190567 ], [ 121.062234733878995, 14.623377157731699 ], [ 121.062061537610006, 14.623187092484599 ], [ 121.063475301687006, 14.6201663943759 ] ] ] } },
{ "type": "Feature", "properties": { "barangay_name": "Talayan", "barangay_geom": "POLYGON((121.014903208282 14.6326769704379, 121.014494292201 14.6329029805851, 121.014048531702 14.6331218158347, 121.013912232353 14.6332509630862, 121.013772950431 14.6334863464773, 121.013849630142 14.6337029354752, 121.014074373293 14.6339719556912, 121.014173860448 14.6341764138111, 121.014192290138 14.6343737004379, 121.014166514099 14.6345530577902, 121.013923397331 14.6351305919089, 121.013687631623 14.6354139833036, 121.013263975442 14.6356077073481, 121.012702661408 14.6357674451721, 121.012291615262 14.6358928734603, 121.012081409892 14.6363144301475, 121.011768277986 14.6367879439233, 121.011510411919 14.6372004641824, 121.011558316828 14.6374766718191, 121.011842018375 14.6377743786857, 121.012078674124 14.638059759423, 121.012129829858 14.6383522898952, 121.012180985728 14.6386448203486, 121.012192074229 14.6388971234811, 121.012225241522 14.6390513600649, 121.01232471597 14.6391840820248, 121.012483144728 14.6392809187993, 121.012601045752 14.6394064632521, 121.012715267349 14.6396324412555, 121.012696863299 14.6398656028663, 121.006923691595 14.6390946274283, 121.007037902776 14.6388901599322, 121.007192626552 14.6387466724356, 121.007711778986 14.6383006435774, 121.008045666954 14.6380238347979, 121.0082603279 14.6378430615759, 121.008475561346 14.6375922414199, 121.008619437449 14.637361759855, 121.008716896123 14.6370634927947, 121.008743285692 14.6367866942951, 121.008880747109 14.6358783412999, 121.009164049584 14.6329600930956, 121.009217702537 14.6327104082396, 121.009322409185 14.6324369958183, 121.009504569296 14.6321409844719, 121.009738653823 14.6317918708571, 121.01007484698 14.6314472717483, 121.010643958551 14.6309004298668, 121.011186099777 14.6305061090283, 121.0118489541 14.6298433525935, 121.012946828618 14.6303992936857, 121.013713132798 14.6308010018614, 121.013974706049 14.6307722897433, 121.014575192773 14.6306789868239, 121.014914124196 14.6306072284574, 121.015190447568 14.630854715153, 121.015359930406 14.6311309051564, 121.015458201237 14.6314650532822, 121.015455612026 14.6317395915113, 121.015348937364 14.6320312641749, 121.01521266169 14.632483250856, 121.014903208282 14.6326769704379))" }, "geometry": { "type": "Polygon", "coordinates": [ [ [ 121.014903208282007, 14.632676970437901 ], [ 121.014494292200993, 14.632902980585101 ], [ 121.014048531702002, 14.6331218158347 ], [ 121.013912232352993, 14.6332509630862 ], [ 121.013772950431004, 14.6334863464773 ], [ 121.013849630142005, 14.633702935475201 ], [ 121.014074373292999, 14.6339719556912 ], [ 121.014173860447997, 14.634176413811099 ], [ 121.014192290137998, 14.6343737004379 ], [ 121.014166514099003, 14.6345530577902 ], [ 121.013923397330998, 14.635130591908901 ], [ 121.013687631623, 14.6354139833036 ], [ 121.013263975442001, 14.6356077073481 ], [ 121.012702661407999, 14.6357674451721 ], [ 121.012291615262001, 14.6358928734603 ], [ 121.012081409892005, 14.6363144301475 ], [ 121.011768277985993, 14.6367879439233 ], [ 121.011510411919005, 14.637200464182399 ], [ 121.011558316828001, 14.637476671819099 ], [ 121.011842018375006, 14.6377743786857 ], [ 121.012078674123998, 14.638059759422999 ], [ 121.012129829857997, 14.638352289895201 ], [ 121.012180985727994, 14.638644820348601 ], [ 121.012192074229006, 14.638897123481099 ], [ 121.012225241522003, 14.639051360064901 ], [ 121.012324715969996, 14.6391840820248 ], [ 121.012483144727994, 14.639280918799299 ], [ 121.012601045752007, 14.639406463252101 ], [ 121.012715267348995, 14.6396324412555 ], [ 121.012696863298999, 14.639865602866299 ], [ 121.006923691595006, 14.6390946274283 ], [ 121.007037902776005, 14.638890159932201 ], [ 121.007192626551998, 14.6387466724356 ], [ 121.007711778986007, 14.6383006435774 ], [ 121.008045666954004, 14.638023834797901 ], [ 121.008260327900004, 14.6378430615759 ], [ 121.008475561346003, 14.637592241419901 ], [ 121.008619437448999, 14.637361759855001 ], [ 121.008716896123005, 14.637063492794701 ], [ 121.008743285692006, 14.6367866942951 ], [ 121.008880747109004, 14.6358783412999 ], [ 121.009164049584001, 14.632960093095599 ], [ 121.009217702537001, 14.6327104082396 ], [ 121.009322409185003, 14.632436995818299 ], [ 121.009504569295999, 14.632140984471899 ], [ 121.009738653823007, 14.6317918708571 ], [ 121.010074846980004, 14.6314472717483 ], [ 121.010643958551, 14.6309004298668 ], [ 121.011186099777007, 14.6305061090283 ], [ 121.011848954100003, 14.6298433525935 ], [ 121.012946828617999, 14.6303992936857 ], [ 121.013713132798003, 14.6308010018614 ], [ 121.013974706048998, 14.6307722897433 ], [ 121.014575192772995, 14.6306789868239 ], [ 121.014914124195997, 14.6306072284574 ], [ 121.015190447568003, 14.630854715152999 ], [ 121.015359930406007, 14.6311309051564 ], [ 121.015458201236996, 14.6314650532822 ], [ 121.015455612026003, 14.6317395915113 ], [ 121.015348937363996, 14.6320312641749 ], [ 121.015212661690001, 14.632483250856 ], [ 121.014903208282007, 14.632676970437901 ] ] ] } },
{ "type": "Feature", "properties": { "barangay_name": "Talipapa", "barangay_geom": "POLYGON((121.03198684604 14.6847010947347, 121.031827038298 14.68594700297, 121.03165806134 14.6868486273401, 121.031507331787 14.6877113665111, 121.031325191185 14.6887148352391, 121.030709291248 14.6916843783379, 121.030349133387 14.6933372942442, 121.021090476404 14.6933291285974, 121.021084812396 14.6933291291121, 121.021125786408 14.69321341781, 121.022648871018 14.6882224281212, 121.015356270216 14.6806670488362, 121.016153943417 14.6805947881226, 121.016577799593 14.680586488251, 121.017502338128 14.680393083159, 121.019035053418 14.6800127323486, 121.019739519616 14.6798996953826, 121.020237116204 14.6798216976268, 121.020754730431 14.6797459565798, 121.021314123399 14.6796498744801, 121.021708131718 14.6795922191245, 121.023240088141 14.6794451992697, 121.023572008998 14.6793875469568, 121.025087799909 14.6790117583763, 121.02518000055 14.6793715612404, 121.025178569074 14.6795195627812, 121.025197571863 14.6796560564087, 121.025161024661 14.6797948788888, 121.025109842708 14.6799159156642, 121.025150077825 14.6800369425449, 121.025285389971 14.6801721943316, 121.025490172549 14.6801650588401, 121.025654726157 14.6801721538243, 121.02583391832 14.6802290930233, 121.025969221763 14.6802860369957, 121.026067675612 14.6803543732254, 121.026163061639 14.6805458649761, 121.02624718549 14.6806597736064, 121.026345910803 14.6806668755308, 121.026451959631 14.6806561893002, 121.02663481359 14.6807380368819, 121.026759169842 14.6810156867053, 121.02683578651 14.6811598198937, 121.026895578126 14.681294256961, 121.02711759254 14.6814997609667, 121.027880678609 14.6816432432127, 121.028077408178 14.6817471593909, 121.028130563509 14.6818200102953, 121.02830243667 14.6818413467961, 121.028423103507 14.6817843820408, 121.028503625704 14.6816770610215, 121.028626349561 14.6815889229809, 121.028778667981 14.6815324150866, 121.028894810063 14.6815956593802, 121.028964300123 14.6816882024091, 121.029048433377 14.6818590509871, 121.029128894563 14.6819943164011, 121.029214832863 14.682052060024, 121.02932074517 14.6821277420202, 121.029426662754 14.6821729198725, 121.029532853012 14.6821740361721, 121.029684757166 14.6822113899665, 121.029823714755 14.6822220463339, 121.029984617235 14.6822006682269, 121.030211330741 14.6821828425258, 121.030379543721 14.6821863816494, 121.030449030158 14.6822468836321, 121.030536812615 14.6823429848548, 121.030701366519 14.6823394020852, 121.030794716773 14.6822134145953, 121.031037768132 14.682172050317, 121.03122424619 14.6820581162502, 121.031370497326 14.6819085858035, 121.031549680636 14.6818836521094, 121.031664256506 14.6818958291132, 121.031846181929 14.6819568124227, 121.032012162448 14.6820607294758, 121.032068975165 14.6821185122073, 121.032009608759 14.6841003825037, 121.03198684604 14.6847010947347))" }, "geometry": { "type": "Polygon", "coordinates": [ [ [ 121.031986846039999, 14.684701094734701 ], [ 121.031827038298005, 14.68594700297 ], [ 121.031658061339996, 14.686848627340099 ], [ 121.031507331786997, 14.687711366511101 ], [ 121.031325191185005, 14.6887148352391 ], [ 121.030709291248002, 14.6916843783379 ], [ 121.030349133387006, 14.6933372942442 ], [ 121.021090476403998, 14.6933291285974 ], [ 121.021084812395998, 14.693329129112101 ], [ 121.021125786408007, 14.69321341781 ], [ 121.022648871018006, 14.6882224281212 ], [ 121.015356270216003, 14.680667048836201 ], [ 121.016153943416995, 14.680594788122599 ], [ 121.016577799592994, 14.680586488251 ], [ 121.017502338127997, 14.680393083159 ], [ 121.019035053417994, 14.680012732348599 ], [ 121.019739519615996, 14.6798996953826 ], [ 121.020237116204001, 14.679821697626799 ], [ 121.020754730430994, 14.679745956579801 ], [ 121.021314123398994, 14.6796498744801 ], [ 121.021708131718, 14.679592219124499 ], [ 121.023240088140994, 14.679445199269701 ], [ 121.023572008998002, 14.6793875469568 ], [ 121.025087799909002, 14.6790117583763 ], [ 121.025180000549994, 14.6793715612404 ], [ 121.025178569074001, 14.6795195627812 ], [ 121.025197571863004, 14.6796560564087 ], [ 121.025161024661003, 14.679794878888799 ], [ 121.025109842708005, 14.6799159156642 ], [ 121.025150077825003, 14.6800369425449 ], [ 121.025285389971003, 14.6801721943316 ], [ 121.025490172548999, 14.6801650588401 ], [ 121.025654726157001, 14.6801721538243 ], [ 121.025833918320004, 14.6802290930233 ], [ 121.025969221763006, 14.6802860369957 ], [ 121.026067675611998, 14.6803543732254 ], [ 121.026163061638997, 14.6805458649761 ], [ 121.026247185490007, 14.680659773606401 ], [ 121.026345910803002, 14.6806668755308 ], [ 121.026451959631004, 14.680656189300199 ], [ 121.026634813589993, 14.6807380368819 ], [ 121.026759169841995, 14.681015686705299 ], [ 121.026835786510006, 14.681159819893701 ], [ 121.026895578126002, 14.681294256960999 ], [ 121.027117592539994, 14.6814997609667 ], [ 121.027880678608994, 14.681643243212701 ], [ 121.028077408178007, 14.6817471593909 ], [ 121.028130563508995, 14.681820010295301 ], [ 121.028302436670003, 14.6818413467961 ], [ 121.028423103506995, 14.681784382040799 ], [ 121.028503625704005, 14.681677061021499 ], [ 121.028626349560994, 14.6815889229809 ], [ 121.028778667981001, 14.6815324150866 ], [ 121.028894810062994, 14.6815956593802 ], [ 121.028964300122993, 14.6816882024091 ], [ 121.029048433377, 14.6818590509871 ], [ 121.029128894563001, 14.6819943164011 ], [ 121.029214832863005, 14.682052060024001 ], [ 121.029320745169997, 14.682127742020199 ], [ 121.029426662754005, 14.6821729198725 ], [ 121.029532853012, 14.6821740361721 ], [ 121.029684757165995, 14.682211389966501 ], [ 121.029823714754997, 14.6822220463339 ], [ 121.029984617235002, 14.6822006682269 ], [ 121.030211330740997, 14.682182842525799 ], [ 121.030379543720997, 14.6821863816494 ], [ 121.030449030157996, 14.6822468836321 ], [ 121.030536812614997, 14.682342984854801 ], [ 121.030701366518997, 14.6823394020852 ], [ 121.030794716773002, 14.682213414595299 ], [ 121.031037768131995, 14.682172050317 ], [ 121.031224246190007, 14.6820581162502 ], [ 121.031370497325995, 14.6819085858035 ], [ 121.031549680636004, 14.6818836521094 ], [ 121.031664256506005, 14.6818958291132 ], [ 121.031846181928998, 14.681956812422699 ], [ 121.032012162447998, 14.682060729475801 ], [ 121.032068975165004, 14.6821185122073 ], [ 121.032009608758997, 14.684100382503701 ], [ 121.031986846039999, 14.684701094734701 ] ] ] } },
{ "type": "Feature", "properties": { "barangay_name": "Tandang Sora", "barangay_geom": "POLYGON((121.046198034484 14.6933685825078, 121.046204235737 14.6929647527038, 121.045996615306 14.6920653715086, 121.044594895737 14.6920778828902, 121.045053449781 14.6906032142253, 121.044418575826 14.6904993245115, 121.044745210849 14.6894162724018, 121.044503960587 14.6892079240105, 121.044329588249 14.6892154229691, 121.044232433174 14.6891431355573, 121.044088139051 14.6890769488393, 121.043920715321 14.6890543849725, 121.04382148116 14.6890781291187, 121.043651427335 14.6890432464281, 121.043406279987 14.6889821125322, 121.04328388138 14.6889208380213, 121.043118172384 14.6888819321102, 121.042984884546 14.6887359620799, 121.042660964232 14.6883925595291, 121.042466674916 14.6882980370458, 121.042375293671 14.6883092521313, 121.042287313423 14.6883826948732, 121.042130170934 14.6883704856663, 121.04196045184 14.6883338030612, 121.041735277225 14.6882203052322, 121.041512410001 14.6880812918061, 121.04119239996 14.6879256108235, 121.040948360463 14.6878200240364, 121.040728376055 14.6878506571985, 121.040516104411 14.688066446288, 121.040287472856 14.6881342729183, 121.040107854853 14.6880891128011, 121.039878212369 14.6879592185611, 121.039683955736 14.6880371163325, 121.03950113055 14.6881762009127, 121.039364000801 14.6881817827293, 121.039181129713 14.6880650124331, 121.038849678155 14.6877814028278, 121.038455408775 14.6877314146798, 121.038232551846 14.6876368933723, 121.037935408294 14.6875034562793, 121.037661108833 14.6873310783368, 121.037506819527 14.6872198605916, 121.037301119659 14.687219893737, 121.037072525438 14.6870141385405, 121.036901102166 14.6869362923281, 121.036438268806 14.6869085547585, 121.03630459195 14.6870718064244, 121.036127597704 14.6870492384237, 121.035923276033 14.6867318017423, 121.035797903449 14.686575911363, 121.035620312625 14.6864787775334, 121.035605780653 14.6863578932172, 121.035586786303 14.6862023117543, 121.035489631249 14.6860465885997, 121.034175195377 14.6855514446983, 121.034106781081 14.6854127267024, 121.034158177667 14.685262548666, 121.034323842184 14.684984417356, 121.034135262757 14.6848453917193, 121.033942013203 14.6843448728429, 121.033743831395 14.6843098785198, 121.033749884491 14.6840635853743, 121.033631790582 14.6840048538963, 121.033574909585 14.68393142636, 121.03346870849 14.6839257927882, 121.033289083347 14.6838015426943, 121.033045654711 14.6838128752797, 121.03298675633 14.6838445175253, 121.032908698021 14.6837790012998, 121.032785958502 14.6837586826048, 121.033061268689 14.6834829769773, 121.032877220668 14.6828356385165, 121.03256295782 14.6826492689061, 121.03243901339 14.6823239092658, 121.032068975165 14.6821185122073, 121.032012162448 14.6820607294758, 121.031846181929 14.6819568124227, 121.031664256506 14.6818958291132, 121.031549680634 14.6818836430711, 121.031370497326 14.6819085858035, 121.03122424619 14.6820581162502, 121.031037768132 14.682172050317, 121.030794716773 14.6822134145953, 121.030701366519 14.6823394020852, 121.030536812615 14.6823429848548, 121.030449030158 14.6822468836321, 121.030379543721 14.6821863816494, 121.030211330741 14.6821828425258, 121.029984617235 14.6822006682269, 121.029823714755 14.6822220463339, 121.029684757166 14.6822113899665, 121.029532853012 14.6821740361721, 121.029426662754 14.6821729198725, 121.02932074517 14.6821277420202, 121.029214832863 14.682052060024, 121.029128894563 14.6819943164011, 121.029048424094 14.6818590600265, 121.028964300123 14.6816882024091, 121.028894810063 14.6815956593802, 121.028778667981 14.6815324150866, 121.028626349561 14.6815889229809, 121.028503625704 14.6816770610215, 121.028423103507 14.6817843820408, 121.02830243667 14.6818413467961, 121.028130572794 14.6818200102941, 121.028077408178 14.6817471593909, 121.027880678609 14.6816432432127, 121.027117601824 14.6814997609656, 121.026895578126 14.681294256961, 121.02683578651 14.6811598198937, 121.026759169841 14.681015677667, 121.02663481359 14.6807380368819, 121.026451959631 14.6806561893002, 121.026345920088 14.6806668755298, 121.02624718549 14.6806597736064, 121.026163061639 14.6805458649761, 121.026067675612 14.6803543732254, 121.025969221763 14.6802860369957, 121.02583391832 14.6802290930233, 121.025654726157 14.6801721538243, 121.025490172549 14.6801650588401, 121.025285399255 14.6801721943306, 121.025150077825 14.6800369425449, 121.025109842708 14.6799159156642, 121.025161024661 14.6797948788888, 121.025197571862 14.6796560473704, 121.025178569074 14.6795195627812, 121.02518000055 14.6793715612404, 121.025087799909 14.6790117583763, 121.024810568552 14.6786745257456, 121.02458190465 14.6784090513699, 121.024469003288 14.678155992194, 121.024371631522 14.6778685046195, 121.024330591632 14.6775990424196, 121.024320314974 14.6773595207232, 121.024357187781 14.6771414599362, 121.02446334558 14.6768725607088, 121.024597054187 14.6767207581399, 121.02465853531 14.6764612723644, 121.024843060306 14.6763315085529, 121.024922563065 14.6761607493221, 121.024876710895 14.676033088883, 121.024714491188 14.675781164832, 121.024462627685 14.6755925179084, 121.024169580444 14.6755055553733, 121.02402739953 14.6754389129874, 121.023807458812 14.6753519424207, 121.023757259615 14.6752852904232, 121.023756380551 14.6751406784186, 121.023949867811 14.6748706406513, 121.024127410691 14.6746627423861, 121.02431161791 14.6743565522452, 121.024433758966 14.6743090885841, 121.024633665286 14.6742503188051, 121.024921483198 14.6742491583259, 121.025130948448 14.674156493631, 121.025290517097 14.6740480172346, 121.025465065861 14.673657120673, 121.025563818592 14.6739276158185, 121.02597120953 14.6740767560985, 121.026150546396 14.6741424169918, 121.026619255083 14.6741579637901, 121.026847616565 14.6742437286425, 121.028154510149 14.674426128636, 121.028662370063 14.6744969987667, 121.029130995563 14.6738768799362, 121.029326201201 14.6740189186933, 121.029559681329 14.6741888083233, 121.029973859459 14.67404369124, 121.03024206501 14.6739508697407, 121.030244256034 14.6739501102419, 121.030562513956 14.6740594134178, 121.030742695529 14.6739811635353, 121.031080771068 14.6740552864835, 121.031084336405 14.6740560723348, 121.031190133959 14.6741963861215, 121.03159020248 14.6744013649044, 121.03165889413 14.6745668098668, 121.031915295956 14.6746447658929, 121.032266402938 14.6746822713443, 121.032276263813 14.6746875031245, 121.032281284719 14.6744839609058, 121.032988338842 14.6739608719323, 121.033736925829 14.6737865610791, 121.033992813968 14.6740864944635, 121.034300433996 14.6738384756533, 121.034605239679 14.6735874651883, 121.0349948499 14.6732284253564, 121.035160682862 14.6730217315405, 121.03528172683 14.6728101908651, 121.035550319998 14.6722661643401, 121.035754666728 14.6718522440587, 121.037307604047 14.6725076350797, 121.038023193991 14.6727560078684, 121.038031880424 14.6727342694392, 121.038210240387 14.6721853377913, 121.03863689402 14.6719732929879, 121.039014985589 14.6715808700155, 121.039349956431 14.6712756548354, 121.039520882332 14.6712837421816, 121.039661277861 14.6713754023459, 121.039881416798 14.6715191091143, 121.039918902102 14.6715435873169, 121.0399186004 14.6716206204372, 121.039917526503 14.6718937206054, 121.039888835547 14.6722397461676, 121.040108676612 14.672271712789, 121.040412792007 14.6724556699622, 121.040739485005 14.6725256142065, 121.041038329671 14.6725704727107, 121.041427817039 14.6727095113945, 121.041719606356 14.6729034653552, 121.042319196992 14.6730713780966, 121.042751532438 14.6730610314857, 121.042967749996 14.6732637287179, 121.043183985851 14.6736050183529, 121.043255180116 14.6736588911882, 121.043592612283 14.6736536943892, 121.043771317348 14.6761206794775, 121.043822490898 14.6766663543756, 121.043970252049 14.6770255970082, 121.044297300994 14.6773486524007, 121.046612963695 14.6802189737676, 121.047027698706 14.6807679638295, 121.047381502943 14.68128759125, 121.047801195623 14.6819021061607, 121.048053455554 14.6824635552769, 121.0488789009 14.6836293169298, 121.051055553444 14.6858556463722, 121.05157649861 14.686349245349, 121.05204688408 14.6865457221841, 121.052519281407 14.6866484258195, 121.053253683738 14.686717175117, 121.053957033117 14.686767852821, 121.054446270171 14.6869270376387, 121.054950060448 14.6872466468021, 121.055454169078 14.6876814923845, 121.055937099961 14.6881140823933, 121.056347851747 14.6888042788159, 121.056448950055 14.6892844108595, 121.056452076406 14.6901419132649, 121.056508322127 14.6933798490374, 121.046198034484 14.6933685825078))" }, "geometry": { "type": "Polygon", "coordinates": [ [ [ 121.046198034483993, 14.6933685825078 ], [ 121.046204235736994, 14.6929647527038 ], [ 121.045996615305995, 14.692065371508599 ], [ 121.044594895737006, 14.692077882890199 ], [ 121.045053449780994, 14.6906032142253 ], [ 121.044418575826001, 14.690499324511499 ], [ 121.044745210849001, 14.6894162724018 ], [ 121.044503960586994, 14.6892079240105 ], [ 121.044329588248999, 14.689215422969101 ], [ 121.044232433174002, 14.6891431355573 ], [ 121.044088139050999, 14.6890769488393 ], [ 121.043920715320994, 14.689054384972501 ], [ 121.043821481159995, 14.6890781291187 ], [ 121.043651427335007, 14.689043246428101 ], [ 121.043406279986996, 14.6889821125322 ], [ 121.043283881380006, 14.6889208380213 ], [ 121.043118172383998, 14.688881932110201 ], [ 121.042984884546001, 14.6887359620799 ], [ 121.042660964231999, 14.688392559529101 ], [ 121.042466674916, 14.688298037045801 ], [ 121.042375293671, 14.688309252131299 ], [ 121.042287313423003, 14.6883826948732 ], [ 121.042130170934001, 14.688370485666301 ], [ 121.041960451839998, 14.6883338030612 ], [ 121.041735277225001, 14.6882203052322 ], [ 121.041512410001005, 14.6880812918061 ], [ 121.041192399959996, 14.6879256108235 ], [ 121.040948360463005, 14.6878200240364 ], [ 121.040728376055, 14.687850657198499 ], [ 121.040516104410997, 14.688066446288 ], [ 121.040287472855994, 14.688134272918299 ], [ 121.040107854853005, 14.6880891128011 ], [ 121.039878212369004, 14.687959218561099 ], [ 121.039683955735995, 14.688037116332501 ], [ 121.039501130549993, 14.6881762009127 ], [ 121.039364000801001, 14.6881817827293 ], [ 121.039181129713, 14.6880650124331 ], [ 121.038849678155003, 14.687781402827801 ], [ 121.038455408774993, 14.687731414679799 ], [ 121.038232551845994, 14.6876368933723 ], [ 121.037935408294004, 14.6875034562793 ], [ 121.037661108833007, 14.687331078336801 ], [ 121.037506819526996, 14.6872198605916 ], [ 121.037301119659006, 14.687219893737 ], [ 121.037072525438006, 14.6870141385405 ], [ 121.036901102165999, 14.686936292328101 ], [ 121.036438268805995, 14.686908554758499 ], [ 121.03630459195, 14.687071806424401 ], [ 121.036127597703995, 14.6870492384237 ], [ 121.035923276033003, 14.686731801742299 ], [ 121.035797903448994, 14.686575911363001 ], [ 121.035620312624999, 14.6864787775334 ], [ 121.035605780653, 14.686357893217201 ], [ 121.035586786303, 14.6862023117543 ], [ 121.035489631249007, 14.6860465885997 ], [ 121.034175195377003, 14.6855514446983 ], [ 121.034106781080993, 14.685412726702401 ], [ 121.034158177666995, 14.685262548666 ], [ 121.034323842183994, 14.684984417356 ], [ 121.034135262757005, 14.6848453917193 ], [ 121.033942013203003, 14.6843448728429 ], [ 121.033743831395, 14.6843098785198 ], [ 121.033749884491002, 14.6840635853743 ], [ 121.033631790582007, 14.684004853896299 ], [ 121.033574909584999, 14.683931426359999 ], [ 121.033468708490005, 14.6839257927882 ], [ 121.033289083347, 14.683801542694299 ], [ 121.033045654711003, 14.683812875279701 ], [ 121.032986756330004, 14.6838445175253 ], [ 121.032908698021004, 14.683779001299801 ], [ 121.032785958502004, 14.6837586826048 ], [ 121.033061268688996, 14.683482976977301 ], [ 121.032877220667999, 14.682835638516501 ], [ 121.032562957820005, 14.682649268906101 ], [ 121.032439013390004, 14.682323909265801 ], [ 121.032068975165004, 14.6821185122073 ], [ 121.032012162447998, 14.682060729475801 ], [ 121.031846181928998, 14.681956812422699 ], [ 121.031664256506005, 14.6818958291132 ], [ 121.031549680634001, 14.681883643071099 ], [ 121.031370497325995, 14.6819085858035 ], [ 121.031224246190007, 14.6820581162502 ], [ 121.031037768131995, 14.682172050317 ], [ 121.030794716773002, 14.682213414595299 ], [ 121.030701366518997, 14.6823394020852 ], [ 121.030536812614997, 14.682342984854801 ], [ 121.030449030157996, 14.6822468836321 ], [ 121.030379543720997, 14.6821863816494 ], [ 121.030211330740997, 14.682182842525799 ], [ 121.029984617235002, 14.6822006682269 ], [ 121.029823714754997, 14.6822220463339 ], [ 121.029684757165995, 14.682211389966501 ], [ 121.029532853012, 14.6821740361721 ], [ 121.029426662754005, 14.6821729198725 ], [ 121.029320745169997, 14.682127742020199 ], [ 121.029214832863005, 14.682052060024001 ], [ 121.029128894563001, 14.6819943164011 ], [ 121.029048424094, 14.6818590600265 ], [ 121.028964300122993, 14.6816882024091 ], [ 121.028894810062994, 14.6815956593802 ], [ 121.028778667981001, 14.6815324150866 ], [ 121.028626349560994, 14.6815889229809 ], [ 121.028503625704005, 14.681677061021499 ], [ 121.028423103506995, 14.681784382040799 ], [ 121.028302436670003, 14.6818413467961 ], [ 121.028130572793998, 14.6818200102941 ], [ 121.028077408178007, 14.6817471593909 ], [ 121.027880678608994, 14.681643243212701 ], [ 121.027117601824003, 14.6814997609656 ], [ 121.026895578126002, 14.681294256960999 ], [ 121.026835786510006, 14.681159819893701 ], [ 121.026759169841, 14.681015677667 ], [ 121.026634813589993, 14.6807380368819 ], [ 121.026451959631004, 14.680656189300199 ], [ 121.026345920088005, 14.6806668755298 ], [ 121.026247185490007, 14.680659773606401 ], [ 121.026163061638997, 14.6805458649761 ], [ 121.026067675611998, 14.6803543732254 ], [ 121.025969221763006, 14.6802860369957 ], [ 121.025833918320004, 14.6802290930233 ], [ 121.025654726157001, 14.6801721538243 ], [ 121.025490172548999, 14.6801650588401 ], [ 121.025285399254997, 14.6801721943306 ], [ 121.025150077825003, 14.6800369425449 ], [ 121.025109842708005, 14.6799159156642 ], [ 121.025161024661003, 14.679794878888799 ], [ 121.025197571861995, 14.679656047370401 ], [ 121.025178569074001, 14.6795195627812 ], [ 121.025180000549994, 14.6793715612404 ], [ 121.025087799909002, 14.6790117583763 ], [ 121.024810568551999, 14.678674525745601 ], [ 121.024581904650006, 14.678409051369901 ], [ 121.024469003288004, 14.678155992194 ], [ 121.024371631522001, 14.6778685046195 ], [ 121.024330591631994, 14.677599042419599 ], [ 121.024320314974005, 14.677359520723201 ], [ 121.024357187781007, 14.6771414599362 ], [ 121.024463345580003, 14.6768725607088 ], [ 121.024597054186998, 14.676720758139901 ], [ 121.024658535309996, 14.676461272364399 ], [ 121.024843060305997, 14.6763315085529 ], [ 121.024922563065005, 14.676160749322101 ], [ 121.024876710895001, 14.676033088883001 ], [ 121.024714491188007, 14.675781164831999 ], [ 121.024462627684997, 14.675592517908401 ], [ 121.024169580443996, 14.6755055553733 ], [ 121.024027399529999, 14.675438912987399 ], [ 121.023807458812001, 14.675351942420701 ], [ 121.023757259614996, 14.675285290423201 ], [ 121.023756380551006, 14.6751406784186 ], [ 121.023949867810998, 14.674870640651299 ], [ 121.024127410690994, 14.674662742386101 ], [ 121.024311617910001, 14.6743565522452 ], [ 121.024433758965998, 14.674309088584099 ], [ 121.024633665286004, 14.6742503188051 ], [ 121.024921483198, 14.6742491583259 ], [ 121.025130948447995, 14.674156493630999 ], [ 121.025290517097005, 14.6740480172346 ], [ 121.025465065860999, 14.673657120673001 ], [ 121.025563818592005, 14.673927615818499 ], [ 121.025971209529999, 14.674076756098501 ], [ 121.026150546395996, 14.674142416991801 ], [ 121.026619255083006, 14.674157963790099 ], [ 121.026847616564993, 14.6742437286425 ], [ 121.028154510148994, 14.674426128636 ], [ 121.028662370063003, 14.674496998766701 ], [ 121.029130995562994, 14.6738768799362 ], [ 121.029326201201002, 14.674018918693299 ], [ 121.029559681329005, 14.674188808323301 ], [ 121.029973859459005, 14.67404369124 ], [ 121.03024206501, 14.6739508697407 ], [ 121.030244256033995, 14.673950110241901 ], [ 121.030562513955999, 14.674059413417799 ], [ 121.030742695529, 14.6739811635353 ], [ 121.031080771068005, 14.674055286483499 ], [ 121.031084336405002, 14.6740560723348 ], [ 121.031190133959001, 14.674196386121499 ], [ 121.031590202480004, 14.6744013649044 ], [ 121.031658894130004, 14.6745668098668 ], [ 121.031915295955997, 14.6746447658929 ], [ 121.032266402938006, 14.674682271344301 ], [ 121.032276263813003, 14.674687503124501 ], [ 121.032281284719005, 14.6744839609058 ], [ 121.032988338842003, 14.6739608719323 ], [ 121.033736925829004, 14.673786561079099 ], [ 121.033992813967998, 14.6740864944635 ], [ 121.034300433995995, 14.6738384756533 ], [ 121.034605239678996, 14.6735874651883 ], [ 121.034994849900002, 14.673228425356401 ], [ 121.035160682861999, 14.6730217315405 ], [ 121.035281726829993, 14.6728101908651 ], [ 121.035550319997995, 14.672266164340099 ], [ 121.035754666727996, 14.6718522440587 ], [ 121.037307604047001, 14.6725076350797 ], [ 121.038023193990995, 14.672756007868401 ], [ 121.038031880424001, 14.6727342694392 ], [ 121.038210240387002, 14.6721853377913 ], [ 121.038636894020001, 14.6719732929879 ], [ 121.039014985589006, 14.6715808700155 ], [ 121.039349956430996, 14.6712756548354 ], [ 121.039520882331999, 14.6712837421816 ], [ 121.039661277861001, 14.6713754023459 ], [ 121.039881416797996, 14.6715191091143 ], [ 121.039918902102002, 14.671543587316901 ], [ 121.0399186004, 14.671620620437199 ], [ 121.039917526503004, 14.6718937206054 ], [ 121.039888835547004, 14.6722397461676 ], [ 121.040108676611993, 14.672271712789 ], [ 121.040412792007004, 14.672455669962201 ], [ 121.040739485005005, 14.672525614206499 ], [ 121.041038329670997, 14.672570472710699 ], [ 121.041427817038993, 14.672709511394499 ], [ 121.041719606355997, 14.6729034653552 ], [ 121.042319196991997, 14.6730713780966 ], [ 121.042751532438004, 14.6730610314857 ], [ 121.042967749995995, 14.673263728717901 ], [ 121.043183985851002, 14.6736050183529 ], [ 121.043255180116006, 14.6736588911882 ], [ 121.043592612283007, 14.6736536943892 ], [ 121.043771317348003, 14.676120679477499 ], [ 121.043822490897995, 14.6766663543756 ], [ 121.043970252048993, 14.6770255970082 ], [ 121.044297300994003, 14.677348652400701 ], [ 121.046612963694997, 14.6802189737676 ], [ 121.047027698706003, 14.680767963829499 ], [ 121.047381502942997, 14.681287591249999 ], [ 121.047801195622995, 14.681902106160701 ], [ 121.048053455553998, 14.6824635552769 ], [ 121.048878900899993, 14.6836293169298 ], [ 121.051055553444002, 14.6858556463722 ], [ 121.051576498610004, 14.686349245349 ], [ 121.052046884079999, 14.6865457221841 ], [ 121.052519281407001, 14.6866484258195 ], [ 121.053253683738006, 14.686717175117 ], [ 121.053957033117001, 14.686767852820999 ], [ 121.054446270170999, 14.6869270376387 ], [ 121.054950060447993, 14.6872466468021 ], [ 121.055454169078004, 14.687681492384501 ], [ 121.055937099961, 14.6881140823933 ], [ 121.056347851747006, 14.688804278815899 ], [ 121.056448950055, 14.6892844108595 ], [ 121.056452076406003, 14.690141913264901 ], [ 121.056508322127002, 14.693379849037401 ], [ 121.046198034483993, 14.6933685825078 ] ] ] } },
{ "type": "Feature", "properties": { "barangay_name": "Tatalon", "barangay_geom": "POLYGON((121.008104385678 14.6234673852064, 121.009614735958 14.6218997707498, 121.009948840624 14.6183799086996, 121.01062999224 14.6184441680656, 121.014995247575 14.6188837770152, 121.016319229127 14.6192341933482, 121.016287832048 14.6195457457219, 121.016355441058 14.6198925857149, 121.016505147367 14.6203128560555, 121.016657448069 14.6205410622591, 121.01816533182 14.6217927538809, 121.018268605114 14.6218932968672, 121.018337067143 14.6219588191463, 121.018364921318 14.6220480701383, 121.018381176731 14.6221859028883, 121.017751841957 14.6237202025063, 121.017791304308 14.6238749803138, 121.017852239777 14.6240670394382, 121.017922733816 14.6241156148664, 121.018108675467 14.6242014642998, 121.019578667543 14.624544222208, 121.019926579096 14.6249490179531, 121.02009289326 14.6254790906163, 121.019740024895 14.6262295793818, 121.019154609142 14.6265435643387, 121.018407944387 14.6265023195207, 121.018017654253 14.626609752072, 121.017686768743 14.6269154525128, 121.017402858172 14.6273041385812, 121.017006591994 14.6280635109827, 121.016508026658 14.6285365749159, 121.015990273782 14.628903836837, 121.015408599041 14.6292648744513, 121.014987750691 14.6297391501043, 121.008104385678 14.6234673852064))" }, "geometry": { "type": "Polygon", "coordinates": [ [ [ 121.008104385677996, 14.6234673852064 ], [ 121.009614735957996, 14.621899770749801 ], [ 121.009948840624006, 14.6183799086996 ], [ 121.010629992239998, 14.618444168065601 ], [ 121.014995247575001, 14.618883777015199 ], [ 121.016319229127006, 14.6192341933482 ], [ 121.016287832047993, 14.619545745721901 ], [ 121.016355441057996, 14.619892585714901 ], [ 121.016505147366999, 14.6203128560555 ], [ 121.016657448068997, 14.6205410622591 ], [ 121.018165331820001, 14.6217927538809 ], [ 121.018268605114002, 14.621893296867199 ], [ 121.018337067142994, 14.6219588191463 ], [ 121.018364921317996, 14.6220480701383 ], [ 121.018381176730998, 14.622185902888299 ], [ 121.017751841956994, 14.6237202025063 ], [ 121.017791304308005, 14.623874980313801 ], [ 121.017852239777, 14.6240670394382 ], [ 121.017922733815993, 14.624115614866399 ], [ 121.018108675467005, 14.6242014642998 ], [ 121.019578667543001, 14.624544222208 ], [ 121.019926579095994, 14.624949017953099 ], [ 121.020092893259999, 14.625479090616301 ], [ 121.019740024895, 14.6262295793818 ], [ 121.019154609142007, 14.6265435643387 ], [ 121.018407944386993, 14.6265023195207 ], [ 121.018017654253001, 14.626609752072 ], [ 121.017686768743005, 14.626915452512799 ], [ 121.017402858172005, 14.6273041385812 ], [ 121.017006591994004, 14.628063510982701 ], [ 121.016508026658002, 14.6285365749159 ], [ 121.015990273781995, 14.628903836837001 ], [ 121.015408599040995, 14.6292648744513 ], [ 121.014987750691006, 14.629739150104299 ], [ 121.008104385677996, 14.6234673852064 ] ] ] } },
{ "type": "Feature", "properties": { "barangay_name": "Teachers Village East", "barangay_geom": "POLYGON((121.059869350919 14.6468585411884, 121.059438258897 14.6467761503288, 121.059268751325 14.646657819283, 121.059102885517 14.6464103573585, 121.058355310171 14.646647086704, 121.058060330665 14.6467764981946, 121.057784064345 14.647006139128, 121.057743116506 14.6470446794556, 121.057566739922 14.6472106568314, 121.057364028273 14.6469201534848, 121.057319769011 14.6467192887391, 121.057316011781 14.6464430890272, 121.057319609629 14.6461059062554, 121.05737457623 14.6449651990718, 121.057529167626 14.6444235150974, 121.057985737619 14.6433436892604, 121.058143989883 14.6426836295785, 121.058151182184 14.6420415394844, 121.058287214467 14.6409438607666, 121.060059355238 14.6410725492393, 121.059916150394 14.6428338392071, 121.061548308355 14.6429625432192, 121.061226795057 14.6468045187287, 121.059869350919 14.6468585411884))" }, "geometry": { "type": "Polygon", "coordinates": [ [ [ 121.059869350919001, 14.646858541188401 ], [ 121.059438258897003, 14.646776150328799 ], [ 121.059268751325007, 14.646657819283 ], [ 121.059102885517007, 14.6464103573585 ], [ 121.058355310170995, 14.646647086704 ], [ 121.058060330665, 14.646776498194599 ], [ 121.057784064345, 14.647006139128001 ], [ 121.057743116506003, 14.6470446794556 ], [ 121.057566739921995, 14.647210656831399 ], [ 121.057364028273, 14.6469201534848 ], [ 121.057319769011002, 14.646719288739099 ], [ 121.057316011780998, 14.646443089027199 ], [ 121.057319609629005, 14.6461059062554 ], [ 121.057374576230004, 14.6449651990718 ], [ 121.057529167626001, 14.644423515097399 ], [ 121.057985737619006, 14.6433436892604 ], [ 121.058143989883007, 14.642683629578499 ], [ 121.058151182184005, 14.642041539484399 ], [ 121.058287214467001, 14.640943860766599 ], [ 121.060059355237996, 14.641072549239301 ], [ 121.059916150394002, 14.6428338392071 ], [ 121.061548308355, 14.6429625432192 ], [ 121.061226795056996, 14.6468045187287 ], [ 121.059869350919001, 14.646858541188401 ] ] ] } },
{ "type": "Feature", "properties": { "barangay_name": "Teachers Village West", "barangay_geom": "POLYGON((121.054095726767 14.6456511127249, 121.05434246178 14.645181155272, 121.054684918504 14.6444636528276, 121.054927933371 14.6438645566856, 121.055100970502 14.6433766747683, 121.055240877473 14.6429713019693, 121.055435951421 14.6422251457389, 121.054618004843 14.6420244633557, 121.05474674854 14.6412245183157, 121.054857140664 14.6406936018731, 121.054993113454 14.6392946067195, 121.056488898946 14.6393337097353, 121.057645740075 14.6393549463221, 121.057572357699 14.6404920704642, 121.057620297537 14.6406785815737, 121.057723487116 14.6407825866037, 121.057918775752 14.6408937360463, 121.058287214467 14.6409438607666, 121.058151182184 14.6420415394844, 121.058143989883 14.6426836295785, 121.057985737619 14.6433436892604, 121.057529167626 14.6444235150974, 121.05737457623 14.6449651990718, 121.057319609629 14.6461059062554, 121.056696933933 14.6460307247647, 121.056101033842 14.645927968413, 121.05540734686 14.6457236436167, 121.055153267175 14.6462176276479, 121.054677922324 14.645937941923, 121.054095726767 14.6456511127249))" }, "geometry": { "type": "Polygon", "coordinates": [ [ [ 121.054095726767002, 14.6456511127249 ], [ 121.054342461779996, 14.645181155272001 ], [ 121.054684918503995, 14.6444636528276 ], [ 121.054927933371005, 14.6438645566856 ], [ 121.055100970501996, 14.6433766747683 ], [ 121.055240877472997, 14.6429713019693 ], [ 121.055435951421003, 14.6422251457389 ], [ 121.054618004842993, 14.6420244633557 ], [ 121.054746748539998, 14.641224518315701 ], [ 121.054857140663998, 14.6406936018731 ], [ 121.054993113454003, 14.639294606719499 ], [ 121.056488898946, 14.6393337097353 ], [ 121.057645740075003, 14.639354946322101 ], [ 121.057572357699001, 14.6404920704642 ], [ 121.057620297536999, 14.640678581573701 ], [ 121.057723487115993, 14.6407825866037 ], [ 121.057918775752, 14.6408937360463 ], [ 121.058287214467001, 14.640943860766599 ], [ 121.058151182184005, 14.642041539484399 ], [ 121.058143989883007, 14.642683629578499 ], [ 121.057985737619006, 14.6433436892604 ], [ 121.057529167626001, 14.644423515097399 ], [ 121.057374576230004, 14.6449651990718 ], [ 121.057319609629005, 14.6461059062554 ], [ 121.056696933932997, 14.646030724764699 ], [ 121.056101033841998, 14.645927968413 ], [ 121.055407346859994, 14.6457236436167 ], [ 121.055153267175001, 14.6462176276479 ], [ 121.054677922324004, 14.645937941923 ], [ 121.054095726767002, 14.6456511127249 ] ] ] } },
{ "type": "Feature", "properties": { "barangay_name": "U. P. Campus", "barangay_geom": "POLYGON((121.062694039985 14.661763591394, 121.062563479871 14.6617624967811, 121.059836363655 14.6618953992343, 121.053366629565 14.6619116614998, 121.045819116174 14.6620770899945, 121.045578955048 14.662370880785, 121.045188760082 14.6624170701784, 121.045008146193 14.6620799237319, 121.044875441037 14.6618037400243, 121.044849626196 14.6616853708546, 121.044915911779 14.6614952471991, 121.045214275624 14.6610754975378, 121.0453211107 14.6610109164102, 121.045442702584 14.6610144808684, 121.045505349897 14.6610575088338, 121.045579054718 14.6611471720619, 121.04573014018 14.6612332318678, 121.045846794981 14.6612455642022, 121.045976764196 14.661219553526, 121.046080146388 14.6611147886079, 121.046186964949 14.6609282447387, 121.046290072521 14.6606663676162, 121.046330849692 14.6604568796192, 121.046330218492 14.6602365720239, 121.046244590284 14.660044525925, 121.046085870924 14.6598988154016, 121.046020920221 14.6598055172087, 121.04596931226 14.659676397711, 121.046127749463 14.659672778143, 121.046356167922 14.6595794668506, 121.046466683835 14.6594969434991, 121.046798153532 14.6588404458169, 121.04684971769 14.6587184730639, 121.046941806187 14.6586431295779, 121.047328665766 14.6585748935933, 121.047516538743 14.65838832353, 121.04765283388 14.6582591659213, 121.04789321072 14.6580941862437, 121.048544496762 14.6583127862962, 121.048570278203 14.6582302796132, 121.048787657799 14.658230234109, 121.048831865295 14.6581800082196, 121.048942401082 14.6581943287117, 121.049064003442 14.6582516960813, 121.049196631945 14.6582122160261, 121.049296087988 14.6580830562078, 121.049303442451 14.6580077297322, 121.048911078078 14.657359615176, 121.048777552084 14.6570331358024, 121.049078897074 14.65667832039, 121.049290644661 14.6564918613302, 121.049458018812 14.6564014431157, 121.050443141131 14.6559199437535, 121.051031036151 14.6551843263949, 121.051200403402 14.6549289580745, 121.051404615801 14.6546911432854, 121.051765663663 14.6545655216527, 121.052134086589 14.6544972817785, 121.052405135778 14.6544779060871, 121.052512995121 14.6542146421658, 121.052495540209 14.6540124148245, 121.052801215372 14.6535615619332, 121.053090205367 14.6537219254452, 121.053524544625 14.6539025913009, 121.054013142379 14.6541013202863, 121.054537423011 14.6542830931209, 121.054973473827 14.6543564264094, 121.055336421215 14.6544116997441, 121.05577132595 14.6545031083447, 121.056243068739 14.6545956370091, 121.05665969504 14.6546881781475, 121.057276783266 14.6547456459701, 121.057694552104 14.6547670086067, 121.058220024548 14.6516046583205, 121.058757823112 14.6511382025663, 121.05924010543 14.6497427157573, 121.059869350919 14.6468585411884, 121.061226795057 14.6468045187287, 121.064720644818 14.6474973059195, 121.064514724215 14.6377251783064, 121.074432444096 14.6472977745395, 121.076368352365 14.6491048013476, 121.07628227812 14.6530000158811, 121.074332962195 14.6529107523383, 121.07433450468 14.6574853975559, 121.076396554253 14.6593361089158, 121.076149163671 14.6598061887081, 121.074868955584 14.6623904081856, 121.074434507666 14.6628684456652, 121.074011777685 14.6633566918242, 121.073378264258 14.6632672060052, 121.065836797165 14.6622017381629, 121.062694039985 14.661763591394))" }, "geometry": { "type": "Polygon", "coordinates": [ [ [ 121.062694039985004, 14.661763591393999 ], [ 121.062563479871002, 14.661762496781099 ], [ 121.059836363654995, 14.6618953992343 ], [ 121.053366629565005, 14.661911661499801 ], [ 121.045819116174002, 14.662077089994501 ], [ 121.045578955048001, 14.662370880785 ], [ 121.045188760081999, 14.6624170701784 ], [ 121.045008146192998, 14.6620799237319 ], [ 121.044875441036993, 14.6618037400243 ], [ 121.044849626195997, 14.661685370854601 ], [ 121.044915911779, 14.661495247199101 ], [ 121.045214275624005, 14.6610754975378 ], [ 121.045321110700002, 14.6610109164102 ], [ 121.045442702583998, 14.661014480868401 ], [ 121.045505349896999, 14.6610575088338 ], [ 121.045579054718004, 14.6611471720619 ], [ 121.045730140179998, 14.661233231867801 ], [ 121.045846794981003, 14.661245564202201 ], [ 121.045976764195998, 14.661219553525999 ], [ 121.046080146387993, 14.6611147886079 ], [ 121.046186964949001, 14.660928244738701 ], [ 121.046290072521003, 14.6606663676162 ], [ 121.046330849691998, 14.660456879619201 ], [ 121.046330218492002, 14.6602365720239 ], [ 121.046244590284005, 14.660044525925001 ], [ 121.046085870924003, 14.659898815401601 ], [ 121.046020920220997, 14.659805517208699 ], [ 121.045969312259999, 14.659676397710999 ], [ 121.046127749462997, 14.659672778142999 ], [ 121.046356167921999, 14.6595794668506 ], [ 121.046466683835007, 14.6594969434991 ], [ 121.046798153531995, 14.658840445816899 ], [ 121.046849717689994, 14.6587184730639 ], [ 121.046941806186993, 14.6586431295779 ], [ 121.047328665766003, 14.6585748935933 ], [ 121.047516538742997, 14.65838832353 ], [ 121.047652833879994, 14.658259165921301 ], [ 121.047893210720005, 14.6580941862437 ], [ 121.048544496762005, 14.6583127862962 ], [ 121.048570278203002, 14.6582302796132 ], [ 121.048787657798997, 14.658230234109 ], [ 121.048831865295, 14.658180008219601 ], [ 121.048942401082002, 14.6581943287117 ], [ 121.049064003441998, 14.658251696081299 ], [ 121.049196631944994, 14.658212216026101 ], [ 121.049296087987997, 14.658083056207801 ], [ 121.049303442451006, 14.6580077297322 ], [ 121.048911078078007, 14.657359615176 ], [ 121.048777552084005, 14.657033135802401 ], [ 121.049078897073997, 14.65667832039 ], [ 121.049290644660999, 14.656491861330201 ], [ 121.049458018812004, 14.656401443115699 ], [ 121.050443141130998, 14.655919943753499 ], [ 121.051031036151002, 14.655184326394901 ], [ 121.051200403402007, 14.6549289580745 ], [ 121.051404615801005, 14.654691143285399 ], [ 121.051765663663005, 14.6545655216527 ], [ 121.052134086589007, 14.6544972817785 ], [ 121.052405135778002, 14.6544779060871 ], [ 121.052512995121006, 14.654214642165799 ], [ 121.052495540208994, 14.6540124148245 ], [ 121.052801215372, 14.6535615619332 ], [ 121.053090205366999, 14.6537219254452 ], [ 121.053524544625006, 14.6539025913009 ], [ 121.054013142379006, 14.6541013202863 ], [ 121.054537423010999, 14.654283093120901 ], [ 121.054973473827005, 14.6543564264094 ], [ 121.055336421215003, 14.654411699744101 ], [ 121.055771325950005, 14.6545031083447 ], [ 121.056243068738993, 14.6545956370091 ], [ 121.056659695039997, 14.6546881781475 ], [ 121.057276783266005, 14.654745645970101 ], [ 121.057694552103996, 14.654767008606701 ], [ 121.058220024548007, 14.651604658320499 ], [ 121.058757823112003, 14.651138202566299 ], [ 121.059240105430007, 14.6497427157573 ], [ 121.059869350919001, 14.646858541188401 ], [ 121.061226795056996, 14.6468045187287 ], [ 121.064720644817996, 14.647497305919501 ], [ 121.064514724215002, 14.6377251783064 ], [ 121.074432444096004, 14.647297774539499 ], [ 121.076368352364995, 14.649104801347599 ], [ 121.076282278120004, 14.6530000158811 ], [ 121.074332962195001, 14.6529107523383 ], [ 121.074334504679996, 14.657485397555901 ], [ 121.076396554252995, 14.659336108915801 ], [ 121.076149163671005, 14.659806188708099 ], [ 121.074868955583995, 14.662390408185599 ], [ 121.074434507665998, 14.6628684456652 ], [ 121.074011777685001, 14.6633566918242 ], [ 121.073378264257997, 14.6632672060052 ], [ 121.065836797165005, 14.662201738162899 ], [ 121.062694039985004, 14.661763591393999 ] ] ] } },
{ "type": "Feature", "properties": { "barangay_name": "U. P. Village", "barangay_geom": "POLYGON((121.05512857819 14.651583900349, 121.054318274547 14.6516845151852, 121.053621894007 14.6515806552733, 121.053673314202 14.6509278000192, 121.053669445894 14.6501386422541, 121.054244181551 14.6500560076164, 121.05419619842 14.6496901314469, 121.053915977583 14.6488508211655, 121.053720618368 14.6484706442574, 121.0533704888 14.6479792957956, 121.052924567051 14.6474915567828, 121.054095726767 14.6456511127249, 121.054677922324 14.645937941923, 121.055153267175 14.6462176276479, 121.05540734686 14.6457236436167, 121.056101033842 14.645927968413, 121.056696933933 14.6460307247647, 121.057319609629 14.6461059062554, 121.057316011781 14.6464430890272, 121.057319769011 14.6467192887391, 121.057364028273 14.6469201534848, 121.057566739922 14.6472106568314, 121.057743116506 14.6470446794556, 121.057784064345 14.647006139128, 121.058060330665 14.6467764981946, 121.058355310171 14.646647086704, 121.059102885517 14.6464103573585, 121.059268751325 14.646657819283, 121.059438258897 14.6467761503288, 121.059869350919 14.6468585411884, 121.05924010543 14.6497427157573, 121.058757823112 14.6511382025663, 121.058220024548 14.6516046583205, 121.057763233795 14.6518666289652, 121.057560603808 14.6519420041364, 121.057328504084 14.6520030426598, 121.057089022907 14.6520246307125, 121.056635847314 14.6520211532875, 121.056204739064 14.651910059998, 121.055677872134 14.6519101866915, 121.055165749793 14.6519569371354, 121.05512857819 14.651583900349))" }, "geometry": { "type": "Polygon", "coordinates": [ [ [ 121.055128578189994, 14.651583900348999 ], [ 121.054318274547001, 14.651684515185201 ], [ 121.053621894006994, 14.6515806552733 ], [ 121.053673314202001, 14.6509278000192 ], [ 121.053669445894002, 14.650138642254101 ], [ 121.054244181550999, 14.650056007616399 ], [ 121.054196198420001, 14.649690131446899 ], [ 121.053915977583003, 14.6488508211655 ], [ 121.053720618368004, 14.648470644257401 ], [ 121.053370488799999, 14.647979295795601 ], [ 121.052924567050994, 14.6474915567828 ], [ 121.054095726767002, 14.6456511127249 ], [ 121.054677922324004, 14.645937941923 ], [ 121.055153267175001, 14.6462176276479 ], [ 121.055407346859994, 14.6457236436167 ], [ 121.056101033841998, 14.645927968413 ], [ 121.056696933932997, 14.646030724764699 ], [ 121.057319609629005, 14.6461059062554 ], [ 121.057316011780998, 14.646443089027199 ], [ 121.057319769011002, 14.646719288739099 ], [ 121.057364028273, 14.6469201534848 ], [ 121.057566739921995, 14.647210656831399 ], [ 121.057743116506003, 14.6470446794556 ], [ 121.057784064345, 14.647006139128001 ], [ 121.058060330665, 14.646776498194599 ], [ 121.058355310170995, 14.646647086704 ], [ 121.059102885517007, 14.6464103573585 ], [ 121.059268751325007, 14.646657819283 ], [ 121.059438258897003, 14.646776150328799 ], [ 121.059869350919001, 14.646858541188401 ], [ 121.059240105430007, 14.6497427157573 ], [ 121.058757823112003, 14.651138202566299 ], [ 121.058220024548007, 14.651604658320499 ], [ 121.057763233795001, 14.6518666289652 ], [ 121.057560603808, 14.6519420041364 ], [ 121.057328504083998, 14.6520030426598 ], [ 121.057089022906993, 14.6520246307125 ], [ 121.056635847313999, 14.6520211532875 ], [ 121.056204739064, 14.651910059998 ], [ 121.055677872133998, 14.6519101866915 ], [ 121.055165749793005, 14.651956937135401 ], [ 121.055128578189994, 14.651583900348999 ] ] ] } },
{ "type": "Feature", "properties": { "barangay_name": "Ugong Norte", "barangay_geom": "POLYGON((121.075436170347 14.6028652618041, 121.075453177621 14.6027126987463, 121.075333086312 14.6026890119943, 121.075300356348 14.6024056264815, 121.075267187982 14.6023339001483, 121.075021212975 14.6024744527064, 121.074755166677 14.60232688832, 121.074489887283 14.6021404405889, 121.074429719734 14.6021243173721, 121.074255960923 14.6021199439576, 121.07028636647 14.6019776902139, 121.069167363783 14.6019215351442, 121.068756906504 14.6017838222525, 121.060042459721 14.5997304003181, 121.060121376661 14.59859512297, 121.060043982715 14.5975438064764, 121.059701914553 14.5957220957257, 121.058538738442 14.5926063227683, 121.057609994388 14.5896731949754, 121.068182652928 14.5919468101624, 121.068193391743 14.5919491208352, 121.069617652443 14.5930719009277, 121.069920422809 14.5933799175386, 121.070578308439 14.5934627817018, 121.073559708076 14.5930196438941, 121.077480614395 14.592449215084, 121.083082290911 14.5905308685597, 121.082466768729 14.5936660434698, 121.082345968301 14.594619248293, 121.082542797476 14.5990383875496, 121.082346723171 14.6017629818623, 121.082562992972 14.6026940767795, 121.082022150005 14.6028323999157, 121.079356107079 14.6027683725422, 121.079341433319 14.6029501197639, 121.075436170347 14.6028652618041))" }, "geometry": { "type": "Polygon", "coordinates": [ [ [ 121.075436170347004, 14.6028652618041 ], [ 121.075453177621, 14.6027126987463 ], [ 121.075333086312, 14.6026890119943 ], [ 121.075300356347995, 14.602405626481501 ], [ 121.075267187982007, 14.602333900148301 ], [ 121.075021212975003, 14.602474452706399 ], [ 121.074755166676994, 14.60232688832 ], [ 121.074489887282994, 14.602140440588901 ], [ 121.074429719733999, 14.6021243173721 ], [ 121.074255960922997, 14.6021199439576 ], [ 121.07028636647, 14.6019776902139 ], [ 121.069167363782995, 14.6019215351442 ], [ 121.068756906504007, 14.6017838222525 ], [ 121.060042459721004, 14.5997304003181 ], [ 121.060121376661002, 14.59859512297 ], [ 121.060043982715001, 14.5975438064764 ], [ 121.059701914553003, 14.5957220957257 ], [ 121.058538738441996, 14.592606322768299 ], [ 121.057609994388002, 14.589673194975401 ], [ 121.068182652928002, 14.591946810162399 ], [ 121.068193391742994, 14.591949120835199 ], [ 121.069617652443, 14.593071900927701 ], [ 121.069920422809005, 14.5933799175386 ], [ 121.070578308438996, 14.593462781701801 ], [ 121.073559708076004, 14.593019643894101 ], [ 121.077480614395, 14.592449215084001 ], [ 121.083082290910994, 14.5905308685597 ], [ 121.082466768729006, 14.593666043469799 ], [ 121.082345968300999, 14.594619248293 ], [ 121.082542797475995, 14.5990383875496 ], [ 121.082346723171, 14.601762981862301 ], [ 121.082562992972001, 14.6026940767795 ], [ 121.082022150005002, 14.6028323999157 ], [ 121.079356107078993, 14.602768372542201 ], [ 121.079341433319001, 14.6029501197639 ], [ 121.075436170347004, 14.6028652618041 ] ] ] } },
{ "type": "Feature", "properties": { "barangay_name": "Unang Sigaw", "barangay_geom": "POLYGON((121.002514688012 14.6594677153205, 121.002261463992 14.6596378723672, 121.001944657321 14.6601248119439, 121.001647278999 14.6604230770888, 121.001402417456 14.6605100720238, 121.001194405821 14.6610376820647, 121.001107081538 14.6610478505478, 121.000992770804 14.6614681304966, 121.000879627877 14.6615042840209, 121.000780405534 14.6626781292661, 120.999377659406 14.664044037653, 120.999046390222 14.6589809529104, 120.999087366597 14.6573095781521, 121.003808660466 14.6574005551024, 121.003850140251 14.6574016209353, 121.003797841616 14.6577485286819, 121.004033223048 14.658311843925, 121.004052841611 14.6584168682765, 121.003958040327 14.6586810223721, 121.003869783455 14.6589197155101, 121.003676918989 14.6593175380499, 121.003513469651 14.6594225652605, 121.002983882146 14.6593652881115, 121.002728391357 14.6593744470158, 121.002514688012 14.6594677153205))" }, "geometry": { "type": "Polygon", "coordinates": [ [ [ 121.002514688011999, 14.659467715320501 ], [ 121.002261463991999, 14.659637872367201 ], [ 121.001944657321005, 14.6601248119439 ], [ 121.001647278999002, 14.660423077088801 ], [ 121.001402417456006, 14.660510072023801 ], [ 121.001194405820996, 14.6610376820647 ], [ 121.001107081537995, 14.661047850547799 ], [ 121.000992770804004, 14.661468130496599 ], [ 121.000879627876998, 14.6615042840209 ], [ 121.000780405534002, 14.6626781292661 ], [ 120.999377659405994, 14.664044037652999 ], [ 120.999046390222006, 14.658980952910399 ], [ 120.999087366596996, 14.6573095781521 ], [ 121.003808660466007, 14.6574005551024 ], [ 121.003850140251004, 14.6574016209353 ], [ 121.003797841616006, 14.6577485286819 ], [ 121.004033223047998, 14.658311843925 ], [ 121.004052841610999, 14.6584168682765 ], [ 121.003958040327007, 14.6586810223721 ], [ 121.003869783455002, 14.6589197155101 ], [ 121.003676918989001, 14.659317538049899 ], [ 121.003513469650997, 14.659422565260501 ], [ 121.002983882145998, 14.6593652881115 ], [ 121.002728391356996, 14.6593744470158 ], [ 121.002514688011999, 14.659467715320501 ] ] ] } },
{ "type": "Feature", "properties": { "barangay_name": "Valencia", "barangay_geom": "POLYGON((121.038361029536 14.6106239186929, 121.038312580347 14.6107407557814, 121.0382737156 14.610890481676, 121.038279573028 14.6110549417007, 121.037802110909 14.6116675092925, 121.037604156838 14.6119907962282, 121.037384379034 14.6124697170329, 121.037610071072 14.61254656959, 121.038361386643 14.6126825550192, 121.03842313237 14.6127519951744, 121.03698717265 14.6150849317981, 121.03475521324 14.6137851967659, 121.033357587203 14.6129674344678, 121.033041494821 14.6127933746307, 121.032492582127 14.6125925754613, 121.031299280305 14.6122113674393, 121.031307974545 14.6121912650842, 121.031336917655 14.6121421922444, 121.031405299063 14.6120262396813, 121.031452998882 14.6119642937548, 121.031524251596 14.6118717499759, 121.031726127253 14.6117137420804, 121.031819315713 14.611577585406, 121.031820550057 14.6115766271773, 121.032014532912 14.6115276310964, 121.032146368191 14.6114390014249, 121.032450726635 14.6111132910832, 121.032808875441 14.6108100148877, 121.032822397096 14.6107971876305, 121.032916317108 14.6107190382479, 121.033012256754 14.6106159247426, 121.033255650598 14.6102929967129, 121.03356099621 14.609887865165, 121.033705169758 14.609645599707, 121.034022789784 14.6095188817382, 121.034083711309 14.609494577878, 121.034394076111 14.6094501723147, 121.03439759385 14.6094499458384, 121.034476690913 14.6094383470525, 121.034522589606 14.6094419284712, 121.034519081149 14.6094421549481, 121.034707901958 14.6094591008665, 121.034904779364 14.6094174139366, 121.035062827581 14.6092354943259, 121.035275145661 14.6089369722558, 121.035357842065 14.6087984205773, 121.03534907803 14.6087852079018, 121.035651909051 14.608651747374, 121.035885894213 14.6086128558155, 121.036261219635 14.6086797445079, 121.036517183803 14.6086410838948, 121.036591914349 14.608606997769, 121.036614541669 14.6085982903295, 121.036632779029 14.6085912737404, 121.036635962252 14.6085888780893, 121.036812802633 14.6085111388903, 121.03699353906 14.6083651235722, 121.0370138987 14.6078398049201, 121.037200567129 14.6075383657657, 121.037235913574 14.6073844558322, 121.037271467787 14.6071418619865, 121.037270122171 14.6071431727561, 121.037289225619 14.606933923847, 121.037322868094 14.6068037487611, 121.037379773951 14.6066955239923, 121.037381119563 14.606694213222, 121.037822940093 14.606298490084, 121.038301970166 14.6067143096637, 121.038936380985 14.6072610764687, 121.038955485285 14.6072763932099, 121.03928833862 14.6075637917059, 121.039716302075 14.6081619105219, 121.039722931323 14.608173794766, 121.039788708578 14.6082661188932, 121.039831274171 14.6083682444896, 121.040008074092 14.6087924452037, 121.040329368434 14.608991015683, 121.041072071968 14.6088407959871, 121.041095099 14.608836137204, 121.041210478825 14.6088806576188, 121.04221810234 14.6092800609077, 121.041929095442 14.6098568743996, 121.041524725611 14.6104424842696, 121.041484195359 14.61041019762, 121.041453215397 14.610374402404, 121.041421294959 14.6103224378239, 121.041314828713 14.6102490204822, 121.041261745709 14.6101959298392, 121.041156293437 14.6101340541598, 121.041057407657 14.610044999094, 121.040841916258 14.6100110077092, 121.040713802481 14.6100734215254, 121.040626456178 14.6101471622079, 121.040565321503 14.6102209073385, 121.040489914874 14.6102627226003, 121.040382598964 14.6102616114172, 121.040264832 14.6102616317772, 121.040169082492 14.6102167279124, 121.039948055998 14.6102167658731, 121.039900179824 14.6102634117206, 121.039825412373 14.6102989902281, 121.039696334369 14.6103182186298, 121.039600331284 14.6103080668564, 121.039504028973 14.6102854874252, 121.039429759983 14.6102018956728, 121.039324152074 14.6100448729542, 121.03922927381 14.6098867185929, 121.03915873174 14.6096199919832, 121.038931595465 14.6096030199142, 121.038582165109 14.6095974019196, 121.038588053028 14.6099887143707, 121.038361029536 14.6106239186929))" }, "geometry": { "type": "Polygon", "coordinates": [ [ [ 121.038361029536006, 14.6106239186929 ], [ 121.038312580346997, 14.6107407557814 ], [ 121.038273715599999, 14.610890481676 ], [ 121.038279573028007, 14.611054941700701 ], [ 121.037802110908999, 14.6116675092925 ], [ 121.037604156838, 14.6119907962282 ], [ 121.037384379033995, 14.6124697170329 ], [ 121.037610071071995, 14.61254656959 ], [ 121.038361386643004, 14.6126825550192 ], [ 121.038423132369999, 14.612751995174399 ], [ 121.036987172650001, 14.6150849317981 ], [ 121.034755213240004, 14.6137851967659 ], [ 121.033357587203, 14.6129674344678 ], [ 121.033041494821006, 14.6127933746307 ], [ 121.032492582127006, 14.612592575461299 ], [ 121.031299280305007, 14.612211367439301 ], [ 121.031307974545001, 14.612191265084199 ], [ 121.031336917654997, 14.6121421922444 ], [ 121.031405299062996, 14.612026239681301 ], [ 121.031452998882003, 14.6119642937548 ], [ 121.031524251595997, 14.611871749975901 ], [ 121.031726127252995, 14.611713742080401 ], [ 121.031819315712994, 14.611577585406 ], [ 121.031820550057006, 14.6115766271773 ], [ 121.032014532912001, 14.611527631096401 ], [ 121.032146368190993, 14.6114390014249 ], [ 121.032450726635005, 14.6111132910832 ], [ 121.032808875441006, 14.610810014887701 ], [ 121.032822397095998, 14.610797187630499 ], [ 121.032916317108004, 14.6107190382479 ], [ 121.033012256754006, 14.6106159247426 ], [ 121.033255650597994, 14.6102929967129 ], [ 121.033560996209999, 14.609887865165 ], [ 121.033705169757994, 14.609645599706999 ], [ 121.034022789784004, 14.6095188817382 ], [ 121.034083711308995, 14.609494577877999 ], [ 121.034394076110999, 14.6094501723147 ], [ 121.034397593850002, 14.609449945838399 ], [ 121.034476690912996, 14.6094383470525 ], [ 121.034522589605999, 14.609441928471201 ], [ 121.034519081149, 14.6094421549481 ], [ 121.034707901958001, 14.6094591008665 ], [ 121.034904779363998, 14.609417413936599 ], [ 121.035062827581001, 14.609235494325899 ], [ 121.035275145661004, 14.608936972255799 ], [ 121.035357842064997, 14.608798420577299 ], [ 121.035349078029995, 14.6087852079018 ], [ 121.035651909050998, 14.608651747373999 ], [ 121.035885894212996, 14.608612855815499 ], [ 121.036261219634994, 14.608679744507899 ], [ 121.036517183802999, 14.608641083894801 ], [ 121.036591914349003, 14.608606997769 ], [ 121.036614541668996, 14.6085982903295 ], [ 121.036632779029006, 14.6085912737404 ], [ 121.036635962252006, 14.6085888780893 ], [ 121.036812802632994, 14.6085111388903 ], [ 121.036993539060006, 14.608365123572201 ], [ 121.037013898699996, 14.607839804920101 ], [ 121.037200567129005, 14.6075383657657 ], [ 121.037235913573994, 14.6073844558322 ], [ 121.037271467786994, 14.6071418619865 ], [ 121.037270122170995, 14.6071431727561 ], [ 121.037289225619006, 14.606933923847 ], [ 121.037322868093995, 14.6068037487611 ], [ 121.037379773951002, 14.6066955239923 ], [ 121.037381119562994, 14.606694213221999 ], [ 121.037822940092994, 14.606298490084001 ], [ 121.038301970166003, 14.606714309663699 ], [ 121.038936380985007, 14.607261076468699 ], [ 121.038955485285001, 14.607276393209901 ], [ 121.039288338619997, 14.6075637917059 ], [ 121.039716302075007, 14.6081619105219 ], [ 121.039722931322999, 14.608173794766 ], [ 121.039788708578001, 14.6082661188932 ], [ 121.039831274170993, 14.608368244489601 ], [ 121.040008074092, 14.608792445203701 ], [ 121.040329368434001, 14.608991015682999 ], [ 121.041072071968003, 14.608840795987099 ], [ 121.041095099, 14.608836137203999 ], [ 121.041210478824993, 14.6088806576188 ], [ 121.042218102340001, 14.6092800609077 ], [ 121.041929095442001, 14.6098568743996 ], [ 121.041524725610998, 14.610442484269599 ], [ 121.041484195359004, 14.61041019762 ], [ 121.041453215396999, 14.610374402404 ], [ 121.041421294958994, 14.6103224378239 ], [ 121.041314828712999, 14.6102490204822 ], [ 121.041261745708994, 14.6101959298392 ], [ 121.041156293436998, 14.610134054159801 ], [ 121.041057407656993, 14.610044999094001 ], [ 121.040841916258003, 14.6100110077092 ], [ 121.040713802480994, 14.610073421525399 ], [ 121.040626456178003, 14.6101471622079 ], [ 121.040565321502996, 14.610220907338499 ], [ 121.040489914874001, 14.6102627226003 ], [ 121.040382598964001, 14.610261611417201 ], [ 121.040264832, 14.610261631777201 ], [ 121.040169082492, 14.6102167279124 ], [ 121.039948055997996, 14.610216765873099 ], [ 121.039900179824002, 14.610263411720601 ], [ 121.039825412373006, 14.610298990228101 ], [ 121.039696334368998, 14.6103182186298 ], [ 121.039600331284007, 14.610308066856399 ], [ 121.039504028972999, 14.6102854874252 ], [ 121.039429759982994, 14.6102018956728 ], [ 121.039324152074002, 14.6100448729542 ], [ 121.039229273809994, 14.6098867185929 ], [ 121.039158731740002, 14.6096199919832 ], [ 121.038931595465002, 14.6096030199142 ], [ 121.038582165109005, 14.609597401919601 ], [ 121.038588053027993, 14.609988714370701 ], [ 121.038361029536006, 14.6106239186929 ] ] ] } },
{ "type": "Feature", "properties": { "barangay_name": "Vasra", "barangay_geom": "POLYGON((121.04458005451 14.6587296838335, 121.043189831141 14.6527933397354, 121.046554198073 14.652002664486, 121.046593407497 14.6522466899747, 121.046591993883 14.6524105089313, 121.046631788524 14.6526556640714, 121.046691624622 14.6529799000502, 121.046794075149 14.6531855001298, 121.046938306028 14.6534102980587, 121.047165814941 14.6536972171321, 121.047435672372 14.6539231190174, 121.047663736064 14.6541083569361, 121.048038597671 14.6542743580322, 121.048371962551 14.6543578929413, 121.048768855714 14.6544425438439, 121.0491871814 14.6543859665726, 121.049522538731 14.654327146661, 121.049962601479 14.654167753048, 121.050446440313 14.6538659963606, 121.050909380638 14.6535247008057, 121.051246703122 14.6531811724642, 121.05159208164 14.6527935441174, 121.052801215372 14.6535615619332, 121.052495540209 14.6540124148245, 121.052512995121 14.6542146421658, 121.052405135778 14.6544779060871, 121.052134086589 14.6544972817785, 121.051765663663 14.6545655216527, 121.051404615801 14.6546911432854, 121.051200403402 14.6549289580745, 121.051031036151 14.6551843263949, 121.050443141131 14.6559199437535, 121.049458018812 14.6564014431157, 121.049290644661 14.6564918613302, 121.049078897074 14.65667832039, 121.048777552084 14.6570331358024, 121.048911078078 14.657359615176, 121.049303442451 14.6580077297322, 121.049296087988 14.6580830562078, 121.049196631945 14.6582122160261, 121.049064003442 14.6582516960813, 121.048942401082 14.6581943287117, 121.048831865295 14.6581800082196, 121.048787657799 14.658230234109, 121.048570278203 14.6582302796132, 121.048544496762 14.6583127862962, 121.04789321072 14.6580941862437, 121.04765283388 14.6582591659213, 121.047516538743 14.65838832353, 121.047328665766 14.6585748935933, 121.046941806187 14.6586431295779, 121.04684971769 14.6587184730639, 121.046798153532 14.6588404458169, 121.046466683835 14.6594969434991, 121.046356167922 14.6595794668506, 121.046127749463 14.659672778143, 121.04596931226 14.659676397711, 121.046020920221 14.6598055172087, 121.046085870924 14.6598988154016, 121.046244590284 14.660044525925, 121.046330218492 14.6602365720239, 121.046330849692 14.6604568796192, 121.046290072521 14.6606663676162, 121.046186964949 14.6609282447387, 121.046080146388 14.6611147886079, 121.045976764196 14.661219553526, 121.045846794981 14.6612455642022, 121.04573014018 14.6612332318678, 121.045579054718 14.6611471720619, 121.045505349897 14.6610575088338, 121.045442702584 14.6610144808684, 121.0453211107 14.6610109164102, 121.045214275624 14.6610754975378, 121.044915911779 14.6614952471991, 121.044849626196 14.6616853708546, 121.044875441037 14.6618037400243, 121.045008146193 14.6620799237319, 121.045188760082 14.6624170701784, 121.045310368536 14.6625425970338, 121.045461500738 14.6628510525099, 121.045443118332 14.6630304114063, 121.045328929284 14.6631846716651, 121.045262610394 14.6632133810731, 121.045203680636 14.6633281784838, 121.045159525416 14.663597220008, 121.045119050965 14.6638877809075, 121.044912777371 14.664199893989, 121.044879705436 14.6646447003884, 121.044809708306 14.66471286239, 121.044695495387 14.6647559336219, 121.044518636396 14.6647667321311, 121.044367580763 14.6648384976994, 121.044212863737 14.6650322261751, 121.044135501142 14.6650860546895, 121.043966011257 14.6650860868093, 121.043774421697 14.6651614478445, 121.043557031702 14.66514355677, 121.043522663081 14.6651486065578, 121.043278833374 14.665184479755, 121.043081716014 14.665147224503, 121.04458005451 14.6587296838335))" }, "geometry": { "type": "Polygon", "coordinates": [ [ [ 121.044580054510007, 14.658729683833499 ], [ 121.043189831141007, 14.6527933397354 ], [ 121.046554198072997, 14.652002664486 ], [ 121.046593407496999, 14.652246689974699 ], [ 121.046591993882998, 14.6524105089313 ], [ 121.046631788523996, 14.6526556640714 ], [ 121.046691624621999, 14.6529799000502 ], [ 121.046794075148995, 14.653185500129799 ], [ 121.046938306027997, 14.6534102980587 ], [ 121.047165814940996, 14.6536972171321 ], [ 121.047435672372004, 14.653923119017399 ], [ 121.047663736063996, 14.654108356936099 ], [ 121.048038597670995, 14.6542743580322 ], [ 121.048371962551002, 14.654357892941301 ], [ 121.048768855714002, 14.654442543843899 ], [ 121.049187181400001, 14.654385966572599 ], [ 121.049522538730997, 14.654327146661 ], [ 121.049962601478995, 14.654167753048 ], [ 121.050446440312996, 14.653865996360601 ], [ 121.050909380638004, 14.653524700805701 ], [ 121.051246703122004, 14.653181172464199 ], [ 121.051592081639996, 14.652793544117401 ], [ 121.052801215372, 14.6535615619332 ], [ 121.052495540208994, 14.6540124148245 ], [ 121.052512995121006, 14.654214642165799 ], [ 121.052405135778002, 14.6544779060871 ], [ 121.052134086589007, 14.6544972817785 ], [ 121.051765663663005, 14.6545655216527 ], [ 121.051404615801005, 14.654691143285399 ], [ 121.051200403402007, 14.6549289580745 ], [ 121.051031036151002, 14.655184326394901 ], [ 121.050443141130998, 14.655919943753499 ], [ 121.049458018812004, 14.656401443115699 ], [ 121.049290644660999, 14.656491861330201 ], [ 121.049078897073997, 14.65667832039 ], [ 121.048777552084005, 14.657033135802401 ], [ 121.048911078078007, 14.657359615176 ], [ 121.049303442451006, 14.6580077297322 ], [ 121.049296087987997, 14.658083056207801 ], [ 121.049196631944994, 14.658212216026101 ], [ 121.049064003441998, 14.658251696081299 ], [ 121.048942401082002, 14.6581943287117 ], [ 121.048831865295, 14.658180008219601 ], [ 121.048787657798997, 14.658230234109 ], [ 121.048570278203002, 14.6582302796132 ], [ 121.048544496762005, 14.6583127862962 ], [ 121.047893210720005, 14.6580941862437 ], [ 121.047652833879994, 14.658259165921301 ], [ 121.047516538742997, 14.65838832353 ], [ 121.047328665766003, 14.6585748935933 ], [ 121.046941806186993, 14.6586431295779 ], [ 121.046849717689994, 14.6587184730639 ], [ 121.046798153531995, 14.658840445816899 ], [ 121.046466683835007, 14.6594969434991 ], [ 121.046356167921999, 14.6595794668506 ], [ 121.046127749462997, 14.659672778142999 ], [ 121.045969312259999, 14.659676397710999 ], [ 121.046020920220997, 14.659805517208699 ], [ 121.046085870924003, 14.659898815401601 ], [ 121.046244590284005, 14.660044525925001 ], [ 121.046330218492002, 14.6602365720239 ], [ 121.046330849691998, 14.660456879619201 ], [ 121.046290072521003, 14.6606663676162 ], [ 121.046186964949001, 14.660928244738701 ], [ 121.046080146387993, 14.6611147886079 ], [ 121.045976764195998, 14.661219553525999 ], [ 121.045846794981003, 14.661245564202201 ], [ 121.045730140179998, 14.661233231867801 ], [ 121.045579054718004, 14.6611471720619 ], [ 121.045505349896999, 14.6610575088338 ], [ 121.045442702583998, 14.661014480868401 ], [ 121.045321110700002, 14.6610109164102 ], [ 121.045214275624005, 14.6610754975378 ], [ 121.044915911779, 14.661495247199101 ], [ 121.044849626195997, 14.661685370854601 ], [ 121.044875441036993, 14.6618037400243 ], [ 121.045008146192998, 14.6620799237319 ], [ 121.045188760081999, 14.6624170701784 ], [ 121.045310368535993, 14.6625425970338 ], [ 121.045461500738, 14.6628510525099 ], [ 121.045443118332003, 14.6630304114063 ], [ 121.045328929283997, 14.6631846716651 ], [ 121.045262610394005, 14.663213381073099 ], [ 121.045203680636007, 14.6633281784838 ], [ 121.045159525415997, 14.663597220008 ], [ 121.045119050964999, 14.663887780907499 ], [ 121.044912777370996, 14.664199893989 ], [ 121.044879705436003, 14.664644700388401 ], [ 121.044809708306005, 14.664712862389999 ], [ 121.044695495387003, 14.664755933621899 ], [ 121.044518636396006, 14.664766732131101 ], [ 121.044367580762994, 14.6648384976994 ], [ 121.044212863737002, 14.6650322261751 ], [ 121.044135501141994, 14.6650860546895 ], [ 121.043966011256998, 14.6650860868093 ], [ 121.043774421696995, 14.6651614478445 ], [ 121.043557031701994, 14.665143556769999 ], [ 121.043522663081006, 14.6651486065578 ], [ 121.043278833374004, 14.665184479755 ], [ 121.043081716014001, 14.665147224503 ], [ 121.044580054510007, 14.658729683833499 ] ] ] } },
{ "type": "Feature", "properties": { "barangay_name": "Veterans Village", "barangay_geom": "POLYGON((121.023860130653 14.6522136358484, 121.0246191365 14.6524108441974, 121.025149639659 14.6519659868908, 121.025543862971 14.6518762661861, 121.025923321826 14.6516000235995, 121.026619635039 14.6512519985293, 121.026962197126 14.6505811745027, 121.027824346422 14.6506133577095, 121.029049581951 14.6558647335221, 121.026142020374 14.6565148216922, 121.022990859939 14.6572122311314, 121.021949943204 14.6574337693169, 121.021512159815 14.6575377503267, 121.021146616868 14.6575863645527, 121.020668508572 14.6576383775868, 121.020156743647 14.6576598883975, 121.019774614983 14.6576591891048, 121.019655973266 14.6572950111187, 121.019472404639 14.6567552791428, 121.019280766208 14.6562853863837, 121.018823794038 14.6550801703478, 121.018775867209 14.6548075528288, 121.018890082221 14.6547896116495, 121.019451461442 14.6546608151963, 121.019479760672 14.6544815929311, 121.019881858885 14.6538280918161, 121.01988184869 14.6537150411024, 121.020085762698 14.6537150235841, 121.020354819522 14.6538142675443, 121.02042843066 14.6535302604858, 121.020654980675 14.6533620472596, 121.020721115996 14.6532541876663, 121.021141102212 14.6528416340502, 121.021362159697 14.652816505532, 121.023860130653 14.6522136358484))" }, "geometry": { "type": "Polygon", "coordinates": [ [ [ 121.023860130653006, 14.652213635848399 ], [ 121.024619136499993, 14.6524108441974 ], [ 121.025149639659006, 14.651965986890801 ], [ 121.025543862971006, 14.6518762661861 ], [ 121.025923321825999, 14.651600023599499 ], [ 121.026619635038998, 14.6512519985293 ], [ 121.026962197125997, 14.650581174502699 ], [ 121.027824346421994, 14.650613357709499 ], [ 121.029049581951, 14.655864733522099 ], [ 121.026142020373996, 14.6565148216922 ], [ 121.022990859939, 14.6572122311314 ], [ 121.021949943204007, 14.657433769316899 ], [ 121.021512159815003, 14.6575377503267 ], [ 121.021146616867995, 14.657586364552699 ], [ 121.020668508572001, 14.6576383775868 ], [ 121.020156743646993, 14.6576598883975 ], [ 121.019774614983007, 14.6576591891048 ], [ 121.019655973265998, 14.6572950111187 ], [ 121.019472404639004, 14.6567552791428 ], [ 121.019280766207999, 14.656285386383701 ], [ 121.018823794037999, 14.6550801703478 ], [ 121.018775867209001, 14.6548075528288 ], [ 121.018890082221006, 14.6547896116495 ], [ 121.019451461442003, 14.6546608151963 ], [ 121.019479760671999, 14.6544815929311 ], [ 121.019881858885, 14.6538280918161 ], [ 121.019881848690005, 14.6537150411024 ], [ 121.020085762698002, 14.6537150235841 ], [ 121.020354819521998, 14.6538142675443 ], [ 121.020428430660004, 14.6535302604858 ], [ 121.020654980675005, 14.6533620472596 ], [ 121.020721115995997, 14.653254187666301 ], [ 121.021141102211999, 14.652841634050199 ], [ 121.021362159697006, 14.652816505532 ], [ 121.023860130653006, 14.652213635848399 ] ] ] } },
{ "type": "Feature", "properties": { "barangay_name": "Villa Maria Clara", "barangay_geom": "POLYGON((121.068344262367 14.6177859849279, 121.067938749454 14.6168570480055, 121.067507458392 14.6159101857749, 121.067488993641 14.615748767138, 121.067452114042 14.6156196476608, 121.067437331585 14.6154797571742, 121.067396774211 14.6153434533023, 121.067374614278 14.6151784565504, 121.067305763565 14.6149440139593, 121.06725438969 14.6148276607006, 121.067388967591 14.6147937282293, 121.067579807518 14.6147735356701, 121.067730840633 14.6147950120348, 121.068522923128 14.6149992449759, 121.069362874433 14.6151747643886, 121.069650240965 14.6152535920972, 121.06971667009 14.6156302161491, 121.069749913369 14.615938692306, 121.069952697985 14.6164695229954, 121.070106022642 14.6168050779048, 121.070546201883 14.617757102419, 121.068698147847 14.6185535123375, 121.068344262367 14.6177859849279))" }, "geometry": { "type": "Polygon", "coordinates": [ [ [ 121.068344262367006, 14.617785984927901 ], [ 121.067938749454001, 14.6168570480055 ], [ 121.067507458392001, 14.615910185774901 ], [ 121.067488993641007, 14.615748767137999 ], [ 121.067452114041998, 14.6156196476608 ], [ 121.067437331584998, 14.615479757174199 ], [ 121.067396774211005, 14.6153434533023 ], [ 121.067374614277995, 14.615178456550399 ], [ 121.067305763565003, 14.614944013959301 ], [ 121.067254389690007, 14.6148276607006 ], [ 121.067388967591, 14.6147937282293 ], [ 121.067579807518001, 14.6147735356701 ], [ 121.067730840633004, 14.614795012034801 ], [ 121.068522923128, 14.6149992449759 ], [ 121.069362874432997, 14.6151747643886 ], [ 121.069650240965004, 14.615253592097201 ], [ 121.069716670090003, 14.6156302161491 ], [ 121.069749913368994, 14.615938692306001 ], [ 121.069952697985002, 14.6164695229954 ], [ 121.070106022641994, 14.6168050779048 ], [ 121.070546201883005, 14.617757102419001 ], [ 121.068698147847002, 14.618553512337501 ], [ 121.068344262367006, 14.617785984927901 ] ] ] } },
{ "type": "Feature", "properties": { "barangay_name": "West Kamias", "barangay_geom": "POLYGON((121.046970479411 14.6285774265412, 121.047355675298 14.6285718894358, 121.047622539863 14.6285342538295, 121.047843569889 14.6284660508001, 121.048175112877 14.6284193539418, 121.04851478501 14.6283626404941, 121.048668763264 14.6283618582012, 121.048871402713 14.6284550728563, 121.049059336461 14.6286630857478, 121.049221468789 14.6288459955676, 121.049384291542 14.6290019167929, 121.049524430401 14.6291272933074, 121.049621352486 14.6293057788932, 121.049760077701 14.6295825469014, 121.049815216094 14.6297056818016, 121.049927498709 14.6297903917205, 121.050167110375 14.6298332721143, 121.050463005784 14.6298908272947, 121.050631856562 14.629974394825, 121.050997665974 14.6300601787695, 121.051203736609 14.6300077838001, 121.051454237525 14.6299323944719, 121.051605925864 14.6298996151997, 121.051790120164 14.6298600318115, 121.05188932602 14.6298328948702, 121.052037030472 14.6298724315496, 121.052294960831 14.6300875935094, 121.052492498979 14.6302632082084, 121.052792386641 14.6304354282821, 121.052169549242 14.6325077585971, 121.045957815418 14.6306940071899, 121.046970479411 14.6285774265412))" }, "geometry": { "type": "Polygon", "coordinates": [ [ [ 121.046970479411002, 14.628577426541201 ], [ 121.047355675297993, 14.628571889435801 ], [ 121.047622539862999, 14.6285342538295 ], [ 121.047843569888997, 14.6284660508001 ], [ 121.048175112877004, 14.628419353941799 ], [ 121.048514785009999, 14.6283626404941 ], [ 121.048668763264004, 14.628361858201201 ], [ 121.048871402713004, 14.628455072856299 ], [ 121.049059336460999, 14.628663085747799 ], [ 121.049221468789, 14.6288459955676 ], [ 121.049384291541998, 14.6290019167929 ], [ 121.049524430400993, 14.6291272933074 ], [ 121.049621352486, 14.629305778893199 ], [ 121.049760077700995, 14.6295825469014 ], [ 121.049815216094004, 14.6297056818016 ], [ 121.049927498708996, 14.629790391720499 ], [ 121.050167110375, 14.629833272114301 ], [ 121.050463005783996, 14.6298908272947 ], [ 121.050631856562006, 14.629974394825 ], [ 121.050997665973995, 14.630060178769501 ], [ 121.051203736608997, 14.630007783800099 ], [ 121.051454237524993, 14.629932394471901 ], [ 121.051605925863996, 14.629899615199699 ], [ 121.051790120164, 14.6298600318115 ], [ 121.051889326020003, 14.6298328948702 ], [ 121.052037030471993, 14.6298724315496 ], [ 121.052294960831006, 14.630087593509399 ], [ 121.052492498979007, 14.630263208208399 ], [ 121.052792386641002, 14.6304354282821 ], [ 121.052169549241995, 14.6325077585971 ], [ 121.045957815418006, 14.6306940071899 ], [ 121.046970479411002, 14.628577426541201 ] ] ] } },
{ "type": "Feature", "properties": { "barangay_name": "West Triangle", "barangay_geom": "POLYGON((121.027199632084 14.642761744155, 121.026071665583 14.6377973614412, 121.025955950792 14.6369015809048, 121.037556564562 14.6442302440799, 121.035197170492 14.6477939537936, 121.035073861421 14.6476866428811, 121.034785494159 14.6476335862932, 121.034467548379 14.6476867334787, 121.033872490906 14.6473512748401, 121.032926459776 14.6473163872995, 121.032688743341 14.6465120141478, 121.032560202715 14.6463572516653, 121.032208845298 14.6460759841653, 121.031867660649 14.6459054336396, 121.031625395826 14.6456490055463, 121.031392412592 14.6454422864735, 121.031262151143 14.645383555198, 121.031134502817 14.6453564574742, 121.030992631813 14.6453237126506, 121.030900671782 14.645321465309, 121.03080638842 14.6453011416815, 121.030714133381 14.6453135815078, 121.030587369691 14.6453723470129, 121.030413321165 14.6454604930376, 121.030272632292 14.6455181304053, 121.030164133311 14.6455441295436, 121.029983425865 14.6456819866398, 121.029863917493 14.645781423067, 121.029652141067 14.6457995267027, 121.029460382853 14.6457746957908, 121.029314461651 14.6457916609887, 121.02920276002 14.6456798263378, 121.029169390048 14.6456346391308, 121.029041159726 14.6455578298007, 121.028530891155 14.6457284904206, 121.028104447528 14.6458098868145, 121.027872365022 14.6458008764472, 121.027199632084 14.642761744155))" }, "geometry": { "type": "Polygon", "coordinates": [ [ [ 121.027199632084006, 14.642761744155001 ], [ 121.026071665583004, 14.6377973614412 ], [ 121.025955950791996, 14.6369015809048 ], [ 121.037556564561996, 14.6442302440799 ], [ 121.035197170491998, 14.647793953793601 ], [ 121.035073861420997, 14.6476866428811 ], [ 121.034785494158996, 14.6476335862932 ], [ 121.034467548378998, 14.6476867334787 ], [ 121.033872490906006, 14.6473512748401 ], [ 121.032926459775993, 14.647316387299499 ], [ 121.032688743340998, 14.646512014147801 ], [ 121.032560202715004, 14.6463572516653 ], [ 121.032208845298001, 14.6460759841653 ], [ 121.031867660648999, 14.6459054336396 ], [ 121.031625395825998, 14.6456490055463 ], [ 121.031392412591998, 14.6454422864735 ], [ 121.031262151142997, 14.645383555198 ], [ 121.031134502816997, 14.6453564574742 ], [ 121.030992631813007, 14.645323712650599 ], [ 121.030900671782007, 14.645321465308999 ], [ 121.030806388420004, 14.6453011416815 ], [ 121.030714133380997, 14.6453135815078 ], [ 121.030587369691006, 14.6453723470129 ], [ 121.030413321165, 14.6454604930376 ], [ 121.030272632291997, 14.6455181304053 ], [ 121.030164133311004, 14.6455441295436 ], [ 121.029983425864998, 14.645681986639801 ], [ 121.029863917493003, 14.645781423067 ], [ 121.029652141067004, 14.645799526702699 ], [ 121.029460382853003, 14.6457746957908 ], [ 121.029314461650998, 14.645791660988699 ], [ 121.029202760019999, 14.645679826337799 ], [ 121.029169390047997, 14.645634639130799 ], [ 121.029041159726006, 14.645557829800699 ], [ 121.028530891155, 14.6457284904206 ], [ 121.028104447527994, 14.645809886814501 ], [ 121.027872365022006, 14.645800876447201 ], [ 121.027199632084006, 14.642761744155001 ] ] ] } },
{ "type": "Feature", "properties": { "barangay_name": "White Plains", "barangay_geom": "POLYGON((121.069950036961 14.6050926174518, 121.068756906504 14.6017838222525, 121.069167363783 14.6019215351442, 121.07028636647 14.6019776902139, 121.074255960923 14.6021199439576, 121.074429719734 14.6021243173721, 121.074489887283 14.6021404405889, 121.074755166677 14.60232688832, 121.075021212975 14.6024744527064, 121.075267187982 14.6023339001483, 121.075300356348 14.6024056264815, 121.075333086312 14.6026890119943, 121.075453177621 14.6027126987463, 121.075436170347 14.6028652618041, 121.0754268617 14.6029488329854, 121.075330005418 14.6030177813517, 121.075304513344 14.6031115619978, 121.075328613665 14.603182730873, 121.07532806206 14.6032527779166, 121.075439479226 14.6042401767217, 121.075595162326 14.6057201485855, 121.075715255696 14.6057449649763, 121.075807459299 14.6058819647491, 121.074989719185 14.6059467986619, 121.075033593309 14.6064671196582, 121.075266535614 14.6075644843278, 121.07560958935 14.6089346431373, 121.075631773705 14.6091821407711, 121.075580357752 14.6096305384824, 121.075591514572 14.6099569621141, 121.075772272209 14.6107030151013, 121.072294611503 14.6106656429401, 121.072088315951 14.6106405983956, 121.071970424627 14.6106011735853, 121.071705193435 14.6105869114954, 121.070629569643 14.6106553975238, 121.069950036961 14.6050926174518))" }, "geometry": { "type": "Polygon", "coordinates": [ [ [ 121.069950036961004, 14.605092617451801 ], [ 121.068756906504007, 14.6017838222525 ], [ 121.069167363782995, 14.6019215351442 ], [ 121.07028636647, 14.6019776902139 ], [ 121.074255960922997, 14.6021199439576 ], [ 121.074429719733999, 14.6021243173721 ], [ 121.074489887282994, 14.602140440588901 ], [ 121.074755166676994, 14.60232688832 ], [ 121.075021212975003, 14.602474452706399 ], [ 121.075267187982007, 14.602333900148301 ], [ 121.075300356347995, 14.602405626481501 ], [ 121.075333086312, 14.6026890119943 ], [ 121.075453177621, 14.6027126987463 ], [ 121.075436170347004, 14.6028652618041 ], [ 121.075426861699995, 14.602948832985399 ], [ 121.075330005417996, 14.603017781351699 ], [ 121.075304513343994, 14.6031115619978 ], [ 121.075328613664993, 14.603182730873 ], [ 121.075328062059995, 14.6032527779166 ], [ 121.075439479226006, 14.604240176721699 ], [ 121.075595162325996, 14.605720148585499 ], [ 121.075715255695997, 14.605744964976299 ], [ 121.075807459299, 14.6058819647491 ], [ 121.074989719184998, 14.6059467986619 ], [ 121.075033593309001, 14.6064671196582 ], [ 121.075266535614006, 14.607564484327799 ], [ 121.075609589349995, 14.6089346431373 ], [ 121.075631773704998, 14.6091821407711 ], [ 121.075580357752003, 14.609630538482399 ], [ 121.075591514571997, 14.609956962114101 ], [ 121.075772272208994, 14.610703015101301 ], [ 121.072294611502997, 14.6106656429401 ], [ 121.072088315951007, 14.6106405983956 ], [ 121.071970424626997, 14.6106011735853 ], [ 121.071705193434994, 14.6105869114954 ], [ 121.070629569643003, 14.6106553975238 ], [ 121.069950036961004, 14.605092617451801 ] ] ] } }
]
}
